{
"type": "FeatureCollection",
"name": "assam",
"crs": { "type": "name", "properties": { "name": "urn:ogc:def:crs:OGC:1.3:CRS84" } },
"features": [
{ "type": "Feature", "properties": { "pincode": "781001", "state": "Assam", "district": "Kamrup Metropolitan", "officename": "Guwahati G.P.O.", "officetype": "H.O" }, "geometry": { "type": "Polygon", "coordinates": [ [ [ 91.758202314585333, 26.185074756794677 ], [ 91.734569651967945, 26.179425907279779 ], [ 91.753153856065694, 26.198032940667815 ], [ 91.758202314585333, 26.185074756794677 ] ] ] } },
{ "type": "Feature", "properties": { "pincode": "781002", "state": "Assam", "district": "Kamrup Metropolitan", "officename": "Guwahati G.P.O.", "officetype": "H.O" }, "geometry": { "type": "Polygon", "coordinates": [ [ [ 91.739863082215663, 26.176017940775409 ], [ 91.739282576130165, 26.181220908218393 ], [ 91.743056094563144, 26.178579961795776 ], [ 91.739863082215663, 26.176017940775409 ] ] ] } },
{ "type": "Feature", "properties": { "pincode": "781007", "state": "Assam", "district": "Kamrup Metropolitan", "officename": "Ulubari", "officetype": "S.O" }, "geometry": { "type": "Polygon", "coordinates": [ [ [ 91.752367316198843, 26.167905936310092 ], [ 91.755991270181084, 26.18237872419877 ], [ 91.775420401730173, 26.183065120059439 ], [ 91.779698726714969, 26.16595488321127 ], [ 91.752367316198843, 26.167905936310092 ] ] ] } },
{ "type": "Feature", "properties": { "pincode": "781008", "state": "Assam", "district": "Kamrup Metropolitan", "officename": "Rehabari", "officetype": "S.O" }, "geometry": { "type": "Polygon", "coordinates": [ [ [ 91.740052887730769, 26.17609203951622 ], [ 91.755991270181084, 26.18237872419877 ], [ 91.757469187253321, 26.174533944286338 ], [ 91.743168251713541, 26.168648709770252 ], [ 91.740052887730769, 26.17609203951622 ] ] ] } },
{ "type": "Feature", "properties": { "pincode": "781010", "state": "Assam", "district": "Kamrup Metropolitan", "officename": "Kamakhya", "officetype": "S.O" }, "geometry": { "type": "Polygon", "coordinates": [ [ [ 91.686291473372933, 26.172727129853342 ], [ 91.717575754117775, 26.172087791018839 ], [ 91.720074874755824, 26.167022243581869 ], [ 91.696282899936023, 26.159047741859979 ], [ 91.686291473372933, 26.172727129853342 ] ] ] } },
{ "type": "Feature", "properties": { "pincode": "781012", "state": "Assam", "district": "Kamrup Metropolitan", "officename": "Pandu", "officetype": "S.O" }, "geometry": { "type": "Polygon", "coordinates": [ [ [ 91.67314974686343, 26.170453060959971 ], [ 91.686291473372933, 26.172727129853342 ], [ 91.696926082472942, 26.157038880340167 ], [ 91.677144577660272, 26.152085795823041 ], [ 91.67314974686343, 26.170453060959971 ] ] ] } },
{ "type": "Feature", "properties": { "pincode": "781003", "state": "Assam", "district": "Kamrup Metropolitan", "officename": "Chenikuthi", "officetype": "S.O" }, "geometry": { "type": "Polygon", "coordinates": [ [ [ 91.76070224731086, 26.182780421679183 ], [ 91.756543866706238, 26.192326750379323 ], [ 91.763463876456854, 26.186690871786539 ], [ 91.781259955182918, 26.190282163291272 ], [ 91.782382019514671, 26.182539367398135 ], [ 91.76070224731086, 26.182780421679183 ] ] ] } },
{ "type": "Feature", "properties": { "pincode": "781013", "state": "Assam", "district": "Kamrup Metropolitan", "officename": "Jalukbari", "officetype": "S.O" }, "geometry": { "type": "Polygon", "coordinates": [ [ [ 91.643674450615435, 26.119557191511205 ], [ 91.661704451998901, 26.124970993316822 ], [ 91.651921893880285, 26.13865165205209 ], [ 91.675813557649633, 26.155988618779929 ], [ 91.665725002506861, 26.135881607050578 ], [ 91.674003823118142, 26.115582520816758 ], [ 91.653483503660823, 26.11250026897244 ], [ 91.643674450615435, 26.119557191511205 ] ] ] } },
{ "type": "Feature", "properties": { "pincode": "781004", "state": "Assam", "district": "Kamrup Metropolitan", "officename": "Kharguli", "officetype": "S.O" }, "geometry": { "type": "Polygon", "coordinates": [ [ [ 91.755135033754925, 26.195083226409906 ], [ 91.76036952423425, 26.200873554570819 ], [ 91.78535071126629, 26.196998315619794 ], [ 91.766353557370792, 26.186850756857098 ], [ 91.755135033754925, 26.195083226409906 ] ] ] } },
{ "type": "Feature", "properties": { "pincode": "781005", "state": "Assam", "district": "Kamrup Metropolitan", "officename": "Dispur", "officetype": "S.O" }, "geometry": { "type": "Polygon", "coordinates": [ [ [ 91.768255669363668, 26.165267143763685 ], [ 91.805763220896097, 26.168944861016712 ], [ 91.795569756239331, 26.141472428709676 ], [ 91.768255669363668, 26.165267143763685 ] ] ] } },
{ "type": "Feature", "properties": { "pincode": "781006", "state": "Assam", "district": "Kamrup Metropolitan", "officename": "Assam Sachivalaya", "officetype": "S.O" }, "geometry": { "type": "Polygon", "coordinates": [ [ [ 91.788359983126782, 26.139484374804226 ], [ 91.788095176851016, 26.147351367971339 ], [ 91.795569756239331, 26.141472428709676 ], [ 91.788359983126782, 26.139484374804226 ] ] ] } },
{ "type": "Feature", "properties": { "pincode": "781009", "state": "Assam", "district": "Kamrup Metropolitan", "officename": "Bharalumukh", "officetype": "S.O" }, "geometry": { "type": "Polygon", "coordinates": [ [ [ 91.722848025116377, 26.154164385378124 ], [ 91.717511216969342, 26.115847380152502 ], [ 91.692787188378134, 26.122351194452222 ], [ 91.699578075268107, 26.147640292265748 ], [ 91.720074874755824, 26.167022243581869 ], [ 91.717575754117775, 26.172087791018839 ], [ 91.734569651967945, 26.179425907279779 ], [ 91.742910335143847, 26.169455547335701 ], [ 91.722848025116377, 26.154164385378124 ] ] ] } },
{ "type": "Feature", "properties": { "pincode": "781011", "state": "Assam", "district": "Kamrup Metropolitan", "officename": "Mlg Rly Hqs", "officetype": "S.O" }, "geometry": { "type": "Polygon", "coordinates": [ [ [ 91.711111061226688, 26.16053806687853 ], [ 91.697082738977429, 26.14380661188568 ], [ 91.696613845952413, 26.119347345503627 ], [ 91.673543087843314, 26.124092715406675 ], [ 91.66580514738979, 26.136610698225184 ], [ 91.678479380219414, 26.154584984809276 ], [ 91.711111061226688, 26.16053806687853 ] ] ] } },
{ "type": "Feature", "properties": { "pincode": "781014", "state": "Assam", "district": "Kamrup Metropolitan", "officename": "Guwahati University", "officetype": "H.O" }, "geometry": { "type": "Polygon", "coordinates": [ [ [ 91.669967855532263, 26.150504335306891 ], [ 91.645032320784992, 26.154216030745374 ], [ 91.633129628030019, 26.137212754764732 ], [ 91.600224943426497, 26.138071538071074 ], [ 91.650234189256594, 26.166636487484027 ], [ 91.672654243798547, 26.170433013273055 ], [ 91.669967855532263, 26.150504335306891 ] ] ] } },
{ "type": "Feature", "properties": { "pincode": "781015", "state": "Assam", "district": "Kamrup", "officename": "Guwahati Airport", "officetype": "S.O" }, "geometry": { "type": "Polygon", "coordinates": [ [ [ 91.532977311853529, 26.091054608283571 ], [ 91.566568416599296, 26.098231609201378 ], [ 91.577080057798526, 26.081701022284506 ], [ 91.590985544347575, 26.082128202954323 ], [ 91.571844742640792, 26.051883224631297 ], [ 91.58119696526785, 26.051693197882969 ], [ 91.592750552895779, 26.063375308523803 ], [ 91.596904480957221, 26.05234490869077 ], [ 91.604860983647541, 26.054013473942803 ], [ 91.603876308744702, 26.080770631359655 ], [ 91.621638916502832, 26.078758536777173 ], [ 91.624483547677528, 26.092896059205771 ], [ 91.667732024913107, 26.108223683276378 ], [ 91.724488314784026, 26.086468580260828 ], [ 91.768061411305325, 26.104569875399534 ], [ 91.785898962267481, 26.096539478114607 ], [ 91.762000999646602, 26.070115999753682 ], [ 91.733825999870135, 26.058063999753927 ], [ 91.725715999993497, 26.029180999703442 ], [ 91.72261800012069, 25.952917000019625 ], [ 91.671745000431542, 25.904284000206587 ], [ 91.653938000338599, 25.906577999875026 ], [ 91.61367799993991, 25.938879000165912 ], [ 91.632637000097418, 25.943572999894172 ], [ 91.640495000044325, 25.963781000093093 ], [ 91.627303999680009, 25.984830999551093 ], [ 91.63478900041207, 26.021349000056375 ], [ 91.622925000088799, 26.02598399976182 ], [ 91.599724000362414, 26.016027000146096 ], [ 91.590819999843291, 26.029137000372316 ], [ 91.574082000484111, 26.027779364026571 ], [ 91.568322988515149, 26.037474541317238 ], [ 91.531468554330502, 26.03957008399243 ], [ 91.539197185002138, 26.065378319054219 ], [ 91.529388756985668, 26.065985594359802 ], [ 91.529953054589896, 26.082583743744863 ], [ 91.532977311853529, 26.091054608283571 ] ] ] } },
{ "type": "Feature", "properties": { "pincode": "781017", "state": "Assam", "district": "Kamrup Metropolitan", "officename": "Azara", "officetype": "S.O" }, "geometry": { "type": "Polygon", "coordinates": [ [ [ 91.593442701719368, 26.106288618325266 ], [ 91.602324661653881, 26.122849926083347 ], [ 91.591097739269401, 26.13851717642666 ], [ 91.632760150560614, 26.137148554862108 ], [ 91.618670175288401, 26.134793974162619 ], [ 91.619928299851324, 26.126153156642999 ], [ 91.65976909656672, 26.112426435531574 ], [ 91.658772859979592, 26.104092912757835 ], [ 91.624483547677528, 26.092896059205771 ], [ 91.621638916502832, 26.078758536777173 ], [ 91.609769856593687, 26.083074106284926 ], [ 91.612414006401423, 26.09184311856518 ], [ 91.612240174644455, 26.100176450682682 ], [ 91.593442701719368, 26.106288618325266 ] ] ] } },
{ "type": "Feature", "properties": { "pincode": "781016", "state": "Assam", "district": "Kamrup Metropolitan", "officename": "Gopinathnagar", "officetype": "S.O" }, "geometry": { "type": "Polygon", "coordinates": [ [ [ 91.738186561560724, 26.167786049486779 ], [ 91.766029245653215, 26.158780243913327 ], [ 91.763044402976902, 26.150309016048368 ], [ 91.737285688184102, 26.160357992927231 ], [ 91.738186561560724, 26.167786049486779 ] ] ] } },
{ "type": "Feature", "properties": { "pincode": "781358", "state": "Assam", "district": "Nalbari", "officename": "Sanekuchi", "officetype": "S.O" }, "geometry": { "type": "Polygon", "coordinates": [ [ [ 91.505952411874489, 26.358177103290757 ], [ 91.506835020020162, 26.371652034014176 ], [ 91.521194699276009, 26.350922319109941 ], [ 91.515881021691996, 26.345683627897188 ], [ 91.505952411874489, 26.358177103290757 ] ] ] } },
{ "type": "Feature", "properties": { "pincode": "781018", "state": "Assam", "district": "Kamrup Metropolitan", "officename": "Binovanagar", "officetype": "S.O" }, "geometry": { "type": "Polygon", "coordinates": [ [ [ 91.763044402976902, 26.150309016048368 ], [ 91.734309412449647, 26.143041989396465 ], [ 91.73850513200631, 26.159712297684564 ], [ 91.763044402976902, 26.150309016048368 ] ] ] } },
{ "type": "Feature", "properties": { "pincode": "781023", "state": "Assam", "district": "Kamrup Metropolitan", "officename": "Amerigog", "officetype": "S.O" }, "geometry": { "type": "Polygon", "coordinates": [ [ [ 91.83997817455321, 26.111556047373767 ], [ 91.858322696735229, 26.123204469410837 ], [ 91.880905337911145, 26.110139772532534 ], [ 91.878249999637774, 26.096438999560235 ], [ 91.83997817455321, 26.111556047373767 ] ] ] } },
{ "type": "Feature", "properties": { "pincode": "781019", "state": "Assam", "district": "Kamrup Metropolitan", "officename": "Kahilipara", "officetype": "S.O" }, "geometry": { "type": "Polygon", "coordinates": [ [ [ 91.760079987501513, 26.12982956808014 ], [ 91.764996744803966, 26.144349207050425 ], [ 91.786546529898487, 26.144975815081978 ], [ 91.787016752121588, 26.123096544470002 ], [ 91.760079987501513, 26.12982956808014 ] ] ] } },
{ "type": "Feature", "properties": { "pincode": "781020", "state": "Assam", "district": "Kamrup Metropolitan", "officename": "Noonmati", "officetype": "S.O" }, "geometry": { "type": "Polygon", "coordinates": [ [ [ 91.815198492316767, 26.180087257021341 ], [ 91.803053695771609, 26.180875279870236 ], [ 91.799771331282102, 26.190872369464273 ], [ 91.779355095761218, 26.190574960965705 ], [ 91.781730157620757, 26.200907805251177 ], [ 91.810503296489969, 26.207602265931882 ], [ 91.807380427664725, 26.199076876396759 ], [ 91.820033101946194, 26.196851780085638 ], [ 91.815198492316767, 26.180087257021341 ] ] ] } },
{ "type": "Feature", "properties": { "pincode": "781021", "state": "Assam", "district": "Kamrup Metropolitan", "officename": "Bamunimaidan", "officetype": "S.O" }, "geometry": { "type": "Polygon", "coordinates": [ [ [ 91.817275695117303, 26.169845085982047 ], [ 91.780966712344025, 26.172529688194572 ], [ 91.775420401730173, 26.183065120059439 ], [ 91.782382019514671, 26.182539367398135 ], [ 91.781259955182918, 26.190282163291272 ], [ 91.799771331282102, 26.190872369464273 ], [ 91.803053695771609, 26.180875279870236 ], [ 91.819155856457712, 26.179491303281111 ], [ 91.817275695117303, 26.169845085982047 ] ] ] } },
{ "type": "Feature", "properties": { "pincode": "783370", "state": "Assam", "district": "Kokrajhar", "officename": "Kokrajhar", "officetype": "H.O" }, "geometry": { "type": "Polygon", "coordinates": [ [ [ 90.23634116561243, 26.473240883160429 ], [ 90.222260515410539, 26.508247457853827 ], [ 90.233566786777885, 26.526139933111551 ], [ 90.226933733604994, 26.532787508536785 ], [ 90.232526579638034, 26.541080349578522 ], [ 90.228409615511453, 26.556233028531551 ], [ 90.24474145675299, 26.556086884202386 ], [ 90.244206701877943, 26.606549328988535 ], [ 90.254458313100827, 26.629316342874972 ], [ 90.228193539000813, 26.636690358273597 ], [ 90.247584870245589, 26.695977934833934 ], [ 90.242324358782128, 26.733675035574493 ], [ 90.233866774532146, 26.745134326587959 ], [ 90.234288191447035, 26.814499143920443 ], [ 90.20164464928132, 26.839482344534701 ], [ 90.232429504118329, 26.860916137769721 ], [ 90.300086974734199, 26.854219436877599 ], [ 90.330142630478122, 26.875350582163776 ], [ 90.343554855971945, 26.864277436654447 ], [ 90.348602944870095, 26.815664515105425 ], [ 90.361871152931428, 26.796620229539997 ], [ 90.359234811037823, 26.783016200237512 ], [ 90.390087376731174, 26.715133745326057 ], [ 90.360647210700279, 26.650200170101755 ], [ 90.371175445290589, 26.638582809748982 ], [ 90.363415455259201, 26.611046747709338 ], [ 90.371043034508489, 26.603987224331036 ], [ 90.363632021900287, 26.598628808172975 ], [ 90.371875192486243, 26.582675914262211 ], [ 90.358089303178929, 26.573283004507118 ], [ 90.358363794253819, 26.558392899712658 ], [ 90.369708829099238, 26.544337278542571 ], [ 90.396938344629064, 26.54206451096843 ], [ 90.38846527495258, 26.535404020379303 ], [ 90.410846691022073, 26.524114284846405 ], [ 90.401005801976339, 26.521130483585068 ], [ 90.403326138290709, 26.500190108786626 ], [ 90.378399264014945, 26.473065072894883 ], [ 90.362272122860134, 26.461954620809081 ], [ 90.34377280666979, 26.461148705048799 ], [ 90.34298222435018, 26.445800961345526 ], [ 90.353979093860289, 26.440857934845894 ], [ 90.345019635747633, 26.427980993927918 ], [ 90.35730192064733, 26.426669526977207 ], [ 90.336737159392385, 26.410694711192036 ], [ 90.315081561864531, 26.408674978667477 ], [ 90.312770272729892, 26.399688988755884 ], [ 90.327108651543199, 26.393487117336576 ], [ 90.322059869267605, 26.387398327570907 ], [ 90.329587058995628, 26.365697727967927 ], [ 90.292505969574904, 26.331638936187971 ], [ 90.270471505655507, 26.342824411517427 ], [ 90.263703706161152, 26.333500496850604 ], [ 90.250548325245177, 26.35162217062674 ], [ 90.234943663219724, 26.352274028023942 ], [ 90.246153182823264, 26.370445532335566 ], [ 90.240438906730219, 26.389629766800397 ], [ 90.220166733608039, 26.380425429589934 ], [ 90.210708124780297, 26.382231149548033 ], [ 90.211579336717193, 26.390851297949155 ], [ 90.182727133050832, 26.386537786089946 ], [ 90.188308462365796, 26.394882483839638 ], [ 90.183953362257853, 26.429748831743439 ], [ 90.204380009230135, 26.461894795208764 ], [ 90.269227689306547, 26.45688719468842 ], [ 90.267089250768493, 26.442822995784752 ], [ 90.294076523113176, 26.439304936973372 ], [ 90.296410676611572, 26.461653099710873 ], [ 90.278949958673763, 26.465163285857045 ], [ 90.272989905060058, 26.47796552998534 ], [ 90.247758308998868, 26.47720523323494 ], [ 90.246712729309195, 26.467647224140194 ], [ 90.23634116561243, 26.473240883160429 ] ] ] } },
{ "type": "Feature", "properties": { "pincode": "786012", "state": "Assam", "district": "Dibrugarh", "officename": "Mohanbari Air Field", "officetype": "S.O" }, "geometry": { "type": "Polygon", "coordinates": [ [ [ 94.854506494079601, 27.544966483616349 ], [ 94.885337408594694, 27.576830585163407 ], [ 94.921175694302974, 27.588900460088325 ], [ 94.935237906604243, 27.605102498581573 ], [ 94.949294999964366, 27.608602999928678 ], [ 94.949672530862642, 27.629024038728517 ], [ 94.982892408058376, 27.645991658388425 ], [ 94.967323233280695, 27.63091533367583 ], [ 94.976048152700173, 27.568890738816606 ], [ 94.991928045043267, 27.568738016846225 ], [ 95.022097039646781, 27.584808044755505 ], [ 95.05604265444498, 27.55883948035779 ], [ 95.073699835579077, 27.51717436570442 ], [ 95.083223064293122, 27.514508231070124 ], [ 95.078928156709082, 27.504443903663287 ], [ 95.09074794815939, 27.50858004403392 ], [ 95.098170213984247, 27.501774037741711 ], [ 95.084824234351004, 27.493651795394214 ], [ 95.092109515441791, 27.480650686879812 ], [ 95.08076490957302, 27.46019624006459 ], [ 95.071938681525012, 27.45862463072217 ], [ 95.073483920946217, 27.449718766807734 ], [ 95.046407541974588, 27.449058596976784 ], [ 95.037675485535431, 27.455920678696486 ], [ 95.025512968748671, 27.444645935761514 ], [ 95.017707988333086, 27.471314639459138 ], [ 95.012190645781743, 27.476805154334443 ], [ 94.999444940231911, 27.466496701461779 ], [ 95.009225782443934, 27.478292765199001 ], [ 94.999814670410842, 27.4786189609963 ], [ 94.998225247297512, 27.489704671833238 ], [ 94.981359826594826, 27.491571642817064 ], [ 94.981235586153446, 27.509776411252403 ], [ 94.962540722276572, 27.526328077378935 ], [ 94.91165609974928, 27.549700262157444 ], [ 94.854506494079601, 27.544966483616349 ] ] ] } },
{ "type": "Feature", "properties": { "pincode": "781022", "state": "Assam", "district": "Kamrup Metropolitan", "officename": "Khanapara", "officetype": "S.O" }, "geometry": { "type": "Polygon", "coordinates": [ [ [ 91.83997817455321, 26.111556047373767 ], [ 91.821853999762368, 26.117519000401671 ], [ 91.809396316486868, 26.102821828964238 ], [ 91.805926261687773, 26.128676210938465 ], [ 91.852608019544562, 26.127310450117363 ], [ 91.851639056697195, 26.116909660252645 ], [ 91.83997817455321, 26.111556047373767 ] ] ] } },
{ "type": "Feature", "properties": { "pincode": "781024", "state": "Assam", "district": "Kamrup Metropolitan", "officename": "Zoo Road", "officetype": "S.O" }, "geometry": { "type": "Polygon", "coordinates": [ [ [ 91.777522755870734, 26.174717566962329 ], [ 91.805358733718833, 26.173548119150496 ], [ 91.817275695117303, 26.169845085982047 ], [ 91.780433646395807, 26.163697261119864 ], [ 91.777522755870734, 26.174717566962329 ] ] ] } },
{ "type": "Feature", "properties": { "pincode": "781025", "state": "Assam", "district": "Kamrup Metropolitan", "officename": "Ambari Fatasil", "officetype": "S.O" }, "geometry": { "type": "Polygon", "coordinates": [ [ [ 91.716353273285108, 26.118527852678369 ], [ 91.727442767569755, 26.144675904669384 ], [ 91.722848025116377, 26.154164385378124 ], [ 91.736938618222723, 26.167804607896528 ], [ 91.735067253151271, 26.144512157010581 ], [ 91.716353273285108, 26.118527852678369 ] ] ] } },
{ "type": "Feature", "properties": { "pincode": "781028", "state": "Assam", "district": "Kamrup Metropolitan", "officename": "Beltola", "officetype": "S.O" }, "geometry": { "type": "Polygon", "coordinates": [ [ [ 91.805785489908487, 26.127947385063749 ], [ 91.806007574789817, 26.114075054720104 ], [ 91.791420794234284, 26.111515413305767 ], [ 91.788302262839238, 26.124624949481984 ], [ 91.805785489908487, 26.127947385063749 ] ] ] } },
{ "type": "Feature", "properties": { "pincode": "784152", "state": "Assam", "district": "Sonitpur", "officename": "Khelmati", "officetype": "S.O" }, "geometry": { "type": "Polygon", "coordinates": [ [ [ 92.749862874072392, 26.800896372769387 ], [ 92.741453278546146, 26.801219759984008 ], [ 92.745367084923089, 26.814478456815436 ], [ 92.776120085773528, 26.811453650066028 ], [ 92.772737221145974, 26.836760969043723 ], [ 92.793186508550718, 26.828500846237148 ], [ 92.784953554263325, 26.791270524215406 ], [ 92.777503098289401, 26.79500848885084 ], [ 92.776956798817423, 26.787866025496726 ], [ 92.75457818683401, 26.783119970310565 ], [ 92.749862874072392, 26.800896372769387 ] ] ] } },
{ "type": "Feature", "properties": { "pincode": "781026", "state": "Assam", "district": "Kamrup Metropolitan", "officename": "Narangi", "officetype": "S.O" }, "geometry": { "type": "Polygon", "coordinates": [ [ [ 91.819030718492968, 26.178849280869713 ], [ 91.820033101946194, 26.196851780085638 ], [ 91.805944272410272, 26.200777756088598 ], [ 91.810503296489969, 26.207602265931882 ], [ 91.871822666382968, 26.222053642761523 ], [ 91.877876000377228, 26.215577999724985 ], [ 91.887998948292875, 26.219068346826816 ], [ 91.880375594957798, 26.193650216084734 ], [ 91.867652046005219, 26.184096703600176 ], [ 91.865057037852182, 26.163603031954437 ], [ 91.838856877343119, 26.166952877973131 ], [ 91.833179665908972, 26.180941721783199 ], [ 91.819030718492968, 26.178849280869713 ] ] ] } },
{ "type": "Feature", "properties": { "pincode": "788721", "state": "Assam", "district": "Karimganj", "officename": "Latu", "officetype": "S.O" }, "geometry": { "type": "Polygon", "coordinates": [ [ [ 92.254013384809923, 24.839229617452986 ], [ 92.263383896050129, 24.859150054931206 ], [ 92.278962721452615, 24.85883277051613 ], [ 92.263700003252552, 24.825588758214735 ], [ 92.262000966271614, 24.839001371316328 ], [ 92.254013384809923, 24.839229617452986 ] ] ] } },
{ "type": "Feature", "properties": { "pincode": "781033", "state": "Assam", "district": "Kamrup Metropolitan", "officename": "Dharapur", "officetype": "S.O" }, "geometry": { "type": "Polygon", "coordinates": [ [ [ 91.661704451998901, 26.124970993316822 ], [ 91.624706823261533, 26.122123525680195 ], [ 91.618670175288401, 26.134793974162619 ], [ 91.631865224400769, 26.136509713352837 ], [ 91.636897810785513, 26.139480913313548 ], [ 91.645032320784992, 26.154216030745374 ], [ 91.659193463907286, 26.14756533107527 ], [ 91.652281166742625, 26.131388208299143 ], [ 91.661704451998901, 26.124970993316822 ] ] ] } },
{ "type": "Feature", "properties": { "pincode": "781027", "state": "Assam", "district": "Kamrup Metropolitan", "officename": "Satgaon", "officetype": "S.O" }, "geometry": { "type": "Polygon", "coordinates": [ [ [ 91.837300255202592, 26.170153007555427 ], [ 91.859525823258252, 26.161024972424627 ], [ 91.878955817257236, 26.168263758565672 ], [ 91.94917468206603, 26.165557588811737 ], [ 91.94735899132462, 26.158397010413807 ], [ 91.919454557082247, 26.151022956344377 ], [ 91.937997484096684, 26.136830323460686 ], [ 91.893550625161311, 26.123948435372029 ], [ 91.882402162330038, 26.109705346024953 ], [ 91.855074520872563, 26.123667606774688 ], [ 91.856220649263662, 26.131848961560479 ], [ 91.83563224932891, 26.133986646466724 ], [ 91.831186129736238, 26.146584293030685 ], [ 91.811662524406131, 26.147748780182212 ], [ 91.837300255202592, 26.170153007555427 ] ] ] } },
{ "type": "Feature", "properties": { "pincode": "781029", "state": "Assam", "district": "Kamrup Metropolitan", "officename": "Basistha", "officetype": "S.O" }, "geometry": { "type": "Polygon", "coordinates": [ [ [ 91.78020828978083, 26.092110492405368 ], [ 91.785898962267481, 26.096539478114607 ], [ 91.768061411305325, 26.104569875399534 ], [ 91.725749155299411, 26.090430054303624 ], [ 91.742798267925764, 26.114182417584686 ], [ 91.806007574789817, 26.114075054720104 ], [ 91.809396316486868, 26.102821828964238 ], [ 91.79290000003499, 26.08581899994698 ], [ 91.78020828978083, 26.092110492405368 ] ] ] } },
{ "type": "Feature", "properties": { "pincode": "781038", "state": "Assam", "district": "Kamrup Metropolitan", "officename": "Hatigaon Chariali", "officetype": "S.O" }, "geometry": { "type": "Polygon", "coordinates": [ [ [ 91.805785489908487, 26.127947385063749 ], [ 91.787016752121588, 26.123096544470002 ], [ 91.786837849087533, 26.142558861901989 ], [ 91.795569756239331, 26.141472428709676 ], [ 91.805785489908487, 26.127947385063749 ] ] ] } },
{ "type": "Feature", "properties": { "pincode": "781030", "state": "Assam", "district": "Kamrup", "officename": "North Guwahati", "officetype": "S.O" }, "geometry": { "type": "Polygon", "coordinates": [ [ [ 91.706655912440624, 26.221283118920894 ], [ 91.700667340425639, 26.220468486931281 ], [ 91.723933294585891, 26.225560121902333 ], [ 91.731420547220637, 26.236636272046439 ], [ 91.720427950389649, 26.247741044013992 ], [ 91.748289107456401, 26.28821770638217 ], [ 91.76982548455851, 26.303371563447001 ], [ 91.787121904452533, 26.299156677538747 ], [ 91.793198000287532, 26.268084000076612 ], [ 91.786948999896424, 26.24401299980002 ], [ 91.749451000063743, 26.220819000396659 ], [ 91.751443056851713, 26.20903404058862 ], [ 91.718131346284679, 26.189227687507753 ], [ 91.706655912440624, 26.221283118920894 ] ] ] } },
{ "type": "Feature", "properties": { "pincode": "781031", "state": "Assam", "district": "Kamrup, Kamrup Metropolitan", "officename": "Amingaon", "officetype": "S.O" }, "geometry": { "type": "Polygon", "coordinates": [ [ [ 91.657355862083534, 26.192330613866829 ], [ 91.656321641730415, 26.199190595669506 ], [ 91.679543232334481, 26.220397435093616 ], [ 91.686693408274323, 26.21616067317666 ], [ 91.689451014752592, 26.182894514170528 ], [ 91.710535203736811, 26.194829272253173 ], [ 91.709708760051228, 26.205736129518868 ], [ 91.718131346284679, 26.189227687507753 ], [ 91.751443056851713, 26.20903404058862 ], [ 91.76036952423425, 26.200873554570819 ], [ 91.726878535615924, 26.172608371679189 ], [ 91.66182713301589, 26.168794153527358 ], [ 91.660548645104086, 26.182012433027467 ], [ 91.642142524757787, 26.188792268148745 ], [ 91.657355862083534, 26.192330613866829 ] ] ] } },
{ "type": "Feature", "properties": { "pincode": "781040", "state": "Assam", "district": "Kamrup Metropolitan", "officename": "Sawkuchi", "officetype": "S.O" }, "geometry": { "type": "Polygon", "coordinates": [ [ [ 91.790745754113402, 26.111498173302209 ], [ 91.749551189036254, 26.111655934174109 ], [ 91.748548655396348, 26.123144911808424 ], [ 91.765169259953495, 26.12977170120314 ], [ 91.788649818434521, 26.122764169430866 ], [ 91.790745754113402, 26.111498173302209 ] ] ] } },
{ "type": "Feature", "properties": { "pincode": "781032", "state": "Assam", "district": "Kamrup Metropolitan", "officename": "Indrapur", "officetype": "S.O" }, "geometry": { "type": "Polygon", "coordinates": [ [ [ 91.766029245653215, 26.158780243913327 ], [ 91.752313489076357, 26.15880240051041 ], [ 91.752367316198843, 26.167905936310092 ], [ 91.769179827986761, 26.167037369279342 ], [ 91.786546529898487, 26.144975815081978 ], [ 91.761818622531621, 26.147731050947414 ], [ 91.766029245653215, 26.158780243913327 ] ] ] } },
{ "type": "Feature", "properties": { "pincode": "781122", "state": "Assam", "district": "Kamrup", "officename": "Bijoynagar", "officetype": "S.O" }, "geometry": { "type": "Polygon", "coordinates": [ [ [ 91.413215852229882, 26.108962821676982 ], [ 91.426198882572407, 26.130623223383225 ], [ 91.416496502611608, 26.139310410847031 ], [ 91.418955290454278, 26.15174489880809 ], [ 91.440679889365583, 26.151855928208704 ], [ 91.488014649456488, 26.120604765897383 ], [ 91.538275789096588, 26.11331884089202 ], [ 91.529344157806747, 26.099118541287737 ], [ 91.52932156863568, 26.06682227412881 ], [ 91.538247249111294, 26.060391694321311 ], [ 91.52416813854893, 26.057356403275435 ], [ 91.512806741437998, 26.069736617151193 ], [ 91.488654648393549, 26.06860641665304 ], [ 91.500368141776448, 26.093802287145934 ], [ 91.488267740264178, 26.103887568756477 ], [ 91.456453111322219, 26.098346867214332 ], [ 91.413215852229882, 26.108962821676982 ] ] ] } },
{ "type": "Feature", "properties": { "pincode": "781034", "state": "Assam", "district": "Kamrup Metropolitan", "officename": "Odalbakra", "officetype": "S.O" }, "geometry": { "type": "Polygon", "coordinates": [ [ [ 91.746960041672764, 26.113916613960612 ], [ 91.719355666231081, 26.115678134038831 ], [ 91.740847073633574, 26.147705987741119 ], [ 91.766243638633227, 26.14731046770396 ], [ 91.746960041672764, 26.113916613960612 ] ] ] } },
{ "type": "Feature", "properties": { "pincode": "781304", "state": "Assam", "district": "Nalbari", "officename": "Belsor", "officetype": "S.O" }, "geometry": { "type": "Polygon", "coordinates": [ [ [ 91.317086565093064, 26.335464488495461 ], [ 91.32892724869356, 26.36057039890494 ], [ 91.342093899913721, 26.358849109998459 ], [ 91.339608384219673, 26.381675823580565 ], [ 91.362106295769024, 26.389390041717206 ], [ 91.358240788381806, 26.401544538349867 ], [ 91.365170712258703, 26.401128002055657 ], [ 91.370643461926363, 26.392900557015025 ], [ 91.359666596036675, 26.328664980704332 ], [ 91.317086565093064, 26.335464488495461 ] ] ] } },
{ "type": "Feature", "properties": { "pincode": "781035", "state": "Assam", "district": "Kamrup Metropolitan", "officename": "Garchuk", "officetype": "S.O" }, "geometry": { "type": "Polygon", "coordinates": [ [ [ 91.69329865171153, 26.102202216758997 ], [ 91.658005028709226, 26.109163467620078 ], [ 91.673664384803715, 26.115215164848223 ], [ 91.676683803714695, 26.1281237592043 ], [ 91.738547863293434, 26.111899109056822 ], [ 91.7251791461008, 26.086571259456093 ], [ 91.690645288349572, 26.097235070442309 ], [ 91.69329865171153, 26.102202216758997 ] ] ] } },
{ "type": "Feature", "properties": { "pincode": "781306", "state": "Assam", "district": "Nalbari", "officename": "Chamata", "officetype": "S.O" }, "geometry": { "type": "Polygon", "coordinates": [ [ [ 91.307554710081945, 26.403085008666324 ], [ 91.311466046021394, 26.412143662000574 ], [ 91.304263180601538, 26.421421931577072 ], [ 91.320581142605761, 26.425208366073321 ], [ 91.335654689312548, 26.418394590538071 ], [ 91.346577849488199, 26.445477372682774 ], [ 91.350604499198425, 26.426895677693324 ], [ 91.363810082069733, 26.421593748852501 ], [ 91.362106295769024, 26.389390041717206 ], [ 91.351335566183479, 26.38221356240598 ], [ 91.324071630001924, 26.384286731747409 ], [ 91.307554710081945, 26.403085008666324 ] ] ] } },
{ "type": "Feature", "properties": { "pincode": "781036", "state": "Assam", "district": "Kamrup Metropolitan", "officename": "Hengrabari", "officetype": "S.O" }, "geometry": { "type": "Polygon", "coordinates": [ [ [ 91.811264146323424, 26.156546051859038 ], [ 91.820194282040518, 26.14113954375506 ], [ 91.808012257159987, 26.131518820437179 ], [ 91.795569756239331, 26.141472428709676 ], [ 91.799130149736698, 26.153081947873829 ], [ 91.811264146323424, 26.156546051859038 ] ] ] } },
{ "type": "Feature", "properties": { "pincode": "781037", "state": "Assam", "district": "Kamrup Metropolitan", "officename": "Panjabari", "officetype": "S.O" }, "geometry": { "type": "Polygon", "coordinates": [ [ [ 91.821808934734577, 26.124081226567512 ], [ 91.819772527879877, 26.146965603779734 ], [ 91.831087028943386, 26.146635018391521 ], [ 91.83563224932891, 26.133986646466724 ], [ 91.85684523292116, 26.131490917172016 ], [ 91.855074520872563, 26.123667606774688 ], [ 91.821808934734577, 26.124081226567512 ] ] ] } },
{ "type": "Feature", "properties": { "pincode": "781128", "state": "Assam", "district": "Kamrup, Kamrup Metropolitan", "officename": "Palashbari", "officetype": "S.O" }, "geometry": { "type": "Polygon", "coordinates": [ [ [ 91.568461655880867, 26.119996314278524 ], [ 91.588712065409538, 26.137942596873472 ], [ 91.602324661653881, 26.122849926083347 ], [ 91.593499133278385, 26.103203430194185 ], [ 91.612240174644455, 26.100176450682682 ], [ 91.603876308744702, 26.080770631359655 ], [ 91.604860983647541, 26.054013473942803 ], [ 91.596904480957221, 26.05234490869077 ], [ 91.592750552895779, 26.063375308523803 ], [ 91.591014440464221, 26.054589857536087 ], [ 91.571844742640792, 26.051883224631297 ], [ 91.590985544347575, 26.082128202954323 ], [ 91.577080057798526, 26.081701022284506 ], [ 91.566568416599296, 26.098231609201378 ], [ 91.547882855309581, 26.097773059279291 ], [ 91.544134281372067, 26.088039226429316 ], [ 91.529576900553593, 26.093589690112083 ], [ 91.538275789096588, 26.11331884089202 ], [ 91.568461655880867, 26.119996314278524 ] ] ] } },
{ "type": "Feature", "properties": { "pincode": "781039", "state": "Assam", "district": "Kamrup, Kamrup Metropolitan", "officename": "I I T", "officetype": "S.O" }, "geometry": { "type": "Polygon", "coordinates": [ [ [ 91.689311312267307, 26.182946185618107 ], [ 91.685637748083764, 26.217861816369918 ], [ 91.690093413080717, 26.211499937572114 ], [ 91.707640487518631, 26.221238231958978 ], [ 91.710535203736811, 26.194829272253173 ], [ 91.689311312267307, 26.182946185618107 ] ] ] } },
{ "type": "Feature", "properties": { "pincode": "781333", "state": "Assam", "district": "Baksa", "officename": "Barimakha", "officetype": "S.O" }, "geometry": { "type": "Polygon", "coordinates": [ [ [ 91.360915685110967, 26.579169990902415 ], [ 91.371488808461891, 26.60854852369539 ], [ 91.400284290987429, 26.618956603464426 ], [ 91.432866988620731, 26.615930303840571 ], [ 91.445843294732299, 26.590598203144737 ], [ 91.433630372743721, 26.561546378762444 ], [ 91.417371101395247, 26.567014016683686 ], [ 91.415864841289419, 26.559303617967771 ], [ 91.407507835418301, 26.559805053860202 ], [ 91.402609519613748, 26.566610160830407 ], [ 91.374360127917669, 26.56849847182707 ], [ 91.374966279070577, 26.58023893228102 ], [ 91.360915685110967, 26.579169990902415 ] ] ] } },
{ "type": "Feature", "properties": { "pincode": "781101", "state": "Assam", "district": "Kamrup", "officename": "Changsari", "officetype": "S.O" }, "geometry": { "type": "Polygon", "coordinates": [ [ [ 91.61255264049214, 26.290346265867413 ], [ 91.617796275278067, 26.29857015948528 ], [ 91.638575798234626, 26.287744457041072 ], [ 91.657992226859847, 26.289525967249631 ], [ 91.657160263135665, 26.298651619177065 ], [ 91.668873833860403, 26.305455883482296 ], [ 91.683867888592431, 26.299027309163023 ], [ 91.699105453653885, 26.302989593495113 ], [ 91.697537834603509, 26.312700917213647 ], [ 91.708935513962786, 26.322790814144753 ], [ 91.706004331135091, 26.335049902830804 ], [ 91.727374584569532, 26.344961524454902 ], [ 91.763628229359369, 26.327441747138892 ], [ 91.773716384303839, 26.306680124288278 ], [ 91.746257068608998, 26.286201463226973 ], [ 91.722559968667838, 26.253962901966418 ], [ 91.731420547220637, 26.236636272046439 ], [ 91.724514129823376, 26.226129050115674 ], [ 91.703266149113517, 26.223892848076503 ], [ 91.690093413080717, 26.211499937572114 ], [ 91.679543232334481, 26.220397435093616 ], [ 91.672164842633435, 26.213806560124794 ], [ 91.66760536889268, 26.235382249291433 ], [ 91.624074046779981, 26.263072174541378 ], [ 91.61255264049214, 26.290346265867413 ] ] ] } },
{ "type": "Feature", "properties": { "pincode": "781102", "state": "Assam", "district": "Kamrup", "officename": "Hajo", "officetype": "S.O" }, "geometry": { "type": "Polygon", "coordinates": [ [ [ 91.433730999686077, 26.237151999964908 ], [ 91.41575599993962, 26.245107999934362 ], [ 91.415442999894537, 26.260587999736515 ], [ 91.440643000074488, 26.259737000062614 ], [ 91.453620999609598, 26.272596000405144 ], [ 91.452163999868844, 26.303042999734714 ], [ 91.458199000283798, 26.311087000165116 ], [ 91.45031700012953, 26.312890999720025 ], [ 91.459182999795701, 26.318033000322714 ], [ 91.494232000006775, 26.318966000180922 ], [ 91.528866409157558, 26.330470169163164 ], [ 91.535077197354894, 26.313323195009502 ], [ 91.553829386716927, 26.32022442241913 ], [ 91.562565249087129, 26.313725388016223 ], [ 91.580312330049992, 26.316780154780417 ], [ 91.598674951987448, 26.282934076946333 ], [ 91.591856350690193, 26.25763127346454 ], [ 91.579136369348021, 26.241669818906985 ], [ 91.562171734538026, 26.235094699161095 ], [ 91.567492752388716, 26.214379146780232 ], [ 91.545322322667118, 26.221795211779636 ], [ 91.545124729023087, 26.214456860795735 ], [ 91.527295241382319, 26.206845150983042 ], [ 91.486115710271918, 26.205402428878926 ], [ 91.452589086017667, 26.214730968759227 ], [ 91.440888330632106, 26.205017894060575 ], [ 91.422162676666176, 26.211951801034843 ], [ 91.425712999555401, 26.232983000165518 ], [ 91.433730999686077, 26.237151999964908 ] ] ] } },
{ "type": "Feature", "properties": { "pincode": "781103", "state": "Assam", "district": "Kamrup", "officename": "Soalkuchi", "officetype": "S.O" }, "geometry": { "type": "Polygon", "coordinates": [ [ [ 91.418955290454278, 26.15174489880809 ], [ 91.422162676666176, 26.211951801034843 ], [ 91.440888330632106, 26.205017894060575 ], [ 91.452589086017667, 26.214730968759227 ], [ 91.509107126592767, 26.205076194410879 ], [ 91.545124729023087, 26.214456860795735 ], [ 91.545322322667118, 26.221795211779636 ], [ 91.576120333686617, 26.213713137651325 ], [ 91.582048404710349, 26.196532435323832 ], [ 91.604607828088774, 26.196244330311629 ], [ 91.603230753796311, 26.1828499635551 ], [ 91.660548645104086, 26.182012433027467 ], [ 91.66182713301589, 26.168794153527358 ], [ 91.620700659208069, 26.146193051068508 ], [ 91.584002461544401, 26.136389207795617 ], [ 91.560975625424931, 26.115923486180122 ], [ 91.527283877549053, 26.112989696217483 ], [ 91.488014649456488, 26.120604765897383 ], [ 91.440679889365583, 26.151855928208704 ], [ 91.418955290454278, 26.15174489880809 ] ] ] } },
{ "type": "Feature", "properties": { "pincode": "781104", "state": "Assam", "district": "Kamrup", "officename": "Kulhati", "officetype": "S.O" }, "geometry": { "type": "Polygon", "coordinates": [ [ [ 91.576120333686617, 26.213713137651325 ], [ 91.567492752388716, 26.214379146780232 ], [ 91.562171734538026, 26.235094699161095 ], [ 91.579136369348021, 26.241669818906985 ], [ 91.591856350690193, 26.25763127346454 ], [ 91.599461457680206, 26.286930907835313 ], [ 91.61285832904872, 26.287101513723826 ], [ 91.624074046779981, 26.263072174541378 ], [ 91.65275733438358, 26.248227866822731 ], [ 91.67425878361604, 26.222702205042879 ], [ 91.657828836231886, 26.191572922452508 ], [ 91.642142524757787, 26.188792268148745 ], [ 91.654499338274036, 26.183406175354889 ], [ 91.603230753796311, 26.1828499635551 ], [ 91.604607828088774, 26.196244330311629 ], [ 91.582048404710349, 26.196532435323832 ], [ 91.576120333686617, 26.213713137651325 ] ] ] } },
{ "type": "Feature", "properties": { "pincode": "781120", "state": "Assam", "district": "Kamrup", "officename": "Borduar", "officetype": "S.O" }, "geometry": { "type": "MultiPolygon", "coordinates": [ [ [ [ 91.394712643773573, 25.864717862739269 ], [ 91.432661995354977, 25.987197441409023 ], [ 91.465590634300497, 25.98109271205908 ], [ 91.469213254588112, 25.961840913327535 ], [ 91.452801871909003, 25.955105534392942 ], [ 91.495267524376857, 25.947233532002031 ], [ 91.489853277407008, 25.964184717450905 ], [ 91.512704381502147, 25.961887887616001 ], [ 91.51511453310934, 25.983664326147846 ], [ 91.550172553520667, 25.99190656863334 ], [ 91.549178113779078, 25.985429281636073 ], [ 91.557378813881201, 25.985241237893035 ], [ 91.539810000131638, 25.961132000241776 ], [ 91.52115599964992, 25.957193000256723 ], [ 91.522422999621881, 25.939936000346279 ], [ 91.504265000429598, 25.919807000192975 ], [ 91.508193999953221, 25.912125000268645 ], [ 91.53851299967522, 25.933029000188299 ], [ 91.5339279995776, 25.922750000112501 ], [ 91.511153999757425, 25.908808000189026 ], [ 91.505859000192743, 25.891211999933944 ], [ 91.485985000107803, 25.890129000353113 ], [ 91.477355999679844, 25.870312000198624 ], [ 91.510345000221776, 25.866489000167235 ], [ 91.519806000346819, 25.873705000185737 ], [ 91.528357999921809, 25.889144999941834 ], [ 91.53230300018339, 25.888707999574706 ], [ 91.527945999808139, 25.871922999846618 ], [ 91.510428999598844, 25.863845999693297 ], [ 91.471306000371726, 25.858117999945932 ], [ 91.446990999634977, 25.840129999599924 ], [ 91.421523999732983, 25.853847999985192 ], [ 91.363718890814255, 25.840051872795925 ], [ 91.394712643773573, 25.864717862739269 ] ] ], [ [ [ 91.508472468729622, 25.871933782717974 ], [ 91.514339539638172, 25.871271356487966 ], [ 91.510577045994069, 25.868822051996119 ], [ 91.508472468729622, 25.871933782717974 ] ] ] ] } },
{ "type": "Feature", "properties": { "pincode": "781123", "state": "Assam", "district": "Kamrup", "officename": "Boko", "officetype": "S.O" }, "geometry": { "type": "Polygon", "coordinates": [ [ [ 91.187563398132511, 25.980471120445884 ], [ 91.185756408331713, 26.031078624978647 ], [ 91.216545294829643, 26.032781507460584 ], [ 91.231739166329419, 26.047682306093634 ], [ 91.229226319339205, 26.057050157139088 ], [ 91.252473408421224, 26.05913661666159 ], [ 91.277461633547659, 26.042678811877693 ], [ 91.295033465422193, 26.009256473907215 ], [ 91.30795427796761, 26.009147570504126 ], [ 91.285090685886473, 25.989721667521053 ], [ 91.290904401816874, 25.984246616488235 ], [ 91.286491469006194, 25.971020994023831 ], [ 91.242624504617424, 25.924727808042007 ], [ 91.243907336254608, 25.906443314707303 ], [ 91.232668056285831, 25.896385116180284 ], [ 91.235747020208976, 25.884267610461961 ], [ 91.217084198277178, 25.875963570162639 ], [ 91.223188794527402, 25.89730269446386 ], [ 91.207922297376115, 25.92230960930118 ], [ 91.197793491276684, 25.976667987337862 ], [ 91.187563398132511, 25.980471120445884 ] ] ] } },
{ "type": "Feature", "properties": { "pincode": "781121", "state": "Assam", "district": "Kamrup", "officename": "Bezera", "officetype": "S.O" }, "geometry": { "type": "Polygon", "coordinates": [ [ [ 91.716041796691627, 26.358350942242168 ], [ 91.729262587998107, 26.358965958911938 ], [ 91.732218899682664, 26.369778752487491 ], [ 91.744157467293405, 26.368762005062592 ], [ 91.749219617991173, 26.381307768838496 ], [ 91.758617134073631, 26.373178402961003 ], [ 91.772145953972824, 26.379835250396582 ], [ 91.764521249855818, 26.385360768684677 ], [ 91.77023120650523, 26.400840133565396 ], [ 91.757484947872115, 26.405466897279609 ], [ 91.753767986903028, 26.422859335090436 ], [ 91.744455158179221, 26.427454192657024 ], [ 91.780547785651891, 26.422429693875358 ], [ 91.809272999649409, 26.38124499975703 ], [ 91.820586999790407, 26.379020999719387 ], [ 91.824294999914457, 26.331910999992715 ], [ 91.811225999780049, 26.316450000167436 ], [ 91.797179999557443, 26.318420000182982 ], [ 91.787121904452533, 26.299156677538747 ], [ 91.778524350618341, 26.297868451767727 ], [ 91.769579700742781, 26.321943463919922 ], [ 91.716479827682122, 26.345690085928823 ], [ 91.716041796691627, 26.358350942242168 ] ] ] } },
{ "type": "Feature", "properties": { "pincode": "782413", "state": "Assam", "district": "Morigaon", "officename": "Kagaj Nagar", "officetype": "S.O" }, "geometry": { "type": "Polygon", "coordinates": [ [ [ 92.203455195500851, 26.134279606018993 ], [ 92.204711208455649, 26.149785607020249 ], [ 92.222763897935693, 26.151407318493057 ], [ 92.232655321685797, 26.148156282786317 ], [ 92.243544526159042, 26.123495621326015 ], [ 92.222660325713605, 26.109705363112084 ], [ 92.203455195500851, 26.134279606018993 ] ] ] } },
{ "type": "Feature", "properties": { "pincode": "781125", "state": "Assam", "district": "Kamrup", "officename": "Mirza", "officetype": "S.O" }, "geometry": { "type": "Polygon", "coordinates": [ [ [ 91.522664897467109, 26.026889847288771 ], [ 91.531468554330502, 26.03957008399243 ], [ 91.568322988515149, 26.037474541317238 ], [ 91.572395000029417, 26.015837000377303 ], [ 91.557378813881201, 25.985241237893035 ], [ 91.549178113779078, 25.985429281636073 ], [ 91.550172553520667, 25.99190656863334 ], [ 91.51511453310934, 25.983664326147846 ], [ 91.512704381502147, 25.961887887616001 ], [ 91.489853277407008, 25.964184717450905 ], [ 91.495267524376857, 25.947233532002031 ], [ 91.452801871909003, 25.955105534392942 ], [ 91.469213254588112, 25.961840913327535 ], [ 91.465590634300497, 25.98109271205908 ], [ 91.432661995354977, 25.987197441409023 ], [ 91.432292024157846, 26.00720203114895 ], [ 91.446398559545969, 26.019908457909139 ], [ 91.467621942898404, 26.020649813138391 ], [ 91.476822202582639, 26.031478251320436 ], [ 91.478189054281472, 26.019310413245023 ], [ 91.489176215609973, 26.026778855659757 ], [ 91.510494615933965, 26.025751828983744 ], [ 91.518407710147812, 26.015049530611464 ], [ 91.527672422444539, 26.0183678131242 ], [ 91.522664897467109, 26.026889847288771 ] ] ] } },
{ "type": "Feature", "properties": { "pincode": "781124", "state": "Assam", "district": "Kamrup", "officename": "Chhaygaon", "officetype": "S.O" }, "geometry": { "type": "Polygon", "coordinates": [ [ [ 91.427472233556898, 26.052622811793469 ], [ 91.426634750693381, 26.044053223277842 ], [ 91.44183475556963, 26.04770741966172 ], [ 91.453709190726556, 26.032032183338742 ], [ 91.43010739284199, 26.003770479024524 ], [ 91.432742997291484, 25.974090369375233 ], [ 91.394712643773573, 25.864717862739269 ], [ 91.363718890814255, 25.840051872795925 ], [ 91.336287999991328, 25.838046999769347 ], [ 91.278304999776083, 25.746198999984017 ], [ 91.269670556650965, 25.747723940807248 ], [ 91.274554587624209, 25.797602322689045 ], [ 91.233073454476425, 25.892474679562895 ], [ 91.243907336254608, 25.906443314707303 ], [ 91.242624504617424, 25.924727808042007 ], [ 91.286491469006194, 25.971020994023831 ], [ 91.290904401816874, 25.984246616488235 ], [ 91.285090685886473, 25.989721667521053 ], [ 91.304863997875316, 26.002984309678197 ], [ 91.31017259069273, 26.020590507346128 ], [ 91.327419662987154, 26.01553922135804 ], [ 91.370240240095143, 26.028295951696975 ], [ 91.365202934967613, 26.061231838278729 ], [ 91.380984792214633, 26.06200879676868 ], [ 91.38358171412483, 26.07515077059162 ], [ 91.402587374707764, 26.071990891966209 ], [ 91.412069612322796, 26.055733082915538 ], [ 91.427472233556898, 26.052622811793469 ] ] ] } },
{ "type": "Feature", "properties": { "pincode": "781127", "state": "Assam", "district": "Barpeta, Kamrup", "officename": "Nagarbera", "officetype": "S.O" }, "geometry": { "type": "Polygon", "coordinates": [ [ [ 90.917303376250004, 26.114883457106032 ], [ 90.895996533113589, 26.126574473733001 ], [ 90.917920596258625, 26.133522287823439 ], [ 90.91884745734427, 26.125179236732436 ], [ 90.938286797098044, 26.120889799724523 ], [ 90.968257131461598, 26.181938387346804 ], [ 91.016790681544762, 26.190638704912374 ], [ 91.041305503546312, 26.185982113384 ], [ 91.068885899464874, 26.170875274674245 ], [ 91.089327375358209, 26.140305695051723 ], [ 91.0889239565754, 26.130462438091115 ], [ 91.073003020972806, 26.123336754287777 ], [ 91.081978648895642, 26.102631261723502 ], [ 91.096326529046109, 26.094416826275562 ], [ 91.095012586261873, 26.069573140188368 ], [ 91.11049973297628, 26.057812037595568 ], [ 91.088307180831862, 26.025184157123306 ], [ 91.06035692253397, 26.050322477300597 ], [ 90.965515020302121, 26.067914316392717 ], [ 90.947637541239658, 26.088558001250817 ], [ 90.945864902843084, 26.11405933726877 ], [ 90.917303376250004, 26.114883457106032 ] ] ] } },
{ "type": "Feature", "properties": { "pincode": "781126", "state": "Assam", "district": "Nalbari", "officename": "Mukalmua", "officetype": "S.O" }, "geometry": { "type": "Polygon", "coordinates": [ [ [ 91.217979000330786, 26.220761999566776 ], [ 91.228130732847092, 26.238545459005877 ], [ 91.247109702450814, 26.231783756915036 ], [ 91.25231848580961, 26.243087625293754 ], [ 91.263629600925412, 26.240369947814997 ], [ 91.273881111424259, 26.282340686273699 ], [ 91.29271447539287, 26.289669550309725 ], [ 91.289513654231826, 26.311146952569914 ], [ 91.301579631495031, 26.312952699507491 ], [ 91.30064359012971, 26.330644480258684 ], [ 91.317086565093064, 26.335464488495461 ], [ 91.359666596036675, 26.328664980704332 ], [ 91.357272324658197, 26.311683343311699 ], [ 91.368076099832251, 26.303647476349965 ], [ 91.371104832122285, 26.319039807541117 ], [ 91.407411402014645, 26.317179389917101 ], [ 91.427901860382576, 26.304238955063795 ], [ 91.453915205622366, 26.306907576323624 ], [ 91.453620999609598, 26.272596000405144 ], [ 91.440643000074488, 26.259737000062614 ], [ 91.420455999944465, 26.264958999858038 ], [ 91.413231000410519, 26.252155000253083 ], [ 91.433730999686077, 26.237151999964908 ], [ 91.425712999555401, 26.232983000165518 ], [ 91.414886000288675, 26.202729999889527 ], [ 91.422202999568924, 26.172223999637993 ], [ 91.415885999639158, 26.136222999591837 ], [ 91.393784000231619, 26.13921499997241 ], [ 91.358658000066725, 26.164377000198385 ], [ 91.299720999924432, 26.157504999855917 ], [ 91.257552999671248, 26.163157999741941 ], [ 91.230132052652266, 26.180426745697787 ], [ 91.242218000260664, 26.18072699965137 ], [ 91.251602000432058, 26.199106000041979 ], [ 91.217979000330786, 26.220761999566776 ] ] ] } },
{ "type": "Feature", "properties": { "pincode": "781129", "state": "Assam", "district": "Kamrup", "officename": "Hahimbazar", "officetype": "S.O" }, "geometry": { "type": "Polygon", "coordinates": [ [ [ 91.110854386920494, 25.830077002751636 ], [ 91.142355362010449, 25.854371510636895 ], [ 91.158781589798707, 25.856557334453612 ], [ 91.154501903240316, 25.866136736621286 ], [ 91.161817417739769, 25.874370229602391 ], [ 91.217084198277178, 25.875963570162639 ], [ 91.235747020208976, 25.884267610461961 ], [ 91.274554587624209, 25.797602322689045 ], [ 91.27282087098655, 25.750024745645476 ], [ 91.226569999905621, 25.722729000443223 ], [ 91.194724999958964, 25.728915999773676 ], [ 91.191963000292276, 25.762804000404401 ], [ 91.182739000304821, 25.775659999709319 ], [ 91.192726000404775, 25.820099000368714 ], [ 91.205498000332511, 25.839851000223632 ], [ 91.199363999848742, 25.858334000014224 ], [ 91.181915000077311, 25.842094000237978 ], [ 91.155791999601092, 25.849426000209746 ], [ 91.110854386920494, 25.830077002751636 ] ] ] } },
{ "type": "Feature", "properties": { "pincode": "781130", "state": "Assam", "district": "Kamrup", "officename": "Amranga", "officetype": "B.O" }, "geometry": { "type": "Polygon", "coordinates": [ [ [ 91.515089498681505, 26.017290994583902 ], [ 91.520171852649014, 26.024410696996085 ], [ 91.524074189072621, 26.026537730332223 ], [ 91.527672422444539, 26.0183678131242 ], [ 91.515089498681505, 26.017290994583902 ] ] ] } },
{ "type": "Feature", "properties": { "pincode": "781132", "state": "Assam", "district": "Kamrup", "officename": "Rampur (Kamrup)", "officetype": "S.O" }, "geometry": { "type": "Polygon", "coordinates": [ [ [ 91.453709190726556, 26.032032183338742 ], [ 91.434099331419191, 26.051501634193073 ], [ 91.445018364605971, 26.062977690368143 ], [ 91.430695455930675, 26.086564280717084 ], [ 91.410664194996798, 26.086648523810481 ], [ 91.415164490648863, 26.104251063935521 ], [ 91.456453111322219, 26.098346867214332 ], [ 91.488267740264178, 26.103887568756477 ], [ 91.500368141776448, 26.093802287145934 ], [ 91.488654648393549, 26.06860641665304 ], [ 91.512806741437998, 26.069736617151193 ], [ 91.53529646915689, 26.055916547311028 ], [ 91.516673997107262, 26.019858776661181 ], [ 91.489176215609973, 26.026778855659757 ], [ 91.478189054281472, 26.019310413245023 ], [ 91.476822202582639, 26.031478251320436 ], [ 91.467621942898404, 26.020649813138391 ], [ 91.446398559545969, 26.019908457909139 ], [ 91.453709190726556, 26.032032183338742 ] ] ] } },
{ "type": "Feature", "properties": { "pincode": "781133", "state": "Assam", "district": "Kamrup", "officename": "Gamerimura", "officetype": "B.O" }, "geometry": { "type": "Polygon", "coordinates": [ [ [ 91.075960982013896, 25.849299293827471 ], [ 91.094894217494243, 25.898086835838967 ], [ 91.079304816064621, 25.911095049896687 ], [ 91.101495288077217, 25.922692103557893 ], [ 91.163045078667494, 25.908590320187216 ], [ 91.16201301938537, 25.891584746438923 ], [ 91.144119575557966, 25.867817415741229 ], [ 91.147632668313122, 25.853383079265825 ], [ 91.110854386920494, 25.830077002751636 ], [ 91.066231000060782, 25.819799000023977 ], [ 91.052901999627579, 25.828341000037256 ], [ 91.075890000323284, 25.837750999609 ], [ 91.081543000209479, 25.852037000107487 ], [ 91.075960982013896, 25.849299293827471 ] ] ] } },
{ "type": "Feature", "properties": { "pincode": "782138", "state": "Assam", "district": "Nagaon", "officename": "Missa", "officetype": "S.O" }, "geometry": { "type": "Polygon", "coordinates": [ [ [ 92.944710632489773, 26.44974531319582 ], [ 92.882207851910891, 26.428000993051512 ], [ 92.891753914411709, 26.440374603205441 ], [ 92.887677273187649, 26.459955542114642 ], [ 92.898949735442102, 26.480123778789505 ], [ 92.918674185465477, 26.474157028823925 ], [ 92.950993131727785, 26.490018280918946 ], [ 92.942739129707036, 26.480962544086196 ], [ 92.952828764935703, 26.463132466490322 ], [ 92.944710632489773, 26.44974531319582 ] ] ] } },
{ "type": "Feature", "properties": { "pincode": "781135", "state": "Assam", "district": "Kamrup", "officename": "Singra", "officetype": "S.O" }, "geometry": { "type": "Polygon", "coordinates": [ [ [ 91.004653999582615, 25.825276999933692 ], [ 91.016197000391287, 25.856648999651725 ], [ 91.02959400036292, 25.866071999823134 ], [ 91.055265130181795, 25.953305662726279 ], [ 91.089887654791539, 25.984974845213003 ], [ 91.095175663026566, 26.021946645421394 ], [ 91.105743358069674, 26.011920063460252 ], [ 91.140493556732338, 26.019596065805842 ], [ 91.186305160255074, 26.006676812684816 ], [ 91.187563398132511, 25.980471120445884 ], [ 91.197793491276684, 25.976667987337862 ], [ 91.207922297376115, 25.92230960930118 ], [ 91.223188794527402, 25.89730269446386 ], [ 91.215625670588338, 25.875841033936695 ], [ 91.161817417739769, 25.874370229602391 ], [ 91.154501903240316, 25.866136736621286 ], [ 91.158781589798707, 25.856557334453612 ], [ 91.147632668313122, 25.853383079265825 ], [ 91.144119575557966, 25.867817415741229 ], [ 91.16201301938537, 25.891584746438923 ], [ 91.163045078667494, 25.908590320187216 ], [ 91.13256564438899, 25.920694139123327 ], [ 91.111737786469746, 25.91593834787642 ], [ 91.100946421040589, 25.922609826382427 ], [ 91.079304816064621, 25.911095049896687 ], [ 91.094894217494243, 25.898086835838967 ], [ 91.075960982013896, 25.849299293827471 ], [ 91.052139000414627, 25.848245999753146 ], [ 91.023848999831614, 25.822081000038338 ], [ 91.004653999582615, 25.825276999933692 ] ] ] } },
{ "type": "Feature", "properties": { "pincode": "781136", "state": "Assam", "district": "Kamrup", "officename": "Pachim Samaria", "officetype": "S.O" }, "geometry": { "type": "Polygon", "coordinates": [ [ [ 91.157398276009701, 26.116747409065738 ], [ 91.14829907224464, 26.116504301632347 ], [ 91.144626959566722, 26.102941442393671 ], [ 91.175022655271448, 26.104753093380737 ], [ 91.166225979845194, 26.099549906503114 ], [ 91.172193373725349, 26.092901404776171 ], [ 91.16228036264863, 26.090471565210521 ], [ 91.173472626060914, 26.059701573468942 ], [ 91.213992295807827, 26.046898519051581 ], [ 91.221818215138569, 26.065310315019076 ], [ 91.23057531499893, 26.04553077882241 ], [ 91.21442414305983, 26.03201065986417 ], [ 91.185756408331713, 26.031078624978647 ], [ 91.182923070843174, 26.003395650589027 ], [ 91.174344173444865, 26.013160624263492 ], [ 91.140493556732338, 26.019596065805842 ], [ 91.118291399828422, 26.010830527606913 ], [ 91.105743358069674, 26.011920063460252 ], [ 91.097009568636679, 26.022831068399114 ], [ 91.092305045941202, 26.019049997459547 ], [ 91.096334034788129, 26.045274580857381 ], [ 91.11049973297628, 26.057812037595568 ], [ 91.093540913182608, 26.073221309316068 ], [ 91.096326529046109, 26.094416826275562 ], [ 91.076211715698207, 26.112758564156422 ], [ 91.073003020972806, 26.123336754287777 ], [ 91.091186879271163, 26.133821617273952 ], [ 91.078022998862366, 26.156795128092767 ], [ 91.090456294322735, 26.162470161369015 ], [ 91.119155999949498, 26.153411999964021 ], [ 91.148061798713172, 26.159290650543142 ], [ 91.157971261964178, 26.138076877346236 ], [ 91.157398276009701, 26.116747409065738 ] ] ] } },
{ "type": "Feature", "properties": { "pincode": "781138", "state": "Assam", "district": "Nalbari", "officename": "Bartola", "officetype": "S.O" }, "geometry": { "type": "Polygon", "coordinates": [ [ [ 91.358354378152114, 26.317736145806464 ], [ 91.361050326211739, 26.329507482684335 ], [ 91.384442992150468, 26.32535221013643 ], [ 91.395534909208891, 26.334165002313171 ], [ 91.409992012921123, 26.330287423326013 ], [ 91.413435963998666, 26.3399269604609 ], [ 91.438841785719887, 26.336282091845135 ], [ 91.423772025158883, 26.333248328747459 ], [ 91.419059723327678, 26.31214284921333 ], [ 91.371104832122285, 26.319039807541117 ], [ 91.368076099832251, 26.303647476349965 ], [ 91.358354378152114, 26.317736145806464 ] ] ] } },
{ "type": "Feature", "properties": { "pincode": "784153", "state": "Assam", "district": "Sonitpur", "officename": "Bihaguri", "officetype": "S.O" }, "geometry": { "type": "Polygon", "coordinates": [ [ [ 92.675420728184122, 26.708589394085436 ], [ 92.709458906603231, 26.711744612424127 ], [ 92.697005409671988, 26.662528064118874 ], [ 92.717861804878567, 26.665714066251212 ], [ 92.713635574922023, 26.656435480113373 ], [ 92.692743497314723, 26.651570398754984 ], [ 92.689668172048641, 26.631927126935523 ], [ 92.665831971268517, 26.625325748784405 ], [ 92.649615003130009, 26.629934616889159 ], [ 92.637823885663977, 26.67331645818814 ], [ 92.673238076276391, 26.662699526162385 ], [ 92.680785465676934, 26.668884666594181 ], [ 92.675420728184122, 26.708589394085436 ] ] ] } },
{ "type": "Feature", "properties": { "pincode": "781137", "state": "Assam", "district": "Kamrup", "officename": "Aggumi", "officetype": "S.O" }, "geometry": { "type": "Polygon", "coordinates": [ [ [ 91.175886384848923, 26.103387250721141 ], [ 91.144626959566722, 26.102941442393671 ], [ 91.14829907224464, 26.116504301632347 ], [ 91.163757390291437, 26.117160978496372 ], [ 91.181457359369745, 26.129876956056705 ], [ 91.191037597906984, 26.120702104918337 ], [ 91.207718904903686, 26.128009488647024 ], [ 91.232627999582633, 26.17702699989627 ], [ 91.257552999671248, 26.163157999741941 ], [ 91.288849000381106, 26.158189999968556 ], [ 91.344309891488308, 26.163786838991541 ], [ 91.342057411720305, 26.142280829296908 ], [ 91.353421642594867, 26.137739842919586 ], [ 91.334621568830414, 26.130711903731424 ], [ 91.335621067258614, 26.115479091586792 ], [ 91.374766758179419, 26.081867392366291 ], [ 91.345995234492477, 26.077742826270537 ], [ 91.335472804126709, 26.089606922821361 ], [ 91.266397027101277, 26.054859387051238 ], [ 91.226826459573545, 26.054597337197436 ], [ 91.221061822345348, 26.06519456417783 ], [ 91.2125332923776, 26.046747463524753 ], [ 91.173472626060914, 26.059701573468942 ], [ 91.16228036264863, 26.090471565210521 ], [ 91.172193373725349, 26.092901404776171 ], [ 91.166225979845194, 26.099549906503114 ], [ 91.175886384848923, 26.103387250721141 ] ] ] } },
{ "type": "Feature", "properties": { "pincode": "781150", "state": "Assam", "district": "Kamrup Metropolitan", "officename": "Chandrapur (Kamrup)", "officetype": "S.O" }, "geometry": { "type": "Polygon", "coordinates": [ [ [ 91.865057037852182, 26.163603031954437 ], [ 91.885727741941878, 26.217386502185434 ], [ 91.916945999858228, 26.240496000390294 ], [ 91.95597800028446, 26.253705999832164 ], [ 91.961951999685084, 26.227715000047397 ], [ 92.000191565188686, 26.204379491420639 ], [ 91.992892878803445, 26.191925373057586 ], [ 91.97051361391226, 26.185009948950096 ], [ 91.954665130391504, 26.19721286688042 ], [ 91.944762903985009, 26.180311990406096 ], [ 91.961036237132703, 26.183815765285431 ], [ 91.95459798520892, 26.16546875288077 ], [ 91.865057037852182, 26.163603031954437 ] ] ] } },
{ "type": "Feature", "properties": { "pincode": "781301", "state": "Assam", "district": "Barpeta", "officename": "Barpeta", "officetype": "H.O" }, "geometry": { "type": "Polygon", "coordinates": [ [ [ 90.976747848534501, 26.294644394823138 ], [ 90.986190453926497, 26.332374726412638 ], [ 91.031099275711199, 26.323008839486533 ], [ 91.027020027352535, 26.306217930313437 ], [ 91.010876503248198, 26.30496564235068 ], [ 91.009102972724122, 26.294563615918321 ], [ 90.998151858921347, 26.299699579372145 ], [ 90.976747848534501, 26.294644394823138 ] ] ] } },
{ "type": "Feature", "properties": { "pincode": "781171", "state": "Assam", "district": "Kamrup Metropolitan", "officename": "Patharquerry", "officetype": "S.O" }, "geometry": { "type": "Polygon", "coordinates": [ [ [ 91.820296606903071, 26.152046247236569 ], [ 91.802771699854191, 26.154996603610357 ], [ 91.805763220896097, 26.168944861016712 ], [ 91.815669747860682, 26.166324674544285 ], [ 91.819030718492968, 26.178849280869713 ], [ 91.83775993287469, 26.178187137926216 ], [ 91.834767953178527, 26.161850545566438 ], [ 91.828961449811175, 26.166557634927017 ], [ 91.820296606903071, 26.152046247236569 ] ] ] } },
{ "type": "Feature", "properties": { "pincode": "781303", "state": "Assam", "district": "Nalbari", "officename": "Banagram", "officetype": "S.O" }, "geometry": { "type": "Polygon", "coordinates": [ [ [ 91.35926676375027, 26.405890993274909 ], [ 91.364016556519005, 26.422532715712293 ], [ 91.374801455822535, 26.42774753981729 ], [ 91.426542589069243, 26.427924865440275 ], [ 91.420073056926185, 26.400063468254643 ], [ 91.408700849964305, 26.394353954071789 ], [ 91.419481255355777, 26.386701457306629 ], [ 91.414691526392971, 26.37515200206343 ], [ 91.39602402079197, 26.36492936339954 ], [ 91.388799175042038, 26.370178280803145 ], [ 91.366990019174125, 26.362988908811019 ], [ 91.370350656157939, 26.39526313178817 ], [ 91.35926676375027, 26.405890993274909 ] ] ] } },
{ "type": "Feature", "properties": { "pincode": "781302", "state": "Assam", "district": "Barpeta, Kamrup", "officename": "Baharihat", "officetype": "S.O" }, "geometry": { "type": "Polygon", "coordinates": [ [ [ 91.103019999573462, 26.161719999978231 ], [ 91.078022998862366, 26.156795128092767 ], [ 91.068885899464874, 26.170875274674245 ], [ 91.041305503546312, 26.185982113384 ], [ 91.00185031543981, 26.186706755612363 ], [ 91.000659162490365, 26.200594993164373 ], [ 91.054642206672725, 26.222881385967241 ], [ 91.05127159620713, 26.236448143766893 ], [ 91.058787549805686, 26.239399725017392 ], [ 91.049880314425081, 26.24562317387057 ], [ 91.052107705806122, 26.256010178926829 ], [ 91.076856406398122, 26.243226658683398 ], [ 91.076652359219167, 26.254547581805525 ], [ 91.062338765721506, 26.268428762377425 ], [ 91.083778967525461, 26.277695419907673 ], [ 91.089029085523975, 26.290385774883589 ], [ 91.129463603862348, 26.300589662683024 ], [ 91.147802567334736, 26.294690934739037 ], [ 91.150255866615112, 26.269144414982918 ], [ 91.157002401639602, 26.267978401681887 ], [ 91.153446925635308, 26.258133649148704 ], [ 91.170289255344869, 26.254318378790174 ], [ 91.162714904269478, 26.227019911339937 ], [ 91.190355670777649, 26.174586619377123 ], [ 91.232627999582633, 26.17702699989627 ], [ 91.207718904903686, 26.128009488647024 ], [ 91.191037597906984, 26.120702104918337 ], [ 91.178316085918766, 26.12916819945292 ], [ 91.163757390291437, 26.117160978496372 ], [ 91.157398276009701, 26.116747409065738 ], [ 91.157971261964178, 26.138076877346236 ], [ 91.148061798713172, 26.159290650543142 ], [ 91.119155999949498, 26.153411999964021 ], [ 91.103019999573462, 26.161719999978231 ] ] ] } },
{ "type": "Feature", "properties": { "pincode": "784154", "state": "Assam", "district": "Sonitpur", "officename": "Ketekibari", "officetype": "S.O" }, "geometry": { "type": "Polygon", "coordinates": [ [ [ 92.728598162375476, 26.66498515943772 ], [ 92.750190760595331, 26.66304001758283 ], [ 92.749186637853199, 26.67063714398904 ], [ 92.781654417417485, 26.659762201864282 ], [ 92.819607224194101, 26.658670787327026 ], [ 92.813480907517942, 26.644229124974288 ], [ 92.781952120893777, 26.650104455256496 ], [ 92.748126789519858, 26.642927413869131 ], [ 92.728598162375476, 26.66498515943772 ] ] ] } },
{ "type": "Feature", "properties": { "pincode": "781305", "state": "Assam", "district": "Barpeta", "officename": "Chenga", "officetype": "S.O" }, "geometry": { "type": "Polygon", "coordinates": [ [ [ 91.147802567334736, 26.294690934739037 ], [ 91.179808326493117, 26.316440024887243 ], [ 91.171745762257274, 26.293983120624546 ], [ 91.184778919911366, 26.292189477662362 ], [ 91.202043397684804, 26.302934677293592 ], [ 91.204008026948884, 26.28878669395084 ], [ 91.22531062528526, 26.289499038849669 ], [ 91.221862999577809, 26.26047700001368 ], [ 91.242637999843851, 26.256535999936489 ], [ 91.217979000330786, 26.220761999566776 ], [ 91.251602000432058, 26.199106000041979 ], [ 91.242218000260664, 26.18072699965137 ], [ 91.190355670777649, 26.174586619377123 ], [ 91.162714904269478, 26.227019911339937 ], [ 91.170289255344869, 26.254318378790174 ], [ 91.153446925635308, 26.258133649148704 ], [ 91.157002401639602, 26.267978401681887 ], [ 91.150255866615112, 26.269144414982918 ], [ 91.147802567334736, 26.294690934739037 ] ] ] } },
{ "type": "Feature", "properties": { "pincode": "781310", "state": "Assam", "district": "Nalbari", "officename": "Jagra", "officetype": "S.O" }, "geometry": { "type": "Polygon", "coordinates": [ [ [ 91.359666596036675, 26.328664980704332 ], [ 91.366990019174125, 26.362988908811019 ], [ 91.388799175042038, 26.370178280803145 ], [ 91.39602402079197, 26.36492936339954 ], [ 91.403542447525922, 26.372349067055779 ], [ 91.43456966785601, 26.370333973234381 ], [ 91.427578016312566, 26.338215929221917 ], [ 91.413435963998666, 26.3399269604609 ], [ 91.409992012921123, 26.330287423326013 ], [ 91.395534909208891, 26.334165002313171 ], [ 91.384442992150468, 26.32535221013643 ], [ 91.359666596036675, 26.328664980704332 ] ] ] } },
{ "type": "Feature", "properties": { "pincode": "781308", "state": "Assam", "district": "Barpeta", "officename": "Mandia", "officetype": "S.O" }, "geometry": { "type": "Polygon", "coordinates": [ [ [ 90.677835629510867, 26.176603955208464 ], [ 90.787157167069722, 26.198082983443044 ], [ 90.802145476032933, 26.213202159052514 ], [ 90.819683787476947, 26.217631026050981 ], [ 90.825529891591373, 26.231626244255722 ], [ 90.837222099820167, 26.233752100379263 ], [ 90.867119005437814, 26.263010987367124 ], [ 90.882677536738981, 26.25273830233084 ], [ 90.895474969494273, 26.254568258118809 ], [ 90.909775678405026, 26.265321271959237 ], [ 90.909878180433793, 26.276568467760569 ], [ 90.92256151260392, 26.27758662352403 ], [ 90.924059642838358, 26.265227237946817 ], [ 90.938392091521848, 26.261203223250277 ], [ 90.936298443718272, 26.281421709544304 ], [ 90.965660730258605, 26.284835134034438 ], [ 90.96271215544175, 26.269046735118877 ], [ 90.975288802836019, 26.259699505527806 ], [ 90.99205728921271, 26.260247538892997 ], [ 91.005842755838728, 26.270262860442699 ], [ 91.010598178363239, 26.288650861248414 ], [ 91.038226088163526, 26.300425101137478 ], [ 91.038669538468639, 26.287414373474576 ], [ 91.029750077704023, 26.286442700969985 ], [ 91.01489753669199, 26.259015260845729 ], [ 91.035952916793633, 26.253980488209095 ], [ 91.029477323220135, 26.235740999647476 ], [ 91.038748246234832, 26.235763551946491 ], [ 91.039299067498064, 26.215337571372004 ], [ 91.000659162490365, 26.200594993164373 ], [ 91.00185031543981, 26.186706755612363 ], [ 90.968257131461598, 26.181938387346804 ], [ 90.938286797098044, 26.120889799724523 ], [ 90.91884745734427, 26.125179236732436 ], [ 90.917920596258625, 26.133522287823439 ], [ 90.895996533113589, 26.126574473733001 ], [ 90.917303376250004, 26.114883457106032 ], [ 90.903151372038337, 26.105153902330869 ], [ 90.875033332622365, 26.104682596424709 ], [ 90.854060991421647, 26.133459579895884 ], [ 90.716690886175456, 26.141796161263869 ], [ 90.69147980814671, 26.150039160978679 ], [ 90.677835629510867, 26.176603955208464 ] ] ] } },
{ "type": "Feature", "properties": { "pincode": "781311", "state": "Assam", "district": "Barpeta", "officename": "Nagaon Bazar", "officetype": "S.O" }, "geometry": { "type": "Polygon", "coordinates": [ [ [ 91.149736997364585, 26.385799108142521 ], [ 91.192716995493129, 26.385670193025021 ], [ 91.195478535605957, 26.358616597477976 ], [ 91.210563492011602, 26.331204337909924 ], [ 91.168404715205497, 26.313908172524293 ], [ 91.154892102888368, 26.294909906167391 ], [ 91.09449916690312, 26.309454769322201 ], [ 91.106025782064307, 26.325075026491334 ], [ 91.099923412535645, 26.331458936880608 ], [ 91.106790982817699, 26.335355237054671 ], [ 91.103077831376993, 26.34332882686391 ], [ 91.11515875267429, 26.34758514004227 ], [ 91.107456562970128, 26.360001324101972 ], [ 91.149736997364585, 26.385799108142521 ] ] ] } },
{ "type": "Feature", "properties": { "pincode": "781309", "state": "Assam", "district": "Barpeta", "officename": "Bhella", "officetype": "S.O" }, "geometry": { "type": "Polygon", "coordinates": [ [ [ 91.015681854334275, 26.38760055452201 ], [ 91.02806671770486, 26.408874676725077 ], [ 91.06294577752567, 26.398111245137954 ], [ 91.093373368586128, 26.408530532258339 ], [ 91.079117385659004, 26.379383109043431 ], [ 91.060034297944526, 26.370422792078216 ], [ 91.058619386475641, 26.355186231559514 ], [ 91.073504481146983, 26.340811513840436 ], [ 91.107456562970128, 26.360001324101972 ], [ 91.11515875267429, 26.34758514004227 ], [ 91.103077831376993, 26.34332882686391 ], [ 91.106790982817699, 26.335355237054671 ], [ 91.099923412535645, 26.331458936880608 ], [ 91.106025782064307, 26.325075026491334 ], [ 91.093295247178105, 26.312521582505155 ], [ 91.103639165714924, 26.303750068311047 ], [ 91.123414318616085, 26.306538303899572 ], [ 91.129463603862348, 26.300589662683024 ], [ 91.099577317439241, 26.297128046222497 ], [ 91.078239731878227, 26.273402133801483 ], [ 91.062338765721506, 26.268428762377425 ], [ 91.076652359219167, 26.254547581805525 ], [ 91.076856406398122, 26.243226658683398 ], [ 91.052107705806122, 26.256010178926829 ], [ 91.049880314425081, 26.24562317387057 ], [ 91.058787549805686, 26.239399725017392 ], [ 91.05127159620713, 26.236448143766893 ], [ 91.055142511218094, 26.223951061192622 ], [ 91.041234906765624, 26.214276468484286 ], [ 91.038748246234832, 26.235763551946491 ], [ 91.029477323220135, 26.235740999647476 ], [ 91.035952916793633, 26.253980488209095 ], [ 91.01489753669199, 26.259015260845729 ], [ 91.029750077704023, 26.286442700969985 ], [ 91.038669538468639, 26.287414373474576 ], [ 91.038226088163526, 26.300425101137478 ], [ 91.026881026338287, 26.300705542127162 ], [ 91.031099275711199, 26.323008839486533 ], [ 91.028579366344843, 26.341770258590714 ], [ 91.019321921469668, 26.345511691011836 ], [ 91.015681854334275, 26.38760055452201 ] ] ] } },
{ "type": "Feature", "properties": { "pincode": "781312", "state": "Assam", "district": "Barpeta, Nalbari", "officename": "Rampur (Nalbari)", "officetype": "S.O" }, "geometry": { "type": "Polygon", "coordinates": [ [ [ 91.206791893631134, 26.288610895376735 ], [ 91.202043397684804, 26.302934677293592 ], [ 91.260228253431308, 26.33479822036162 ], [ 91.253423675262638, 26.341467031478487 ], [ 91.259914893657594, 26.367471136184122 ], [ 91.281623999947669, 26.372347000413811 ], [ 91.27416999974588, 26.36148799967151 ], [ 91.27921300027981, 26.340790000258437 ], [ 91.269607999809466, 26.336059999769191 ], [ 91.300458804630296, 26.325617086559475 ], [ 91.301706437702023, 26.313512884512193 ], [ 91.289513654231826, 26.311146952569914 ], [ 91.29271447539287, 26.289669550309725 ], [ 91.273881111424259, 26.282340686273699 ], [ 91.263629600925412, 26.240369947814997 ], [ 91.25231848580961, 26.243087625293754 ], [ 91.247109702450814, 26.231783756915036 ], [ 91.228130732847092, 26.238545459005877 ], [ 91.242637999843851, 26.256535999936489 ], [ 91.221862999577809, 26.26047700001368 ], [ 91.22531062528526, 26.289499038849669 ], [ 91.206791893631134, 26.288610895376735 ] ] ] } },
{ "type": "Feature", "properties": { "pincode": "781313", "state": "Assam", "district": "Baksa, Barpeta", "officename": "Simlaguri", "officetype": "S.O" }, "geometry": { "type": "Polygon", "coordinates": [ [ [ 90.925005740422648, 26.469109963354185 ], [ 90.934949198946413, 26.485594953744226 ], [ 90.928033104844019, 26.497283859662389 ], [ 90.944823180345679, 26.499061733912015 ], [ 90.954386495440531, 26.485616712841136 ], [ 90.964708823053797, 26.494454196803872 ], [ 90.98003001247514, 26.487891675660478 ], [ 91.006410062574503, 26.501934071400399 ], [ 91.008382353163142, 26.515433353066783 ], [ 91.040777563733741, 26.518383791279064 ], [ 91.027410346610338, 26.491350005997958 ], [ 91.013304078320687, 26.477521185754199 ], [ 90.9898973487837, 26.47694810087421 ], [ 90.985034661420684, 26.460839247433341 ], [ 90.982818665349271, 26.472321937907225 ], [ 90.953589120541608, 26.464047425948024 ], [ 90.941686006903922, 26.468314726143888 ], [ 90.937418329892125, 26.443027236318073 ], [ 90.927633577427684, 26.448761754351665 ], [ 90.925005740422648, 26.469109963354185 ] ] ] } },
{ "type": "Feature", "properties": { "pincode": "781316", "state": "Assam", "district": "Baksa, Barpeta", "officename": "Howly", "officetype": "S.O" }, "geometry": { "type": "Polygon", "coordinates": [ [ [ 90.930561496615837, 26.430176917131178 ], [ 90.941686006903922, 26.468314726143888 ], [ 90.953589120541608, 26.464047425948024 ], [ 90.982818665349271, 26.472321937907225 ], [ 90.985034661420684, 26.460839247433341 ], [ 90.9898973487837, 26.47694810087421 ], [ 91.004256546003035, 26.477834183101209 ], [ 91.013304078320687, 26.477521185754199 ], [ 91.018371329073716, 26.465648954835501 ], [ 91.026502570037678, 26.467478890838208 ], [ 91.048779688132242, 26.436211590192897 ], [ 91.039068058644091, 26.43584308668909 ], [ 91.040349040375986, 26.409790904226952 ], [ 91.02806671770486, 26.408874676725077 ], [ 91.016151622399434, 26.391913528586429 ], [ 91.020079441113467, 26.368176082360378 ], [ 91.003242331068805, 26.355993352411474 ], [ 90.99899230595031, 26.363031319939523 ], [ 90.976179770180352, 26.36023454079151 ], [ 90.971924572161527, 26.378836246595483 ], [ 90.954843608246051, 26.376020159902566 ], [ 90.950810650690983, 26.391191481801627 ], [ 90.938829217794307, 26.391419731535564 ], [ 90.930561496615837, 26.430176917131178 ] ] ] } },
{ "type": "Feature", "properties": { "pincode": "781314", "state": "Assam", "district": "Barpeta", "officename": "Santinagar (Barpeta)", "officetype": "S.O" }, "geometry": { "type": "Polygon", "coordinates": [ [ [ 91.027020027352535, 26.306217930313437 ], [ 90.99205728921271, 26.260247538892997 ], [ 90.975288802836019, 26.259699505527806 ], [ 90.96271215544175, 26.269046735118877 ], [ 90.965660730258605, 26.284835134034438 ], [ 90.936298443718272, 26.281421709544304 ], [ 90.938392091521848, 26.261203223250277 ], [ 90.924059642838358, 26.265227237946817 ], [ 90.92256151260392, 26.27758662352403 ], [ 90.909878180433793, 26.276568467760569 ], [ 90.910303181146958, 26.286853579629053 ], [ 90.922385602513657, 26.284327952373133 ], [ 90.922710755996832, 26.296367086671864 ], [ 90.899505763280501, 26.294563714843605 ], [ 90.897222166969527, 26.313224470133434 ], [ 90.917384141665025, 26.326840452325143 ], [ 90.923080728093169, 26.344715949281692 ], [ 90.900617196726387, 26.349724088495975 ], [ 90.897728353980426, 26.382547049007144 ], [ 90.913159145578334, 26.382733613365588 ], [ 90.937796785293529, 26.39822459478944 ], [ 90.938829217794307, 26.391419731535564 ], [ 90.950810650690983, 26.391191481801627 ], [ 90.954843608246051, 26.376020159902566 ], [ 90.971924572161527, 26.378836246595483 ], [ 90.976179770180352, 26.36023454079151 ], [ 90.99899230595031, 26.363031319939523 ], [ 91.003242331068805, 26.355993352411474 ], [ 91.020079441113467, 26.368176082360378 ], [ 91.026198904955606, 26.322466380119522 ], [ 90.986190453926497, 26.332374726412638 ], [ 90.976747848534501, 26.294644394823138 ], [ 90.998151858921347, 26.299699579372145 ], [ 91.009102972724122, 26.294563615918321 ], [ 91.010876503248198, 26.30496564235068 ], [ 91.027020027352535, 26.306217930313437 ] ] ] } },
{ "type": "Feature", "properties": { "pincode": "781315", "state": "Assam", "district": "Baksa, Barpeta, Chirang", "officename": "Barpeta Road", "officetype": "S.O" }, "geometry": { "type": "Polygon", "coordinates": [ [ [ 90.883528646130344, 26.567945084797884 ], [ 90.904568359142502, 26.596036935056475 ], [ 90.897767505965703, 26.608360077955297 ], [ 90.87401706183806, 26.604768006738311 ], [ 90.876998999704085, 26.6163979998679 ], [ 90.902405000390615, 26.634987000050046 ], [ 90.897574999786514, 26.669747999570689 ], [ 90.918488000121215, 26.710325000198679 ], [ 90.916634000059105, 26.726212999930169 ], [ 90.961121062287248, 26.789400731158878 ], [ 90.993774414258041, 26.787963867238716 ], [ 91.042560943632793, 26.655561880476512 ], [ 91.054881000957494, 26.642354285821739 ], [ 91.044597502472925, 26.632878834490782 ], [ 91.037532025582607, 26.590215315884336 ], [ 91.060552382086883, 26.583372785425809 ], [ 91.060455623128689, 26.551528425796221 ], [ 91.049394635554108, 26.548768183404945 ], [ 91.040777563733741, 26.518383791279064 ], [ 91.008382353163142, 26.515433353066783 ], [ 91.006410062574503, 26.501934071400399 ], [ 90.989230125569975, 26.49154252926445 ], [ 90.97087738088652, 26.487879925118477 ], [ 90.964708823053797, 26.494454196803872 ], [ 90.954386495440531, 26.485616712841136 ], [ 90.944446970551326, 26.500051769673632 ], [ 90.954638204889363, 26.510156928999322 ], [ 90.926485711546434, 26.524141924610319 ], [ 90.943000719507779, 26.526041226221764 ], [ 90.927397586329732, 26.539251152818622 ], [ 90.923700364580156, 26.570458983995138 ], [ 90.91132064802963, 26.568340697465317 ], [ 90.899390858701167, 26.547108535830375 ], [ 90.886363293930913, 26.550580865914299 ], [ 90.883528646130344, 26.567945084797884 ] ] ] } },
{ "type": "Feature", "properties": { "pincode": "781317", "state": "Assam", "district": "Barpeta", "officename": "Sorbhog", "officetype": "S.O" }, "geometry": { "type": "Polygon", "coordinates": [ [ [ 90.811890000023482, 26.43895299988111 ], [ 90.82889600005052, 26.453069999780837 ], [ 90.820365999691319, 26.476331999622232 ], [ 90.807364999994775, 26.478593999613452 ], [ 90.809669000124302, 26.499723000016445 ], [ 90.825141999603659, 26.492418000390444 ], [ 90.838660999805484, 26.504095000184236 ], [ 90.849288999787575, 26.497017000234507 ], [ 90.855110000226432, 26.501793000146904 ], [ 90.8566209997594, 26.533885999839129 ], [ 90.834007000123108, 26.538610000051449 ], [ 90.831887693762155, 26.55156669104997 ], [ 90.884155901673637, 26.556910621827853 ], [ 90.899390858701167, 26.547108535830375 ], [ 90.91132064802963, 26.568340697465317 ], [ 90.923700364580156, 26.570458983995138 ], [ 90.927397586329732, 26.539251152818622 ], [ 90.943000719507779, 26.526041226221764 ], [ 90.927620321420932, 26.521030191190391 ], [ 90.954638204889363, 26.510156928999322 ], [ 90.944823180345679, 26.499061733912015 ], [ 90.928033104844019, 26.497283859662389 ], [ 90.935003398388289, 26.48804879351718 ], [ 90.925005740422648, 26.469109963354185 ], [ 90.927633577427684, 26.448761754351665 ], [ 90.937418329892125, 26.443027236318073 ], [ 90.90682992026467, 26.441705276977132 ], [ 90.908369194482816, 26.449719336278463 ], [ 90.89437449698562, 26.458002591446643 ], [ 90.884486544618483, 26.439817064006434 ], [ 90.847548999586763, 26.445436000271343 ], [ 90.835753999747396, 26.433516000063491 ], [ 90.802414000106126, 26.427923000246437 ], [ 90.789803000408313, 26.438712999605286 ], [ 90.799270999956775, 26.444557000205521 ], [ 90.811890000023482, 26.43895299988111 ] ] ] } },
{ "type": "Feature", "properties": { "pincode": "781318", "state": "Assam", "district": "Baksa, Barpeta", "officename": "Sarupeta", "officetype": "S.O" }, "geometry": { "type": "Polygon", "coordinates": [ [ [ 91.016171319351088, 26.481079125900976 ], [ 91.035589693209829, 26.503049750545586 ], [ 91.049394635554108, 26.548768183404945 ], [ 91.060455623128689, 26.551528425796221 ], [ 91.060552382086883, 26.583372785425809 ], [ 91.037532025582607, 26.590215315884336 ], [ 91.044597502472925, 26.632878834490782 ], [ 91.054881000957494, 26.642354285821739 ], [ 91.042560943632793, 26.655561880476512 ], [ 90.993774414258041, 26.787963867238716 ], [ 91.053123473869391, 26.788930892946439 ], [ 91.088035583775365, 26.815853119126189 ], [ 91.142501830994775, 26.810214996724881 ], [ 91.133744152870349, 26.778145332640918 ], [ 91.152454737795892, 26.743777776623176 ], [ 91.10840171986348, 26.711664306562625 ], [ 91.143066216732734, 26.6987049140007 ], [ 91.146214843940015, 26.678655618961727 ], [ 91.132061151700839, 26.675011709922501 ], [ 91.126046859075473, 26.662513437545329 ], [ 91.103844873042533, 26.666026073444641 ], [ 91.10150219576974, 26.652607605756543 ], [ 91.119863009170615, 26.654022461467491 ], [ 91.120029899060626, 26.638072904940827 ], [ 91.106392870934371, 26.636831315313088 ], [ 91.121073142311729, 26.622745405875833 ], [ 91.10320625456518, 26.614519174020813 ], [ 91.122400994010718, 26.608887713797003 ], [ 91.144690161222002, 26.614139442481473 ], [ 91.141714971868623, 26.597230696939221 ], [ 91.133852404265042, 26.604940625309837 ], [ 91.115762453174739, 26.574226932926649 ], [ 91.118342012773724, 26.542703756273454 ], [ 91.10559916257148, 26.508774483056015 ], [ 91.115832637166477, 26.475671143608622 ], [ 91.105500475466613, 26.470667186241712 ], [ 91.117280960248252, 26.459997653768937 ], [ 91.093211824266348, 26.445913044751364 ], [ 91.06569324864472, 26.446141354739837 ], [ 91.062377330449578, 26.456712496884279 ], [ 91.038323308474105, 26.450475472764879 ], [ 91.026502570037678, 26.467478890838208 ], [ 91.017012684587939, 26.467373984022174 ], [ 91.016171319351088, 26.481079125900976 ] ] ] } },
{ "type": "Feature", "properties": { "pincode": "781329", "state": "Assam", "district": "Baksa, Barpeta", "officename": "Nityananda", "officetype": "S.O" }, "geometry": { "type": "Polygon", "coordinates": [ [ [ 91.215819448232764, 26.526657909154892 ], [ 91.212571978569088, 26.544241428375301 ], [ 91.195084333419857, 26.547059297561646 ], [ 91.190349966287613, 26.581436902284736 ], [ 91.178465783595982, 26.587200075388125 ], [ 91.190383434295711, 26.604574948549327 ], [ 91.202442497015113, 26.606936722993964 ], [ 91.201395064592532, 26.626427799463386 ], [ 91.216913670301437, 26.622360855341128 ], [ 91.231805413961524, 26.632319033145961 ], [ 91.242599010467529, 26.61296799778944 ], [ 91.267859995365143, 26.619971990585327 ], [ 91.255333006381989, 26.59202399849903 ], [ 91.242576986551342, 26.588068008422908 ], [ 91.274178057909069, 26.582059860229549 ], [ 91.265012174844799, 26.573717504739932 ], [ 91.269367426633835, 26.561753451824245 ], [ 91.294257998466492, 26.562141001224632 ], [ 91.253900855779591, 26.534731149673519 ], [ 91.240430116653442, 26.544269621372223 ], [ 91.215819448232764, 26.526657909154892 ] ] ] } },
{ "type": "Feature", "properties": { "pincode": "781319", "state": "Assam", "district": "Barpeta", "officename": "Kalgachia", "officetype": "S.O" }, "geometry": { "type": "Polygon", "coordinates": [ [ [ 90.861403999994707, 26.361616000178401 ], [ 90.863594000262992, 26.375381000033201 ], [ 90.847252000279695, 26.402249999837807 ], [ 90.862152000314722, 26.431450000117593 ], [ 90.8554397456478, 26.444762031242817 ], [ 90.884486544618483, 26.439817064006434 ], [ 90.89437449698562, 26.458002591446643 ], [ 90.908369194482816, 26.449719336278463 ], [ 90.90682992026467, 26.441705276977132 ], [ 90.935100822844731, 26.441142944391459 ], [ 90.926456940435571, 26.428761377036096 ], [ 90.937796785293529, 26.39822459478944 ], [ 90.89649682237058, 26.379033617207767 ], [ 90.900617196726387, 26.349724088495975 ], [ 90.923080728093169, 26.344715949281692 ], [ 90.917384141665025, 26.326840452325143 ], [ 90.897222166969527, 26.313224470133434 ], [ 90.899505763280501, 26.294563714843605 ], [ 90.922710755996832, 26.296367086671864 ], [ 90.922385602513657, 26.284327952373133 ], [ 90.910303181146958, 26.286853579629053 ], [ 90.909775678405026, 26.265321271959237 ], [ 90.895474969494273, 26.254568258118809 ], [ 90.875772546565941, 26.256028604236803 ], [ 90.854571108469941, 26.277637001746314 ], [ 90.824941585685679, 26.273578042092936 ], [ 90.815240852383511, 26.279895437724292 ], [ 90.79994776317892, 26.305849490661501 ], [ 90.804855000258215, 26.320668999574707 ], [ 90.792740000051083, 26.325416999994729 ], [ 90.821533000447801, 26.36557800032449 ], [ 90.842719999928136, 26.357910000146376 ], [ 90.861403999994707, 26.361616000178401 ] ] ] } },
{ "type": "Feature", "properties": { "pincode": "781321", "state": "Assam", "district": "Barpeta", "officename": "Mayanbari", "officetype": "S.O" }, "geometry": { "type": "Polygon", "coordinates": [ [ [ 90.680633999559632, 26.256403000098487 ], [ 90.736130000199523, 26.259056000134478 ], [ 90.734787000319898, 26.268108000283917 ], [ 90.72292299999657, 26.267897000446226 ], [ 90.722037999654049, 26.281907999954399 ], [ 90.762641999728601, 26.312943000319365 ], [ 90.779471999733119, 26.303362000056381 ], [ 90.79994776317892, 26.305849490661501 ], [ 90.815240852383511, 26.279895437724292 ], [ 90.824941585685679, 26.273578042092936 ], [ 90.854571108469941, 26.277637001746314 ], [ 90.867227615662102, 26.260295720970873 ], [ 90.787157167069722, 26.198082983443044 ], [ 90.677835629510867, 26.176603955208464 ], [ 90.662560651752869, 26.205724458117402 ], [ 90.667977115551594, 26.203465130911184 ], [ 90.670097000176554, 26.212104999645987 ], [ 90.656021000369037, 26.241382999925634 ], [ 90.680633999559632, 26.256403000098487 ] ] ] } },
{ "type": "Feature", "properties": { "pincode": "782442", "state": "Assam", "district": "Hojai", "officename": "Sankardev Nagar", "officetype": "S.O" }, "geometry": { "type": "Polygon", "coordinates": [ [ [ 92.908377041567348, 25.95934866530871 ], [ 92.926015379206547, 26.009317631403576 ], [ 92.921987116112575, 26.027983806907116 ], [ 92.935798550662582, 26.02905674307442 ], [ 92.959207408894883, 26.021448540617769 ], [ 92.969392603386041, 26.004058478815807 ], [ 92.98725559347082, 25.997300853351817 ], [ 92.997086734764935, 25.969159325442604 ], [ 92.956668375445247, 25.957890495550089 ], [ 92.958254619455317, 25.949223368363846 ], [ 92.944514672014748, 25.932878795420208 ], [ 92.908377041567348, 25.95934866530871 ] ] ] } },
{ "type": "Feature", "properties": { "pincode": "781325", "state": "Assam", "district": "Barpeta", "officename": "Pathsala", "officetype": "S.O" }, "geometry": { "type": "Polygon", "coordinates": [ [ [ 91.108150415109606, 26.500556028538028 ], [ 91.118342012773724, 26.542703756273454 ], [ 91.115762453174739, 26.574226932926649 ], [ 91.133852404265042, 26.604940625309837 ], [ 91.153330835749728, 26.557831511415202 ], [ 91.171340132940827, 26.553352521601653 ], [ 91.190349980767223, 26.581436908386706 ], [ 91.195084324981849, 26.547059308740074 ], [ 91.212571983010719, 26.544241415309159 ], [ 91.216461641691524, 26.527634571278554 ], [ 91.206257959837046, 26.514668173897121 ], [ 91.210188031352573, 26.502379341933192 ], [ 91.20099330429764, 26.4742310079547 ], [ 91.1904212520393, 26.462488680508272 ], [ 91.194643289356407, 26.451037991510077 ], [ 91.142570290986214, 26.434758530381941 ], [ 91.134770804529182, 26.439619454174476 ], [ 91.134553475262749, 26.460435891603197 ], [ 91.117280960248252, 26.459997653768937 ], [ 91.105500475466613, 26.470667186241712 ], [ 91.115832637166477, 26.475671143608622 ], [ 91.108150415109606, 26.500556028538028 ] ] ] } },
{ "type": "Feature", "properties": { "pincode": "781326", "state": "Assam", "district": "Barpeta", "officename": "Patacharkuchi", "officetype": "S.O" }, "geometry": { "type": "Polygon", "coordinates": [ [ [ 91.201464988818429, 26.475582114323174 ], [ 91.211679729635875, 26.521635280244084 ], [ 91.240430110261627, 26.544269627041615 ], [ 91.250518676196066, 26.537781645306836 ], [ 91.250747999720488, 26.509708000024261 ], [ 91.269516000063504, 26.493021000318834 ], [ 91.26278019305164, 26.478332568493329 ], [ 91.251462451730788, 26.477489460370464 ], [ 91.247638498418041, 26.488271831679867 ], [ 91.217602241950033, 26.46845091407863 ], [ 91.214780195449748, 26.478671397966821 ], [ 91.201464988818429, 26.475582114323174 ] ] ] } },
{ "type": "Feature", "properties": { "pincode": "781328", "state": "Assam", "district": "Baksa, Barpeta", "officename": "Baghmarabazar", "officetype": "S.O" }, "geometry": { "type": "Polygon", "coordinates": [ [ [ 91.19038342025874, 26.604574961865239 ], [ 91.178465791563099, 26.587200077921352 ], [ 91.185612028472519, 26.582271803001277 ], [ 91.171340132940827, 26.553352521601653 ], [ 91.153330835749728, 26.557831511415202 ], [ 91.141677883827356, 26.597459215570439 ], [ 91.144690161222002, 26.614139442481473 ], [ 91.122400994010718, 26.608887713797003 ], [ 91.10320625456518, 26.614519174020813 ], [ 91.121073142311729, 26.622745405875833 ], [ 91.106392870934371, 26.636831315313088 ], [ 91.120029899060626, 26.638072904940827 ], [ 91.119863009170615, 26.654022461467491 ], [ 91.10150219576974, 26.652607605756543 ], [ 91.103844873042533, 26.666026073444641 ], [ 91.155260451708614, 26.651420559111727 ], [ 91.151471474828838, 26.642084626804149 ], [ 91.166290336230077, 26.632790830432725 ], [ 91.201395079119777, 26.626427798704015 ], [ 91.202442501520295, 26.606936716456403 ], [ 91.19038342025874, 26.604574961865239 ] ] ] } },
{ "type": "Feature", "properties": { "pincode": "781327", "state": "Assam", "district": "Baksa", "officename": "Jalahghat", "officetype": "S.O" }, "geometry": { "type": "Polygon", "coordinates": [ [ [ 91.110876358257428, 26.70695277904764 ], [ 91.110774644034791, 26.714314618525009 ], [ 91.132067618725785, 26.726618878358636 ], [ 91.128493373870128, 26.718155260557012 ], [ 91.141331896649774, 26.713151546906431 ], [ 91.174850480965006, 26.724501541513007 ], [ 91.193993630801515, 26.752075151147324 ], [ 91.200187184391154, 26.747894233532236 ], [ 91.193098918680221, 26.739117193004233 ], [ 91.187782687021468, 26.691085738915888 ], [ 91.234808885222037, 26.691490315126089 ], [ 91.244885204188961, 26.736694041696694 ], [ 91.22039905527231, 26.758067456248341 ], [ 91.253483936134842, 26.753952998532156 ], [ 91.26791073269419, 26.758827314129348 ], [ 91.273741476388068, 26.772911795443179 ], [ 91.300037149395109, 26.775813962544476 ], [ 91.298034176636122, 26.757118832468279 ], [ 91.279413524814402, 26.740313756274929 ], [ 91.28827902985347, 26.735671487349407 ], [ 91.286206486440335, 26.712595194812479 ], [ 91.273107163864665, 26.714395511643716 ], [ 91.263442289230397, 26.705340381853205 ], [ 91.271073476559877, 26.700170104766528 ], [ 91.263608696184576, 26.680634212898781 ], [ 91.285224713649768, 26.670862822561389 ], [ 91.247307000218086, 26.643636999647924 ], [ 91.24801599963871, 26.622638999890114 ], [ 91.235102615493417, 26.61970505524414 ], [ 91.231805405894931, 26.632319042489939 ], [ 91.215056365558894, 26.622328942426861 ], [ 91.164476889297191, 26.633749522122855 ], [ 91.151471474828838, 26.642084626804149 ], [ 91.155260451708614, 26.651420559111727 ], [ 91.135299035722028, 26.652934274597271 ], [ 91.126046859075473, 26.662513437545329 ], [ 91.132061151700839, 26.675011709922501 ], [ 91.145059336519296, 26.674418818373852 ], [ 91.143066216732734, 26.6987049140007 ], [ 91.110876358257428, 26.70695277904764 ] ] ] } },
{ "type": "Feature", "properties": { "pincode": "781330", "state": "Assam", "district": "Baksa", "officename": "Kokilabari Farm", "officetype": "S.O" }, "geometry": { "type": "Polygon", "coordinates": [ [ [ 91.130609626133378, 26.716658221200134 ], [ 91.153235927596029, 26.748202970790544 ], [ 91.133744152870349, 26.778145332640918 ], [ 91.142501830994775, 26.810214996724881 ], [ 91.262672424592722, 26.807207107122281 ], [ 91.298996511479913, 26.783967852034834 ], [ 91.300037149395109, 26.775813962544476 ], [ 91.273741476388068, 26.772911795443179 ], [ 91.266007906639743, 26.757617643239826 ], [ 91.22039905527231, 26.758067456248341 ], [ 91.244885204188961, 26.736694041696694 ], [ 91.236843836074286, 26.692302706904456 ], [ 91.187782687021468, 26.691085738915888 ], [ 91.193098918680221, 26.739117193004233 ], [ 91.200187184391154, 26.747894233532236 ], [ 91.193993630801515, 26.752075151147324 ], [ 91.174850480965006, 26.724501541513007 ], [ 91.151247803543413, 26.713762045382225 ], [ 91.130609626133378, 26.716658221200134 ] ] ] } },
{ "type": "Feature", "properties": { "pincode": "781334", "state": "Assam", "district": "Nalbari", "officename": "Chowkbazar (Nalbari)", "officetype": "S.O" }, "geometry": { "type": "Polygon", "coordinates": [ [ [ 91.408612665142527, 26.392127535757197 ], [ 91.420073056926185, 26.400063468254643 ], [ 91.433585409339344, 26.436432998783914 ], [ 91.452757427413417, 26.433875384441535 ], [ 91.456864670768084, 26.44798031813724 ], [ 91.468058703146824, 26.4492968239893 ], [ 91.478113247728288, 26.430496331140944 ], [ 91.500176750756623, 26.420643933470785 ], [ 91.486411924470872, 26.403620839130554 ], [ 91.490161140524208, 26.394609292285111 ], [ 91.476740425430478, 26.38455410738618 ], [ 91.462027463696586, 26.382711129415213 ], [ 91.454153796660535, 26.395496719897778 ], [ 91.452317236251531, 26.384369265229509 ], [ 91.43799094342728, 26.388868974523575 ], [ 91.44131100929576, 26.371635848915219 ], [ 91.409279942315607, 26.367142274796208 ], [ 91.419481255355777, 26.386701457306629 ], [ 91.408612665142527, 26.392127535757197 ] ] ] } },
{ "type": "Feature", "properties": { "pincode": "781335", "state": "Assam", "district": "Nalbari", "officename": "Nalbari", "officetype": "H.O" }, "geometry": { "type": "Polygon", "coordinates": [ [ [ 91.456942373092147, 26.456170752478329 ], [ 91.452757427413417, 26.433875384441535 ], [ 91.43381204119288, 26.438253373194584 ], [ 91.441832245561784, 26.454198507755052 ], [ 91.456942373092147, 26.456170752478329 ] ] ] } },
{ "type": "Feature", "properties": { "pincode": "781338", "state": "Assam", "district": "Nalbari", "officename": "Solmara", "officetype": "S.O" }, "geometry": { "type": "Polygon", "coordinates": [ [ [ 91.239511013922311, 26.398282744053517 ], [ 91.250640077477613, 26.418241816406749 ], [ 91.257548002138719, 26.408040454803313 ], [ 91.27701758968999, 26.402352570215101 ], [ 91.307554710081945, 26.403085008666324 ], [ 91.324071630001924, 26.384286731747409 ], [ 91.343187324435519, 26.378753240070068 ], [ 91.342093899913721, 26.358849109998459 ], [ 91.32892724869356, 26.36057039890494 ], [ 91.330893978774213, 26.350355448545201 ], [ 91.311800116282427, 26.32958134850054 ], [ 91.271258619989396, 26.331799282610916 ], [ 91.27921300027981, 26.340790000258437 ], [ 91.27416999974588, 26.36148799967151 ], [ 91.281623999947669, 26.372347000413811 ], [ 91.251152000364641, 26.367121000433883 ], [ 91.239511013922311, 26.398282744053517 ] ] ] } },
{ "type": "Feature", "properties": { "pincode": "781346", "state": "Assam", "district": "Baksa, Nalbari", "officename": "Barama", "officetype": "S.O" }, "geometry": { "type": "Polygon", "coordinates": [ [ [ 91.308625310709658, 26.510638556424396 ], [ 91.314838367896471, 26.526664370963942 ], [ 91.309329350369296, 26.53647876957973 ], [ 91.317593206261506, 26.539928446640545 ], [ 91.319463002015993, 26.558405996539534 ], [ 91.360915685110967, 26.579169990902415 ], [ 91.374966279070577, 26.58023893228102 ], [ 91.374360127917669, 26.56849847182707 ], [ 91.402609519613748, 26.566610160830407 ], [ 91.407507835418301, 26.559805053860202 ], [ 91.42245184827425, 26.566484307005283 ], [ 91.461820178058872, 26.542743299463723 ], [ 91.427220652711128, 26.533037255664965 ], [ 91.430481934393868, 26.514717185149948 ], [ 91.412503728564388, 26.514886658792364 ], [ 91.408847133688255, 26.502971780223618 ], [ 91.35324834503524, 26.501673723063902 ], [ 91.346921687286113, 26.489064790008229 ], [ 91.330210499415102, 26.491549153670576 ], [ 91.329995109986498, 26.505334887395236 ], [ 91.308625310709658, 26.510638556424396 ] ] ] } },
{ "type": "Feature", "properties": { "pincode": "781349", "state": "Assam", "district": "Baksa, Nalbari", "officename": "Nizdhamdhama", "officetype": "S.O" }, "geometry": { "type": "Polygon", "coordinates": [ [ [ 91.431089483992594, 26.509647395610841 ], [ 91.427220652711128, 26.533037255664965 ], [ 91.461820178058872, 26.542743299463723 ], [ 91.433746559756116, 26.558908593456863 ], [ 91.445870205145923, 26.590286882134137 ], [ 91.468371334469623, 26.591749103338543 ], [ 91.471109635201742, 26.611983192870071 ], [ 91.49580724261034, 26.612231229487804 ], [ 91.524757341977875, 26.546410066571411 ], [ 91.518898187801312, 26.530355966554794 ], [ 91.485316325388283, 26.501423388678518 ], [ 91.472802451572022, 26.507535517650183 ], [ 91.447401435827715, 26.500467110768682 ], [ 91.431089483992594, 26.509647395610841 ] ] ] } },
{ "type": "Feature", "properties": { "pincode": "781350", "state": "Assam", "district": "Nalbari", "officename": "Lahkarpara", "officetype": "B.O" }, "geometry": { "type": "Polygon", "coordinates": [ [ [ 91.503517354442522, 26.381369554061678 ], [ 91.505874998232628, 26.393727946787408 ], [ 91.515394123340343, 26.385975483182108 ], [ 91.535914669426518, 26.388367437007673 ], [ 91.527862999577792, 26.377939000184767 ], [ 91.538528000367137, 26.370623000051637 ], [ 91.521194699276009, 26.350922319109941 ], [ 91.503517354442522, 26.381369554061678 ] ] ] } },
{ "type": "Feature", "properties": { "pincode": "781352", "state": "Assam", "district": "Barpeta", "officename": "Bhowanipur", "officetype": "S.O" }, "geometry": { "type": "Polygon", "coordinates": [ [ [ 91.039068058644091, 26.43584308668909 ], [ 91.048779688132242, 26.436211590192897 ], [ 91.043847795239571, 26.455830069502269 ], [ 91.062377330449578, 26.456712496884279 ], [ 91.06569324864472, 26.446141354739837 ], [ 91.083827029094266, 26.44497017573309 ], [ 91.105696628396743, 26.448439926561434 ], [ 91.119759058334068, 26.461567141610487 ], [ 91.134553475262749, 26.460435891603197 ], [ 91.134770804529182, 26.439619454174476 ], [ 91.144561345030183, 26.42521409925132 ], [ 91.127190672611448, 26.424098104443999 ], [ 91.118671891294866, 26.412800845182971 ], [ 91.127688052561666, 26.391677620226233 ], [ 91.149736997364585, 26.385799108142521 ], [ 91.147449858624327, 26.379649253510422 ], [ 91.070462852578771, 26.341491688190899 ], [ 91.058619386475641, 26.355186231559514 ], [ 91.060034297944526, 26.370422792078216 ], [ 91.079117385659004, 26.379383109043431 ], [ 91.093373368586128, 26.408530532258339 ], [ 91.07298890431457, 26.398301683775799 ], [ 91.045145465690666, 26.398576292661858 ], [ 91.039068058644091, 26.43584308668909 ] ] ] } },
{ "type": "Feature", "properties": { "pincode": "781353", "state": "Assam", "district": "Nalbari", "officename": "Gopalbazar", "officetype": "S.O" }, "geometry": { "type": "Polygon", "coordinates": [ [ [ 91.320581142605761, 26.425208366073321 ], [ 91.29398167231642, 26.421951002736591 ], [ 91.29511629657992, 26.431014204841802 ], [ 91.304671993517672, 26.425963856846522 ], [ 91.320303335730443, 26.433780763171796 ], [ 91.320581142605761, 26.425208366073321 ] ] ] } },
{ "type": "Feature", "properties": { "pincode": "781355", "state": "Assam", "district": "Baksa, Nalbari", "officename": "Assam Syntex", "officetype": "S.O" }, "geometry": { "type": "Polygon", "coordinates": [ [ [ 91.277348816394863, 26.511677205562648 ], [ 91.255868673324585, 26.523396551609096 ], [ 91.253646999597493, 26.534530997276249 ], [ 91.294600367546025, 26.566645383834839 ], [ 91.269367426633835, 26.561753451824245 ], [ 91.265012174844799, 26.573717504739932 ], [ 91.274178057909069, 26.582059860229549 ], [ 91.350992769002971, 26.583305776119289 ], [ 91.349375665187893, 26.57086518406868 ], [ 91.319463014602775, 26.558405995369128 ], [ 91.317593216896228, 26.539928436279411 ], [ 91.309329360723495, 26.536478757858276 ], [ 91.312038332223949, 26.520548015832958 ], [ 91.277348816394863, 26.511677205562648 ] ] ] } },
{ "type": "Feature", "properties": { "pincode": "781354", "state": "Assam", "district": "Kamrup", "officename": "Rangia", "officetype": "S.O" }, "geometry": { "type": "Polygon", "coordinates": [ [ [ 91.613710345855907, 26.454898566116015 ], [ 91.676583182168258, 26.447082149021981 ], [ 91.678258469852608, 26.458114163138248 ], [ 91.687952058940482, 26.460215297797788 ], [ 91.705565283011538, 26.452950327895451 ], [ 91.705065082787542, 26.424332326575836 ], [ 91.721610558880229, 26.407409594777221 ], [ 91.72085724896283, 26.386338981059225 ], [ 91.698177444133819, 26.388002674683662 ], [ 91.699349321014324, 26.398444619323811 ], [ 91.680518265605485, 26.394377846360669 ], [ 91.678706588538432, 26.405174939571964 ], [ 91.656893162689528, 26.409342430309039 ], [ 91.645023303282869, 26.397528667913832 ], [ 91.645944323272033, 26.385005963654521 ], [ 91.632680347420148, 26.377224703757122 ], [ 91.634779008044973, 26.365041087975953 ], [ 91.599618587228179, 26.374607780025144 ], [ 91.575299635769682, 26.358687465854018 ], [ 91.572824667324596, 26.329562169558585 ], [ 91.523689000447121, 26.338589000382171 ], [ 91.524924999888924, 26.355365999741196 ], [ 91.538528000367137, 26.370623000051637 ], [ 91.527862999577792, 26.377939000184767 ], [ 91.54673800035863, 26.406480999798532 ], [ 91.542694000028121, 26.413835999931564 ], [ 91.561676000347234, 26.416371999968021 ], [ 91.564650999943808, 26.424330000029613 ], [ 91.554778999751193, 26.470462999667802 ], [ 91.56373946600371, 26.486731119445835 ], [ 91.600792728601618, 26.493497091517668 ], [ 91.620341834208318, 26.489205166984902 ], [ 91.617774777883824, 26.481631610910199 ], [ 91.583922349936586, 26.475922149787493 ], [ 91.578779091182184, 26.463641444996938 ], [ 91.600711821093739, 26.437788459669832 ], [ 91.620882100128995, 26.436426644174276 ], [ 91.613710345855907, 26.454898566116015 ] ] ] } },
{ "type": "Feature", "properties": { "pincode": "781360", "state": "Assam", "district": "Baksa", "officename": "Kumarikata", "officetype": "S.O" }, "geometry": { "type": "Polygon", "coordinates": [ [ [ 91.485185201535899, 26.695519129504191 ], [ 91.407428157283789, 26.832822731683848 ], [ 91.417915344117944, 26.860795974854398 ], [ 91.435195922453886, 26.873401641572684 ], [ 91.511169433922305, 26.868379592544272 ], [ 91.533439636230355, 26.817922592253979 ], [ 91.549758911244851, 26.803155898725777 ], [ 91.583137512486246, 26.799819946333571 ], [ 91.643942254331705, 26.811435186085134 ], [ 91.632051500976047, 26.785972716967422 ], [ 91.643709426149201, 26.770926979096885 ], [ 91.641435974190927, 26.759482558373463 ], [ 91.624936345536128, 26.753561254748035 ], [ 91.625999899076135, 26.736200107049399 ], [ 91.613491498533961, 26.71541524931439 ], [ 91.605637242464923, 26.715226692058366 ], [ 91.60264158184367, 26.685520335695117 ], [ 91.593256694041315, 26.681704990692879 ], [ 91.591424492646297, 26.68798896212104 ], [ 91.536193768627697, 26.695081708254406 ], [ 91.533912006034427, 26.701313835565145 ], [ 91.485185201535899, 26.695519129504191 ] ] ] } },
{ "type": "Feature", "properties": { "pincode": "781364", "state": "Assam", "district": "Baksa", "officename": "Maharipara", "officetype": "S.O" }, "geometry": { "type": "Polygon", "coordinates": [ [ [ 91.667186928733884, 26.577416323704426 ], [ 91.673882000054334, 26.644098000222698 ], [ 91.698859999889237, 26.703080999788483 ], [ 91.700065999746187, 26.769210999787845 ], [ 91.708168029830688, 26.795385360546106 ], [ 91.715332031048547, 26.79554939239074 ], [ 91.721404999940773, 26.753104999896038 ], [ 91.736969000019371, 26.72931900017187 ], [ 91.746681000028218, 26.683171999887861 ], [ 91.735930999815878, 26.657662999847616 ], [ 91.748153999607382, 26.646284000306423 ], [ 91.741631000070583, 26.637510000386385 ], [ 91.750801000266051, 26.636348999906602 ], [ 91.739203999664994, 26.629714999747421 ], [ 91.749167999603742, 26.625388999902498 ], [ 91.742660999905354, 26.601144999742019 ], [ 91.752212999730261, 26.60400799956966 ], [ 91.745871999593192, 26.589939000084939 ], [ 91.765660925611371, 26.571725278898725 ], [ 91.757754516957391, 26.566615388589469 ], [ 91.751072531671923, 26.572527318581024 ], [ 91.729478284994912, 26.559506067950792 ], [ 91.708704703859098, 26.569984963934928 ], [ 91.679559259152541, 26.571209651704123 ], [ 91.667186928733884, 26.577416323704426 ] ] ] } },
{ "type": "Feature", "properties": { "pincode": "781365", "state": "Assam", "district": "Baksa, Kamrup", "officename": "Rangia R.S.", "officetype": "S.O" }, "geometry": { "type": "Polygon", "coordinates": [ [ [ 91.600711821093739, 26.437788459669832 ], [ 91.578779091182184, 26.463641444996938 ], [ 91.583922349936586, 26.475922149787493 ], [ 91.618969975084383, 26.48389409653538 ], [ 91.634529130515091, 26.468355372802364 ], [ 91.613710345855907, 26.454898566116015 ], [ 91.623604542215901, 26.438220246667129 ], [ 91.618587813576823, 26.435507901268693 ], [ 91.600711821093739, 26.437788459669832 ] ] ] } },
{ "type": "Feature", "properties": { "pincode": "781367", "state": "Assam", "district": "Baksa", "officename": "Tambulpur", "officetype": "S.O" }, "geometry": { "type": "Polygon", "coordinates": [ [ [ 91.485185201535899, 26.695519129504191 ], [ 91.533912006034427, 26.701313835565145 ], [ 91.536193768627697, 26.695081708254406 ], [ 91.591424492646297, 26.68798896212104 ], [ 91.593256694041315, 26.681704990692879 ], [ 91.60264158184367, 26.685520335695117 ], [ 91.603023003209103, 26.649959031284425 ], [ 91.632469641660805, 26.65734969673133 ], [ 91.632294304438574, 26.643839553952432 ], [ 91.673701475542714, 26.642877849533249 ], [ 91.676086000069006, 26.612206999953173 ], [ 91.662255917176935, 26.558634945046833 ], [ 91.652235902065286, 26.559786601570579 ], [ 91.652481537492974, 26.544550397183173 ], [ 91.626822383046658, 26.537236922346267 ], [ 91.612396470520764, 26.50847588115704 ], [ 91.609863000277414, 26.569305000025793 ], [ 91.603523000186442, 26.568239000329584 ], [ 91.603316999680032, 26.553568000063251 ], [ 91.57681934253867, 26.564798709492891 ], [ 91.518439683744532, 26.560826678308729 ], [ 91.494771321639291, 26.615088414299009 ], [ 91.508105102868342, 26.632856788510082 ], [ 91.485185201535899, 26.695519129504191 ] ] ] } },
{ "type": "Feature", "properties": { "pincode": "781366", "state": "Assam", "district": "Baksa, Kamrup", "officename": "Goreswar", "officetype": "S.O" }, "geometry": { "type": "Polygon", "coordinates": [ [ [ 91.634130369321269, 26.464509027270026 ], [ 91.628740331201413, 26.480512579092419 ], [ 91.613402999848745, 26.488338000198723 ], [ 91.612396470520764, 26.50847588115704 ], [ 91.626822383046658, 26.537236922346267 ], [ 91.652481537492974, 26.544550397183173 ], [ 91.649290831007136, 26.55344045731141 ], [ 91.653906881997102, 26.561474492354137 ], [ 91.662255917176935, 26.558634945046833 ], [ 91.667186928733884, 26.577416323704426 ], [ 91.729478284994912, 26.559506067950792 ], [ 91.751072531671923, 26.572527318581024 ], [ 91.757754516957391, 26.566615388589469 ], [ 91.765660925611371, 26.571725278898725 ], [ 91.786735999966595, 26.536585000197647 ], [ 91.779967999923315, 26.528334000114114 ], [ 91.787247000149023, 26.528752999651374 ], [ 91.780135999576828, 26.522864999720014 ], [ 91.78938299972566, 26.498520000297788 ], [ 91.783051755434201, 26.493586921199494 ], [ 91.808567718925246, 26.492270738204184 ], [ 91.81192211011728, 26.484293167095927 ], [ 91.796506666349728, 26.473010867157939 ], [ 91.780914000380847, 26.47902699979619 ], [ 91.777389999748721, 26.46618300014552 ], [ 91.751440357986269, 26.47630843558602 ], [ 91.734201908391526, 26.468459574549911 ], [ 91.723975252456114, 26.472950795143163 ], [ 91.7179246011396, 26.45605602326691 ], [ 91.706273714060671, 26.449680665430435 ], [ 91.687952058940482, 26.460215297797788 ], [ 91.678258469852608, 26.458114163138248 ], [ 91.676583182168258, 26.447082149021981 ], [ 91.634720255335594, 26.451229931116472 ], [ 91.622937349579104, 26.462764108676765 ], [ 91.634130369321269, 26.464509027270026 ] ] ] } },
{ "type": "Feature", "properties": { "pincode": "781369", "state": "Assam", "district": "Nalbari", "officename": "Ghograpar", "officetype": "S.O" }, "geometry": { "type": "Polygon", "coordinates": [ [ [ 91.477708460177439, 26.488514779034006 ], [ 91.509829583468616, 26.517386199413636 ], [ 91.523455350284223, 26.538717040059453 ], [ 91.515673113723267, 26.56080265921554 ], [ 91.57681934253867, 26.564798709492891 ], [ 91.590889000327195, 26.555104999895889 ], [ 91.573618021354719, 26.550559279487288 ], [ 91.589515999963623, 26.539879000115775 ], [ 91.581604000224559, 26.526167000007092 ], [ 91.559089999803746, 26.514004000284501 ], [ 91.563835000085191, 26.483468999594777 ], [ 91.554778999751193, 26.470462999667802 ], [ 91.566886999635472, 26.433162999972637 ], [ 91.561676000347234, 26.416371999968021 ], [ 91.544456000344269, 26.416512000128819 ], [ 91.54673800035863, 26.406480999798532 ], [ 91.535914669426518, 26.388367437007673 ], [ 91.513132650351736, 26.386895755834644 ], [ 91.505874998232628, 26.393727946787408 ], [ 91.512121065035217, 26.402786692751761 ], [ 91.494533038169209, 26.415511566405712 ], [ 91.500176750756623, 26.420643933470785 ], [ 91.486174269626986, 26.432130817483255 ], [ 91.491189045837984, 26.440494207641677 ], [ 91.485226357210706, 26.447037935652304 ], [ 91.492565992426535, 26.451247940939822 ], [ 91.485473224709551, 26.458755180107516 ], [ 91.492638963417562, 26.471448310391281 ], [ 91.477708460177439, 26.488514779034006 ] ] ] } },
{ "type": "Feature", "properties": { "pincode": "781370", "state": "Assam", "district": "Nalbari", "officename": "Kaithalkuchi", "officetype": "S.O" }, "geometry": { "type": "Polygon", "coordinates": [ [ [ 91.285953517041264, 26.460076389413928 ], [ 91.29609725098743, 26.467328184248288 ], [ 91.293297077797945, 26.47833452541812 ], [ 91.329543152094914, 26.492316852740544 ], [ 91.348230440082887, 26.489100651373974 ], [ 91.35206723751304, 26.468745050843495 ], [ 91.377614993837028, 26.462531913616942 ], [ 91.365616976542356, 26.446141347545279 ], [ 91.382205730709984, 26.44218749525669 ], [ 91.384934389810269, 26.42911398772037 ], [ 91.363810082069733, 26.421593748852501 ], [ 91.351715824725659, 26.425608264010293 ], [ 91.346577849488199, 26.445477372682774 ], [ 91.335654689312548, 26.418394590538071 ], [ 91.320834666886412, 26.424220533650896 ], [ 91.320303335730443, 26.433780763171796 ], [ 91.304671993517672, 26.425963856846522 ], [ 91.29511629657992, 26.431014204841802 ], [ 91.288041391197339, 26.423310615792332 ], [ 91.280303953464681, 26.436421264429782 ], [ 91.292868814344445, 26.450936864544758 ], [ 91.285953517041264, 26.460076389413928 ] ] ] } },
{ "type": "Feature", "properties": { "pincode": "781371", "state": "Assam", "district": "Baksa, Barpeta, Nalbari", "officename": "Tihu", "officetype": "S.O" }, "geometry": { "type": "Polygon", "coordinates": [ [ [ 91.281078795849794, 26.43967970605371 ], [ 91.270359341110805, 26.449776018748366 ], [ 91.24115360135778, 26.408587542081534 ], [ 91.235419999733381, 26.423873999685441 ], [ 91.241375275248743, 26.45483725933218 ], [ 91.213575801781928, 26.465169318509311 ], [ 91.236262418076308, 26.476767941487424 ], [ 91.240184945179067, 26.486548847551376 ], [ 91.247638498418041, 26.488271831679867 ], [ 91.251462451730788, 26.477489460370464 ], [ 91.269179999857158, 26.487103999949738 ], [ 91.250747999720488, 26.509708000024261 ], [ 91.253159329439541, 26.531221582010517 ], [ 91.273387036482745, 26.512450496093606 ], [ 91.312038317914187, 26.520548025071434 ], [ 91.308625310709658, 26.510638556424396 ], [ 91.329995109986498, 26.505334887395236 ], [ 91.329543152094914, 26.492316852740544 ], [ 91.293297077797945, 26.47833452541812 ], [ 91.29609725098743, 26.467328184248288 ], [ 91.285953517041264, 26.460076389413928 ], [ 91.292868814344445, 26.450936864544758 ], [ 91.281078795849794, 26.43967970605371 ] ] ] } },
{ "type": "Feature", "properties": { "pincode": "781376", "state": "Assam", "district": "Baksa, Kamrup", "officename": "Darkuchi", "officetype": "S.O" }, "geometry": { "type": "Polygon", "coordinates": [ [ [ 91.559089999803746, 26.514004000284501 ], [ 91.581604000224559, 26.526167000007092 ], [ 91.589515999963623, 26.539879000115775 ], [ 91.573618021354719, 26.550559279487288 ], [ 91.603316999680032, 26.553568000063251 ], [ 91.603523000186442, 26.568239000329584 ], [ 91.609863000277414, 26.569305000025793 ], [ 91.613029132788427, 26.492110865723987 ], [ 91.56373946600371, 26.486731119445835 ], [ 91.559089999803746, 26.514004000284501 ] ] ] } },
{ "type": "Feature", "properties": { "pincode": "781372", "state": "Assam", "district": "Baksa", "officename": "Mussalpur", "officetype": "S.O" }, "geometry": { "type": "Polygon", "coordinates": [ [ [ 91.301716229520366, 26.746881614894733 ], [ 91.295539999571417, 26.746284000106698 ], [ 91.298996511479913, 26.783967852034834 ], [ 91.334541320525716, 26.777366638459625 ], [ 91.357315063139765, 26.785530090441398 ], [ 91.38108062756902, 26.80267143214104 ], [ 91.40742328565625, 26.839905309182711 ], [ 91.454998188116122, 26.746071439045863 ], [ 91.457210568013522, 26.737807838561082 ], [ 91.439250463737892, 26.727954110793632 ], [ 91.403318019011408, 26.72537487584998 ], [ 91.4066831085388, 26.709432951869417 ], [ 91.389786628850004, 26.708474367198392 ], [ 91.395403091979233, 26.696810577546216 ], [ 91.389157750929598, 26.692324761878353 ], [ 91.377249314204676, 26.695186703203831 ], [ 91.376406507354602, 26.676454961727188 ], [ 91.384093309658624, 26.670056700856207 ], [ 91.374502214505696, 26.661452704278929 ], [ 91.374466438575382, 26.611036856965484 ], [ 91.361657818253832, 26.580053388653084 ], [ 91.349375659259465, 26.570865177186192 ], [ 91.350992774297083, 26.583305774242206 ], [ 91.301042375605334, 26.584323140400784 ], [ 91.309914932228423, 26.615478104031411 ], [ 91.324521837812711, 26.627150297848061 ], [ 91.330512370349709, 26.698003121746694 ], [ 91.352129255660827, 26.708830302676461 ], [ 91.347691048303318, 26.725160374951486 ], [ 91.329023774727489, 26.732393189594177 ], [ 91.301668302850089, 26.729964826715388 ], [ 91.301716229520366, 26.746881614894733 ] ] ] } },
{ "type": "Feature", "properties": { "pincode": "781375", "state": "Assam", "district": "Barpeta", "officename": "Bangaon (Nalbari)", "officetype": "S.O" }, "geometry": { "type": "Polygon", "coordinates": [ [ [ 91.123382658882747, 26.421625033568489 ], [ 91.144561345030183, 26.42521409925132 ], [ 91.142570290986214, 26.434758530381941 ], [ 91.155338581210628, 26.441628005428129 ], [ 91.194643289356407, 26.451037991510077 ], [ 91.194856752437374, 26.472365115257958 ], [ 91.20915428943897, 26.478822878872847 ], [ 91.217509634262285, 26.472471719994019 ], [ 91.213575801781928, 26.465169318509311 ], [ 91.241375275248743, 26.45483725933218 ], [ 91.238686000159021, 26.396691999836094 ], [ 91.214754044963342, 26.402931540258351 ], [ 91.185161822460316, 26.382469315206777 ], [ 91.135634870453032, 26.386104061953006 ], [ 91.121789089894719, 26.399525181741865 ], [ 91.123382658882747, 26.421625033568489 ] ] ] } },
{ "type": "Feature", "properties": { "pincode": "788834", "state": "Assam", "district": "Dima Hasao", "officename": "Khejurbond", "officetype": "S.O" }, "geometry": { "type": "Polygon", "coordinates": [ [ [ 93.043815491192106, 25.27643932711328 ], [ 93.039661850014454, 25.307155060957484 ], [ 93.06353421253408, 25.341927626658617 ], [ 93.081479208198971, 25.350099559247383 ], [ 93.075637243663948, 25.368630995624073 ], [ 93.044879608607062, 25.372998534254918 ], [ 93.130079605789433, 25.406341761563226 ], [ 93.121072972839613, 25.38283463171291 ], [ 93.143361856764272, 25.364020551907004 ], [ 93.140779018237197, 25.345666746922916 ], [ 93.130759629053784, 25.338430899766422 ], [ 93.133801790020698, 25.295310180220781 ], [ 93.084880298487121, 25.274226539822962 ], [ 93.066303935578276, 25.252623722606813 ], [ 93.043815491192106, 25.27643932711328 ] ] ] } },
{ "type": "Feature", "properties": { "pincode": "782101", "state": "Assam", "district": "Nagaon", "officename": "Nonoi", "officetype": "S.O" }, "geometry": { "type": "Polygon", "coordinates": [ [ [ 92.901279316787168, 26.433688362328212 ], [ 92.944710632489773, 26.44974531319582 ], [ 92.952828764935703, 26.463132466490322 ], [ 92.942739129707036, 26.480962544086196 ], [ 92.951852035543027, 26.493820899615002 ], [ 92.993968898545859, 26.483203187876882 ], [ 93.005429377563928, 26.492035836184925 ], [ 93.030617762100121, 26.468114143153343 ], [ 93.01234359657974, 26.46364121836757 ], [ 92.991699116721009, 26.419298252712281 ], [ 92.966058046741523, 26.414211509154029 ], [ 92.952202000422176, 26.396296999606932 ], [ 92.942420999929425, 26.401873000438684 ], [ 92.90908100028804, 26.393393999733348 ], [ 92.899667076974083, 26.414547567815987 ], [ 92.901279316787168, 26.433688362328212 ] ] ] } },
{ "type": "Feature", "properties": { "pincode": "781380", "state": "Assam", "district": "Kamrup", "officename": "Baihata", "officetype": "S.O" }, "geometry": { "type": "Polygon", "coordinates": [ [ [ 91.572824667324596, 26.329562169558585 ], [ 91.575299635769682, 26.358687465854018 ], [ 91.599618587228179, 26.374607780025144 ], [ 91.634779008044973, 26.365041087975953 ], [ 91.632680347420148, 26.377224703757122 ], [ 91.645944323272033, 26.385005963654521 ], [ 91.645023303282869, 26.397528667913832 ], [ 91.656893162689528, 26.409342430309039 ], [ 91.678706588538432, 26.405174939571964 ], [ 91.680518265605485, 26.394377846360669 ], [ 91.699349321014324, 26.398444619323811 ], [ 91.698177444133819, 26.388002674683662 ], [ 91.71705068853845, 26.380048939207427 ], [ 91.713723395718205, 26.350666696710732 ], [ 91.719734338369165, 26.34220661594253 ], [ 91.706004331135091, 26.335049902830804 ], [ 91.700936313260399, 26.304631706088401 ], [ 91.68620176509944, 26.298938386897191 ], [ 91.668873833860403, 26.305455883482296 ], [ 91.657160263135665, 26.298651619177065 ], [ 91.657992226859847, 26.289525967249631 ], [ 91.642361724614091, 26.287916052184187 ], [ 91.635031297556395, 26.307625696668651 ], [ 91.656269569185213, 26.31392199780214 ], [ 91.651248885327789, 26.336104078240737 ], [ 91.65821228197143, 26.335571158881919 ], [ 91.656447525233148, 26.35014946332717 ], [ 91.598838285958152, 26.329483089473172 ], [ 91.584375839373479, 26.335306387679623 ], [ 91.572824667324596, 26.329562169558585 ] ] ] } },
{ "type": "Feature", "properties": { "pincode": "781381", "state": "Assam", "district": "Kamrup", "officename": "Baihata Chariali", "officetype": "S.O" }, "geometry": { "type": "Polygon", "coordinates": [ [ [ 91.705656705392698, 26.42204872486883 ], [ 91.706273714060671, 26.449680665430435 ], [ 91.7179246011396, 26.45605602326691 ], [ 91.723975252456114, 26.472950795143163 ], [ 91.734201908391526, 26.468459574549911 ], [ 91.751440357986269, 26.47630843558602 ], [ 91.770335840826533, 26.466728938090171 ], [ 91.780547785651891, 26.422429693875358 ], [ 91.744455158179221, 26.427454192657024 ], [ 91.743885401690136, 26.425559372367218 ], [ 91.753767986903028, 26.422859335090436 ], [ 91.757484947872115, 26.405466897279609 ], [ 91.77023120650523, 26.400840133565396 ], [ 91.764521249855818, 26.385360768684677 ], [ 91.772145953972824, 26.379835250396582 ], [ 91.758617134073631, 26.373178402961003 ], [ 91.749219617991173, 26.381307768838496 ], [ 91.729262587998107, 26.358965958911938 ], [ 91.714191837283522, 26.360598194251395 ], [ 91.721610558880229, 26.407409594777221 ], [ 91.705656705392698, 26.42204872486883 ] ] ] } },
{ "type": "Feature", "properties": { "pincode": "781382", "state": "Assam", "district": "Kamrup", "officename": "Soneswar", "officetype": "S.O" }, "geometry": { "type": "Polygon", "coordinates": [ [ [ 91.541430638713166, 26.336718512149787 ], [ 91.558842423639021, 26.328527468068387 ], [ 91.584375839373479, 26.335306387679623 ], [ 91.598838285958152, 26.329483089473172 ], [ 91.656447525233148, 26.35014946332717 ], [ 91.65821228197143, 26.335571158881919 ], [ 91.651248885327789, 26.336104078240737 ], [ 91.65675808361874, 26.316154562982831 ], [ 91.635031297556395, 26.307625696668651 ], [ 91.642361724614091, 26.287916052184187 ], [ 91.617796275278067, 26.29857015948528 ], [ 91.61285832904872, 26.287101513723826 ], [ 91.597338899370811, 26.286419600983891 ], [ 91.580312330049992, 26.316780154780417 ], [ 91.562565249087129, 26.313725388016223 ], [ 91.553829386716927, 26.32022442241913 ], [ 91.535077197354894, 26.313323195009502 ], [ 91.528866409157558, 26.330470169163164 ], [ 91.541430638713166, 26.336718512149787 ] ] ] } },
{ "type": "Feature", "properties": { "pincode": "782001", "state": "Assam", "district": "Nagaon", "officename": "Nagaon", "officetype": "H.O" }, "geometry": { "type": "Polygon", "coordinates": [ [ [ 92.693300107514062, 26.384055686021213 ], [ 92.720637043464876, 26.396670579783517 ], [ 92.721435848285751, 26.372687625833407 ], [ 92.762315585895749, 26.377474968894774 ], [ 92.777086311084645, 26.36578184605537 ], [ 92.766133729587978, 26.361831814086997 ], [ 92.776351409390145, 26.347537064084293 ], [ 92.764905450826063, 26.33879377241476 ], [ 92.769894567580252, 26.333374527912213 ], [ 92.748115264707792, 26.326007303294489 ], [ 92.703887910498622, 26.34888120880089 ], [ 92.690661772722706, 26.345355482369712 ], [ 92.693300107514062, 26.384055686021213 ] ] ] } },
{ "type": "Feature", "properties": { "pincode": "782107", "state": "Assam", "district": "Morigaon", "officename": "Barapujia", "officetype": "S.O" }, "geometry": { "type": "Polygon", "coordinates": [ [ [ 92.489669896448731, 26.29982047703362 ], [ 92.466039501921728, 26.295501154654573 ], [ 92.460630138270346, 26.306891769839467 ], [ 92.467687144446188, 26.315791084890748 ], [ 92.476210482627778, 26.309690629119302 ], [ 92.495572504067979, 26.319803135906113 ], [ 92.512059920828676, 26.280726562381005 ], [ 92.497456947979799, 26.276162252086351 ], [ 92.495515825195184, 26.286232607648913 ], [ 92.48851698087401, 26.28505915605524 ], [ 92.489669896448731, 26.29982047703362 ] ] ] } },
{ "type": "Feature", "properties": { "pincode": "782108", "state": "Assam", "district": "Morigaon", "officename": "Mikirbheta", "officetype": "S.O" }, "geometry": { "type": "Polygon", "coordinates": [ [ [ 92.425686068257619, 26.324497784045491 ], [ 92.450232288289669, 26.328947518912969 ], [ 92.460577309395376, 26.304294757996786 ], [ 92.45080784900324, 26.309123772943792 ], [ 92.440038805646452, 26.303236025722128 ], [ 92.437024694534102, 26.312667963356034 ], [ 92.427746476218886, 26.312230973780515 ], [ 92.425686068257619, 26.324497784045491 ] ] ] } },
{ "type": "Feature", "properties": { "pincode": "782002", "state": "Assam", "district": "Nagaon", "officename": "Haiborgaon", "officetype": "S.O" }, "geometry": { "type": "Polygon", "coordinates": [ [ [ 92.590828173581372, 26.325961409991066 ], [ 92.603439405304471, 26.338832754428097 ], [ 92.60078273333653, 26.35215889141989 ], [ 92.620140507278734, 26.350297471950853 ], [ 92.625935768221325, 26.391525427956253 ], [ 92.655130315911435, 26.391185376304179 ], [ 92.65961342551924, 26.404605207364625 ], [ 92.675572581409597, 26.401153389917113 ], [ 92.670661498829134, 26.390388484341088 ], [ 92.683051359732588, 26.393896087634403 ], [ 92.681840819198499, 26.384546761723811 ], [ 92.699293652779829, 26.388400185820046 ], [ 92.693300107514062, 26.384055686021213 ], [ 92.695388094085274, 26.36051888034217 ], [ 92.688223693568716, 26.362889102050474 ], [ 92.677508400892066, 26.339017433807669 ], [ 92.66725893814953, 26.335784077873029 ], [ 92.675380158867313, 26.332228296998437 ], [ 92.663835275777444, 26.324556016946815 ], [ 92.671822714247014, 26.314351737043125 ], [ 92.661988147435068, 26.314755509259498 ], [ 92.669553882106015, 26.311021552003183 ], [ 92.656191979076823, 26.305451942653121 ], [ 92.660550913893644, 26.298425193268088 ], [ 92.648286359128292, 26.294764412947472 ], [ 92.646854700484198, 26.284435980736077 ], [ 92.632522095318564, 26.275069208876971 ], [ 92.613831729850631, 26.276373539707322 ], [ 92.608170270941287, 26.291883668596483 ], [ 92.618334294492286, 26.30517088922528 ], [ 92.589648473498357, 26.308927043548351 ], [ 92.590828173581372, 26.325961409991066 ] ] ] } },
{ "type": "Feature", "properties": { "pincode": "782128", "state": "Assam", "district": "Nagaon", "officename": "Garajanbazar", "officetype": "S.O" }, "geometry": { "type": "Polygon", "coordinates": [ [ [ 92.684227000275939, 26.509210999588049 ], [ 92.727004999880933, 26.535150999718894 ], [ 92.736563007177153, 26.508788880302575 ], [ 92.746461601222052, 26.504919289093891 ], [ 92.732477312478125, 26.477955721079809 ], [ 92.735293791275524, 26.465499035152448 ], [ 92.718794805635753, 26.45190529769144 ], [ 92.740424390273631, 26.446794760769592 ], [ 92.740140807952059, 26.43354411107191 ], [ 92.716398507185431, 26.431527653878334 ], [ 92.725728795347777, 26.400726238924847 ], [ 92.681840819198499, 26.384546761723811 ], [ 92.683051359732588, 26.393896087634403 ], [ 92.670661498829134, 26.390388484341088 ], [ 92.683175816910534, 26.412505153490144 ], [ 92.681960384963929, 26.436625990597179 ], [ 92.668271193460953, 26.435657984628278 ], [ 92.671225014922697, 26.458787180683942 ], [ 92.657285631126967, 26.457370837494182 ], [ 92.658830687985983, 26.474647978621363 ], [ 92.684227000275939, 26.509210999588049 ] ] ] } },
{ "type": "Feature", "properties": { "pincode": "782003", "state": "Assam", "district": "Nagaon", "officename": "Itachali", "officetype": "S.O" }, "geometry": { "type": "Polygon", "coordinates": [ [ [ 92.646854700484198, 26.284435980736077 ], [ 92.648286359128292, 26.294764412947472 ], [ 92.660550913893644, 26.298425193268088 ], [ 92.656191979076823, 26.305451942653121 ], [ 92.669489032892727, 26.310788583526346 ], [ 92.661713156337271, 26.31445088819811 ], [ 92.671822714247014, 26.314351737043125 ], [ 92.663835275777444, 26.324556016946815 ], [ 92.675380158867313, 26.332228296998437 ], [ 92.66725893814953, 26.335784077873029 ], [ 92.677508400892066, 26.339017433807669 ], [ 92.688223693568716, 26.362889102050474 ], [ 92.695388094085274, 26.36051888034217 ], [ 92.691400033384923, 26.344842292337887 ], [ 92.703242778231754, 26.349051197754648 ], [ 92.730987330101186, 26.336443735989747 ], [ 92.712465808750267, 26.284950767064345 ], [ 92.673558317662298, 26.265507177114671 ], [ 92.637841270458409, 26.280749177632572 ], [ 92.646854700484198, 26.284435980736077 ] ] ] } },
{ "type": "Feature", "properties": { "pincode": "782102", "state": "Assam", "district": "Nagaon", "officename": "Barhampur", "officetype": "S.O" }, "geometry": { "type": "Polygon", "coordinates": [ [ [ 92.7316066185507, 26.225817088787778 ], [ 92.732081733085636, 26.233620168935715 ], [ 92.740216708034723, 26.230127195813566 ], [ 92.756134128187512, 26.241070980141728 ], [ 92.776058986733005, 26.235551753510833 ], [ 92.775701020585814, 26.249892685499049 ], [ 92.743091012340415, 26.273275254749308 ], [ 92.710438921219406, 26.249373669659178 ], [ 92.705433122041029, 26.255567765539979 ], [ 92.705996757744288, 26.245742235116211 ], [ 92.657860164814792, 26.250123288758914 ], [ 92.65491854355605, 26.262497760463305 ], [ 92.712465808750267, 26.284950767064345 ], [ 92.730971209753648, 26.330146612875978 ], [ 92.759660122616765, 26.325126832837213 ], [ 92.776008939461065, 26.34868451987478 ], [ 92.792451160792552, 26.345179573178882 ], [ 92.806225419167902, 26.33194213632072 ], [ 92.804310094335449, 26.319402058058699 ], [ 92.818305911488665, 26.301543897333033 ], [ 92.813280634793443, 26.271876774793498 ], [ 92.824712762684044, 26.269743169212006 ], [ 92.818321000313972, 26.23835599972972 ], [ 92.829086000318796, 26.223528000317003 ], [ 92.820846999889341, 26.215067000441877 ], [ 92.79957600013239, 26.221497000186446 ], [ 92.801913523390567, 26.20305290236962 ], [ 92.785099601465561, 26.199898550078046 ], [ 92.7316066185507, 26.225817088787778 ] ] ] } },
{ "type": "Feature", "properties": { "pincode": "782120", "state": "Assam", "district": "Nagaon", "officename": "Ambagan", "officetype": "S.O" }, "geometry": { "type": "Polygon", "coordinates": [ [ [ 92.717735417755421, 26.54710996755108 ], [ 92.758728201945132, 26.555523678375152 ], [ 92.76964241206781, 26.548778383515582 ], [ 92.773673999955179, 26.556208000399067 ], [ 92.79978199973948, 26.557597999747941 ], [ 92.826437593120545, 26.575247927849773 ], [ 92.847881548694659, 26.564356225059782 ], [ 92.833732824310516, 26.552506939443788 ], [ 92.851615466380792, 26.527926867131328 ], [ 92.901756237160782, 26.524910541888232 ], [ 92.902910088929559, 26.513089895182645 ], [ 92.882801828941297, 26.509699577873278 ], [ 92.86860035841994, 26.477034755049942 ], [ 92.831034274512149, 26.463623484636287 ], [ 92.800959838226106, 26.467039569320775 ], [ 92.808132976555839, 26.479161308148036 ], [ 92.787340585199956, 26.485375279046025 ], [ 92.790078969568867, 26.501781447455983 ], [ 92.782682333522985, 26.501259170674189 ], [ 92.780283131161582, 26.526016872580669 ], [ 92.788254698395804, 26.529284136553827 ], [ 92.778169320557879, 26.527235951278215 ], [ 92.765765237775611, 26.510207397153749 ], [ 92.746461601222052, 26.504919289093891 ], [ 92.736563007177153, 26.508788880302575 ], [ 92.717735417755421, 26.54710996755108 ] ] ] } },
{ "type": "Feature", "properties": { "pincode": "782103", "state": "Assam", "district": "Morigaon, Nagaon", "officename": "Raha", "officetype": "S.O" }, "geometry": { "type": "Polygon", "coordinates": [ [ [ 92.45080784900324, 26.309123772943792 ], [ 92.466039501921728, 26.295501154654573 ], [ 92.489669896448731, 26.29982047703362 ], [ 92.48851698087401, 26.28505915605524 ], [ 92.495515825195184, 26.286232607648913 ], [ 92.497456947979799, 26.276162252086351 ], [ 92.512059920828676, 26.280726562381005 ], [ 92.499581632286493, 26.309719777945588 ], [ 92.520448081014194, 26.312253134874425 ], [ 92.524288409182873, 26.296281499092004 ], [ 92.534421746066812, 26.295328536982424 ], [ 92.541406790291262, 26.280114000860578 ], [ 92.5654552481613, 26.291000229477106 ], [ 92.575962549232315, 26.284637121306218 ], [ 92.596817751038486, 26.298864101996685 ], [ 92.60721186523557, 26.297518325910175 ], [ 92.615013454307586, 26.275943966840828 ], [ 92.606909048214163, 26.258275766313659 ], [ 92.596674190461727, 26.257049873453013 ], [ 92.590937618376643, 26.238501867966818 ], [ 92.551959822787637, 26.230593313530619 ], [ 92.54283456206548, 26.213666830659804 ], [ 92.517516184124645, 26.21469550939031 ], [ 92.520397344861635, 26.197588136883041 ], [ 92.455857803095284, 26.209644447333517 ], [ 92.408407174351737, 26.197704663839318 ], [ 92.408578214612987, 26.258971249823389 ], [ 92.462436396022952, 26.271048320223827 ], [ 92.447283964383587, 26.300233904371282 ], [ 92.438047456624929, 26.300924713205063 ], [ 92.45080784900324, 26.309123772943792 ] ] ] } },
{ "type": "Feature", "properties": { "pincode": "782122", "state": "Assam", "district": "Nagaon", "officename": "Batadraba", "officetype": "S.O" }, "geometry": { "type": "Polygon", "coordinates": [ [ [ 92.474941566200528, 26.377030442101272 ], [ 92.477661233878962, 26.421880897885217 ], [ 92.471973249466089, 26.427650555129105 ], [ 92.482747936967939, 26.429324755533173 ], [ 92.494869374522068, 26.454166229288205 ], [ 92.487565428002142, 26.479131067544927 ], [ 92.515850644191971, 26.51816633790628 ], [ 92.546162497001831, 26.517275301314214 ], [ 92.57543428296583, 26.500591102997078 ], [ 92.575986917262526, 26.462514439789743 ], [ 92.569021152704124, 26.449683917378991 ], [ 92.575089703227377, 26.425382424459315 ], [ 92.5687264880371, 26.411404714256207 ], [ 92.55687616100613, 26.41395581031253 ], [ 92.552037001706367, 26.407642909492836 ], [ 92.56561670164956, 26.372965183596534 ], [ 92.552544658209513, 26.365092795396322 ], [ 92.551466981716032, 26.372186967854532 ], [ 92.523251516044752, 26.38043177070972 ], [ 92.516509822970022, 26.390855709123684 ], [ 92.474941566200528, 26.377030442101272 ] ] ] } },
{ "type": "Feature", "properties": { "pincode": "782104", "state": "Assam", "district": "Morigaon", "officename": "Jaluguti", "officetype": "S.O" }, "geometry": { "type": "Polygon", "coordinates": [ [ [ 92.437024694534102, 26.312667963356034 ], [ 92.462436396022952, 26.271048320223827 ], [ 92.408578214612987, 26.258971249823389 ], [ 92.398526416560912, 26.222712421341271 ], [ 92.381312451908286, 26.204395796129177 ], [ 92.375813450130806, 26.211253101549573 ], [ 92.360347901534567, 26.209288645854372 ], [ 92.367568078004581, 26.223756974904575 ], [ 92.36076000327165, 26.241926587941805 ], [ 92.347615148020793, 26.244874346174186 ], [ 92.355204640082263, 26.255941693754266 ], [ 92.337413598458852, 26.253796563360936 ], [ 92.33626101743215, 26.268432102459599 ], [ 92.306957334313722, 26.263507535444489 ], [ 92.296748620752282, 26.272577993279754 ], [ 92.301594888293494, 26.283126857418608 ], [ 92.291471632809646, 26.290287210086717 ], [ 92.311738381221403, 26.319368622164291 ], [ 92.320855349295073, 26.308805347289081 ], [ 92.319314005736885, 26.287204228892108 ], [ 92.365955394825733, 26.302100807006809 ], [ 92.359554384727062, 26.339917065220391 ], [ 92.427293695447929, 26.374656163551322 ], [ 92.425733892405276, 26.347722163447145 ], [ 92.48364818711417, 26.354101009753776 ], [ 92.50003098394285, 26.333960309420831 ], [ 92.48788057472882, 26.312530367082843 ], [ 92.467687144446188, 26.315791084890748 ], [ 92.460630138270346, 26.306891769839467 ], [ 92.450232288289669, 26.328947518912969 ], [ 92.432063354240483, 26.328544158586169 ], [ 92.426576144373541, 26.313661246569438 ], [ 92.437024694534102, 26.312667963356034 ] ] ] } },
{ "type": "Feature", "properties": { "pincode": "782123", "state": "Assam", "district": "Morigaon, Nagaon", "officename": "Dhing", "officetype": "S.O" }, "geometry": { "type": "Polygon", "coordinates": [ [ [ 92.405282640881182, 26.431490916572727 ], [ 92.415427785863812, 26.440343519038208 ], [ 92.415044544270472, 26.469048898487983 ], [ 92.394506387659703, 26.514290882218518 ], [ 92.448188999822548, 26.519963999938682 ], [ 92.4607828512477, 26.503273000049091 ], [ 92.515850644191971, 26.51816633790628 ], [ 92.487565428002142, 26.479131067544927 ], [ 92.494869374522068, 26.454166229288205 ], [ 92.48383134663942, 26.431068587745131 ], [ 92.471973249466089, 26.427650555129105 ], [ 92.477928825355093, 26.415756913151142 ], [ 92.472030007478963, 26.38283034084759 ], [ 92.483660956587869, 26.353991819467069 ], [ 92.425733892405276, 26.347722163447145 ], [ 92.434027041914646, 26.384465798457995 ], [ 92.429223937334996, 26.393878377285318 ], [ 92.417067511656455, 26.393109433553491 ], [ 92.416261160624117, 26.409977114252627 ], [ 92.405455093078274, 26.409218626038864 ], [ 92.405282640881182, 26.431490916572727 ] ] ] } },
{ "type": "Feature", "properties": { "pincode": "782105", "state": "Assam", "district": "Morigaon", "officename": "Morigaon", "officetype": "S.O" }, "geometry": { "type": "Polygon", "coordinates": [ [ [ 92.306957334313722, 26.263507535444489 ], [ 92.33626101743215, 26.268432102459599 ], [ 92.337413598458852, 26.253796563360936 ], [ 92.355204640082263, 26.255941693754266 ], [ 92.347615148020793, 26.244874346174186 ], [ 92.36076000327165, 26.241926587941805 ], [ 92.367568078004581, 26.223756974904575 ], [ 92.360347901534567, 26.209288645854372 ], [ 92.341923098672112, 26.209837467924842 ], [ 92.330707654334788, 26.191461522531426 ], [ 92.297088620243755, 26.173840634437852 ], [ 92.295780560824426, 26.16295455330993 ], [ 92.267237809377434, 26.159206559435233 ], [ 92.244408213468432, 26.165124487904791 ], [ 92.253656124630425, 26.179247128352472 ], [ 92.242418496716368, 26.181376086237492 ], [ 92.242302551621606, 26.192998204903347 ], [ 92.255401473998916, 26.207726355287036 ], [ 92.225722577535123, 26.209563243948651 ], [ 92.224528946953399, 26.230476749702348 ], [ 92.196064755783937, 26.229121002832187 ], [ 92.19959329169717, 26.241443929893535 ], [ 92.177780975611597, 26.241423393874584 ], [ 92.170892844129526, 26.263517193263908 ], [ 92.202581840479695, 26.270877977836506 ], [ 92.199119477581974, 26.280942509389376 ], [ 92.23593928696863, 26.295667916841012 ], [ 92.23444180244735, 26.311040281284079 ], [ 92.250887723589585, 26.301473134177911 ], [ 92.24643467382117, 26.313386210505257 ], [ 92.265511232457584, 26.305211705855584 ], [ 92.281781719251001, 26.320214400374425 ], [ 92.299297267055351, 26.306648143497114 ], [ 92.291471632809646, 26.290287210086717 ], [ 92.301594888293494, 26.283126857418608 ], [ 92.296748620752282, 26.272577993279754 ], [ 92.306957334313722, 26.263507535444489 ] ] ] } },
{ "type": "Feature", "properties": { "pincode": "782106", "state": "Assam", "district": "Morigaon", "officename": "Charaibahi", "officetype": "S.O" }, "geometry": { "type": "Polygon", "coordinates": [ [ [ 92.365955394825733, 26.302100807006809 ], [ 92.317731253794534, 26.289884426225342 ], [ 92.315054240960592, 26.335847687820717 ], [ 92.335104859801561, 26.33807537777659 ], [ 92.338073993120474, 26.322277987439236 ], [ 92.346767637716539, 26.317171934537328 ], [ 92.362455290079822, 26.332412034787694 ], [ 92.365955394825733, 26.302100807006809 ] ] ] } },
{ "type": "Feature", "properties": { "pincode": "782121", "state": "Assam", "district": "Morigaon", "officename": "Bhuragaon", "officetype": "S.O" }, "geometry": { "type": "Polygon", "coordinates": [ [ [ 92.122878260423363, 26.297519288184731 ], [ 92.096596276896832, 26.313408162057158 ], [ 92.174856522410721, 26.420522273184474 ], [ 92.21747600031722, 26.414743000389194 ], [ 92.257339000394609, 26.451278999925933 ], [ 92.27690627140737, 26.394863469473592 ], [ 92.264227127380195, 26.392563310348521 ], [ 92.265958154145721, 26.378666989689918 ], [ 92.254743678378134, 26.368187254638087 ], [ 92.264946850317131, 26.366122259234942 ], [ 92.278410021505465, 26.339247528950409 ], [ 92.277257870354447, 26.312274260848483 ], [ 92.265511232457584, 26.305211705855584 ], [ 92.24643467382117, 26.313386210505257 ], [ 92.250887723589585, 26.301473134177911 ], [ 92.23444180244735, 26.311040281284079 ], [ 92.23593928696863, 26.295667916841012 ], [ 92.199119477581974, 26.280942509389376 ], [ 92.202581840479695, 26.270877977836506 ], [ 92.183021645332701, 26.270476047431828 ], [ 92.183668076220897, 26.263729977356661 ], [ 92.144431677879709, 26.252267065672584 ], [ 92.128883475292241, 26.260128400305632 ], [ 92.128735856974288, 26.277161655186319 ], [ 92.12027908930861, 26.279027292475632 ], [ 92.122878260423363, 26.297519288184731 ] ] ] } },
{ "type": "Feature", "properties": { "pincode": "782124", "state": "Assam", "district": "Nagaon", "officename": "Juria", "officetype": "S.O" }, "geometry": { "type": "Polygon", "coordinates": [ [ [ 92.675572581409597, 26.401153389917113 ], [ 92.657647126213988, 26.404312440266949 ], [ 92.655130315911435, 26.391185376304179 ], [ 92.625935768221325, 26.391525427956253 ], [ 92.620794896267626, 26.352995470464691 ], [ 92.563481602294303, 26.371679360814028 ], [ 92.564109569201378, 26.387038272298525 ], [ 92.552037001706367, 26.407642909492836 ], [ 92.55687616100613, 26.41395581031253 ], [ 92.5687264880371, 26.411404714256207 ], [ 92.575089703227377, 26.425382424459315 ], [ 92.569021152704124, 26.449683917378991 ], [ 92.575986917262526, 26.462514439789743 ], [ 92.57543428296583, 26.500591102997078 ], [ 92.59314216427947, 26.511900529186221 ], [ 92.611914567703195, 26.51074482031737 ], [ 92.622719748517625, 26.521098120581939 ], [ 92.6531519333152, 26.519140647223026 ], [ 92.663261694471771, 26.528928015815438 ], [ 92.684227000275939, 26.509210999588049 ], [ 92.657922789105442, 26.472474417960143 ], [ 92.657348811198631, 26.456775615802201 ], [ 92.671225014922697, 26.458787180683942 ], [ 92.668271193460953, 26.435657984628278 ], [ 92.681960384963929, 26.436625990597179 ], [ 92.683175816910534, 26.412505153490144 ], [ 92.675572581409597, 26.401153389917113 ] ] ] } },
{ "type": "Feature", "properties": { "pincode": "782401", "state": "Assam", "district": "Kamrup Metropolitan", "officename": "Digaru", "officetype": "S.O" }, "geometry": { "type": "Polygon", "coordinates": [ [ [ 91.919454557082247, 26.151022956344377 ], [ 91.958689884330681, 26.168366956669729 ], [ 91.961036237132703, 26.183815765285431 ], [ 91.944762903985009, 26.180311990406096 ], [ 91.956216042736173, 26.197906817046032 ], [ 91.97051361391226, 26.185009948950096 ], [ 91.997418613578304, 26.19843316056199 ], [ 92.009761040639489, 26.170677398643136 ], [ 92.008141409298787, 26.13578240193641 ], [ 91.996121561860718, 26.141838963597479 ], [ 91.983509134938629, 26.1330384309789 ], [ 91.938507504917482, 26.136382476370272 ], [ 91.919454557082247, 26.151022956344377 ] ] ] } },
{ "type": "Feature", "properties": { "pincode": "782125", "state": "Assam", "district": "Nagaon", "officename": "Rupahi", "officetype": "S.O" }, "geometry": { "type": "Polygon", "coordinates": [ [ [ 92.716398507185431, 26.431527653878334 ], [ 92.740140807952059, 26.43354411107191 ], [ 92.740424390273631, 26.446794760769592 ], [ 92.718794805635753, 26.45190529769144 ], [ 92.735293791275524, 26.465499035152448 ], [ 92.732477312478125, 26.477955721079809 ], [ 92.746461601222052, 26.504919289093891 ], [ 92.765765237775611, 26.510207397153749 ], [ 92.778169320557879, 26.527235951278215 ], [ 92.788254698395804, 26.529284136553827 ], [ 92.780283131161582, 26.526016872580669 ], [ 92.782682333522985, 26.501259170674189 ], [ 92.789250726340015, 26.502950449204036 ], [ 92.791350074946081, 26.495296128613518 ], [ 92.787340585199956, 26.485375279046025 ], [ 92.808132976555839, 26.479161308148036 ], [ 92.800959838226106, 26.467039569320775 ], [ 92.817249917649633, 26.466654944570223 ], [ 92.807495663893974, 26.439001138791582 ], [ 92.78906025532666, 26.433427013945618 ], [ 92.79325735354422, 26.418776369833722 ], [ 92.776664676533528, 26.414841427590034 ], [ 92.788859434915139, 26.394546014187313 ], [ 92.777452176876523, 26.385332153156412 ], [ 92.777086311084645, 26.36578184605537 ], [ 92.762315585895749, 26.377474968894774 ], [ 92.721435848285751, 26.372687625833407 ], [ 92.720135001429242, 26.40065903618563 ], [ 92.725728795347777, 26.400726238924847 ], [ 92.716398507185431, 26.431527653878334 ] ] ] } },
{ "type": "Feature", "properties": { "pincode": "782126", "state": "Assam", "district": "Morigaon", "officename": "Moirabari", "officetype": "S.O" }, "geometry": { "type": "Polygon", "coordinates": [ [ [ 92.313240243642326, 26.483339838063159 ], [ 92.34645099991377, 26.502144000145734 ], [ 92.37034654695583, 26.499088985168726 ], [ 92.39454708108309, 26.509035276556915 ], [ 92.415044544270472, 26.469048898487983 ], [ 92.405455093078274, 26.409218626038864 ], [ 92.416261160624117, 26.409977114252627 ], [ 92.417067511656455, 26.393109433553491 ], [ 92.429223937334996, 26.393878377285318 ], [ 92.431702023729542, 26.376870125355993 ], [ 92.398242522174712, 26.354739424085324 ], [ 92.372104737743484, 26.351429203994542 ], [ 92.371297248169583, 26.341459891760678 ], [ 92.359554384727062, 26.339917065220391 ], [ 92.363205273404674, 26.33276917895455 ], [ 92.356983231091306, 26.330164754000293 ], [ 92.348999862953349, 26.338040023628366 ], [ 92.353371895496821, 26.349531827831697 ], [ 92.345248061349025, 26.349074950648514 ], [ 92.351707762103615, 26.372624147186741 ], [ 92.347044847441907, 26.391913746222485 ], [ 92.339060852476507, 26.395656286608528 ], [ 92.342273066248993, 26.402848771153913 ], [ 92.321831863749594, 26.399970995465026 ], [ 92.331895356585449, 26.449513672118258 ], [ 92.313240243642326, 26.483339838063159 ] ] ] } },
{ "type": "Feature", "properties": { "pincode": "782127", "state": "Assam", "district": "Morigaon", "officename": "Lahorighat", "officetype": "S.O" }, "geometry": { "type": "Polygon", "coordinates": [ [ [ 92.346767637716539, 26.317171934537328 ], [ 92.338073993120474, 26.322277987439236 ], [ 92.335104859801561, 26.33807537777659 ], [ 92.315054240960592, 26.335847687820717 ], [ 92.313903655529373, 26.319343123686338 ], [ 92.294325105219514, 26.306355494210777 ], [ 92.278084760103695, 26.322035143507037 ], [ 92.278410021505465, 26.339247528950409 ], [ 92.264946850317131, 26.366122259234942 ], [ 92.254743678378134, 26.368187254638087 ], [ 92.265958154145721, 26.378666989689918 ], [ 92.264227127380195, 26.392563310348521 ], [ 92.27690627140737, 26.394863469473592 ], [ 92.257339000394609, 26.451278999925933 ], [ 92.282181000253047, 26.453878000169595 ], [ 92.313240243642326, 26.483339838063159 ], [ 92.331895356585449, 26.449513672118258 ], [ 92.321831863749594, 26.399970995465026 ], [ 92.342273066248993, 26.402848771153913 ], [ 92.339060852476507, 26.395656286608528 ], [ 92.35115450097959, 26.376503505032872 ], [ 92.345248061349025, 26.349074950648514 ], [ 92.353371895496821, 26.349531827831697 ], [ 92.348999862953349, 26.338040023628366 ], [ 92.356983231091306, 26.330164754000293 ], [ 92.346767637716539, 26.317171934537328 ] ] ] } },
{ "type": "Feature", "properties": { "pincode": "782137", "state": "Assam", "district": "Nagaon", "officename": "Kuworitul", "officetype": "S.O" }, "geometry": { "type": "Polygon", "coordinates": [ [ [ 92.986497671830193, 26.582004578448618 ], [ 92.988137679110764, 26.565086713781 ], [ 92.999779521707694, 26.558936420279679 ], [ 92.996026761425981, 26.545355601579843 ], [ 93.020348922564779, 26.508154181070779 ], [ 93.008841999858532, 26.493710999762925 ], [ 93.012394316544544, 26.484267620954029 ], [ 93.005429377563928, 26.492035836184925 ], [ 92.993968898545859, 26.483203187876882 ], [ 92.970006390682386, 26.484600773007344 ], [ 92.96460127273059, 26.495138984676373 ], [ 92.937094392792176, 26.501693146621449 ], [ 92.936445072382298, 26.526183310111833 ], [ 92.915042524293142, 26.542585160876513 ], [ 92.944241815907219, 26.569815862612131 ], [ 92.933294267916267, 26.576293798919664 ], [ 92.93665506677803, 26.587007593325836 ], [ 92.956165238035283, 26.583468305118231 ], [ 92.959632803511113, 26.575188633748553 ], [ 92.986497671830193, 26.582004578448618 ] ] ] } },
{ "type": "Feature", "properties": { "pincode": "782136", "state": "Assam", "district": "Nagaon", "officename": "Jakhalabandha", "officetype": "S.O" }, "geometry": { "type": "Polygon", "coordinates": [ [ [ 92.986034377984254, 26.573368006628243 ], [ 92.986621503979336, 26.584382728580181 ], [ 93.001415214040946, 26.584722942110034 ], [ 92.993457375857304, 26.597897832019385 ], [ 93.00714359420158, 26.609682321482069 ], [ 93.001912036411397, 26.613478510025288 ], [ 93.042251815668806, 26.619001877135133 ], [ 93.097398686000588, 26.607571808692114 ], [ 93.165288529741986, 26.607927593983277 ], [ 93.221173362161096, 26.62887637744285 ], [ 93.246887000235006, 26.68368700025502 ], [ 93.275810000331262, 26.682565999821236 ], [ 93.309250000087559, 26.698104999646205 ], [ 93.321716000293179, 26.678808000089191 ], [ 93.311653000285844, 26.668772000427452 ], [ 93.322402999598808, 26.656978999781074 ], [ 93.316589000382123, 26.640102000307195 ], [ 93.2884220000754, 26.634904999866023 ], [ 93.302368000183208, 26.60482799961261 ], [ 93.296463000367339, 26.586055999984637 ], [ 93.306418999937137, 26.580566000420674 ], [ 93.253959999954077, 26.568093999938185 ], [ 93.239746000077957, 26.551643000324248 ], [ 93.260635000205127, 26.550491000259456 ], [ 93.251923000446141, 26.545048000165082 ], [ 93.265877000023693, 26.537483000240286 ], [ 93.260940999927186, 26.530439000060028 ], [ 93.279128999603699, 26.541961999946523 ], [ 93.272399999560434, 26.527251999680118 ], [ 93.292144999991933, 26.520465999706289 ], [ 93.299613999986263, 26.503640999932429 ], [ 93.287239000379657, 26.516420000182961 ], [ 93.269371000171532, 26.505770000085477 ], [ 93.275977999984775, 26.51875499994344 ], [ 93.251785000377538, 26.520738999705088 ], [ 93.237472999579381, 26.535190999765007 ], [ 93.215323999802877, 26.528874999881396 ], [ 93.219375999602732, 26.507181000402966 ], [ 93.197555999709778, 26.535499999625415 ], [ 93.16674799992029, 26.521652000439474 ], [ 93.213935999646822, 26.556025000053921 ], [ 93.18925500001842, 26.567461000424942 ], [ 93.158081000437903, 26.547503000063386 ], [ 93.146186999630402, 26.553711000362455 ], [ 93.121040000096116, 26.529043000434228 ], [ 93.093445000086831, 26.54334800001044 ], [ 93.0638199999932, 26.541710000016622 ], [ 93.047042999734686, 26.535405999787088 ], [ 93.052498000382457, 26.526414999752433 ], [ 93.018965272429512, 26.50557383816215 ], [ 92.996026761425981, 26.545355601579843 ], [ 92.999779521707694, 26.558936420279679 ], [ 92.986034377984254, 26.573368006628243 ] ] ] } },
{ "type": "Feature", "properties": { "pincode": "782139", "state": "Assam", "district": "Nagaon", "officename": "Salana", "officetype": "S.O" }, "geometry": { "type": "Polygon", "coordinates": [ [ [ 92.994857999796977, 26.420082000184209 ], [ 92.994702587054746, 26.433262233865037 ], [ 93.01234359657974, 26.46364121836757 ], [ 93.030617762100121, 26.468114143153343 ], [ 93.019436802266739, 26.477590535175182 ], [ 93.072066999892172, 26.489254000172025 ], [ 93.071807999639645, 26.500323999852867 ], [ 93.076035000315187, 26.492366999837145 ], [ 93.093169999995666, 26.500026999646536 ], [ 93.067946999654509, 26.477487999871357 ], [ 93.093582000109336, 26.468252000229825 ], [ 93.093047999765474, 26.45907399966552 ], [ 93.106978595386011, 26.464460895553941 ], [ 93.118911999988995, 26.440556000059416 ], [ 93.102303000283428, 26.432223999837902 ], [ 93.109444000440305, 26.442676999843741 ], [ 93.10352299988665, 26.44647399957563 ], [ 93.076408000429012, 26.43375800043151 ], [ 93.081085000272594, 26.428885999689271 ], [ 93.097679000185792, 26.434499999575394 ], [ 93.067855999954645, 26.416550000082566 ], [ 93.052543999805948, 26.414579000020922 ], [ 93.056900000134931, 26.424188999822547 ], [ 93.047310000356447, 26.437425999610184 ], [ 93.02479599993552, 26.421374999556633 ], [ 93.006310000006636, 26.425704999586117 ], [ 92.994857999796977, 26.420082000184209 ] ] ] } },
{ "type": "Feature", "properties": { "pincode": "782140", "state": "Assam", "district": "Nagaon", "officename": "Samaguri", "officetype": "S.O" }, "geometry": { "type": "Polygon", "coordinates": [ [ [ 92.901258050518777, 26.433442161226935 ], [ 92.907425000363617, 26.399127999757525 ], [ 92.89812499956912, 26.386786999920332 ], [ 92.878115032782659, 26.385392526444093 ], [ 92.864270945647831, 26.371532098627597 ], [ 92.867719193685843, 26.36369614196343 ], [ 92.858993532325826, 26.350272888083452 ], [ 92.844423243537904, 26.349862328683628 ], [ 92.843309796509971, 26.373516293542082 ], [ 92.829787832142927, 26.372792136048304 ], [ 92.813524587589768, 26.407751436979424 ], [ 92.798659465961521, 26.422896995100302 ], [ 92.79323198366933, 26.419070131581407 ], [ 92.78906025532666, 26.433427013945618 ], [ 92.807495663893974, 26.439001138791582 ], [ 92.817249917649633, 26.466654944570223 ], [ 92.831034274512149, 26.463623484636287 ], [ 92.871573196046313, 26.479633478302389 ], [ 92.882801828941297, 26.509699577873278 ], [ 92.902910088929559, 26.513089895182645 ], [ 92.899696525274578, 26.543109840646707 ], [ 92.90918339080099, 26.55276906843784 ], [ 92.936445072382298, 26.526183310111833 ], [ 92.940005291411239, 26.510698480950339 ], [ 92.933914545619928, 26.504180860258487 ], [ 92.951852035543027, 26.493820899615002 ], [ 92.918674185465477, 26.474157028823925 ], [ 92.898949735442102, 26.480123778789505 ], [ 92.887677273187649, 26.459955542114642 ], [ 92.891753914411709, 26.440374603205441 ], [ 92.882207851910891, 26.428000993051512 ], [ 92.901258050518777, 26.433442161226935 ] ] ] } },
{ "type": "Feature", "properties": { "pincode": "782141", "state": "Assam", "district": "Nagaon", "officename": "Puranigudam", "officetype": "S.O" }, "geometry": { "type": "Polygon", "coordinates": [ [ [ 92.806225419167902, 26.33194213632072 ], [ 92.766133729587978, 26.361831814086997 ], [ 92.777287219629727, 26.364161896354574 ], [ 92.777452176876523, 26.385332153156412 ], [ 92.788859434915139, 26.394546014187313 ], [ 92.776664676533528, 26.414841427590034 ], [ 92.798659465961521, 26.422896995100302 ], [ 92.829787832142927, 26.372792136048304 ], [ 92.843309796509971, 26.373516293542082 ], [ 92.844423243537904, 26.349862328683628 ], [ 92.873597042069889, 26.34914853227906 ], [ 92.878237224568409, 26.335548132640383 ], [ 92.901010273805184, 26.322392974755985 ], [ 92.872731972502606, 26.30146184229028 ], [ 92.872715770316688, 26.309757554867247 ], [ 92.864793970665232, 26.293327172211434 ], [ 92.850243000214277, 26.304271999753098 ], [ 92.831947000054242, 26.270660000159012 ], [ 92.814738674150476, 26.268783140229857 ], [ 92.818894519566527, 26.299461050387322 ], [ 92.804310094335449, 26.319402058058699 ], [ 92.806225419167902, 26.33194213632072 ] ] ] } },
{ "type": "Feature", "properties": { "pincode": "782142", "state": "Assam", "district": "Morigaon, Nagaon", "officename": "Bebejia", "officetype": "S.O" }, "geometry": { "type": "Polygon", "coordinates": [ [ [ 92.50003098394285, 26.333960309420831 ], [ 92.476443669639707, 26.375384975936015 ], [ 92.481395165054948, 26.383580877255724 ], [ 92.516509822970022, 26.390855709123684 ], [ 92.523251516044752, 26.38043177070972 ], [ 92.551466981716032, 26.372186967854532 ], [ 92.552544658209513, 26.365092795396322 ], [ 92.563481602294303, 26.371679360814028 ], [ 92.620794896267626, 26.352995470464691 ], [ 92.60078273333653, 26.35215889141989 ], [ 92.603439405304471, 26.338832754428097 ], [ 92.589713512468791, 26.320896266349678 ], [ 92.589648473498357, 26.308927043548351 ], [ 92.615288394144159, 26.307803381121232 ], [ 92.615852316731207, 26.296542157694603 ], [ 92.610441889182027, 26.291303098659114 ], [ 92.594347582275077, 26.298758974847033 ], [ 92.575962549232315, 26.284637121306218 ], [ 92.5654552481613, 26.291000229477106 ], [ 92.541406790291262, 26.280114000860578 ], [ 92.534421746066812, 26.295328536982424 ], [ 92.524288409182873, 26.296281499092004 ], [ 92.520448081014194, 26.312253134874425 ], [ 92.499581632286493, 26.309719777945588 ], [ 92.494019436947553, 26.319636911514351 ], [ 92.50003098394285, 26.333960309420831 ] ] ] } },
{ "type": "Feature", "properties": { "pincode": "782143", "state": "Assam", "district": "Nagaon", "officename": "Silghat", "officetype": "S.O" }, "geometry": { "type": "Polygon", "coordinates": [ [ [ 92.915042524293142, 26.542585160876513 ], [ 92.90918339080099, 26.55276906843784 ], [ 92.899696525274578, 26.543109840646707 ], [ 92.901756237160782, 26.524910541888232 ], [ 92.851615466380792, 26.527926867131328 ], [ 92.833732824310516, 26.552506939443788 ], [ 92.847881548694659, 26.564356225059782 ], [ 92.826437593120545, 26.575247927849773 ], [ 92.924323999952833, 26.598110000076588 ], [ 92.944304999576218, 26.617097999772852 ], [ 93.007609297331328, 26.612172441704956 ], [ 92.993457375857304, 26.597897832019385 ], [ 93.000568332362718, 26.594482020728719 ], [ 92.999286558328095, 26.583855420091538 ], [ 92.959632803511113, 26.575188633748553 ], [ 92.956165238035283, 26.583468305118231 ], [ 92.93665506677803, 26.587007593325836 ], [ 92.933294267916267, 26.576293798919664 ], [ 92.944241815907219, 26.569815862612131 ], [ 92.915042524293142, 26.542585160876513 ] ] ] } },
{ "type": "Feature", "properties": { "pincode": "782144", "state": "Assam", "district": "Nagaon", "officename": "Baligaon", "officetype": "S.O" }, "geometry": { "type": "Polygon", "coordinates": [ [ [ 92.749851041692352, 26.238478277850334 ], [ 92.681930588625733, 26.21000542890755 ], [ 92.646942610113456, 26.216857977813618 ], [ 92.641140880347507, 26.232009200764196 ], [ 92.65136868471717, 26.238278836099539 ], [ 92.653835456741149, 26.25758493949354 ], [ 92.662013505618916, 26.249108860685453 ], [ 92.705996757744288, 26.245742235116211 ], [ 92.705433122041029, 26.255567765539979 ], [ 92.710438921219406, 26.249373669659178 ], [ 92.743091012340415, 26.273275254749308 ], [ 92.775701020585814, 26.249892685499049 ], [ 92.776058986733005, 26.235551753510833 ], [ 92.749851041692352, 26.238478277850334 ] ] ] } },
{ "type": "Feature", "properties": { "pincode": "782402", "state": "Assam", "district": "Kamrup Metropolitan", "officename": "Sonapur", "officetype": "S.O" }, "geometry": { "type": "Polygon", "coordinates": [ [ [ 91.878249999637774, 26.096438999560235 ], [ 91.893550625161311, 26.123948435372029 ], [ 91.921774036342811, 26.132639454846981 ], [ 91.983509134938629, 26.1330384309789 ], [ 91.996121561860718, 26.141838963597479 ], [ 92.00936843980179, 26.136696076262979 ], [ 92.000191565188686, 26.204379491420639 ], [ 92.026404999691181, 26.200510000036616 ], [ 92.034484999982794, 26.207691000239436 ], [ 92.04602799989226, 26.199329000433067 ], [ 92.04851500036699, 26.213364000148601 ], [ 92.062285765775528, 26.198388419290325 ], [ 92.046149098102489, 26.173771421713752 ], [ 92.055219186316492, 26.161480407095269 ], [ 92.049856213293651, 26.152167276198895 ], [ 92.055845529947305, 26.150851972740384 ], [ 92.054639210831112, 26.140497482672743 ], [ 92.044603252538082, 26.132397288104471 ], [ 92.052638609584278, 26.133151250929473 ], [ 92.051038859555831, 26.1175227325881 ], [ 92.026555622644025, 26.10111084628852 ], [ 92.050901115794034, 26.047170152080923 ], [ 92.050406024618496, 26.032140494987971 ], [ 91.993316999979641, 26.039608000309101 ], [ 91.980422999821769, 26.024442999744622 ], [ 91.936233999899287, 26.013303999580103 ], [ 91.921852000369654, 25.998780999843405 ], [ 91.919280999618536, 26.020112999715195 ], [ 91.885597000301459, 26.028693999728489 ], [ 91.87255899979823, 26.050900000334821 ], [ 91.878249999637774, 26.096438999560235 ] ] ] } },
{ "type": "Feature", "properties": { "pincode": "782403", "state": "Assam", "district": "Kamrup Metropolitan", "officename": "Khetri (Kamrup)", "officetype": "S.O" }, "geometry": { "type": "Polygon", "coordinates": [ [ [ 92.02711003849754, 26.098343674620935 ], [ 92.051038859555831, 26.1175227325881 ], [ 92.052638609584278, 26.133151250929473 ], [ 92.044603252538082, 26.132397288104471 ], [ 92.054639210831112, 26.140497482672743 ], [ 92.055845529947305, 26.150851972740384 ], [ 92.049856213293651, 26.152167276198895 ], [ 92.055219186316492, 26.161480407095269 ], [ 92.046149098102489, 26.173771421713752 ], [ 92.062285765775528, 26.198388419290325 ], [ 92.079712000108771, 26.195081999734612 ], [ 92.083861999931457, 26.185637000347356 ], [ 92.094451999960029, 26.187772999924221 ], [ 92.083923000046639, 26.177571999847942 ], [ 92.110869999850649, 26.171056999780888 ], [ 92.13194999979271, 26.178431999936834 ], [ 92.149475000371069, 26.162525000228641 ], [ 92.170371999967927, 26.16335900001792 ], [ 92.165061999711725, 26.148181999799533 ], [ 92.170280000221965, 26.091660000408808 ], [ 92.180420000182892, 26.077888000231212 ], [ 92.13521600021835, 26.044310000406313 ], [ 92.095490000163466, 26.046983999611996 ], [ 92.050406024618496, 26.032140494987971 ], [ 92.050901115794034, 26.047170152080923 ], [ 92.02711003849754, 26.098343674620935 ] ] ] } },
{ "type": "Feature", "properties": { "pincode": "782427", "state": "Assam", "district": "Nagaon", "officename": "Kathiatoli", "officetype": "S.O" }, "geometry": { "type": "Polygon", "coordinates": [ [ [ 92.710679778549036, 26.227424025298603 ], [ 92.733103423184559, 26.225478771028577 ], [ 92.76584127725323, 26.204588825713813 ], [ 92.80328400025644, 26.202095000284146 ], [ 92.766399324569363, 26.177834987694723 ], [ 92.769184979103613, 26.154642820210142 ], [ 92.753563498856465, 26.139424390023692 ], [ 92.73261506163584, 26.14439360568042 ], [ 92.721000862400047, 26.156674698978293 ], [ 92.73981185123597, 26.162214375293274 ], [ 92.733098674764221, 26.19021153593377 ], [ 92.722996810554378, 26.192443516555102 ], [ 92.710679778549036, 26.227424025298603 ] ] ] } },
{ "type": "Feature", "properties": { "pincode": "782410", "state": "Assam", "district": "Morigaon", "officename": "Jagiroad", "officetype": "S.O" }, "geometry": { "type": "Polygon", "coordinates": [ [ [ 92.243544526159042, 26.123495621326015 ], [ 92.242087831288529, 26.13439366523545 ], [ 92.232367189694116, 26.139607750997016 ], [ 92.233956961744639, 26.156648659108498 ], [ 92.248111091054113, 26.149541525621032 ], [ 92.24925760345576, 26.165601407379199 ], [ 92.255264144824594, 26.166126335362264 ], [ 92.285337771720947, 26.15580030344131 ], [ 92.289996388522582, 26.149434163655883 ], [ 92.275480928701995, 26.136195524404002 ], [ 92.274566785828597, 26.124768581105229 ], [ 92.293550966104192, 26.120827208708931 ], [ 92.295801818998825, 26.103774880106812 ], [ 92.303259484837497, 26.10444185330897 ], [ 92.31696771318957, 26.087714599049548 ], [ 92.314193999853217, 26.074271999853124 ], [ 92.299277999979779, 26.077390999794829 ], [ 92.275672999609412, 26.063286000448727 ], [ 92.243179000310704, 26.060841000112134 ], [ 92.214049999707811, 26.069304000079626 ], [ 92.180969000319294, 26.067587000040021 ], [ 92.170280000221965, 26.091660000408808 ], [ 92.165061999711725, 26.148181999799533 ], [ 92.178725842024051, 26.138089874348282 ], [ 92.204711208455649, 26.149785607020249 ], [ 92.204056465133874, 26.128549764460104 ], [ 92.222660325713605, 26.109705363112084 ], [ 92.243544526159042, 26.123495621326015 ] ] ] } },
{ "type": "Feature", "properties": { "pincode": "782412", "state": "Assam", "district": "Morigaon", "officename": "Dharamtul", "officetype": "S.O" }, "geometry": { "type": "Polygon", "coordinates": [ [ [ 92.274566785828597, 26.124768581105229 ], [ 92.289996388522582, 26.149434163655883 ], [ 92.279194939894637, 26.160704834460716 ], [ 92.295780560824426, 26.16295455330993 ], [ 92.297088620243755, 26.173840634437852 ], [ 92.330707654334788, 26.191461522531426 ], [ 92.341923098672112, 26.209837467924842 ], [ 92.384818614487585, 26.205355624562628 ], [ 92.408543405453884, 26.246502378082369 ], [ 92.408382096756441, 26.188721874614885 ], [ 92.398030264185365, 26.187163050934089 ], [ 92.399050805850095, 26.150937732090767 ], [ 92.387213232105012, 26.150106739634452 ], [ 92.387771598680388, 26.139216712281495 ], [ 92.370551999775046, 26.120471999883023 ], [ 92.31696771318957, 26.087714599049548 ], [ 92.303259484837497, 26.10444185330897 ], [ 92.295801818998825, 26.103774880106812 ], [ 92.293550966104192, 26.120827208708931 ], [ 92.274566785828597, 26.124768581105229 ] ] ] } },
{ "type": "Feature", "properties": { "pincode": "782411", "state": "Assam", "district": "Morigaon", "officename": "Jagibhakatgaon", "officetype": "S.O" }, "geometry": { "type": "Polygon", "coordinates": [ [ [ 91.994683673612769, 26.207688156583288 ], [ 91.961951999685084, 26.227715000047397 ], [ 91.95597800028446, 26.253705999832164 ], [ 91.979087103686879, 26.273150954952712 ], [ 91.994862811369671, 26.271041055500405 ], [ 92.032220545741779, 26.291023574078736 ], [ 92.056121890712689, 26.289805470246336 ], [ 92.066634904277635, 26.30550043409778 ], [ 92.096596276896832, 26.313408162057158 ], [ 92.122878260423363, 26.297519288184731 ], [ 92.12027908930861, 26.279027292475632 ], [ 92.128735856974288, 26.277161655186319 ], [ 92.128883475292241, 26.260128400305632 ], [ 92.144431677879709, 26.252267065672584 ], [ 92.170892844129526, 26.263517193263908 ], [ 92.177780975611597, 26.241423393874584 ], [ 92.19959329169717, 26.241443929893535 ], [ 92.196064755783937, 26.229121002832187 ], [ 92.224528946953399, 26.230476749702348 ], [ 92.225722577535123, 26.209563243948651 ], [ 92.255401473998916, 26.207726355287036 ], [ 92.24167162234761, 26.19039856973842 ], [ 92.242418496716368, 26.181376086237492 ], [ 92.253476671211388, 26.180500542266259 ], [ 92.244125415355654, 26.166427574073396 ], [ 92.250874572803525, 26.154604056732012 ], [ 92.247036380524662, 26.149489394619877 ], [ 92.233956961744639, 26.156648659108498 ], [ 92.232655321685797, 26.148156282786317 ], [ 92.206374049522822, 26.150389067401647 ], [ 92.172608041927674, 26.138096830604297 ], [ 92.165061999711725, 26.148181999799533 ], [ 92.170371999967927, 26.16335900001792 ], [ 92.149475000371069, 26.162525000228641 ], [ 92.13194999979271, 26.178431999936834 ], [ 92.110869999850649, 26.171056999780888 ], [ 92.083923000046639, 26.177571999847942 ], [ 92.094451999960029, 26.187772999924221 ], [ 92.083861999931457, 26.185637000347356 ], [ 92.04851500036699, 26.213364000148601 ], [ 92.04602799989226, 26.199329000433067 ], [ 92.034484999982794, 26.207691000239436 ], [ 92.026404999691181, 26.200510000036616 ], [ 91.994683673612769, 26.207688156583288 ] ] ] } },
{ "type": "Feature", "properties": { "pincode": "782460", "state": "Assam", "district": "Karbi Anglong East", "officename": "Diphu", "officetype": "H.O" }, "geometry": { "type": "Polygon", "coordinates": [ [ [ 93.450248790649312, 25.855729951875844 ], [ 93.425124196824299, 25.851814508732616 ], [ 93.408862563856303, 25.865984608203178 ], [ 93.421654038603094, 25.872433264383744 ], [ 93.4349206431732, 25.86757279205068 ], [ 93.435734624053794, 25.878706847742876 ], [ 93.448499467176759, 25.884319984279955 ], [ 93.486075608202839, 25.870322918867828 ], [ 93.465353068089826, 25.843574157521459 ], [ 93.450248790649312, 25.855729951875844 ] ] ] } },
{ "type": "Feature", "properties": { "pincode": "782425", "state": "Assam", "district": "Nagaon", "officename": "Chaparmukh", "officetype": "S.O" }, "geometry": { "type": "Polygon", "coordinates": [ [ [ 92.398030264185365, 26.187163050934089 ], [ 92.408382096756441, 26.188721874614885 ], [ 92.408407174351737, 26.197704663839318 ], [ 92.455857803095284, 26.209644447333517 ], [ 92.520397344861635, 26.197588136883041 ], [ 92.517516184124645, 26.21469550939031 ], [ 92.54283456206548, 26.213666830659804 ], [ 92.551959822787637, 26.230593313530619 ], [ 92.590937618376643, 26.238501867966818 ], [ 92.596674190461727, 26.257049873453013 ], [ 92.606909048214163, 26.258275766313659 ], [ 92.615013454307586, 26.275943966840828 ], [ 92.639127038382185, 26.280632137163536 ], [ 92.66288617175951, 26.270162047340648 ], [ 92.65136868471717, 26.238278836099539 ], [ 92.641140880347507, 26.232009200764196 ], [ 92.646659601559463, 26.216372016555397 ], [ 92.617147363859772, 26.215284714618008 ], [ 92.615129113417993, 26.196001228274099 ], [ 92.603418014929503, 26.184459121391399 ], [ 92.61966613558377, 26.174647225589069 ], [ 92.608672230239449, 26.15574862569872 ], [ 92.577226404275109, 26.156531221139062 ], [ 92.56835200044452, 26.115085999719327 ], [ 92.536101999807556, 26.095600000439731 ], [ 92.522117999746001, 26.104452000359629 ], [ 92.530609000105528, 26.142847000189079 ], [ 92.52292600013493, 26.150107999584634 ], [ 92.511374999856514, 26.1410999996653 ], [ 92.500022999761711, 26.148859000442485 ], [ 92.478409000375166, 26.141642000378226 ], [ 92.471183999941672, 26.14626100024509 ], [ 92.431861999631565, 26.110283000360369 ], [ 92.421875000430987, 26.11846900014433 ], [ 92.406052000099862, 26.117708000124196 ], [ 92.41354400025557, 26.13551100003275 ], [ 92.387754503467704, 26.13955012873555 ], [ 92.387213232105012, 26.150106739634452 ], [ 92.399050805850095, 26.150937732090767 ], [ 92.398030264185365, 26.187163050934089 ] ] ] } },
{ "type": "Feature", "properties": { "pincode": "782480", "state": "Assam", "district": "Karbi Anglong East", "officename": "Bokajan", "officetype": "S.O" }, "geometry": { "type": "Polygon", "coordinates": [ [ [ 93.668339936538985, 25.919468554730202 ], [ 93.64361514442362, 25.932363007246977 ], [ 93.629365776909083, 25.933229241436436 ], [ 93.623543131610347, 25.925319103294044 ], [ 93.595048743005066, 25.929018984338768 ], [ 93.592698583373021, 25.940864678961873 ], [ 93.579930344410002, 25.939051884936589 ], [ 93.581503043730663, 25.956598907213902 ], [ 93.565565895150087, 25.956143739642016 ], [ 93.572377987154368, 25.970958549597526 ], [ 93.567198365212505, 25.988635516715817 ], [ 93.547422737469503, 25.997044025861328 ], [ 93.551716723248376, 26.005503191119374 ], [ 93.517902645091112, 26.029271080296155 ], [ 93.530907806849996, 26.040528868312833 ], [ 93.507222946681793, 26.031610663001686 ], [ 93.506928919634106, 26.050670992472533 ], [ 93.488844393254226, 26.053188725479345 ], [ 93.448248383656164, 26.129061672957903 ], [ 93.443531122063803, 26.163044793082918 ], [ 93.467621038679965, 26.163835460838015 ], [ 93.467939128887679, 26.180826902639524 ], [ 93.490052824878148, 26.176309741101704 ], [ 93.516928998574485, 26.184368690063025 ], [ 93.595451463014797, 26.17196076627647 ], [ 93.627584401598881, 26.153005566653576 ], [ 93.661358815157371, 26.148207478492452 ], [ 93.673574181503398, 26.158976105463069 ], [ 93.681932848422377, 26.129583051316899 ], [ 93.701330044146289, 26.120845672689711 ], [ 93.710493770671121, 26.091809505504386 ], [ 93.731619751150731, 26.085283381722718 ], [ 93.761298584662086, 26.061642150365117 ], [ 93.746275274084837, 26.032838984032026 ], [ 93.752970378680175, 26.030586272238736 ], [ 93.747894936902014, 26.020971585170741 ], [ 93.756319613159803, 26.019376849761727 ], [ 93.74136684810162, 25.997086927120222 ], [ 93.759608846670972, 25.989440260659478 ], [ 93.779457000240541, 25.96706999978079 ], [ 93.769797999977811, 25.963026000349828 ], [ 93.770400999906371, 25.949390000148469 ], [ 93.762924000442524, 25.950832000096909 ], [ 93.751990999884868, 25.932279999822242 ], [ 93.739127495737478, 25.932210745729435 ], [ 93.735890445387781, 25.923449485605317 ], [ 93.706884288579204, 25.919199791437336 ], [ 93.681802512376066, 25.902002074835991 ], [ 93.662128598855872, 25.906829700330377 ], [ 93.668339936538985, 25.919468554730202 ] ] ] } },
{ "type": "Feature", "properties": { "pincode": "782426", "state": "Assam", "district": "Hojai, Nagaon", "officename": "Kampur", "officetype": "S.O" }, "geometry": { "type": "Polygon", "coordinates": [ [ [ 92.552230999860797, 25.970128999653582 ], [ 92.572830000104489, 26.011744999632128 ], [ 92.59564199987841, 26.02572100022411 ], [ 92.58325199958017, 26.034731000235638 ], [ 92.599274000095079, 26.076109000030328 ], [ 92.578963999688995, 26.094170000145539 ], [ 92.579184999987774, 26.1099589998081 ], [ 92.56835200044452, 26.115085999719327 ], [ 92.579075505730202, 26.144905971033779 ], [ 92.573824874218587, 26.153586047558179 ], [ 92.608672230239449, 26.15574862569872 ], [ 92.61966613558377, 26.174647225589069 ], [ 92.603418014929503, 26.184459121391399 ], [ 92.615129113417993, 26.196001228274099 ], [ 92.618550392586542, 26.216339654451474 ], [ 92.681930588625733, 26.21000542890755 ], [ 92.710679778549036, 26.227424025298603 ], [ 92.722996810554378, 26.192443516555102 ], [ 92.733098674764221, 26.19021153593377 ], [ 92.73981185123597, 26.162214375293274 ], [ 92.721000862400047, 26.156674698978293 ], [ 92.726087167089133, 26.151200263981082 ], [ 92.716826282307238, 26.119767184108412 ], [ 92.703223094770124, 26.108456324399981 ], [ 92.707005931978244, 26.103276459640995 ], [ 92.683118746832804, 26.097029639206596 ], [ 92.689842984965821, 26.080531500728284 ], [ 92.705678600087424, 26.077310918763942 ], [ 92.721276320246091, 26.057528891445315 ], [ 92.712920999704522, 26.043058000226665 ], [ 92.717323000356316, 26.021368000033249 ], [ 92.696495000343987, 26.018915000227139 ], [ 92.67086800025811, 26.028008999615679 ], [ 92.658499178993964, 26.019500221458088 ], [ 92.658431999637173, 25.99860799995929 ], [ 92.600876000227288, 25.975540000071078 ], [ 92.593742000393036, 25.96447399967542 ], [ 92.560317999576171, 25.963997000161555 ], [ 92.552230999860797, 25.970128999653582 ] ] ] } },
{ "type": "Feature", "properties": { "pincode": "782428", "state": "Assam", "district": "Hojai, Nagaon", "officename": "Jamunamukh", "officetype": "S.O" }, "geometry": { "type": "Polygon", "coordinates": [ [ [ 92.721276320246091, 26.057528891445315 ], [ 92.689842984965821, 26.080531500728284 ], [ 92.683118746832804, 26.097029639206596 ], [ 92.707005931978244, 26.103276459640995 ], [ 92.703223094770124, 26.108456324399981 ], [ 92.716826282307238, 26.119767184108412 ], [ 92.726498214820822, 26.152312603044379 ], [ 92.753563498856465, 26.139424390023692 ], [ 92.769184979103613, 26.154642820210142 ], [ 92.766399324569363, 26.177834987694723 ], [ 92.790005725184074, 26.195123228254374 ], [ 92.824425000313681, 26.206211000337419 ], [ 92.862441999798648, 26.202293000421832 ], [ 92.831755415679936, 26.150240879812884 ], [ 92.822355446246888, 26.111116385912567 ], [ 92.804119504611549, 26.079246757132296 ], [ 92.760108685567445, 26.096121362610972 ], [ 92.731213585139017, 26.064876406521137 ], [ 92.750756274082903, 26.068188887507176 ], [ 92.75268599975908, 26.061041000342016 ], [ 92.721276320246091, 26.057528891445315 ] ] ] } },
{ "type": "Feature", "properties": { "pincode": "782429", "state": "Assam", "district": "Hojai", "officename": "Jogijan Bazar", "officetype": "S.O" }, "geometry": { "type": "Polygon", "coordinates": [ [ [ 92.73602037244234, 26.07587377245676 ], [ 92.760108685567445, 26.096121362610972 ], [ 92.775849037303431, 26.085726182717167 ], [ 92.820293358351933, 26.078774823499543 ], [ 92.819383508841895, 26.037104428926398 ], [ 92.809829883942029, 26.015662918608882 ], [ 92.793042637707629, 26.01021785097322 ], [ 92.792272660654874, 26.018609095833028 ], [ 92.784781999589768, 26.009425999710231 ], [ 92.761809999632021, 26.014670999667089 ], [ 92.765540999917448, 26.030128000207185 ], [ 92.749089260161327, 26.040545418536226 ], [ 92.754429096325907, 26.064915237448417 ], [ 92.731789396763361, 26.061208704118371 ], [ 92.73602037244234, 26.07587377245676 ] ] ] } },
{ "type": "Feature", "properties": { "pincode": "782435", "state": "Assam", "district": "Hojai", "officename": "Hojai", "officetype": "S.O" }, "geometry": { "type": "Polygon", "coordinates": [ [ [ 92.772233193407317, 25.95214066026324 ], [ 92.765236000241259, 25.964042999584876 ], [ 92.772331000075837, 25.989214000226013 ], [ 92.763953999577609, 25.990051000153699 ], [ 92.780707999674576, 25.996662000151275 ], [ 92.763114999557729, 26.004107999984342 ], [ 92.783500999871364, 26.008077999600118 ], [ 92.792272660654874, 26.018609095833028 ], [ 92.793042637707629, 26.01021785097322 ], [ 92.809829883942029, 26.015662918608882 ], [ 92.824568178678646, 26.069633699635631 ], [ 92.848513243291734, 26.061339107613833 ], [ 92.868307573335926, 26.065981061776768 ], [ 92.867656019909589, 26.060533772815347 ], [ 92.91087834126256, 26.052228752255189 ], [ 92.926015379206547, 26.009317631403576 ], [ 92.900911405936768, 25.947987992152207 ], [ 92.862689196449367, 25.934321878152275 ], [ 92.873313153079721, 25.912413520767473 ], [ 92.849518000055753, 25.904690000043558 ], [ 92.859221999695649, 25.92182399967794 ], [ 92.837708000423959, 25.913283999757027 ], [ 92.820625000443499, 25.923147000433801 ], [ 92.805176000272297, 25.918630999920879 ], [ 92.794312000198659, 25.936382000129299 ], [ 92.798470000390296, 25.954107000038164 ], [ 92.809952000184808, 25.954269000314298 ], [ 92.80013299973831, 25.963045000326531 ], [ 92.782683999966821, 25.950441000052081 ], [ 92.772233193407317, 25.95214066026324 ] ] ] } },
{ "type": "Feature", "properties": { "pincode": "782439", "state": "Assam", "district": "Hojai", "officename": "Murazar Bazar", "officetype": "S.O" }, "geometry": { "type": "Polygon", "coordinates": [ [ [ 92.97958044638068, 26.013585949631818 ], [ 92.95654179856524, 26.022980317187887 ], [ 92.960301587048832, 26.03771704170822 ], [ 92.967674547542515, 26.037601247699513 ], [ 92.96259603008275, 26.059604162502183 ], [ 92.974842707225207, 26.064886305358812 ], [ 92.984389272447117, 26.091834931137157 ], [ 92.987337115215723, 26.121683919977102 ], [ 92.978166614997349, 26.122023389767662 ], [ 92.979091970618072, 26.128295061168217 ], [ 93.038902000227267, 26.106495000144264 ], [ 93.045966999577445, 26.08593199976201 ], [ 93.093871999992984, 26.078022000115425 ], [ 93.0763477449525, 26.046760919181054 ], [ 93.039821014728204, 26.049170573463243 ], [ 92.97958044638068, 26.013585949631818 ] ] ] } },
{ "type": "Feature", "properties": { "pincode": "782440", "state": "Assam", "district": "Karbi Anglong West", "officename": "Daboka", "officetype": "S.O" }, "geometry": { "type": "Polygon", "coordinates": [ [ [ 92.51837899999083, 25.617901000131212 ], [ 92.637925935333669, 25.738492212046083 ], [ 92.636074568486663, 25.780147979146136 ], [ 92.656439610100051, 25.820878063272175 ], [ 92.713002790346536, 25.828414732753743 ], [ 92.721809027364884, 25.837771358461566 ], [ 92.722359416953736, 25.864190068616892 ], [ 92.737770330836327, 25.904368522988989 ], [ 92.776848005131342, 25.934639961165374 ], [ 92.794312000198659, 25.936382000129299 ], [ 92.805176000272297, 25.918630999920879 ], [ 92.820625000443499, 25.923147000433801 ], [ 92.837708000423959, 25.913283999757027 ], [ 92.859221999695649, 25.92182399967794 ], [ 92.849518000055753, 25.904690000043558 ], [ 92.87206300010746, 25.866411000167716 ], [ 92.987174999826379, 25.875134000433832 ], [ 93.034820999989222, 25.808383999722025 ], [ 93.063498999579224, 25.783719999978132 ], [ 93.077994999869475, 25.78169099993994 ], [ 93.072617000074672, 25.774569999805635 ], [ 93.026900999881434, 25.795683000370218 ], [ 93.011017000334277, 25.791391000294482 ], [ 92.992683000220268, 25.823259000402629 ], [ 92.986045999923022, 25.783237000187569 ], [ 92.983779999747242, 25.79093900013487 ], [ 92.969916999869781, 25.784553999767525 ], [ 92.972159999884127, 25.790098000022681 ], [ 92.958809000235192, 25.800528999913524 ], [ 92.967689999693903, 25.816552999621308 ], [ 92.944869999551031, 25.804742999989514 ], [ 92.931450000317341, 25.807561999586653 ], [ 92.929862999977502, 25.780777000058436 ], [ 92.922150000422221, 25.770742000443022 ], [ 92.822319000321841, 25.739936999892791 ], [ 92.824135000429976, 25.725207999649456 ], [ 92.81282000024288, 25.701954000177011 ], [ 92.777884999892876, 25.677903999969828 ], [ 92.788550999828772, 25.655490999710025 ], [ 92.763762999762719, 25.62859200032068 ], [ 92.768386999860184, 25.619019999573482 ], [ 92.753220000103113, 25.612882999850626 ], [ 92.75080100006619, 25.600138000268544 ], [ 92.720085000022834, 25.589988999892626 ], [ 92.715713999901311, 25.599050999604117 ], [ 92.698356999875841, 25.598190000368334 ], [ 92.682648000305164, 25.584496000190427 ], [ 92.68384599979322, 25.576735000220083 ], [ 92.6648329998431, 25.57159199957124 ], [ 92.649261000294985, 25.589977000238378 ], [ 92.629783999632025, 25.567141000257095 ], [ 92.588417000344464, 25.550701000251138 ], [ 92.561957999662127, 25.572016000238364 ], [ 92.558678000389591, 25.609756000439234 ], [ 92.51837899999083, 25.617901000131212 ] ] ] } },
{ "type": "Feature", "properties": { "pincode": "782441", "state": "Assam", "district": "Karbi Anglong East", "officename": "Dokmaka", "officetype": "S.O" }, "geometry": { "type": "Polygon", "coordinates": [ [ [ 92.982194294431224, 26.421750464712318 ], [ 93.02479599993552, 26.421374999556633 ], [ 93.047310000356447, 26.437425999610184 ], [ 93.054443000144431, 26.433912000338694 ], [ 93.056107000437919, 26.414824999674067 ], [ 93.078300000444699, 26.420477000413371 ], [ 93.097679000185792, 26.434499999575394 ], [ 93.073218999957135, 26.430902000027288 ], [ 93.10352299988665, 26.44647399957563 ], [ 93.109444000440305, 26.442676999843741 ], [ 93.102303000283428, 26.432223999837902 ], [ 93.118911999988995, 26.440556000059416 ], [ 93.106978595386011, 26.464460895553941 ], [ 93.093047999765474, 26.45907399966552 ], [ 93.093582000109336, 26.468252000229825 ], [ 93.067946999654509, 26.477487999871357 ], [ 93.093169999995666, 26.500026999646536 ], [ 93.076035000315187, 26.492366999837145 ], [ 93.071807999639645, 26.500323999852867 ], [ 93.072066999892172, 26.489254000172025 ], [ 93.022643999620868, 26.477469999940581 ], [ 93.012482000443924, 26.482089999853713 ], [ 93.008841999858532, 26.493710999762925 ], [ 93.015404000294382, 26.504088999907481 ], [ 93.042259000352772, 26.517258000156517 ], [ 93.052498000382457, 26.526414999752433 ], [ 93.047042999734686, 26.535405999787088 ], [ 93.0638199999932, 26.541710000016622 ], [ 93.093445000086831, 26.54334800001044 ], [ 93.121040000096116, 26.529043000434228 ], [ 93.146186999630402, 26.553711000362455 ], [ 93.158081000437903, 26.547503000063386 ], [ 93.18925500001842, 26.567461000424942 ], [ 93.213935999646822, 26.556025000053921 ], [ 93.16674799992029, 26.521652000439474 ], [ 93.197555999709778, 26.535499999625415 ], [ 93.219375999602732, 26.507181000402966 ], [ 93.214332999968008, 26.519325000148683 ], [ 93.221359000217831, 26.522490999559921 ], [ 93.214783000035595, 26.526626999636392 ], [ 93.224257999907024, 26.536621000059199 ], [ 93.247749000416093, 26.530439000060028 ], [ 93.251785000377538, 26.520738999705088 ], [ 93.275977999984775, 26.51875499994344 ], [ 93.238974532848488, 26.483080433115674 ], [ 93.23262356462584, 26.420840938958236 ], [ 93.212300463795373, 26.36145938054608 ], [ 93.136723934661973, 26.270424322924327 ], [ 93.105762961991331, 26.207686547696028 ], [ 93.068609794606402, 26.188792415637522 ], [ 93.043841015750388, 26.157672667659483 ], [ 93.026852173888926, 26.156402474194977 ], [ 93.007438999909994, 26.114810999627991 ], [ 92.960219999653305, 26.138764999904993 ], [ 92.934249999937606, 26.14104299973468 ], [ 92.957680000331834, 26.169432000386621 ], [ 92.955360000363896, 26.187652999786224 ], [ 92.944336000106546, 26.200753999597623 ], [ 92.884430000244492, 26.208362999752751 ], [ 92.851615999678813, 26.201442999894596 ], [ 92.797347999910414, 26.206244000060735 ], [ 92.79957600013239, 26.221497000186446 ], [ 92.820846999889341, 26.215067000441877 ], [ 92.829086000318796, 26.223528000317003 ], [ 92.818321000313972, 26.23835599972972 ], [ 92.821930000369434, 26.265163000272423 ], [ 92.841422999971599, 26.280472000282714 ], [ 92.850243000214277, 26.304271999753098 ], [ 92.884383999921795, 26.285517000009634 ], [ 92.895812999970019, 26.290632000266783 ], [ 92.901886000338777, 26.307692000085808 ], [ 92.944107000337851, 26.326649000151349 ], [ 92.943412999810221, 26.350785999874176 ], [ 92.91360698417509, 26.358368505102533 ], [ 92.9289470000042, 26.380351999944992 ], [ 92.886047000169015, 26.381772999824136 ], [ 92.905265999726339, 26.399195000149234 ], [ 92.914763999759032, 26.392296000360147 ], [ 92.942420999929425, 26.401873000438684 ], [ 92.952202000422176, 26.396296999606932 ], [ 92.982194294431224, 26.421750464712318 ] ] ] } },
{ "type": "Feature", "properties": { "pincode": "782445", "state": "Assam", "district": "Hojai", "officename": "Nilbagan", "officetype": "S.O" }, "geometry": { "type": "Polygon", "coordinates": [ [ [ 92.820293358351933, 26.078774823499543 ], [ 92.804119504611549, 26.079246757132296 ], [ 92.822355446246888, 26.111116385912567 ], [ 92.831755415679936, 26.150240879812884 ], [ 92.862441999798648, 26.202293000421832 ], [ 92.884430000244492, 26.208362999752751 ], [ 92.944336000106546, 26.200753999597623 ], [ 92.955360000363896, 26.187652999786224 ], [ 92.957680000331834, 26.169432000386621 ], [ 92.934249999937606, 26.14104299973468 ], [ 92.960219999653305, 26.138764999904993 ], [ 92.987337115215723, 26.121683919977102 ], [ 92.980054023974162, 26.075089935951894 ], [ 92.96259603008275, 26.059604162502183 ], [ 92.967674547542515, 26.037601247699513 ], [ 92.960301587048832, 26.03771704170822 ], [ 92.95654179856524, 26.022980317187887 ], [ 92.921987116112575, 26.027983806907116 ], [ 92.91087834126256, 26.052228752255189 ], [ 92.867656019909589, 26.060533772815347 ], [ 92.868307573335926, 26.065981061776768 ], [ 92.848513243291734, 26.061339107613833 ], [ 92.823231219545221, 26.067960525358103 ], [ 92.820293358351933, 26.078774823499543 ] ] ] } },
{ "type": "Feature", "properties": { "pincode": "785686", "state": "Assam", "district": "Charaideo, Sivasagar", "officename": "Simaluguri", "officetype": "S.O" }, "geometry": { "type": "Polygon", "coordinates": [ [ [ 94.815581109180926, 26.993601667283201 ], [ 94.83633134211783, 26.956195061952656 ], [ 94.828274851903132, 26.933991652293003 ], [ 94.778358348658912, 26.935681350713821 ], [ 94.762133286622031, 26.90948671474024 ], [ 94.754556559537718, 26.920209996094513 ], [ 94.762631945407975, 26.937250783696868 ], [ 94.750539950758309, 26.949354535183772 ], [ 94.780256784223354, 26.980883064601755 ], [ 94.803622219589784, 26.976628626509978 ], [ 94.815581109180926, 26.993601667283201 ] ] ] } },
{ "type": "Feature", "properties": { "pincode": "782448", "state": "Assam", "district": "Dima Hasao", "officename": "Kheroni", "officetype": "S.O" }, "geometry": { "type": "Polygon", "coordinates": [ [ [ 92.946709842485348, 25.602282539807391 ], [ 92.753220000103113, 25.612882999850626 ], [ 92.76645699989075, 25.616581000412964 ], [ 92.763762999762719, 25.62859200032068 ], [ 92.788550999828772, 25.655490999710025 ], [ 92.777884999892876, 25.677903999969828 ], [ 92.81282000024288, 25.701954000177011 ], [ 92.824135000429976, 25.725207999649456 ], [ 92.822319000321841, 25.739936999892791 ], [ 92.922150000422221, 25.770742000443022 ], [ 92.929862999977502, 25.780777000058436 ], [ 92.931450000317341, 25.807561999586653 ], [ 92.944869999551031, 25.804742999989514 ], [ 92.963196000195296, 25.816980000426838 ], [ 92.958809000235192, 25.800528999913524 ], [ 92.972159999884127, 25.790098000022681 ], [ 92.969916999869781, 25.784553999767525 ], [ 92.983779999747242, 25.79093900013487 ], [ 92.986045999923022, 25.783237000187569 ], [ 92.992683000220268, 25.823259000402629 ], [ 93.011017000334277, 25.791391000294482 ], [ 93.026900999881434, 25.795683000370218 ], [ 93.05729766595465, 25.779163636093017 ], [ 93.062278258035292, 25.761366569911331 ], [ 93.076179067210319, 25.749257039381007 ], [ 93.06821924332354, 25.729119843705973 ], [ 93.053173387641834, 25.732076615843141 ], [ 93.048757900756584, 25.721817863103922 ], [ 93.030071905094474, 25.735047978581406 ], [ 93.022208793401148, 25.717032732374776 ], [ 92.986664522150079, 25.717299247362462 ], [ 92.985698105283518, 25.708254768243023 ], [ 92.977503831736556, 25.717577458932681 ], [ 92.982942141866431, 25.698956959096449 ], [ 92.976731539828791, 25.681029756518171 ], [ 92.963821105459715, 25.685470750874629 ], [ 92.965595327562482, 25.677367004883365 ], [ 92.957846797591742, 25.674275436062715 ], [ 92.972867566685011, 25.644393947522815 ], [ 92.944507035871084, 25.625167362184243 ], [ 92.953052655655711, 25.622171265391728 ], [ 92.947608440577142, 25.611155870746927 ], [ 92.954927644095619, 25.607175957904246 ], [ 92.946709842485348, 25.602282539807391 ] ] ] } },
{ "type": "Feature", "properties": { "pincode": "782446", "state": "Assam", "district": "Hojai", "officename": "Lanka (Nagaon)", "officetype": "S.O" }, "geometry": { "type": "Polygon", "coordinates": [ [ [ 92.956668375445247, 25.957890495550089 ], [ 92.997086734764935, 25.969159325442604 ], [ 92.990539207118843, 25.99243751847672 ], [ 92.969392603386041, 26.004058478815807 ], [ 92.966954756257053, 26.015166732059129 ], [ 92.97958044638068, 26.013585949631818 ], [ 93.039821014728204, 26.049170573463243 ], [ 93.0763477449525, 26.046760919181054 ], [ 93.092467999998348, 26.074495000244099 ], [ 93.108292000375741, 26.074990999735007 ], [ 93.09647400037494, 26.031968999669573 ], [ 93.119560000193928, 26.034473000029038 ], [ 93.142974999896467, 26.01731300009493 ], [ 93.160179000061021, 25.990440000106105 ], [ 93.161995000169156, 25.965823999877728 ], [ 93.175170999841839, 25.949906999708276 ], [ 93.187957999562229, 25.90226399968401 ], [ 93.24526199994142, 25.836733000327683 ], [ 93.25209800042262, 25.786667000081991 ], [ 93.241333000417796, 25.766056000184221 ], [ 93.135290302905162, 25.785240856980067 ], [ 93.120150325976851, 25.765252650189723 ], [ 93.100082000384077, 25.774121999830584 ], [ 93.081519999648322, 25.763162999872577 ], [ 93.069915999623788, 25.770413999706363 ], [ 93.077994999869475, 25.78169099993994 ], [ 93.063498999579224, 25.783719999978132 ], [ 93.034820999989222, 25.808383999722025 ], [ 92.987174999826379, 25.875134000433832 ], [ 92.87206300010746, 25.866411000167716 ], [ 92.849518000055753, 25.904690000043558 ], [ 92.873313153079721, 25.912413520767473 ], [ 92.862689196449367, 25.934321878152275 ], [ 92.894378514756738, 25.942186077125882 ], [ 92.908377041567348, 25.95934866530871 ], [ 92.944514672014748, 25.932878795420208 ], [ 92.958254619455317, 25.949223368363846 ], [ 92.956668375445247, 25.957890495550089 ] ] ] } },
{ "type": "Feature", "properties": { "pincode": "782450", "state": "Assam", "district": "Karbi Anglong West", "officename": "Baithalangsho", "officetype": "S.O" }, "geometry": { "type": "Polygon", "coordinates": [ [ [ 92.596391676534836, 25.968584081290373 ], [ 92.603218645124571, 25.952609381517789 ], [ 92.627833026573001, 25.972598037069872 ], [ 92.658799507591368, 25.968315040107086 ], [ 92.660189029400271, 25.944220273447002 ], [ 92.645162644040965, 25.927979636051532 ], [ 92.6226178661218, 25.927749587673475 ], [ 92.596622356236821, 25.910265882164879 ], [ 92.590411040137496, 25.89163193206798 ], [ 92.575687919661846, 25.883120128591202 ], [ 92.496296325215326, 25.8773447714442 ], [ 92.44630940415567, 25.950473785736676 ], [ 92.408356370750028, 25.982872715903284 ], [ 92.38151154292342, 26.044893525515761 ], [ 92.352815347350599, 26.071738354241745 ], [ 92.345710999962876, 26.106820999889351 ], [ 92.391724000362444, 26.140667000381939 ], [ 92.415009000365217, 26.13330099974138 ], [ 92.406052000099862, 26.117708000124196 ], [ 92.421875000430987, 26.11846900014433 ], [ 92.431861999631565, 26.110283000360369 ], [ 92.471183999941672, 26.14626100024509 ], [ 92.478409000375166, 26.141642000378226 ], [ 92.500022999761711, 26.148859000442485 ], [ 92.511374999856514, 26.1410999996653 ], [ 92.5280530000461, 26.148037000307454 ], [ 92.523399000363554, 26.101662000301133 ], [ 92.536101999807556, 26.095600000439731 ], [ 92.556540999867309, 26.113275999887492 ], [ 92.575866999862285, 26.113747000024205 ], [ 92.578963999688995, 26.094170000145539 ], [ 92.599274000095079, 26.076109000030328 ], [ 92.58325199958017, 26.034731000235638 ], [ 92.594788000066217, 26.021839000169905 ], [ 92.572830000104489, 26.011744999632128 ], [ 92.552230999860797, 25.970128999653582 ], [ 92.573287999641593, 25.960680000081993 ], [ 92.596391676534836, 25.968584081290373 ] ] ] } },
{ "type": "Feature", "properties": { "pincode": "782447", "state": "Assam", "district": "Hojai, Karbi Anglong East", "officename": "Lumding", "officetype": "S.O" }, "geometry": { "type": "Polygon", "coordinates": [ [ [ 93.131583999801819, 25.761186999580502 ], [ 93.120150325976851, 25.765252650189723 ], [ 93.135290302905162, 25.785240856980067 ], [ 93.241333000417796, 25.766056000184221 ], [ 93.250579999667309, 25.781293999618413 ], [ 93.24526199994142, 25.836733000327683 ], [ 93.187957999562229, 25.90226399968401 ], [ 93.180158354824357, 25.933275225571322 ], [ 93.211192727462503, 25.931612927694573 ], [ 93.253172433960685, 25.911039276641532 ], [ 93.300049406754852, 25.916369429805513 ], [ 93.299462965143846, 25.903233602848672 ], [ 93.318447497953798, 25.868372206612094 ], [ 93.354629839995255, 25.862448484709944 ], [ 93.365740957579305, 25.878166622291815 ], [ 93.372488588877445, 25.873883082138661 ], [ 93.393923849806015, 25.881996171186529 ], [ 93.395183365619971, 25.869750059717489 ], [ 93.411912389745225, 25.864245837375734 ], [ 93.414852580182469, 25.855486436150215 ], [ 93.45412019758902, 25.851777022291856 ], [ 93.445932260665529, 25.82561056207777 ], [ 93.417438376579923, 25.794825738716895 ], [ 93.457075647723059, 25.697117334697282 ], [ 93.449974000100212, 25.631224000287432 ], [ 93.427605000070685, 25.627794000392839 ], [ 93.407700000354851, 25.605789000062316 ], [ 93.40688299955093, 25.592830999650971 ], [ 93.390120999984276, 25.591108000234101 ], [ 93.384804000304428, 25.574305999722299 ], [ 93.365210999688031, 25.566176999868787 ], [ 93.364227000176129, 25.557071999972834 ], [ 93.34838099968357, 25.559673000308692 ], [ 93.322585999943954, 25.529715000147178 ], [ 93.306960999750345, 25.528573999690423 ], [ 93.297896999946829, 25.544719999628342 ], [ 93.277695000024323, 25.528850999873725 ], [ 93.265274000095133, 25.54518300029531 ], [ 93.218192999907217, 25.548541999613633 ], [ 93.214911999689207, 25.543037000257357 ], [ 93.173088000011433, 25.595311999849002 ], [ 93.191298999848982, 25.628906000411689 ], [ 93.171248999741692, 25.658673999905318 ], [ 93.146469000044533, 25.661048999711738 ], [ 93.139113999911331, 25.668851999820049 ], [ 93.133369000279231, 25.683758000131775 ], [ 93.151093000141998, 25.737522000040428 ], [ 93.13329300037168, 25.747088999657649 ], [ 93.131583999801819, 25.761186999580502 ] ] ] } },
{ "type": "Feature", "properties": { "pincode": "783385", "state": "Assam", "district": "Bongaigaon", "officename": "Dhaligaon", "officetype": "S.O" }, "geometry": { "type": "Polygon", "coordinates": [ [ [ 90.483233600950086, 26.527597628927481 ], [ 90.55077363359635, 26.516416182560818 ], [ 90.545131201643756, 26.494457232915011 ], [ 90.521306145262486, 26.496481665296528 ], [ 90.51856759451897, 26.483261929794367 ], [ 90.48646836522289, 26.487516880499754 ], [ 90.483233600950086, 26.527597628927481 ] ] ] } },
{ "type": "Feature", "properties": { "pincode": "782461", "state": "Assam", "district": "Karbi Anglong East", "officename": "Manja", "officetype": "S.O" }, "geometry": { "type": "Polygon", "coordinates": [ [ [ 93.408862563856303, 25.865984608203178 ], [ 93.395183365619971, 25.869750059717489 ], [ 93.393923849806015, 25.881996171186529 ], [ 93.372488588877445, 25.873883082138661 ], [ 93.365740957579305, 25.878166622291815 ], [ 93.354629839995255, 25.862448484709944 ], [ 93.318447497953798, 25.868372206612094 ], [ 93.299462965143846, 25.903233602848672 ], [ 93.300049406754852, 25.916369429805513 ], [ 93.253172433960685, 25.911039276641532 ], [ 93.211192727462503, 25.931612927694573 ], [ 93.180158354824357, 25.933275225571322 ], [ 93.15480000021995, 25.994814000366034 ], [ 93.166484114550371, 26.009276386696001 ], [ 93.188071217013146, 26.01497560364129 ], [ 93.204492356437186, 26.048171100216337 ], [ 93.304042523443684, 26.0006410451482 ], [ 93.327114966882334, 26.017989001591332 ], [ 93.351330765202704, 26.003911802088169 ], [ 93.376579865668418, 26.006922984108542 ], [ 93.402917545108778, 26.047320783127759 ], [ 93.416853759693254, 26.054236984249599 ], [ 93.414209942634841, 26.070564642744159 ], [ 93.399463852574854, 26.078842279847379 ], [ 93.393389956481428, 26.096634331409405 ], [ 93.373632170388532, 26.101300477335258 ], [ 93.416291264330425, 26.132299806990432 ], [ 93.4084258395809, 26.154914723036086 ], [ 93.414871903915298, 26.166370503995665 ], [ 93.421924146382253, 26.158817796004541 ], [ 93.443531122063803, 26.163044793082918 ], [ 93.448248383656164, 26.129061672957903 ], [ 93.488844393254226, 26.053188725479345 ], [ 93.506928919634106, 26.050670992472533 ], [ 93.507222946681793, 26.031610663001686 ], [ 93.529051679891211, 26.04224569838027 ], [ 93.517902645091112, 26.029271080296155 ], [ 93.536630620207063, 26.013248492524042 ], [ 93.517404971961923, 26.008263446101296 ], [ 93.508588619369448, 25.994226463380585 ], [ 93.512094241456111, 25.986548441157765 ], [ 93.500452568831065, 25.984447671622718 ], [ 93.512856473547572, 25.97270416246721 ], [ 93.511020428450081, 25.959996331865341 ], [ 93.524613394292771, 25.955954074421243 ], [ 93.513936100670549, 25.945558184962408 ], [ 93.522324298627609, 25.942030622115624 ], [ 93.522826255227642, 25.92952308672119 ], [ 93.483214729876067, 25.907469455551052 ], [ 93.487565788430572, 25.901026664748883 ], [ 93.477240165701119, 25.893730979401312 ], [ 93.47651611432741, 25.881754341689486 ], [ 93.443382134977696, 25.883671532615324 ], [ 93.4349206431732, 25.86757279205068 ], [ 93.421654038603094, 25.872433264383744 ], [ 93.408862563856303, 25.865984608203178 ] ] ] } },
{ "type": "Feature", "properties": { "pincode": "783386", "state": "Assam", "district": "Bongaigaon", "officename": "Barghola srijangram", "officetype": "S.O" }, "geometry": { "type": "Polygon", "coordinates": [ [ [ 90.701475662072255, 26.38181912785052 ], [ 90.705002108860356, 26.408244482197233 ], [ 90.722676402294326, 26.414969884952427 ], [ 90.733072053432636, 26.390934165079727 ], [ 90.729278441447036, 26.383477006458804 ], [ 90.707490306332602, 26.387561543730214 ], [ 90.701475662072255, 26.38181912785052 ] ] ] } },
{ "type": "Feature", "properties": { "pincode": "782462", "state": "Assam", "district": "Karbi Anglong East", "officename": "Diphu Govt.College", "officetype": "S.O" }, "geometry": { "type": "Polygon", "coordinates": [ [ [ 93.486075608202839, 25.870322918867828 ], [ 93.469532092632221, 25.879644582531512 ], [ 93.487565788430572, 25.901026664748883 ], [ 93.483214729876067, 25.907469455551052 ], [ 93.522826255227642, 25.92952308672119 ], [ 93.522324298627609, 25.942030622115624 ], [ 93.513936100670549, 25.945558184962408 ], [ 93.524613394292771, 25.955954074421243 ], [ 93.511020428450081, 25.959996331865341 ], [ 93.512856473547572, 25.97270416246721 ], [ 93.501161192335303, 25.986416471043469 ], [ 93.512094241456111, 25.986548441157765 ], [ 93.508588619369448, 25.994226463380585 ], [ 93.517404971961923, 26.008263446101296 ], [ 93.539473768399887, 26.013364658852026 ], [ 93.551716723248376, 26.005503191119374 ], [ 93.547422737469503, 25.997044025861328 ], [ 93.567198365212505, 25.988635516715817 ], [ 93.572377987154368, 25.970958549597526 ], [ 93.565565895150087, 25.956143739642016 ], [ 93.581503043730663, 25.956598907213902 ], [ 93.579930344410002, 25.939051884936589 ], [ 93.592698583373021, 25.940864678961873 ], [ 93.595048743005066, 25.929018984338768 ], [ 93.623543131610347, 25.925319103294044 ], [ 93.629365776909083, 25.933229241436436 ], [ 93.64361514442362, 25.932363007246977 ], [ 93.668339936538985, 25.919468554730202 ], [ 93.662128598855872, 25.906829700330377 ], [ 93.6844169998447, 25.903040500418854 ], [ 93.70649700003662, 25.84922399988767 ], [ 93.682578999621228, 25.836676000397233 ], [ 93.678108000284226, 25.824841999658588 ], [ 93.641090000103645, 25.813964999885002 ], [ 93.62239100024459, 25.775872999639375 ], [ 93.608131000045773, 25.772942000273133 ], [ 93.605621000308986, 25.763535999986573 ], [ 93.588303000283361, 25.764256999960764 ], [ 93.583846999839182, 25.753859999839335 ], [ 93.573326000294685, 25.756934999550708 ], [ 93.5655440002555, 25.737469000294311 ], [ 93.546775999912484, 25.730640000136077 ], [ 93.543602000132125, 25.697857000100555 ], [ 93.530608999905496, 25.688878999766075 ], [ 93.526000999646612, 25.695859999739184 ], [ 93.499953999977322, 25.652741999743682 ], [ 93.457183999841845, 25.636877000173627 ], [ 93.459396000225411, 25.629410000271321 ], [ 93.449974000100212, 25.631224000287432 ], [ 93.457075647723059, 25.697117334697282 ], [ 93.417438376579923, 25.794825738716895 ], [ 93.445932260665529, 25.82561056207777 ], [ 93.45436556771682, 25.849809359614426 ], [ 93.465353068089826, 25.843574157521459 ], [ 93.475526883458997, 25.849747613061822 ], [ 93.486075608202839, 25.870322918867828 ] ] ] } },
{ "type": "Feature", "properties": { "pincode": "782470", "state": "Assam", "district": "Karbi Anglong East", "officename": "Dhansripar", "officetype": "S.O" }, "geometry": { "type": "Polygon", "coordinates": [ [ [ 93.780472000282771, 26.479309000210321 ], [ 93.756709025900932, 26.4556644044888 ], [ 93.76039345929081, 26.43685961647833 ], [ 93.786324000352352, 26.413023000211354 ], [ 93.802643000174385, 26.410055000038255 ], [ 93.777205999857131, 26.383880999908342 ], [ 93.795486000178926, 26.377192999957174 ], [ 93.80025499976864, 26.389670999816815 ], [ 93.833449999917661, 26.416970999712021 ], [ 93.860313000344945, 26.404678000289721 ], [ 93.870201000375971, 26.389554999863378 ], [ 93.88517800036459, 26.393859999639403 ], [ 93.890700999651472, 26.382020999569534 ], [ 93.885956000269289, 26.372819999743285 ], [ 93.894867000212002, 26.372288000390995 ], [ 93.886046999969324, 26.363046999619485 ], [ 93.885558999947932, 26.341881000207991 ], [ 93.891791999601082, 26.342061999561622 ], [ 93.890471999883005, 26.327613999686378 ], [ 93.895812999770158, 26.328129000053536 ], [ 93.889877000323338, 26.32329400011804 ], [ 93.897643999670834, 26.316820000143139 ], [ 93.887299000148744, 26.321192000310532 ], [ 93.889328000187163, 26.314713000104859 ], [ 93.877670000370244, 26.309471000286464 ], [ 93.888237000237382, 26.302850999873726 ], [ 93.870612999590435, 26.296567999713602 ], [ 93.884795999835603, 26.272271999853103 ], [ 93.875832000146943, 26.277292000225827 ], [ 93.869652000239739, 26.267443000194476 ], [ 93.877173999980187, 26.265568000063297 ], [ 93.864005999777078, 26.252999999650285 ], [ 93.869164000218575, 26.246496000090417 ], [ 93.857468000447909, 26.246667999928434 ], [ 93.85014299989956, 26.240770000435191 ], [ 93.859650000347244, 26.244266999822287 ], [ 93.864700000304879, 26.235695000224325 ], [ 93.855301000340944, 26.216496999836863 ], [ 93.841758999977912, 26.217156999695931 ], [ 93.846938999635199, 26.213937999639029 ], [ 93.836974999696622, 26.206700999551629 ], [ 93.844513000175027, 26.202694000028146 ], [ 93.839638000193531, 26.195567999663581 ], [ 93.833321000263993, 26.198262999837539 ], [ 93.836365000344472, 26.174776000412237 ], [ 93.824607999559589, 26.174643999720786 ], [ 93.838714999897434, 26.158470000290322 ], [ 93.82715600014933, 26.152248000245038 ], [ 93.833923000146513, 26.149213999726499 ], [ 93.831160999580618, 26.129934000054163 ], [ 93.823769000439142, 26.136579999867195 ], [ 93.828384000121616, 26.12777300022384 ], [ 93.818985000157681, 26.121239000179742 ], [ 93.822845000096777, 26.111391000194487 ], [ 93.813949999992644, 26.112159999684309 ], [ 93.813270433583796, 26.097825578787479 ], [ 93.795430628021222, 26.09956035932322 ], [ 93.798366952273227, 26.109608516919707 ], [ 93.76524926144441, 26.119127137507633 ], [ 93.774297682292399, 26.134125259872974 ], [ 93.758513120784016, 26.15147276395686 ], [ 93.777971393964833, 26.170014757475087 ], [ 93.767384610811234, 26.174364137894827 ], [ 93.768646918120965, 26.189248855750236 ], [ 93.7590546934195, 26.197523876725711 ], [ 93.734715889426809, 26.204926377250615 ], [ 93.700772785535833, 26.191205216647518 ], [ 93.714314955870634, 26.180449202668626 ], [ 93.711786020908221, 26.17242996237303 ], [ 93.661358815157371, 26.148207478492452 ], [ 93.655646676752781, 26.169291631503711 ], [ 93.627819710111623, 26.205595592462714 ], [ 93.585669859976122, 26.201789896286925 ], [ 93.57302279026959, 26.249013357180843 ], [ 93.560392680877669, 26.258795694965443 ], [ 93.4983987978664, 26.261501024752476 ], [ 93.495631317731181, 26.341109987136292 ], [ 93.536556567331786, 26.397463048880581 ], [ 93.536698751945892, 26.408266281763474 ], [ 93.506428302124505, 26.406156559477665 ], [ 93.453871777860343, 26.419897210188083 ], [ 93.436177049131686, 26.436871347235126 ], [ 93.434168293731773, 26.476370630000588 ], [ 93.427654317992392, 26.483372455574511 ], [ 93.377857947985888, 26.466779598699702 ], [ 93.364943618653228, 26.452301199940507 ], [ 93.34137800409178, 26.497455477288497 ], [ 93.293667524336911, 26.529514441238518 ], [ 93.287135170052238, 26.553381323289443 ], [ 93.311394352567504, 26.563304672972436 ], [ 93.308492984064003, 26.575716840659652 ], [ 93.321746999924301, 26.58226200039104 ], [ 93.404129000253192, 26.580557000005683 ], [ 93.408806000096945, 26.574356000029468 ], [ 93.403488000370999, 26.571865000269725 ], [ 93.413742000193224, 26.567527999917274 ], [ 93.457993000276815, 26.58087200014279 ], [ 93.459549000086383, 26.574106000191875 ], [ 93.469788000116239, 26.585691000239535 ], [ 93.461318999872049, 26.570341000137091 ], [ 93.46656800001324, 26.568515999613737 ], [ 93.495766000200831, 26.588239999976167 ], [ 93.473449999917591, 26.593558999748154 ], [ 93.499062000211154, 26.604327999937368 ], [ 93.498969999566043, 26.611799000024007 ], [ 93.512526999721388, 26.593364999794971 ], [ 93.53456899995939, 26.594933000157937 ], [ 93.560676999743919, 26.60833000012957 ], [ 93.589301999587803, 26.603545999848109 ], [ 93.588119999938158, 26.568402999798707 ], [ 93.616141999853483, 26.576704000389441 ], [ 93.614594000413035, 26.56617000024545 ], [ 93.623482000194315, 26.564726000204871 ], [ 93.626868999904559, 26.590523000036626 ], [ 93.637894000208007, 26.59681699980473 ], [ 93.719420999779402, 26.604414000305951 ], [ 93.753608999855487, 26.578907000357844 ], [ 93.741913000084821, 26.56961599997851 ], [ 93.737288999987527, 26.549614000285885 ], [ 93.742454999898428, 26.543293000171786 ], [ 93.735893000361784, 26.537519000101895 ], [ 93.760215999668674, 26.527182000049322 ], [ 93.7595979999478, 26.507054999988441 ], [ 93.767379999986986, 26.506571000151609 ], [ 93.780472000282771, 26.479309000210321 ] ] ] } },
{ "type": "Feature", "properties": { "pincode": "782475", "state": "Assam", "district": "Karbi Anglong East", "officename": "Chakihola", "officetype": "B.O" }, "geometry": { "type": "Polygon", "coordinates": [ [ [ 93.77382699961646, 26.474797999927887 ], [ 93.788787999766498, 26.463360000363821 ], [ 93.794623999997839, 26.440896999596987 ], [ 93.786704999935921, 26.437748000070258 ], [ 93.796211000337507, 26.429758000331617 ], [ 93.784614999782491, 26.418118000445531 ], [ 93.76039345929081, 26.43685961647833 ], [ 93.756709025900932, 26.4556644044888 ], [ 93.77382699961646, 26.474797999927887 ] ] ] } },
{ "type": "Feature", "properties": { "pincode": "782482", "state": "Assam", "district": "Karbi Anglong East", "officename": "Bakalighat", "officetype": "S.O" }, "geometry": { "type": "Polygon", "coordinates": [ [ [ 93.15480000021995, 25.994814000366034 ], [ 93.164951610428545, 26.038886628914838 ], [ 93.174283550645384, 26.039562025167356 ], [ 93.157926945671989, 26.085127837679693 ], [ 93.177785568249476, 26.131199844397429 ], [ 93.198438536809192, 26.148675432625339 ], [ 93.224651920050121, 26.147086743358614 ], [ 93.251659647474924, 26.182037919814206 ], [ 93.325533726700144, 26.213811717736576 ], [ 93.341420624762122, 26.237642065728892 ], [ 93.353252512093889, 26.29267963066053 ], [ 93.373194422684492, 26.32819738809917 ], [ 93.373988767767514, 26.363942909637615 ], [ 93.436177049131686, 26.436871347235126 ], [ 93.46362279135883, 26.416049816046325 ], [ 93.506428302124505, 26.406156559477665 ], [ 93.536698751945892, 26.408266281763474 ], [ 93.536556567331786, 26.397463048880581 ], [ 93.495631317731181, 26.341109987136292 ], [ 93.4983987978664, 26.261501024752476 ], [ 93.560392680877669, 26.258795694965443 ], [ 93.57302279026959, 26.249013357180843 ], [ 93.585669859976122, 26.201789896286925 ], [ 93.627819710111623, 26.205595592462714 ], [ 93.655646676752781, 26.169291631503711 ], [ 93.661358815157371, 26.148207478492452 ], [ 93.627584401598881, 26.153005566653576 ], [ 93.595451463014797, 26.17196076627647 ], [ 93.530048608956179, 26.183796335432646 ], [ 93.490052824878148, 26.176309741101704 ], [ 93.467939128887679, 26.180826902639524 ], [ 93.462706547669029, 26.162070553913054 ], [ 93.424686409550134, 26.158567368089678 ], [ 93.414871903915298, 26.166370503995665 ], [ 93.4084258395809, 26.154914723036086 ], [ 93.416291264330425, 26.132299806990432 ], [ 93.373632170388532, 26.101300477335258 ], [ 93.393389956481428, 26.096634331409405 ], [ 93.399463852574854, 26.078842279847379 ], [ 93.414209942634841, 26.070564642744159 ], [ 93.416853759693254, 26.054236984249599 ], [ 93.402917545108778, 26.047320783127759 ], [ 93.376579865668418, 26.006922984108542 ], [ 93.351330765202704, 26.003911802088169 ], [ 93.327114966882334, 26.017989001591332 ], [ 93.304042523443684, 26.0006410451482 ], [ 93.204492356437186, 26.048171100216337 ], [ 93.188071217013146, 26.01497560364129 ], [ 93.166484114550371, 26.009276386696001 ], [ 93.15480000021995, 25.994814000366034 ] ] ] } },
{ "type": "Feature", "properties": { "pincode": "782481", "state": "Assam", "district": "Karbi Anglong East", "officename": "Howraghat", "officetype": "S.O" }, "geometry": { "type": "Polygon", "coordinates": [ [ [ 93.007438999909994, 26.114810999627991 ], [ 93.026852173888926, 26.156402474194977 ], [ 93.043841015750388, 26.157672667659483 ], [ 93.068609794606402, 26.188792415637522 ], [ 93.105762961991331, 26.207686547696028 ], [ 93.136723934661973, 26.270424322924327 ], [ 93.212300463795373, 26.36145938054608 ], [ 93.23262356462584, 26.420840938958236 ], [ 93.238974532848488, 26.483080433115674 ], [ 93.277762999562754, 26.506658999713181 ], [ 93.279610000201444, 26.514737999958868 ], [ 93.289351999795144, 26.515536999932635 ], [ 93.288238999730197, 26.509142000003521 ], [ 93.299613999986263, 26.503640999932429 ], [ 93.292144999991933, 26.520465999706289 ], [ 93.272399999560434, 26.527251999680118 ], [ 93.279128999603699, 26.541961999946523 ], [ 93.268906000311802, 26.530870000150571 ], [ 93.260940999927186, 26.530439000060028 ], [ 93.265877000023693, 26.537483000240286 ], [ 93.251923000446141, 26.545048000165082 ], [ 93.260635000205127, 26.550491000259456 ], [ 93.241112000118846, 26.549147000333903 ], [ 93.253959999954077, 26.568093999938185 ], [ 93.308492984064003, 26.575716840659652 ], [ 93.314099457524037, 26.567408911691984 ], [ 93.287135170052238, 26.553381323289443 ], [ 93.287934381366767, 26.537662865548896 ], [ 93.34137800409178, 26.497455477288497 ], [ 93.364943618653228, 26.452301199940507 ], [ 93.382818544540385, 26.469204965936569 ], [ 93.404119356822946, 26.470406439505723 ], [ 93.427654317992392, 26.483372455574511 ], [ 93.434168293731773, 26.476370630000588 ], [ 93.436177049131686, 26.436871347235126 ], [ 93.373988767767514, 26.363942909637615 ], [ 93.373194422684492, 26.32819738809917 ], [ 93.353252512093889, 26.29267963066053 ], [ 93.341420624762122, 26.237642065728892 ], [ 93.325533726700144, 26.213811717736576 ], [ 93.251659647474924, 26.182037919814206 ], [ 93.224651920050121, 26.147086743358614 ], [ 93.198438536809192, 26.148675432625339 ], [ 93.177785568249476, 26.131199844397429 ], [ 93.157926945671989, 26.085127837679693 ], [ 93.174283550645384, 26.039562025167356 ], [ 93.164951610428545, 26.038886628914838 ], [ 93.153289999833703, 26.000421999975288 ], [ 93.125365999941039, 26.031344999672172 ], [ 93.09647400037494, 26.031968999669573 ], [ 93.108292000375741, 26.074990999735007 ], [ 93.045966999577445, 26.08593199976201 ], [ 93.038902000227267, 26.106495000144264 ], [ 93.007438999909994, 26.114810999627991 ] ] ] } },
{ "type": "Feature", "properties": { "pincode": "782485", "state": "Assam", "district": "Karbi Anglong West", "officename": "Donkamokam", "officetype": "S.O" }, "geometry": { "type": "Polygon", "coordinates": [ [ [ 92.596391676534836, 25.968584081290373 ], [ 92.642035999861491, 25.99665599987452 ], [ 92.658431999637173, 25.99860799995929 ], [ 92.658499178993964, 26.019500221458088 ], [ 92.67086800025811, 26.028008999615679 ], [ 92.713989000392075, 26.018072000022926 ], [ 92.719906441429316, 26.057375717115747 ], [ 92.75268599975908, 26.061041000342016 ], [ 92.756698999559433, 26.052479000305766 ], [ 92.749089260161327, 26.040545418536226 ], [ 92.765540999917448, 26.030128000207185 ], [ 92.76030699956857, 26.016427999752409 ], [ 92.784781999589768, 26.009425999710231 ], [ 92.763114999557729, 26.004107999984342 ], [ 92.780707999674576, 25.996662000151275 ], [ 92.763953999577609, 25.990051000153699 ], [ 92.77251400042087, 25.98817600002252 ], [ 92.765701000101217, 25.961804999801132 ], [ 92.776420999829327, 25.949923999593125 ], [ 92.80013299973831, 25.963045000326531 ], [ 92.809952000184808, 25.954269000314298 ], [ 92.798470000390296, 25.954107000038164 ], [ 92.794312000198659, 25.936382000129299 ], [ 92.765289820169187, 25.929136063478609 ], [ 92.737770330836327, 25.904368522988989 ], [ 92.722359416953736, 25.864190068616892 ], [ 92.721809027364884, 25.837771358461566 ], [ 92.713002790346536, 25.828414732753743 ], [ 92.656439610100051, 25.820878063272175 ], [ 92.644405721546889, 25.854202678211152 ], [ 92.580533544187801, 25.864385199017818 ], [ 92.564796921041193, 25.881047506037589 ], [ 92.590411040137496, 25.89163193206798 ], [ 92.596622356236821, 25.910265882164879 ], [ 92.6226178661218, 25.927749587673475 ], [ 92.640791717663717, 25.925909197051908 ], [ 92.660189029400271, 25.944220273447002 ], [ 92.658799507591368, 25.968315040107086 ], [ 92.627833026573001, 25.972598037069872 ], [ 92.603218645124571, 25.952609381517789 ], [ 92.596391676534836, 25.968584081290373 ] ] ] } },
{ "type": "Feature", "properties": { "pincode": "782486", "state": "Assam", "district": "Karbi Anglong West", "officename": "Hamren", "officetype": "S.O" }, "geometry": { "type": "Polygon", "coordinates": [ [ [ 92.51837899999083, 25.617901000131212 ], [ 92.499045999673228, 25.624823000081506 ], [ 92.466690000443293, 25.680375999752641 ], [ 92.435616000078426, 25.685485999779132 ], [ 92.428534999990291, 25.708384999967791 ], [ 92.44333599995656, 25.718814999812423 ], [ 92.434509000290234, 25.729419999633308 ], [ 92.418343000329344, 25.72767300000902 ], [ 92.412124999569187, 25.74113800041863 ], [ 92.388367000236883, 25.741141999703643 ], [ 92.386536000336207, 25.751597999847945 ], [ 92.334976000442111, 25.723326000094858 ], [ 92.309753000101125, 25.724281000068231 ], [ 92.272018000130686, 25.709114000310933 ], [ 92.23838000023693, 25.70661200004389 ], [ 92.230567999713628, 25.714453000105891 ], [ 92.172515999913514, 25.665185999834137 ], [ 92.162276999883829, 25.670173999630435 ], [ 92.165947000054075, 25.683164999765097 ], [ 92.151214999672675, 25.712850999973739 ], [ 92.167183000395255, 25.732769000289295 ], [ 92.152717999736126, 25.781986000054019 ], [ 92.154860999635616, 25.81110200005736 ], [ 92.182746999574476, 25.849668999724656 ], [ 92.181693999578499, 25.868491999905928 ], [ 92.227287000394824, 25.905326999741305 ], [ 92.20243800021359, 25.906552999621283 ], [ 92.199028000341968, 25.916353000090851 ], [ 92.18275499994354, 25.906921000403997 ], [ 92.165581000263046, 25.910148999976514 ], [ 92.158249000291278, 25.943164999964893 ], [ 92.169356999925697, 25.966045000176678 ], [ 92.223633000062989, 25.996905999712226 ], [ 92.303535000240174, 26.074717999736038 ], [ 92.314193999853217, 26.074271999853124 ], [ 92.328011000307583, 26.096317000229419 ], [ 92.34708400032639, 26.102873000388684 ], [ 92.352815347350599, 26.071738354241745 ], [ 92.38151154292342, 26.044893525515761 ], [ 92.408356370750028, 25.982872715903284 ], [ 92.44630940415567, 25.950473785736676 ], [ 92.496296325215326, 25.8773447714442 ], [ 92.564796921041193, 25.881047506037589 ], [ 92.580533544187801, 25.864385199017818 ], [ 92.625892046780677, 25.860682463524995 ], [ 92.644405721546889, 25.854202678211152 ], [ 92.653662559379825, 25.84124310578494 ], [ 92.656439610100051, 25.820878063272175 ], [ 92.636074568486663, 25.780147979146136 ], [ 92.637925935333669, 25.738492212046083 ], [ 92.51837899999083, 25.617901000131212 ] ] ] } },
{ "type": "Feature", "properties": { "pincode": "783122", "state": "Assam", "district": "Goalpara", "officename": "Damra", "officetype": "S.O" }, "geometry": { "type": "Polygon", "coordinates": [ [ [ 90.745795999885729, 25.912573000243867 ], [ 90.756104000399489, 25.933592000070917 ], [ 90.747597000201324, 25.932421000029308 ], [ 90.743774000169935, 25.940536000136376 ], [ 90.75034502350411, 25.954970692743245 ], [ 90.800805540143585, 25.953439047474149 ], [ 90.801468285633007, 25.9415375697032 ], [ 90.781471000186627, 25.907897999593104 ], [ 90.761154000356896, 25.910704000389273 ], [ 90.762398000167821, 25.921272000302679 ], [ 90.745795999885729, 25.912573000243867 ] ] ] } },
{ "type": "Feature", "properties": { "pincode": "783133", "state": "Assam", "district": "Goalpara", "officename": "Rajapara", "officetype": "S.O" }, "geometry": { "type": "Polygon", "coordinates": [ [ [ 90.497966438600372, 26.0308020951407 ], [ 90.532497878974027, 26.050750617547067 ], [ 90.540313122452687, 26.062988089229123 ], [ 90.558267215659669, 26.061732770550975 ], [ 90.592510082474462, 26.026048506333666 ], [ 90.585289346626098, 25.997804298329811 ], [ 90.597222159475223, 25.999020132273529 ], [ 90.573983882850143, 25.973576325886938 ], [ 90.560436741062915, 25.970833401740265 ], [ 90.55769220533108, 25.961253134424794 ], [ 90.551479342397784, 25.967558294779508 ], [ 90.536736288449106, 25.95898619086023 ], [ 90.488850996676263, 26.011809939677107 ], [ 90.497966438600372, 26.0308020951407 ] ] ] } },
{ "type": "Feature", "properties": { "pincode": "782490", "state": "Assam", "district": "Karbi Anglong East", "officename": "Bokajan C F", "officetype": "S.O" }, "geometry": { "type": "Polygon", "coordinates": [ [ [ 93.767148979441913, 26.117174614916735 ], [ 93.798366952273227, 26.109608516919707 ], [ 93.795430628021222, 26.09956035932322 ], [ 93.813270433583796, 26.097825578787479 ], [ 93.81641400030594, 26.089998000207686 ], [ 93.806213000229832, 26.093108999780668 ], [ 93.808220000153028, 26.070022999961623 ], [ 93.798416000398277, 26.071984999608105 ], [ 93.805450000117446, 26.065792000000783 ], [ 93.795639000039898, 26.060737999858986 ], [ 93.795624000247528, 26.040906999958111 ], [ 93.783072999719252, 26.038979000080872 ], [ 93.788321999860443, 26.030769000089379 ], [ 93.79904899991152, 26.032330000129321 ], [ 93.786964000188618, 26.023634000209029 ], [ 93.794074999861436, 26.014175000176181 ], [ 93.784751999805053, 26.007524000132491 ], [ 93.792702000397071, 25.997835000285079 ], [ 93.804611000097623, 26.000525000228606 ], [ 93.807808000039188, 25.994723999812891 ], [ 93.795615999878635, 25.991707000078236 ], [ 93.797774999616536, 25.980840999912289 ], [ 93.806685999559306, 25.982620000112945 ], [ 93.790672000312611, 25.973421000378892 ], [ 93.784233000152881, 25.979938999685089 ], [ 93.779457000240541, 25.96706999978079 ], [ 93.759608846670972, 25.989440260659478 ], [ 93.74136684810162, 25.997086927120222 ], [ 93.756319613159803, 26.019376849761727 ], [ 93.747894936902014, 26.020971585170741 ], [ 93.752970378680175, 26.030586272238736 ], [ 93.746275274084837, 26.032838984032026 ], [ 93.761298584662086, 26.061642150365117 ], [ 93.731619751150731, 26.085283381722718 ], [ 93.710493770671121, 26.091809505504386 ], [ 93.701330044146289, 26.120845672689711 ], [ 93.681932848422377, 26.129583051316899 ], [ 93.673574181503398, 26.158976105463069 ], [ 93.69367098772608, 26.15994349000016 ], [ 93.711786020908221, 26.17242996237303 ], [ 93.714314955870634, 26.180449202668626 ], [ 93.700772785535833, 26.191205216647518 ], [ 93.746199024165719, 26.203573182656385 ], [ 93.768646918120965, 26.189248855750236 ], [ 93.767384610811234, 26.174364137894827 ], [ 93.777971393964833, 26.170014757475087 ], [ 93.758513120784016, 26.15147276395686 ], [ 93.774297682292399, 26.134125259872974 ], [ 93.773813450430509, 26.12626432184112 ], [ 93.764899939580516, 26.125658938709023 ], [ 93.767148979441913, 26.117174614916735 ] ] ] } },
{ "type": "Feature", "properties": { "pincode": "783101", "state": "Assam", "district": "Goalpara", "officename": "Goalpara", "officetype": "S.O" }, "geometry": { "type": "Polygon", "coordinates": [ [ [ 90.710886553771616, 26.143525340822009 ], [ 90.764444911104022, 26.143303347671406 ], [ 90.751683426948716, 26.116199792986151 ], [ 90.752672708178977, 26.097083094009633 ], [ 90.694568500036326, 26.104509236812021 ], [ 90.697468658052287, 26.111094850746724 ], [ 90.686230706382048, 26.116259244468665 ], [ 90.667366282528121, 26.09640208328949 ], [ 90.665371798469835, 26.110100718573335 ], [ 90.629671918424492, 26.109074221598121 ], [ 90.62386161722003, 26.104181987908476 ], [ 90.633085297048865, 26.077036949295859 ], [ 90.623880740403933, 26.058692231961004 ], [ 90.601141612695358, 26.048705131137126 ], [ 90.612863915837238, 26.032814435238095 ], [ 90.590837474769671, 26.041048734011952 ], [ 90.576455961773377, 26.036372414955167 ], [ 90.563155179368152, 26.053968665221817 ], [ 90.58784151737234, 26.092637190254266 ], [ 90.576722086455334, 26.103067235064884 ], [ 90.585135165056045, 26.114873747125841 ], [ 90.573003789992924, 26.124741667993646 ], [ 90.516131915655421, 26.130416399996875 ], [ 90.451221013239262, 26.089607961538434 ], [ 90.405547594146242, 26.094922327103802 ], [ 90.399429703218345, 26.114126942004816 ], [ 90.370650925599762, 26.112667136379287 ], [ 90.364157770964482, 26.121283453668639 ], [ 90.3721345596623, 26.125962309712918 ], [ 90.363015651751027, 26.134806526899808 ], [ 90.395758181395081, 26.160164796068727 ], [ 90.378207780364846, 26.166031459584246 ], [ 90.380103986509823, 26.204860601735447 ], [ 90.411433671326961, 26.21669026864123 ], [ 90.423445529188029, 26.199429415135626 ], [ 90.449228231597715, 26.19402192657077 ], [ 90.472132964964544, 26.167230497789319 ], [ 90.49899318558721, 26.193862286115802 ], [ 90.550602413470642, 26.222572204443622 ], [ 90.5664145302066, 26.216354396138627 ], [ 90.586868910472049, 26.225471572854929 ], [ 90.593570887686496, 26.213571150887958 ], [ 90.635064795703784, 26.21487812122848 ], [ 90.645845324302343, 26.208314660293524 ], [ 90.640230213753512, 26.164187919536857 ], [ 90.677426836379482, 26.148086740910401 ], [ 90.681343606922042, 26.132485561959186 ], [ 90.705767782657233, 26.130747483609525 ], [ 90.710886553771616, 26.143525340822009 ] ] ] } },
{ "type": "Feature", "properties": { "pincode": "783134", "state": "Assam", "district": "Goalpara", "officename": "Darragiri", "officetype": "S.O" }, "geometry": { "type": "Polygon", "coordinates": [ [ [ 90.922386000014001, 25.912833999689383 ], [ 90.903629366202381, 25.936144190602022 ], [ 90.918875782391467, 25.943882210195966 ], [ 90.922386000014001, 25.912833999689383 ] ] ] } },
{ "type": "Feature", "properties": { "pincode": "783123", "state": "Assam", "district": "Goalpara", "officename": "Dhupdhara", "officetype": "S.O" }, "geometry": { "type": "Polygon", "coordinates": [ [ [ 90.97716003390849, 25.947350475344308 ], [ 90.992735090252324, 26.019032223258591 ], [ 91.011026895974567, 26.055286715209888 ], [ 91.06035692253397, 26.050322477300597 ], [ 91.091807295470289, 26.021231554892381 ], [ 91.089887654791539, 25.984974845213003 ], [ 91.055265130181795, 25.953305662726279 ], [ 91.03233810981601, 25.887314238361625 ], [ 91.000031000430397, 25.888150999968843 ], [ 90.997794251603523, 25.924742428320485 ], [ 90.97716003390849, 25.947350475344308 ] ] ] } },
{ "type": "Feature", "properties": { "pincode": "783120", "state": "Assam", "district": "Goalpara", "officename": "Agia", "officetype": "S.O" }, "geometry": { "type": "Polygon", "coordinates": [ [ [ 90.488850996676263, 26.011809939677107 ], [ 90.481154999703563, 26.01503600031117 ], [ 90.432495000444135, 25.988846000342619 ], [ 90.421325999795158, 25.992142000353169 ], [ 90.400429000198301, 26.013953999877231 ], [ 90.373019430502382, 26.010485587240112 ], [ 90.374836425260924, 26.022389396953201 ], [ 90.363196966766679, 26.025420198583276 ], [ 90.348540233345091, 26.044714171921555 ], [ 90.355085295050458, 26.053397803465884 ], [ 90.346060476909486, 26.057486253687671 ], [ 90.358351254107276, 26.059437217753498 ], [ 90.370409335322734, 26.086305753507816 ], [ 90.384900213074332, 26.092791155987243 ], [ 90.385584367824436, 26.108498654589312 ], [ 90.378146568909187, 26.111160119044371 ], [ 90.399429703218345, 26.114126942004816 ], [ 90.405547594146242, 26.094922327103802 ], [ 90.451221013239262, 26.089607961538434 ], [ 90.516131915655421, 26.130416399996875 ], [ 90.579137175340463, 26.121781351628101 ], [ 90.585431560018492, 26.112961667946593 ], [ 90.576722086455334, 26.103067235064884 ], [ 90.58784151737234, 26.092637190254266 ], [ 90.574758940172956, 26.068707809817624 ], [ 90.560834468935582, 26.059392716600712 ], [ 90.540313122452687, 26.062988089229123 ], [ 90.532497878974027, 26.050750617547067 ], [ 90.500207997900873, 26.033237579750562 ], [ 90.488850996676263, 26.011809939677107 ] ] ] } },
{ "type": "Feature", "properties": { "pincode": "783121", "state": "Assam", "district": "Goalpara", "officename": "Baladmari", "officetype": "S.O" }, "geometry": { "type": "Polygon", "coordinates": [ [ [ 90.638889289509166, 26.167539840291511 ], [ 90.645845324302343, 26.208314660293524 ], [ 90.662560651752869, 26.205724458117402 ], [ 90.689589703901845, 26.151063917765839 ], [ 90.710886553771616, 26.143525340822009 ], [ 90.712160410174874, 26.13385006283022 ], [ 90.684299629024679, 26.131218271506157 ], [ 90.677426836379482, 26.148086740910401 ], [ 90.646491907175971, 26.157601880222785 ], [ 90.638889289509166, 26.167539840291511 ] ] ] } },
{ "type": "Feature", "properties": { "pincode": "783125", "state": "Assam", "district": "Goalpara", "officename": "Matia", "officetype": "S.O" }, "geometry": { "type": "Polygon", "coordinates": [ [ [ 90.726136435048488, 26.006459112897915 ], [ 90.726353072736174, 26.045231844174396 ], [ 90.738429836467787, 26.057831534897502 ], [ 90.742857755580985, 26.080469915154481 ], [ 90.75240795136591, 26.083050335404721 ], [ 90.751683426948716, 26.116199792986151 ], [ 90.764444911104022, 26.143303347671406 ], [ 90.859128058713054, 26.132273160078398 ], [ 90.868936514608549, 26.110697394469241 ], [ 90.883543832981729, 26.101012604348284 ], [ 90.927510945873507, 26.114328061890717 ], [ 90.932607884146591, 26.101331966197222 ], [ 90.922504845422395, 26.081611694424339 ], [ 90.890635797604091, 26.074397768242591 ], [ 90.899289917895544, 26.062570666203385 ], [ 90.860034620301519, 26.053634097635722 ], [ 90.826840808156874, 26.018137485956402 ], [ 90.810107253247338, 26.015460021662705 ], [ 90.789182380962131, 26.025357848585941 ], [ 90.775490378178517, 26.017394270928889 ], [ 90.751420213372285, 26.020705209577841 ], [ 90.74554649917178, 26.000074581976378 ], [ 90.726136435048488, 26.006459112897915 ] ] ] } },
{ "type": "Feature", "properties": { "pincode": "783124", "state": "Assam", "district": "Goalpara", "officename": "Dudhnoi", "officetype": "S.O" }, "geometry": { "type": "Polygon", "coordinates": [ [ [ 90.71226450130581, 25.951618538165178 ], [ 90.712766618884416, 25.99451908748614 ], [ 90.728003043605611, 26.006839671813509 ], [ 90.74795370100253, 26.000509341233226 ], [ 90.748765017191829, 26.019604054483636 ], [ 90.775490378178517, 26.017394270928889 ], [ 90.789182380962131, 26.025357848585941 ], [ 90.810107253247338, 26.015460021662705 ], [ 90.826840808156874, 26.018137485956402 ], [ 90.852850074971116, 26.048339056702162 ], [ 90.886399197565083, 26.063615414020319 ], [ 90.899995150056213, 26.062866531465431 ], [ 90.890733298502994, 26.036768676933036 ], [ 90.905078023831777, 26.024327576256837 ], [ 90.914221273692874, 25.996249178956589 ], [ 90.926053656551233, 25.98951333777029 ], [ 90.918875782391467, 25.943882210195966 ], [ 90.905886484673715, 25.940018537425658 ], [ 90.902924457797667, 25.929648530455381 ], [ 90.88633000012959, 25.951295999910599 ], [ 90.876228000122239, 25.942477999759888 ], [ 90.846626000189872, 25.944376000052443 ], [ 90.840134000284024, 25.937774999616579 ], [ 90.839591999571269, 25.946830999950748 ], [ 90.813323999603028, 25.951750000162349 ], [ 90.801468285633007, 25.9415375697032 ], [ 90.800805540143585, 25.953439047474149 ], [ 90.78098860563972, 25.957935398699931 ], [ 90.724189999968701, 25.948815999758665 ], [ 90.71226450130581, 25.951618538165178 ] ] ] } },
{ "type": "Feature", "properties": { "pincode": "783127", "state": "Assam", "district": "South Salmara-Mankachar", "officename": "Salmara South", "officetype": "S.O" }, "geometry": { "type": "Polygon", "coordinates": [ [ [ 89.917277551517827, 25.819241807963124 ], [ 89.929144513308813, 25.870364329050631 ], [ 89.943756411029597, 25.879426759537409 ], [ 89.952414283292626, 25.90324517982134 ], [ 89.93069037326228, 25.948432919143954 ], [ 89.966978942324488, 25.976827327419244 ], [ 89.979706612870075, 25.966697961941463 ], [ 89.994970208808184, 25.966762868711555 ], [ 90.012248984003577, 25.947726768775397 ], [ 90.005326831168475, 25.935121162311873 ], [ 90.027836401528816, 25.929872953574034 ], [ 90.02135279769351, 25.925097714488118 ], [ 90.036389033327339, 25.92103582394418 ], [ 90.052409442941496, 25.895581937956081 ], [ 90.025443999840832, 25.893201999972291 ], [ 90.008941999673652, 25.878696000120499 ], [ 90.026054000092245, 25.865539999571467 ], [ 90.012466000305722, 25.846856999550994 ], [ 90.004416999644889, 25.84862500014367 ], [ 90.00574499973203, 25.842272000352523 ], [ 89.972129999999481, 25.826192999907164 ], [ 89.948760999720434, 25.824531999752139 ], [ 89.95591662285392, 25.807159463938149 ], [ 89.928879501088147, 25.822306559899971 ], [ 89.917277551517827, 25.819241807963124 ] ] ] } },
{ "type": "Feature", "properties": { "pincode": "783126", "state": "Assam", "district": "Goalpara", "officename": "Krishnai", "officetype": "S.O" }, "geometry": { "type": "Polygon", "coordinates": [ [ [ 90.516219999753275, 25.896019000376612 ], [ 90.537459999879275, 25.936050000107514 ], [ 90.536736288449106, 25.95898619086023 ], [ 90.551479342397784, 25.967558294779508 ], [ 90.55769220533108, 25.961253134424794 ], [ 90.560436741062915, 25.970833401740265 ], [ 90.573983882850143, 25.973576325886938 ], [ 90.597222159475223, 25.999020132273529 ], [ 90.585289346626098, 25.997804298329811 ], [ 90.594591701845729, 26.019333082455887 ], [ 90.584330246643731, 26.037750295939588 ], [ 90.612863915837238, 26.032814435238095 ], [ 90.601141612695358, 26.048705131137126 ], [ 90.623880740403933, 26.058692231961004 ], [ 90.633085297048865, 26.077036949295859 ], [ 90.62386161722003, 26.104181987908476 ], [ 90.652908391009646, 26.113925376954626 ], [ 90.665371798469835, 26.110100718573335 ], [ 90.667366282528121, 26.09640208328949 ], [ 90.686230706382048, 26.116259244468665 ], [ 90.697468658052287, 26.111094850746724 ], [ 90.694568500036326, 26.104509236812021 ], [ 90.751040944983686, 26.097752816439538 ], [ 90.751972006802816, 26.08174728520919 ], [ 90.742857755580985, 26.080469915154481 ], [ 90.738429836467787, 26.057831534897502 ], [ 90.726353072736174, 26.045231844174396 ], [ 90.726136435048488, 26.006459112897915 ], [ 90.711357947811166, 25.992157367968275 ], [ 90.71226450130581, 25.951618538165178 ], [ 90.689605999617186, 25.950473999775397 ], [ 90.679207000302938, 25.936156999645789 ], [ 90.630912999935106, 25.916699999905177 ], [ 90.628356999875678, 25.898607000113088 ], [ 90.617775000216227, 25.899231000110717 ], [ 90.61116000003409, 25.919296000010377 ], [ 90.632614000136073, 25.937135999826637 ], [ 90.586135999876547, 25.959517000409221 ], [ 90.575019999873234, 25.938769999635895 ], [ 90.516219999753275, 25.896019000376612 ] ] ] } },
{ "type": "Feature", "properties": { "pincode": "783128", "state": "Assam", "district": "South Salmara-Mankachar", "officename": "Sukchar (Dhubri)", "officetype": "S.O" }, "geometry": { "type": "Polygon", "coordinates": [ [ [ 89.875239803674049, 25.875102591611437 ], [ 89.919041767763474, 25.921164148207026 ], [ 89.942059895747718, 25.932853239385565 ], [ 89.952414283292626, 25.90324517982134 ], [ 89.943756411029597, 25.879426759537409 ], [ 89.929144513308813, 25.870364329050631 ], [ 89.917277551517827, 25.819241807963124 ], [ 89.928879501088147, 25.822306559899971 ], [ 89.95591662285392, 25.807159463938149 ], [ 89.959366000440696, 25.774531999851888 ], [ 89.932044999577045, 25.741439999956185 ], [ 89.877280124378444, 25.744165184975373 ], [ 89.868580885999336, 25.732371500844181 ], [ 89.875037421140178, 25.719576873074288 ], [ 89.846168517962838, 25.687452316171516 ], [ 89.841331481962527, 25.71538543698847 ], [ 89.821754456003418, 25.728126526318192 ], [ 89.838867187570827, 25.764596939197531 ], [ 89.820343017716084, 25.814910888826546 ], [ 89.831208963023357, 25.859172726640168 ], [ 89.853372460770458, 25.874514949405636 ], [ 89.875239803674049, 25.875102591611437 ] ] ] } },
{ "type": "Feature", "properties": { "pincode": "783131", "state": "Assam", "district": "South Salmara-Mankachar", "officename": "Mankachar", "officetype": "S.O" }, "geometry": { "type": "Polygon", "coordinates": [ [ [ 89.845199584793079, 25.479078292829001 ], [ 89.873131026575834, 25.631398212457668 ], [ 89.897598392252121, 25.633021125424705 ], [ 89.926568500635994, 25.619920247921129 ], [ 89.942318481412769, 25.627543449270775 ], [ 89.945227620058688, 25.619338462100359 ], [ 89.986146550123237, 25.628949932293608 ], [ 90.008430000344276, 25.623923999992712 ], [ 90.022300999691481, 25.608495999890522 ], [ 90.005989000192244, 25.584310999753029 ], [ 89.98304699981918, 25.590858000396508 ], [ 89.970313999891346, 25.571840000216014 ], [ 89.890311999599135, 25.558045999923081 ], [ 89.877753999647382, 25.549467000002096 ], [ 89.869796999631888, 25.524355000283151 ], [ 89.879387000309919, 25.491512000178716 ], [ 89.863457000440292, 25.475739000354622 ], [ 89.845199584793079, 25.479078292829001 ] ] ] } },
{ "type": "Feature", "properties": { "pincode": "783129", "state": "Assam", "district": "Goalpara", "officename": "Lakhipur (Goalpara)", "officetype": "S.O" }, "geometry": { "type": "Polygon", "coordinates": [ [ [ 90.211741727298886, 25.961246552286582 ], [ 90.218933006752934, 25.976411139162792 ], [ 90.226308889144036, 25.976861724689002 ], [ 90.21838040123464, 26.015148319339573 ], [ 90.227565988479569, 26.017009686647839 ], [ 90.231753060155825, 26.031687323011624 ], [ 90.244134375700924, 26.028917438988628 ], [ 90.242784673174242, 26.047682220657975 ], [ 90.234985961033317, 26.053189945859401 ], [ 90.240522870134498, 26.075454891629988 ], [ 90.250709549406338, 26.079210175409401 ], [ 90.242393243253616, 26.08289664576364 ], [ 90.244534566817038, 26.097657633992696 ], [ 90.22070536276226, 26.103413437180564 ], [ 90.229220527905227, 26.128163669317928 ], [ 90.223297000256423, 26.137551999725076 ], [ 90.242866999812236, 26.139515000317147 ], [ 90.251595000309123, 26.177396999871632 ], [ 90.300604248587263, 26.194549161314796 ], [ 90.354672981073406, 26.195569105829634 ], [ 90.380103986509823, 26.204860601735447 ], [ 90.378207780364846, 26.166031459584246 ], [ 90.395758181395081, 26.160164796068727 ], [ 90.363015651751027, 26.134806526899808 ], [ 90.372664250455045, 26.124107590193262 ], [ 90.364627393339617, 26.122573184005375 ], [ 90.368572790202165, 26.113952694761167 ], [ 90.385584367824436, 26.108498654589312 ], [ 90.384900213074332, 26.092791155987243 ], [ 90.370409335322734, 26.086305753507816 ], [ 90.358351254107276, 26.059437217753498 ], [ 90.346060476909486, 26.057486253687671 ], [ 90.355085295050458, 26.053397803465884 ], [ 90.348540233345091, 26.044714171921555 ], [ 90.363196966766679, 26.025420198583276 ], [ 90.374836425260924, 26.022389396953201 ], [ 90.373019430502382, 26.010485587240112 ], [ 90.350631999767018, 26.002789000312191 ], [ 90.328299999645367, 25.974250999983781 ], [ 90.231421999925374, 25.9550510004035 ], [ 90.216811999774166, 25.953803999554964 ], [ 90.211741727298886, 25.961246552286582 ] ] ] } },
{ "type": "Feature", "properties": { "pincode": "783130", "state": "Assam", "district": "Goalpara", "officename": "Rangjuli", "officetype": "S.O" }, "geometry": { "type": "Polygon", "coordinates": [ [ [ 90.890733298502994, 26.036768676933036 ], [ 90.900840447129099, 26.060825382485632 ], [ 90.889483078081582, 26.073449935865938 ], [ 90.922504845422395, 26.081611694424339 ], [ 90.932607884146591, 26.101331966197222 ], [ 90.927510945873507, 26.114328061890717 ], [ 90.945864902843084, 26.11405933726877 ], [ 90.947637541239658, 26.088558001250817 ], [ 90.965515020302121, 26.067914316392717 ], [ 91.011026895974567, 26.055286715209888 ], [ 90.974127493888886, 25.955457834811284 ], [ 90.997794251603523, 25.924742428320485 ], [ 91.002935217986078, 25.888922608391681 ], [ 90.970634000059192, 25.886668999974461 ], [ 90.961159000187934, 25.93343500002527 ], [ 90.94605299964644, 25.947073000318937 ], [ 90.935356000079423, 25.939177999565175 ], [ 90.919174000280123, 25.94267799998994 ], [ 90.926053656551233, 25.98951333777029 ], [ 90.914221273692874, 25.996249178956589 ], [ 90.905078023831777, 26.024327576256837 ], [ 90.890733298502994, 26.036768676933036 ] ] ] } },
{ "type": "Feature", "properties": { "pincode": "783132", "state": "Assam", "district": "Goalpara", "officename": "Jaleswar", "officetype": "S.O" }, "geometry": { "type": "Polygon", "coordinates": [ [ [ 90.157532000001936, 25.964635999951554 ], [ 90.124160999830394, 25.957671999863123 ], [ 90.122490000113487, 25.965952000384618 ], [ 90.180419999683238, 25.990992000380743 ], [ 90.183334000064178, 26.012562000435992 ], [ 90.175362000256143, 26.016583999751845 ], [ 90.193854999608618, 26.028275000191229 ], [ 90.172309999806771, 26.043303999879868 ], [ 90.181106999888243, 26.065255999564897 ], [ 90.157532000001936, 26.082195000099205 ], [ 90.196777000358225, 26.126425000113727 ], [ 90.208640999782347, 26.123643999571016 ], [ 90.228457022373732, 26.135449687852883 ], [ 90.22070536276226, 26.103413437180564 ], [ 90.244534566817038, 26.097657633992696 ], [ 90.242393243253616, 26.08289664576364 ], [ 90.250709549406338, 26.079210175409401 ], [ 90.240522870134498, 26.075454891629988 ], [ 90.234985961033317, 26.053189945859401 ], [ 90.242784673174242, 26.047682220657975 ], [ 90.244134375700924, 26.028917438988628 ], [ 90.231753060155825, 26.031687323011624 ], [ 90.227565988479569, 26.017009686647839 ], [ 90.21838040123464, 26.015148319339573 ], [ 90.226308889144036, 25.976861724689002 ], [ 90.186583999752031, 25.944373999960305 ], [ 90.180214000076205, 25.957004999681089 ], [ 90.157532000001936, 25.964635999951554 ] ] ] } },
{ "type": "Feature", "properties": { "pincode": "783135", "state": "Assam", "district": "South Salmara-Mankachar", "officename": "Fekamari", "officetype": "S.O" }, "geometry": { "type": "Polygon", "coordinates": [ [ [ 89.846168517962838, 25.687452316171516 ], [ 89.875037421140178, 25.719576873074288 ], [ 89.868580885999336, 25.732371500844181 ], [ 89.874515496892741, 25.741807602339065 ], [ 89.893542785271393, 25.746315351572321 ], [ 89.898368999729655, 25.727348000310087 ], [ 89.925194000203021, 25.694525000228623 ], [ 89.941054999588573, 25.686736999912682 ], [ 89.950920000357883, 25.6589390004346 ], [ 89.984374999906493, 25.637671999963004 ], [ 89.986146550123237, 25.628949932293608 ], [ 89.945227620058688, 25.619338462100359 ], [ 89.942318481412769, 25.627543449270775 ], [ 89.926568500635994, 25.619920247921129 ], [ 89.897598392252121, 25.633021125424705 ], [ 89.873131026575834, 25.631398212457668 ], [ 89.86898803696846, 25.664861679123248 ], [ 89.846168517962838, 25.687452316171516 ] ] ] } },
{ "type": "Feature", "properties": { "pincode": "783301", "state": "Assam", "district": "Dhubri", "officename": "Dhubri", "officetype": "H.O" }, "geometry": { "type": "Polygon", "coordinates": [ [ [ 89.952959466706034, 26.018502015355921 ], [ 89.961961832372651, 26.034345015710073 ], [ 89.978849194734664, 26.020962761022531 ], [ 89.991318416311913, 25.995659188620721 ], [ 89.961683248483212, 25.972570042973018 ], [ 89.965943853226349, 26.004481394900552 ], [ 89.952959466706034, 26.018502015355921 ] ] ] } },
{ "type": "Feature", "properties": { "pincode": "783323", "state": "Assam", "district": "Dhubri, South Salmara-Mankachar", "officename": "Amco Road", "officetype": "S.O" }, "geometry": { "type": "Polygon", "coordinates": [ [ [ 89.91760372573151, 25.985443999940742 ], [ 89.923137190428974, 26.011325246463002 ], [ 89.941666823665116, 26.016145020876195 ], [ 89.954235373563733, 26.012882934300023 ], [ 89.950794936137584, 26.006318312340397 ], [ 89.964696747157291, 26.008539716934536 ], [ 89.961683248483212, 25.972570042973018 ], [ 89.93069037326228, 25.948432919143954 ], [ 89.934419145926995, 25.924185046502828 ], [ 89.919041767763474, 25.921164148207026 ], [ 89.881204344904745, 25.876290974648782 ], [ 89.853372460770458, 25.874514949405636 ], [ 89.831208963023357, 25.859172726640168 ], [ 89.838555760439988, 25.883112269415676 ], [ 89.880332946808096, 25.931299209990641 ], [ 89.864414219940215, 25.941061502786283 ], [ 89.864410744959912, 25.97150918560061 ], [ 89.881723057673128, 25.974159889667135 ], [ 89.879228996621009, 25.964568438382912 ], [ 89.889294736862723, 25.961301921746383 ], [ 89.91760372573151, 25.985443999940742 ] ] ] } },
{ "type": "Feature", "properties": { "pincode": "784027", "state": "Assam", "district": "Sonitpur", "officename": "Kaliabhomora", "officetype": "S.O" }, "geometry": { "type": "Polygon", "coordinates": [ [ [ 92.813408474321761, 26.643645819299252 ], [ 92.819607224194101, 26.658670787327026 ], [ 92.807567002615087, 26.660740547338378 ], [ 92.828448590530229, 26.672841274405528 ], [ 92.839288790045828, 26.654445518745774 ], [ 92.858291540422272, 26.655147400032547 ], [ 92.860579922925183, 26.666821146978407 ], [ 92.865983205360692, 26.665419255894108 ], [ 92.897488723825688, 26.629076820139289 ], [ 92.922434127733027, 26.625842254616487 ], [ 92.917503383274607, 26.603748046934925 ], [ 92.871192999557422, 26.582222000345098 ], [ 92.852164999815045, 26.585193999803323 ], [ 92.81744206679798, 26.613245144947484 ], [ 92.813408474321761, 26.643645819299252 ] ] ] } },
{ "type": "Feature", "properties": { "pincode": "783324", "state": "Assam", "district": "Dhubri", "officename": "Bidyapara", "officetype": "S.O" }, "geometry": { "type": "Polygon", "coordinates": [ [ [ 89.864414219940215, 25.941061502786283 ], [ 89.82453918423613, 25.945787430245787 ], [ 89.82292175263683, 25.953310012747068 ], [ 89.840431212930184, 25.959470749175807 ], [ 89.842346191523689, 25.973325729798717 ], [ 89.858154297283193, 25.977813720926576 ], [ 89.847731227614133, 25.985762795216942 ], [ 89.840919677001523, 26.008335194913343 ], [ 89.852058339021312, 26.013173458488382 ], [ 89.847298825480493, 26.02056519592702 ], [ 89.879736455273189, 26.035887741526096 ], [ 89.902039341642364, 26.035106962716327 ], [ 89.911721370844589, 26.046288016079131 ], [ 89.909979339075448, 26.06200211750388 ], [ 89.936200140823985, 26.05024243943717 ], [ 89.953129718262005, 26.05596339659354 ], [ 89.960939017221847, 26.034041157273691 ], [ 89.95260726341462, 26.019624326101791 ], [ 89.963448910838565, 26.010356815115074 ], [ 89.950794936137584, 26.006318312340397 ], [ 89.954235373563733, 26.012882934300023 ], [ 89.941666823665116, 26.016145020876195 ], [ 89.923137190428974, 26.011325246463002 ], [ 89.919443668490544, 25.986687414292817 ], [ 89.889294736862723, 25.961301921746383 ], [ 89.879228996621009, 25.964568438382912 ], [ 89.881723057673128, 25.974159889667135 ], [ 89.864410744959912, 25.97150918560061 ], [ 89.864414219940215, 25.941061502786283 ] ] ] } },
{ "type": "Feature", "properties": { "pincode": "783325", "state": "Assam", "district": "Dhubri", "officename": "Jhagrarpar", "officetype": "S.O" }, "geometry": { "type": "Polygon", "coordinates": [ [ [ 89.991318416311913, 25.995659188620721 ], [ 89.953129718262005, 26.05596339659354 ], [ 89.965123356757545, 26.061658646629382 ], [ 89.980768749078607, 26.053595421391833 ], [ 89.982744922939958, 26.071590369000489 ], [ 90.001354029265201, 26.081198852545072 ], [ 89.999090020188419, 26.09004032949764 ], [ 90.020408667825848, 26.117089578621176 ], [ 90.051800856424506, 26.136763557791994 ], [ 90.049861924388438, 26.121463042885182 ], [ 90.021633690142721, 26.095899293917398 ], [ 90.029972136704885, 26.086765280093687 ], [ 90.023151084754772, 26.075727327754009 ], [ 90.045156100373902, 26.075410795172161 ], [ 90.04032101770099, 26.054968724826892 ], [ 90.054033646435698, 26.055313428671923 ], [ 90.049749085551866, 26.038660087892822 ], [ 90.060195337045343, 26.028090389160184 ], [ 90.048241730971142, 26.009883364325731 ], [ 90.007943536365133, 26.005687189712091 ], [ 89.991318416311913, 25.995659188620721 ] ] ] } },
{ "type": "Feature", "properties": { "pincode": "784028", "state": "Assam", "district": "Sonitpur", "officename": "Napaam", "officetype": "S.O" }, "geometry": { "type": "Polygon", "coordinates": [ [ [ 92.846775235089126, 26.702379913502398 ], [ 92.823714495427794, 26.690562080775578 ], [ 92.814368808174038, 26.693891098495385 ], [ 92.817438767185479, 26.702264239103442 ], [ 92.808053180609988, 26.701944809805298 ], [ 92.812083702800635, 26.725121770653232 ], [ 92.829771123638466, 26.725728521653991 ], [ 92.846775235089126, 26.702379913502398 ] ] ] } },
{ "type": "Feature", "properties": { "pincode": "783330", "state": "Assam", "district": "South Salmara-Mankachar", "officename": "Fakirganj", "officetype": "S.O" }, "geometry": { "type": "Polygon", "coordinates": [ [ [ 89.969014164771977, 25.978429717857182 ], [ 90.007943536365133, 26.005687189712091 ], [ 90.04647264489671, 26.008373528515619 ], [ 90.06480421504267, 26.034930180283709 ], [ 90.104227205621157, 26.061574740781793 ], [ 90.173774999916475, 26.050729999689793 ], [ 90.174889000027463, 26.040129000053412 ], [ 90.193854999608618, 26.028275000191229 ], [ 90.175362000256143, 26.016583999751845 ], [ 90.183334000064178, 26.012562000435992 ], [ 90.180419999683238, 25.990992000380743 ], [ 90.127098000372541, 25.969656000324278 ], [ 90.109505000255524, 25.941883000200392 ], [ 90.092133000437684, 25.936171000291608 ], [ 90.096085000122685, 25.928720000227884 ], [ 90.067474000025072, 25.915535000140267 ], [ 90.052409442941496, 25.895581937956081 ], [ 90.036389033327339, 25.92103582394418 ], [ 90.02135279769351, 25.925097714488118 ], [ 90.027836401528816, 25.929872953574034 ], [ 90.005326831168475, 25.935121162311873 ], [ 90.012248984003577, 25.947726768775397 ], [ 89.994970208808184, 25.966762868711555 ], [ 89.979706612870075, 25.966697961941463 ], [ 89.969014164771977, 25.978429717857182 ] ] ] } },
{ "type": "Feature", "properties": { "pincode": "785688", "state": "Assam", "district": "Charaideo", "officename": "Lakowah", "officetype": "S.O" }, "geometry": { "type": "Polygon", "coordinates": [ [ [ 94.82177504498253, 26.98920815982882 ], [ 94.841413935305013, 27.00993671730572 ], [ 94.844662881886677, 27.005849637650726 ], [ 94.864803986015204, 27.019672623992449 ], [ 94.863534010186527, 27.006562987991686 ], [ 94.890249796091439, 27.016265703399483 ], [ 94.880638131644503, 26.986136328428927 ], [ 94.911804764878184, 26.974540919627771 ], [ 94.865380483822378, 26.943290037005681 ], [ 94.828274851903132, 26.933991652293003 ], [ 94.83633134211783, 26.956195061952656 ], [ 94.82177504498253, 26.98920815982882 ] ] ] } },
{ "type": "Feature", "properties": { "pincode": "783334", "state": "Assam", "district": "Dhubri, Kokrajhar", "officename": "Golakganj", "officetype": "S.O" }, "geometry": { "type": "Polygon", "coordinates": [ [ [ 89.778480516262846, 26.101922753332531 ], [ 89.782381954263769, 26.116774180983782 ], [ 89.793365294373018, 26.12010459984748 ], [ 89.783394891261366, 26.12967290348189 ], [ 89.806988445960087, 26.161663439815982 ], [ 89.808646332662136, 26.148687395407023 ], [ 89.7929630330176, 26.129271400255107 ], [ 89.801167147845774, 26.116426307927895 ], [ 89.797178749899501, 26.108951952470647 ], [ 89.815301235763627, 26.096364899920218 ], [ 89.822381809573017, 26.136251467631325 ], [ 89.816516948298727, 26.145328625415857 ], [ 89.82341871620099, 26.159419585445733 ], [ 89.812980704296194, 26.184759023710001 ], [ 89.828300513258228, 26.204858997344843 ], [ 89.851047567591365, 26.216544355437748 ], [ 89.846447325783629, 26.233097115139856 ], [ 89.863771230757777, 26.269909608541525 ], [ 89.851600388946792, 26.297660048272576 ], [ 89.886156811587682, 26.305257148598628 ], [ 89.915250899609475, 26.325942006218781 ], [ 89.918994975138048, 26.339078496875118 ], [ 89.951586463644389, 26.335044260484324 ], [ 89.941595230435667, 26.285533010639995 ], [ 89.925763611001912, 26.275777074252687 ], [ 89.939603742918507, 26.261119472985399 ], [ 89.922274583205649, 26.230351119808461 ], [ 89.926067270688122, 26.192127689041797 ], [ 89.897363337348224, 26.171337435374539 ], [ 89.916421264729706, 26.130432654343736 ], [ 89.890197065342534, 26.130626314353037 ], [ 89.870498424063157, 26.143096011671616 ], [ 89.861281748154283, 26.122497620268973 ], [ 89.869188872668531, 26.106024184368778 ], [ 89.863569664808438, 26.094568635434428 ], [ 89.886105995395383, 26.088780898219966 ], [ 89.88918524620226, 26.06282326867904 ], [ 89.907237844850727, 26.059356298554519 ], [ 89.910513587632124, 26.043064772121738 ], [ 89.847766360529192, 26.021111999019638 ], [ 89.852058339021312, 26.013173458488382 ], [ 89.840919677001523, 26.008335194913343 ], [ 89.847731227614133, 25.985762795216942 ], [ 89.826789856366929, 25.985616684162835 ], [ 89.800666809126028, 26.034275054750026 ], [ 89.776039123107125, 26.044385910381493 ], [ 89.790687561182096, 26.074340820472571 ], [ 89.778480516262846, 26.101922753332531 ] ] ] } },
{ "type": "Feature", "properties": { "pincode": "785104", "state": "Assam", "district": "Majuli", "officename": "Garmursatra", "officetype": "S.O" }, "geometry": { "type": "Polygon", "coordinates": [ [ [ 94.158827126026267, 26.85262322425848 ], [ 94.140832066536063, 26.939299285411778 ], [ 94.139061570167542, 26.991671025753021 ], [ 94.186241984367371, 27.006203711032924 ], [ 94.177620947360992, 27.037260413170031 ], [ 94.208459258079529, 27.03790819644928 ], [ 94.232285857200623, 27.026671886444205 ], [ 94.250460803508929, 27.00603753328329 ], [ 94.272566139697972, 27.013735592365379 ], [ 94.267950296401978, 26.999740064144078 ], [ 94.288898110389766, 27.002405941486415 ], [ 94.299090862274227, 26.985041916370506 ], [ 94.28917092084879, 26.97700464725483 ], [ 94.294851005077533, 26.965455710887966 ], [ 94.287866115570182, 26.965033352375031 ], [ 94.28377956151968, 26.940533757209778 ], [ 94.271832883358059, 26.942121744155997 ], [ 94.26844251155859, 26.924403429031372 ], [ 94.256037473678646, 26.927045941352901 ], [ 94.252061665058193, 26.937745213508606 ], [ 94.229565083980731, 26.929973363876286 ], [ 94.196687579155082, 26.89686518907547 ], [ 94.224152565002498, 26.872274518013 ], [ 94.158827126026267, 26.85262322425848 ] ] ] } },
{ "type": "Feature", "properties": { "pincode": "783331", "state": "Assam", "district": "Dhubri, Kokrajhar", "officename": "Gauripur", "officetype": "S.O" }, "geometry": { "type": "Polygon", "coordinates": [ [ [ 89.862264744022809, 26.118315043404721 ], [ 89.870498424063157, 26.143096011671616 ], [ 89.890197065342534, 26.130626314353037 ], [ 89.916421264729706, 26.130432654343736 ], [ 89.896911301215766, 26.168022768136439 ], [ 89.924409945162949, 26.197210444106815 ], [ 89.980798210868784, 26.20231714901729 ], [ 90.001628727184141, 26.212434450989178 ], [ 90.014659421595127, 26.208793660798733 ], [ 90.01662966262893, 26.188063280396079 ], [ 90.038118224576522, 26.182250651746187 ], [ 90.027547026674085, 26.157770208128682 ], [ 90.050822406628811, 26.137597434374186 ], [ 90.020408667825848, 26.117089578621176 ], [ 89.999090020188419, 26.09004032949764 ], [ 90.001354029265201, 26.081198852545072 ], [ 89.982744922939958, 26.071590369000489 ], [ 89.980768749078607, 26.053595421391833 ], [ 89.965123356757545, 26.061658646629382 ], [ 89.936200140823985, 26.05024243943717 ], [ 89.88918524620226, 26.06282326867904 ], [ 89.886105995395383, 26.088780898219966 ], [ 89.863569664808438, 26.094568635434428 ], [ 89.869188872668531, 26.106024184368778 ], [ 89.862264744022809, 26.118315043404721 ] ] ] } },
{ "type": "Feature", "properties": { "pincode": "783332", "state": "Assam", "district": "Dhubri", "officename": "Tamarhat", "officetype": "S.O" }, "geometry": { "type": "Polygon", "coordinates": [ [ [ 89.851600408554077, 26.297660052776337 ], [ 89.843453943729401, 26.305986315012092 ], [ 89.826273024082241, 26.306976109743061 ], [ 89.802556455135289, 26.298624783754292 ], [ 89.77058124542242, 26.306534886360282 ], [ 89.766914010048026, 26.317043006420079 ], [ 89.785835027694702, 26.33084100484848 ], [ 89.784042000770626, 26.347366005182323 ], [ 89.795310974121151, 26.35801500082033 ], [ 89.825401008129063, 26.370559990405923 ], [ 89.816443979740029, 26.357973009347972 ], [ 89.826140999794006, 26.3510839939118 ], [ 89.835976004600639, 26.381967991590557 ], [ 89.845055282115879, 26.378130525350628 ], [ 89.844672381877956, 26.367424607276973 ], [ 89.874240756034908, 26.361741185188293 ], [ 89.866046369075889, 26.348283231258392 ], [ 89.875907361507416, 26.346555888652915 ], [ 89.881488144397792, 26.324075251817817 ], [ 89.890657007694301, 26.324023723602295 ], [ 89.886156797409171, 26.305257141590175 ], [ 89.851600408554077, 26.297660052776337 ] ], [ [ 89.805130958557072, 26.329745262861422 ], [ 89.826389729976768, 26.327176213264522 ], [ 89.821747481823081, 26.340189158916587 ], [ 89.806190371513367, 26.349337905645484 ], [ 89.805130958557072, 26.329745262861422 ] ] ] } },
{ "type": "Feature", "properties": { "pincode": "783333", "state": "Assam", "district": "Dhubri, Kokrajhar", "officename": "Dingdinga", "officetype": "S.O" }, "geometry": { "type": "Polygon", "coordinates": [ [ [ 89.835593999763319, 26.39014099990743 ], [ 89.838310000006686, 26.412224000237643 ], [ 89.85315953728292, 26.412807415629914 ], [ 89.876195102222368, 26.408559271893012 ], [ 89.877690116305928, 26.400596765328544 ], [ 89.893316608474777, 26.395182271944407 ], [ 89.888708036247124, 26.38236955880808 ], [ 89.902978408326874, 26.350565708240879 ], [ 89.89252751992916, 26.345403786755469 ], [ 89.908497384047223, 26.335912511853053 ], [ 89.892026766622109, 26.310737146802126 ], [ 89.875907368630237, 26.346555874953822 ], [ 89.866046341065783, 26.348283241478441 ], [ 89.874240767497554, 26.36174118760573 ], [ 89.844672395914415, 26.367424618751215 ], [ 89.850470999637082, 26.383968000323023 ], [ 89.862235999891482, 26.384399000413566 ], [ 89.85814700018409, 26.395916000023419 ], [ 89.851807000093117, 26.402675999697749 ], [ 89.84536699988729, 26.390763999858791 ], [ 89.835593999763319, 26.39014099990743 ] ] ] } },
{ "type": "Feature", "properties": { "pincode": "783335", "state": "Assam", "district": "Dhubri", "officename": "Agomoni", "officetype": "S.O" }, "geometry": { "type": "MultiPolygon", "coordinates": [ [ [ [ 89.715126000364705, 26.219139000264761 ], [ 89.733680999878288, 26.238194000352962 ], [ 89.720633999859217, 26.246386000413622 ], [ 89.720314000390886, 26.256479000005982 ], [ 89.705940000330827, 26.259199000433739 ], [ 89.709769999785806, 26.269899000138878 ], [ 89.730147999730548, 26.258398000367492 ], [ 89.742386000213742, 26.271086000019125 ], [ 89.722031000430491, 26.29303400041897 ], [ 89.725234999795475, 26.308110999623125 ], [ 89.72843199973704, 26.294734999720561 ], [ 89.762039, 26.288507000297898 ], [ 89.756629999674942, 26.322124000122642 ], [ 89.779854330512933, 26.303851473167128 ], [ 89.802556426837725, 26.298624790601764 ], [ 89.843453958433543, 26.30598631891354 ], [ 89.854797110997936, 26.29538988783321 ], [ 89.863771230757777, 26.269909608541525 ], [ 89.846447325783629, 26.233097115139856 ], [ 89.851047567591365, 26.216544355437748 ], [ 89.828300513258228, 26.204858997344843 ], [ 89.812980704296194, 26.184759023710001 ], [ 89.82341871620099, 26.159419585445733 ], [ 89.816516948298727, 26.145328625415857 ], [ 89.822381809573017, 26.136251467631325 ], [ 89.815301235763627, 26.096364899920218 ], [ 89.797178749899501, 26.108951952470647 ], [ 89.801167147845774, 26.116426307927895 ], [ 89.7929630330176, 26.129271400255107 ], [ 89.808646332662136, 26.148687395407023 ], [ 89.806988445960087, 26.161663439815982 ], [ 89.783394891261366, 26.12967290348189 ], [ 89.793365294373018, 26.12010459984748 ], [ 89.782381954263769, 26.116774180983782 ], [ 89.77811465586683, 26.100929703043448 ], [ 89.742999473647046, 26.157358803366208 ], [ 89.749748971937493, 26.170758310647727 ], [ 89.709105999742235, 26.174561000389986 ], [ 89.699729999939734, 26.189083000080416 ], [ 89.718903000073624, 26.189368999779731 ], [ 89.722961000150178, 26.196806000096956 ], [ 89.716492000405594, 26.203207000302939 ], [ 89.736892999612394, 26.212285999899166 ], [ 89.702446000182931, 26.215951999885021 ], [ 89.715126000364705, 26.219139000264761 ] ] ], [ [ [ 89.746294434041033, 26.302613482626271 ], [ 89.750785326381845, 26.308069420367531 ], [ 89.753430692972188, 26.305748852027875 ], [ 89.746294434041033, 26.302613482626271 ] ] ], [ [ [ 89.713706446595381, 26.239822410875661 ], [ 89.720727005047308, 26.240964875428801 ], [ 89.718911702812932, 26.2335410483808 ], [ 89.713706446595381, 26.239822410875661 ] ] ], [ [ [ 89.714252591384025, 26.172240187434682 ], [ 89.718046849082953, 26.167023341653874 ], [ 89.715752490585089, 26.163251800830039 ], [ 89.710670268817921, 26.16424502648681 ], [ 89.714252591384025, 26.172240187434682 ] ] ] ] } },
{ "type": "Feature", "properties": { "pincode": "783336", "state": "Assam", "district": "Kokrajhar", "officename": "Bhowraguri", "officetype": "S.O" }, "geometry": { "type": "Polygon", "coordinates": [ [ [ 90.030156968969038, 26.446166178726287 ], [ 90.048334616549482, 26.456784459735218 ], [ 90.051596620387897, 26.488858801192691 ], [ 90.082841151098307, 26.488294540460686 ], [ 90.079757106904935, 26.497998754139189 ], [ 90.087024838625382, 26.502072847584031 ], [ 90.0757569224441, 26.514855322815038 ], [ 90.082755556324003, 26.540599070190979 ], [ 90.102796094664143, 26.545167248469852 ], [ 90.099355132033907, 26.535761096197689 ], [ 90.118835292914582, 26.539154055715073 ], [ 90.113899208281964, 26.518806138992147 ], [ 90.123258597606309, 26.499018424360884 ], [ 90.119942995073188, 26.474703698816768 ], [ 90.109482162871643, 26.468139061568593 ], [ 90.121945384172136, 26.447770370506248 ], [ 90.116437107686409, 26.43526149422263 ], [ 90.138946706825152, 26.418791116916736 ], [ 90.134022395217414, 26.407295132664331 ], [ 90.105038427381658, 26.404696326674241 ], [ 90.093105947281686, 26.417891875809516 ], [ 90.039265801775514, 26.43251312288254 ], [ 90.030156968969038, 26.446166178726287 ] ] ] } },
{ "type": "Feature", "properties": { "pincode": "783337", "state": "Assam", "district": "Dhubri, Kokrajhar", "officename": "Sapatgram", "officetype": "S.O" }, "geometry": { "type": "Polygon", "coordinates": [ [ [ 89.930130302471468, 26.195896038171782 ], [ 89.922274583205649, 26.230351119808461 ], [ 89.939603742918507, 26.261119472985399 ], [ 89.925763611001912, 26.275777074252687 ], [ 89.941595230435667, 26.285533010639995 ], [ 89.951586463644389, 26.335044260484324 ], [ 89.990675507169101, 26.346620403109227 ], [ 89.998128646719749, 26.393614096213639 ], [ 90.017330955759178, 26.396001007540519 ], [ 90.021970045581327, 26.410899697263346 ], [ 90.035249657945542, 26.41808096006838 ], [ 90.033001144187608, 26.431746645091778 ], [ 90.051891172639614, 26.432945864959891 ], [ 90.059153961686093, 26.423944571285006 ], [ 90.09149039346687, 26.418541685450464 ], [ 90.117578499348269, 26.398498914993127 ], [ 90.13421916418315, 26.403282389171125 ], [ 90.139579584929891, 26.39158713583771 ], [ 90.11539455421547, 26.381045212666493 ], [ 90.127258023039474, 26.382832310363028 ], [ 90.128569284944604, 26.368136454633714 ], [ 90.148537065433402, 26.351205110927253 ], [ 90.165968221756202, 26.357936798144692 ], [ 90.176789651521233, 26.351351284934026 ], [ 90.175477683648239, 26.320470225120914 ], [ 90.159859544382471, 26.288004459138619 ], [ 90.142432792939132, 26.280547383255282 ], [ 90.140452323915724, 26.254535913102018 ], [ 90.099495768914721, 26.245054061295889 ], [ 90.121779291980943, 26.229871898969122 ], [ 90.108759282415008, 26.212590685711575 ], [ 90.078779690430622, 26.213719741372984 ], [ 90.082126196366971, 26.194787764943385 ], [ 90.066006583437172, 26.188455186057922 ], [ 90.050378056102488, 26.196087645928287 ], [ 90.035570393059231, 26.183110194080371 ], [ 90.01662966262893, 26.188063280396079 ], [ 90.018201121784443, 26.201898650402541 ], [ 90.007164456374596, 26.212820279931975 ], [ 89.930130302471468, 26.195896038171782 ] ] ] } },
{ "type": "Feature", "properties": { "pincode": "783338", "state": "Assam", "district": "Dhubri", "officename": "Satrasal", "officetype": "S.O" }, "geometry": { "type": "Polygon", "coordinates": [ [ [ 89.742999473647046, 26.157358803366208 ], [ 89.718643188632427, 26.162858962571079 ], [ 89.738028302863938, 26.175828563337575 ], [ 89.749748971937493, 26.170758310647727 ], [ 89.742999473647046, 26.157358803366208 ] ] ] } },
{ "type": "Feature", "properties": { "pincode": "783347", "state": "Assam", "district": "Kokrajhar", "officename": "Dotma", "officetype": "S.O" }, "geometry": { "type": "Polygon", "coordinates": [ [ [ 90.137841055120532, 26.420113056472417 ], [ 90.116437107686409, 26.43526149422263 ], [ 90.121945384172136, 26.447770370506248 ], [ 90.109482162871643, 26.468139061568593 ], [ 90.119942995073188, 26.474703698816768 ], [ 90.12332406735203, 26.50094738021761 ], [ 90.158765330255846, 26.503935245515152 ], [ 90.170642621659795, 26.519774086505038 ], [ 90.199087314627945, 26.51414026915819 ], [ 90.190658176833438, 26.519947002752076 ], [ 90.201112380132372, 26.523223732089718 ], [ 90.209704401337092, 26.544833364368344 ], [ 90.232526579638034, 26.541080349578522 ], [ 90.222424819749733, 26.504317541921068 ], [ 90.237681525981827, 26.461012649314284 ], [ 90.204380009230135, 26.461894795208764 ], [ 90.193234075292366, 26.44299982498211 ], [ 90.151441022185622, 26.449770582346673 ], [ 90.139944106235703, 26.440680747718375 ], [ 90.147616779290956, 26.428196132445578 ], [ 90.137841055120532, 26.420113056472417 ] ] ] } },
{ "type": "Feature", "properties": { "pincode": "783339", "state": "Assam", "district": "Dhubri, Kokrajhar", "officename": "Alamganj", "officetype": "S.O" }, "geometry": { "type": "Polygon", "coordinates": [ [ [ 90.029901235054126, 26.086913394837438 ], [ 90.021633690142721, 26.095899293917398 ], [ 90.049861924388438, 26.121463042885182 ], [ 90.051800856424506, 26.136763557791994 ], [ 90.027694921983027, 26.160972479896088 ], [ 90.035570393059231, 26.183110194080371 ], [ 90.051171948826493, 26.195965852542088 ], [ 90.069372265617631, 26.185436068419904 ], [ 90.070744204781306, 26.171949663246494 ], [ 90.080414019391469, 26.17337951335395 ], [ 90.094691624718848, 26.113269890792935 ], [ 90.10531300299283, 26.100730146179217 ], [ 90.117217418848895, 26.099571005497694 ], [ 90.119775911829038, 26.08279765199012 ], [ 90.175902134875685, 26.054612681430172 ], [ 90.168300796044946, 26.050110557456435 ], [ 90.104227205621157, 26.061574740781793 ], [ 90.060195337045343, 26.028090389160184 ], [ 90.049749085551866, 26.038660087892822 ], [ 90.054033646435698, 26.055313428671923 ], [ 90.039073280307719, 26.058441481189391 ], [ 90.048054625221027, 26.071817050316838 ], [ 90.023151084754772, 26.075727327754009 ], [ 90.029901235054126, 26.086913394837438 ] ] ] } },
{ "type": "Feature", "properties": { "pincode": "783354", "state": "Assam", "district": "Kokrajhar", "officename": "Saktiashram", "officetype": "S.O" }, "geometry": { "type": "Polygon", "coordinates": [ [ [ 90.154728805989748, 26.448963678231223 ], [ 90.193234075292366, 26.44299982498211 ], [ 90.182875298156603, 26.423805612539013 ], [ 90.187836167205489, 26.39440732793588 ], [ 90.151249052002186, 26.391941498401536 ], [ 90.13421916418315, 26.403282389171125 ], [ 90.116346188026341, 26.400044912542683 ], [ 90.134022395217414, 26.407295132664331 ], [ 90.147616779290956, 26.428196132445578 ], [ 90.139944106235703, 26.440680747718375 ], [ 90.154728805989748, 26.448963678231223 ] ] ] } },
{ "type": "Feature", "properties": { "pincode": "786624", "state": "Assam", "district": "Dibrugarh", "officename": "Barbam", "officetype": "S.O" }, "geometry": { "type": "Polygon", "coordinates": [ [ [ 95.054633999559599, 27.151151999865135 ], [ 95.068886195441735, 27.158411797766291 ], [ 95.070760591228407, 27.142378647456837 ], [ 95.10270856444879, 27.138701959028253 ], [ 95.062309000060338, 27.135625999740284 ], [ 95.054633999559599, 27.151151999865135 ] ] ] } },
{ "type": "Feature", "properties": { "pincode": "783345", "state": "Assam", "district": "Dhubri, Kokrajhar", "officename": "Fakiragram", "officetype": "S.O" }, "geometry": { "type": "Polygon", "coordinates": [ [ [ 90.11539455421547, 26.381045212666493 ], [ 90.141978754016407, 26.39732616217276 ], [ 90.184324904570872, 26.395168154386965 ], [ 90.182727133050832, 26.386537786089946 ], [ 90.189028786049676, 26.385165768685397 ], [ 90.211579336717193, 26.390851297949155 ], [ 90.210708124780297, 26.382231149548033 ], [ 90.220166733608039, 26.380425429589934 ], [ 90.240438906730219, 26.389629766800397 ], [ 90.246153182823264, 26.370445532335566 ], [ 90.234943663219724, 26.352274028023942 ], [ 90.250548325245177, 26.35162217062674 ], [ 90.263703706161152, 26.333500496850604 ], [ 90.270471505655507, 26.342824411517427 ], [ 90.283953674122813, 26.332550176949269 ], [ 90.297934604798229, 26.335387900431385 ], [ 90.291142495729616, 26.311248011186876 ], [ 90.29799527396284, 26.303177675009749 ], [ 90.267999074198087, 26.292415585211074 ], [ 90.268721450134933, 26.317609606698227 ], [ 90.253610725454678, 26.318302099062635 ], [ 90.246554290348399, 26.304181477593204 ], [ 90.262936396497537, 26.276562143728086 ], [ 90.258656570544531, 26.265914867677225 ], [ 90.240948918557876, 26.256548372809334 ], [ 90.227310741097938, 26.26059087666772 ], [ 90.221564432952391, 26.250194658057126 ], [ 90.21310315068996, 26.257191950148467 ], [ 90.196920289339971, 26.255255617153182 ], [ 90.192766198501374, 26.247706223163789 ], [ 90.140713581466741, 26.255747181187473 ], [ 90.142432792939132, 26.280547383255282 ], [ 90.159859544382471, 26.288004459138619 ], [ 90.175477683648239, 26.320470225120914 ], [ 90.176789651521233, 26.351351284934026 ], [ 90.165968221756202, 26.357936798144692 ], [ 90.148537065433402, 26.351205110927253 ], [ 90.128569284944604, 26.368136454633714 ], [ 90.127258023039474, 26.382832310363028 ], [ 90.11539455421547, 26.381045212666493 ] ] ] } },
{ "type": "Feature", "properties": { "pincode": "783372", "state": "Assam", "district": "Chirang, Kokrajhar", "officename": "Basugaon", "officetype": "S.O" }, "geometry": { "type": "Polygon", "coordinates": [ [ [ 90.377901339075606, 26.472927174449694 ], [ 90.403326138290709, 26.500190108786626 ], [ 90.401005801976339, 26.521130483585068 ], [ 90.426043813571255, 26.523868449769282 ], [ 90.412649760678107, 26.530335729110675 ], [ 90.413482835964203, 26.537613571908992 ], [ 90.457263833259276, 26.536410649532002 ], [ 90.460608373277921, 26.525270979372181 ], [ 90.485989950176076, 26.523417397494825 ], [ 90.481740282987801, 26.496816949642607 ], [ 90.461834343480234, 26.489560779606393 ], [ 90.436601645749533, 26.458068173607501 ], [ 90.39451085409263, 26.445420117344725 ], [ 90.388877735519088, 26.465685032038778 ], [ 90.377901339075606, 26.472927174449694 ] ] ] } },
{ "type": "Feature", "properties": { "pincode": "783346", "state": "Assam", "district": "Kokrajhar", "officename": "Serfanguri", "officetype": "S.O" }, "geometry": { "type": "Polygon", "coordinates": [ [ [ 90.116038805146786, 26.522223882925914 ], [ 90.126520039368529, 26.558097659479472 ], [ 90.146602634504177, 26.559703983552026 ], [ 90.151493739544605, 26.58848693222626 ], [ 90.179192649920992, 26.607660036681466 ], [ 90.209657717529694, 26.668146571407249 ], [ 90.185685940353949, 26.715724067511871 ], [ 90.156261634766736, 26.729809572253998 ], [ 90.147691423020774, 26.759767826923735 ], [ 90.189147948918787, 26.776266097602445 ], [ 90.184951782398912, 26.814727783060789 ], [ 90.20164464928132, 26.839482344534701 ], [ 90.234288191447035, 26.814499143920443 ], [ 90.233866774532146, 26.745134326587959 ], [ 90.242324358782128, 26.733675035574493 ], [ 90.247584870245589, 26.695977934833934 ], [ 90.228193539000813, 26.636690358273597 ], [ 90.254458313100827, 26.629316342874972 ], [ 90.244206701877943, 26.606549328988535 ], [ 90.24474145675299, 26.556086884202386 ], [ 90.228409615511453, 26.556233028531551 ], [ 90.232526579638034, 26.541080349578522 ], [ 90.209704401337092, 26.544833364368344 ], [ 90.201112380132372, 26.523223732089718 ], [ 90.190658176833438, 26.519947002752076 ], [ 90.199087314627945, 26.51414026915819 ], [ 90.170642621659795, 26.519774086505038 ], [ 90.161953655336958, 26.505631898393631 ], [ 90.139392796640379, 26.497559565721474 ], [ 90.12332406735203, 26.50094738021761 ], [ 90.116038805146786, 26.522223882925914 ] ] ] } },
{ "type": "Feature", "properties": { "pincode": "783348", "state": "Assam", "district": "Dhubri, Kokrajhar", "officename": "Bilasipara", "officetype": "S.O" }, "geometry": { "type": "Polygon", "coordinates": [ [ [ 90.289852692547868, 26.255270494637671 ], [ 90.287054271237707, 26.23126676275109 ], [ 90.299693507849156, 26.232001523251881 ], [ 90.316634008452922, 26.242500410265905 ], [ 90.312838428750638, 26.253790876947448 ], [ 90.322532767873042, 26.256893184572846 ], [ 90.325906725615027, 26.272232308274511 ], [ 90.332939511249549, 26.263514566344213 ], [ 90.345121885966421, 26.269131541187733 ], [ 90.345906827738077, 26.261362866403147 ], [ 90.35262531020993, 26.262570613642993 ], [ 90.357940892558247, 26.283946808898293 ], [ 90.368542657517708, 26.271928540669705 ], [ 90.370517189217082, 26.27893694568354 ], [ 90.38284118916954, 26.279000221982756 ], [ 90.379351273742316, 26.300285434625323 ], [ 90.402326422226679, 26.300342656688315 ], [ 90.394939387342959, 26.281662755731588 ], [ 90.401932295239419, 26.267004863084026 ], [ 90.3893238559113, 26.262189237243547 ], [ 90.401239437750007, 26.248201032851568 ], [ 90.378637694074428, 26.225321421146816 ], [ 90.384301875231415, 26.206207066702859 ], [ 90.354672981073406, 26.195569105829634 ], [ 90.300604248587263, 26.194549161314796 ], [ 90.251595000309123, 26.177396999871632 ], [ 90.242866999812236, 26.139515000317147 ], [ 90.223297000256423, 26.137551999725076 ], [ 90.208640999782347, 26.123643999571016 ], [ 90.196777000358225, 26.126425000113727 ], [ 90.193708031500535, 26.143701219435911 ], [ 90.180143312463997, 26.154593654273924 ], [ 90.180907188516017, 26.174181703223155 ], [ 90.159872108810873, 26.180851752706189 ], [ 90.147832822526709, 26.20656922908671 ], [ 90.09904134778003, 26.241967705845013 ], [ 90.147993561953456, 26.256517680746413 ], [ 90.157232522163326, 26.248653942225758 ], [ 90.178166790565115, 26.253781725446402 ], [ 90.192766198501374, 26.247706223163789 ], [ 90.196920289339971, 26.255255617153182 ], [ 90.21310315068996, 26.257191950148467 ], [ 90.221564432952391, 26.250194658057126 ], [ 90.227310741097938, 26.26059087666772 ], [ 90.240948918557876, 26.256548372809334 ], [ 90.256928014216612, 26.263315344027887 ], [ 90.278983751599014, 26.25682975089228 ], [ 90.280712130760378, 26.263187814765899 ], [ 90.289852692547868, 26.255270494637671 ] ] ] } },
{ "type": "Feature", "properties": { "pincode": "783349", "state": "Assam", "district": "Dhubri, Kokrajhar", "officename": "Bagribari", "officetype": "S.O" }, "geometry": { "type": "Polygon", "coordinates": [ [ [ 90.070744204781306, 26.171949663246494 ], [ 90.066006583437172, 26.188455186057922 ], [ 90.082992224611644, 26.197002035215803 ], [ 90.078779690430622, 26.213719741372984 ], [ 90.108759282415008, 26.212590685711575 ], [ 90.121779291980943, 26.229871898969122 ], [ 90.149473338823555, 26.204560229970809 ], [ 90.159872108810873, 26.180851752706189 ], [ 90.180907188516017, 26.174181703223155 ], [ 90.180143312463997, 26.154593654273924 ], [ 90.193708031500535, 26.143701219435911 ], [ 90.196777000358225, 26.126425000113727 ], [ 90.157532000001936, 26.082195000099205 ], [ 90.181106999888243, 26.065255999564897 ], [ 90.175902134875685, 26.054612681430172 ], [ 90.149576804026367, 26.071865358299704 ], [ 90.128630967645108, 26.074651004740133 ], [ 90.118325761325025, 26.084513537769681 ], [ 90.117217418848895, 26.099571005497694 ], [ 90.099995780281063, 26.105612791297347 ], [ 90.089598796347389, 26.144158300765127 ], [ 90.08302119986854, 26.143228766894083 ], [ 90.090395621760649, 26.152394940474267 ], [ 90.082108423964769, 26.154454693729122 ], [ 90.083271996505459, 26.167649501823121 ], [ 90.079298587559776, 26.174900745373236 ], [ 90.070744204781306, 26.171949663246494 ] ] ] } },
{ "type": "Feature", "properties": { "pincode": "783361", "state": "Assam", "district": "Kokrajhar", "officename": "Srirampur (Kokrajhar)", "officetype": "S.O" }, "geometry": { "type": "Polygon", "coordinates": [ [ [ 89.85394072618368, 26.410253753807808 ], [ 89.875656000024492, 26.459812000423597 ], [ 89.85780299960885, 26.487700999601543 ], [ 89.860732999828201, 26.505054000341886 ], [ 89.875165994515044, 26.50000514522128 ], [ 89.918644401418135, 26.511891996418683 ], [ 89.93492047839743, 26.486325916408134 ], [ 89.933129558582323, 26.469322114324086 ], [ 89.941065800446381, 26.469489001516308 ], [ 89.959943402066415, 26.447698365387396 ], [ 89.960958156593733, 26.39590651307509 ], [ 89.967107169460292, 26.397554424497173 ], [ 89.971059683557598, 26.422221032274877 ], [ 89.983652576305417, 26.403220472646808 ], [ 89.99239270865661, 26.403670789275736 ], [ 89.990675507169101, 26.346620403109227 ], [ 89.955718111901547, 26.334990159968072 ], [ 89.918994975138048, 26.339078496875118 ], [ 89.915250899609475, 26.325942006218781 ], [ 89.905850555159077, 26.324639224920475 ], [ 89.905624482683834, 26.340829253867128 ], [ 89.89252751992916, 26.345403786755469 ], [ 89.902978408326874, 26.350565708240879 ], [ 89.888708036247124, 26.38236955880808 ], [ 89.893316608474777, 26.395182271944407 ], [ 89.877690116305928, 26.400596765328544 ], [ 89.876195102222368, 26.408559271893012 ], [ 89.85394072618368, 26.410253753807808 ] ] ] } },
{ "type": "Feature", "properties": { "pincode": "783362", "state": "Assam", "district": "Kokrajhar", "officename": "Garufela Bazar", "officetype": "S.O" }, "geometry": { "type": "Polygon", "coordinates": [ [ [ 89.964479796505486, 26.581397352605848 ], [ 89.986617888404908, 26.581483469886223 ], [ 90.014734758702332, 26.559670161848544 ], [ 90.025880417447468, 26.562008145559503 ], [ 90.039005228608517, 26.552012327606974 ], [ 90.016323335553579, 26.527284465206037 ], [ 89.963166396911788, 26.522482287827472 ], [ 89.958448185635348, 26.53056722269929 ], [ 89.978138481205917, 26.548548879227496 ], [ 89.96447955728587, 26.557774827146716 ], [ 89.964479796505486, 26.581397352605848 ] ] ] } },
{ "type": "Feature", "properties": { "pincode": "783350", "state": "Assam", "district": "Kokrajhar", "officename": "Kachugaon", "officetype": "S.O" }, "geometry": { "type": "Polygon", "coordinates": [ [ [ 89.901447828754272, 26.612318228103732 ], [ 89.889781475135123, 26.591916429399816 ], [ 89.879425000263666, 26.589110999673039 ], [ 89.882484000136628, 26.612941999673637 ], [ 89.864257999607048, 26.617109000280209 ], [ 89.862579000420567, 26.631985000107761 ], [ 89.881659999909118, 26.649390999695015 ], [ 89.873360000264029, 26.65651299987519 ], [ 89.87678499992802, 26.68341800044044 ], [ 89.85919189459031, 26.707632064867937 ], [ 89.863739013444899, 26.714691161967664 ], [ 89.855873107557898, 26.746807097969281 ], [ 89.917098999219547, 26.728578567646764 ], [ 90.064971924215058, 26.741416931246363 ], [ 90.147691423020774, 26.759767826923735 ], [ 90.156261634766736, 26.729809572253998 ], [ 90.185685940353949, 26.715724067511871 ], [ 90.208938758117313, 26.673012864152383 ], [ 90.179192649920992, 26.607660036681466 ], [ 90.147185696462884, 26.580689265097533 ], [ 90.146602634504177, 26.559703983552026 ], [ 90.127790756238539, 26.559647977372379 ], [ 90.113160211075069, 26.537112231344565 ], [ 90.099355132033907, 26.535761096197689 ], [ 90.102796094664143, 26.545167248469852 ], [ 90.050575719893629, 26.542152533013223 ], [ 89.986617888404908, 26.581483469886223 ], [ 89.948645038437917, 26.587792389407298 ], [ 89.941645003414294, 26.599121454991234 ], [ 89.915977769458607, 26.59203942607877 ], [ 89.916743632113139, 26.602404884278087 ], [ 89.901447828754272, 26.612318228103732 ] ] ] } },
{ "type": "Feature", "properties": { "pincode": "783351", "state": "Assam", "district": "Dhubri", "officename": "Lakhiganj Bazar", "officetype": "S.O" }, "geometry": { "type": "Polygon", "coordinates": [ [ [ 90.258787501042434, 26.267369173049019 ], [ 90.266827984224278, 26.281711847923589 ], [ 90.289155780015392, 26.277310492085576 ], [ 90.278983751599014, 26.25682975089228 ], [ 90.258787501042434, 26.267369173049019 ] ] ] } },
{ "type": "Feature", "properties": { "pincode": "783360", "state": "Assam", "district": "Kokrajhar", "officename": "Gossaigaon", "officetype": "S.O" }, "geometry": { "type": "Polygon", "coordinates": [ [ [ 89.860732999828201, 26.505054000341886 ], [ 89.86978900016237, 26.548194999599673 ], [ 89.867218000310572, 26.577779999647305 ], [ 89.882750999858899, 26.584136999623013 ], [ 89.879425000263666, 26.589110999673039 ], [ 89.889781475135123, 26.591916429399816 ], [ 89.902436429197962, 26.612492563481169 ], [ 89.916743632113139, 26.602404884278087 ], [ 89.915977769458607, 26.59203942607877 ], [ 89.941645003414294, 26.599121454991234 ], [ 89.948645038437917, 26.587792389407298 ], [ 89.964511996731289, 26.58565161353124 ], [ 89.96447955728587, 26.557774827146716 ], [ 89.978138481205917, 26.548548879227496 ], [ 89.958448185635348, 26.53056722269929 ], [ 89.963166396911788, 26.522482287827472 ], [ 90.016323335553579, 26.527284465206037 ], [ 90.039005228608517, 26.552012327606974 ], [ 90.060609495532049, 26.539214670021181 ], [ 90.080670901740859, 26.544103874793961 ], [ 90.0757569224441, 26.514855322815038 ], [ 90.08753113175635, 26.498853404161423 ], [ 90.079757106904935, 26.497998754139189 ], [ 90.082841151098307, 26.488294540460686 ], [ 90.051596620387897, 26.488858801192691 ], [ 90.048334616549482, 26.456784459735218 ], [ 90.030156968969038, 26.446166178726287 ], [ 90.038431092421035, 26.442377568769871 ], [ 90.035249657945542, 26.41808096006838 ], [ 90.021970045581327, 26.410899697263346 ], [ 90.015194417488431, 26.394281019953326 ], [ 90.001207366027188, 26.398854625640581 ], [ 89.992439423940311, 26.388166597710494 ], [ 89.99239270865661, 26.403670789275736 ], [ 89.983652576305417, 26.403220472646808 ], [ 89.971059683557598, 26.422221032274877 ], [ 89.967107169460292, 26.397554424497173 ], [ 89.960958156593733, 26.39590651307509 ], [ 89.959943402066415, 26.447698365387396 ], [ 89.941065800446381, 26.469489001516308 ], [ 89.933129558582323, 26.469322114324086 ], [ 89.93492047839743, 26.486325916408134 ], [ 89.918644401418135, 26.511891996418683 ], [ 89.875165994515044, 26.50000514522128 ], [ 89.860732999828201, 26.505054000341886 ] ] ] } },
{ "type": "Feature", "properties": { "pincode": "783369", "state": "Assam", "district": "Kokrajhar", "officename": "Salakati Project", "officetype": "S.O" }, "geometry": { "type": "Polygon", "coordinates": [ [ [ 90.343077266502803, 26.447791007249236 ], [ 90.34377280666979, 26.461148705048799 ], [ 90.383007623103367, 26.471086685801993 ], [ 90.39451085409263, 26.445420117344725 ], [ 90.404386163790434, 26.451283772628187 ], [ 90.417665875080161, 26.439617802119983 ], [ 90.406896494477792, 26.424187737174407 ], [ 90.41954564611467, 26.411523201734497 ], [ 90.400801362692903, 26.393403082886095 ], [ 90.381061825642803, 26.387533287031545 ], [ 90.35804324889699, 26.395033095101439 ], [ 90.357083596730718, 26.427700675246058 ], [ 90.345019635747633, 26.427980993927918 ], [ 90.353979093860289, 26.440857934845894 ], [ 90.343077266502803, 26.447791007249236 ] ] ] } },
{ "type": "Feature", "properties": { "pincode": "783371", "state": "Assam", "district": "Dhubri", "officename": "Chapar", "officetype": "S.O" }, "geometry": { "type": "Polygon", "coordinates": [ [ [ 90.377620404358311, 26.219086961893765 ], [ 90.38096227339031, 26.234268978530736 ], [ 90.393909598849007, 26.234986372223432 ], [ 90.401239437750007, 26.248201032851568 ], [ 90.3893238559113, 26.262189237243547 ], [ 90.401932295239419, 26.267004863084026 ], [ 90.394939387342959, 26.281662755731588 ], [ 90.402825059429119, 26.298469341886744 ], [ 90.38144139620357, 26.301265555361169 ], [ 90.383226327433249, 26.321973029132096 ], [ 90.410069344025146, 26.334144401543028 ], [ 90.401513849684591, 26.367597395603411 ], [ 90.440813107039276, 26.377987876539294 ], [ 90.460884000196529, 26.356067999738514 ], [ 90.458205999907079, 26.33876000017392 ], [ 90.465431000340573, 26.330129999699864 ], [ 90.477051000203687, 26.33108499967318 ], [ 90.470542999559882, 26.326175999922498 ], [ 90.483764999555206, 26.290154999853371 ], [ 90.467620999709425, 26.288950000042519 ], [ 90.473228000172128, 26.27785300001608 ], [ 90.45910600004197, 26.280204999661066 ], [ 90.459641000431873, 26.27249000001359 ], [ 90.475791999701073, 26.268681999774572 ], [ 90.448441000152172, 26.268711000212534 ], [ 90.452362000206222, 26.248767999643519 ], [ 90.434195999745725, 26.260642999574827 ], [ 90.446674235227931, 26.242404522750689 ], [ 90.430071251087497, 26.222429068346912 ], [ 90.384301875231415, 26.206207066702859 ], [ 90.377620404358311, 26.219086961893765 ] ] ] } },
{ "type": "Feature", "properties": { "pincode": "783373", "state": "Assam", "district": "Bongaigaon, Chirang", "officename": "Sidli", "officetype": "S.O" }, "geometry": { "type": "Polygon", "coordinates": [ [ [ 90.363415455259201, 26.611046747709338 ], [ 90.369547325248959, 26.631660778322328 ], [ 90.38628043949069, 26.625307748853629 ], [ 90.385790582369623, 26.613230039934422 ], [ 90.423610483736866, 26.619339355826696 ], [ 90.464090220887044, 26.609351442914829 ], [ 90.464172843402139, 26.597079723250772 ], [ 90.477543575975346, 26.594586262945711 ], [ 90.489961671094306, 26.574985986813942 ], [ 90.503908044420882, 26.574692625264504 ], [ 90.512293894248046, 26.594927310147341 ], [ 90.521622556436, 26.582311441519892 ], [ 90.554096503551023, 26.583322442276994 ], [ 90.564871708162968, 26.571338616284265 ], [ 90.552152242132308, 26.518234788904408 ], [ 90.485263672980182, 26.528458022919438 ], [ 90.464436409512928, 26.524393046801777 ], [ 90.457263833259276, 26.536410649532002 ], [ 90.413482835964203, 26.537613571908992 ], [ 90.412649760678107, 26.530335729110675 ], [ 90.425957933711743, 26.526788431540865 ], [ 90.420070368153119, 26.520332845184726 ], [ 90.394071846438578, 26.52908777767891 ], [ 90.38846527495258, 26.535404020379303 ], [ 90.396938344629064, 26.54206451096843 ], [ 90.369708829099238, 26.544337278542571 ], [ 90.358363794253819, 26.558392899712658 ], [ 90.358089303178929, 26.573283004507118 ], [ 90.371875192486243, 26.582675914262211 ], [ 90.363632021900287, 26.598628808172975 ], [ 90.371043034508489, 26.603987224331036 ], [ 90.363415455259201, 26.611046747709338 ] ] ] } },
{ "type": "Feature", "properties": { "pincode": "783374", "state": "Assam", "district": "Kokrajhar", "officename": "Titaguri", "officetype": "B.O" }, "geometry": { "type": "Polygon", "coordinates": [ [ [ 90.23752171375628, 26.46081765561047 ], [ 90.235852877808099, 26.47297358935981 ], [ 90.246712729309195, 26.467647224140194 ], [ 90.247758308998868, 26.47720523323494 ], [ 90.262363243269192, 26.473027796895337 ], [ 90.260889669922506, 26.479664591248024 ], [ 90.272989905060058, 26.47796552998534 ], [ 90.278949958673763, 26.465163285857045 ], [ 90.29321335920929, 26.464012586211936 ], [ 90.298839488251929, 26.455709853527139 ], [ 90.294076523113176, 26.439304936973372 ], [ 90.267089250768493, 26.442822995784752 ], [ 90.269227689306547, 26.45688719468842 ], [ 90.265196765118731, 26.452293356952964 ], [ 90.23752171375628, 26.46081765561047 ] ] ] } },
{ "type": "Feature", "properties": { "pincode": "783375", "state": "Assam", "district": "Chirang", "officename": "Runikhata", "officetype": "S.O" }, "geometry": { "type": "Polygon", "coordinates": [ [ [ 90.369547325248959, 26.631660778322328 ], [ 90.360647210700279, 26.650200170101755 ], [ 90.390087376731174, 26.715133745326057 ], [ 90.359234811037823, 26.783016200237512 ], [ 90.361871152931428, 26.796620229539997 ], [ 90.348602944870095, 26.815664515105425 ], [ 90.343554855971945, 26.864277436654447 ], [ 90.330142630478122, 26.875350582163776 ], [ 90.358139038386014, 26.900253296152869 ], [ 90.416694641444622, 26.903537750666715 ], [ 90.557518170327228, 26.8127744106107 ], [ 90.55497996605277, 26.797508248007318 ], [ 90.529722788775814, 26.755247969218374 ], [ 90.535190330469334, 26.72513019100569 ], [ 90.513788392120716, 26.717718339330133 ], [ 90.50152813881266, 26.70401730375562 ], [ 90.45019861357531, 26.705345778684773 ], [ 90.440578883109083, 26.672825222406175 ], [ 90.458365618778259, 26.664892888096404 ], [ 90.462281457623305, 26.648444672783626 ], [ 90.430722691199321, 26.645440289637804 ], [ 90.422512951111912, 26.632556937452875 ], [ 90.429915240296225, 26.62275268678718 ], [ 90.399719441399156, 26.6196980099553 ], [ 90.393256923967954, 26.612073503689317 ], [ 90.385790582369623, 26.613230039934422 ], [ 90.383608238929071, 26.627584039971509 ], [ 90.369547325248959, 26.631660778322328 ] ] ] } },
{ "type": "Feature", "properties": { "pincode": "783382", "state": "Assam", "district": "Bongaigaon", "officename": "Jogighopa", "officetype": "S.O" }, "geometry": { "type": "Polygon", "coordinates": [ [ [ 90.599714666498755, 26.233296957988273 ], [ 90.591462812059206, 26.269067191098031 ], [ 90.595876458931514, 26.274136234199887 ], [ 90.605153950594456, 26.266988471141133 ], [ 90.609116579366741, 26.27945091452807 ], [ 90.619727704470165, 26.273330901200325 ], [ 90.626124741363924, 26.278552366798522 ], [ 90.641158516452435, 26.261429104169906 ], [ 90.663210567513715, 26.278946253666732 ], [ 90.687999305023993, 26.274521975908499 ], [ 90.691481687729947, 26.256934721560185 ], [ 90.656021000369037, 26.241382999925634 ], [ 90.667977115551594, 26.203465130911184 ], [ 90.635064795703784, 26.21487812122848 ], [ 90.593570887686496, 26.213571150887958 ], [ 90.588058539070516, 26.221708904742229 ], [ 90.597538129980819, 26.2231932915372 ], [ 90.599714666498755, 26.233296957988273 ] ] ] } },
{ "type": "Feature", "properties": { "pincode": "783376", "state": "Assam", "district": "Kokrajhar", "officename": "Choraikhola", "officetype": "S.O" }, "geometry": { "type": "Polygon", "coordinates": [ [ [ 90.262936396497537, 26.276562143728086 ], [ 90.246882059059772, 26.302980815212493 ], [ 90.249466272650466, 26.31486726351352 ], [ 90.268721450134933, 26.317609606698227 ], [ 90.267999074198087, 26.292415585211074 ], [ 90.296161837798707, 26.301761378584899 ], [ 90.291142495729616, 26.311248011186876 ], [ 90.299994369744411, 26.342598792300635 ], [ 90.329587058995628, 26.365697727967927 ], [ 90.322059869267605, 26.387398327570907 ], [ 90.327108651543199, 26.393487117336576 ], [ 90.312770272729892, 26.399688988755884 ], [ 90.315081561864531, 26.408674978667477 ], [ 90.336737159392385, 26.410694711192036 ], [ 90.345456314157673, 26.423139938857332 ], [ 90.354266529776567, 26.423045836496215 ], [ 90.35804324889699, 26.395033095101439 ], [ 90.381061825642803, 26.387533287031545 ], [ 90.400801362692903, 26.393403082886095 ], [ 90.41954564611467, 26.411523201734497 ], [ 90.430160855039503, 26.408187759257771 ], [ 90.430098367445737, 26.395704494766733 ], [ 90.421277479572097, 26.394499018315059 ], [ 90.438288898014378, 26.393301560219015 ], [ 90.434463258472647, 26.382648235327792 ], [ 90.440813107039276, 26.377987876539294 ], [ 90.401513849684591, 26.367597395603411 ], [ 90.410069344025146, 26.334144401543028 ], [ 90.383226327433249, 26.321973029132096 ], [ 90.38284118916954, 26.279000221982756 ], [ 90.370517189217082, 26.27893694568354 ], [ 90.368542657517708, 26.271928540669705 ], [ 90.357940892558247, 26.283946808898293 ], [ 90.348270912472799, 26.261544531255026 ], [ 90.34569412368495, 26.268871212636441 ], [ 90.332939511249549, 26.263514566344213 ], [ 90.325906725615027, 26.272232308274511 ], [ 90.322532767873042, 26.256893184572846 ], [ 90.312838428750638, 26.253790876947448 ], [ 90.316634008452922, 26.242500410265905 ], [ 90.287054271237707, 26.23126676275109 ], [ 90.2897381090267, 26.258238913894786 ], [ 90.280712130760378, 26.263187814765899 ], [ 90.289155780015392, 26.277310492085576 ], [ 90.266827984224278, 26.281711847923589 ], [ 90.262936396497537, 26.276562143728086 ] ] ] } },
{ "type": "Feature", "properties": { "pincode": "783380", "state": "Assam", "district": "Bongaigaon, Chirang", "officename": "North Bongaigaon", "officetype": "S.O" }, "geometry": { "type": "Polygon", "coordinates": [ [ [ 90.505592989025331, 26.393043997982033 ], [ 90.517947583914008, 26.412936772314367 ], [ 90.553984501084017, 26.529825005919292 ], [ 90.599874782695167, 26.521040941686181 ], [ 90.605583295033171, 26.505604652532782 ], [ 90.629284226086327, 26.49550448174648 ], [ 90.642104663499538, 26.432056749319599 ], [ 90.625493616037716, 26.393663640764487 ], [ 90.608269106833916, 26.38992591714748 ], [ 90.595495429670393, 26.396501130423019 ], [ 90.59458249008992, 26.379154129059998 ], [ 90.574998049220767, 26.385427934551672 ], [ 90.549755443659024, 26.372787358849564 ], [ 90.509382629604829, 26.373124773689483 ], [ 90.505592989025331, 26.393043997982033 ] ] ] } },
{ "type": "Feature", "properties": { "pincode": "783381", "state": "Assam", "district": "Bongaigaon", "officename": "New Bongaigaon", "officetype": "S.O" }, "geometry": { "type": "Polygon", "coordinates": [ [ [ 90.406896494477792, 26.424187737174407 ], [ 90.418248609685634, 26.438104757528663 ], [ 90.407999179318836, 26.449737823641726 ], [ 90.436601645749533, 26.458068173607501 ], [ 90.461834343480234, 26.489560779606393 ], [ 90.481740282987801, 26.496816949642607 ], [ 90.48646836522289, 26.487516880499754 ], [ 90.51856759451897, 26.483261929794367 ], [ 90.521306145262486, 26.496481665296528 ], [ 90.541313435666609, 26.491328304457681 ], [ 90.517947583914008, 26.412936772314367 ], [ 90.505864290204897, 26.396223069039479 ], [ 90.509382629604829, 26.373124773689483 ], [ 90.481885512706356, 26.370050948492633 ], [ 90.468783993086788, 26.350020238843058 ], [ 90.434463258472647, 26.382648235327792 ], [ 90.438288898014378, 26.393301560219015 ], [ 90.421277479572097, 26.394499018315059 ], [ 90.43186249465839, 26.399256281752116 ], [ 90.430160855039503, 26.408187759257771 ], [ 90.420911812530221, 26.406828598561106 ], [ 90.406896494477792, 26.424187737174407 ] ] ] } },
{ "type": "Feature", "properties": { "pincode": "783384", "state": "Assam", "district": "Bongaigaon", "officename": "Abhayapuri", "officetype": "S.O" }, "geometry": { "type": "Polygon", "coordinates": [ [ [ 90.728193877945273, 26.406112010660763 ], [ 90.746381914493725, 26.425328043354739 ], [ 90.749787292749375, 26.419798563552888 ], [ 90.739792586358874, 26.406639033164993 ], [ 90.751953274823791, 26.408601367359324 ], [ 90.747242363344583, 26.391939322941539 ], [ 90.755916019608719, 26.388000405694243 ], [ 90.79558917729878, 26.41917283146114 ], [ 90.794287609185972, 26.403918746752879 ], [ 90.803095227562835, 26.402177653875697 ], [ 90.807053095324136, 26.389285685286325 ], [ 90.804056992236383, 26.372655338373249 ], [ 90.821533000447801, 26.36557800032449 ], [ 90.792961000350033, 26.327947999800529 ], [ 90.804855000258215, 26.320668999574707 ], [ 90.804709999866589, 26.306825999720161 ], [ 90.75372300031637, 26.308596000405032 ], [ 90.722037999654049, 26.281907999954399 ], [ 90.72292299999657, 26.267897000446226 ], [ 90.735824999624185, 26.265506999948116 ], [ 90.728888999927449, 26.256650999843828 ], [ 90.71941400005619, 26.263549999632914 ], [ 90.691481687729947, 26.256934721560185 ], [ 90.687999305023993, 26.274521975908499 ], [ 90.663210567513715, 26.278946253666732 ], [ 90.641158516452435, 26.261429104169906 ], [ 90.626124741363924, 26.278552366798522 ], [ 90.619727704470165, 26.273330901200325 ], [ 90.609116579366741, 26.27945091452807 ], [ 90.608269028592815, 26.294631669416106 ], [ 90.622276982996368, 26.315185864536033 ], [ 90.613133714249614, 26.321428082240232 ], [ 90.616770311800565, 26.335265984737475 ], [ 90.599143971117485, 26.352583330056632 ], [ 90.586255621399914, 26.34486436080158 ], [ 90.595495429670393, 26.396501130423019 ], [ 90.608269106833916, 26.38992591714748 ], [ 90.626864403169691, 26.395547258199485 ], [ 90.642104663499538, 26.432056749319599 ], [ 90.638349459759922, 26.453977136935407 ], [ 90.656910099821232, 26.443772034152119 ], [ 90.680278529030886, 26.4455573655801 ], [ 90.679788032491842, 26.43832796566312 ], [ 90.6619862691511, 26.430225586641541 ], [ 90.693142211244208, 26.425036938204244 ], [ 90.691985043674947, 26.412340220524925 ], [ 90.709113562840628, 26.420785957106261 ], [ 90.701475662072255, 26.38181912785052 ], [ 90.707490306332602, 26.387561543730214 ], [ 90.729278441447036, 26.383477006458804 ], [ 90.728193877945273, 26.406112010660763 ] ] ] } },
{ "type": "Feature", "properties": { "pincode": "786692", "state": "Assam", "district": "Dibrugarh", "officename": "Anandapara", "officetype": "S.O" }, "geometry": { "type": "Polygon", "coordinates": [ [ [ 95.313211539381086, 27.359972175075825 ], [ 95.312597558730431, 27.40138898331503 ], [ 95.33590125204131, 27.398434098854693 ], [ 95.333386342905385, 27.374388891134458 ], [ 95.341605629296453, 27.376005639248888 ], [ 95.344398090799359, 27.367900243901261 ], [ 95.313211539381086, 27.359972175075825 ] ] ] } },
{ "type": "Feature", "properties": { "pincode": "784001", "state": "Assam", "district": "Sonitpur", "officename": "Tezpur", "officetype": "H.O" }, "geometry": { "type": "Polygon", "coordinates": [ [ [ 92.621975575712327, 26.63295706561621 ], [ 92.68007458127704, 26.628094720894694 ], [ 92.699436182733734, 26.639417751128292 ], [ 92.707996961490721, 26.632581984471187 ], [ 92.702780193051467, 26.608849988136512 ], [ 92.714046681109494, 26.600521834315373 ], [ 92.745570900076984, 26.614753930349707 ], [ 92.818570349042488, 26.616798013817345 ], [ 92.852164999815045, 26.585193999803323 ], [ 92.79978199973948, 26.557597999747941 ], [ 92.773673999955179, 26.556208000399067 ], [ 92.76964241206781, 26.548778383515582 ], [ 92.758728201945132, 26.555523678375152 ], [ 92.717735417755421, 26.54710996755108 ], [ 92.728165000314618, 26.534545999698139 ], [ 92.712241999868638, 26.530591999920944 ], [ 92.687743999685836, 26.508592999867176 ], [ 92.663261694471771, 26.528928015815438 ], [ 92.6531519333152, 26.519140647223026 ], [ 92.622719748517625, 26.521098120581939 ], [ 92.613734976288299, 26.513278042347906 ], [ 92.594424459921015, 26.582730350225518 ], [ 92.615106904660138, 26.591082975499035 ], [ 92.621975575712327, 26.63295706561621 ] ] ] } },
{ "type": "Feature", "properties": { "pincode": "783388", "state": "Assam", "district": "Bongaigaon", "officename": "A.P.Mill", "officetype": "S.O" }, "geometry": { "type": "Polygon", "coordinates": [ [ [ 90.423202510787405, 26.199783666183293 ], [ 90.411433671326961, 26.21669026864123 ], [ 90.430071251087497, 26.222429068346912 ], [ 90.446674235227931, 26.242404522750689 ], [ 90.434195999745725, 26.260642999574827 ], [ 90.452362000206222, 26.248767999643519 ], [ 90.448441000152172, 26.268711000212534 ], [ 90.475791999701073, 26.268681999774572 ], [ 90.459641000431873, 26.27249000001359 ], [ 90.460425999760218, 26.284398999714085 ], [ 90.461494000447885, 26.277825999670313 ], [ 90.473228000172128, 26.27785300001608 ], [ 90.467620999709425, 26.288950000042519 ], [ 90.48175195618802, 26.28905701217144 ], [ 90.495742463743682, 26.277815969531446 ], [ 90.49779865208626, 26.284324517862331 ], [ 90.514072279312302, 26.281662420284533 ], [ 90.538841856766339, 26.322041252601821 ], [ 90.548068337084032, 26.318791929204281 ], [ 90.550989628268837, 26.327935734846335 ], [ 90.569872113207509, 26.335186696009373 ], [ 90.587304924282876, 26.30413593232754 ], [ 90.616739965077386, 26.30459902922189 ], [ 90.608269028592815, 26.294631669416106 ], [ 90.605153950594456, 26.266988471141133 ], [ 90.595876458931514, 26.274136234199887 ], [ 90.591462812059206, 26.269067191098031 ], [ 90.596218809250672, 26.222427557485787 ], [ 90.5664145302066, 26.216354396138627 ], [ 90.550602413470642, 26.222572204443622 ], [ 90.49899318558721, 26.193862286115802 ], [ 90.472132964964544, 26.167230497789319 ], [ 90.449228231597715, 26.19402192657077 ], [ 90.423202510787405, 26.199783666183293 ] ] ] } },
{ "type": "Feature", "properties": { "pincode": "783389", "state": "Assam", "district": "Bongaigaon", "officename": "Boitamari", "officetype": "S.O" }, "geometry": { "type": "Polygon", "coordinates": [ [ [ 90.456992999727333, 26.349543000109406 ], [ 90.46106495548338, 26.357659208905432 ], [ 90.471729204439271, 26.351850941068108 ], [ 90.484283241978233, 26.371053901216669 ], [ 90.557650834718345, 26.374482749079732 ], [ 90.555563119742374, 26.345527209712998 ], [ 90.569872113207509, 26.335186696009373 ], [ 90.550989628268837, 26.327935734846335 ], [ 90.548068337084032, 26.318791929204281 ], [ 90.538841856766339, 26.322041252601821 ], [ 90.515455269345239, 26.282476313930886 ], [ 90.49779865208626, 26.284324517862331 ], [ 90.495742463743682, 26.277815969531446 ], [ 90.48175195618802, 26.28905701217144 ], [ 90.482734999720606, 26.305074999911369 ], [ 90.470542999559882, 26.326175999922498 ], [ 90.477051000203687, 26.33108499967318 ], [ 90.465431000340573, 26.330129999699864 ], [ 90.456992999727333, 26.349543000109406 ] ] ] } },
{ "type": "Feature", "properties": { "pincode": "784010", "state": "Assam", "district": "Sonitpur", "officename": "Tezpur Medical College", "officetype": "S.O" }, "geometry": { "type": "Polygon", "coordinates": [ [ [ 92.637823885663977, 26.67331645818814 ], [ 92.62771496447408, 26.705938940929627 ], [ 92.634360114427921, 26.728302491067211 ], [ 92.646112595220188, 26.717737882497431 ], [ 92.64980829171941, 26.697932024943043 ], [ 92.675420728184122, 26.708589394085436 ], [ 92.680785465676934, 26.668884666594181 ], [ 92.673238076276391, 26.662699526162385 ], [ 92.637823885663977, 26.67331645818814 ] ] ] } },
{ "type": "Feature", "properties": { "pincode": "783390", "state": "Assam", "district": "Bongaigaon, Chirang", "officename": "Bijni", "officetype": "S.O" }, "geometry": { "type": "Polygon", "coordinates": [ [ [ 90.62312037620444, 26.521583902874909 ], [ 90.634932017998324, 26.528511910296515 ], [ 90.638920051719197, 26.550146536533475 ], [ 90.66593552230654, 26.558506068600423 ], [ 90.66026282546909, 26.581016361116269 ], [ 90.671162626653938, 26.587730105959736 ], [ 90.67362182188964, 26.613940767852341 ], [ 90.68134016971311, 26.621546898270822 ], [ 90.708915710191889, 26.772987365474648 ], [ 90.744407653490555, 26.782096862879939 ], [ 90.836059570492978, 26.784942627200508 ], [ 90.810682634096281, 26.68885173751778 ], [ 90.766593370787575, 26.6352123980339 ], [ 90.731379116553228, 26.636368910896635 ], [ 90.733251835104113, 26.595406305256915 ], [ 90.760386049476779, 26.59218189308001 ], [ 90.779745241649834, 26.568147299158682 ], [ 90.77295794575258, 26.555779611939613 ], [ 90.779068430763573, 26.530575170008206 ], [ 90.770170515057259, 26.531709242088027 ], [ 90.757553058227188, 26.516317070976129 ], [ 90.77483866377338, 26.498090966125119 ], [ 90.744654323138604, 26.470919690691289 ], [ 90.751596177421675, 26.466300078385927 ], [ 90.753276604731695, 26.427862840997477 ], [ 90.726514058577038, 26.405387979971522 ], [ 90.720892510680869, 26.415429266747253 ], [ 90.705088237831887, 26.408064426232386 ], [ 90.707122807371718, 26.423049254819432 ], [ 90.691985043674947, 26.412340220524925 ], [ 90.693142211244208, 26.425036938204244 ], [ 90.662891560897037, 26.429111947158731 ], [ 90.680834016876474, 26.444905705134317 ], [ 90.656910099821232, 26.443772034152119 ], [ 90.638349459759922, 26.453977136935407 ], [ 90.629658387224822, 26.494677580306188 ], [ 90.619993387584941, 26.498994501495019 ], [ 90.62312037620444, 26.521583902874909 ] ] ] } },
{ "type": "Feature", "properties": { "pincode": "784025", "state": "Assam", "district": "Sonitpur", "officename": "Panchmile", "officetype": "S.O" }, "geometry": { "type": "Polygon", "coordinates": [ [ [ 92.846775235089126, 26.702379913502398 ], [ 92.877768114806713, 26.699605704639737 ], [ 92.897856605897744, 26.684462029699034 ], [ 92.906620219547619, 26.672163311487736 ], [ 92.904127631585084, 26.632622195857778 ], [ 92.897488723825688, 26.629076820139289 ], [ 92.865983205360692, 26.665419255894108 ], [ 92.860579922925183, 26.666821146978407 ], [ 92.858291540422272, 26.655147400032547 ], [ 92.839288790045828, 26.654445518745774 ], [ 92.823714495427794, 26.690562080775578 ], [ 92.846775235089126, 26.702379913502398 ] ] ] } },
{ "type": "Feature", "properties": { "pincode": "783391", "state": "Assam", "district": "Bongaigaon, Chirang", "officename": "Patiladaha", "officetype": "S.O" }, "geometry": { "type": "Polygon", "coordinates": [ [ [ 90.735315192841938, 26.592999933500266 ], [ 90.731379116553228, 26.636368910896635 ], [ 90.766593370787575, 26.6352123980339 ], [ 90.810682634096281, 26.68885173751778 ], [ 90.836059570492978, 26.784942627200508 ], [ 90.961121062287248, 26.789400731158878 ], [ 90.916634000059105, 26.726212999930169 ], [ 90.918488000121215, 26.710325000198679 ], [ 90.9022899995839, 26.689299000048948 ], [ 90.897003000388281, 26.666003999585087 ], [ 90.90398400036139, 26.658326999891187 ], [ 90.902405000390615, 26.634987000050046 ], [ 90.876998999704085, 26.6163979998679 ], [ 90.87401706183806, 26.604768006738311 ], [ 90.897767505965703, 26.608360077955297 ], [ 90.903172488119992, 26.590614796535704 ], [ 90.885630148612563, 26.576207253562131 ], [ 90.884155901673637, 26.556910621827853 ], [ 90.831887693762155, 26.55156669104997 ], [ 90.834007000123108, 26.538610000051449 ], [ 90.8566209997594, 26.533885999839129 ], [ 90.853972999954181, 26.498860999835358 ], [ 90.838660999805484, 26.504095000184236 ], [ 90.825141999603659, 26.492418000390444 ], [ 90.812293999768258, 26.500277000383278 ], [ 90.807241977235492, 26.490863611266718 ], [ 90.787943055827384, 26.488202080261885 ], [ 90.759962593798775, 26.510330891157935 ], [ 90.75853794896733, 26.520245443672422 ], [ 90.780891828695076, 26.536638075486849 ], [ 90.77382113393827, 26.538662403547221 ], [ 90.778602145772481, 26.574931549051939 ], [ 90.750953138776424, 26.597275477781238 ], [ 90.735315192841938, 26.592999933500266 ] ] ] } },
{ "type": "Feature", "properties": { "pincode": "783392", "state": "Assam", "district": "Bongaigaon", "officename": "Manikpur (Bongaigaon)", "officetype": "S.O" }, "geometry": { "type": "Polygon", "coordinates": [ [ [ 90.748608728510135, 26.417439019495305 ], [ 90.755062170882638, 26.446362344246893 ], [ 90.745994991075975, 26.4760361532459 ], [ 90.762181383164375, 26.480987393253713 ], [ 90.77483866377338, 26.498090966125119 ], [ 90.787943055827384, 26.488202080261885 ], [ 90.807241977235492, 26.490863611266718 ], [ 90.807364999994775, 26.478593999613452 ], [ 90.820365999691319, 26.476331999622232 ], [ 90.828903000373145, 26.449669000324207 ], [ 90.818145999838066, 26.439006999673325 ], [ 90.799270999956775, 26.444557000205521 ], [ 90.789803000408313, 26.438712999605286 ], [ 90.802414000106126, 26.427923000246437 ], [ 90.835753999747396, 26.433516000063491 ], [ 90.847548999586763, 26.445436000271343 ], [ 90.860237000137602, 26.436487000374825 ], [ 90.847252000279695, 26.402249999837807 ], [ 90.863594000262992, 26.375381000033201 ], [ 90.861403999994707, 26.361616000178401 ], [ 90.842719999928136, 26.357910000146376 ], [ 90.804056992236383, 26.372655338373249 ], [ 90.807053095324136, 26.389285685286325 ], [ 90.803095227562835, 26.402177653875697 ], [ 90.794287609185972, 26.403918746752879 ], [ 90.79558917729878, 26.41917283146114 ], [ 90.749963584152226, 26.387740791204692 ], [ 90.752568898535969, 26.407461954205985 ], [ 90.739082643549295, 26.409469689774539 ], [ 90.748608728510135, 26.417439019495305 ] ] ] } },
{ "type": "Feature", "properties": { "pincode": "783393", "state": "Assam", "district": "Chirang", "officename": "Boro Bazar", "officetype": "S.O" }, "geometry": { "type": "Polygon", "coordinates": [ [ [ 90.537707208221263, 26.706274262147531 ], [ 90.529722788775814, 26.755247969218374 ], [ 90.552262873133202, 26.788332210662929 ], [ 90.557518170327228, 26.8127744106107 ], [ 90.605079651304891, 26.803812027003517 ], [ 90.649551391783291, 26.779220580965102 ], [ 90.670112609709236, 26.783754348484536 ], [ 90.708915710191889, 26.772987365474648 ], [ 90.68134016971311, 26.621546898270822 ], [ 90.67362182188964, 26.613940767852341 ], [ 90.671162626653938, 26.587730105959736 ], [ 90.66026282546909, 26.581016361116269 ], [ 90.66593552230654, 26.558506068600423 ], [ 90.646820381855264, 26.556314423471918 ], [ 90.632894102081252, 26.543245951239726 ], [ 90.634932017998324, 26.528511910296515 ], [ 90.624516826390504, 26.527328529288184 ], [ 90.619993387584941, 26.498994501495019 ], [ 90.605583295033171, 26.505604652532782 ], [ 90.599874782695167, 26.521040941686181 ], [ 90.553984501084017, 26.529825005919292 ], [ 90.564871708162968, 26.571338616284265 ], [ 90.554096503551023, 26.583322442276994 ], [ 90.56514549866597, 26.616221419782789 ], [ 90.544194919260235, 26.657498298907399 ], [ 90.553409966496815, 26.696514143013474 ], [ 90.537707208221263, 26.706274262147531 ] ] ] } },
{ "type": "Feature", "properties": { "pincode": "783394", "state": "Assam", "district": "Chirang", "officename": "Bengtal", "officetype": "S.O" }, "geometry": { "type": "Polygon", "coordinates": [ [ [ 90.430722691199321, 26.645440289637804 ], [ 90.462281457623305, 26.648444672783626 ], [ 90.458365618778259, 26.664892888096404 ], [ 90.440578883109083, 26.672825222406175 ], [ 90.45019861357531, 26.705345778684773 ], [ 90.50152813881266, 26.70401730375562 ], [ 90.513788392120716, 26.717718339330133 ], [ 90.535190330469334, 26.72513019100569 ], [ 90.537707208221263, 26.706274262147531 ], [ 90.553409966496815, 26.696514143013474 ], [ 90.542857010442731, 26.663213816964117 ], [ 90.563858882681529, 26.626318781986186 ], [ 90.558530789864108, 26.585739353188728 ], [ 90.523426259214602, 26.581950030070004 ], [ 90.512293894248046, 26.594927310147341 ], [ 90.503908044420882, 26.574692625264504 ], [ 90.485608104330652, 26.576401646518775 ], [ 90.477543575975346, 26.594586262945711 ], [ 90.464172843402139, 26.597079723250772 ], [ 90.464090220887044, 26.609351442914829 ], [ 90.423203216755155, 26.615607450823177 ], [ 90.430952635256006, 26.624574906606824 ], [ 90.422512951111912, 26.632556937452875 ], [ 90.430722691199321, 26.645440289637804 ] ] ] } },
{ "type": "Feature", "properties": { "pincode": "784026", "state": "Assam", "district": "Sonitpur", "officename": "Khalihamari", "officetype": "S.O" }, "geometry": { "type": "Polygon", "coordinates": [ [ [ 92.871053840262675, 26.727874621516605 ], [ 92.877768114806713, 26.699605704639737 ], [ 92.851102617192055, 26.699320158198873 ], [ 92.840169425079011, 26.71786920420044 ], [ 92.824212605627281, 26.726748400518375 ], [ 92.82176696317498, 26.743085760899191 ], [ 92.856836090213392, 26.74836088544663 ], [ 92.855822583045779, 26.734798872470037 ], [ 92.871053840262675, 26.727874621516605 ] ] ] } },
{ "type": "Feature", "properties": { "pincode": "784101", "state": "Assam", "district": "Sonitpur", "officename": "Balipara", "officetype": "S.O" }, "geometry": { "type": "Polygon", "coordinates": [ [ [ 92.75457818683401, 26.783119970310565 ], [ 92.816032896601087, 26.807110191682114 ], [ 92.817406753119258, 26.795737719420288 ], [ 92.801428286086718, 26.780158862541612 ], [ 92.769509735985594, 26.779576942721917 ], [ 92.758298632675917, 26.771719825010052 ], [ 92.743167530257381, 26.775547061747545 ], [ 92.743770994236115, 26.76700306703799 ], [ 92.728067489523141, 26.767593715677492 ], [ 92.714085510238192, 26.813295536260171 ], [ 92.719484619819525, 26.821675649311828 ], [ 92.708686504079083, 26.819596529156684 ], [ 92.689694998825189, 26.832590505147721 ], [ 92.700275610830886, 26.834050290988159 ], [ 92.698981432447226, 26.867398246032337 ], [ 92.749842318268406, 26.867000832022882 ], [ 92.781971359190948, 26.850703686625991 ], [ 92.793186508550718, 26.828500846237148 ], [ 92.772737221145974, 26.836760969043723 ], [ 92.776120085773528, 26.811453650066028 ], [ 92.745367084923089, 26.814478456815436 ], [ 92.741453278546146, 26.801219759984008 ], [ 92.749862874072392, 26.800896372769387 ], [ 92.75457818683401, 26.783119970310565 ] ] ] } },
{ "type": "Feature", "properties": { "pincode": "784113", "state": "Assam", "district": "Udalguri", "officename": "Kopati", "officetype": "S.O" }, "geometry": { "type": "Polygon", "coordinates": [ [ [ 92.212508992496169, 26.644552741515838 ], [ 92.218910147385373, 26.655924966464056 ], [ 92.244686182221699, 26.661315798685223 ], [ 92.260941337373026, 26.634832506415137 ], [ 92.234283609001466, 26.628131093075467 ], [ 92.244374302732012, 26.619470271036221 ], [ 92.242061546802972, 26.606332956600795 ], [ 92.252558233176046, 26.587601044252779 ], [ 92.249439249421982, 26.574795139883861 ], [ 92.240585743137615, 26.578476520974675 ], [ 92.229607598412031, 26.567000171620634 ], [ 92.222843354836982, 26.575900921090749 ], [ 92.229568044429925, 26.581555594615168 ], [ 92.227061222897134, 26.61518661936708 ], [ 92.212508992496169, 26.644552741515838 ] ] ] } },
{ "type": "Feature", "properties": { "pincode": "784103", "state": "Assam", "district": "Sonitpur", "officename": "Chariduar", "officetype": "S.O" }, "geometry": { "type": "Polygon", "coordinates": [ [ [ 92.768453877944239, 26.857600483975204 ], [ 92.749842318268406, 26.867000832022882 ], [ 92.698981432447226, 26.867398246032337 ], [ 92.701019235948991, 26.846220353086892 ], [ 92.628369856184008, 26.845350222135039 ], [ 92.630454075495436, 26.833718691164677 ], [ 92.618221516809626, 26.834819598046238 ], [ 92.610624879634486, 26.846252525433783 ], [ 92.599441910715768, 26.87677034097851 ], [ 92.589167794857985, 26.884189551806401 ], [ 92.595521535690466, 26.940923196748201 ], [ 92.606342280172271, 26.967880451521694 ], [ 92.648438000113742, 26.985740999947325 ], [ 92.642127999607624, 27.016856999551123 ], [ 92.660065000299653, 27.035902000077215 ], [ 92.716637000197466, 27.024336000006485 ], [ 92.772010999707959, 27.031223000141495 ], [ 92.82725500041812, 27.016589999828682 ], [ 92.78361264980407, 26.925887387393118 ], [ 92.77741121005937, 26.877747081163022 ], [ 92.795587129142802, 26.856585006393004 ], [ 92.768453877944239, 26.857600483975204 ] ] ] } },
{ "type": "Feature", "properties": { "pincode": "784104", "state": "Assam", "district": "Sonitpur", "officename": "Shalonibari", "officetype": "S.O" }, "geometry": { "type": "Polygon", "coordinates": [ [ [ 92.808053180609988, 26.701944809805298 ], [ 92.770403787105124, 26.686955449534423 ], [ 92.77245938908959, 26.728787251730466 ], [ 92.79732438461275, 26.727559806639874 ], [ 92.805914621562636, 26.718813560697413 ], [ 92.812083702800635, 26.725121770653232 ], [ 92.808053180609988, 26.701944809805298 ] ] ] } },
{ "type": "Feature", "properties": { "pincode": "784105", "state": "Assam", "district": "Sonitpur", "officename": "Ghoramari", "officetype": "S.O" }, "geometry": { "type": "Polygon", "coordinates": [ [ [ 92.871053840262675, 26.727874621516605 ], [ 92.855822583045779, 26.734798872470037 ], [ 92.856836090213392, 26.74836088544663 ], [ 92.844532266550914, 26.750125155651631 ], [ 92.82176696317498, 26.743085760899191 ], [ 92.824212605627281, 26.726748400518375 ], [ 92.805914621562636, 26.718813560697413 ], [ 92.79732438461275, 26.727559806639874 ], [ 92.78378100019313, 26.723364761574601 ], [ 92.764466349642362, 26.730728567869278 ], [ 92.758140657765239, 26.761102885789683 ], [ 92.772278908644751, 26.766281133567475 ], [ 92.775023772629083, 26.778960116616133 ], [ 92.803932004058879, 26.781441490932139 ], [ 92.817406753119258, 26.795737719420288 ], [ 92.816032896601087, 26.807110191682114 ], [ 92.831044432354759, 26.804153229787801 ], [ 92.836794078783726, 26.816129945740443 ], [ 92.855874305754583, 26.801498254840681 ], [ 92.877448479563782, 26.802733981787924 ], [ 92.876412123321018, 26.779426546398042 ], [ 92.884726598453767, 26.761896458355011 ], [ 92.871053840262675, 26.727874621516605 ] ] ] } },
{ "type": "Feature", "properties": { "pincode": "784110", "state": "Assam", "district": "Sonitpur", "officename": "Dhekiajuli", "officetype": "S.O" }, "geometry": { "type": "Polygon", "coordinates": [ [ [ 92.51090629478972, 26.724088839928129 ], [ 92.54818620452977, 26.721803522314929 ], [ 92.547098309939201, 26.689435686208071 ], [ 92.523317454337132, 26.666104138195522 ], [ 92.535243705732626, 26.635808122446974 ], [ 92.530144177411955, 26.625674138950387 ], [ 92.537933582468895, 26.619067558221275 ], [ 92.531367202334707, 26.608424176234905 ], [ 92.503832260850288, 26.613607342405089 ], [ 92.492204611353884, 26.606523200085746 ], [ 92.50732183093794, 26.601261051856056 ], [ 92.495055275180846, 26.592431409082337 ], [ 92.475668384788264, 26.596481093128034 ], [ 92.44676617881629, 26.584214840442655 ], [ 92.45068740460016, 26.597298975267677 ], [ 92.43839510844748, 26.613703189450803 ], [ 92.445547312358713, 26.611641538626145 ], [ 92.452091321857097, 26.621871981606716 ], [ 92.438699267257448, 26.622883615486501 ], [ 92.442522462441673, 26.634853375183184 ], [ 92.427395501401463, 26.633687289037312 ], [ 92.427430658598098, 26.643278386888142 ], [ 92.444075039431709, 26.641289216923951 ], [ 92.447567688797847, 26.653337201450768 ], [ 92.431373010356197, 26.651322332459642 ], [ 92.427704799836704, 26.678471918044693 ], [ 92.441468096375615, 26.677973013743724 ], [ 92.441349933552772, 26.700104362526474 ], [ 92.495001918403887, 26.71574199010081 ], [ 92.498272921758144, 26.696207227781429 ], [ 92.49182246603408, 26.695767727298801 ], [ 92.491925360167272, 26.68647907325078 ], [ 92.517431542631698, 26.680481567370578 ], [ 92.522468994348799, 26.705223141734791 ], [ 92.514932754742915, 26.705159532686423 ], [ 92.51090629478972, 26.724088839928129 ] ] ] } },
{ "type": "Feature", "properties": { "pincode": "784111", "state": "Assam", "district": "Sonitpur", "officename": "Darrang Panbari", "officetype": "S.O" }, "geometry": { "type": "Polygon", "coordinates": [ [ [ 92.421419480324914, 26.722546618631668 ], [ 92.413781820574741, 26.729716598542439 ], [ 92.405771097758077, 26.765084476767299 ], [ 92.413346200666751, 26.767274111910922 ], [ 92.396172345777302, 26.812269307282804 ], [ 92.402893000112044, 26.924784000181432 ], [ 92.415038999950127, 26.942690000343362 ], [ 92.428901999827588, 26.941963000092414 ], [ 92.449302999933536, 26.959126000164929 ], [ 92.508110000376291, 26.965199999680408 ], [ 92.521281492646835, 26.912722840586639 ], [ 92.519549706853525, 26.846626349326698 ], [ 92.536517855314912, 26.806595101383039 ], [ 92.551246413990896, 26.804781782153668 ], [ 92.551793523752281, 26.793806406440694 ], [ 92.543730553921989, 26.791828650671732 ], [ 92.550853751999057, 26.775605365695185 ], [ 92.552034205714108, 26.755213312044873 ], [ 92.544304257535487, 26.745677887624538 ], [ 92.550240868521428, 26.728565523880036 ], [ 92.529161410870586, 26.736491642975125 ], [ 92.524574142682695, 26.724536428013835 ], [ 92.493055341231013, 26.723701340944274 ], [ 92.495001918403887, 26.71574199010081 ], [ 92.479670822050934, 26.714439079300234 ], [ 92.46631099735481, 26.732042017824995 ], [ 92.421419480324914, 26.722546618631668 ] ] ] } },
{ "type": "Feature", "properties": { "pincode": "784112", "state": "Assam", "district": "Sonitpur", "officename": "Alisinga", "officetype": "S.O" }, "geometry": { "type": "Polygon", "coordinates": [ [ [ 92.333487013614729, 26.528170500668125 ], [ 92.379748430146037, 26.532503818296732 ], [ 92.364738339602923, 26.568564357059415 ], [ 92.370103277644318, 26.590584552335315 ], [ 92.361188821606959, 26.614412097140644 ], [ 92.379340273734613, 26.616830945192135 ], [ 92.38234407771705, 26.633918146805229 ], [ 92.409562438955334, 26.629646823941812 ], [ 92.410418111506829, 26.640089591461503 ], [ 92.380077240272556, 26.642157417930491 ], [ 92.383191784973121, 26.667262828317007 ], [ 92.408340483326754, 26.671603011369939 ], [ 92.404673267457497, 26.690222916754237 ], [ 92.414589855137933, 26.69638746181198 ], [ 92.413823192986001, 26.713324906519347 ], [ 92.421419480324914, 26.722546618631668 ], [ 92.467527162248928, 26.731406135984457 ], [ 92.479670822050934, 26.714439079300234 ], [ 92.474452756789447, 26.706044770449864 ], [ 92.441349933552772, 26.700104362526474 ], [ 92.441468096375615, 26.677973013743724 ], [ 92.427704799836704, 26.678471918044693 ], [ 92.427450255724864, 26.671041470187674 ], [ 92.431373010356197, 26.651322332459642 ], [ 92.447567688797847, 26.653337201450768 ], [ 92.447136650036384, 26.645733098104131 ], [ 92.427461606068277, 26.643395879716081 ], [ 92.427395501401463, 26.633687289037312 ], [ 92.442522462441673, 26.634853375183184 ], [ 92.438699267257448, 26.622883615486501 ], [ 92.452091321857097, 26.621871981606716 ], [ 92.445547312358713, 26.611641538626145 ], [ 92.43839510844748, 26.613703189450803 ], [ 92.45068740460016, 26.597298975267677 ], [ 92.44676617881629, 26.584214840442655 ], [ 92.479438082001991, 26.572234765522126 ], [ 92.479342050595164, 26.504266422657224 ], [ 92.4607828512477, 26.503273000049091 ], [ 92.453506000401717, 26.518474999621674 ], [ 92.444419999583317, 26.520170000445262 ], [ 92.394506387659703, 26.514290882218518 ], [ 92.385154314320118, 26.503632277407689 ], [ 92.357389750736445, 26.498920714819235 ], [ 92.333002501164685, 26.503906058917664 ], [ 92.333487013614729, 26.528170500668125 ] ] ] } },
{ "type": "Feature", "properties": { "pincode": "784115", "state": "Assam", "district": "Darrang", "officename": "Kharupetiaghat", "officetype": "S.O" }, "geometry": { "type": "Polygon", "coordinates": [ [ [ 92.10540040410541, 26.585795868384821 ], [ 92.111023561788045, 26.597418121948806 ], [ 92.092141247720519, 26.614786215111735 ], [ 92.102663116909412, 26.6191334803259 ], [ 92.107317693956588, 26.613368617367826 ], [ 92.110026636320185, 26.630547885276712 ], [ 92.125473699351858, 26.626629885361069 ], [ 92.125648374672835, 26.604671616501889 ], [ 92.134108697358613, 26.606209188303524 ], [ 92.130162355308528, 26.58003510993251 ], [ 92.151585006842822, 26.589448416311484 ], [ 92.159799676114233, 26.578074131915741 ], [ 92.170243479652981, 26.590308624143745 ], [ 92.191970968985174, 26.580447663129235 ], [ 92.198502346606119, 26.500646029990321 ], [ 92.162774036292831, 26.490316474525684 ], [ 92.160813367642788, 26.476793921102683 ], [ 92.140382974095019, 26.462057724484509 ], [ 92.131715756077426, 26.472387644174489 ], [ 92.122857819732644, 26.467052871193232 ], [ 92.119887445349377, 26.472615027861309 ], [ 92.13069746091918, 26.489896104421803 ], [ 92.121066292875298, 26.510247814485126 ], [ 92.12964050210752, 26.524417866291742 ], [ 92.116789137009164, 26.519121899955849 ], [ 92.106172136634882, 26.533570758683652 ], [ 92.112060113183873, 26.547637421729746 ], [ 92.10540040410541, 26.585795868384821 ] ] ] } },
{ "type": "Feature", "properties": { "pincode": "784114", "state": "Assam", "district": "Darrang, Udalguri", "officename": "Orang", "officetype": "S.O" }, "geometry": { "type": "Polygon", "coordinates": [ [ [ 92.239647307777034, 26.563299170920061 ], [ 92.252558233176046, 26.587601044252779 ], [ 92.242061546802972, 26.606332956600795 ], [ 92.244374302732012, 26.619470271036221 ], [ 92.234283609001466, 26.628131093075467 ], [ 92.260941337373026, 26.634832506415137 ], [ 92.242369964802208, 26.667046666370709 ], [ 92.251088083548439, 26.668824576593124 ], [ 92.242358867167923, 26.696259464003163 ], [ 92.254155815838317, 26.696694112643286 ], [ 92.256169066949042, 26.706244051222029 ], [ 92.231814780228035, 26.729642717437457 ], [ 92.248564859281032, 26.741107851346385 ], [ 92.261870884733696, 26.734875179945732 ], [ 92.25569057456039, 26.748507397598416 ], [ 92.273371844934786, 26.751022893991433 ], [ 92.276236779204169, 26.737302002285617 ], [ 92.286440454763238, 26.744887040904302 ], [ 92.295131857349475, 26.735371106591231 ], [ 92.309869633177129, 26.737730102961962 ], [ 92.310663723751929, 26.729950914203528 ], [ 92.337544689036179, 26.732825982033546 ], [ 92.333237000287397, 26.652001999592528 ], [ 92.34537499975653, 26.636954999973284 ], [ 92.332915999873592, 26.640811999774087 ], [ 92.33545700014048, 26.627911000192739 ], [ 92.325088999557806, 26.613953000430683 ], [ 92.342751000158671, 26.597193000057018 ], [ 92.328078999846014, 26.591661000354975 ], [ 92.343826000269814, 26.581483999587135 ], [ 92.317512561155809, 26.573280471116959 ], [ 92.282768625371773, 26.59487441382322 ], [ 92.266075165836355, 26.554455512212144 ], [ 92.248349551690467, 26.541659073207711 ], [ 92.251649706568685, 26.562983134763897 ], [ 92.239647307777034, 26.563299170920061 ] ] ] } },
{ "type": "Feature", "properties": { "pincode": "784116", "state": "Assam", "district": "Darrang", "officename": "Dalgaon", "officetype": "S.O" }, "geometry": { "type": "Polygon", "coordinates": [ [ [ 92.130162355308528, 26.58003510993251 ], [ 92.134108697358613, 26.606209188303524 ], [ 92.145978906601385, 26.612010070908184 ], [ 92.188067004788422, 26.611507148436317 ], [ 92.183287384205585, 26.622813466568346 ], [ 92.2020497197189, 26.630641676472294 ], [ 92.196241968092409, 26.644501816505681 ], [ 92.212508992496169, 26.644552741515838 ], [ 92.227061222897134, 26.61518661936708 ], [ 92.224992280369634, 26.569266458680204 ], [ 92.240585743137615, 26.578476520974675 ], [ 92.239647307777034, 26.563299170920061 ], [ 92.251649706568685, 26.562983134763897 ], [ 92.245401301528943, 26.542984717071022 ], [ 92.263690282480638, 26.551084217362813 ], [ 92.284678349226567, 26.59487222667201 ], [ 92.317512561155809, 26.573280471116959 ], [ 92.36381500026215, 26.585637999594042 ], [ 92.358162000376126, 26.571730000339414 ], [ 92.36976600040083, 26.56629399966846 ], [ 92.381290368156044, 26.535734306293307 ], [ 92.333487013614729, 26.528170500668125 ], [ 92.329764493037089, 26.508986473946777 ], [ 92.34645099991377, 26.502144000145734 ], [ 92.317641999678642, 26.487127000111116 ], [ 92.282181000253047, 26.453878000169595 ], [ 92.249809000285325, 26.447639000239747 ], [ 92.229598999993868, 26.421649999647798 ], [ 92.213599999640394, 26.414885999789078 ], [ 92.173000128353408, 26.428901506699333 ], [ 92.154995674011275, 26.456232331756894 ], [ 92.162774036292831, 26.490316474525684 ], [ 92.198502346606119, 26.500646029990321 ], [ 92.191970968985174, 26.580447663129235 ], [ 92.170243479652981, 26.590308624143745 ], [ 92.159799676114233, 26.578074131915741 ], [ 92.151585006842822, 26.589448416311484 ], [ 92.130162355308528, 26.58003510993251 ] ] ] } },
{ "type": "Feature", "properties": { "pincode": "784146", "state": "Assam", "district": "Darrang", "officename": "Dhula", "officetype": "S.O" }, "geometry": { "type": "Polygon", "coordinates": [ [ [ 92.051640011377515, 26.460511363608589 ], [ 92.064589116594561, 26.494653631360222 ], [ 92.074611613835089, 26.48790993729375 ], [ 92.068994955552796, 26.514195687181427 ], [ 92.081214473169382, 26.515870783310106 ], [ 92.079522670335223, 26.551997374579173 ], [ 92.094716530143899, 26.548712916467991 ], [ 92.10686729908673, 26.557258951739243 ], [ 92.107590800974833, 26.530700132605091 ], [ 92.116789137009164, 26.519121899955849 ], [ 92.12964050210752, 26.524417866291742 ], [ 92.121066292875298, 26.510247814485126 ], [ 92.13069746091918, 26.489896104421803 ], [ 92.121503641280242, 26.468450187426299 ], [ 92.131715756077426, 26.472387644174489 ], [ 92.140382974095019, 26.462057724484509 ], [ 92.155109141473872, 26.473706709497208 ], [ 92.155896900821404, 26.460835211275992 ], [ 92.106658103288964, 26.440837200076828 ], [ 92.099281944806023, 26.439381543023785 ], [ 92.100088187919539, 26.448410324476924 ], [ 92.086094438307668, 26.440585444762633 ], [ 92.093536336332932, 26.464643169246983 ], [ 92.058414120515295, 26.452026731348667 ], [ 92.051640011377515, 26.460511363608589 ] ] ] } },
{ "type": "Feature", "properties": { "pincode": "784117", "state": "Assam", "district": "Sonitpur, Udalguri", "officename": "Sirajuli", "officetype": "S.O" }, "geometry": { "type": "Polygon", "coordinates": [ [ [ 92.366537750816747, 26.572575536631746 ], [ 92.358162000376126, 26.571730000339414 ], [ 92.36381500026215, 26.585637999594042 ], [ 92.343826000269814, 26.581483999587135 ], [ 92.328078999846014, 26.591661000354975 ], [ 92.342751000158671, 26.597193000057018 ], [ 92.325088999557806, 26.613953000430683 ], [ 92.33545700014048, 26.627911000192739 ], [ 92.332915999873592, 26.640811999774087 ], [ 92.34537499975653, 26.636954999973284 ], [ 92.333237000287397, 26.652001999592528 ], [ 92.341124999818987, 26.713143999795761 ], [ 92.330917000319403, 26.740850000427315 ], [ 92.339928000377029, 26.766642000028412 ], [ 92.333099000218738, 26.771434999825487 ], [ 92.343520999694476, 26.770240999622615 ], [ 92.332710000266331, 26.805534000293903 ], [ 92.341034000119123, 26.824336999552997 ], [ 92.33504500002681, 26.835322999856601 ], [ 92.34865599997454, 26.861444000240624 ], [ 92.344803000358297, 26.88520599975709 ], [ 92.367615000132275, 26.931247999695586 ], [ 92.402893000112044, 26.924784000181432 ], [ 92.396172345777302, 26.812269307282804 ], [ 92.421564963652315, 26.718276225667466 ], [ 92.413823192986001, 26.713324906519347 ], [ 92.414589855137933, 26.69638746181198 ], [ 92.404673267457497, 26.690222916754237 ], [ 92.408340483326754, 26.671603011369939 ], [ 92.386243467062513, 26.670212323140333 ], [ 92.380859827619133, 26.659469959970806 ], [ 92.380077240272556, 26.642157417930491 ], [ 92.410418111506829, 26.640089591461503 ], [ 92.409562438955334, 26.629646823941812 ], [ 92.38234407771705, 26.633918146805229 ], [ 92.379340273734613, 26.616830945192135 ], [ 92.361188821606959, 26.614412097140644 ], [ 92.370103277644318, 26.590584552335315 ], [ 92.366537750816747, 26.572575536631746 ] ] ] } },
{ "type": "Feature", "properties": { "pincode": "784118", "state": "Assam", "district": "Sonitpur", "officename": "Borsola", "officetype": "B.O" }, "geometry": { "type": "Polygon", "coordinates": [ [ [ 92.491925360167272, 26.68647907325078 ], [ 92.498560661645342, 26.699656236646035 ], [ 92.493055341231013, 26.723701340944274 ], [ 92.51090629478972, 26.724088839928129 ], [ 92.514932754742915, 26.705159532686423 ], [ 92.522468994348799, 26.705223141734791 ], [ 92.517431542631698, 26.680481567370578 ], [ 92.491925360167272, 26.68647907325078 ] ] ] } },
{ "type": "Feature", "properties": { "pincode": "784125", "state": "Assam", "district": "Darrang", "officename": "Mangaldoi", "officetype": "H.O" }, "geometry": { "type": "Polygon", "coordinates": [ [ [ 91.952334959990537, 26.37352883818545 ], [ 91.972560934039905, 26.37458632939564 ], [ 91.971269690144084, 26.364936294474603 ], [ 91.981981397223819, 26.372827134964439 ], [ 91.997779843365151, 26.367780678335691 ], [ 92.024105386454437, 26.375913006580106 ], [ 92.044887089367819, 26.407060691997458 ], [ 92.058929868218854, 26.412721328026919 ], [ 92.047276479226241, 26.431179193565129 ], [ 92.027170790399737, 26.426130337545089 ], [ 92.029756660541523, 26.457845503267379 ], [ 92.016030525788267, 26.480779633673194 ], [ 92.01609099440401, 26.502556804253231 ], [ 92.023251439702221, 26.503284218192277 ], [ 92.026164297044716, 26.518216147757073 ], [ 92.017445073931071, 26.527974900821221 ], [ 92.035847458493606, 26.526741516607785 ], [ 92.032814723320882, 26.504416872940396 ], [ 92.05127147819627, 26.509068019973256 ], [ 92.057044749815475, 26.497404818477833 ], [ 92.044350117663726, 26.493480775117689 ], [ 92.043164384928446, 26.484708874215187 ], [ 92.057296679598267, 26.475213901300606 ], [ 92.051640011377515, 26.460511363608589 ], [ 92.058414120515295, 26.452026731348667 ], [ 92.091753076043631, 26.466146661239577 ], [ 92.08402847343541, 26.445201936420347 ], [ 92.100088187919539, 26.448410324476924 ], [ 92.099281944806023, 26.439381543023785 ], [ 92.152927477920969, 26.457888085266973 ], [ 92.181464999809975, 26.422987000150101 ], [ 92.140860127393069, 26.379307088451469 ], [ 92.097995899891032, 26.313922572468812 ], [ 92.066634904277635, 26.30550043409778 ], [ 92.056121890712689, 26.289805470246336 ], [ 92.032220545741779, 26.291023574078736 ], [ 91.994862811369671, 26.271041055500405 ], [ 91.979087103686879, 26.273150954952712 ], [ 91.951087999611673, 26.251325999795142 ], [ 91.924237020422254, 26.305223987896909 ], [ 91.9304633803809, 26.351523657091263 ], [ 91.953685534859687, 26.349795235661645 ], [ 91.961112539212365, 26.359065460802412 ], [ 91.952334959990537, 26.37352883818545 ] ] ] } },
{ "type": "Feature", "properties": { "pincode": "784163", "state": "Assam", "district": "Lakhimpur", "officename": "Pathalipahar", "officetype": "S.O" }, "geometry": { "type": "Polygon", "coordinates": [ [ [ 93.834661127709126, 27.041947966825262 ], [ 93.828963999888742, 27.065660000009018 ], [ 93.839031025261534, 27.084220042920833 ], [ 93.864517691538367, 27.086172499861107 ], [ 93.872096438499909, 27.076188047540541 ], [ 93.877239524584581, 27.085704528641145 ], [ 93.887034318878818, 27.083677596144241 ], [ 93.868014434618544, 27.017567435189221 ], [ 93.855455939140313, 27.015365738338289 ], [ 93.856616638347305, 27.033470224271639 ], [ 93.829241653879421, 27.028444612129192 ], [ 93.824209239264974, 27.039675896225731 ], [ 93.834661127709126, 27.041947966825262 ] ] ] } },
{ "type": "Feature", "properties": { "pincode": "784144", "state": "Assam", "district": "Darrang", "officename": "Pathorighat", "officetype": "S.O" }, "geometry": { "type": "Polygon", "coordinates": [ [ [ 91.821297850915244, 26.506701433324679 ], [ 91.838434641145966, 26.526753849010959 ], [ 91.848261949529387, 26.526674108823215 ], [ 91.856928815013021, 26.507751688589622 ], [ 91.882668825705821, 26.509311051863676 ], [ 91.886339227873123, 26.49376547799443 ], [ 91.913599615329986, 26.490182568171065 ], [ 91.911802266261645, 26.46117541941021 ], [ 91.919588874427177, 26.460695801969678 ], [ 91.932757084172238, 26.440105386654352 ], [ 91.947353161919011, 26.442181369074945 ], [ 91.951885924895521, 26.426485076025642 ], [ 91.932777469105076, 26.419638696468667 ], [ 91.880365277935368, 26.435909300174103 ], [ 91.876486213268208, 26.431386882099048 ], [ 91.875911857646088, 26.449330310245728 ], [ 91.85811446860788, 26.449741100771234 ], [ 91.85775789730917, 26.461891624199211 ], [ 91.836876935322437, 26.467245209199234 ], [ 91.842723619499623, 26.48376196724098 ], [ 91.821297850915244, 26.506701433324679 ] ] ] } },
{ "type": "Feature", "properties": { "pincode": "784145", "state": "Assam", "district": "Darrang", "officename": "Sipajhal", "officetype": "S.O" }, "geometry": { "type": "Polygon", "coordinates": [ [ [ 91.749283004007566, 26.220117879036934 ], [ 91.786948999896424, 26.24401299980002 ], [ 91.793198000287532, 26.268084000076612 ], [ 91.786705000335417, 26.304646999959118 ], [ 91.797179999557443, 26.318420000182982 ], [ 91.811225999780049, 26.316450000167436 ], [ 91.822013999946307, 26.324805999697219 ], [ 91.82281500001227, 26.370878000119774 ], [ 91.806396000075324, 26.384503999859874 ], [ 91.814364863947389, 26.392683207064408 ], [ 91.827435258930109, 26.39017266503663 ], [ 91.826674999951479, 26.421455242465527 ], [ 91.842129548040191, 26.419525578842467 ], [ 91.846607657417564, 26.433923417232108 ], [ 91.857424873858918, 26.423251443998993 ], [ 91.860190406961692, 26.441661961130592 ], [ 91.873321006159699, 26.444429754229816 ], [ 91.876486213268208, 26.431386882099048 ], [ 91.905577578142925, 26.430088940951975 ], [ 91.922299947284785, 26.420440805398869 ], [ 91.953148164756101, 26.42653160964619 ], [ 91.943782661840487, 26.398377502020139 ], [ 91.961112539212365, 26.359065460802412 ], [ 91.953685534859687, 26.349795235661645 ], [ 91.9304633803809, 26.351523657091263 ], [ 91.924237020422254, 26.305223987896909 ], [ 91.951087999611673, 26.251325999795142 ], [ 91.916945999858228, 26.240496000390294 ], [ 91.892456000044376, 26.218932999758294 ], [ 91.877876000377228, 26.215577999724985 ], [ 91.871822666382968, 26.222053642761523 ], [ 91.770101044028138, 26.198482347182676 ], [ 91.755317999925865, 26.204692999582278 ], [ 91.749283004007566, 26.220117879036934 ] ] ] } },
{ "type": "Feature", "properties": { "pincode": "785626", "state": "Assam", "district": "Golaghat", "officename": "Maheema", "officetype": "S.O" }, "geometry": { "type": "Polygon", "coordinates": [ [ [ 94.008278909843909, 26.585781673485485 ], [ 94.008902019512675, 26.621832879084081 ], [ 94.027880885694401, 26.625030593986935 ], [ 94.026244473903432, 26.654005748466545 ], [ 94.055429236070381, 26.675985217044172 ], [ 94.06179397111481, 26.667034808809376 ], [ 94.089120084624426, 26.660648649215887 ], [ 94.101730431414467, 26.645211845650124 ], [ 94.078515629792491, 26.593984093990798 ], [ 94.083179004907322, 26.575698757991347 ], [ 94.070171194645013, 26.578057822710377 ], [ 94.054421579892164, 26.597970746352985 ], [ 94.008278909843909, 26.585781673485485 ] ] ] } },
{ "type": "Feature", "properties": { "pincode": "784149", "state": "Assam", "district": "Sonitpur", "officename": "Thelamara", "officetype": "S.O" }, "geometry": { "type": "Polygon", "coordinates": [ [ [ 92.523134854190175, 26.660644958398279 ], [ 92.548764435330611, 26.693714893427739 ], [ 92.54818620452977, 26.721803522314929 ], [ 92.524574142682695, 26.724536428013835 ], [ 92.529161410870586, 26.736491642975125 ], [ 92.550240868521428, 26.728565523880036 ], [ 92.544304257535487, 26.745677887624538 ], [ 92.552034205714108, 26.755213312044873 ], [ 92.550853751999057, 26.775605365695185 ], [ 92.543730553921989, 26.791828650671732 ], [ 92.551793523752281, 26.793806406440694 ], [ 92.551246413990896, 26.804781782153668 ], [ 92.578788782976062, 26.800830084640779 ], [ 92.596612583304136, 26.813271644870667 ], [ 92.625366778853902, 26.793810847292832 ], [ 92.625345544061645, 26.742345515433158 ], [ 92.634360114427921, 26.728302491067211 ], [ 92.62771496447408, 26.705938940929627 ], [ 92.639625872536044, 26.684090464903193 ], [ 92.63813666267697, 26.653404664993275 ], [ 92.654049234584591, 26.62832197148191 ], [ 92.621975575712327, 26.63295706561621 ], [ 92.615106904660138, 26.591082975499035 ], [ 92.594424459921015, 26.582730350225518 ], [ 92.611914567703195, 26.51074482031737 ], [ 92.585334877103037, 26.509412826340906 ], [ 92.580970999612077, 26.50000200029217 ], [ 92.546162497001831, 26.517275301314214 ], [ 92.509069733481567, 26.519334946650417 ], [ 92.479342050595164, 26.504266422657224 ], [ 92.479438082001991, 26.572234765522126 ], [ 92.44676617881629, 26.584214840442655 ], [ 92.475668384788264, 26.596481093128034 ], [ 92.485864488055711, 26.589680582592905 ], [ 92.504902860578625, 26.596320518277366 ], [ 92.50732183093794, 26.601261051856056 ], [ 92.492204611353884, 26.606523200085746 ], [ 92.503832260850288, 26.613607342405089 ], [ 92.531367202334707, 26.608424176234905 ], [ 92.537933582468895, 26.619067558221275 ], [ 92.530144177411955, 26.625674138950387 ], [ 92.535243705732626, 26.635808122446974 ], [ 92.523134854190175, 26.660644958398279 ] ] ] } },
{ "type": "Feature", "properties": { "pincode": "784147", "state": "Assam", "district": "Darrang", "officename": "Deomornoi", "officetype": "S.O" }, "geometry": { "type": "Polygon", "coordinates": [ [ [ 91.839886771057763, 26.542642201276635 ], [ 91.851506416587995, 26.551907937001829 ], [ 91.874038261356816, 26.526616168201826 ], [ 91.890409083712314, 26.533866493543883 ], [ 91.897848465434492, 26.5267867534061 ], [ 91.918950332392114, 26.528730197340792 ], [ 91.923981831496405, 26.520580978029841 ], [ 91.939564380092065, 26.524490157394951 ], [ 91.938537506300918, 26.508032063029361 ], [ 91.959973861704384, 26.498139358644664 ], [ 91.962541434239938, 26.485445021470696 ], [ 91.949925872281312, 26.491106357172782 ], [ 91.937571254010265, 26.462555253722087 ], [ 91.922106769311995, 26.456548038761071 ], [ 91.911802266261645, 26.46117541941021 ], [ 91.913599615329986, 26.490182568171065 ], [ 91.886339227873123, 26.49376547799443 ], [ 91.882668825705821, 26.509311051863676 ], [ 91.856928815013021, 26.507751688589622 ], [ 91.848261949529387, 26.526674108823215 ], [ 91.833317719037723, 26.526981970141833 ], [ 91.82931177711697, 26.548603024709905 ], [ 91.839886771057763, 26.542642201276635 ] ] ] } },
{ "type": "Feature", "properties": { "pincode": "784150", "state": "Assam", "district": "Sonitpur", "officename": "Besseria", "officetype": "S.O" }, "geometry": { "type": "Polygon", "coordinates": [ [ [ 92.748126789519858, 26.642927413869131 ], [ 92.813480907517942, 26.644229124974288 ], [ 92.820924731891012, 26.617377009941094 ], [ 92.745570900076984, 26.614753930349707 ], [ 92.714046681109494, 26.600521834315373 ], [ 92.702780193051467, 26.608849988136512 ], [ 92.707160703503803, 26.635816788314287 ], [ 92.699436182733734, 26.639417751128292 ], [ 92.689668172048641, 26.631927126935523 ], [ 92.692743497314723, 26.651570398754984 ], [ 92.713635574922023, 26.656435480113373 ], [ 92.720155654359985, 26.67075263312762 ], [ 92.748126789519858, 26.642927413869131 ] ] ] } },
{ "type": "Feature", "properties": { "pincode": "784148", "state": "Assam", "district": "Darrang", "officename": "Duni (Darrang)", "officetype": "S.O" }, "geometry": { "type": "Polygon", "coordinates": [ [ [ 91.783157000395363, 26.4111690001493 ], [ 91.76685300036587, 26.466159999984086 ], [ 91.777389999748721, 26.46618300014552 ], [ 91.780914000380847, 26.47902699979619 ], [ 91.796506666349728, 26.473010867157939 ], [ 91.81192211011728, 26.484293167095927 ], [ 91.808567718925246, 26.492270738204184 ], [ 91.783051755434201, 26.493586921199494 ], [ 91.78938299972566, 26.498520000297788 ], [ 91.783588868331833, 26.510229355900037 ], [ 91.804586805136978, 26.513418359969421 ], [ 91.842723619499623, 26.48376196724098 ], [ 91.839177543209075, 26.463801231141986 ], [ 91.85775789730917, 26.461891624199211 ], [ 91.85811446860788, 26.449741100771234 ], [ 91.875911857646088, 26.449330310245728 ], [ 91.860190406961692, 26.441661961130592 ], [ 91.857424873858918, 26.423251443998993 ], [ 91.846607657417564, 26.433923417232108 ], [ 91.842129548040191, 26.419525578842467 ], [ 91.826674999951479, 26.421455242465527 ], [ 91.827435258930109, 26.39017266503663 ], [ 91.814364863947389, 26.392683207064408 ], [ 91.806682488106503, 26.385887765108407 ], [ 91.797065999696315, 26.407246000002885 ], [ 91.783157000395363, 26.4111690001493 ] ] ] } },
{ "type": "Feature", "properties": { "pincode": "784151", "state": "Assam", "district": "Sivasagar", "officename": "Bandarmari", "officetype": "S.O" }, "geometry": { "type": "Polygon", "coordinates": [ [ [ 94.727363775917695, 27.171618469716634 ], [ 94.735915761103684, 27.183868727060087 ], [ 94.763225789338776, 27.181379440508806 ], [ 94.781226999826345, 27.171586999740327 ], [ 94.772719999628407, 27.163085999819089 ], [ 94.727363775917695, 27.171618469716634 ] ] ] } },
{ "type": "Feature", "properties": { "pincode": "784160", "state": "Assam", "district": "Lakhimpur", "officename": "Laluk", "officetype": "S.O" }, "geometry": { "type": "Polygon", "coordinates": [ [ [ 93.799804999701223, 27.132946000257675 ], [ 93.872269350250292, 27.199614802980932 ], [ 93.919163343613548, 27.168340373409535 ], [ 93.957574159819842, 27.174005153515111 ], [ 93.949495788200181, 27.165035813651969 ], [ 93.959720609518683, 27.159707359307333 ], [ 93.959908385263873, 27.149914742271676 ], [ 93.971754157228645, 27.159497326240682 ], [ 93.978238251194398, 27.155661246469492 ], [ 93.981527607013561, 27.125074632788198 ], [ 93.955505105776183, 27.12163477182736 ], [ 93.979446061386682, 27.11432476297756 ], [ 93.990317360357949, 27.102440038676832 ], [ 93.982622198855438, 27.084348967031303 ], [ 93.951338036821028, 27.069359997965535 ], [ 93.944044960406586, 27.096413583620119 ], [ 93.927150239791729, 27.078601752369082 ], [ 93.895075441478582, 27.090675406245225 ], [ 93.889163503393036, 27.083834376755135 ], [ 93.877239524584581, 27.085704528641145 ], [ 93.872096438499909, 27.076188047540541 ], [ 93.864517691538367, 27.086172499861107 ], [ 93.834900000234938, 27.084435999821721 ], [ 93.827431000240665, 27.116213000229777 ], [ 93.799804999701223, 27.132946000257675 ] ] ] } },
{ "type": "Feature", "properties": { "pincode": "784166", "state": "Assam", "district": "Biswanath", "officename": "Behali", "officetype": "S.O" }, "geometry": { "type": "Polygon", "coordinates": [ [ [ 93.301288913552639, 26.842713799302487 ], [ 93.380209089677862, 26.853494318907678 ], [ 93.402260651507959, 26.846810255289142 ], [ 93.407091162926918, 26.858931423946217 ], [ 93.437573969663106, 26.851790126113485 ], [ 93.425270215248361, 26.825831651209853 ], [ 93.433287504015084, 26.809653402482695 ], [ 93.431255654924655, 26.763482576459808 ], [ 93.440665511504278, 26.745397352206169 ], [ 93.405173999880276, 26.752935000150217 ], [ 93.359375000356067, 26.737481999794625 ], [ 93.338842280147162, 26.772178167188713 ], [ 93.341173656539183, 26.795208638368081 ], [ 93.310793688178308, 26.817223965613721 ], [ 93.301288913552639, 26.842713799302487 ] ] ] } },
{ "type": "Feature", "properties": { "pincode": "784161", "state": "Assam", "district": "Lakhimpur", "officename": "Bihupuria", "officetype": "S.O" }, "geometry": { "type": "Polygon", "coordinates": [ [ [ 93.880236042259639, 27.002539515586307 ], [ 93.877332103493927, 27.066636260854864 ], [ 93.889455972815028, 27.087588336732495 ], [ 93.919725324564013, 27.083836077373121 ], [ 93.936891390425444, 27.067109527283037 ], [ 93.933112754849788, 27.04710395818131 ], [ 93.962800426898298, 27.03234136196437 ], [ 93.944850636048216, 27.028006911190232 ], [ 93.953618259774942, 27.017142759131161 ], [ 93.987237428764445, 27.027070248393329 ], [ 93.985878349006725, 27.034371252331596 ], [ 94.003061215103116, 27.035122479418931 ], [ 94.003151293897133, 26.997102377272824 ], [ 94.015861172255427, 26.995992065281712 ], [ 94.013135123886912, 26.990224298412784 ], [ 94.02637735143378, 26.980506915062165 ], [ 94.034993791030786, 26.984891278210114 ], [ 94.024140332810248, 26.999100322821732 ], [ 94.032779143942491, 27.001555271458642 ], [ 94.047329887764249, 26.986907740799722 ], [ 94.025052710314469, 26.957087134563778 ], [ 93.999764392213081, 26.952587974755374 ], [ 93.974845594748501, 26.965693627658879 ], [ 93.985797962206391, 26.973522037212376 ], [ 93.998467930450772, 26.970030800680831 ], [ 93.989111278662619, 26.985875503451837 ], [ 93.967987826177307, 26.977128014646155 ], [ 93.970070122738093, 26.968622476746077 ], [ 93.953012365828215, 26.973854884395621 ], [ 93.944377304868794, 26.9645988721403 ], [ 93.939636733748443, 26.975487551409458 ], [ 93.925544392359996, 26.976823413369914 ], [ 93.934522169662387, 26.946102674798738 ], [ 93.927064584762888, 26.939453792658583 ], [ 93.926193407899632, 26.948563272976742 ], [ 93.904418291371087, 26.96772579061286 ], [ 93.912540316982245, 26.982636669746626 ], [ 93.908253266774977, 26.993798644891683 ], [ 93.887510916395797, 26.992651243060493 ], [ 93.880236042259639, 27.002539515586307 ] ] ] } },
{ "type": "Feature", "properties": { "pincode": "784162", "state": "Assam", "district": "Lakhimpur", "officename": "Badati", "officetype": "S.O" }, "geometry": { "type": "Polygon", "coordinates": [ [ [ 93.925544392359996, 26.976823413369914 ], [ 93.939636733748443, 26.975487551409458 ], [ 93.944377304868794, 26.9645988721403 ], [ 93.953012365828215, 26.973854884395621 ], [ 93.961307608059826, 26.93837236239483 ], [ 93.934522295567547, 26.945918142907999 ], [ 93.925544392359996, 26.976823413369914 ] ] ] } },
{ "type": "Feature", "properties": { "pincode": "784164", "state": "Assam", "district": "Lakhimpur", "officename": "Dikrong", "officetype": "S.O" }, "geometry": { "type": "Polygon", "coordinates": [ [ [ 93.934522295567547, 26.945918142907999 ], [ 93.961307608059826, 26.93837236239483 ], [ 93.954871210537988, 26.958099403364827 ], [ 93.975809621217081, 26.982395506647322 ], [ 93.989111278662619, 26.985875503451837 ], [ 93.998467930450772, 26.970030800680831 ], [ 93.985797962206391, 26.973522037212376 ], [ 93.974845594748501, 26.965693627658879 ], [ 93.999764392213081, 26.952587974755374 ], [ 93.988223272786001, 26.918502341809699 ], [ 93.974212641100564, 26.91477670598033 ], [ 93.944983049528219, 26.929860565212891 ], [ 93.887328158867604, 26.897598371567767 ], [ 93.88751880255063, 26.872964842653516 ], [ 93.842906798410183, 26.864158389798035 ], [ 93.84378050686513, 26.894786336320465 ], [ 93.834330635850165, 26.885482314657281 ], [ 93.824610362078658, 26.888799969443028 ], [ 93.824811803022271, 26.901521732342189 ], [ 93.802029360366816, 26.907440487288795 ], [ 93.791568741304502, 26.927979501852576 ], [ 93.79746403114018, 26.933716604537722 ], [ 93.804548715750684, 26.917418939332777 ], [ 93.812717610429445, 26.922510402533192 ], [ 93.794573682029863, 26.960599470089505 ], [ 93.80520113162703, 26.96685224403592 ], [ 93.802378603090119, 27.004217100139158 ], [ 93.825193544546494, 27.023300470240542 ], [ 93.836692041504648, 27.01934317804529 ], [ 93.833142467750804, 27.025176322929042 ], [ 93.8409175798825, 27.033806335993745 ], [ 93.856616638347305, 27.033470224271639 ], [ 93.857184101565224, 27.01333976002212 ], [ 93.874496546478611, 27.027266259230544 ], [ 93.883798670572332, 26.995938345178672 ], [ 93.908253266774977, 26.993798644891683 ], [ 93.912540316982245, 26.982636669746626 ], [ 93.904418291371087, 26.96772579061286 ], [ 93.926193407899632, 26.948563272976742 ], [ 93.927064584762888, 26.939453792658583 ], [ 93.934522295567547, 26.945918142907999 ] ] ] } },
{ "type": "Feature", "properties": { "pincode": "784167", "state": "Assam", "district": "Sonitpur", "officename": "Borgong", "officetype": "S.O" }, "geometry": { "type": "Polygon", "coordinates": [ [ [ 92.776485646695278, 26.854627269532898 ], [ 92.795587129142802, 26.856585006393004 ], [ 92.814192260464608, 26.847394290314298 ], [ 92.836194691431899, 26.85380983975233 ], [ 92.843454097228914, 26.838871351431635 ], [ 92.870198871880575, 26.825816413097016 ], [ 92.877448479563782, 26.802733981787924 ], [ 92.855874305754583, 26.801498254840681 ], [ 92.836794078783726, 26.816129945740443 ], [ 92.831044432354759, 26.804153229787801 ], [ 92.817927160210331, 26.808745275174374 ], [ 92.790060591023575, 26.796895065954629 ], [ 92.792724652720665, 26.833374473852928 ], [ 92.776485646695278, 26.854627269532898 ] ] ] } },
{ "type": "Feature", "properties": { "pincode": "784173", "state": "Assam", "district": "Biswanath", "officename": "Mijikajan", "officetype": "S.O" }, "geometry": { "type": "Polygon", "coordinates": [ [ [ 93.159494589004112, 26.808351421580937 ], [ 93.179540405465445, 26.852526812062877 ], [ 93.175499130980086, 26.871591024806094 ], [ 93.18499416414943, 26.876315085273006 ], [ 93.191009474807515, 26.870659123020118 ], [ 93.196103177319912, 26.849863304348048 ], [ 93.22277082161628, 26.860115888637324 ], [ 93.227700065105978, 26.854346887898714 ], [ 93.232765910218575, 26.826296526064027 ], [ 93.208626513802585, 26.823838311988538 ], [ 93.211469592747676, 26.809461401722501 ], [ 93.20185032543219, 26.818983321922872 ], [ 93.189154186916369, 26.804645025847321 ], [ 93.159494589004112, 26.808351421580937 ] ] ] } },
{ "type": "Feature", "properties": { "pincode": "784165", "state": "Assam", "district": "Lakhimpur", "officename": "Dhalpur", "officetype": "S.O" }, "geometry": { "type": "Polygon", "coordinates": [ [ [ 93.704157201493615, 26.987660786316326 ], [ 93.706374999806485, 27.003492000155745 ], [ 93.720818000350619, 27.016148000130329 ], [ 93.759990317499216, 27.035060017905607 ], [ 93.779888521937835, 27.031559957226307 ], [ 93.780913486468364, 27.025414612694192 ], [ 93.766025551737982, 27.02415251672528 ], [ 93.762103455410283, 26.997281939509946 ], [ 93.805047279208566, 26.977645229144059 ], [ 93.80520113162703, 26.96685224403592 ], [ 93.794573682029863, 26.960599470089505 ], [ 93.812717610429445, 26.922510402533192 ], [ 93.804548715750684, 26.917418939332777 ], [ 93.794881707924617, 26.932730283875628 ], [ 93.797980148465228, 26.912400551444421 ], [ 93.821808023321751, 26.905066000995305 ], [ 93.824610362078658, 26.888799969443028 ], [ 93.831982371988943, 26.885641633154876 ], [ 93.844377871641598, 26.893346639535935 ], [ 93.845315041655908, 26.867607256569727 ], [ 93.825540967042059, 26.844323710770766 ], [ 93.834217331165064, 26.824475222653518 ], [ 93.827250931685228, 26.818520416584136 ], [ 93.787874802979843, 26.817133932684897 ], [ 93.765470362467397, 26.832220363978593 ], [ 93.774535999936575, 26.849276000287375 ], [ 93.790413000060084, 26.857455999794638 ], [ 93.780982999565822, 26.884467999898391 ], [ 93.750487999821416, 26.894165000114697 ], [ 93.744887999681566, 26.958281999914448 ], [ 93.704157201493615, 26.987660786316326 ] ] ] } },
{ "type": "Feature", "properties": { "pincode": "784174", "state": "Assam", "district": "Biswanath", "officename": "Pabhoi", "officetype": "S.O" }, "geometry": { "type": "Polygon", "coordinates": [ [ [ 93.154355320541583, 26.802462220155348 ], [ 93.105545618335725, 26.802727735996314 ], [ 93.086430022827471, 26.792031403726469 ], [ 93.064022414902581, 26.829242250029893 ], [ 93.061250024469246, 26.840163644836366 ], [ 93.079174322237236, 26.863033983631624 ], [ 93.06259900034371, 26.918925999835153 ], [ 93.094260999945277, 26.913242000318235 ], [ 93.111351000248533, 26.924970999811819 ], [ 93.144961816334785, 26.930053558824739 ], [ 93.16086069426575, 26.909750963436238 ], [ 93.164172217473947, 26.888608526262431 ], [ 93.179747444688928, 26.869254719230071 ], [ 93.179540405465445, 26.852526812062877 ], [ 93.154355320541583, 26.802462220155348 ] ] ] } },
{ "type": "Feature", "properties": { "pincode": "787023", "state": "Assam", "district": "Lakhimpur", "officename": "Naoboicha", "officetype": "S.O" }, "geometry": { "type": "Polygon", "coordinates": [ [ [ 94.00331203332388, 27.139392758868894 ], [ 93.977440137052668, 27.155172423568615 ], [ 93.988341753968882, 27.169481292927514 ], [ 93.982258145197306, 27.174012689833887 ], [ 94.010710092097327, 27.169944088548846 ], [ 93.998387611998794, 27.164244408452817 ], [ 94.010572598346869, 27.147654603877015 ], [ 94.00331203332388, 27.139392758868894 ] ] ] } },
{ "type": "Feature", "properties": { "pincode": "784168", "state": "Assam", "district": "Biswanath", "officename": "Gohpur", "officetype": "S.O" }, "geometry": { "type": "Polygon", "coordinates": [ [ [ 93.555257830784285, 26.949579834242115 ], [ 93.677627999732579, 26.968007999669567 ], [ 93.692583158785737, 26.908490800110371 ], [ 93.68545404586763, 26.892587212429987 ], [ 93.667483251350973, 26.880380807828089 ], [ 93.684839574186981, 26.884118317406489 ], [ 93.684644224351473, 26.877162530826183 ], [ 93.699397625899906, 26.873007111688878 ], [ 93.67857972437497, 26.854133465287248 ], [ 93.684035345554832, 26.847148381492843 ], [ 93.702722564295073, 26.857579840936978 ], [ 93.721999804847201, 26.842998021041979 ], [ 93.724879306334913, 26.83762824824521 ], [ 93.707098204918282, 26.830699102281926 ], [ 93.710769380502597, 26.816638114857199 ], [ 93.671392739183602, 26.809553554353101 ], [ 93.659840702886299, 26.81710552849745 ], [ 93.646774755050956, 26.809024018243917 ], [ 93.644802989666402, 26.818143785907239 ], [ 93.621957996464346, 26.804678428466616 ], [ 93.617322985067801, 26.82743628095983 ], [ 93.604234300572614, 26.811943301242536 ], [ 93.584368335030717, 26.812891581481381 ], [ 93.580601554318321, 26.836259389259624 ], [ 93.559150988727311, 26.84744029873093 ], [ 93.570529530513625, 26.85234875978756 ], [ 93.572294675758712, 26.86370578439454 ], [ 93.565755259997445, 26.864557204951154 ], [ 93.555257830784285, 26.949579834242115 ] ] ] } },
{ "type": "Feature", "properties": { "pincode": "784176", "state": "Assam", "district": "Biswanath", "officename": "Chariali", "officetype": "S.O" }, "geometry": { "type": "Polygon", "coordinates": [ [ [ 93.207122068528804, 26.7852475351458 ], [ 93.215685761089048, 26.796328014626226 ], [ 93.232531982165312, 26.796323991059523 ], [ 93.303273999695421, 26.832884527698923 ], [ 93.310793688178308, 26.817223965613721 ], [ 93.341173656539183, 26.795208638368081 ], [ 93.338842280147162, 26.772178167188713 ], [ 93.359375000356067, 26.737481999794625 ], [ 93.337708000324028, 26.707448999771714 ], [ 93.298485000082735, 26.698347000014223 ], [ 93.275810000331262, 26.682565999821236 ], [ 93.246887000235006, 26.68368700025502 ], [ 93.221173362161096, 26.62887637744285 ], [ 93.158288797789851, 26.60682088557553 ], [ 93.150929219208138, 26.642589954962489 ], [ 93.161525486612106, 26.65447212338978 ], [ 93.189237411077613, 26.660602641698631 ], [ 93.183489998564767, 26.687168769622986 ], [ 93.210352999891086, 26.744500282062461 ], [ 93.207122068528804, 26.7852475351458 ] ] ] } },
{ "type": "Feature", "properties": { "pincode": "784169", "state": "Assam", "district": "Biswanath", "officename": "Howajair", "officetype": "S.O" }, "geometry": { "type": "Polygon", "coordinates": [ [ [ 93.572432294514897, 26.777652982599136 ], [ 93.564160682869328, 26.804701383662064 ], [ 93.583195827725433, 26.812629174596907 ], [ 93.604234300572614, 26.811943301242536 ], [ 93.617322985067801, 26.82743628095983 ], [ 93.621957996464346, 26.804678428466616 ], [ 93.644802989666402, 26.818143785907239 ], [ 93.646774755050956, 26.809024018243917 ], [ 93.659840702886299, 26.81710552849745 ], [ 93.671392739183602, 26.809553554353101 ], [ 93.708498319841624, 26.815568877601834 ], [ 93.707098204918282, 26.830699102281926 ], [ 93.724879306334913, 26.83762824824521 ], [ 93.710921157285725, 26.849563494659719 ], [ 93.724380600784286, 26.857718106305526 ], [ 93.722985787364337, 26.868140222693228 ], [ 93.750871556177515, 26.869320582878629 ], [ 93.751382570749172, 26.876309862910034 ], [ 93.776130999745988, 26.888207999699603 ], [ 93.790413000060084, 26.857455999794638 ], [ 93.774535999936575, 26.849276000287375 ], [ 93.755073999965134, 26.805186999580371 ], [ 93.733763332911735, 26.792774213159419 ], [ 93.719118058651588, 26.797309805403245 ], [ 93.722876830001724, 26.78561840926227 ], [ 93.702507206342489, 26.775744670680183 ], [ 93.66265833911109, 26.777284775871806 ], [ 93.655513048288583, 26.763862738774378 ], [ 93.639398907733323, 26.787248677784419 ], [ 93.626763933009272, 26.781664397793804 ], [ 93.606764350694391, 26.788410848282183 ], [ 93.572432294514897, 26.777652982599136 ] ] ] } },
{ "type": "Feature", "properties": { "pincode": "784179", "state": "Assam", "district": "Biswanath", "officename": "Bedeti", "officetype": "S.O" }, "geometry": { "type": "Polygon", "coordinates": [ [ [ 93.301288913552639, 26.842713799302487 ], [ 93.281553462122588, 26.877409255332964 ], [ 93.269119000241631, 26.953508000094303 ], [ 93.350105000045914, 26.960648000205083 ], [ 93.411254721828129, 26.955769031515558 ], [ 93.402366005287149, 26.91924124998377 ], [ 93.420446589938308, 26.897542274556486 ], [ 93.41839903059082, 26.878296941950339 ], [ 93.407864961199095, 26.871817515466091 ], [ 93.422374998107671, 26.867215454329823 ], [ 93.417267332721337, 26.861761781980761 ], [ 93.422119048355569, 26.853930416355752 ], [ 93.407091162926918, 26.858931423946217 ], [ 93.402260651507959, 26.846810255289142 ], [ 93.380209089677862, 26.853494318907678 ], [ 93.301288913552639, 26.842713799302487 ] ] ] } },
{ "type": "Feature", "properties": { "pincode": "784170", "state": "Assam", "district": "Biswanath", "officename": "Halem", "officetype": "S.O" }, "geometry": { "type": "Polygon", "coordinates": [ [ [ 93.402366005287149, 26.91924124998377 ], [ 93.411254721828129, 26.955769031515558 ], [ 93.449927999777401, 26.951401000056194 ], [ 93.470130999746004, 26.936119000391727 ], [ 93.555257830784285, 26.949579834242115 ], [ 93.567728002045726, 26.880401810595231 ], [ 93.538148824208861, 26.869321806856021 ], [ 93.530678616425178, 26.858304084765791 ], [ 93.511325907464823, 26.859514726023974 ], [ 93.51254780553694, 26.830795499712735 ], [ 93.463069494261845, 26.831395879916101 ], [ 93.460788355798115, 26.815891343910437 ], [ 93.441983449976419, 26.821838835793756 ], [ 93.437961185360507, 26.813747629949262 ], [ 93.425270215248361, 26.825831651209853 ], [ 93.437573969663106, 26.851790126113485 ], [ 93.422119048355569, 26.853930416355752 ], [ 93.417267332721337, 26.861761781980761 ], [ 93.422374998107671, 26.867215454329823 ], [ 93.407864961199095, 26.871817515466091 ], [ 93.41839903059082, 26.878296941950339 ], [ 93.420446589938308, 26.897542274556486 ], [ 93.402366005287149, 26.91924124998377 ] ] ] } },
{ "type": "Feature", "properties": { "pincode": "784171", "state": "Assam", "district": "Sonitpur", "officename": "Tetenbari", "officetype": "S.O" }, "geometry": { "type": "Polygon", "coordinates": [ [ [ 92.884726598453767, 26.761896458355011 ], [ 92.876908583264594, 26.805520614784655 ], [ 92.891745088465143, 26.80244474273087 ], [ 92.901438114577388, 26.798652009382693 ], [ 92.91164867714491, 26.773813729120434 ], [ 92.895569624538609, 26.740345821602375 ], [ 92.878881029436116, 26.741822745823185 ], [ 92.884726598453767, 26.761896458355011 ] ] ] } },
{ "type": "Feature", "properties": { "pincode": "784181", "state": "Assam", "district": "Sonitpur", "officename": "Bakola", "officetype": "S.O" }, "geometry": { "type": "Polygon", "coordinates": [ [ [ 92.936259457707934, 26.781178016552246 ], [ 92.940624809187682, 26.806455067947127 ], [ 92.956165686797192, 26.805388294834074 ], [ 92.970542159992931, 26.787871246061172 ], [ 92.936259457707934, 26.781178016552246 ] ] ] } },
{ "type": "Feature", "properties": { "pincode": "784172", "state": "Assam", "district": "Biswanath", "officename": "Barangabari", "officetype": "S.O" }, "geometry": { "type": "Polygon", "coordinates": [ [ [ 93.440665511504278, 26.745397352206169 ], [ 93.429092533593575, 26.815831819582911 ], [ 93.438196438115199, 26.813757811174185 ], [ 93.441983449976419, 26.821838835793756 ], [ 93.460788355798115, 26.815891343910437 ], [ 93.463069494261845, 26.831395879916101 ], [ 93.51254780553694, 26.830795499712735 ], [ 93.509131363821496, 26.857482466842384 ], [ 93.530678616425178, 26.858304084765791 ], [ 93.538148824208861, 26.869321806856021 ], [ 93.564111381135433, 26.878998021042037 ], [ 93.570529530513625, 26.85234875978756 ], [ 93.559150988727311, 26.84744029873093 ], [ 93.584459645896061, 26.828378747980878 ], [ 93.584368335030717, 26.812891581481381 ], [ 93.564160682869328, 26.804701383662064 ], [ 93.572432294514897, 26.777652982599136 ], [ 93.606764350694391, 26.788410848282183 ], [ 93.626763933009272, 26.781664397793804 ], [ 93.639417107313704, 26.787244447373382 ], [ 93.673606999563447, 26.712669000374149 ], [ 93.651489000317326, 26.704915999873492 ], [ 93.567481999694621, 26.723813999916217 ], [ 93.564201000375988, 26.736131999592146 ], [ 93.511107999934381, 26.760349000306235 ], [ 93.462578000374435, 26.756916000273179 ], [ 93.440665511504278, 26.745397352206169 ] ] ] } },
{ "type": "Feature", "properties": { "pincode": "784175", "state": "Assam", "district": "Sonitpur", "officename": "Sootea", "officetype": "S.O" }, "geometry": { "type": "Polygon", "coordinates": [ [ [ 92.959784188189928, 26.796806496222985 ], [ 92.972631054879344, 26.807228033447132 ], [ 92.981758539624934, 26.85151222121209 ], [ 92.99891383970197, 26.857626513952482 ], [ 93.021835000085218, 26.914630999621011 ], [ 93.06259900034371, 26.918925999835153 ], [ 93.079174322237236, 26.863033983631624 ], [ 93.062008299543436, 26.832774691698717 ], [ 93.078672860264533, 26.813928673369674 ], [ 93.089438028442373, 26.72135526963018 ], [ 93.108340050253219, 26.68028766274557 ], [ 93.138938263390173, 26.660580014755965 ], [ 93.041085701643908, 26.677239532978149 ], [ 92.981743271834716, 26.664929444638176 ], [ 92.976119019677185, 26.687638508010878 ], [ 92.987980983035982, 26.700375449667263 ], [ 93.0013169963824, 26.700280439890321 ], [ 93.007809218420789, 26.717736270012836 ], [ 93.000278434102484, 26.765571563976607 ], [ 93.031288623970909, 26.760993568698325 ], [ 92.997827877754446, 26.793619396018414 ], [ 92.972912352922833, 26.787264808924022 ], [ 92.959784188189928, 26.796806496222985 ] ] ] } },
{ "type": "Feature", "properties": { "pincode": "784177", "state": "Assam", "district": "Biswanath", "officename": "Biswanathghat", "officetype": "S.O" }, "geometry": { "type": "Polygon", "coordinates": [ [ [ 93.207122068528804, 26.7852475351458 ], [ 93.210352999891086, 26.744500282062461 ], [ 93.183489998564767, 26.687168769622986 ], [ 93.189237411077613, 26.660602641698631 ], [ 93.161525486612106, 26.65447212338978 ], [ 93.150929219208138, 26.642589954962489 ], [ 93.131796834256591, 26.669666991338715 ], [ 93.108340050253219, 26.68028766274557 ], [ 93.091370530325889, 26.715938494665977 ], [ 93.080308401511672, 26.805070370101532 ], [ 93.086430022827471, 26.792031403726469 ], [ 93.105545618335725, 26.802727735996314 ], [ 93.154355320541583, 26.802462220155348 ], [ 93.174414013496062, 26.810045227205535 ], [ 93.189154186916369, 26.804645025847321 ], [ 93.20185032543219, 26.818983321922872 ], [ 93.214511995632165, 26.805741991000332 ], [ 93.199074001364124, 26.787637880084333 ], [ 93.207122068528804, 26.7852475351458 ] ] ] } },
{ "type": "Feature", "properties": { "pincode": "784178", "state": "Assam", "district": "Biswanath", "officename": "Kalabari", "officetype": "S.O" }, "geometry": { "type": "Polygon", "coordinates": [ [ [ 93.699397625899906, 26.873007111688878 ], [ 93.666946320116722, 26.884877059228927 ], [ 93.68545404586763, 26.892587212429987 ], [ 93.692583158785737, 26.908490800110371 ], [ 93.677627999732579, 26.968007999669567 ], [ 93.700142000153335, 26.991725999855078 ], [ 93.744887999681566, 26.958281999914448 ], [ 93.750487999821416, 26.894165000114697 ], [ 93.776130999745988, 26.888207999699603 ], [ 93.751382570749172, 26.876309862910034 ], [ 93.750871556177515, 26.869320582878629 ], [ 93.722985787364337, 26.868140222693228 ], [ 93.724380600784286, 26.857718106305526 ], [ 93.710921157285725, 26.849563494659719 ], [ 93.702476456723275, 26.857571306370687 ], [ 93.684035345554832, 26.847148381492843 ], [ 93.67857972437497, 26.854133465287248 ], [ 93.699397625899906, 26.873007111688878 ] ] ] } },
{ "type": "Feature", "properties": { "pincode": "784180", "state": "Assam", "district": "Sonitpur", "officename": "Jamugurihat", "officetype": "S.O" }, "geometry": { "type": "Polygon", "coordinates": [ [ [ 92.978241174190998, 26.691834960515109 ], [ 92.981743271834716, 26.664929444638176 ], [ 93.041085701643908, 26.677239532978149 ], [ 93.138938263390173, 26.660580014755965 ], [ 93.150929219208138, 26.642589954962489 ], [ 93.158288797789851, 26.60682088557553 ], [ 93.097398686000588, 26.607571808692114 ], [ 93.042251815668806, 26.619001877135133 ], [ 93.000367013726816, 26.613443967964884 ], [ 92.953636000001495, 26.618426999906092 ], [ 92.908843003701691, 26.595098961947713 ], [ 92.922434127733027, 26.625842254616487 ], [ 92.897488723825688, 26.629076820139289 ], [ 92.908816104080131, 26.645033701644081 ], [ 92.906620219547619, 26.672163311487736 ], [ 92.873863301650147, 26.70410771529879 ], [ 92.870367517247189, 26.722162908491555 ], [ 92.878881029436116, 26.741822745823185 ], [ 92.895569624538609, 26.740345821602375 ], [ 92.909003618122426, 26.757575796885703 ], [ 92.906891222152296, 26.785291442746029 ], [ 92.938628625410843, 26.795519587059403 ], [ 92.935673093438595, 26.777334704433201 ], [ 92.94273506027497, 26.771224085423285 ], [ 92.945447109796476, 26.739653953367338 ], [ 92.935340722896115, 26.732030813171605 ], [ 92.931178577729327, 26.709351755679165 ], [ 92.946901492509937, 26.667393810076305 ], [ 92.978241174190998, 26.691834960515109 ] ] ] } },
{ "type": "Feature", "properties": { "pincode": "784182", "state": "Assam", "district": "Sonitpur", "officename": "Naharbari", "officetype": "S.O" }, "geometry": { "type": "Polygon", "coordinates": [ [ [ 92.897695426702739, 26.800070068478988 ], [ 92.876908583264594, 26.805520614784655 ], [ 92.860795368111837, 26.834466427084067 ], [ 92.860674296881484, 26.851034755849355 ], [ 92.909855135806026, 26.883817861105626 ], [ 92.935989349928604, 26.891901999178003 ], [ 92.983223000141379, 26.93348500033261 ], [ 93.021835000085218, 26.914630999621011 ], [ 92.99891383970197, 26.857626513952482 ], [ 92.981758539624934, 26.85151222121209 ], [ 92.972631054879344, 26.807228033447132 ], [ 92.960665019275325, 26.79905650735202 ], [ 92.940624809187682, 26.806455067947127 ], [ 92.93646317843303, 26.829844998148189 ], [ 92.921070362507294, 26.834417931142582 ], [ 92.91724121201247, 26.819381495859375 ], [ 92.897695426702739, 26.800070068478988 ] ] ] } },
{ "type": "Feature", "properties": { "pincode": "784183", "state": "Assam", "district": "Sonitpur", "officename": "Nagshankar", "officetype": "S.O" }, "geometry": { "type": "Polygon", "coordinates": [ [ [ 92.987980983035982, 26.700375449667263 ], [ 92.993413317171019, 26.728483937383885 ], [ 93.007268992969728, 26.729978274278096 ], [ 93.0013169963824, 26.700280439890321 ], [ 92.987980983035982, 26.700375449667263 ] ] ] } },
{ "type": "Feature", "properties": { "pincode": "784189", "state": "Assam", "district": "Sonitpur", "officename": "Karsontala", "officetype": "S.O" }, "geometry": { "type": "Polygon", "coordinates": [ [ [ 92.932334818097445, 26.704242860019974 ], [ 92.935340722896115, 26.732030813171605 ], [ 92.945447109796476, 26.739653953367338 ], [ 92.936259457707934, 26.781178016552246 ], [ 92.997827877754446, 26.793619396018414 ], [ 93.031288623970909, 26.760993568698325 ], [ 93.000278434102484, 26.765571563976607 ], [ 93.007268992969728, 26.729978274278096 ], [ 92.993413317171019, 26.728483937383885 ], [ 92.991504820890896, 26.703457521647465 ], [ 92.948894420741112, 26.667640329537676 ], [ 92.932334818097445, 26.704242860019974 ] ] ] } },
{ "type": "Feature", "properties": { "pincode": "784501", "state": "Assam", "district": "Sonitpur", "officename": "Dekargaon", "officetype": "S.O" }, "geometry": { "type": "Polygon", "coordinates": [ [ [ 92.807351442315337, 26.660267081260884 ], [ 92.781654417417485, 26.659762201864282 ], [ 92.749186637853199, 26.67063714398904 ], [ 92.750190760595331, 26.66304001758283 ], [ 92.720155654359985, 26.67075263312762 ], [ 92.697005409671988, 26.662528064118874 ], [ 92.709458906603231, 26.711744612424127 ], [ 92.726264941474028, 26.711303003930539 ], [ 92.756352020429574, 26.729861562061501 ], [ 92.77245938908959, 26.728787251730466 ], [ 92.770403787105124, 26.686955449534423 ], [ 92.814353243607343, 26.703583023837666 ], [ 92.814368808174038, 26.693891098495385 ], [ 92.830554782077627, 26.683570693632589 ], [ 92.829133628414411, 26.673119749476996 ], [ 92.807351442315337, 26.660267081260884 ] ] ] } },
{ "type": "Feature", "properties": { "pincode": "784190", "state": "Assam", "district": "Darrang, Udalguri", "officename": "Bhakatpara", "officetype": "S.O" }, "geometry": { "type": "Polygon", "coordinates": [ [ [ 92.000011504727183, 26.56714319080578 ], [ 92.032813556000974, 26.57708555755255 ], [ 92.022552454232368, 26.590813228347884 ], [ 92.029083902000593, 26.597975992997704 ], [ 92.048048544504809, 26.594957689246087 ], [ 92.051942017210479, 26.612054202439481 ], [ 92.045051479142501, 26.610467962926236 ], [ 92.041435091156643, 26.621025466851904 ], [ 92.066722432594133, 26.625445019572112 ], [ 92.063764054267835, 26.653758183093771 ], [ 92.096740508367873, 26.656681236949623 ], [ 92.10023278271683, 26.648358226351206 ], [ 92.092737722168295, 26.637464384973384 ], [ 92.110189514334706, 26.627408168552222 ], [ 92.107317693956588, 26.613368617367826 ], [ 92.102663116909412, 26.6191334803259 ], [ 92.092141247720519, 26.614786215111735 ], [ 92.111023561788045, 26.597418121948806 ], [ 92.104719575048478, 26.583898263794026 ], [ 92.111102752490183, 26.562217433088165 ], [ 92.094716530143899, 26.548712916467991 ], [ 92.079522670335223, 26.551997374579173 ], [ 92.081214473169382, 26.515870783310106 ], [ 92.068994955552796, 26.514195687181427 ], [ 92.074611613835089, 26.48790993729375 ], [ 92.064589116594561, 26.494653631360222 ], [ 92.057296679598267, 26.475213901300606 ], [ 92.043164384928446, 26.484708874215187 ], [ 92.044350117663726, 26.493480775117689 ], [ 92.057044749815475, 26.497404818477833 ], [ 92.05127147819627, 26.509068019973256 ], [ 92.032814723320882, 26.504416872940396 ], [ 92.035847458493606, 26.526741516607785 ], [ 92.02653509022241, 26.52934109151812 ], [ 92.019315952469412, 26.551189368794383 ], [ 92.000011504727183, 26.56714319080578 ] ] ] } },
{ "type": "Feature", "properties": { "pincode": "784507", "state": "Assam", "district": "Udalguri", "officename": "Mazbat", "officetype": "S.O" }, "geometry": { "type": "Polygon", "coordinates": [ [ [ 92.113498898955072, 26.880056945771628 ], [ 92.113454202649393, 26.891971646274612 ], [ 92.198142999999618, 26.889674999901445 ], [ 92.257820000092977, 26.91086599956634 ], [ 92.279602000032412, 26.901078999696267 ], [ 92.306960999950377, 26.908134000383882 ], [ 92.306091000299602, 26.922809999981723 ], [ 92.367615000132275, 26.931247999695586 ], [ 92.344803000358297, 26.88520599975709 ], [ 92.34865599997454, 26.861444000240624 ], [ 92.33504500002681, 26.835322999856601 ], [ 92.341034000119123, 26.824336999552997 ], [ 92.332710000266331, 26.805534000293903 ], [ 92.343520999694476, 26.770240999622615 ], [ 92.333099000218738, 26.771434999825487 ], [ 92.339928000377029, 26.766642000028412 ], [ 92.331626999786295, 26.753656000124408 ], [ 92.337544689036179, 26.732825982033546 ], [ 92.310663723751929, 26.729950914203528 ], [ 92.309869633177129, 26.737730102961962 ], [ 92.295131857349475, 26.735371106591231 ], [ 92.286440454763238, 26.744887040904302 ], [ 92.276236779204169, 26.737302002285617 ], [ 92.273371844934786, 26.751022893991433 ], [ 92.25569057456039, 26.748507397598416 ], [ 92.250006873618474, 26.765128688338223 ], [ 92.238390674290372, 26.758816658961734 ], [ 92.241241356103842, 26.765630489355715 ], [ 92.227429356779624, 26.780395682814685 ], [ 92.23557538889321, 26.78460409180542 ], [ 92.23237504347361, 26.795994759150915 ], [ 92.20722119560179, 26.792291099155022 ], [ 92.209876333326235, 26.800541384277437 ], [ 92.194864582634636, 26.806005505849384 ], [ 92.191920111424167, 26.828847793890702 ], [ 92.18251246897529, 26.83928599375372 ], [ 92.172887294013492, 26.834301507608643 ], [ 92.158424098293665, 26.848466903624683 ], [ 92.147934730603481, 26.845109553663065 ], [ 92.113498898955072, 26.880056945771628 ] ] ] } },
{ "type": "Feature", "properties": { "pincode": "784508", "state": "Assam", "district": "Udalguri", "officename": "Rowta", "officetype": "S.O" }, "geometry": { "type": "Polygon", "coordinates": [ [ [ 92.15972920973536, 26.7517992472375 ], [ 92.162335237281468, 26.766068504158284 ], [ 92.193250041456395, 26.758095856838509 ], [ 92.186838701744819, 26.79975655402194 ], [ 92.193568174831512, 26.807943198619853 ], [ 92.209876333326235, 26.800541384277437 ], [ 92.20722119560179, 26.792291099155022 ], [ 92.23237504347361, 26.795994759150915 ], [ 92.23557538889321, 26.78460409180542 ], [ 92.227429356779624, 26.780395682814685 ], [ 92.241241356103842, 26.765630489355715 ], [ 92.238390674290372, 26.758816658961734 ], [ 92.250006873618474, 26.765128688338223 ], [ 92.261870884733696, 26.734875179945732 ], [ 92.248564859281032, 26.741107851346385 ], [ 92.231814780228035, 26.729642717437457 ], [ 92.256169066949042, 26.706244051222029 ], [ 92.254155815838317, 26.696694112643286 ], [ 92.233400133009866, 26.691295428441379 ], [ 92.224162180040707, 26.701455834019555 ], [ 92.183726105875223, 26.688052079240038 ], [ 92.187206661158484, 26.715861175452858 ], [ 92.17182145259801, 26.717780617381834 ], [ 92.187754436418345, 26.726997737555621 ], [ 92.183896837669067, 26.737633214501329 ], [ 92.15972920973536, 26.7517992472375 ] ] ] } },
{ "type": "Feature", "properties": { "pincode": "785105", "state": "Assam", "district": "Majuli", "officename": "Jengraimukh", "officetype": "S.O" }, "geometry": { "type": "Polygon", "coordinates": [ [ [ 94.309585168221133, 26.985236591795285 ], [ 94.301134726386692, 26.982890018659475 ], [ 94.288898129745121, 27.002405921296372 ], [ 94.267950269889127, 26.999740050163268 ], [ 94.27256612842433, 27.013735611009679 ], [ 94.250460797028268, 27.006037541998978 ], [ 94.23228582942761, 27.02667190088755 ], [ 94.208459263084592, 27.037908169026764 ], [ 94.228615094511042, 27.048476749902136 ], [ 94.241251671827172, 27.086382491558936 ], [ 94.264491850518539, 27.096340674682381 ], [ 94.297102275149939, 27.080376211892769 ], [ 94.372573120453296, 27.100354029714822 ], [ 94.409346136315321, 27.097500019510335 ], [ 94.404788551150773, 27.073596615991221 ], [ 94.386494187756625, 27.070939532133934 ], [ 94.39047634440783, 27.064379856445214 ], [ 94.338902298002722, 27.025992586289021 ], [ 94.341219751990025, 27.019481581909474 ], [ 94.31177346337472, 26.998401284291958 ], [ 94.309585168221133, 26.985236591795285 ] ] ] } },
{ "type": "Feature", "properties": { "pincode": "784509", "state": "Assam", "district": "Udalguri", "officename": "Udalguri", "officetype": "S.O" }, "geometry": { "type": "Polygon", "coordinates": [ [ [ 92.018714402248008, 26.652358680608813 ], [ 92.023857430776047, 26.688095231409875 ], [ 92.03429832500774, 26.689365410485436 ], [ 92.032721774790275, 26.72766125466319 ], [ 92.043868384118809, 26.731686025689669 ], [ 92.045676426126249, 26.746342465932116 ], [ 92.059915483812631, 26.747386893590431 ], [ 92.06452695545471, 26.756289535234032 ], [ 92.048585988352784, 26.757305250237323 ], [ 92.048984077753175, 26.780911450303336 ], [ 92.019058821907208, 26.784222265745029 ], [ 92.016922050712026, 26.793331881860865 ], [ 92.035830579117999, 26.796916546261741 ], [ 92.045597084338226, 26.811553008964381 ], [ 92.046074947201078, 26.82737071768463 ], [ 92.024991483070608, 26.84963158233171 ], [ 92.069595336655482, 26.85416221661319 ], [ 92.083989131693272, 26.862660847720122 ], [ 92.090183799542899, 26.84652576375322 ], [ 92.077802551446609, 26.843913449046624 ], [ 92.079778307123206, 26.833667627658883 ], [ 92.091834345079064, 26.840470250701685 ], [ 92.110421264230069, 26.835453656061418 ], [ 92.101259938895112, 26.822022664414533 ], [ 92.114096690909719, 26.816503879350591 ], [ 92.120401997854003, 26.834422585134291 ], [ 92.152936314659428, 26.848900534232371 ], [ 92.172887294013492, 26.834301507608643 ], [ 92.18251246897529, 26.83928599375372 ], [ 92.192618793822476, 26.826542959190192 ], [ 92.186853629591496, 26.774436399020772 ], [ 92.193250041456395, 26.758095856838509 ], [ 92.162335237281468, 26.766068504158284 ], [ 92.164619931664674, 26.752273755629346 ], [ 92.158675356282686, 26.748366734637273 ], [ 92.180427371026383, 26.741074908280325 ], [ 92.187754436418345, 26.726997737555621 ], [ 92.177866484051037, 26.725972952889606 ], [ 92.172087228342889, 26.709684704485653 ], [ 92.161496980101731, 26.709769552822763 ], [ 92.158087256321949, 26.721595624238773 ], [ 92.144559055156265, 26.717499469525023 ], [ 92.143072787879021, 26.68673629644303 ], [ 92.133267192726805, 26.668850843991322 ], [ 92.111437666315396, 26.66157741056918 ], [ 92.113754225477123, 26.652341341679573 ], [ 92.102543422541032, 26.648075714223012 ], [ 92.093762850375299, 26.656998122964978 ], [ 92.018714402248008, 26.652358680608813 ] ] ] } },
{ "type": "Feature", "properties": { "pincode": "785106", "state": "Assam", "district": "Majuli", "officename": "Kamalabari", "officetype": "S.O" }, "geometry": { "type": "Polygon", "coordinates": [ [ [ 93.996175496502133, 26.830374999207038 ], [ 93.994107609778382, 26.858515331917147 ], [ 93.955660354841541, 26.886767350532864 ], [ 93.954714232076299, 26.900924058198939 ], [ 93.9667850665777, 26.918302715697791 ], [ 93.988223272786001, 26.918502341809699 ], [ 94.001823406225299, 26.955134424913808 ], [ 94.025052710314469, 26.957087134563778 ], [ 94.048125349805161, 26.987387993161519 ], [ 94.094497199486227, 26.970014627273372 ], [ 94.139061580027942, 26.991671032392333 ], [ 94.140832072642127, 26.939299285533821 ], [ 94.158827122773573, 26.852623250862393 ], [ 94.07331863924378, 26.845969585228318 ], [ 94.015279438595257, 26.830697633688999 ], [ 94.015848157266703, 26.841393932684014 ], [ 93.996175496502133, 26.830374999207038 ] ] ] } },
{ "type": "Feature", "properties": { "pincode": "784510", "state": "Assam", "district": "Udalguri", "officename": "Harisinga", "officetype": "S.O" }, "geometry": { "type": "Polygon", "coordinates": [ [ [ 91.925577934773855, 26.705041873483708 ], [ 91.9279828631187, 26.711366102163993 ], [ 91.970990212328616, 26.714856523909589 ], [ 91.965550357163352, 26.722649133251025 ], [ 91.975005785089138, 26.724579979482542 ], [ 91.96530066399464, 26.748814377581539 ], [ 91.994838590828522, 26.750775579529375 ], [ 91.98667294899758, 26.78604695959973 ], [ 91.966338468145864, 26.808707847189567 ], [ 91.952509146979594, 26.847755281780906 ], [ 91.960059094951305, 26.882876096454822 ], [ 91.983680724685883, 26.85928916975962 ], [ 92.024991483070608, 26.84963158233171 ], [ 92.046074947201078, 26.82737071768463 ], [ 92.037880530661994, 26.799067527644468 ], [ 92.016922050712026, 26.793331881860865 ], [ 92.019058821907208, 26.784222265745029 ], [ 92.048984077753175, 26.780911450303336 ], [ 92.048585988352784, 26.757305250237323 ], [ 92.06452695545471, 26.756289535234032 ], [ 92.059915483812631, 26.747386893590431 ], [ 92.045676426126249, 26.746342465932116 ], [ 92.043868384118809, 26.731686025689669 ], [ 92.031150921777794, 26.724432508653422 ], [ 92.03429832500774, 26.689365410485436 ], [ 92.023857430776047, 26.688095231409875 ], [ 92.023353890469707, 26.674701023833222 ], [ 92.009804128058079, 26.674856579567574 ], [ 92.00769476819903, 26.65884432410644 ], [ 91.992654808472707, 26.648331016463317 ], [ 91.98931842800323, 26.677704551723821 ], [ 91.956764021242691, 26.68281969946969 ], [ 91.925577934773855, 26.705041873483708 ] ] ] } },
{ "type": "Feature", "properties": { "pincode": "784513", "state": "Assam", "district": "Udalguri", "officename": "Bhairabkunda", "officetype": "S.O" }, "geometry": { "type": "Polygon", "coordinates": [ [ [ 92.090183799542899, 26.84652576375322 ], [ 92.083989131693272, 26.862660847720122 ], [ 92.102555465362514, 26.895064188161882 ], [ 92.113454202649393, 26.891971646274612 ], [ 92.121449141464723, 26.867399015852072 ], [ 92.147934730603481, 26.845109553663065 ], [ 92.120401997854003, 26.834422585134291 ], [ 92.114096690909719, 26.816503879350591 ], [ 92.101259938895112, 26.822022664414533 ], [ 92.110421264230069, 26.835453656061418 ], [ 92.091834345079064, 26.840470250701685 ], [ 92.079778307123206, 26.833667627658883 ], [ 92.077802551446609, 26.843913449046624 ], [ 92.090183799542899, 26.84652576375322 ] ] ] } },
{ "type": "Feature", "properties": { "pincode": "784514", "state": "Assam", "district": "Darrang, Udalguri", "officename": "Lalpul Bazar", "officetype": "S.O" }, "geometry": { "type": "Polygon", "coordinates": [ [ [ 92.125473699351858, 26.626629885361069 ], [ 92.098852821600644, 26.630729533041631 ], [ 92.093166243727126, 26.64102934163094 ], [ 92.113754225477123, 26.652341341679573 ], [ 92.111437666315396, 26.66157741056918 ], [ 92.133267192726805, 26.668850843991322 ], [ 92.143072787879021, 26.68673629644303 ], [ 92.144559055156265, 26.717499469525023 ], [ 92.158087256321949, 26.721595624238773 ], [ 92.16345612080346, 26.70899049621454 ], [ 92.187206661158484, 26.715861175452858 ], [ 92.183726105875223, 26.688052079240038 ], [ 92.224162180040707, 26.701455834019555 ], [ 92.247585490378071, 26.687767982506386 ], [ 92.251088083548439, 26.668824576593124 ], [ 92.218910147385373, 26.655924966464056 ], [ 92.214238240402665, 26.645150501094918 ], [ 92.196241968092409, 26.644501816505681 ], [ 92.2020497197189, 26.630641676472294 ], [ 92.183287384205585, 26.622813466568346 ], [ 92.188067004788422, 26.611507148436317 ], [ 92.145978906601385, 26.612010070908184 ], [ 92.125648374672835, 26.604671616501889 ], [ 92.125473699351858, 26.626629885361069 ] ] ] } },
{ "type": "Feature", "properties": { "pincode": "787029", "state": "Assam", "district": "Lakhimpur", "officename": "Moinapara", "officetype": "B.O" }, "geometry": { "type": "Polygon", "coordinates": [ [ [ 94.126475941211822, 27.280872337788196 ], [ 94.130754533295146, 27.314353447353938 ], [ 94.144655643743135, 27.314223957569709 ], [ 94.144675269648076, 27.328053072791192 ], [ 94.16220233776761, 27.332586512058015 ], [ 94.156176996071622, 27.304790951541293 ], [ 94.141197362868127, 27.285734653731367 ], [ 94.126475941211822, 27.280872337788196 ] ] ] } },
{ "type": "Feature", "properties": { "pincode": "784521", "state": "Assam", "district": "Udalguri", "officename": "Tangla", "officetype": "S.O" }, "geometry": { "type": "Polygon", "coordinates": [ [ [ 91.879166015799171, 26.672335385969291 ], [ 91.884671141060437, 26.677102068905526 ], [ 91.881820305462782, 26.703454648313368 ], [ 91.902622366329183, 26.709227188783927 ], [ 91.900001505365367, 26.695112818501741 ], [ 91.911414841921612, 26.691035896689527 ], [ 91.909158659644504, 26.684922166025217 ], [ 91.92639176636709, 26.684872470388314 ], [ 91.929747575789975, 26.698807286527142 ], [ 91.970445171907272, 26.681180205702105 ], [ 91.970464251923772, 26.652897014785538 ], [ 91.962885304413305, 26.652300911757777 ], [ 91.963437141011241, 26.645557742895733 ], [ 91.929672162240422, 26.639860743678469 ], [ 91.925467808292808, 26.620755454400921 ], [ 91.939562160565288, 26.612940540073907 ], [ 91.940463952149798, 26.602426109177827 ], [ 91.930638996392588, 26.59383142058374 ], [ 91.919481227376821, 26.605217867410772 ], [ 91.907285261205971, 26.597104972616364 ], [ 91.896039545688609, 26.600611112712841 ], [ 91.902637290578582, 26.644341746174632 ], [ 91.891472385442341, 26.651299303520204 ], [ 91.888389497777212, 26.670076184668233 ], [ 91.879166015799171, 26.672335385969291 ] ] ] } },
{ "type": "Feature", "properties": { "pincode": "784522", "state": "Assam", "district": "Darrang, Udalguri", "officename": "Khoirabari", "officetype": "S.O" }, "geometry": { "type": "Polygon", "coordinates": [ [ [ 91.74208605252943, 26.651051757932407 ], [ 91.751179177777033, 26.652858155979231 ], [ 91.755096940271585, 26.666559786904713 ], [ 91.794985951440538, 26.670000602046343 ], [ 91.793965403480627, 26.678895008597863 ], [ 91.806675846613132, 26.683276082025657 ], [ 91.80690657487861, 26.697243894290466 ], [ 91.821069129936518, 26.694497032911784 ], [ 91.82162694073088, 26.683924977056165 ], [ 91.839555122670788, 26.68402492231229 ], [ 91.842913449296304, 26.663280819154579 ], [ 91.857847803433458, 26.662094938030975 ], [ 91.862726358434884, 26.648701797949741 ], [ 91.853549932583519, 26.646230913326235 ], [ 91.8531297549344, 26.624735140614405 ], [ 91.856814388872976, 26.6169385014108 ], [ 91.873405507358427, 26.617501716231345 ], [ 91.875255313881667, 26.606310816191296 ], [ 91.86099638297668, 26.595635412944034 ], [ 91.883918719673375, 26.595080354075321 ], [ 91.876977222420976, 26.573578876963836 ], [ 91.871105982255472, 26.574154140001724 ], [ 91.873670455727108, 26.553328572655573 ], [ 91.864187458184688, 26.5424006451737 ], [ 91.851506416587995, 26.551907937001829 ], [ 91.839886771057763, 26.542642201276635 ], [ 91.82931177711697, 26.548603024709905 ], [ 91.839405847801686, 26.523722118381215 ], [ 91.822017611623664, 26.513559023829885 ], [ 91.823798066927395, 26.506985876297279 ], [ 91.782822000235342, 26.511321999810548 ], [ 91.78173799970898, 26.547923999692898 ], [ 91.745871999593192, 26.589939000084939 ], [ 91.753021000119134, 26.601919000361704 ], [ 91.742660999905354, 26.601144999742019 ], [ 91.749167999603742, 26.625388999902498 ], [ 91.739203999664994, 26.629714999747421 ], [ 91.750893000012013, 26.633762000216223 ], [ 91.741631000070583, 26.637510000386385 ], [ 91.748153999607382, 26.646284000306423 ], [ 91.74208605252943, 26.651051757932407 ] ] ] } },
{ "type": "Feature", "properties": { "pincode": "785107", "state": "Assam", "district": "Jorhat", "officename": "Kakajan", "officetype": "S.O" }, "geometry": { "type": "Polygon", "coordinates": [ [ [ 94.352973517913597, 26.846813317480724 ], [ 94.382272608194455, 26.851094855742986 ], [ 94.389565190881001, 26.840677626271599 ], [ 94.428622321063301, 26.829292092256424 ], [ 94.432952587292107, 26.820038780665186 ], [ 94.42215365496719, 26.819535513753124 ], [ 94.422151223200387, 26.751162736770937 ], [ 94.398997201359748, 26.731590235301269 ], [ 94.378909525054667, 26.730571307020284 ], [ 94.371760200772769, 26.750576208825066 ], [ 94.343856492283521, 26.776507046662971 ], [ 94.33982787755474, 26.800191066864329 ], [ 94.366919390317662, 26.809293158352659 ], [ 94.352973517913597, 26.846813317480724 ] ] ] } },
{ "type": "Feature", "properties": { "pincode": "784523", "state": "Assam", "district": "Udalguri", "officename": "Panerihat", "officetype": "S.O" }, "geometry": { "type": "Polygon", "coordinates": [ [ [ 91.849160141127641, 26.718497763760922 ], [ 91.855115424737221, 26.731135402277232 ], [ 91.863444292620045, 26.731475033945799 ], [ 91.868132258796891, 26.754721999820561 ], [ 91.863361378724733, 26.778304443395541 ], [ 91.850881042426295, 26.778302600684526 ], [ 91.844703662244342, 26.788579465769828 ], [ 91.848140657065869, 26.832997334159757 ], [ 91.857021331869021, 26.84470181093991 ], [ 91.821105269192913, 26.850048722070824 ], [ 91.838920593410705, 26.861938476279761 ], [ 91.867317199629156, 26.863016128491665 ], [ 91.888862609521993, 26.852228164298424 ], [ 91.888473510644076, 26.819374084546382 ], [ 91.904160393187794, 26.807118995145686 ], [ 91.909967242794096, 26.790578489605707 ], [ 91.90580085102863, 26.749467094730676 ], [ 91.912743521896175, 26.742378934240435 ], [ 91.963156861000527, 26.742534299318606 ], [ 91.975007867918862, 26.724126114128921 ], [ 91.965550357163352, 26.722649133251025 ], [ 91.970990212328616, 26.714856523909589 ], [ 91.9279828631187, 26.711366102163993 ], [ 91.92639176636709, 26.684872470388314 ], [ 91.920748800217098, 26.684619125971892 ], [ 91.900001505365367, 26.695112818501741 ], [ 91.903699112923846, 26.709110916335874 ], [ 91.881820305462782, 26.703454648313368 ], [ 91.863811407570381, 26.71156259233976 ], [ 91.863664463744044, 26.721301509057639 ], [ 91.849160141127641, 26.718497763760922 ] ] ] } },
{ "type": "Feature", "properties": { "pincode": "784524", "state": "Assam", "district": "Udalguri", "officename": "Hatigarh (Darrang)", "officetype": "S.O" }, "geometry": { "type": "Polygon", "coordinates": [ [ [ 91.903550723886781, 26.805910578810142 ], [ 91.912940978843324, 26.804279327329084 ], [ 91.916282653621636, 26.8323726650666 ], [ 91.904029845800835, 26.850255966339887 ], [ 91.933967590532063, 26.86054229768888 ], [ 91.926094054797034, 26.886789321869799 ], [ 91.939582824288095, 26.899936676336608 ], [ 91.960059094951305, 26.882876096454822 ], [ 91.952509146979594, 26.847755281780906 ], [ 91.966338468145864, 26.808707847189567 ], [ 91.98667294899758, 26.78604695959973 ], [ 91.994838590828522, 26.750775579529375 ], [ 91.96530066399464, 26.748814377581539 ], [ 91.963054765465074, 26.74229872011 ], [ 91.912743521896175, 26.742378934240435 ], [ 91.90580085102863, 26.749467094730676 ], [ 91.909967242794096, 26.790578489605707 ], [ 91.903550723886781, 26.805910578810142 ] ] ] } },
{ "type": "Feature", "properties": { "pincode": "784525", "state": "Assam", "district": "Darrang, Udalguri", "officename": "Kalaigaon", "officetype": "S.O" }, "geometry": { "type": "Polygon", "coordinates": [ [ [ 91.887146859540053, 26.541563093961656 ], [ 91.895331633548153, 26.572763999459141 ], [ 91.907866687297769, 26.570507765021432 ], [ 91.908441538446311, 26.588573905661292 ], [ 91.928349344046978, 26.591237921493075 ], [ 91.940463952149798, 26.602426109177827 ], [ 91.939562160565288, 26.612940540073907 ], [ 91.925467808292808, 26.620755454400921 ], [ 91.929672162240422, 26.639860743678469 ], [ 91.963437141011241, 26.645557742895733 ], [ 91.962885304413305, 26.652300911757777 ], [ 91.970464251923772, 26.652897014785538 ], [ 91.970445171907272, 26.681180205702105 ], [ 91.98931842800323, 26.677704551723821 ], [ 91.991271358886195, 26.64835878213222 ], [ 92.00769476819903, 26.65884432410644 ], [ 92.009804128058079, 26.674856579567574 ], [ 92.023353890469707, 26.674701023833222 ], [ 92.018714402248008, 26.652358680608813 ], [ 92.063764054267835, 26.653758183093771 ], [ 92.066722432594133, 26.625445019572112 ], [ 92.041435091156643, 26.621025466851904 ], [ 92.045051479142501, 26.610467962926236 ], [ 92.051942017210479, 26.612054202439481 ], [ 92.048048544504809, 26.594957689246087 ], [ 92.029083902000593, 26.597975992997704 ], [ 92.022552454232368, 26.590813228347884 ], [ 92.032813556000974, 26.57708555755255 ], [ 92.000011504727183, 26.56714319080578 ], [ 92.019315952469412, 26.551189368794383 ], [ 92.026365615680618, 26.53444966971648 ], [ 92.025689178013181, 26.527401481393383 ], [ 92.017445073931071, 26.527974900821221 ], [ 92.026164297044716, 26.518216147757073 ], [ 92.023251439702221, 26.503284218192277 ], [ 92.01609099440401, 26.502556804253231 ], [ 92.018012231379544, 26.485423129274182 ], [ 92.005797668128025, 26.482431727842027 ], [ 91.974904520527275, 26.496646126118037 ], [ 91.950064471298333, 26.497957243232293 ], [ 91.938537506300918, 26.508032063029361 ], [ 91.939564380092065, 26.524490157394951 ], [ 91.923981831496405, 26.520580978029841 ], [ 91.918950332392114, 26.528730197340792 ], [ 91.897848465434492, 26.5267867534061 ], [ 91.890409083712314, 26.533866493543883 ], [ 91.874038261356816, 26.526616168201826 ], [ 91.871021680706122, 26.533212374351649 ], [ 91.887146859540053, 26.541563093961656 ] ] ] } },
{ "type": "Feature", "properties": { "pincode": "785111", "state": "Assam", "district": "Jorhat", "officename": "Neamatighat", "officetype": "S.O" }, "geometry": { "type": "Polygon", "coordinates": [ [ [ 94.173036157492675, 26.84641058578012 ], [ 94.139986521960566, 26.850137455479171 ], [ 94.224152551499174, 26.872274498769229 ], [ 94.299617389331218, 26.870703232968026 ], [ 94.300214038247418, 26.864462123228577 ], [ 94.225279053085899, 26.846496974655736 ], [ 94.22628578476116, 26.832642158608792 ], [ 94.210749437037123, 26.82558637281295 ], [ 94.190218424640648, 26.835922623730198 ], [ 94.180423892049077, 26.832542792515994 ], [ 94.173036157492675, 26.84641058578012 ] ] ] } },
{ "type": "Feature", "properties": { "pincode": "784526", "state": "Assam", "district": "Udalguri", "officename": "Dimakuchi", "officetype": "S.O" }, "geometry": { "type": "Polygon", "coordinates": [ [ [ 91.785646591816771, 26.715171054600489 ], [ 91.793358415958323, 26.720329950766768 ], [ 91.785280972439125, 26.743217270560649 ], [ 91.801304062032955, 26.753054471486678 ], [ 91.79697135414483, 26.759535785648097 ], [ 91.814915517937038, 26.845917748305453 ], [ 91.857021331869021, 26.84470181093991 ], [ 91.848140657065869, 26.832997334159757 ], [ 91.844703662244342, 26.788579465769828 ], [ 91.850881042426295, 26.778302600684526 ], [ 91.863361378724733, 26.778304443395541 ], [ 91.868132258796891, 26.754721999820561 ], [ 91.863444292620045, 26.731475033945799 ], [ 91.833790780420316, 26.709183218231033 ], [ 91.839555122670788, 26.68402492231229 ], [ 91.82162694073088, 26.683924977056165 ], [ 91.817767846409083, 26.69549182518773 ], [ 91.788696918628148, 26.694507613435803 ], [ 91.785646591816771, 26.715171054600489 ] ] ] } },
{ "type": "Feature", "properties": { "pincode": "785640", "state": "Assam", "district": "Sivasagar", "officename": "Sivasagar", "officetype": "H.O" }, "geometry": { "type": "Polygon", "coordinates": [ [ [ 94.612441594304187, 26.979198967158766 ], [ 94.607983734062145, 26.986834735634602 ], [ 94.617399924566996, 26.990016843702506 ], [ 94.623898606435716, 27.012302360565513 ], [ 94.665792138996096, 26.996580369388653 ], [ 94.658617084211073, 26.982871202144395 ], [ 94.679610723156372, 26.96588628942078 ], [ 94.675475268968569, 26.95520330848592 ], [ 94.651212471178837, 26.964983485199923 ], [ 94.600894069006245, 26.957027909710348 ], [ 94.601376390707969, 26.976359984625617 ], [ 94.612441594304187, 26.979198967158766 ] ] ] } },
{ "type": "Feature", "properties": { "pincode": "784527", "state": "Assam", "district": "Udalguri", "officename": "Atterikhat", "officetype": "S.O" }, "geometry": { "type": "Polygon", "coordinates": [ [ [ 91.736969000019371, 26.72931900017187 ], [ 91.715332031048547, 26.79554939239074 ], [ 91.814915517937038, 26.845917748305453 ], [ 91.79697135414483, 26.759535785648097 ], [ 91.801304062032955, 26.753054471486678 ], [ 91.784583859357724, 26.739327699114199 ], [ 91.793358415958323, 26.720329950766768 ], [ 91.784266696350926, 26.70817965846453 ], [ 91.788696918628148, 26.694507613435803 ], [ 91.804717697863452, 26.696699974424348 ], [ 91.806675846613132, 26.683276082025657 ], [ 91.793965403480627, 26.678895008597863 ], [ 91.794985951440538, 26.670000602046343 ], [ 91.755096940271585, 26.666559786904713 ], [ 91.751179177777033, 26.652858155979231 ], [ 91.737121999880515, 26.652528999613764 ], [ 91.746681000028218, 26.683171999887861 ], [ 91.736969000019371, 26.72931900017187 ] ] ] } },
{ "type": "Feature", "properties": { "pincode": "785660", "state": "Assam", "district": "Sivasagar", "officename": "Betbari", "officetype": "S.O" }, "geometry": { "type": "Polygon", "coordinates": [ [ [ 94.667273349385766, 26.996712625487305 ], [ 94.651744584744847, 27.004325025079993 ], [ 94.664246244868536, 27.020832949980786 ], [ 94.687978472328723, 27.029753057357823 ], [ 94.691209461247809, 27.019550273925972 ], [ 94.667273349385766, 26.996712625487305 ] ] ] } },
{ "type": "Feature", "properties": { "pincode": "784529", "state": "Assam", "district": "Darrang", "officename": "Chapaichowka", "officetype": "S.O" }, "geometry": { "type": "Polygon", "coordinates": [ [ [ 92.027076245572289, 26.382537790486765 ], [ 91.997779843365151, 26.367780678335691 ], [ 91.981981397223819, 26.372827134964439 ], [ 91.971269690144084, 26.364936294474603 ], [ 91.972560934039905, 26.37458632939564 ], [ 91.952334959990537, 26.37352883818545 ], [ 91.943782661840487, 26.398377502020139 ], [ 91.955410422852879, 26.424098689902792 ], [ 91.947353161919011, 26.442181369074945 ], [ 91.932757084172238, 26.440105386654352 ], [ 91.922070710095227, 26.454722356551542 ], [ 91.940191152699583, 26.465579041539741 ], [ 91.949925872281312, 26.491106357172782 ], [ 91.962541434239938, 26.485445021470696 ], [ 91.959973861704384, 26.498139358644664 ], [ 92.016771250592797, 26.484770740377485 ], [ 92.021750973028986, 26.462048737559371 ], [ 92.029756660541523, 26.457845503267379 ], [ 92.027170790399737, 26.426130337545089 ], [ 92.047276479226241, 26.431179193565129 ], [ 92.058929868218854, 26.412721328026919 ], [ 92.044887089367819, 26.407060691997458 ], [ 92.027076245572289, 26.382537790486765 ] ] ] } },
{ "type": "Feature", "properties": { "pincode": "784528", "state": "Assam", "district": "Udalguri", "officename": "Purana Tangla", "officetype": "S.O" }, "geometry": { "type": "Polygon", "coordinates": [ [ [ 91.837011429833808, 26.710551580790991 ], [ 91.863664463744044, 26.721301509057639 ], [ 91.863811407570381, 26.71156259233976 ], [ 91.881449800068424, 26.706200699402814 ], [ 91.879462274964112, 26.669702375164547 ], [ 91.886816238178881, 26.671875405225876 ], [ 91.895246966874083, 26.644679333684223 ], [ 91.902637290578582, 26.644341746174632 ], [ 91.894459524987326, 26.604095144775158 ], [ 91.907285261205971, 26.597104972616364 ], [ 91.919481227376821, 26.605217867410772 ], [ 91.930560402840456, 26.597021042487199 ], [ 91.908441538446311, 26.588573905661292 ], [ 91.907866687297769, 26.570507765021432 ], [ 91.895331633548153, 26.572763999459141 ], [ 91.887146859540053, 26.541563093961656 ], [ 91.871021680706122, 26.533212374351649 ], [ 91.864187458184688, 26.5424006451737 ], [ 91.873670455727108, 26.553328572655573 ], [ 91.871105982255472, 26.574154140001724 ], [ 91.876977222420976, 26.573578876963836 ], [ 91.883918719673375, 26.595080354075321 ], [ 91.86099638297668, 26.595635412944034 ], [ 91.875098511686986, 26.604893773329024 ], [ 91.873405507358427, 26.617501716231345 ], [ 91.855198179452429, 26.618462482657606 ], [ 91.853549932583519, 26.646230913326235 ], [ 91.862726358434884, 26.648701797949741 ], [ 91.856072745860729, 26.663560553277023 ], [ 91.842913449296304, 26.663280819154579 ], [ 91.845198513300829, 26.67605021824312 ], [ 91.837431446504127, 26.67550091233727 ], [ 91.837011429833808, 26.710551580790991 ] ] ] } },
{ "type": "Feature", "properties": { "pincode": "785001", "state": "Assam", "district": "Jorhat", "officename": "Jorhat", "officetype": "H.O" }, "geometry": { "type": "Polygon", "coordinates": [ [ [ 94.193911484327657, 26.729859756222822 ], [ 94.179726818537972, 26.750146442604432 ], [ 94.188514668916923, 26.770581815698392 ], [ 94.208396050637418, 26.781218882645476 ], [ 94.224340117702411, 26.75385834488668 ], [ 94.227474683110188, 26.726984848472227 ], [ 94.208727431925524, 26.73514348818162 ], [ 94.193911484327657, 26.729859756222822 ] ] ] } },
{ "type": "Feature", "properties": { "pincode": "785010", "state": "Assam", "district": "Jorhat", "officename": "Chengeli Gaon", "officetype": "S.O" }, "geometry": { "type": "Polygon", "coordinates": [ [ [ 94.31308231060018, 26.777499771397345 ], [ 94.300658961641886, 26.770358218157412 ], [ 94.29075826498206, 26.743748572938387 ], [ 94.275385265617729, 26.749260371169385 ], [ 94.272207343893911, 26.759794342534974 ], [ 94.271699622639517, 26.742873555969993 ], [ 94.245956308736709, 26.754118134744203 ], [ 94.224841440280386, 26.753661240473889 ], [ 94.203976331542549, 26.787769135237568 ], [ 94.192289102859888, 26.793111375289811 ], [ 94.193931679503521, 26.810831482886726 ], [ 94.227706912344274, 26.797039745288203 ], [ 94.297458987642187, 26.808843880440918 ], [ 94.299027461048468, 26.786190306137939 ], [ 94.309095094363215, 26.786793788102955 ], [ 94.31308231060018, 26.777499771397345 ] ] ] } },
{ "type": "Feature", "properties": { "pincode": "785004", "state": "Assam", "district": "Jorhat", "officename": "Barbheta", "officetype": "S.O" }, "geometry": { "type": "Polygon", "coordinates": [ [ [ 94.145603624507771, 26.672702921802568 ], [ 94.17414579049597, 26.712427120515429 ], [ 94.210521534441284, 26.712230775130308 ], [ 94.207318900247174, 26.69689173236759 ], [ 94.186784589137574, 26.697707566750921 ], [ 94.200260036971258, 26.690555005809017 ], [ 94.198254499345865, 26.674950615378691 ], [ 94.208156771617894, 26.676626754721042 ], [ 94.214937737187029, 26.66471907612447 ], [ 94.21309501732128, 26.651072935168031 ], [ 94.193844320259245, 26.649059774888826 ], [ 94.188107831811067, 26.625952382896287 ], [ 94.171557875295775, 26.630145571760863 ], [ 94.170796129737766, 26.643197015329974 ], [ 94.162371279910758, 26.63614054425085 ], [ 94.147751770328114, 26.649414750790129 ], [ 94.145603624507771, 26.672702921802568 ] ] ] } },
{ "type": "Feature", "properties": { "pincode": "785112", "state": "Assam", "district": "Jorhat", "officename": "Teok", "officetype": "S.O" }, "geometry": { "type": "Polygon", "coordinates": [ [ [ 94.452261393148888, 26.810904632842721 ], [ 94.428622321063301, 26.829292092256424 ], [ 94.389565190881001, 26.840677626271599 ], [ 94.382272608194455, 26.851094855742986 ], [ 94.352973517913597, 26.846813317480724 ], [ 94.346241635543095, 26.877143444514445 ], [ 94.331390586506529, 26.873935618533949 ], [ 94.325017273728179, 26.892767705465246 ], [ 94.360744686518217, 26.909615442798497 ], [ 94.377338587505903, 26.937577743018494 ], [ 94.398673529060318, 26.954336262208813 ], [ 94.412674000205016, 26.942064000253538 ], [ 94.482178000214617, 26.933933000307832 ], [ 94.481422000425141, 26.902207999599568 ], [ 94.489165999611373, 26.886362000006386 ], [ 94.451620809652752, 26.879739351090222 ], [ 94.440031947016848, 26.885660957787081 ], [ 94.440586080483399, 26.87005013450613 ], [ 94.473290629059534, 26.86949345775696 ], [ 94.47421803423498, 26.858577439097701 ], [ 94.494949000096426, 26.863067999588623 ], [ 94.489890999769955, 26.83382399997771 ], [ 94.495679473528924, 26.82710425036089 ], [ 94.487955121831646, 26.814040316107935 ], [ 94.477895540147188, 26.812303477923194 ], [ 94.452261393148888, 26.810904632842721 ] ] ] } },
{ "type": "Feature", "properties": { "pincode": "785005", "state": "Assam", "district": "Jorhat", "officename": "Jorhat Air Field", "officetype": "S.O" }, "geometry": { "type": "Polygon", "coordinates": [ [ [ 94.161594667659983, 26.71726439033938 ], [ 94.158491519168365, 26.727963778505568 ], [ 94.190550429159089, 26.741494862897582 ], [ 94.193911484327657, 26.729859756222822 ], [ 94.185324414790102, 26.722257858013791 ], [ 94.185685630187777, 26.708894664457432 ], [ 94.161594667659983, 26.71726439033938 ] ] ] } },
{ "type": "Feature", "properties": { "pincode": "785013", "state": "Assam", "district": "Jorhat", "officename": "Assam Agriculture University", "officetype": "S.O" }, "geometry": { "type": "Polygon", "coordinates": [ [ [ 94.210521534441284, 26.712230775130308 ], [ 94.186497650546301, 26.715018429756924 ], [ 94.185324414790102, 26.722257858013791 ], [ 94.19528509712967, 26.73261732492972 ], [ 94.212727176618102, 26.73439475041738 ], [ 94.210521534441284, 26.712230775130308 ] ] ] } },
{ "type": "Feature", "properties": { "pincode": "785006", "state": "Assam", "district": "Jorhat", "officename": "Jorhat Reserch Lab", "officetype": "S.O" }, "geometry": { "type": "Polygon", "coordinates": [ [ [ 94.011290672826419, 26.754693615418205 ], [ 94.042774376436455, 26.772069054243502 ], [ 94.056036439430159, 26.771130571218919 ], [ 94.054318201923593, 26.758810102004645 ], [ 94.065782282726275, 26.757631202318294 ], [ 94.09082364789316, 26.776068344778537 ], [ 94.116391273838303, 26.778779756680478 ], [ 94.156703059898291, 26.775265381492261 ], [ 94.15825380496932, 26.761925164714626 ], [ 94.186422203721861, 26.765282684648184 ], [ 94.179671164892397, 26.749719422013811 ], [ 94.184427514618164, 26.742231603705648 ], [ 94.158491519168365, 26.727963778505568 ], [ 94.162991661935791, 26.721771246546041 ], [ 94.15692857749184, 26.713177020203375 ], [ 94.14559976551692, 26.734908412593313 ], [ 94.118751566132005, 26.721068045054324 ], [ 94.097422839792443, 26.720055334685981 ], [ 94.083413181173626, 26.728660084895182 ], [ 94.047707356609408, 26.730842111774223 ], [ 94.050890824451983, 26.739830725008005 ], [ 94.014998716117987, 26.745851358753384 ], [ 94.011290672826419, 26.754693615418205 ] ] ] } },
{ "type": "Feature", "properties": { "pincode": "785007", "state": "Assam", "district": "Jorhat", "officename": "Jorhat Engg College", "officetype": "S.O" }, "geometry": { "type": "Polygon", "coordinates": [ [ [ 94.220795051350649, 26.751695779336785 ], [ 94.23053287359329, 26.756883643565288 ], [ 94.271699622639517, 26.742873555969993 ], [ 94.272207343893911, 26.759794342534974 ], [ 94.287789727913832, 26.71770304995573 ], [ 94.256362766128859, 26.708578683159772 ], [ 94.226171081630298, 26.733608851767031 ], [ 94.220795051350649, 26.751695779336785 ] ] ] } },
{ "type": "Feature", "properties": { "pincode": "785014", "state": "Assam", "district": "Jorhat", "officename": "Rajabari", "officetype": "S.O" }, "geometry": { "type": "Polygon", "coordinates": [ [ [ 94.54705580038501, 26.752889529528261 ], [ 94.551261999741484, 26.74739099989489 ], [ 94.560409999821786, 26.756303999929798 ], [ 94.567328999633617, 26.74827200005285 ], [ 94.576096000130406, 26.751777999854994 ], [ 94.573898000392433, 26.743173999680437 ], [ 94.586226999676342, 26.725594000163142 ], [ 94.605086999765319, 26.712203999614985 ], [ 94.598740000250871, 26.714938999835056 ], [ 94.592812000273568, 26.697719999878132 ], [ 94.58321400012602, 26.700596000305325 ], [ 94.571273999895368, 26.685077999649991 ], [ 94.563362000156303, 26.685677000293367 ], [ 94.561561999886578, 26.703205000110813 ], [ 94.523209000195209, 26.699511999778963 ], [ 94.515953000130992, 26.682431999936966 ], [ 94.490914229508235, 26.66789521269402 ], [ 94.477554210558424, 26.690092789350842 ], [ 94.496916238293863, 26.719572342989352 ], [ 94.490370690055499, 26.739119696716671 ], [ 94.521000678938321, 26.760715108015859 ], [ 94.520189352856448, 26.746616655734158 ], [ 94.54705580038501, 26.752889529528261 ] ] ] } },
{ "type": "Feature", "properties": { "pincode": "785661", "state": "Assam", "district": "Sivasagar", "officename": "Charing", "officetype": "S.O" }, "geometry": { "type": "Polygon", "coordinates": [ [ [ 94.572647575824988, 26.899197148529822 ], [ 94.547551657782833, 26.88756395021619 ], [ 94.545722086904732, 26.895121078375155 ], [ 94.517897335293867, 26.889682733171639 ], [ 94.524959133956884, 26.932089910820935 ], [ 94.535915351412484, 26.95047189965851 ], [ 94.563555375080512, 26.955429023930492 ], [ 94.571741788552799, 26.930646316374634 ], [ 94.561478187568412, 26.9245271843821 ], [ 94.577090287886733, 26.914879083902633 ], [ 94.572647575824988, 26.899197148529822 ] ] ] } },
{ "type": "Feature", "properties": { "pincode": "785101", "state": "Assam", "district": "Jorhat", "officename": "Bahana", "officetype": "S.O" }, "geometry": { "type": "Polygon", "coordinates": [ [ [ 94.300214038247418, 26.864462123228577 ], [ 94.296047784977418, 26.84339240613474 ], [ 94.30378749889411, 26.843398728368811 ], [ 94.304186498408228, 26.831491385219294 ], [ 94.318395430604767, 26.830549738379887 ], [ 94.322026961375286, 26.821323073701024 ], [ 94.272351942288481, 26.800885963116684 ], [ 94.227706912344274, 26.797039745288203 ], [ 94.206548093120091, 26.810894774474377 ], [ 94.189806990200509, 26.808312757927638 ], [ 94.187704738582909, 26.822832540789193 ], [ 94.22628578476116, 26.832642158608792 ], [ 94.225279053085899, 26.846496974655736 ], [ 94.300214038247418, 26.864462123228577 ] ] ] } },
{ "type": "Feature", "properties": { "pincode": "785008", "state": "Assam", "district": "Jorhat", "officename": "Cinnamara", "officetype": "S.O" }, "geometry": { "type": "Polygon", "coordinates": [ [ [ 94.24700054034281, 26.703771617966026 ], [ 94.210106241010351, 26.711040610535861 ], [ 94.213464388670786, 26.728358394724239 ], [ 94.227474683110188, 26.726984848472227 ], [ 94.227879763840065, 26.734619295843913 ], [ 94.244275008185127, 26.7249376965176 ], [ 94.24700054034281, 26.703771617966026 ] ] ] } },
{ "type": "Feature", "properties": { "pincode": "785102", "state": "Assam", "district": "Majuli", "officename": "Dakhin Pat Satra", "officetype": "S.O" }, "geometry": { "type": "Polygon", "coordinates": [ [ [ 94.224152551499174, 26.872274498769229 ], [ 94.197448651034392, 26.899605041439486 ], [ 94.229565112240266, 26.929973367177297 ], [ 94.252061639733029, 26.937745228259814 ], [ 94.256037477747384, 26.927045917435294 ], [ 94.268442538092756, 26.924403420581427 ], [ 94.271832875187215, 26.942121748419993 ], [ 94.28377955738074, 26.940533779510531 ], [ 94.284981873614697, 26.919963787798622 ], [ 94.29321238984005, 26.920222316806587 ], [ 94.282646566286189, 26.903099293397815 ], [ 94.243694076720431, 26.901232149744089 ], [ 94.248026263001805, 26.870510431811113 ], [ 94.224152551499174, 26.872274498769229 ] ] ] } },
{ "type": "Feature", "properties": { "pincode": "787030", "state": "Assam", "district": "Dhemaji", "officename": "Boginadi", "officetype": "S.O" }, "geometry": { "type": "Polygon", "coordinates": [ [ [ 95.228010207605166, 27.671983432489583 ], [ 95.236275788397052, 27.722403970666903 ], [ 95.221310090188695, 27.720973145694302 ], [ 95.219381193687184, 27.73490609214258 ], [ 95.224593993418239, 27.750794171913526 ], [ 95.242175393179878, 27.7660279796076 ], [ 95.276648600652493, 27.762330290210798 ], [ 95.275036136008907, 27.750452584219374 ], [ 95.322825646386548, 27.728142652561417 ], [ 95.344093000291878, 27.702003000238392 ], [ 95.266060498193553, 27.692819867243202 ], [ 95.249351350884183, 27.676019371297116 ], [ 95.228010207605166, 27.671983432489583 ] ] ] } },
{ "type": "Feature", "properties": { "pincode": "785015", "state": "Assam", "district": "Jorhat", "officename": "Korokatoly", "officetype": "S.O" }, "geometry": { "type": "Polygon", "coordinates": [ [ [ 94.115489075760252, 26.792331485010209 ], [ 94.110543475401187, 26.829378448756529 ], [ 94.101716294071821, 26.821371212611439 ], [ 94.091595788714869, 26.832388306075472 ], [ 94.110625231869051, 26.846068050200472 ], [ 94.146602392686304, 26.849644104491915 ], [ 94.173036157492675, 26.84641058578012 ], [ 94.180423892049077, 26.832542792515994 ], [ 94.197469446957598, 26.829765560132728 ], [ 94.187704738582909, 26.822832540789193 ], [ 94.192289102859888, 26.793111375289811 ], [ 94.208396050637418, 26.781218882645476 ], [ 94.186422203721861, 26.765282684648184 ], [ 94.174988238516448, 26.768629873170084 ], [ 94.16490090105583, 26.760952351869605 ], [ 94.15825380496932, 26.761925164714626 ], [ 94.156703059898291, 26.775265381492261 ], [ 94.142717532788026, 26.774827367589069 ], [ 94.143312934344522, 26.787957580078285 ], [ 94.129124877211439, 26.800349394309194 ], [ 94.115489075760252, 26.792331485010209 ] ] ] } },
{ "type": "Feature", "properties": { "pincode": "785603", "state": "Assam", "district": "Golaghat", "officename": "Oating", "officetype": "S.O" }, "geometry": { "type": "Polygon", "coordinates": [ [ [ 94.036611368320166, 26.437698450123378 ], [ 94.025194704272224, 26.446554156149432 ], [ 94.033290880669767, 26.457629223509912 ], [ 94.058987312914212, 26.46393539650154 ], [ 94.060759461180226, 26.445896307468843 ], [ 94.07068331538278, 26.453489010109877 ], [ 94.077919227290693, 26.4425830476697 ], [ 94.098648379219526, 26.439059794374202 ], [ 94.081828900383528, 26.402129412442491 ], [ 94.086658213905594, 26.382926465783896 ], [ 94.050780683581877, 26.373673166783249 ], [ 94.051239083317114, 26.392485393086588 ], [ 94.022070359659494, 26.371809381198034 ], [ 93.966995318179386, 26.370414213445315 ], [ 93.963353782451179, 26.378809165310884 ], [ 93.94952559802806, 26.378725194712047 ], [ 93.947259334351031, 26.397418883175021 ], [ 93.961546737791821, 26.404708507091982 ], [ 93.946264230909605, 26.408194914263959 ], [ 93.960890714734774, 26.412949621827636 ], [ 93.954864552857032, 26.426031936424806 ], [ 93.967477206408091, 26.440365205290107 ], [ 93.983904759796985, 26.440332626449674 ], [ 93.994143162677005, 26.45028007886259 ], [ 94.005190266517729, 26.445117995499118 ], [ 94.005572020632314, 26.436806140091278 ], [ 94.016533864246639, 26.437801657220803 ], [ 94.020648232030339, 26.424320327820965 ], [ 94.02724027431924, 26.422616021712088 ], [ 94.025864260327467, 26.431758011622946 ], [ 94.031846735838315, 26.431871172416777 ], [ 94.043673875648949, 26.419839845132799 ], [ 94.060000525104272, 26.421658159196738 ], [ 94.053484346925188, 26.442889142719821 ], [ 94.036611368320166, 26.437698450123378 ] ] ] } },
{ "type": "Feature", "properties": { "pincode": "785108", "state": "Assam", "district": "Golaghat, Jorhat, Majuli", "officename": "Kakilamukh", "officetype": "S.O" }, "geometry": { "type": "Polygon", "coordinates": [ [ [ 93.655513048288583, 26.763862738774378 ], [ 93.66265833911109, 26.777284775871806 ], [ 93.702507206342489, 26.775744670680183 ], [ 93.722876830001724, 26.78561840926227 ], [ 93.717178214702983, 26.795063670352135 ], [ 93.722299188257011, 26.79908400142574 ], [ 93.733763332911735, 26.792774213159419 ], [ 93.744080680079435, 26.798017701355946 ], [ 93.755073999965134, 26.805186999580371 ], [ 93.765470362467397, 26.832220363978593 ], [ 93.787874802979843, 26.817133932684897 ], [ 93.82115040396809, 26.814915559705526 ], [ 93.834217331165064, 26.824475222653518 ], [ 93.825540967042059, 26.844323710770766 ], [ 93.833595226938428, 26.860629325982586 ], [ 93.88751880255063, 26.872964842653516 ], [ 93.887328158867604, 26.897598371567767 ], [ 93.944983049528219, 26.929860565212891 ], [ 93.9667850665777, 26.918302715697791 ], [ 93.954714232076299, 26.900924058198939 ], [ 93.955660354841541, 26.886767350532864 ], [ 93.994107609778382, 26.858515331917147 ], [ 93.996175496502133, 26.830374999207038 ], [ 94.015848157266703, 26.841393932684014 ], [ 94.015279438595257, 26.830697633688999 ], [ 94.07331863924378, 26.845969585228318 ], [ 94.110625231869051, 26.846068050200472 ], [ 94.091595788714869, 26.832388306075472 ], [ 94.101716294071821, 26.821371212611439 ], [ 94.110543475401187, 26.829378448756529 ], [ 94.115489075760252, 26.792331485010209 ], [ 94.129124877211439, 26.800349394309194 ], [ 94.143312934344522, 26.787957580078285 ], [ 94.142717532788026, 26.774827367589069 ], [ 94.09082364789316, 26.776068344778537 ], [ 94.061469891422519, 26.757335423391112 ], [ 94.054318201923593, 26.758810102004645 ], [ 94.057944594867195, 26.769642170749705 ], [ 94.042774376436455, 26.772069054243502 ], [ 94.011290672826419, 26.754693615418205 ], [ 93.990366960666677, 26.777944956494707 ], [ 93.962501763845466, 26.779191879101973 ], [ 93.955445323342929, 26.796218609401421 ], [ 93.935557303726569, 26.779385040887064 ], [ 93.917429529849016, 26.775439711473666 ], [ 93.90936693143891, 26.762344104896727 ], [ 93.86995096096814, 26.754616387935982 ], [ 93.81149578610183, 26.765746844541297 ], [ 93.766760917482429, 26.746811779839845 ], [ 93.712948209392323, 26.765956918077279 ], [ 93.655513048288583, 26.763862738774378 ] ] ] } },
{ "type": "Feature", "properties": { "pincode": "785604", "state": "Assam", "district": "Golaghat", "officename": "Naojaan", "officetype": "B.O" }, "geometry": { "type": "Polygon", "coordinates": [ [ [ 94.042076409898527, 26.421051874044906 ], [ 94.031977468485422, 26.434380662237857 ], [ 94.053484346925188, 26.442889142719821 ], [ 94.060000525104272, 26.421658159196738 ], [ 94.042076409898527, 26.421051874044906 ] ] ] } },
{ "type": "Feature", "properties": { "pincode": "785110", "state": "Assam", "district": "Majuli", "officename": "Majulibongaon", "officetype": "S.O" }, "geometry": { "type": "Polygon", "coordinates": [ [ [ 94.375170818478523, 26.933626572508444 ], [ 94.360744686518217, 26.909615442798497 ], [ 94.30385528169603, 26.887811768298491 ], [ 94.29657864668718, 26.871672033937386 ], [ 94.248026263001805, 26.870510431811113 ], [ 94.243345259376326, 26.878198697312143 ], [ 94.243694076720431, 26.901232149744089 ], [ 94.273729016580944, 26.897829433481718 ], [ 94.29321238984005, 26.920222316806587 ], [ 94.284981873614697, 26.919963787798622 ], [ 94.287866121724221, 26.9650333373188 ], [ 94.29485103194969, 26.965455685931204 ], [ 94.289170949879576, 26.977004654641291 ], [ 94.309585168221133, 26.985236591795285 ], [ 94.31177346337472, 26.998401284291958 ], [ 94.341219751990025, 27.019481581909474 ], [ 94.338902298002722, 27.025992586289021 ], [ 94.39047634440783, 27.064379856445214 ], [ 94.386494187756625, 27.070939532133934 ], [ 94.404788551150773, 27.073596615991221 ], [ 94.409346136315321, 27.097500019510335 ], [ 94.430859232667501, 27.110846443408832 ], [ 94.46114932458164, 27.111725159288767 ], [ 94.473974847661339, 27.133945890790358 ], [ 94.484337240970945, 27.133714535697436 ], [ 94.498298333501396, 27.118295038685233 ], [ 94.529022564140121, 27.146958416197947 ], [ 94.538735809709976, 27.174799234197394 ], [ 94.572159742178485, 27.180852635640804 ], [ 94.591323213995338, 27.141575490816422 ], [ 94.539581474605427, 27.104600427867581 ], [ 94.529554110234187, 27.060477135111739 ], [ 94.511125991571362, 27.041296804603917 ], [ 94.480988000196135, 27.029361999756588 ], [ 94.466980497252223, 27.00057783699782 ], [ 94.375170818478523, 26.933626572508444 ] ] ] } },
{ "type": "Feature", "properties": { "pincode": "785612", "state": "Assam", "district": "Golaghat", "officename": "Bokakhat", "officetype": "S.O" }, "geometry": { "type": "Polygon", "coordinates": [ [ [ 93.49430800041398, 26.756961999696614 ], [ 93.535834999885481, 26.753733000078 ], [ 93.564201000375988, 26.736131999592146 ], [ 93.567481999694621, 26.723813999916217 ], [ 93.653154697631237, 26.705887067134597 ], [ 93.65240549581705, 26.693963315854376 ], [ 93.633540320129669, 26.691428034376315 ], [ 93.629431142333431, 26.667902484612057 ], [ 93.639792030178171, 26.653076998804522 ], [ 93.630577337274531, 26.642758267580177 ], [ 93.640270242877477, 26.621974730049885 ], [ 93.63224760134591, 26.608744444600461 ], [ 93.639169212789056, 26.597246950386534 ], [ 93.626868999904559, 26.590523000036626 ], [ 93.623482000194315, 26.564726000204871 ], [ 93.614594000413035, 26.56617000024545 ], [ 93.616141999853483, 26.576704000389441 ], [ 93.588119999938158, 26.568402999798707 ], [ 93.589301999587803, 26.603545999848109 ], [ 93.560676999743919, 26.60833000012957 ], [ 93.53456899995939, 26.594933000157937 ], [ 93.510277000283452, 26.595459000132905 ], [ 93.50007608114629, 26.611295890493068 ], [ 93.501086956897609, 26.658240653283599 ], [ 93.481742009086474, 26.719886552622427 ], [ 93.49430800041398, 26.756961999696614 ] ] ] } },
{ "type": "Feature", "properties": { "pincode": "785601", "state": "Assam", "district": "Golaghat", "officename": "Sarupathar", "officetype": "S.O" }, "geometry": { "type": "Polygon", "coordinates": [ [ [ 93.79362883899978, 26.015433898156004 ], [ 93.786964000188618, 26.023634000209029 ], [ 93.79904899991152, 26.032330000129321 ], [ 93.788321999860443, 26.030769000089379 ], [ 93.783072999719252, 26.038979000080872 ], [ 93.795624000247528, 26.040906999958111 ], [ 93.795639000039898, 26.060737999858986 ], [ 93.805450000117446, 26.065792000000783 ], [ 93.798416000398277, 26.071984999608105 ], [ 93.808220000153028, 26.070022999961623 ], [ 93.806213000229832, 26.093108999780668 ], [ 93.81641400030594, 26.089998000207686 ], [ 93.810791000004826, 26.104827999712541 ], [ 93.824592999767276, 26.114461999721698 ], [ 93.818985000157681, 26.121239000179742 ], [ 93.828384000121616, 26.12777300022384 ], [ 93.823769000439142, 26.136579999867195 ], [ 93.831160999580618, 26.129934000054163 ], [ 93.833923000146513, 26.149213999726499 ], [ 93.82715600014933, 26.152248000245038 ], [ 93.838714999897434, 26.158470000290322 ], [ 93.826545999898144, 26.166337999798998 ], [ 93.824607999559589, 26.174643999720786 ], [ 93.836365000344472, 26.174776000412237 ], [ 93.830261000344933, 26.186789999559039 ], [ 93.860987823729147, 26.183628819614398 ], [ 93.863617936019011, 26.199099721874802 ], [ 93.915115597606928, 26.188616977691538 ], [ 93.91530932236742, 26.183000700721834 ], [ 93.943099873660344, 26.194794897466579 ], [ 93.945739856009652, 26.179830297330454 ], [ 93.972836366305273, 26.184570539298988 ], [ 93.975031136577684, 26.156250686620069 ], [ 93.989331058581683, 26.152651930742081 ], [ 93.990898000442428, 26.129471000286571 ], [ 93.998459000182834, 26.126560000044094 ], [ 93.991370999771902, 26.113700999701507 ], [ 94.002243000214378, 26.110425999760082 ], [ 93.986510999583118, 26.083863999723974 ], [ 93.991172999634387, 26.068185999784077 ], [ 93.965927000031172, 26.037968000223145 ], [ 93.954895000304077, 26.002896999896734 ], [ 93.960578999821166, 25.992552000374644 ], [ 93.955963000092424, 25.969730000139577 ], [ 93.969131000295533, 25.956333000168001 ], [ 93.982529000313264, 25.921717000139438 ], [ 93.959694000378022, 25.900729999989608 ], [ 93.915771000131713, 25.88320700040282 ], [ 93.882567999613627, 25.841496999686967 ], [ 93.84225500036797, 25.858289999783722 ], [ 93.824202999768772, 25.84279300009689 ], [ 93.818725999904984, 25.821923999992691 ], [ 93.795669999670849, 25.810084999922992 ], [ 93.779770000285282, 25.842096000330343 ], [ 93.798355000283095, 25.90548900001744 ], [ 93.789527999717563, 25.948430999990762 ], [ 93.769797999977811, 25.963026000349828 ], [ 93.784233000152881, 25.979938999685089 ], [ 93.790672000312611, 25.973421000378892 ], [ 93.804520000397929, 25.976562999582825 ], [ 93.795615999878635, 25.991707000078236 ], [ 93.807808000039188, 25.994723999812891 ], [ 93.804611000097623, 26.000525000228606 ], [ 93.792702000397071, 25.997835000285079 ], [ 93.784751999805053, 26.007524000132491 ], [ 93.79362883899978, 26.015433898156004 ] ] ] } },
{ "type": "Feature", "properties": { "pincode": "785614", "state": "Assam", "district": "Golaghat", "officename": "Dergaon", "officetype": "S.O" }, "geometry": { "type": "Polygon", "coordinates": [ [ [ 93.861809813072568, 26.699816599256735 ], [ 93.894432006232137, 26.743902035051065 ], [ 93.90616218383775, 26.730500925177523 ], [ 93.927748219704824, 26.747691365364233 ], [ 93.960723443532231, 26.756230331964389 ], [ 93.972337141845685, 26.742600357220681 ], [ 93.971752994405222, 26.724318387383676 ], [ 93.961993254785, 26.716566967891424 ], [ 93.977749531715631, 26.667859793794605 ], [ 93.92887637064814, 26.663118122803269 ], [ 93.92390891406518, 26.671417315756571 ], [ 93.910918586623723, 26.661363612041157 ], [ 93.906730737033911, 26.683158069389322 ], [ 93.873152515975903, 26.682049219695841 ], [ 93.861809813072568, 26.699816599256735 ] ] ] } },
{ "type": "Feature", "properties": { "pincode": "785602", "state": "Assam", "district": "Golaghat", "officename": "Barpathar", "officetype": "S.O" }, "geometry": { "type": "Polygon", "coordinates": [ [ [ 93.836707999974408, 26.201808999685625 ], [ 93.844978000034814, 26.21932199971053 ], [ 93.857551999824977, 26.219287999941344 ], [ 93.864700000304879, 26.235695000224325 ], [ 93.859650000347244, 26.244266999822287 ], [ 93.85014299989956, 26.240770000435191 ], [ 93.857468000447909, 26.246667999928434 ], [ 93.869164000218575, 26.246496000090417 ], [ 93.864005999777078, 26.252999999650285 ], [ 93.877173999980187, 26.265568000063297 ], [ 93.869652000239739, 26.267443000194476 ], [ 93.873886000338757, 26.275197999887894 ], [ 93.884795999835603, 26.272271999853103 ], [ 93.870612999590435, 26.296567999713602 ], [ 93.888237000237382, 26.302850999873726 ], [ 93.879416999994703, 26.313630999671091 ], [ 93.889328000187163, 26.314713000104859 ], [ 93.887299000148744, 26.321192000310532 ], [ 93.897643999670834, 26.316820000143139 ], [ 93.889877000323338, 26.32329400011804 ], [ 93.895812999770158, 26.328129000053536 ], [ 93.890471999883005, 26.327613999686378 ], [ 93.891791999601082, 26.342061999561622 ], [ 93.885558999947932, 26.341881000207991 ], [ 93.886046999969324, 26.363046999619485 ], [ 93.894867000212002, 26.372288000390995 ], [ 93.886046999969324, 26.376735999566904 ], [ 93.905486951261935, 26.403261390001262 ], [ 93.90924787918641, 26.388387604304683 ], [ 93.916931130067837, 26.388537526685639 ], [ 93.913806337592575, 26.406971719369437 ], [ 93.938174670824537, 26.410430684628579 ], [ 93.941524227261368, 26.424260116411403 ], [ 93.952634771077896, 26.428345495448241 ], [ 93.961362950539922, 26.41389348459677 ], [ 93.951140114924385, 26.413770506803473 ], [ 93.947412819845738, 26.404583656011027 ], [ 93.961546737791821, 26.404708507091982 ], [ 93.947259334351031, 26.397418883175021 ], [ 93.948917101443158, 26.379808330989761 ], [ 93.963353782451179, 26.378809165310884 ], [ 93.966995318179386, 26.370414213445315 ], [ 93.94806479055768, 26.348385746205281 ], [ 93.960809694811587, 26.337589019917345 ], [ 93.958033541614668, 26.312408273323172 ], [ 93.963530614346439, 26.292317401726791 ], [ 93.972154026387386, 26.291845478885875 ], [ 93.964233418337585, 26.279896863149929 ], [ 93.973656072270103, 26.252189131323519 ], [ 94.044479000005822, 26.235559000247747 ], [ 94.035933999854308, 26.198763000412214 ], [ 94.004997000411322, 26.168880000111983 ], [ 93.999831999647199, 26.153840999962426 ], [ 94.005370999672039, 26.137439999956143 ], [ 93.993347000063977, 26.132984000411284 ], [ 93.989331058581683, 26.152651930742081 ], [ 93.975031136577684, 26.156250686620069 ], [ 93.972836366305273, 26.184570539298988 ], [ 93.945739856009652, 26.179830297330454 ], [ 93.943099873660344, 26.194794897466579 ], [ 93.91530932236742, 26.183000700721834 ], [ 93.915115597606928, 26.188616977691538 ], [ 93.863617936019011, 26.199099721874802 ], [ 93.860987823729147, 26.183628819614398 ], [ 93.835487000324918, 26.190805000350622 ], [ 93.833321000263993, 26.198262999837539 ], [ 93.844513000175027, 26.202694000028146 ], [ 93.836707999974408, 26.201808999685625 ] ] ] } },
{ "type": "Feature", "properties": { "pincode": "785611", "state": "Assam", "district": "Golaghat", "officename": "Badulipaar", "officetype": "S.O" }, "geometry": { "type": "Polygon", "coordinates": [ [ [ 93.770316359312631, 26.716989822822029 ], [ 93.754445096863833, 26.738687898927481 ], [ 93.766019992129031, 26.746540165696217 ], [ 93.81149578610183, 26.765746844541297 ], [ 93.86995096096814, 26.754616387935982 ], [ 93.893603520186332, 26.762198206981623 ], [ 93.893423541563209, 26.739124095300724 ], [ 93.863506537896512, 26.708742196994933 ], [ 93.863098271768024, 26.693988521153415 ], [ 93.87772460090963, 26.680358728972294 ], [ 93.906730737033911, 26.683158069389322 ], [ 93.897196196647201, 26.646657283706702 ], [ 93.906519789356992, 26.633939414872202 ], [ 93.919639812527464, 26.637956943658082 ], [ 93.939037743896904, 26.620800095847926 ], [ 93.911327947227107, 26.610236108709501 ], [ 93.914617538668665, 26.603575339330632 ], [ 93.900602727833757, 26.612338499722114 ], [ 93.884008682954402, 26.602509863039757 ], [ 93.875423099096849, 26.631742842358278 ], [ 93.811233740744683, 26.632487576340623 ], [ 93.807570990009253, 26.640462569092335 ], [ 93.818757845798018, 26.648143751533041 ], [ 93.824746721783924, 26.668328482673417 ], [ 93.812325349535286, 26.672099256375589 ], [ 93.775727497326216, 26.662763433785528 ], [ 93.770316359312631, 26.716989822822029 ] ] ] } },
{ "type": "Feature", "properties": { "pincode": "785613", "state": "Assam", "district": "Golaghat", "officename": "Letekujaan", "officetype": "S.O" }, "geometry": { "type": "Polygon", "coordinates": [ [ [ 93.813344696000968, 26.584166914671357 ], [ 93.816054934287934, 26.577984693439021 ], [ 93.829055700160495, 26.589926034559028 ], [ 93.830501712883915, 26.574370054634414 ], [ 93.845077027083221, 26.559900066335103 ], [ 93.856104732547408, 26.563844866947136 ], [ 93.860498048446232, 26.547773206768227 ], [ 93.871283067359684, 26.561622133155083 ], [ 93.893057370001713, 26.547125602264884 ], [ 93.824532276643311, 26.496836005377361 ], [ 93.825115025637956, 26.426017154268322 ], [ 93.818333874808673, 26.4229737144654 ], [ 93.787757999931898, 26.434319000221763 ], [ 93.794623999997839, 26.440896999596987 ], [ 93.788787999766498, 26.463360000363821 ], [ 93.77382699961646, 26.474797999927887 ], [ 93.780472000282771, 26.479309000210321 ], [ 93.767379999986986, 26.506571000151609 ], [ 93.7595979999478, 26.507054999988441 ], [ 93.760215999668674, 26.527182000049322 ], [ 93.735893000361784, 26.537519000101895 ], [ 93.742454999898428, 26.543293000171786 ], [ 93.737288999987527, 26.549614000285885 ], [ 93.741913000084821, 26.56961599997851 ], [ 93.752982999765834, 26.576997999558102 ], [ 93.762222844908365, 26.567232113970988 ], [ 93.780699268856324, 26.575996045081581 ], [ 93.807036038182787, 26.571138997366972 ], [ 93.813344696000968, 26.584166914671357 ] ] ] } },
{ "type": "Feature", "properties": { "pincode": "785617", "state": "Assam", "district": "Jorhat", "officename": "Dahotia", "officetype": "S.O" }, "geometry": { "type": "Polygon", "coordinates": [ [ [ 94.129015159022572, 26.727435196577119 ], [ 94.14559976551692, 26.734908412593313 ], [ 94.150892072511169, 26.71867964085277 ], [ 94.171617798922341, 26.709018632404081 ], [ 94.153987566872843, 26.681072456129129 ], [ 94.152373623743813, 26.692873699062034 ], [ 94.129748894296199, 26.694603555809465 ], [ 94.129015159022572, 26.727435196577119 ] ] ] } },
{ "type": "Feature", "properties": { "pincode": "785616", "state": "Assam", "district": "Jorhat", "officename": "Gatanga", "officetype": "S.O" }, "geometry": { "type": "Polygon", "coordinates": [ [ [ 94.129015159022572, 26.727435196577119 ], [ 94.129748894296199, 26.694603555809465 ], [ 94.152373623743813, 26.692873699062034 ], [ 94.153987566872843, 26.681072456129129 ], [ 94.14413801106042, 26.673086256026124 ], [ 94.147751770328114, 26.649414750790129 ], [ 94.162371279910758, 26.63614054425085 ], [ 94.170796129737766, 26.643197015329974 ], [ 94.171557875295775, 26.630145571760863 ], [ 94.188107831811067, 26.625952382896287 ], [ 94.187936935441257, 26.619864964596559 ], [ 94.166087836184886, 26.617024463108635 ], [ 94.169565661126512, 26.597413398709421 ], [ 94.161661106874647, 26.604496747826772 ], [ 94.143663233771292, 26.602564637148419 ], [ 94.148167916316538, 26.59265383570613 ], [ 94.105151621550135, 26.56679479074711 ], [ 94.098267203368835, 26.575243850323545 ], [ 94.083179004907322, 26.575698757991347 ], [ 94.078515629792491, 26.593984093990798 ], [ 94.101730431414467, 26.645211845650124 ], [ 94.089120084624426, 26.660648649215887 ], [ 94.06179397111481, 26.667034808809376 ], [ 94.047145568113478, 26.719419082324919 ], [ 94.050890824451983, 26.729905797914341 ], [ 94.106730594541432, 26.719112934214706 ], [ 94.129015159022572, 26.727435196577119 ] ] ] } },
{ "type": "Feature", "properties": { "pincode": "785618", "state": "Assam", "district": "Golaghat", "officename": "Baruabamungaon", "officetype": "S.O" }, "geometry": { "type": "Polygon", "coordinates": [ [ [ 93.898459441949683, 26.649808261741953 ], [ 93.905679257791576, 26.666264822763424 ], [ 93.910918586623723, 26.661363612041157 ], [ 93.92390891406518, 26.671417315756571 ], [ 93.92887637064814, 26.663118122803269 ], [ 93.977749531715631, 26.667859793794605 ], [ 93.976643534671439, 26.676005512944073 ], [ 93.994660350195204, 26.678695286258574 ], [ 94.002483144381699, 26.678641731630648 ], [ 94.004749882001533, 26.667026422631409 ], [ 94.017487611464162, 26.671382091110786 ], [ 94.023764385617937, 26.675549979348204 ], [ 94.017429928948161, 26.690487304845419 ], [ 94.037720168550948, 26.70587626267951 ], [ 94.029869551138972, 26.707265882514491 ], [ 94.029846849552598, 26.719941315939138 ], [ 94.047145568113478, 26.719353850899722 ], [ 94.056354786844054, 26.673232844620202 ], [ 94.026244473903432, 26.654005748466545 ], [ 94.027880885694401, 26.625030593986935 ], [ 94.008902019512675, 26.621832879084081 ], [ 94.008278909843909, 26.585781673485485 ], [ 93.97988971853573, 26.588507857651734 ], [ 93.976187490260543, 26.62769023461675 ], [ 93.939037743896904, 26.620800095847926 ], [ 93.919639812527464, 26.637956943658082 ], [ 93.906519789356992, 26.633939414872202 ], [ 93.898459441949683, 26.649808261741953 ] ] ] } },
{ "type": "Feature", "properties": { "pincode": "785621", "state": "Assam", "district": "Golaghat", "officename": "Golaghat", "officetype": "H.O" }, "geometry": { "type": "Polygon", "coordinates": [ [ [ 93.93407432437067, 26.500995066769008 ], [ 93.950910598045823, 26.509411573585282 ], [ 93.943724105683032, 26.513230657069244 ], [ 93.952555190070143, 26.530149723231204 ], [ 93.971525291459102, 26.524472028861055 ], [ 93.976383653982566, 26.501106605185726 ], [ 93.99054219986283, 26.500958815996682 ], [ 93.989283696685447, 26.494465405953747 ], [ 93.949892674307648, 26.49953159370807 ], [ 93.936640316797423, 26.489092033170778 ], [ 93.93407432437067, 26.500995066769008 ] ] ] } },
{ "type": "Feature", "properties": { "pincode": "785619", "state": "Assam", "district": "Golaghat", "officename": "Kamargaon (Golaghat)", "officetype": "S.O" }, "geometry": { "type": "Polygon", "coordinates": [ [ [ 93.655513048288583, 26.763862738774378 ], [ 93.712948209392323, 26.765956918077279 ], [ 93.766760917482429, 26.746811779839845 ], [ 93.754445096863833, 26.738687898927481 ], [ 93.770316359312631, 26.716989822822029 ], [ 93.775727497326216, 26.662763433785528 ], [ 93.812325349535286, 26.672099256375589 ], [ 93.824746721783924, 26.668328482673417 ], [ 93.818757845798018, 26.648143751533041 ], [ 93.807570990009253, 26.640462569092335 ], [ 93.811233740744683, 26.632487576340623 ], [ 93.875423099096849, 26.631742842358278 ], [ 93.884008682954402, 26.602509863039757 ], [ 93.900602727833757, 26.612338499722114 ], [ 93.914617538668665, 26.603575339330632 ], [ 93.911327947227107, 26.610236108709501 ], [ 93.939037743896904, 26.620800095847926 ], [ 93.938639609530355, 26.597969216606202 ], [ 93.922055863687319, 26.5814765621937 ], [ 93.923556474251825, 26.562863448489509 ], [ 93.898375206051071, 26.56184065762028 ], [ 93.885604511039389, 26.553383469971209 ], [ 93.870152490944804, 26.561620144753988 ], [ 93.860498048446232, 26.547773206768227 ], [ 93.856104732547408, 26.563844866947136 ], [ 93.845077027083221, 26.559900066335103 ], [ 93.830501712883915, 26.574370054634414 ], [ 93.829055700160495, 26.589926034559028 ], [ 93.815310105876733, 26.578057479169331 ], [ 93.803890719581148, 26.603620916072487 ], [ 93.784351985855608, 26.599428985359509 ], [ 93.771774625298804, 26.614938773405754 ], [ 93.760837798126033, 26.614365952027129 ], [ 93.734469044411128, 26.641203406312343 ], [ 93.720589757811069, 26.672162168449347 ], [ 93.665230941554853, 26.698096793332354 ], [ 93.667022999911694, 26.713972000207832 ], [ 93.673606999563447, 26.712669000374149 ], [ 93.655513048288583, 26.763862738774378 ] ] ] } },
{ "type": "Feature", "properties": { "pincode": "785620", "state": "Assam", "district": "Golaghat", "officename": "Neghiriting", "officetype": "S.O" }, "geometry": { "type": "Polygon", "coordinates": [ [ [ 93.988450204113747, 26.711020485507106 ], [ 94.003298518312022, 26.7370613526993 ], [ 94.031340585699468, 26.717003385498003 ], [ 94.029869551138972, 26.707265882514491 ], [ 93.988450204113747, 26.711020485507106 ] ] ] } },
{ "type": "Feature", "properties": { "pincode": "785625", "state": "Assam", "district": "Golaghat", "officename": "Kamarbandha Ali", "officetype": "S.O" }, "geometry": { "type": "Polygon", "coordinates": [ [ [ 94.015340873083005, 26.53619552360459 ], [ 94.018709117432024, 26.561975840113007 ], [ 94.011489161295799, 26.568300269342046 ], [ 94.031968568794525, 26.573891610809369 ], [ 94.030212357414428, 26.587095146823629 ], [ 94.045752683739408, 26.597032161704931 ], [ 94.054421579892164, 26.597970746352985 ], [ 94.074731694512138, 26.575154830031408 ], [ 94.098267203368835, 26.575243850323545 ], [ 94.110471400135225, 26.56429136595375 ], [ 94.117981674514681, 26.553182418433835 ], [ 94.112192504680309, 26.551930706037354 ], [ 94.116732095309942, 26.524893104033652 ], [ 94.103423646184467, 26.492322425839347 ], [ 94.110333277758741, 26.466472041351778 ], [ 94.09547673206572, 26.448555880649565 ], [ 94.098648379219526, 26.439059794374202 ], [ 94.077919227290693, 26.4425830476697 ], [ 94.07068331538278, 26.453489010109877 ], [ 94.060759461180226, 26.445896307468843 ], [ 94.058987312914212, 26.46393539650154 ], [ 94.04220303534197, 26.45984717560674 ], [ 94.044768596093945, 26.482978177501025 ], [ 94.029575141879377, 26.481033181336386 ], [ 94.010036348798621, 26.499635422237134 ], [ 94.038183236667066, 26.498531215743242 ], [ 94.029797469577659, 26.517327642756698 ], [ 94.011230015353021, 26.510691524694323 ], [ 94.003705220519578, 26.536720654834483 ], [ 94.015340873083005, 26.53619552360459 ] ] ] } },
{ "type": "Feature", "properties": { "pincode": "785631", "state": "Assam", "district": "Golaghat, Jorhat", "officename": "Borholla", "officetype": "S.O" }, "geometry": { "type": "Polygon", "coordinates": [ [ [ 94.08102873398883, 26.395362652564529 ], [ 94.098302283223916, 26.435191168137976 ], [ 94.09547673206572, 26.448555880649565 ], [ 94.110333277758741, 26.466472041351778 ], [ 94.103423646184467, 26.492322425839347 ], [ 94.111303648944272, 26.505630874964993 ], [ 94.167813666667485, 26.533844851358936 ], [ 94.190024234930604, 26.5343691642056 ], [ 94.213016001986887, 26.561376897026264 ], [ 94.229399176530819, 26.562814892293488 ], [ 94.246776510227789, 26.547647550793897 ], [ 94.266799823852921, 26.543337831375936 ], [ 94.240348999806486, 26.506909999596985 ], [ 94.186988999642779, 26.456033999769431 ], [ 94.176155000053427, 26.42732000031782 ], [ 94.179420000432629, 26.384191999860889 ], [ 94.164779999797247, 26.355587000040146 ], [ 94.167953000430828, 26.348766000250805 ], [ 94.13865656494869, 26.350256092344978 ], [ 94.126900421217442, 26.379238882068876 ], [ 94.086658213905594, 26.382926465783896 ], [ 94.08102873398883, 26.395362652564529 ] ] ] } },
{ "type": "Feature", "properties": { "pincode": "785635", "state": "Assam", "district": "Jorhat", "officename": "Nakachari", "officetype": "S.O" }, "geometry": { "type": "Polygon", "coordinates": [ [ [ 94.313087525768765, 26.776906569582593 ], [ 94.318414297481922, 26.745543695285335 ], [ 94.348555003910406, 26.743829798806189 ], [ 94.354487803569384, 26.769584646514375 ], [ 94.378909525054667, 26.730571307020284 ], [ 94.412811318587671, 26.740387727311884 ], [ 94.434078824478263, 26.733922435472209 ], [ 94.49334719241898, 26.743272390008826 ], [ 94.488986327657074, 26.732249541783005 ], [ 94.496916238293863, 26.719572342989352 ], [ 94.477554210558424, 26.690092789350842 ], [ 94.490914229508235, 26.66789521269402 ], [ 94.465003999634916, 26.662728999643775 ], [ 94.45903000023452, 26.65055799955212 ], [ 94.462920999804339, 26.630640000135884 ], [ 94.454963999788845, 26.634217999661018 ], [ 94.408310000406345, 26.609596000055433 ], [ 94.405530485543636, 26.626359825245856 ], [ 94.333219860608324, 26.656039691178933 ], [ 94.289797794432729, 26.71321224574865 ], [ 94.275385265617729, 26.749260371169385 ], [ 94.29075826498206, 26.743748572938387 ], [ 94.300658961641886, 26.770358218157412 ], [ 94.313087525768765, 26.776906569582593 ] ] ] } },
{ "type": "Feature", "properties": { "pincode": "785670", "state": "Assam", "district": "Charaideo", "officename": "Moranhat", "officetype": "S.O" }, "geometry": { "type": "Polygon", "coordinates": [ [ [ 94.887482000294085, 27.156639000189784 ], [ 94.970160999930272, 27.228701000351009 ], [ 94.986252000029936, 27.169713999701514 ], [ 94.981276999933584, 27.150301000191178 ], [ 94.999053295373471, 27.146825665472193 ], [ 94.979788301788744, 27.108231369582199 ], [ 94.941400606253012, 27.096148417615382 ], [ 94.938356139424286, 27.119182360177774 ], [ 94.912358330872337, 27.124793063149525 ], [ 94.900167493535037, 27.152354091268421 ], [ 94.887482000294085, 27.156639000189784 ] ] ] } },
{ "type": "Feature", "properties": { "pincode": "785636", "state": "Assam", "district": "Jorhat", "officename": "Selenghat", "officetype": "S.O" }, "geometry": { "type": "Polygon", "coordinates": [ [ [ 94.42215365496719, 26.819535513753124 ], [ 94.452261393148888, 26.810904632842721 ], [ 94.487955121831646, 26.814040316107935 ], [ 94.495679473528924, 26.82710425036089 ], [ 94.503693000431781, 26.822828000112224 ], [ 94.524239000029979, 26.807431999687083 ], [ 94.519020000372848, 26.795916000123384 ], [ 94.525452000209725, 26.786843999950747 ], [ 94.516090000153497, 26.774753999997074 ], [ 94.536064000353463, 26.753584000401418 ], [ 94.540946999804248, 26.76141900018672 ], [ 94.54705580038501, 26.752889529528261 ], [ 94.520189352856448, 26.746616655734158 ], [ 94.521000678938321, 26.760715108015859 ], [ 94.49334719241898, 26.743272390008826 ], [ 94.419172448249981, 26.737335775425834 ], [ 94.426593598915531, 26.778678323945542 ], [ 94.42215365496719, 26.819535513753124 ] ] ] } },
{ "type": "Feature", "properties": { "pincode": "785662", "state": "Assam", "district": "Sivasagar", "officename": "Demow", "officetype": "S.O" }, "geometry": { "type": "Polygon", "coordinates": [ [ [ 94.590488179086378, 27.139906755592278 ], [ 94.602555713075731, 27.160980746264499 ], [ 94.634178338559593, 27.170199418668403 ], [ 94.658671840333227, 27.163487874465886 ], [ 94.697161447942563, 27.195938356469981 ], [ 94.712565557554626, 27.194169543789485 ], [ 94.705680762557222, 27.183243462615792 ], [ 94.724799300647135, 27.181873560416477 ], [ 94.727363775917695, 27.171618469716634 ], [ 94.772719999628407, 27.163085999819089 ], [ 94.75799599961573, 27.150883000050328 ], [ 94.765808000139145, 27.127517999955842 ], [ 94.783174606722923, 27.122841311277739 ], [ 94.770959493086252, 27.11252807311223 ], [ 94.730373630538679, 27.106956554501494 ], [ 94.716628635203392, 27.109917238689775 ], [ 94.70641158672538, 27.125040402792479 ], [ 94.691304156261936, 27.126245861257644 ], [ 94.655285757032175, 27.108015830866066 ], [ 94.632635444570269, 27.112470679278545 ], [ 94.631496089872769, 27.101406705055524 ], [ 94.606876782837276, 27.098198692915503 ], [ 94.605518915365622, 27.090889658930678 ], [ 94.572715792999475, 27.099373496190083 ], [ 94.562234950882271, 27.079210326295652 ], [ 94.529268826395366, 27.065022073110129 ], [ 94.539581474605427, 27.104600427867581 ], [ 94.590488179086378, 27.139906755592278 ] ] ] } },
{ "type": "Feature", "properties": { "pincode": "785664", "state": "Assam", "district": "Sivasagar", "officename": "Gaurisagar", "officetype": "S.O" }, "geometry": { "type": "Polygon", "coordinates": [ [ [ 94.403480999848341, 26.959899999885067 ], [ 94.465232166631324, 26.999097192281681 ], [ 94.502442083935193, 26.992072837791397 ], [ 94.504664988598336, 26.977493375918641 ], [ 94.510193803801201, 26.98272581144721 ], [ 94.517442205493523, 26.968932039582057 ], [ 94.530622700877018, 26.970628521588992 ], [ 94.538148359059676, 26.957275785349282 ], [ 94.58137004369263, 26.97670192125679 ], [ 94.602298284838071, 26.977387157891201 ], [ 94.600894069006245, 26.957027909710348 ], [ 94.580211522643765, 26.956211931435519 ], [ 94.576475901641743, 26.927166357341548 ], [ 94.569340362168134, 26.928958130613353 ], [ 94.563555375080512, 26.955429023930492 ], [ 94.535915351412484, 26.95047189965851 ], [ 94.524959133956884, 26.932089910820935 ], [ 94.512719606424923, 26.934134713746175 ], [ 94.512205265260775, 26.945926518294243 ], [ 94.458442235720668, 26.962615029759945 ], [ 94.454392568762103, 26.954265330880446 ], [ 94.451347093793515, 26.965561191695713 ], [ 94.403900000285034, 26.947528999563872 ], [ 94.403480999848341, 26.959899999885067 ] ] ] } },
{ "type": "Feature", "properties": { "pincode": "785667", "state": "Assam", "district": "Sivasagar", "officename": "Konwarpur", "officetype": "S.O" }, "geometry": { "type": "Polygon", "coordinates": [ [ [ 94.465232166631324, 26.999097192281681 ], [ 94.480988000196135, 27.029361999756588 ], [ 94.576772045693417, 27.061888276622767 ], [ 94.614775833238241, 27.00920312952087 ], [ 94.623878424749535, 27.013261090926733 ], [ 94.623295165839409, 26.999795854894785 ], [ 94.615158028020574, 27.000041089225022 ], [ 94.617399924566996, 26.990016843702506 ], [ 94.607983734062145, 26.986834735634602 ], [ 94.612487787081761, 26.97681222220632 ], [ 94.58137004369263, 26.97670192125679 ], [ 94.538148359059676, 26.957275785349282 ], [ 94.530622700877018, 26.970628521588992 ], [ 94.517442205493523, 26.968932039582057 ], [ 94.510193803801201, 26.98272581144721 ], [ 94.504664988598336, 26.977493375918641 ], [ 94.502442083935193, 26.992072837791397 ], [ 94.465232166631324, 26.999097192281681 ] ] ] } },
{ "type": "Feature", "properties": { "pincode": "785674", "state": "Assam", "district": "Charaideo", "officename": "Nemuguri", "officetype": "S.O" }, "geometry": { "type": "Polygon", "coordinates": [ [ [ 94.825232154940124, 27.063564739721073 ], [ 94.847146895712797, 27.06570009448393 ], [ 94.853279751359537, 27.028618122828334 ], [ 94.900866987121788, 27.053464439432503 ], [ 94.913335215847724, 27.046563120291808 ], [ 94.926734705142735, 27.053568100687528 ], [ 94.948760413262505, 27.02366250851793 ], [ 94.932464597063642, 27.015930589924778 ], [ 94.943331741167015, 26.995875208274413 ], [ 94.911804764878184, 26.974540919627771 ], [ 94.880638131644503, 26.986136328428927 ], [ 94.890249796091439, 27.016265703399483 ], [ 94.863534010186527, 27.006562987991686 ], [ 94.864803986015204, 27.019672623992449 ], [ 94.844662881886677, 27.005849637650726 ], [ 94.831231073655317, 27.014777256165587 ], [ 94.825586673985867, 27.008994965245563 ], [ 94.825232154940124, 27.063564739721073 ] ] ] } },
{ "type": "Feature", "properties": { "pincode": "785669", "state": "Assam", "district": "Dibrugarh, Sivasagar", "officename": "Moran", "officetype": "S.O" }, "geometry": { "type": "Polygon", "coordinates": [ [ [ 94.767936731395139, 27.101002243958533 ], [ 94.783174606722923, 27.122841311277739 ], [ 94.794850304298222, 27.119697139311597 ], [ 94.804166901181532, 27.136307657972168 ], [ 94.81149564111098, 27.12616659950902 ], [ 94.83105125421207, 27.125507560125925 ], [ 94.857824272072548, 27.150572334645688 ], [ 94.864433914993185, 27.178459812170786 ], [ 94.891959797606773, 27.17839328841967 ], [ 94.896414262908081, 27.19875695496961 ], [ 94.906064208796181, 27.198869771323018 ], [ 94.93957971383287, 27.229951295416015 ], [ 94.966698639730453, 27.226315785145403 ], [ 94.887482000294085, 27.156639000189784 ], [ 94.843047999865348, 27.094592999667327 ], [ 94.835061535361717, 27.094332343762687 ], [ 94.826155470898414, 27.066103860404894 ], [ 94.814062222593577, 27.071033112887903 ], [ 94.785192506429098, 27.061488283357619 ], [ 94.780409690554905, 27.077742079633424 ], [ 94.800257568032464, 27.088916868318734 ], [ 94.789716802288638, 27.10267353955237 ], [ 94.767936731395139, 27.101002243958533 ] ] ] } },
{ "type": "Feature", "properties": { "pincode": "785671", "state": "Assam", "district": "Sivasagar", "officename": "Nitaipukhuri", "officetype": "S.O" }, "geometry": { "type": "Polygon", "coordinates": [ [ [ 94.609956531868534, 27.163255820599773 ], [ 94.619643929124095, 27.182619671261023 ], [ 94.643747524428875, 27.195251106253579 ], [ 94.684076090039582, 27.241130589705051 ], [ 94.69957699997866, 27.270869999750744 ], [ 94.720940000380779, 27.244506999898249 ], [ 94.726120000038065, 27.245934000054149 ], [ 94.718589999928554, 27.256535999736627 ], [ 94.721885999939104, 27.264766999797189 ], [ 94.733536000286279, 27.273745000131782 ], [ 94.752319000421608, 27.271936000346273 ], [ 94.742499999975109, 27.245279000425569 ], [ 94.763930999915829, 27.248929999719792 ], [ 94.779494999994427, 27.238604000174576 ], [ 94.771628999678626, 27.216312000098867 ], [ 94.780746000127976, 27.198323999752859 ], [ 94.775878999616225, 27.174355999729642 ], [ 94.763225789338776, 27.181379440508806 ], [ 94.715124743912043, 27.180551419412666 ], [ 94.705680762557222, 27.183243462615792 ], [ 94.712565557554626, 27.194169543789485 ], [ 94.697161447942563, 27.195938356469981 ], [ 94.658671840333227, 27.163487874465886 ], [ 94.634178338559593, 27.170199418668403 ], [ 94.621401844719401, 27.161292328078503 ], [ 94.609956531868534, 27.163255820599773 ] ] ] } },
{ "type": "Feature", "properties": { "pincode": "785673", "state": "Assam", "district": "Charaideo", "officename": "Sepon", "officetype": "S.O" }, "geometry": { "type": "Polygon", "coordinates": [ [ [ 94.85375309602864, 27.032627746573382 ], [ 94.847146895712797, 27.06570009448393 ], [ 94.825232154940124, 27.063564739721073 ], [ 94.826971352046257, 27.072358947407565 ], [ 94.835061535361717, 27.094332343762687 ], [ 94.843047999865348, 27.094592999667327 ], [ 94.887482000294085, 27.156639000189784 ], [ 94.900167493535037, 27.152354091268421 ], [ 94.912358330872337, 27.124793063149525 ], [ 94.938356139424286, 27.119182360177774 ], [ 94.941400606253012, 27.096148417615382 ], [ 94.96855987663713, 27.107531168228945 ], [ 94.981806465895659, 27.105398518626771 ], [ 94.971900916494178, 27.090194132253373 ], [ 94.974246268350726, 27.078337214091221 ], [ 94.950040957024726, 27.067513009018171 ], [ 94.935536398785814, 27.048245521613694 ], [ 94.900866987121788, 27.053464439432503 ], [ 94.85375309602864, 27.032627746573382 ] ] ] } },
{ "type": "Feature", "properties": { "pincode": "785672", "state": "Assam", "district": "Sivasagar", "officename": "Rajmai", "officetype": "S.O" }, "geometry": { "type": "Polygon", "coordinates": [ [ [ 94.606876782837276, 27.098198692915503 ], [ 94.631496089872769, 27.101406705055524 ], [ 94.632635444570269, 27.112470679278545 ], [ 94.655285757032175, 27.108015830866066 ], [ 94.691304156261936, 27.126245861257644 ], [ 94.70641158672538, 27.125040402792479 ], [ 94.716628635203392, 27.109917238689775 ], [ 94.730373630538679, 27.106956554501494 ], [ 94.770959493086252, 27.11252807311223 ], [ 94.767936731395139, 27.101002243958533 ], [ 94.789716802288638, 27.10267353955237 ], [ 94.800257568032464, 27.088916868318734 ], [ 94.780409690554905, 27.077742079633424 ], [ 94.785192506429098, 27.061488283357619 ], [ 94.814062222593577, 27.071033112887903 ], [ 94.826155470898414, 27.066103860404894 ], [ 94.825586673985867, 27.008994965245563 ], [ 94.812265022812596, 27.002417911057876 ], [ 94.804068989292489, 27.008003246852468 ], [ 94.788469803239025, 26.990040977908734 ], [ 94.762381170354786, 26.990849821861843 ], [ 94.753470022923295, 26.999420458987174 ], [ 94.740135958407791, 26.997921467202048 ], [ 94.729412045729418, 27.010728025378114 ], [ 94.733289346825927, 27.018243969084097 ], [ 94.724914426459691, 27.021031415967173 ], [ 94.726531559483988, 27.033678539632831 ], [ 94.717678731288458, 27.044876487659849 ], [ 94.710837786334878, 27.037123336073137 ], [ 94.704357356207026, 27.048603927529314 ], [ 94.691616932375723, 27.04179562526798 ], [ 94.673519287585123, 27.057328150873559 ], [ 94.662889313590938, 27.046649341893726 ], [ 94.62442065389007, 27.075605412759614 ], [ 94.607032193780924, 27.068809399734221 ], [ 94.590349191561984, 27.078442085833615 ], [ 94.5684581883948, 27.073407194486606 ], [ 94.562234950882271, 27.079210326295652 ], [ 94.572715792999475, 27.099373496190083 ], [ 94.605518915365622, 27.090889658930678 ], [ 94.606876782837276, 27.098198692915503 ] ] ] } },
{ "type": "Feature", "properties": { "pincode": "785680", "state": "Assam", "district": "Sivasagar", "officename": "Amguri", "officetype": "S.O" }, "geometry": { "type": "Polygon", "coordinates": [ [ [ 94.5782674491835, 26.8507638845457 ], [ 94.578218213100229, 26.80613565663532 ], [ 94.565493983360682, 26.804228204468131 ], [ 94.561089064408918, 26.814994851131587 ], [ 94.553239529780569, 26.813337376318884 ], [ 94.52522299414602, 26.78837491856774 ], [ 94.519020000372848, 26.795916000123384 ], [ 94.524239000029979, 26.807431999687083 ], [ 94.490363999998635, 26.831469000194431 ], [ 94.502637373516109, 26.840056493312488 ], [ 94.5782674491835, 26.8507638845457 ] ] ] } },
{ "type": "Feature", "properties": { "pincode": "785675", "state": "Assam", "district": "Dibrugarh", "officename": "Khowang", "officetype": "S.O" }, "geometry": { "type": "Polygon", "coordinates": [ [ [ 94.765808000139145, 27.127517999955842 ], [ 94.75799599961573, 27.150883000050328 ], [ 94.781226999826345, 27.171586999740327 ], [ 94.776732420265034, 27.187848388991995 ], [ 94.807021674011082, 27.197124865320404 ], [ 94.812955840639518, 27.206041571461526 ], [ 94.824200030007432, 27.202447447092197 ], [ 94.817664252903, 27.212029116450594 ], [ 94.830602345022271, 27.212939028013921 ], [ 94.835950405486983, 27.226269465563632 ], [ 94.844726282292129, 27.223401921461573 ], [ 94.856772976292007, 27.235021024700586 ], [ 94.858273627326184, 27.253475197622436 ], [ 94.872631769640577, 27.254887210576499 ], [ 94.86827621627441, 27.259731663285663 ], [ 94.8876422684761, 27.283043656439702 ], [ 94.90744245400623, 27.28842634440025 ], [ 94.911329181796475, 27.28094929817172 ], [ 94.9380168710818, 27.30093838539824 ], [ 94.945737272057556, 27.296491686642185 ], [ 94.986454525556042, 27.319130920355633 ], [ 94.995758363757602, 27.300453488038102 ], [ 95.00394412702002, 27.304268050630128 ], [ 95.019811079018325, 27.296139594866531 ], [ 95.009098431247708, 27.283880551146638 ], [ 94.99673513092165, 27.286013466948134 ], [ 94.996791566977436, 27.277676857700953 ], [ 94.983661970523656, 27.268670740962136 ], [ 94.95493349018858, 27.26121380537279 ], [ 94.95599393297374, 27.248018453189047 ], [ 94.937363903021946, 27.243370511340231 ], [ 94.93507645041791, 27.22197129703784 ], [ 94.896414262908081, 27.19875695496961 ], [ 94.891959797606773, 27.17839328841967 ], [ 94.861345000071822, 27.175850839344889 ], [ 94.859339062247955, 27.153039443016041 ], [ 94.83105125421207, 27.125507560125925 ], [ 94.81149564111098, 27.12616659950902 ], [ 94.804166901181532, 27.136307657972168 ], [ 94.794850304298222, 27.119697139311597 ], [ 94.765808000139145, 27.127517999955842 ] ] ] } },
{ "type": "Feature", "properties": { "pincode": "785681", "state": "Assam", "district": "Sivasagar", "officename": "Amguri Haloating", "officetype": "S.O" }, "geometry": { "type": "Polygon", "coordinates": [ [ [ 94.516090000153497, 26.774753999997074 ], [ 94.561089064408918, 26.814994851131587 ], [ 94.565493983360682, 26.804228204468131 ], [ 94.578218213100229, 26.80613565663532 ], [ 94.58306139147021, 26.77675750335618 ], [ 94.590306703091983, 26.777734312788482 ], [ 94.607352061048914, 26.745884123753342 ], [ 94.61937528004529, 26.747071017513463 ], [ 94.640743351724495, 26.773049362937854 ], [ 94.664432016024818, 26.775411516828115 ], [ 94.700971361039592, 26.737911288475289 ], [ 94.686950999589101, 26.727432000386614 ], [ 94.62310799983436, 26.714488999767639 ], [ 94.610497000136547, 26.735115000357098 ], [ 94.586226999676342, 26.725594000163142 ], [ 94.573898000392433, 26.743173999680437 ], [ 94.576096000130406, 26.751777999854994 ], [ 94.567328999633617, 26.74827200005285 ], [ 94.560409999821786, 26.756303999929798 ], [ 94.551261999741484, 26.74739099989489 ], [ 94.540946999804248, 26.76141900018672 ], [ 94.536064000353463, 26.753584000401418 ], [ 94.516090000153497, 26.774753999997074 ] ] ] } },
{ "type": "Feature", "properties": { "pincode": "785685", "state": "Assam", "district": "Sivasagar", "officename": "Nazira", "officetype": "S.O" }, "geometry": { "type": "Polygon", "coordinates": [ [ [ 94.762133286622031, 26.90948671474024 ], [ 94.744720009720766, 26.893942212862896 ], [ 94.749838108142285, 26.881170939587378 ], [ 94.741771464581518, 26.877720499001839 ], [ 94.747564879215929, 26.869956888299782 ], [ 94.741729727045424, 26.849537403528473 ], [ 94.702007183984506, 26.836933931156238 ], [ 94.691249468488309, 26.850328532635785 ], [ 94.655616956657411, 26.851676557927021 ], [ 94.652845899918475, 26.878391365369282 ], [ 94.682577743068634, 26.88427384436261 ], [ 94.676907650667715, 26.89297680503563 ], [ 94.658634848519512, 26.890124155505532 ], [ 94.65990292767799, 26.906163931120602 ], [ 94.651311303074237, 26.917276144078755 ], [ 94.654969571588481, 26.930925081027794 ], [ 94.678332086856415, 26.952981305842684 ], [ 94.679610723156372, 26.96588628942078 ], [ 94.658617084211073, 26.982871202144395 ], [ 94.659047673311647, 26.991012733151081 ], [ 94.710011769827418, 26.995927056888206 ], [ 94.733535477780322, 26.979558896525987 ], [ 94.772820362170137, 26.971592159550596 ], [ 94.750539950758309, 26.949354535183772 ], [ 94.762631945407975, 26.937250783696868 ], [ 94.754556559537718, 26.920209996094513 ], [ 94.762133286622031, 26.90948671474024 ] ] ] } },
{ "type": "Feature", "properties": { "pincode": "785687", "state": "Assam", "district": "Sivasagar", "officename": "Santak", "officetype": "S.O" }, "geometry": { "type": "Polygon", "coordinates": [ [ [ 94.778358348658912, 26.935681350713821 ], [ 94.84687572133754, 26.936323834477435 ], [ 94.90690211973714, 26.971244211851001 ], [ 94.929893680848807, 26.948456259049237 ], [ 94.886696000020322, 26.92716000003395 ], [ 94.851973999600375, 26.876042999884646 ], [ 94.821503000063501, 26.849192000010817 ], [ 94.813431000140611, 26.819468999894525 ], [ 94.797028000042133, 26.813249999987477 ], [ 94.805701999847486, 26.806900000334792 ], [ 94.802567000067199, 26.800758000381506 ], [ 94.773459999579472, 26.789701000400839 ], [ 94.752300003142636, 26.806323967477283 ], [ 94.779574398439934, 26.832415315414607 ], [ 94.746965301207865, 26.842008907984905 ], [ 94.741771464581518, 26.877720499001839 ], [ 94.749838108142285, 26.881170939587378 ], [ 94.744720009720766, 26.893942212862896 ], [ 94.760640584695352, 26.903142907819074 ], [ 94.778358348658912, 26.935681350713821 ] ] ] } },
{ "type": "Feature", "properties": { "pincode": "785689", "state": "Assam", "district": "Charaideo, Sivasagar", "officename": "Suffry", "officetype": "S.O" }, "geometry": { "type": "Polygon", "coordinates": [ [ [ 94.90690211973714, 26.971244211851001 ], [ 94.943331741167015, 26.995875208274413 ], [ 94.932464597063642, 27.015930589924778 ], [ 94.948760413262505, 27.02366250851793 ], [ 94.935536398785814, 27.048245521613694 ], [ 94.950040957024726, 27.067513009018171 ], [ 94.974246268350726, 27.078337214091221 ], [ 94.977288110957659, 27.068020101646482 ], [ 95.008100715275987, 27.067384450032478 ], [ 95.007358993123148, 27.049124172742438 ], [ 95.01969351064713, 27.053427751589481 ], [ 95.028615494009898, 27.045816437478777 ], [ 95.023584329453286, 27.035209997843253 ], [ 95.013187412069556, 27.040543125964575 ], [ 95.009001143488149, 27.035186961708973 ], [ 95.016685360241183, 27.02800924223277 ], [ 95.000409661876517, 27.02130534496581 ], [ 95.026509726942322, 27.008509405085135 ], [ 95.00544538689519, 27.003486947764486 ], [ 94.991166600758049, 27.009415052962538 ], [ 94.998278881964893, 26.99856460477281 ], [ 94.994871261699473, 26.979088300185026 ], [ 94.959440564930276, 26.96216776992668 ], [ 94.942833664242244, 26.934051954534027 ], [ 94.934052000299744, 26.933156999595951 ], [ 94.929893680848807, 26.948456259049237 ], [ 94.90690211973714, 26.971244211851001 ] ] ] } },
{ "type": "Feature", "properties": { "pincode": "785690", "state": "Assam", "district": "Charaideo", "officename": "Sonari (Sibsagar)", "officetype": "S.O" }, "geometry": { "type": "Polygon", "coordinates": [ [ [ 95.054264662384355, 26.935135389386801 ], [ 95.021675000401103, 26.919799999670317 ], [ 94.993431000140731, 26.920619999713267 ], [ 94.989791999601266, 26.912297999952898 ], [ 94.964576999629003, 26.9351859996342 ], [ 94.942833664242244, 26.934051954534027 ], [ 94.959440564930276, 26.96216776992668 ], [ 94.994871261699473, 26.979088300185026 ], [ 94.998278881964893, 26.99856460477281 ], [ 94.991166600758049, 27.009415052962538 ], [ 95.00544538689519, 27.003486947764486 ], [ 95.026509726942322, 27.008509405085135 ], [ 95.023587041808582, 27.015265228307726 ], [ 95.002047310235298, 27.017316868778607 ], [ 95.016685360241183, 27.02800924223277 ], [ 95.009001143488149, 27.035186961708973 ], [ 95.013187412069556, 27.040543125964575 ], [ 95.023584329453286, 27.035209997843253 ], [ 95.027200600527522, 27.042358317582398 ], [ 95.045244497335716, 27.040658110583365 ], [ 95.044918258371126, 27.027380323842863 ], [ 95.074756440057683, 27.008572177763938 ], [ 95.072223511206118, 27.001517836279277 ], [ 95.045292162303497, 27.000269987370075 ], [ 95.038364756528267, 26.987402358032568 ], [ 95.054264662384355, 26.935135389386801 ] ] ] } },
{ "type": "Feature", "properties": { "pincode": "785691", "state": "Assam", "district": "Charaideo", "officename": "Bhojo", "officetype": "S.O" }, "geometry": { "type": "Polygon", "coordinates": [ [ [ 94.977288110957659, 27.068020101646482 ], [ 94.971900916494178, 27.090194132253373 ], [ 94.981282947150532, 27.096379027170485 ], [ 94.979788301788744, 27.108231369582199 ], [ 94.999053295373471, 27.146825665472193 ], [ 95.027367000286915, 27.143845000146769 ], [ 95.050491000059708, 27.153645999763114 ], [ 95.062309000060338, 27.135625999740284 ], [ 95.113240269523033, 27.134637410987921 ], [ 95.107909813287336, 27.115918120624769 ], [ 95.100101846223311, 27.120237514949508 ], [ 95.087641672725169, 27.101012780415601 ], [ 95.068896436021873, 27.097252525183933 ], [ 95.036861552318783, 27.069777767230278 ], [ 95.028615494009898, 27.045816437478777 ], [ 95.01969351064713, 27.053427751589481 ], [ 95.007358993123148, 27.049124172742438 ], [ 95.008100715275987, 27.067384450032478 ], [ 94.977288110957659, 27.068020101646482 ] ] ] } },
{ "type": "Feature", "properties": { "pincode": "785692", "state": "Assam", "district": "Charaideo", "officename": "Sapekhati", "officetype": "S.O" }, "geometry": { "type": "Polygon", "coordinates": [ [ [ 95.089581428540328, 27.11282823353622 ], [ 95.101211087122067, 27.120814615302436 ], [ 95.107909813287336, 27.115918120624769 ], [ 95.113240269523033, 27.134637410987921 ], [ 95.116248999991512, 27.127879999562481 ], [ 95.141701000101136, 27.13669999980533 ], [ 95.15267199971322, 27.124971000311575 ], [ 95.157821999785483, 27.134527000320986 ], [ 95.1650919995962, 27.126728000397065 ], [ 95.170592999667292, 27.141866999762328 ], [ 95.175323000156368, 27.145485000232725 ], [ 95.176291999876128, 27.137096000080419 ], [ 95.188042000338157, 27.151047000418828 ], [ 95.184813999866208, 27.161591000124702 ], [ 95.194069000384218, 27.155654999778505 ], [ 95.214240999822323, 27.163770999931728 ], [ 95.214111000122614, 27.172802000012439 ], [ 95.221061999611834, 27.164414999952328 ], [ 95.227663188905126, 27.167847392043541 ], [ 95.223175632149776, 27.131451270359946 ], [ 95.237541014906014, 27.119217053324405 ], [ 95.232521665642366, 27.112981902492891 ], [ 95.244038533951311, 27.088590280417122 ], [ 95.233711412052173, 27.086989172412416 ], [ 95.239818248513416, 27.072323788412234 ], [ 95.225321648375484, 27.064478466208413 ], [ 95.237299136845877, 27.051345472115827 ], [ 95.237231642726272, 27.037445944474825 ], [ 95.214141999753565, 27.027636000201369 ], [ 95.198813999766401, 27.038629999974489 ], [ 95.166792010542963, 27.011029403484429 ], [ 95.154926502056469, 27.031270303581721 ], [ 95.144324067102104, 27.015496356771507 ], [ 95.116960822384215, 27.008845792899081 ], [ 95.111388834327272, 27.063808479377997 ], [ 95.10249615807129, 27.065634314472106 ], [ 95.089581428540328, 27.11282823353622 ] ] ] } },
{ "type": "Feature", "properties": { "pincode": "785693", "state": "Assam", "district": "Charaideo", "officename": "Borhat", "officetype": "S.O" }, "geometry": { "type": "Polygon", "coordinates": [ [ [ 95.223828621793473, 27.135118212835323 ], [ 95.223113230891045, 27.156599796943112 ], [ 95.230720115840711, 27.160753174619401 ], [ 95.230217000014591, 27.172295000014344 ], [ 95.2404859996293, 27.169296000210295 ], [ 95.234749000366264, 27.178843999850869 ], [ 95.243743999685876, 27.181761000369818 ], [ 95.240631000020755, 27.186269999660738 ], [ 95.256186999730289, 27.191448000125092 ], [ 95.259392000040918, 27.183653000385675 ], [ 95.262641999728601, 27.189499000178728 ], [ 95.267235000195342, 27.185234000448816 ], [ 95.26834900030633, 27.192499000028874 ], [ 95.280746000027875, 27.188255000368031 ], [ 95.289397999717892, 27.196812000173679 ], [ 95.314147999830539, 27.184063000407207 ], [ 95.335776999908774, 27.185725999755221 ], [ 95.359328999633647, 27.167550999778882 ], [ 95.369171000241579, 27.13576699994718 ], [ 95.363708000124234, 27.123796000085406 ], [ 95.373763999808943, 27.109976000392294 ], [ 95.313498999579338, 27.080763000412219 ], [ 95.248504999806073, 27.02432300030631 ], [ 95.225321648375484, 27.064478466208413 ], [ 95.239818248513416, 27.072323788412234 ], [ 95.233711412052173, 27.086989172412416 ], [ 95.244038533951311, 27.088590280417122 ], [ 95.232521665642366, 27.112981902492891 ], [ 95.237541014906014, 27.119217053324405 ], [ 95.223828621793473, 27.135118212835323 ] ] ] } },
{ "type": "Feature", "properties": { "pincode": "785702", "state": "Assam", "district": "Golaghat", "officename": "Bengenakhowa", "officetype": "S.O" }, "geometry": { "type": "Polygon", "coordinates": [ [ [ 93.994143162677005, 26.45028007886259 ], [ 93.983904759796985, 26.440332626449674 ], [ 93.967477206408091, 26.440365205290107 ], [ 93.954864552857032, 26.426031936424806 ], [ 93.946366153774989, 26.428858930994977 ], [ 93.938174670824537, 26.410430684628579 ], [ 93.913806337592575, 26.406971719369437 ], [ 93.916931130067837, 26.388537526685639 ], [ 93.90924787918641, 26.388387604304683 ], [ 93.905486951261935, 26.403261390001262 ], [ 93.894532753683791, 26.382787340663413 ], [ 93.88681799955117, 26.382380999983184 ], [ 93.88517800036459, 26.393859999639403 ], [ 93.870201000375971, 26.389554999863378 ], [ 93.860313000344945, 26.404678000289721 ], [ 93.828873000188878, 26.417318000425325 ], [ 93.795486000178926, 26.377192999957174 ], [ 93.777205999857131, 26.383880999908342 ], [ 93.802643000174385, 26.410055000038255 ], [ 93.784614999782491, 26.418118000445531 ], [ 93.794746000227804, 26.434972999804074 ], [ 93.813157474238096, 26.424308901035033 ], [ 93.825115025637956, 26.426017154268322 ], [ 93.824532276643311, 26.496836005377361 ], [ 93.854435213114641, 26.513000904568116 ], [ 93.879969014658343, 26.543631576935923 ], [ 93.890967890555885, 26.544815184573224 ], [ 93.88811853434288, 26.553465980970316 ], [ 93.895977361665985, 26.561229398318233 ], [ 93.919011435529399, 26.562053810434975 ], [ 93.919907430083867, 26.540909309317271 ], [ 93.935946197559076, 26.542795890018397 ], [ 93.952555190070143, 26.530149723231204 ], [ 93.943724105683032, 26.513230657069244 ], [ 93.950910598045823, 26.509411573585282 ], [ 93.93407432437067, 26.500995066769008 ], [ 93.936640316797423, 26.489092033170778 ], [ 93.949892674307648, 26.49953159370807 ], [ 93.989283696685447, 26.494465405953747 ], [ 93.99054219986283, 26.500958815996682 ], [ 94.00632517136961, 26.503614932183382 ], [ 94.010683099845323, 26.478955992025533 ], [ 93.98771401459021, 26.461283066460396 ], [ 93.994143162677005, 26.45028007886259 ] ] ] } },
{ "type": "Feature", "properties": { "pincode": "785703", "state": "Assam", "district": "Golaghat", "officename": "Ptc Dergaon", "officetype": "S.O" }, "geometry": { "type": "Polygon", "coordinates": [ [ [ 93.988450204113747, 26.711020485507106 ], [ 94.037720168550948, 26.70587626267951 ], [ 94.017429928948161, 26.690487304845419 ], [ 94.022205076303408, 26.6739712842475 ], [ 94.004749882001533, 26.667026422631409 ], [ 94.002483144381699, 26.678641731630648 ], [ 93.976643534671439, 26.676005512944073 ], [ 93.961993254785, 26.716566967891424 ], [ 93.971752994405222, 26.724318387383676 ], [ 93.968799212513773, 26.75003834949041 ], [ 93.960723443532231, 26.756230331964389 ], [ 93.927748219704824, 26.747691365364233 ], [ 93.90616218383775, 26.730500925177523 ], [ 93.894432006232137, 26.743902035051065 ], [ 93.893603520186332, 26.762198206981623 ], [ 93.90936693143891, 26.762344104896727 ], [ 93.917429529849016, 26.775439711473666 ], [ 93.935557303726569, 26.779385040887064 ], [ 93.955445323342929, 26.796218609401421 ], [ 93.962501763845466, 26.779191879101973 ], [ 93.990366960666677, 26.777944956494707 ], [ 94.014998716117987, 26.745851358753384 ], [ 94.050890824451983, 26.739830725008005 ], [ 94.047145568113478, 26.719353850899722 ], [ 94.018614036608483, 26.724303506302022 ], [ 94.003298518312022, 26.7370613526993 ], [ 93.986635389311857, 26.718795381801556 ], [ 93.988450204113747, 26.711020485507106 ] ] ] } },
{ "type": "Feature", "properties": { "pincode": "785705", "state": "Assam", "district": "Golaghat", "officename": "Merapani", "officetype": "S.O" }, "geometry": { "type": "Polygon", "coordinates": [ [ [ 93.973656072270103, 26.252189131323519 ], [ 93.964233418337585, 26.279896863149929 ], [ 93.972154026387386, 26.291845478885875 ], [ 93.963530614346439, 26.292317401726791 ], [ 93.958033541614668, 26.312408273323172 ], [ 93.960809694811587, 26.337589019917345 ], [ 93.94806479055768, 26.348385746205281 ], [ 93.966995318179386, 26.370414213445315 ], [ 94.022070359659494, 26.371809381198034 ], [ 94.051239083317114, 26.392485393086588 ], [ 94.050780683581877, 26.373673166783249 ], [ 94.095583003153138, 26.383929235046196 ], [ 94.126900421217442, 26.379238882068876 ], [ 94.13865656494869, 26.350256092344978 ], [ 94.180275000291147, 26.349548000340008 ], [ 94.164802999958624, 26.334785000327486 ], [ 94.146988000395993, 26.330900000134875 ], [ 94.142952000434548, 26.337623999947766 ], [ 94.119674999901463, 26.329230999611127 ], [ 94.128997999957846, 26.318748000020207 ], [ 94.10835300029089, 26.321938999685074 ], [ 94.102973999550613, 26.304226000329834 ], [ 94.077102999903673, 26.280767000396793 ], [ 94.070709000020486, 26.255587000239871 ], [ 94.053115999903525, 26.251371000071686 ], [ 94.044479000005822, 26.235559000247747 ], [ 93.973656072270103, 26.252189131323519 ] ] ] } },
{ "type": "Feature", "properties": { "pincode": "785704", "state": "Assam", "district": "Jorhat", "officename": "Ongc Jorhat", "officetype": "S.O" }, "geometry": { "type": "Polygon", "coordinates": [ [ [ 94.247234894674818, 26.659069222066989 ], [ 94.209414898878549, 26.665249696816204 ], [ 94.208156771617894, 26.676626754721042 ], [ 94.198254499345865, 26.674950615378691 ], [ 94.200260036971258, 26.690555005809017 ], [ 94.186784589137574, 26.697707566750921 ], [ 94.207318900247174, 26.69689173236759 ], [ 94.210106241010351, 26.711040610535861 ], [ 94.239278713941587, 26.70036814087706 ], [ 94.248660133958197, 26.713816930107441 ], [ 94.275865941560141, 26.701251224764178 ], [ 94.273421871122537, 26.689261050457219 ], [ 94.284957943554446, 26.688891352654025 ], [ 94.289481392252583, 26.673338771267368 ], [ 94.281554569887476, 26.672219931904522 ], [ 94.292833497368179, 26.654188093206074 ], [ 94.285474142717703, 26.63568573281043 ], [ 94.242643953655659, 26.621125521825434 ], [ 94.258757620268057, 26.631759436648622 ], [ 94.257106216778539, 26.639710206161112 ], [ 94.244819988351708, 26.642973925006686 ], [ 94.247234894674818, 26.659069222066989 ] ] ] } },
{ "type": "Feature", "properties": { "pincode": "786001", "state": "Assam", "district": "Dibrugarh", "officename": "Dibrugarh", "officetype": "H.O" }, "geometry": { "type": "Polygon", "coordinates": [ [ [ 94.924599264044843, 27.465951079178978 ], [ 94.884909730599588, 27.473593249928683 ], [ 94.837406064338381, 27.527939962858966 ], [ 94.854506494079601, 27.544966483616349 ], [ 94.894773786181531, 27.55082574930907 ], [ 94.932170512459379, 27.500718584395315 ], [ 94.940877585732039, 27.503846700764768 ], [ 94.924599264044843, 27.465951079178978 ] ] ] } },
{ "type": "Feature", "properties": { "pincode": "786002", "state": "Assam", "district": "Dibrugarh", "officename": "Assam Medical College", "officetype": "S.O" }, "geometry": { "type": "Polygon", "coordinates": [ [ [ 94.894773786181531, 27.55082574930907 ], [ 94.942419425716082, 27.537507480485829 ], [ 94.981235586153446, 27.509776411252403 ], [ 94.970395095257572, 27.460383602121624 ], [ 94.932976722297951, 27.477789858015683 ], [ 94.940877585732039, 27.503846700764768 ], [ 94.932170512459379, 27.500718584395315 ], [ 94.894773786181531, 27.55082574930907 ] ] ] } },
{ "type": "Feature", "properties": { "pincode": "786003", "state": "Assam", "district": "Dibrugarh", "officename": "Central Revenue Building", "officetype": "S.O" }, "geometry": { "type": "Polygon", "coordinates": [ [ [ 95.004657529521523, 27.382664660345938 ], [ 94.99483677809485, 27.378403042966227 ], [ 94.981933449269377, 27.353793250758031 ], [ 94.937384098197583, 27.334850827803564 ], [ 94.931268413306839, 27.35672294970442 ], [ 94.925255543408639, 27.363790113722871 ], [ 94.921760593576721, 27.358812989428088 ], [ 94.92180947262915, 27.37133777651718 ], [ 94.909164385927681, 27.379958339505777 ], [ 94.915588091317545, 27.401688304671666 ], [ 94.906051402450316, 27.413240835596127 ], [ 94.913231552794116, 27.423977042006925 ], [ 94.895835593238075, 27.427742044759725 ], [ 94.89570012116377, 27.435059627699843 ], [ 94.944034209710992, 27.470542118224273 ], [ 94.956234018685223, 27.467732405925858 ], [ 94.969338956627666, 27.460858251707066 ], [ 94.961775584475788, 27.453790191064513 ], [ 94.963846093622521, 27.438053224377029 ], [ 94.981241029749754, 27.422091928100031 ], [ 94.979117385059283, 27.399901591885055 ], [ 95.004657529521523, 27.382664660345938 ] ] ] } },
{ "type": "Feature", "properties": { "pincode": "786004", "state": "Assam", "district": "Dibrugarh", "officename": "Dibrugarh University", "officetype": "S.O" }, "geometry": { "type": "Polygon", "coordinates": [ [ [ 94.931006054086254, 27.460026369821207 ], [ 94.89570012116377, 27.435059627699843 ], [ 94.875329328385817, 27.469827795716299 ], [ 94.917431657445206, 27.4699324606147 ], [ 94.915861010377512, 27.463834648850025 ], [ 94.931006054086254, 27.460026369821207 ] ] ] } },
{ "type": "Feature", "properties": { "pincode": "786005", "state": "Assam", "district": "Dibrugarh", "officename": "Jalan Nagar", "officetype": "S.O" }, "geometry": { "type": "Polygon", "coordinates": [ [ [ 94.982892408058376, 27.645991658388425 ], [ 95.042282000114312, 27.667693999978212 ], [ 95.053173284719492, 27.661728662847622 ], [ 95.091069144625408, 27.664274505963647 ], [ 95.121740052661494, 27.687958587318974 ], [ 95.196020256729469, 27.708835953816276 ], [ 95.20563822992051, 27.703918021099923 ], [ 95.194879974831053, 27.688233224084229 ], [ 95.197637735093565, 27.675128351792182 ], [ 95.211974975364967, 27.670980721683122 ], [ 95.238217355446579, 27.670411792570235 ], [ 95.266060498193553, 27.692819867243202 ], [ 95.281903650533081, 27.689971352795737 ], [ 95.304604853831052, 27.65395221342402 ], [ 95.313961549685814, 27.604086175636667 ], [ 95.281968940414345, 27.58007600100683 ], [ 95.276186698957133, 27.567206412046289 ], [ 95.251907398607727, 27.585864885755996 ], [ 95.231829741649392, 27.584976524646891 ], [ 95.227586490224496, 27.5956356276821 ], [ 95.223660981868989, 27.577014429072733 ], [ 95.221133075730847, 27.58290902732989 ], [ 95.201079653703232, 27.574749059321732 ], [ 95.187551122486525, 27.581802554544311 ], [ 95.163435317985602, 27.575999536049778 ], [ 95.139397044937823, 27.581515138413067 ], [ 95.094269334462297, 27.574795630713822 ], [ 95.090191569085732, 27.563597834672464 ], [ 95.054412883248062, 27.560912065139803 ], [ 95.01979162488368, 27.58561392814039 ], [ 94.979076038728294, 27.567080667039306 ], [ 94.972277251294088, 27.575213702150677 ], [ 94.967323233280695, 27.63091533367583 ], [ 94.982892408058376, 27.645991658388425 ] ] ] } },
{ "type": "Feature", "properties": { "pincode": "786006", "state": "Assam", "district": "Dibrugarh", "officename": "Lepetkata", "officetype": "S.O" }, "geometry": { "type": "Polygon", "coordinates": [ [ [ 94.836304185290089, 27.386750776827 ], [ 94.87139631968455, 27.406182189956212 ], [ 94.884616896052933, 27.424173853240916 ], [ 94.913231552794116, 27.423977042006925 ], [ 94.906051402450316, 27.413240835596127 ], [ 94.915588091317545, 27.401688304671666 ], [ 94.914269190570678, 27.382827384576274 ], [ 94.893619911030214, 27.364303249795171 ], [ 94.861824580640132, 27.360467703322001 ], [ 94.836304185290089, 27.386750776827 ] ] ] } },
{ "type": "Feature", "properties": { "pincode": "786008", "state": "Assam", "district": "Dibrugarh", "officename": "Mohanaghat", "officetype": "S.O" }, "geometry": { "type": "Polygon", "coordinates": [ [ [ 94.689268733265578, 27.408248679133294 ], [ 94.693260000049122, 27.418816000058484 ], [ 94.723183000395295, 27.426779000350678 ], [ 94.72887400023501, 27.439713999701439 ], [ 94.746726999751445, 27.43490199992749 ], [ 94.774672999759218, 27.482833999789307 ], [ 94.795600999886233, 27.481587999886415 ], [ 94.821631999717113, 27.505266000025983 ], [ 94.824432000236754, 27.515443999940715 ], [ 94.818511999729139, 27.514809000335276 ], [ 94.837406064338381, 27.527939962858966 ], [ 94.861852291450134, 27.49368969552313 ], [ 94.876430365668853, 27.487127334458933 ], [ 94.884909730599588, 27.473593249928683 ], [ 94.875329328385817, 27.469827795716299 ], [ 94.879699919315897, 27.458802134411087 ], [ 94.895272194955908, 27.440872655648604 ], [ 94.892266710140575, 27.421457880876574 ], [ 94.884616896052933, 27.424173853240916 ], [ 94.87139631968455, 27.406182189956212 ], [ 94.804358124927717, 27.370182582060636 ], [ 94.786752877843185, 27.383006144617866 ], [ 94.769676512161368, 27.381656237945208 ], [ 94.689268733265578, 27.408248679133294 ] ] ] } },
{ "type": "Feature", "properties": { "pincode": "786010", "state": "Assam", "district": "Dibrugarh", "officename": "Lahoal", "officetype": "S.O" }, "geometry": { "type": "Polygon", "coordinates": [ [ [ 94.961775584475788, 27.453790191064513 ], [ 94.977162264327092, 27.494607171284088 ], [ 94.991515678006238, 27.492216609608874 ], [ 95.00294579231462, 27.48692810225009 ], [ 94.999814670410842, 27.4786189609963 ], [ 95.009225782443934, 27.478292765199001 ], [ 94.999444940231911, 27.466496701461779 ], [ 95.012190645781743, 27.476805154334443 ], [ 95.017707988333086, 27.471314639459138 ], [ 95.02076249429382, 27.445548132939962 ], [ 95.037675485535431, 27.455920678696486 ], [ 95.055708707390977, 27.451472678621428 ], [ 95.054329040353082, 27.443086492447833 ], [ 95.067599214332347, 27.444473965601105 ], [ 95.069653740727745, 27.429162128229734 ], [ 95.09899329240659, 27.415807973759115 ], [ 95.085750450622868, 27.407777053967891 ], [ 95.083276753819234, 27.392565468521695 ], [ 95.078182647511426, 27.397572850506663 ], [ 95.064237876776644, 27.383653100710148 ], [ 95.060249429367673, 27.363839279659089 ], [ 95.047267006966933, 27.362777860210201 ], [ 95.034725849518395, 27.37304529680307 ], [ 95.017348087744097, 27.368976832215083 ], [ 94.979117385059283, 27.399901591885055 ], [ 94.981241029749754, 27.422091928100031 ], [ 94.963846093622521, 27.438053224377029 ], [ 94.961775584475788, 27.453790191064513 ] ] ] } },
{ "type": "Feature", "properties": { "pincode": "786007", "state": "Assam", "district": "Dibrugarh", "officename": "Barbaruah", "officetype": "S.O" }, "geometry": { "type": "Polygon", "coordinates": [ [ [ 94.637955000123327, 27.319741999793564 ], [ 94.642029000038519, 27.337314999887383 ], [ 94.666550000382188, 27.348977999934903 ], [ 94.66542799990242, 27.376211000337378 ], [ 94.692237999684096, 27.389577999824951 ], [ 94.689268733265578, 27.408248679133294 ], [ 94.769676512161368, 27.381656237945208 ], [ 94.786752877843185, 27.383006144617866 ], [ 94.802641161760334, 27.370216848029202 ], [ 94.837821006134675, 27.387077743343241 ], [ 94.849450859869478, 27.366883246464795 ], [ 94.871437070664399, 27.358400122367925 ], [ 94.916661316166994, 27.378841457967042 ], [ 94.939639526842882, 27.328953799578187 ], [ 94.933300122103049, 27.314960282890922 ], [ 94.91593335993673, 27.31029234551545 ], [ 94.89582172928948, 27.320807601989372 ], [ 94.875045228954207, 27.296501921826405 ], [ 94.850673398258778, 27.299061935559848 ], [ 94.843237487020531, 27.267397328823733 ], [ 94.80525104919667, 27.290685891940484 ], [ 94.808275420674192, 27.265569444174616 ], [ 94.779494999994427, 27.238604000174576 ], [ 94.763930999915829, 27.248929999719792 ], [ 94.742499999975109, 27.245279000425569 ], [ 94.752319000421608, 27.271936000346273 ], [ 94.733536000286279, 27.273745000131782 ], [ 94.721885999939104, 27.264766999797189 ], [ 94.718589999928554, 27.256535999736627 ], [ 94.726120000038065, 27.245934000054149 ], [ 94.720940000380779, 27.244506999898249 ], [ 94.69957699997866, 27.270869999750744 ], [ 94.684076090039582, 27.241130589705051 ], [ 94.643747524428875, 27.195251106253579 ], [ 94.619643929124095, 27.182619671261023 ], [ 94.609956531868534, 27.163255820599773 ], [ 94.591163999818889, 27.149062999757632 ], [ 94.570611762522901, 27.178476705036019 ], [ 94.582825000173784, 27.201847000338887 ], [ 94.588150000222527, 27.266423999767824 ], [ 94.599403704417512, 27.287939458639244 ], [ 94.623430056052371, 27.306207377468581 ], [ 94.616162240694962, 27.328434735174994 ], [ 94.637955000123327, 27.319741999793564 ] ] ] } },
{ "type": "Feature", "properties": { "pincode": "786103", "state": "Assam", "district": "Dibrugarh", "officename": "Tengakhat", "officetype": "S.O" }, "geometry": { "type": "Polygon", "coordinates": [ [ [ 95.026946782168295, 27.340765849664365 ], [ 95.034010572829686, 27.364155390459018 ], [ 95.060249429367673, 27.363839279659089 ], [ 95.064237876776644, 27.383653100710148 ], [ 95.078182647511426, 27.397572850506663 ], [ 95.083276753819234, 27.392565468521695 ], [ 95.085750450622868, 27.407777053967891 ], [ 95.09899329240659, 27.415807973759115 ], [ 95.069653740727745, 27.429162128229734 ], [ 95.067599214332347, 27.444473965601105 ], [ 95.054329040353082, 27.443086492447833 ], [ 95.074386449974668, 27.450453279095711 ], [ 95.07644207983833, 27.462173933780207 ], [ 95.125848594636921, 27.432040039716071 ], [ 95.157275144532491, 27.43475026811052 ], [ 95.181008322576133, 27.451175936520315 ], [ 95.193380501009528, 27.437516928963078 ], [ 95.211462597421018, 27.439756092469793 ], [ 95.214218593213673, 27.42375901216883 ], [ 95.247894906924614, 27.422125873010714 ], [ 95.253033880409419, 27.404907183319949 ], [ 95.244482097570767, 27.40572224428621 ], [ 95.218081871181596, 27.353793787653217 ], [ 95.175812415710482, 27.360360182176805 ], [ 95.170336991459067, 27.354884740838031 ], [ 95.163753534997625, 27.363607348100686 ], [ 95.143513493752835, 27.331224880923571 ], [ 95.122699892786045, 27.334954403622987 ], [ 95.118331092406095, 27.312540810709947 ], [ 95.097565099749659, 27.329713175422739 ], [ 95.085545069749116, 27.323211792890106 ], [ 95.086109593083336, 27.297863811965385 ], [ 95.074264297759214, 27.305320466966066 ], [ 95.07187354632714, 27.323552153908963 ], [ 95.048831616885707, 27.341963653100322 ], [ 95.026946782168295, 27.340765849664365 ] ] ] } },
{ "type": "Feature", "properties": { "pincode": "786145", "state": "Assam", "district": "Tinsukia", "officename": "Sripuria", "officetype": "S.O" }, "geometry": { "type": "Polygon", "coordinates": [ [ [ 95.370265544419397, 27.435099214057516 ], [ 95.343449599219696, 27.413599407886352 ], [ 95.327346826994585, 27.440205893787038 ], [ 95.325659407455873, 27.456912604832951 ], [ 95.343105749730739, 27.46060237030315 ], [ 95.342085842088125, 27.473128134955516 ], [ 95.350092352480033, 27.478195140193634 ], [ 95.36999376569986, 27.449147226063758 ], [ 95.409670896594776, 27.443396129927578 ], [ 95.430073475010829, 27.462898182105505 ], [ 95.418278351964375, 27.477641331382415 ], [ 95.443335532608899, 27.475659189619876 ], [ 95.45064500995943, 27.487921306323358 ], [ 95.466190101791881, 27.46387233494039 ], [ 95.488125699641444, 27.451963310058773 ], [ 95.482421283715325, 27.448226161108607 ], [ 95.488408245943901, 27.438191728065931 ], [ 95.535765959431728, 27.444998666955087 ], [ 95.603402710566684, 27.419037246771666 ], [ 95.588608482495431, 27.405392084277366 ], [ 95.610120358467896, 27.360294670163 ], [ 95.594706938174738, 27.349264231659106 ], [ 95.535924599840598, 27.342301902510883 ], [ 95.498980701098617, 27.367497663286542 ], [ 95.474228000322114, 27.364372000267679 ], [ 95.468187357560623, 27.374382285614104 ], [ 95.427456914604988, 27.3759756081879 ], [ 95.418724872554833, 27.40251895628478 ], [ 95.395008665617524, 27.403606837385723 ], [ 95.378424064519038, 27.415726914265804 ], [ 95.373162102449044, 27.432017496410538 ], [ 95.367461969094791, 27.428956737463636 ], [ 95.370265544419397, 27.435099214057516 ] ] ] } },
{ "type": "Feature", "properties": { "pincode": "786151", "state": "Assam", "district": "Tinsukia", "officename": "Doom Dooma", "officetype": "S.O" }, "geometry": { "type": "Polygon", "coordinates": [ [ [ 95.552246632176434, 27.560545983510451 ], [ 95.54198607269916, 27.578874023817207 ], [ 95.524886445153413, 27.578493307520318 ], [ 95.528351356729729, 27.559561394942421 ], [ 95.50360198164617, 27.538170557825026 ], [ 95.483390370669326, 27.532071554458696 ], [ 95.478157960321823, 27.507635458209961 ], [ 95.447286882983292, 27.487435270421543 ], [ 95.404406113351627, 27.51834895494045 ], [ 95.41519426460377, 27.565694718236841 ], [ 95.424004186144373, 27.571668011669374 ], [ 95.375847177705225, 27.57947986290543 ], [ 95.370668464977825, 27.58887762720093 ], [ 95.437851733870616, 27.636767287880105 ], [ 95.454667380695128, 27.601881516418985 ], [ 95.474290006778574, 27.606550068930687 ], [ 95.470663764921028, 27.59820479831302 ], [ 95.49524288395196, 27.600028026272525 ], [ 95.489674682041027, 27.591307569289029 ], [ 95.512203756897918, 27.589373930662532 ], [ 95.506287465194418, 27.580302854992908 ], [ 95.515451897686944, 27.579962069493888 ], [ 95.529113455721472, 27.591695731073116 ], [ 95.522932042080072, 27.594459414270659 ], [ 95.526928686809583, 27.609672734509218 ], [ 95.56048287168727, 27.609845469992592 ], [ 95.587831177766759, 27.631351514760695 ], [ 95.589228074016489, 27.618402382563943 ], [ 95.613117985906456, 27.630886914199834 ], [ 95.630013943988502, 27.6218264163561 ], [ 95.647312502470129, 27.634927599629123 ], [ 95.663665850098937, 27.629986581315677 ], [ 95.679674195307996, 27.637795771457661 ], [ 95.677447576444479, 27.649727786608196 ], [ 95.701591647536588, 27.651563135630283 ], [ 95.69996683879873, 27.640813181283534 ], [ 95.740349029184472, 27.642825810063073 ], [ 95.753895116066872, 27.627070728331546 ], [ 95.743144974660822, 27.597071862976179 ], [ 95.753613196591914, 27.60416647250463 ], [ 95.764158577656303, 27.589881834479172 ], [ 95.759464907079973, 27.576808945676362 ], [ 95.733208649559629, 27.566734655580035 ], [ 95.680950346781174, 27.593118834466679 ], [ 95.659794251603614, 27.591436559949273 ], [ 95.629391857748203, 27.517401064107958 ], [ 95.619328694963542, 27.528759692206165 ], [ 95.62410068929546, 27.547018039550949 ], [ 95.604028964265524, 27.563241229199491 ], [ 95.590381388890137, 27.549741563522446 ], [ 95.593861560162907, 27.567290308900681 ], [ 95.588052732048027, 27.573657370491389 ], [ 95.552246632176434, 27.560545983510451 ] ] ] } },
{ "type": "Feature", "properties": { "pincode": "786153", "state": "Assam", "district": "Tinsukia", "officename": "Rupaisiding", "officetype": "S.O" }, "geometry": { "type": "Polygon", "coordinates": [ [ [ 95.457952704853597, 27.600212125589337 ], [ 95.441106255349439, 27.641223226270995 ], [ 95.457959653015678, 27.635028730191891 ], [ 95.475561536635837, 27.641708799021899 ], [ 95.483223096768427, 27.633534067743142 ], [ 95.491655634000495, 27.639023744450299 ], [ 95.510539140568881, 27.620931139460652 ], [ 95.520467245866939, 27.622022057571883 ], [ 95.52671400065077, 27.609476682303125 ], [ 95.522932042080072, 27.594459414270659 ], [ 95.529113455721472, 27.591695731073116 ], [ 95.506287465194418, 27.580302854992908 ], [ 95.512203756897918, 27.589373930662532 ], [ 95.489674682041027, 27.591307569289029 ], [ 95.49524288395196, 27.600028026272525 ], [ 95.470663764921028, 27.59820479831302 ], [ 95.474290006778574, 27.606550068930687 ], [ 95.457952704853597, 27.600212125589337 ] ] ] } },
{ "type": "Feature", "properties": { "pincode": "786152", "state": "Assam", "district": "Tinsukia", "officename": "Kakapathar", "officetype": "S.O" }, "geometry": { "type": "Polygon", "coordinates": [ [ [ 95.582373121222645, 27.650461358205234 ], [ 95.603079567068391, 27.687876011568676 ], [ 95.624559033272817, 27.689176041840881 ], [ 95.619227750560299, 27.702589248495087 ], [ 95.643806428923654, 27.704509537585125 ], [ 95.670668752161248, 27.693747193278512 ], [ 95.691563185093003, 27.698885509358888 ], [ 95.690770312200129, 27.705377673840644 ], [ 95.712244726912729, 27.709923798944203 ], [ 95.71977749963213, 27.719711294340925 ], [ 95.759361000310037, 27.725373999710428 ], [ 95.771483999986685, 27.714238999730242 ], [ 95.775596999901779, 27.690854999658484 ], [ 95.797462000071278, 27.682141999853627 ], [ 95.779456999840818, 27.666438999660329 ], [ 95.7801819999994, 27.654598000397584 ], [ 95.802376000052448, 27.643004999980917 ], [ 95.785926999631499, 27.621387000409811 ], [ 95.798866000065971, 27.601730000439318 ], [ 95.824988999642812, 27.59686700011207 ], [ 95.821990999884804, 27.575531000055776 ], [ 95.838469239963558, 27.563066979257712 ], [ 95.785382782989245, 27.579533093777229 ], [ 95.773761555551459, 27.576849702052243 ], [ 95.753613196591914, 27.60416647250463 ], [ 95.743144974660822, 27.597071862976179 ], [ 95.753895116066872, 27.627070728331546 ], [ 95.736341490967106, 27.645125143610414 ], [ 95.715875004927625, 27.638596015194025 ], [ 95.69770048339069, 27.642645224397711 ], [ 95.701591647536588, 27.651563135630283 ], [ 95.677447576444479, 27.649727786608196 ], [ 95.679674195307996, 27.637795771457661 ], [ 95.663665850098937, 27.629986581315677 ], [ 95.647312502470129, 27.634927599629123 ], [ 95.630013943988502, 27.6218264163561 ], [ 95.613117985906456, 27.630886914199834 ], [ 95.589228074016489, 27.618402382563943 ], [ 95.590799713935667, 27.644564251738984 ], [ 95.582373121222645, 27.650461358205234 ] ] ] } },
{ "type": "Feature", "properties": { "pincode": "786154", "state": "Assam", "district": "Tinsukia", "officename": "Saikhowaghat", "officetype": "S.O" }, "geometry": { "type": "Polygon", "coordinates": [ [ [ 95.537380402583665, 27.726555814998903 ], [ 95.527016835658515, 27.750793869741358 ], [ 95.5321753756931, 27.780451764337556 ], [ 95.56052553642462, 27.771062040880508 ], [ 95.678193164782726, 27.795490826540629 ], [ 95.713546702418626, 27.785036822891186 ], [ 95.734644780532335, 27.751964159318618 ], [ 95.773682810913101, 27.749912972106017 ], [ 95.788902000127393, 27.736271000406532 ], [ 95.71977749963213, 27.719711294340925 ], [ 95.712244726912729, 27.709923798944203 ], [ 95.690770312200129, 27.705377673840644 ], [ 95.691563185093003, 27.698885509358888 ], [ 95.670668752161248, 27.693747193278512 ], [ 95.643806428923654, 27.704509537585125 ], [ 95.619227750560299, 27.702589248495087 ], [ 95.624559033272817, 27.689176041840881 ], [ 95.608836537576167, 27.687135391085519 ], [ 95.592348334807923, 27.690809553318275 ], [ 95.595123004123366, 27.708715787303788 ], [ 95.577244708476599, 27.706738477598833 ], [ 95.548304855984384, 27.731157886027688 ], [ 95.537380402583665, 27.726555814998903 ] ] ] } },
{ "type": "Feature", "properties": { "pincode": "786156", "state": "Assam", "district": "Tinsukia", "officename": "Talap (Tinsukia)", "officetype": "S.O" }, "geometry": { "type": "Polygon", "coordinates": [ [ [ 95.442053826922631, 27.644468673590382 ], [ 95.474317992781266, 27.697506017688681 ], [ 95.466130395801315, 27.716309589815921 ], [ 95.445051358133753, 27.718901367604019 ], [ 95.497298068651048, 27.736820175011133 ], [ 95.51051649384118, 27.779973004850376 ], [ 95.518451071060269, 27.78248420158468 ], [ 95.5321753756931, 27.780451764337556 ], [ 95.527016835658515, 27.750793869741358 ], [ 95.536827116278516, 27.74185359147009 ], [ 95.537380402583665, 27.726555814998903 ], [ 95.548304855984384, 27.731157886027688 ], [ 95.577244708476599, 27.706738477598833 ], [ 95.595123004123366, 27.708715787303788 ], [ 95.592348334807923, 27.690809553318275 ], [ 95.602954968696963, 27.687535631664105 ], [ 95.582373121222645, 27.650461358205234 ], [ 95.590799713935667, 27.644564251738984 ], [ 95.587831177766759, 27.631351514760695 ], [ 95.56048287168727, 27.609845469992592 ], [ 95.526664428220897, 27.609538851536797 ], [ 95.520467245866939, 27.622022057571883 ], [ 95.510539140568881, 27.620931139460652 ], [ 95.491655634000495, 27.639023744450299 ], [ 95.483223096768427, 27.633534067743142 ], [ 95.467456759122342, 27.642103794754348 ], [ 95.457959653015678, 27.635028730191891 ], [ 95.442053826922631, 27.644468673590382 ] ] ] } },
{ "type": "Feature", "properties": { "pincode": "786155", "state": "Assam", "district": "Tinsukia", "officename": "Sadiya", "officetype": "S.O" }, "geometry": { "type": "Polygon", "coordinates": [ [ [ 95.567053475037937, 27.834712067707812 ], [ 95.636059480860524, 27.844996616600667 ], [ 95.666249608632597, 27.862911637861828 ], [ 95.68113907850568, 27.863587550325235 ], [ 95.692991913745914, 27.882067511306786 ], [ 95.733397297647173, 27.878684981227138 ], [ 95.734097625804964, 27.888853397066782 ], [ 95.748112530169294, 27.894275143483242 ], [ 95.752403723553186, 27.887172572256588 ], [ 95.775470053400284, 27.892201464226275 ], [ 95.778391392248977, 27.885445275879022 ], [ 95.79811268115543, 27.890724712675535 ], [ 95.800135598179338, 27.898648708471228 ], [ 95.829742452652113, 27.900851721030278 ], [ 95.830832609037714, 27.891679381698339 ], [ 95.837689815532656, 27.891739624584034 ], [ 95.883070384790585, 27.903461686707487 ], [ 95.903742086228476, 27.894192186420298 ], [ 95.940666000235865, 27.904067999738572 ], [ 95.939658999663152, 27.897511999579251 ], [ 95.92633799959907, 27.895208000349101 ], [ 95.928641999728427, 27.881496000240247 ], [ 95.922599999890224, 27.884731000135559 ], [ 95.91265900011291, 27.867264000433465 ], [ 95.90747100008673, 27.871494000347923 ], [ 95.908515999713813, 27.862875000381052 ], [ 95.896331999921983, 27.861483000040607 ], [ 95.877822999831665, 27.836018000230638 ], [ 95.85335500013332, 27.828392000190831 ], [ 95.824356000129342, 27.803545000101735 ], [ 95.781708000224228, 27.75249500034397 ], [ 95.788902000127393, 27.736271000406532 ], [ 95.773682810913101, 27.749912972106017 ], [ 95.734644780532335, 27.751964159318618 ], [ 95.713546702418626, 27.785036822891186 ], [ 95.678193164782726, 27.795490826540629 ], [ 95.56052553642462, 27.771062040880508 ], [ 95.518451071060269, 27.78248420158468 ], [ 95.51051649384118, 27.779973004850376 ], [ 95.497298068651048, 27.736820175011133 ], [ 95.433251368855622, 27.716395697203836 ], [ 95.408903674165401, 27.697434660980889 ], [ 95.379719599080261, 27.698231452219943 ], [ 95.382089388214808, 27.71854815707178 ], [ 95.421348999856605, 27.738244999707092 ], [ 95.459732000031977, 27.774381999729485 ], [ 95.492966000180843, 27.852214999822479 ], [ 95.521111000372457, 27.85872999988959 ], [ 95.567053475037937, 27.834712067707812 ] ] ] } },
{ "type": "Feature", "properties": { "pincode": "786157", "state": "Assam", "district": "Tinsukia", "officename": "Chapakhowa", "officetype": "S.O" }, "geometry": { "type": "Polygon", "coordinates": [ [ [ 95.521111000372457, 27.85872999988959 ], [ 95.51765400013204, 27.876877000373383 ], [ 95.527961999746481, 27.89299800005773 ], [ 95.54525000018748, 27.897394000432826 ], [ 95.545547000393924, 27.908557999951938 ], [ 95.566787999666644, 27.917595000309234 ], [ 95.572989999688843, 27.937485000232584 ], [ 95.590401000405905, 27.936701000051187 ], [ 95.608513000174867, 27.952837000427394 ], [ 95.827468999794689, 27.972032999823114 ], [ 95.978867000111961, 27.962802999558789 ], [ 95.953697000416298, 27.936145999638256 ], [ 95.958923000396283, 27.927149000226279 ], [ 95.944855000058283, 27.906899999935206 ], [ 95.903742086228476, 27.894192186420298 ], [ 95.883070384790585, 27.903461686707487 ], [ 95.837689815532656, 27.891739624584034 ], [ 95.830832609037714, 27.891679381698339 ], [ 95.829742452652113, 27.900851721030278 ], [ 95.800135598179338, 27.898648708471228 ], [ 95.800117118010689, 27.892023833733049 ], [ 95.784587178855418, 27.885857863249839 ], [ 95.772554341609691, 27.89234611388207 ], [ 95.752403723553186, 27.887172572256588 ], [ 95.748112530169294, 27.894275143483242 ], [ 95.734097625804964, 27.888853397066782 ], [ 95.733397297647173, 27.878684981227138 ], [ 95.692991913745914, 27.882067511306786 ], [ 95.68113907850568, 27.863587550325235 ], [ 95.666249608632597, 27.862911637861828 ], [ 95.636059480860524, 27.844996616600667 ], [ 95.58032386125717, 27.834380307805077 ], [ 95.551460771297684, 27.839356702749683 ], [ 95.521111000372457, 27.85872999988959 ] ] ] } },
{ "type": "Feature", "properties": { "pincode": "786173", "state": "Assam", "district": "Tinsukia", "officename": "Jubilee Digboi", "officetype": "S.O" }, "geometry": { "type": "Polygon", "coordinates": [ [ [ 95.69155617217973, 27.294734394277043 ], [ 95.649529377179192, 27.295500488057087 ], [ 95.643702784755874, 27.317288614178324 ], [ 95.660755494670468, 27.329564081317471 ], [ 95.641305926027712, 27.325433253242124 ], [ 95.633485939524576, 27.350380586195172 ], [ 95.681951913650096, 27.366705431610569 ], [ 95.686241294000581, 27.354267036094882 ], [ 95.699253952507945, 27.350609539198956 ], [ 95.695090163380371, 27.35750480949946 ], [ 95.71107104869003, 27.373352471939199 ], [ 95.741446481769799, 27.38119069309613 ], [ 95.755924703362439, 27.36997798179857 ], [ 95.756396877114241, 27.359396154808792 ], [ 95.772776512825885, 27.357880820543642 ], [ 95.761959419591733, 27.350152132315202 ], [ 95.766624285782314, 27.338264649793814 ], [ 95.748156666197303, 27.315330496904892 ], [ 95.710306311087379, 27.299398998764786 ], [ 95.695183808885758, 27.31017988709209 ], [ 95.69155617217973, 27.294734394277043 ] ] ] } },
{ "type": "Feature", "properties": { "pincode": "786158", "state": "Assam", "district": "Tinsukia", "officename": "Kundil", "officetype": "S.O" }, "geometry": { "type": "Polygon", "coordinates": [ [ [ 95.279809155568273, 27.566419709402055 ], [ 95.281968940414345, 27.58007600100683 ], [ 95.313961549685814, 27.604086175636667 ], [ 95.304604853831052, 27.65395221342402 ], [ 95.281903650533081, 27.689971352795737 ], [ 95.321564000078581, 27.695335000310138 ], [ 95.382089388214808, 27.71854815707178 ], [ 95.379719599080261, 27.698231452219943 ], [ 95.385679725539148, 27.695921480591949 ], [ 95.408903674165401, 27.697434660980889 ], [ 95.440638937037534, 27.718941371247467 ], [ 95.472120968807644, 27.709717985496638 ], [ 95.472074011606537, 27.687750251273144 ], [ 95.453557351091035, 27.670027136343379 ], [ 95.440557042973239, 27.639342079273717 ], [ 95.370668464977825, 27.58887762720093 ], [ 95.372562014525386, 27.572861937228822 ], [ 95.352858877535311, 27.569008476260194 ], [ 95.355436010763356, 27.549056059789393 ], [ 95.307013919057283, 27.5385113190423 ], [ 95.313865319528986, 27.528038986310264 ], [ 95.292426634881338, 27.525489810306681 ], [ 95.298838863123081, 27.546491826436807 ], [ 95.279809155568273, 27.566419709402055 ] ] ] } },
{ "type": "Feature", "properties": { "pincode": "786159", "state": "Assam", "district": "Tinsukia", "officename": "Sukriting", "officetype": "S.O" }, "geometry": { "type": "Polygon", "coordinates": [ [ [ 95.578548428667091, 27.570833483978333 ], [ 95.593861560162907, 27.567290308900681 ], [ 95.590381388890137, 27.549741563522446 ], [ 95.604028964265524, 27.563241229199491 ], [ 95.62410068929546, 27.547018039550949 ], [ 95.623000250061523, 27.519035851723288 ], [ 95.610721675764864, 27.514474287058817 ], [ 95.552740323107571, 27.554896564724686 ], [ 95.552246632176434, 27.560545983510451 ], [ 95.578548428667091, 27.570833483978333 ] ] ] } },
{ "type": "Feature", "properties": { "pincode": "786160", "state": "Assam", "district": "Tinsukia", "officename": "Phillobari", "officetype": "S.O" }, "geometry": { "type": "Polygon", "coordinates": [ [ [ 95.61759486141392, 27.515215100896285 ], [ 95.629391857748203, 27.517401064107958 ], [ 95.659794251603614, 27.591436559949273 ], [ 95.680950346781174, 27.593118834466679 ], [ 95.733208649559629, 27.566734655580035 ], [ 95.764262386400105, 27.583648324010994 ], [ 95.837815761088677, 27.562529090245448 ], [ 95.82443042712265, 27.543184236863169 ], [ 95.812581743153032, 27.554917398419263 ], [ 95.790321519722454, 27.553231199260495 ], [ 95.806148884463539, 27.529661406448781 ], [ 95.79156741620352, 27.538778848465086 ], [ 95.782255454425865, 27.528098719280479 ], [ 95.755132490572123, 27.529517663309605 ], [ 95.750952120643888, 27.506866880502173 ], [ 95.737900389291667, 27.492312282186106 ], [ 95.7128490245629, 27.50948130232041 ], [ 95.698122205175821, 27.505031591734678 ], [ 95.66495672437344, 27.516294372787172 ], [ 95.664191728665401, 27.476712802054294 ], [ 95.656921509420272, 27.474523840502911 ], [ 95.617618696145939, 27.489098549458731 ], [ 95.61759486141392, 27.515215100896285 ] ] ] } },
{ "type": "Feature", "properties": { "pincode": "786170", "state": "Assam", "district": "Tinsukia", "officename": "Makum Junction", "officetype": "S.O" }, "geometry": { "type": "Polygon", "coordinates": [ [ [ 95.478157960321823, 27.507635458209961 ], [ 95.498372681154365, 27.511717105959747 ], [ 95.499179280399517, 27.500996739308107 ], [ 95.517345860023624, 27.499884945234214 ], [ 95.519108650843577, 27.484042385547696 ], [ 95.571430927795177, 27.504563296758874 ], [ 95.57158537556478, 27.512070742770561 ], [ 95.597494096375499, 27.525521964667064 ], [ 95.61759486141392, 27.515215100896285 ], [ 95.615396360753437, 27.49223248174377 ], [ 95.630832215534497, 27.482425775029526 ], [ 95.641910279435876, 27.426282356045988 ], [ 95.615606946903199, 27.414250011628781 ], [ 95.535765959431728, 27.444998666955087 ], [ 95.488408245943901, 27.438191728065931 ], [ 95.482421283715325, 27.448226161108607 ], [ 95.488125699641444, 27.451963310058773 ], [ 95.466190101791881, 27.46387233494039 ], [ 95.45064500995943, 27.487921306323358 ], [ 95.478157960321823, 27.507635458209961 ] ] ] } },
{ "type": "Feature", "properties": { "pincode": "786171", "state": "Assam", "district": "Tinsukia", "officename": "Digboi Charali", "officetype": "S.O" }, "geometry": { "type": "Polygon", "coordinates": [ [ [ 95.442138766990581, 27.250565849434508 ], [ 95.450408892956148, 27.268628859534431 ], [ 95.464092582406806, 27.274985205702762 ], [ 95.457245378171763, 27.302266499699272 ], [ 95.467745072777063, 27.323434400277392 ], [ 95.459001300869488, 27.345608354441936 ], [ 95.471918169887772, 27.36482785761973 ], [ 95.498980701098617, 27.367497663286542 ], [ 95.535924599840598, 27.342301902510883 ], [ 95.606946554739807, 27.353176510087962 ], [ 95.608811013017885, 27.370383055333832 ], [ 95.588608482495431, 27.405392084277366 ], [ 95.603402710566684, 27.419037246771666 ], [ 95.615606946903199, 27.414250011628781 ], [ 95.641910279435876, 27.426282356045988 ], [ 95.630832215534497, 27.482425775029526 ], [ 95.648150809112735, 27.473788718474566 ], [ 95.664191728665401, 27.476712802054294 ], [ 95.66495672437344, 27.516294372787172 ], [ 95.728175144967111, 27.503110681213002 ], [ 95.733366730590205, 27.491663888977484 ], [ 95.725095913046118, 27.491509910653861 ], [ 95.720145477032304, 27.480926303006527 ], [ 95.768367852694325, 27.422012249066142 ], [ 95.767197162019443, 27.395215917181019 ], [ 95.71107104869003, 27.373352471939199 ], [ 95.695090163380371, 27.35750480949946 ], [ 95.699253952507945, 27.350609539198956 ], [ 95.686241294000581, 27.354267036094882 ], [ 95.681951913650096, 27.366705431610569 ], [ 95.633485939524576, 27.350380586195172 ], [ 95.641305926027712, 27.325433253242124 ], [ 95.660755494670468, 27.329564081317471 ], [ 95.643702784755874, 27.317288614178324 ], [ 95.648130887330638, 27.300298763277283 ], [ 95.623827118227098, 27.311031072026537 ], [ 95.594961950833351, 27.300123864924558 ], [ 95.613763489593566, 27.297153441078478 ], [ 95.619568740205182, 27.287469376710476 ], [ 95.613558586259785, 27.27670490820509 ], [ 95.640691126993943, 27.280759578092045 ], [ 95.649690144484623, 27.247960817437786 ], [ 95.625861923389152, 27.257321027843318 ], [ 95.592180958384631, 27.256164966440053 ], [ 95.580523325491129, 27.288943513032621 ], [ 95.554031153315123, 27.255906461714005 ], [ 95.535239999926091, 27.264463000167439 ], [ 95.520897000396303, 27.257601000286058 ], [ 95.516616999974701, 27.262512000128936 ], [ 95.491908906470883, 27.242792093480489 ], [ 95.46700293243947, 27.264012397554268 ], [ 95.445798980738516, 27.237157980256711 ], [ 95.442138766990581, 27.250565849434508 ] ] ] } },
{ "type": "Feature", "properties": { "pincode": "786174", "state": "Assam", "district": "Tinsukia", "officename": "Pengri", "officetype": "S.O" }, "geometry": { "type": "Polygon", "coordinates": [ [ [ 95.723976838959913, 27.477571691480534 ], [ 95.723384601218413, 27.489894163484905 ], [ 95.737900389291667, 27.492312282186106 ], [ 95.750952120643888, 27.506866880502173 ], [ 95.755132490572123, 27.529517663309605 ], [ 95.782255454425865, 27.528098719280479 ], [ 95.79156741620352, 27.538778848465086 ], [ 95.806148884463539, 27.529661406448781 ], [ 95.790321519722454, 27.553231199260495 ], [ 95.812581743153032, 27.554917398419263 ], [ 95.82443042712265, 27.543184236863169 ], [ 95.838469239963558, 27.563066979257712 ], [ 95.852791000204604, 27.55935899981813 ], [ 95.863007000073083, 27.546247000398921 ], [ 95.881989000392196, 27.546838999819954 ], [ 95.879044000380532, 27.513373999810312 ], [ 95.890166999807263, 27.499663999793938 ], [ 95.879577999825017, 27.492684999913024 ], [ 95.87671700008957, 27.464557999652015 ], [ 95.859923999992589, 27.45607599970765 ], [ 95.864243000414262, 27.44545700014055 ], [ 95.849891999616034, 27.428348999906632 ], [ 95.858353000390707, 27.414078000099721 ], [ 95.821732532030751, 27.430833950826184 ], [ 95.811727881836418, 27.415699387816574 ], [ 95.799696738014063, 27.417370294903435 ], [ 95.79564498912498, 27.408945763436293 ], [ 95.785734565397945, 27.414746752160909 ], [ 95.767471787992747, 27.4106157604092 ], [ 95.768367852694325, 27.422012249066142 ], [ 95.723976838959913, 27.477571691480534 ] ] ] } },
{ "type": "Feature", "properties": { "pincode": "786179", "state": "Assam", "district": "Tinsukia", "officename": "Tipong", "officetype": "S.O" }, "geometry": { "type": "Polygon", "coordinates": [ [ [ 95.731282175831893, 27.275942587980182 ], [ 95.777341342029388, 27.304658272761174 ], [ 95.787329629059229, 27.296953595531988 ], [ 95.798100194068866, 27.301325346587532 ], [ 95.814844551634792, 27.327927407823665 ], [ 95.841617533522424, 27.333119810031235 ], [ 95.84565478174278, 27.326748700592134 ], [ 95.865884894472288, 27.334368034856993 ], [ 95.876835266334581, 27.314974182812477 ], [ 95.861163384482722, 27.305227028304785 ], [ 95.860611000197594, 27.287336000056371 ], [ 95.810363999698893, 27.274139000314676 ], [ 95.806473000128904, 27.284989999788763 ], [ 95.784866000165948, 27.272417000044641 ], [ 95.732100999561624, 27.259916000023566 ], [ 95.731282175831893, 27.275942587980182 ] ] ] } },
{ "type": "Feature", "properties": { "pincode": "786182", "state": "Assam", "district": "Tinsukia", "officename": "Ledo", "officetype": "S.O" }, "geometry": { "type": "Polygon", "coordinates": [ [ [ 95.753706679319976, 27.290779141744054 ], [ 95.742757562011832, 27.292709237941096 ], [ 95.747630562800339, 27.315461615361414 ], [ 95.766624285782314, 27.338264649793814 ], [ 95.761959419591733, 27.350152132315202 ], [ 95.772776512825885, 27.357880820543642 ], [ 95.756396877114241, 27.359396154808792 ], [ 95.755924703362439, 27.36997798179857 ], [ 95.741446481769799, 27.38119069309613 ], [ 95.767197162019443, 27.395215917181019 ], [ 95.767471787992747, 27.4106157604092 ], [ 95.785734565397945, 27.414746752160909 ], [ 95.79564498912498, 27.408945763436293 ], [ 95.799696738014063, 27.417370294903435 ], [ 95.811727881836418, 27.415699387816574 ], [ 95.821732532030751, 27.430833950826184 ], [ 95.872127469207499, 27.409226113594343 ], [ 95.866084008869962, 27.396717561965886 ], [ 95.882232951389767, 27.37794112957954 ], [ 95.883001003893298, 27.355203599066954 ], [ 95.911473921184609, 27.34033628938829 ], [ 95.918823000181476, 27.292212000083794 ], [ 95.902472999829115, 27.28083999996619 ], [ 95.898139999661396, 27.257277999779888 ], [ 95.872443999990764, 27.259953999977142 ], [ 95.860953999827359, 27.272890000273321 ], [ 95.861163384482722, 27.305227028304785 ], [ 95.876835266334581, 27.314974182812477 ], [ 95.865884894472288, 27.334368034856993 ], [ 95.84565478174278, 27.326748700592134 ], [ 95.841617533522424, 27.333119810031235 ], [ 95.814844551634792, 27.327927407823665 ], [ 95.798100194068866, 27.301325346587532 ], [ 95.787329629059229, 27.296953595531988 ], [ 95.777341342029388, 27.304658272761174 ], [ 95.753706679319976, 27.290779141744054 ] ] ] } },
{ "type": "Feature", "properties": { "pincode": "786183", "state": "Assam", "district": "Dibrugarh, Tinsukia", "officename": "Panitola", "officetype": "S.O" }, "geometry": { "type": "Polygon", "coordinates": [ [ [ 95.217005142573271, 27.528171816176496 ], [ 95.253938816922869, 27.569773246238412 ], [ 95.279809155568273, 27.566419709402055 ], [ 95.293008212958796, 27.554150856776687 ], [ 95.298838863123081, 27.546491826436807 ], [ 95.292426634881338, 27.525489810306681 ], [ 95.313865319528986, 27.528038986310264 ], [ 95.307013919057283, 27.5385113190423 ], [ 95.319539851882837, 27.541483252849957 ], [ 95.321005707247764, 27.529027421278499 ], [ 95.334742350579177, 27.523696670964569 ], [ 95.305580963590842, 27.518242885300992 ], [ 95.305584169673864, 27.49734645047829 ], [ 95.315583308822738, 27.484125833640405 ], [ 95.303537801028881, 27.482227182238773 ], [ 95.304789159991799, 27.471612087528001 ], [ 95.316130780111507, 27.463974825278001 ], [ 95.342051830627611, 27.472757420918242 ], [ 95.343105749730739, 27.46060237030315 ], [ 95.325659407455873, 27.456912604832951 ], [ 95.327346826994585, 27.440205893787038 ], [ 95.343449599219696, 27.413599407886352 ], [ 95.352707348965168, 27.42135558209452 ], [ 95.363747942613543, 27.413348781221373 ], [ 95.327881241925866, 27.397320785825741 ], [ 95.291547240912507, 27.415551246093173 ], [ 95.253033880409419, 27.404907183319949 ], [ 95.247309313374274, 27.432689013886829 ], [ 95.229956372888466, 27.460092369267613 ], [ 95.231472116345287, 27.505260514161421 ], [ 95.210334082252018, 27.509577634100651 ], [ 95.217005142573271, 27.528171816176496 ] ] ] } },
{ "type": "Feature", "properties": { "pincode": "786187", "state": "Assam", "district": "Tinsukia", "officename": "Makum Pathar", "officetype": "S.O" }, "geometry": { "type": "Polygon", "coordinates": [ [ [ 95.594961950833351, 27.300123864924558 ], [ 95.623827118227098, 27.311031072026537 ], [ 95.666985668653922, 27.291925883472857 ], [ 95.690517814945395, 27.269807150379734 ], [ 95.672627864084802, 27.266475439190117 ], [ 95.679450999764015, 27.247398000117585 ], [ 95.637260000248943, 27.230457000390288 ], [ 95.590369999875747, 27.223164000418308 ], [ 95.574820999589519, 27.244783000035511 ], [ 95.549276982646802, 27.256223774907312 ], [ 95.571352727246563, 27.27095431299125 ], [ 95.580523325491129, 27.288943513032621 ], [ 95.592180958384631, 27.256164966440053 ], [ 95.625861923389152, 27.257321027843318 ], [ 95.649690144484623, 27.247960817437786 ], [ 95.640691126993943, 27.280759578092045 ], [ 95.613558586259785, 27.27670490820509 ], [ 95.619568740205182, 27.287469376710476 ], [ 95.613763489593566, 27.297153441078478 ], [ 95.594961950833351, 27.300123864924558 ] ] ] } },
{ "type": "Feature", "properties": { "pincode": "786184", "state": "Assam", "district": "Dibrugarh", "officename": "Chabua", "officetype": "S.O" }, "geometry": { "type": "Polygon", "coordinates": [ [ [ 95.114179463011851, 27.476846702113676 ], [ 95.077680483167853, 27.462582447222303 ], [ 95.092109515441791, 27.480650686879812 ], [ 95.085757879022992, 27.495041482678403 ], [ 95.116188352410688, 27.499724459416313 ], [ 95.12586371224063, 27.521415513615182 ], [ 95.113664944681545, 27.525449810260739 ], [ 95.116833390248757, 27.571919096988836 ], [ 95.139397044937823, 27.581515138413067 ], [ 95.163435317985602, 27.575999536049778 ], [ 95.187551122486525, 27.581802554544311 ], [ 95.202755194097108, 27.568416525402426 ], [ 95.21086270465014, 27.570537467630174 ], [ 95.218879065316798, 27.542570624934626 ], [ 95.210334082252018, 27.509577634100651 ], [ 95.231472116345287, 27.505260514161421 ], [ 95.229956372888466, 27.460092369267613 ], [ 95.247894906924614, 27.422125873010714 ], [ 95.214218593213673, 27.42375901216883 ], [ 95.211462597421018, 27.439756092469793 ], [ 95.193380501009528, 27.437516928963078 ], [ 95.181008322576133, 27.451175936520315 ], [ 95.152589457237809, 27.433259931400812 ], [ 95.14911290573599, 27.474856732652142 ], [ 95.114179463011851, 27.476846702113676 ] ] ] } },
{ "type": "Feature", "properties": { "pincode": "786614", "state": "Assam", "district": "Dibrugarh", "officename": "Jeypore", "officetype": "S.O" }, "geometry": { "type": "Polygon", "coordinates": [ [ [ 95.35343324844581, 27.231755392097682 ], [ 95.360294458722365, 27.23337377697834 ], [ 95.354244954940896, 27.25569889548774 ], [ 95.364101909475607, 27.26995416435318 ], [ 95.395086465967665, 27.270485785091012 ], [ 95.387271507574212, 27.289655258983146 ], [ 95.395815416848166, 27.308116792855628 ], [ 95.421175445090853, 27.293008912731295 ], [ 95.433258549042932, 27.303585511062465 ], [ 95.463117586008025, 27.282585894323631 ], [ 95.464092582406806, 27.274985205702762 ], [ 95.445153132610983, 27.260955716133367 ], [ 95.445798980738516, 27.237157980256711 ], [ 95.46700293243947, 27.264012397554268 ], [ 95.491908906470883, 27.242792093480489 ], [ 95.460113999661417, 27.207342000133281 ], [ 95.46898699965044, 27.18435100019849 ], [ 95.381548026020823, 27.20574886371918 ], [ 95.355210271936642, 27.221493533100102 ], [ 95.35343324844581, 27.231755392097682 ] ] ] } },
{ "type": "Feature", "properties": { "pincode": "786602", "state": "Assam", "district": "Dibrugarh", "officename": "Duliajan", "officetype": "S.O" }, "geometry": { "type": "Polygon", "coordinates": [ [ [ 95.312597558730431, 27.40138898331503 ], [ 95.30737596003263, 27.38276039767419 ], [ 95.313211539381086, 27.359972175075825 ], [ 95.344398090799359, 27.367900243901261 ], [ 95.332104580562032, 27.380150112737738 ], [ 95.33590125204131, 27.398434098854693 ], [ 95.347373501386073, 27.401643013914054 ], [ 95.349545721158165, 27.392336085641887 ], [ 95.359299852606284, 27.392350615988278 ], [ 95.356406460189987, 27.384220455110039 ], [ 95.376095659487078, 27.380887137731293 ], [ 95.377215642787633, 27.369247891477187 ], [ 95.386940472524884, 27.370334838182316 ], [ 95.379590216315535, 27.356740159131164 ], [ 95.390366456946538, 27.342264234407025 ], [ 95.412262178856622, 27.334674930303834 ], [ 95.418625403040096, 27.344631441587865 ], [ 95.409804686037603, 27.348911516653288 ], [ 95.419042220822007, 27.359018755211537 ], [ 95.405337779515037, 27.361673924412116 ], [ 95.405884129349033, 27.374621290340315 ], [ 95.41333817721528, 27.371464339008128 ], [ 95.421779868646183, 27.382231447923175 ], [ 95.441640972453058, 27.373027846358241 ], [ 95.468187357560623, 27.374382285614104 ], [ 95.471835331535431, 27.360371969590858 ], [ 95.458621042327309, 27.340131106365504 ], [ 95.467745072777063, 27.323434400277392 ], [ 95.457245378171763, 27.302266499699272 ], [ 95.463117586008025, 27.282585894323631 ], [ 95.433258549042932, 27.303585511062465 ], [ 95.421175445090853, 27.293008912731295 ], [ 95.369867181625239, 27.328116781664221 ], [ 95.33342765506228, 27.330822723889696 ], [ 95.322402577417165, 27.341880013451885 ], [ 95.314809515946536, 27.337529155446248 ], [ 95.32032448338839, 27.325567927617783 ], [ 95.292766447313738, 27.305588794087669 ], [ 95.243344285210696, 27.336159176804642 ], [ 95.244551968598671, 27.35652177046353 ], [ 95.219394230259695, 27.344688467598814 ], [ 95.226537335729461, 27.374147279273643 ], [ 95.241057139275654, 27.392400238780169 ], [ 95.248483380103949, 27.390674011696433 ], [ 95.250983039435937, 27.375717446103295 ], [ 95.285809584245044, 27.369643497849211 ], [ 95.282729851401712, 27.380151476109916 ], [ 95.300940544570608, 27.394316864032135 ], [ 95.295776326216469, 27.399804027134337 ], [ 95.305143915559313, 27.405708962198958 ], [ 95.312597558730431, 27.40138898331503 ] ] ] } },
{ "type": "Feature", "properties": { "pincode": "786622", "state": "Assam", "district": "Dibrugarh", "officename": "Namrup Thermal Power Station", "officetype": "S.O" }, "geometry": { "type": "Polygon", "coordinates": [ [ [ 94.932976722297951, 27.477789858015683 ], [ 94.946750213551638, 27.470831926552194 ], [ 94.931006054086254, 27.460026369821207 ], [ 94.924307974533576, 27.469022457320648 ], [ 94.932976722297951, 27.477789858015683 ] ] ] } },
{ "type": "Feature", "properties": { "pincode": "786610", "state": "Assam", "district": "Dibrugarh", "officename": "Naharkatia", "officetype": "S.O" }, "geometry": { "type": "Polygon", "coordinates": [ [ [ 95.154779335198214, 27.30326737049279 ], [ 95.128422086510227, 27.325895906770768 ], [ 95.123172144778778, 27.319361890538914 ], [ 95.120539776989233, 27.332079080385313 ], [ 95.143513493752835, 27.331224880923571 ], [ 95.163753534997625, 27.363607348100686 ], [ 95.170336991459067, 27.354884740838031 ], [ 95.175812415710482, 27.360360182176805 ], [ 95.214376292032284, 27.357625413082417 ], [ 95.221545331252116, 27.342917455176575 ], [ 95.244551968598671, 27.35652177046353 ], [ 95.243344285210696, 27.336159176804642 ], [ 95.292766447313738, 27.305588794087669 ], [ 95.32032448338839, 27.325567927617783 ], [ 95.314809515946536, 27.337529155446248 ], [ 95.322402577417165, 27.341880013451885 ], [ 95.33342765506228, 27.330822723889696 ], [ 95.369867181625239, 27.328116781664221 ], [ 95.39512815583987, 27.309078035922823 ], [ 95.387271507574212, 27.289655258983146 ], [ 95.395086465967665, 27.270485785091012 ], [ 95.364101909475607, 27.26995416435318 ], [ 95.355556603554589, 27.25808875749027 ], [ 95.35073240807418, 27.262681075371461 ], [ 95.320867197263453, 27.25277187831972 ], [ 95.293858825924076, 27.263456430370127 ], [ 95.28820181955831, 27.280174702200895 ], [ 95.257495092424676, 27.281201791829346 ], [ 95.259955025104489, 27.288668992280179 ], [ 95.279832230373245, 27.294485726335324 ], [ 95.275507224279011, 27.296827197617063 ], [ 95.240967768248083, 27.295790376424804 ], [ 95.233309184871018, 27.287423596721794 ], [ 95.222578773691509, 27.291616549963976 ], [ 95.226656325029523, 27.300495034018638 ], [ 95.196744505954371, 27.29791491953813 ], [ 95.187305665124541, 27.307000233274323 ], [ 95.173975267144954, 27.297950676582559 ], [ 95.174253984134168, 27.283475148459388 ], [ 95.16128893933319, 27.291696611209829 ], [ 95.153592639289002, 27.282778217041198 ], [ 95.154779335198214, 27.30326737049279 ] ] ] } },
{ "type": "Feature", "properties": { "pincode": "788733", "state": "Assam", "district": "Karimganj", "officename": "Bazarghat (Karimganj)", "officetype": "S.O" }, "geometry": { "type": "Polygon", "coordinates": [ [ [ 92.385877054482592, 24.586061238035882 ], [ 92.414858506914641, 24.654956483355136 ], [ 92.421679979747466, 24.652839102442726 ], [ 92.425752735000856, 24.637749912028937 ], [ 92.418080837161028, 24.627507090779829 ], [ 92.429182349985581, 24.626320273461999 ], [ 92.423217482301027, 24.610398547355203 ], [ 92.43697507533949, 24.609596174923581 ], [ 92.4341917653378, 24.597463936511474 ], [ 92.412563131283548, 24.599808500561949 ], [ 92.405549545275449, 24.583829406701739 ], [ 92.385877054482592, 24.586061238035882 ] ] ] } },
{ "type": "Feature", "properties": { "pincode": "786611", "state": "Assam", "district": "Dibrugarh", "officename": "Rajgarh (Dibrugarh)", "officetype": "S.O" }, "geometry": { "type": "Polygon", "coordinates": [ [ [ 94.999832000346714, 27.14687300038878 ], [ 95.006679986092479, 27.181038625332349 ], [ 95.02146881733205, 27.172966381693129 ], [ 95.023811727529278, 27.19546087761762 ], [ 95.046867062265221, 27.218340544180876 ], [ 95.055065041918226, 27.212456605587988 ], [ 95.063401200604915, 27.224762041734834 ], [ 95.084119924894765, 27.225654288814439 ], [ 95.102696197871296, 27.238173477624002 ], [ 95.126792820732135, 27.23544249647415 ], [ 95.128873950872332, 27.249213144071462 ], [ 95.161618983329618, 27.242627366459885 ], [ 95.174249648502553, 27.249161257685955 ], [ 95.172247821480028, 27.233393423567748 ], [ 95.181120080427434, 27.228512855883707 ], [ 95.185165110481648, 27.211757664184915 ], [ 95.136341068585466, 27.207812969692839 ], [ 95.13843375591324, 27.175691365264413 ], [ 95.147395953360729, 27.172201466024944 ], [ 95.137817360582915, 27.164024882142769 ], [ 95.14374989674053, 27.159474666023129 ], [ 95.1313856359385, 27.149265863428923 ], [ 95.127899000338687, 27.130783000335384 ], [ 95.118980000027079, 27.134067999838408 ], [ 95.116248999991512, 27.127879999562481 ], [ 95.097591053284589, 27.141714570970748 ], [ 95.070760591228407, 27.142378647456837 ], [ 95.068886195441735, 27.158411797766291 ], [ 95.027367000286915, 27.143845000146769 ], [ 94.999832000346714, 27.14687300038878 ] ] ] } },
{ "type": "Feature", "properties": { "pincode": "786612", "state": "Assam", "district": "Dibrugarh", "officename": "Tingkhong", "officetype": "S.O" }, "geometry": { "type": "Polygon", "coordinates": [ [ [ 95.077145284926928, 27.259066645209543 ], [ 95.09309086105452, 27.283155535699507 ], [ 95.085150341115536, 27.28639330190947 ], [ 95.084387377875373, 27.319298830976322 ], [ 95.097565099749659, 27.329713175422739 ], [ 95.118331092406095, 27.312540810709947 ], [ 95.128422086510227, 27.325895906770768 ], [ 95.134441681538533, 27.321231560388242 ], [ 95.154779335198214, 27.30326737049279 ], [ 95.153592639289002, 27.282778217041198 ], [ 95.16128893933319, 27.291696611209829 ], [ 95.174253984134168, 27.283475148459388 ], [ 95.173975267144954, 27.297950676582559 ], [ 95.187305665124541, 27.307000233274323 ], [ 95.196744505954371, 27.29791491953813 ], [ 95.226656325029523, 27.300495034018638 ], [ 95.222578773691509, 27.291616549963976 ], [ 95.233309184871018, 27.287423596721794 ], [ 95.240967768248083, 27.295790376424804 ], [ 95.275507224279011, 27.296827197617063 ], [ 95.256169525003713, 27.283106499265728 ], [ 95.281687250266486, 27.281060094647728 ], [ 95.278487288857377, 27.27076103609312 ], [ 95.255538358308627, 27.259309229237601 ], [ 95.242125708334868, 27.221617778937514 ], [ 95.223519098527618, 27.221615062984881 ], [ 95.217011407250766, 27.180722152105716 ], [ 95.19026308207566, 27.167722168643195 ], [ 95.194743485623405, 27.164446250494166 ], [ 95.184813999866208, 27.161591000124702 ], [ 95.188042000338157, 27.151047000418828 ], [ 95.179611000047714, 27.140815999858489 ], [ 95.170592999667292, 27.141866999762328 ], [ 95.1650919995962, 27.126728000397065 ], [ 95.154922000050362, 27.13426199979159 ], [ 95.15267199971322, 27.124971000311575 ], [ 95.150360000114006, 27.133342999679826 ], [ 95.129702179711956, 27.13762357296963 ], [ 95.147395953360729, 27.172201466024944 ], [ 95.13843375591324, 27.175691365264413 ], [ 95.136341068585466, 27.207812969692839 ], [ 95.185165110481648, 27.211757664184915 ], [ 95.181120080427434, 27.228512855883707 ], [ 95.172247821480028, 27.233393423567748 ], [ 95.174249648502553, 27.249161257685955 ], [ 95.161618983329618, 27.242627366459885 ], [ 95.128873950872332, 27.249213144071462 ], [ 95.126792820732135, 27.23544249647415 ], [ 95.102340441358365, 27.238060002966733 ], [ 95.090538247842005, 27.260094195291003 ], [ 95.077145284926928, 27.259066645209543 ] ] ] } },
{ "type": "Feature", "properties": { "pincode": "786623", "state": "Assam", "district": "Dibrugarh", "officename": "Parbatpur", "officetype": "S.O" }, "geometry": { "type": "Polygon", "coordinates": [ [ [ 95.363708000124234, 27.123796000085406 ], [ 95.379313455351848, 27.176188153460544 ], [ 95.355968824901424, 27.193581870107323 ], [ 95.367331159105788, 27.213786148012446 ], [ 95.46898699965044, 27.18435100019849 ], [ 95.458053999992273, 27.12941900038669 ], [ 95.420540000320841, 27.124636000151327 ], [ 95.377257999956782, 27.0960789998461 ], [ 95.36859899994397, 27.101285999848983 ], [ 95.373763999808943, 27.109976000392294 ], [ 95.363708000124234, 27.123796000085406 ] ] ] } },
{ "type": "Feature", "properties": { "pincode": "786613", "state": "Assam", "district": "Dibrugarh", "officename": "Bamunbari", "officetype": "S.O" }, "geometry": { "type": "Polygon", "coordinates": [ [ [ 94.93712619331933, 27.242805640867743 ], [ 94.95599393297374, 27.248018453189047 ], [ 94.95493349018858, 27.26121380537279 ], [ 94.983661970523656, 27.268670740962136 ], [ 94.996791566977436, 27.277676857700953 ], [ 94.99673513092165, 27.286013466948134 ], [ 95.009098431247708, 27.283880551146638 ], [ 95.022078881435334, 27.296011913619054 ], [ 95.019963925994489, 27.310927576246741 ], [ 95.042148614467237, 27.322909256457081 ], [ 95.038177173238012, 27.330671834737473 ], [ 95.055955452582168, 27.333398374135641 ], [ 95.07187354632714, 27.323552153908963 ], [ 95.074264297759214, 27.305320466966066 ], [ 95.09309086105452, 27.283155535699507 ], [ 95.083430420977322, 27.278760434646415 ], [ 95.077145284926928, 27.259066645209543 ], [ 95.090538247842005, 27.260094195291003 ], [ 95.102340441358365, 27.238060002966733 ], [ 95.084119924894765, 27.225654288814439 ], [ 95.063401200604915, 27.224762041734834 ], [ 95.055065041918226, 27.212456605587988 ], [ 95.044702872539688, 27.216859463293645 ], [ 95.023811727529278, 27.19546087761762 ], [ 95.02146881733205, 27.172966381693129 ], [ 95.006679986092479, 27.181038625332349 ], [ 94.999053295373471, 27.146825665472193 ], [ 94.989731000385461, 27.146258999953034 ], [ 94.981276999933584, 27.150301000191178 ], [ 94.986252000029936, 27.169713999701514 ], [ 94.970160999930272, 27.228701000351009 ], [ 94.93957971383287, 27.229951295416015 ], [ 94.93712619331933, 27.242805640867743 ] ] ] } },
{ "type": "Feature", "properties": { "pincode": "786621", "state": "Assam", "district": "Dibrugarh", "officename": "Namrup", "officetype": "S.O" }, "geometry": { "type": "Polygon", "coordinates": [ [ [ 95.189882301926787, 27.158931662566204 ], [ 95.19026308207566, 27.167722168643195 ], [ 95.217011407250766, 27.180722152105716 ], [ 95.214739952686728, 27.191007331423179 ], [ 95.223746561354858, 27.19289033821866 ], [ 95.223519098527618, 27.221615062984881 ], [ 95.242125708334868, 27.221617778937514 ], [ 95.255538358308627, 27.259309229237601 ], [ 95.278487288857377, 27.27076103609312 ], [ 95.281687250266486, 27.281060094647728 ], [ 95.301755562369465, 27.257600156721878 ], [ 95.331057648291903, 27.251686742849017 ], [ 95.35073240807418, 27.262681075371461 ], [ 95.355556603554589, 27.25808875749027 ], [ 95.360432099961542, 27.235618222203243 ], [ 95.35343324844581, 27.231755392097682 ], [ 95.355210271936642, 27.221493533100102 ], [ 95.367331159105788, 27.213786148012446 ], [ 95.355968824901424, 27.193581870107323 ], [ 95.379313455351848, 27.176188153460544 ], [ 95.367768744931652, 27.142775538959938 ], [ 95.359328999633647, 27.167550999778882 ], [ 95.346039000099893, 27.172133999784307 ], [ 95.345787000169992, 27.180759000027933 ], [ 95.314147999830539, 27.184063000407207 ], [ 95.289397999717892, 27.196812000173679 ], [ 95.259392000040918, 27.183653000385675 ], [ 95.256186999730289, 27.191448000125092 ], [ 95.242485000082866, 27.18761799977085 ], [ 95.234749000366264, 27.178843999850869 ], [ 95.2404859996293, 27.169296000210295 ], [ 95.230217000014591, 27.172295000014344 ], [ 95.221061999611834, 27.164414999952328 ], [ 95.214111000122614, 27.172802000012439 ], [ 95.214240999822323, 27.163770999931728 ], [ 95.189882301926787, 27.158931662566204 ] ] ] } },
{ "type": "Feature", "properties": { "pincode": "787001", "state": "Assam", "district": "Lakhimpur", "officename": "North Lakhimpur", "officetype": "H.O" }, "geometry": { "type": "Polygon", "coordinates": [ [ [ 94.120907494685184, 27.183646628689132 ], [ 94.133717839007204, 27.18129616418679 ], [ 94.134695617908619, 27.193552422706318 ], [ 94.160891097446324, 27.188359727319607 ], [ 94.174542920319539, 27.175326499518405 ], [ 94.183906710026747, 27.201661035828238 ], [ 94.207660346747787, 27.203530699382384 ], [ 94.216207481890024, 27.197316067482632 ], [ 94.221627390092067, 27.209804954535116 ], [ 94.185849325685979, 27.212752606647598 ], [ 94.182449035794548, 27.231040692773774 ], [ 94.217689253456228, 27.241886149726156 ], [ 94.23174213619069, 27.233616664977149 ], [ 94.243838738067495, 27.250288979652794 ], [ 94.251672576828128, 27.248298114466479 ], [ 94.254711270009295, 27.224435037447222 ], [ 94.274814390372001, 27.208109654237319 ], [ 94.26680863720901, 27.164992994231397 ], [ 94.259058649437293, 27.156228531621537 ], [ 94.236993326181107, 27.157144943484525 ], [ 94.219013509665842, 27.130277036356233 ], [ 94.160336101529879, 27.12974919367042 ], [ 94.169352823973782, 27.147334449725122 ], [ 94.159347986720377, 27.153014063248634 ], [ 94.162462672614311, 27.165584276893014 ], [ 94.152179006855874, 27.165429561125507 ], [ 94.151128143649089, 27.158381478922138 ], [ 94.116732286865727, 27.174662668547228 ], [ 94.120907494685184, 27.183646628689132 ] ] ] } },
{ "type": "Feature", "properties": { "pincode": "787026", "state": "Assam", "district": "Dhemaji", "officename": "Bordoloni", "officetype": "S.O" }, "geometry": { "type": "Polygon", "coordinates": [ [ [ 94.385050730906585, 27.368074023497513 ], [ 94.368430127248587, 27.395944538909475 ], [ 94.382341121245872, 27.396576317143456 ], [ 94.396329338228441, 27.417186582295074 ], [ 94.410865195572399, 27.422895130605923 ], [ 94.40617997412653, 27.449572887778515 ], [ 94.41434774375341, 27.448979374798284 ], [ 94.41263418272149, 27.488891229646526 ], [ 94.432882516614995, 27.497622180819064 ], [ 94.459546408040467, 27.496707755558589 ], [ 94.448474282362326, 27.466597361679021 ], [ 94.46169230555563, 27.42577103660409 ], [ 94.45778228172702, 27.40142762178732 ], [ 94.413567416403282, 27.353268105139136 ], [ 94.37932247035593, 27.362396272470107 ], [ 94.385050730906585, 27.368074023497513 ] ] ] } },
{ "type": "Feature", "properties": { "pincode": "787031", "state": "Assam", "district": "Lakhimpur", "officename": "Khelmati", "officetype": "S.O" }, "geometry": { "type": "Polygon", "coordinates": [ [ [ 93.986754057553867, 27.16145069329491 ], [ 93.959908385263873, 27.149914742271676 ], [ 93.959720609518683, 27.159707359307333 ], [ 93.949495788200181, 27.165035813651969 ], [ 93.957574159819842, 27.174005153515111 ], [ 93.919163343613548, 27.168340373409535 ], [ 93.872269350250292, 27.199614802980932 ], [ 93.903129999949613, 27.238432000336729 ], [ 93.987589814618445, 27.317081339332333 ], [ 94.006740930649414, 27.298672126217753 ], [ 94.036545727703299, 27.28585502169193 ], [ 94.02859934238586, 27.255046728723585 ], [ 94.055727435073322, 27.267386966835147 ], [ 94.082364384608809, 27.254199787690197 ], [ 94.086786961748885, 27.26272960009095 ], [ 94.111112507936014, 27.261752445319132 ], [ 94.113412015951837, 27.230204276506299 ], [ 94.13212756063848, 27.202032523282412 ], [ 94.119623314964031, 27.201959617042746 ], [ 94.121734754955071, 27.190317974095365 ], [ 94.111645379630716, 27.192202280410925 ], [ 94.106243082852075, 27.181539893051593 ], [ 94.097258347494744, 27.186983549651075 ], [ 94.090227496302134, 27.180919163888234 ], [ 94.08732301614441, 27.191198544377471 ], [ 94.078088066011446, 27.185305287009498 ], [ 94.076567477906792, 27.163972822188043 ], [ 94.057014622127326, 27.161643128427841 ], [ 94.050049832433899, 27.135199283120585 ], [ 94.040141696582225, 27.132883885882734 ], [ 94.045835287368789, 27.12474398714528 ], [ 94.038462258526579, 27.111500439393808 ], [ 94.028951667085948, 27.11247804922283 ], [ 94.027893456417871, 27.102887825512937 ], [ 94.013962576611732, 27.098422132175642 ], [ 93.957161882714729, 27.118641678770587 ], [ 93.981506937894892, 27.124867729362279 ], [ 93.976579277212011, 27.138222099670145 ], [ 93.983076590312521, 27.14936870899885 ], [ 94.00331203332388, 27.139392758868894 ], [ 94.010572598346869, 27.147654603877015 ], [ 93.997976736037629, 27.160179394563386 ], [ 94.010710092097327, 27.169944088548846 ], [ 93.985283467258284, 27.175496139535312 ], [ 93.986754057553867, 27.16145069329491 ] ] ] } },
{ "type": "Feature", "properties": { "pincode": "787033", "state": "Assam", "district": "Lakhimpur", "officename": "Bhogpur Chariali", "officetype": "S.O" }, "geometry": { "type": "Polygon", "coordinates": [ [ [ 93.762511716143024, 26.996991106854182 ], [ 93.766025551737982, 27.02415251672528 ], [ 93.781190840085401, 27.026768090575047 ], [ 93.759990317499216, 27.035060017905607 ], [ 93.770362999952624, 27.040168999899493 ], [ 93.774299999845312, 27.05918900017241 ], [ 93.77982300003157, 27.049642999724711 ], [ 93.785110000126508, 27.064068000338068 ], [ 93.7930680001881, 27.051424000017732 ], [ 93.798996000165403, 27.067738999655205 ], [ 93.806755000043381, 27.058199000383581 ], [ 93.82736199975659, 27.068934999950272 ], [ 93.834661127709126, 27.041947966825262 ], [ 93.824209239264974, 27.039675896225731 ], [ 93.836692041504648, 27.01934317804529 ], [ 93.825193544546494, 27.023300470240542 ], [ 93.802378603090119, 27.004217100139158 ], [ 93.800653633258605, 26.981769956218614 ], [ 93.762511716143024, 26.996991106854182 ] ] ] } },
{ "type": "Feature", "properties": { "pincode": "787032", "state": "Assam", "district": "Lakhimpur", "officename": "Moidumia", "officetype": "S.O" }, "geometry": { "type": "Polygon", "coordinates": [ [ [ 94.125345515882998, 27.293779160479914 ], [ 94.108529712576228, 27.300984061964925 ], [ 94.083971363387832, 27.334447222861229 ], [ 94.098553616756192, 27.326346363693915 ], [ 94.10948050192377, 27.338690440111691 ], [ 94.104492217941583, 27.348693139676698 ], [ 94.094762723420956, 27.34449042609242 ], [ 94.086005750365132, 27.350571831524974 ], [ 94.09902341090168, 27.358619147755633 ], [ 94.075972451367647, 27.366539986930945 ], [ 94.069378979156568, 27.350562047800395 ], [ 94.05700709749965, 27.359646742803079 ], [ 94.088554000067234, 27.401369000379191 ], [ 94.162453000405833, 27.463259000002836 ], [ 94.207393278676989, 27.413747715984414 ], [ 94.228338709463969, 27.404101296337899 ], [ 94.225118218331147, 27.384005248243682 ], [ 94.226893891939653, 27.38231436361707 ], [ 94.230910465645479, 27.394599166618377 ], [ 94.24797280819871, 27.395109499504031 ], [ 94.263709999716809, 27.370521999690652 ], [ 94.28796915435322, 27.354615213121633 ], [ 94.272333623098405, 27.32164126273409 ], [ 94.276890459127628, 27.309571374319489 ], [ 94.26613583550062, 27.302588244751689 ], [ 94.27958932099051, 27.253050597107517 ], [ 94.243838738067495, 27.250288979652794 ], [ 94.23174213619069, 27.233616664977149 ], [ 94.217689253456228, 27.241886149726156 ], [ 94.182449035794548, 27.231040692773774 ], [ 94.185849325685979, 27.212752606647598 ], [ 94.221627390092067, 27.209804954535116 ], [ 94.220774040489687, 27.202293752055027 ], [ 94.183906710026747, 27.201661035828238 ], [ 94.174542920319539, 27.175326499518405 ], [ 94.160891097446324, 27.188359727319607 ], [ 94.134695617908619, 27.193552422706318 ], [ 94.128727892178517, 27.214603215366083 ], [ 94.12053745693828, 27.214725189516003 ], [ 94.113412015951837, 27.230204276506299 ], [ 94.113370054484506, 27.258401659509047 ], [ 94.100717447652187, 27.27378153958648 ], [ 94.117359522623985, 27.269533744786486 ], [ 94.128465821640418, 27.273902523582592 ], [ 94.129852749804741, 27.284116330004736 ], [ 94.141197362868127, 27.285734653731367 ], [ 94.156176996071622, 27.304790951541293 ], [ 94.16220233776761, 27.332586512058015 ], [ 94.144675269648076, 27.328053072791192 ], [ 94.144655643743135, 27.314223957569709 ], [ 94.130754533295146, 27.314353447353938 ], [ 94.125345515882998, 27.293779160479914 ] ] ] } },
{ "type": "Feature", "properties": { "pincode": "787034", "state": "Assam", "district": "Dhemaji", "officename": "Gogamukh", "officetype": "S.O" }, "geometry": { "type": "Polygon", "coordinates": [ [ [ 94.299033363299202, 27.351526026604915 ], [ 94.273711999609134, 27.362529999859646 ], [ 94.248931999911974, 27.389843000354176 ], [ 94.258193999853347, 27.399433000133001 ], [ 94.287078999995856, 27.382452000359592 ], [ 94.299987999946268, 27.386490000413175 ], [ 94.309554999563716, 27.430244000060611 ], [ 94.299571925903706, 27.443143183011728 ], [ 94.373536794387746, 27.438346356599197 ], [ 94.379684252326513, 27.455292666823084 ], [ 94.384089355639389, 27.44699696863529 ], [ 94.40617997412653, 27.449572887778515 ], [ 94.410865195572399, 27.422895130605923 ], [ 94.396329338228441, 27.417186582295074 ], [ 94.382341121245872, 27.396576317143456 ], [ 94.368430127248587, 27.395944538909475 ], [ 94.376042994488671, 27.363441874642774 ], [ 94.353542498287709, 27.35701644255488 ], [ 94.351497693563942, 27.368911547729851 ], [ 94.333736820597835, 27.370065676489901 ], [ 94.336603352962527, 27.37946613155691 ], [ 94.321508102916653, 27.378541533165276 ], [ 94.3148045590832, 27.349703831066961 ], [ 94.317257355642482, 27.341500026505059 ], [ 94.342227728327089, 27.33249017847902 ], [ 94.334873095117246, 27.319029843752389 ], [ 94.30567899978621, 27.319623999747876 ], [ 94.299033363299202, 27.351526026604915 ] ] ] } },
{ "type": "Feature", "properties": { "pincode": "787035", "state": "Assam", "district": "Dhemaji", "officename": "Gerukamukh", "officetype": "S.O" }, "geometry": { "type": "Polygon", "coordinates": [ [ [ 94.261986000253785, 27.520200999876351 ], [ 94.258827000265967, 27.554197000091619 ], [ 94.228867000012144, 27.572465999906058 ], [ 94.227500999971426, 27.595374999656428 ], [ 94.213585000347678, 27.607757999632099 ], [ 94.219909999746733, 27.605894000008277 ], [ 94.237587000139968, 27.629419000286759 ], [ 94.254722999866715, 27.63781699995468 ], [ 94.269622999901571, 27.624709999866582 ], [ 94.256530999606014, 27.610549999782791 ], [ 94.278404000144633, 27.590129999699798 ], [ 94.290009000215377, 27.588553999867258 ], [ 94.300385000267624, 27.601042000188215 ], [ 94.314735000120208, 27.586366999737322 ], [ 94.369728000047189, 27.573358999718153 ], [ 94.389854000062201, 27.585888000131092 ], [ 94.405403000348429, 27.583763000162435 ], [ 94.42707475329729, 27.549506475343662 ], [ 94.434944259170322, 27.507460182141813 ], [ 94.432882516614995, 27.497622180819064 ], [ 94.41263418272149, 27.488891229646526 ], [ 94.41434774375341, 27.448979374798284 ], [ 94.384089355639389, 27.44699696863529 ], [ 94.379684252326513, 27.455292666823084 ], [ 94.373536794387746, 27.438346356599197 ], [ 94.313998688288962, 27.440419385646294 ], [ 94.284553999567549, 27.457724000162557 ], [ 94.282265000129769, 27.500915999973586 ], [ 94.261986000253785, 27.520200999876351 ] ] ] } },
{ "type": "Feature", "properties": { "pincode": "787051", "state": "Assam", "district": "Lakhimpur", "officename": "Lilabari A/F", "officetype": "S.O" }, "geometry": { "type": "Polygon", "coordinates": [ [ [ 93.987589814618445, 27.317081339332333 ], [ 94.056984000211457, 27.359643999870798 ], [ 94.069378979156568, 27.350562047800395 ], [ 94.070733085663505, 27.362872430218545 ], [ 94.087323923560234, 27.365045179691322 ], [ 94.100640108654034, 27.356925358318733 ], [ 94.086005750365132, 27.350571831524974 ], [ 94.094762723420956, 27.34449042609242 ], [ 94.104492217941583, 27.348693139676698 ], [ 94.10948050192377, 27.338690440111691 ], [ 94.098553616756192, 27.326346363693915 ], [ 94.083971363387832, 27.334447222861229 ], [ 94.108529712576228, 27.300984061964925 ], [ 94.124657276412279, 27.295036881247086 ], [ 94.128595341102084, 27.274261514957004 ], [ 94.101003554370607, 27.274633126517585 ], [ 94.10457659863124, 27.265246600150533 ], [ 94.086786961748885, 27.26272960009095 ], [ 94.082364384608809, 27.254199787690197 ], [ 94.055727435073322, 27.267386966835147 ], [ 94.02859934238586, 27.255046728723585 ], [ 94.036545727703299, 27.28585502169193 ], [ 94.006740930649414, 27.298672126217753 ], [ 93.987589814618445, 27.317081339332333 ] ] ] } },
{ "type": "Feature", "properties": { "pincode": "787056", "state": "Assam", "district": "Lakhimpur", "officename": "Pathalipam", "officetype": "S.O" }, "geometry": { "type": "Polygon", "coordinates": [ [ [ 94.27986900025428, 27.468197000191537 ], [ 94.309554999563716, 27.430244000060611 ], [ 94.299987999946268, 27.386490000413175 ], [ 94.287078999995856, 27.382452000359592 ], [ 94.258193999853347, 27.399433000133001 ], [ 94.230910465645479, 27.394599166618377 ], [ 94.226893891939653, 27.38231436361707 ], [ 94.228338709463969, 27.404101296337899 ], [ 94.207393278676989, 27.413747715984414 ], [ 94.159476999863841, 27.474858999843036 ], [ 94.261986000253785, 27.520200999876351 ], [ 94.282265000129769, 27.500915999973586 ], [ 94.27986900025428, 27.468197000191537 ] ] ] } },
{ "type": "Feature", "properties": { "pincode": "787052", "state": "Assam", "district": "Lakhimpur", "officename": "Panigaon", "officetype": "S.O" }, "geometry": { "type": "Polygon", "coordinates": [ [ [ 94.013962576611732, 27.098422132175642 ], [ 94.027893456417871, 27.102887825512937 ], [ 94.028951667085948, 27.11247804922283 ], [ 94.038462258526579, 27.111500439393808 ], [ 94.047126007859106, 27.12744897878747 ], [ 94.040141696582225, 27.132883885882734 ], [ 94.050049832433899, 27.135199283120585 ], [ 94.057014622127326, 27.161643128427841 ], [ 94.076567477906792, 27.163972822188043 ], [ 94.078088066011446, 27.185305287009498 ], [ 94.08732301614441, 27.191198544377471 ], [ 94.090227496302134, 27.180919163888234 ], [ 94.097258347494744, 27.186983549651075 ], [ 94.106243082852075, 27.181539893051593 ], [ 94.111645379630716, 27.192202280410925 ], [ 94.121734754955071, 27.190317974095365 ], [ 94.119698594514659, 27.201995193323739 ], [ 94.13212756063848, 27.202032523282412 ], [ 94.133717839007204, 27.18129616418679 ], [ 94.120907494685184, 27.183646628689132 ], [ 94.116732286865727, 27.174662668547228 ], [ 94.151128143649089, 27.158381478922138 ], [ 94.152179006855874, 27.165429561125507 ], [ 94.162462672614311, 27.165584276893014 ], [ 94.159347986720377, 27.153014063248634 ], [ 94.169352823973782, 27.147334449725122 ], [ 94.160336101529879, 27.12974919367042 ], [ 94.219013509665842, 27.130277036356233 ], [ 94.236993326181107, 27.157144943484525 ], [ 94.247160445198574, 27.16025015322208 ], [ 94.259058649437293, 27.156228531621537 ], [ 94.264639336636208, 27.142538533426716 ], [ 94.246296812747687, 27.118257775276334 ], [ 94.266446343524024, 27.116125996217818 ], [ 94.254418745728572, 27.103151230644926 ], [ 94.265669460577215, 27.096198298512832 ], [ 94.241251671827172, 27.086382491558936 ], [ 94.228615094511042, 27.048476749902136 ], [ 94.208459263084592, 27.037908169026764 ], [ 94.177620970531621, 27.03726040084689 ], [ 94.18624196699318, 27.006203705236999 ], [ 94.128282332064032, 26.987768584452795 ], [ 94.102844270546711, 26.971308233688035 ], [ 94.046335542451459, 26.987486589434695 ], [ 94.046561274982992, 27.002038703823189 ], [ 94.035705818468841, 27.01276459411082 ], [ 94.04500217790843, 27.012611073542246 ], [ 94.04313987710384, 27.038203371488521 ], [ 94.030900919741782, 27.04172438727079 ], [ 94.031805508217758, 27.06727394853408 ], [ 94.014427268903489, 27.081737749497734 ], [ 94.013962576611732, 27.098422132175642 ] ] ] } },
{ "type": "Feature", "properties": { "pincode": "788001", "state": "Assam", "district": "Cachar", "officename": "Silchar", "officetype": "H.O" }, "geometry": { "type": "Polygon", "coordinates": [ [ [ 92.816149321933722, 24.81634245144312 ], [ 92.794394483318911, 24.822801425545379 ], [ 92.792499360856937, 24.8309320756548 ], [ 92.819598209389881, 24.822865933915921 ], [ 92.816149321933722, 24.81634245144312 ] ] ] } },
{ "type": "Feature", "properties": { "pincode": "787053", "state": "Assam", "district": "Dhemaji, Lakhimpur", "officename": "Ghilamara", "officetype": "S.O" }, "geometry": { "type": "Polygon", "coordinates": [ [ [ 94.26613583550062, 27.302588244751689 ], [ 94.276890459127628, 27.309571374319489 ], [ 94.272333623098405, 27.32164126273409 ], [ 94.28796915435322, 27.354615213121633 ], [ 94.300835000335042, 27.351022999811732 ], [ 94.30567899978621, 27.319623999747876 ], [ 94.336629359557435, 27.321004579597798 ], [ 94.342227728327089, 27.33249017847902 ], [ 94.317257355642482, 27.341500026505059 ], [ 94.3148045590832, 27.349703831066961 ], [ 94.321508102916653, 27.378541533165276 ], [ 94.3328133220773, 27.379732280520386 ], [ 94.333736820597835, 27.370065676489901 ], [ 94.355566999017981, 27.365144140189955 ], [ 94.353542498287709, 27.35701644255488 ], [ 94.366414405700368, 27.357025623733705 ], [ 94.38280141135624, 27.372776546100795 ], [ 94.37932247035593, 27.362396272470107 ], [ 94.413567416403282, 27.353268105139136 ], [ 94.437574771658547, 27.378474785483036 ], [ 94.448577301501302, 27.373841897385716 ], [ 94.449641796631738, 27.359617657828835 ], [ 94.440514033995726, 27.356033898145824 ], [ 94.435955594475274, 27.327003295065992 ], [ 94.460760485608034, 27.331819592700128 ], [ 94.463658731665191, 27.324963617377193 ], [ 94.485556019294904, 27.328521212184228 ], [ 94.499594159443006, 27.321590992430401 ], [ 94.487741739689625, 27.310308875953979 ], [ 94.49772501120043, 27.295560257000318 ], [ 94.482249950474966, 27.281793236368912 ], [ 94.469597864350078, 27.285851481061172 ], [ 94.464349434379074, 27.275494926149918 ], [ 94.475452280898025, 27.265555260966551 ], [ 94.44273504108952, 27.247608238229645 ], [ 94.46165244580385, 27.22717422670928 ], [ 94.430964154772084, 27.235980635497981 ], [ 94.434999750937777, 27.247098487205506 ], [ 94.425761198120995, 27.247063106976782 ], [ 94.404254538216492, 27.219844928300915 ], [ 94.391207571472307, 27.215251358563535 ], [ 94.3560515951051, 27.231409957104006 ], [ 94.353447249291264, 27.2461556676501 ], [ 94.346276306206619, 27.240960512617733 ], [ 94.329655558657123, 27.247315185147784 ], [ 94.310262944079682, 27.224020508439821 ], [ 94.295179158591282, 27.237783121493976 ], [ 94.284710052626963, 27.237260322206225 ], [ 94.272679592289478, 27.260366331940759 ], [ 94.26613583550062, 27.302588244751689 ] ] ] } },
{ "type": "Feature", "properties": { "pincode": "787054", "state": "Assam", "district": "Lakhimpur", "officename": "Islamgaon", "officetype": "S.O" }, "geometry": { "type": "Polygon", "coordinates": [ [ [ 93.927109240599066, 27.078797050043818 ], [ 93.944044960406586, 27.096413583620119 ], [ 93.951338036821028, 27.069359997965535 ], [ 93.982622198855438, 27.084348967031303 ], [ 93.990675832823513, 27.105083354813132 ], [ 94.014140879797822, 27.099769672732293 ], [ 94.014427268903489, 27.081737749497734 ], [ 94.031805508217758, 27.06727394853408 ], [ 94.030900919741782, 27.04172438727079 ], [ 94.04313987710384, 27.038203371488521 ], [ 94.04500217790843, 27.012611073542246 ], [ 94.035705818468841, 27.01276459411082 ], [ 94.045469955773967, 26.993199302505786 ], [ 94.025336488688083, 27.000230650124422 ], [ 94.025026544539514, 26.99069822674187 ], [ 94.034993791030786, 26.984891278210114 ], [ 94.02637735143378, 26.980506915062165 ], [ 94.013135123886912, 26.990224298412784 ], [ 94.015861172255427, 26.995992065281712 ], [ 94.003151293897133, 26.997102377272824 ], [ 94.003061215103116, 27.035122479418931 ], [ 93.985878349006725, 27.034371252331596 ], [ 93.987237428764445, 27.027070248393329 ], [ 93.953618259774942, 27.017142759131161 ], [ 93.944850636048216, 27.028006911190232 ], [ 93.962800426898298, 27.03234136196437 ], [ 93.933112754849788, 27.04710395818131 ], [ 93.936891390425444, 27.067109527283037 ], [ 93.927109240599066, 27.078797050043818 ] ] ] } },
{ "type": "Feature", "properties": { "pincode": "787055", "state": "Assam", "district": "Lakhimpur", "officename": "Dhakuakhana", "officetype": "S.O" }, "geometry": { "type": "Polygon", "coordinates": [ [ [ 94.247952741625795, 27.115033721928853 ], [ 94.256400462111742, 27.139574057696734 ], [ 94.264639336636208, 27.142538533426716 ], [ 94.25842841623853, 27.155067266741014 ], [ 94.271843850513278, 27.172884405790626 ], [ 94.275447282865969, 27.201057373998765 ], [ 94.251502773134519, 27.229871298022033 ], [ 94.251644982030371, 27.248344005971148 ], [ 94.277058580189419, 27.249184622072676 ], [ 94.310262944079682, 27.224020508439821 ], [ 94.329655558657123, 27.247315185147784 ], [ 94.346276306206619, 27.240960512617733 ], [ 94.353447249291264, 27.2461556676501 ], [ 94.3560515951051, 27.231409957104006 ], [ 94.366258958784044, 27.23181115905777 ], [ 94.38285721788634, 27.216083309697126 ], [ 94.404254538216492, 27.219844928300915 ], [ 94.425761198120995, 27.247063106976782 ], [ 94.434999750937777, 27.247098487205506 ], [ 94.430964154772084, 27.235980635497981 ], [ 94.46165244580385, 27.22717422670928 ], [ 94.44273504108952, 27.247608238229645 ], [ 94.475452280898025, 27.265555260966551 ], [ 94.464349434379074, 27.275494926149918 ], [ 94.469597864350078, 27.285851481061172 ], [ 94.482249950474966, 27.281793236368912 ], [ 94.49772501120043, 27.295560257000318 ], [ 94.487741739689625, 27.310308875953979 ], [ 94.492412634035986, 27.31835955654833 ], [ 94.518939703504657, 27.325885819974701 ], [ 94.531112004015824, 27.342974542341437 ], [ 94.526568329564725, 27.313507785156219 ], [ 94.550509831963325, 27.295540287554275 ], [ 94.542575376152683, 27.279745387439732 ], [ 94.583549082124478, 27.283256200413405 ], [ 94.595407691012213, 27.274995691797926 ], [ 94.588150000222527, 27.266423999767824 ], [ 94.580672999859132, 27.192256999660856 ], [ 94.572159742178485, 27.180852635640804 ], [ 94.538735809709976, 27.174799234197394 ], [ 94.529022564140121, 27.146958416197947 ], [ 94.498298333501396, 27.118295038685233 ], [ 94.484337240970945, 27.133714535697436 ], [ 94.473974847661339, 27.133945890790358 ], [ 94.46114932458164, 27.111725159288767 ], [ 94.430859232667501, 27.110846443408832 ], [ 94.409346136315321, 27.097500019510335 ], [ 94.372573120453296, 27.100354029714822 ], [ 94.323523405380968, 27.091174223311839 ], [ 94.297102275149939, 27.080376211892769 ], [ 94.254418745728572, 27.103151230644926 ], [ 94.266446343524024, 27.116125996217818 ], [ 94.247952741625795, 27.115033721928853 ] ] ] } },
{ "type": "Feature", "properties": { "pincode": "788005", "state": "Assam", "district": "Cachar", "officename": "Rangirkhari", "officetype": "S.O" }, "geometry": { "type": "Polygon", "coordinates": [ [ [ 92.798278251440252, 24.82014527518453 ], [ 92.803191485199136, 24.804330310295768 ], [ 92.781977910752175, 24.813087448826877 ], [ 92.798278251440252, 24.82014527518453 ] ] ] } },
{ "type": "Feature", "properties": { "pincode": "787057", "state": "Assam", "district": "Dhemaji", "officename": "Dhemaji", "officetype": "S.O" }, "geometry": { "type": "Polygon", "coordinates": [ [ [ 94.429773555805127, 27.536357229602515 ], [ 94.405403000348429, 27.583763000162435 ], [ 94.423171999588249, 27.597902000177271 ], [ 94.433266000125911, 27.599624999594198 ], [ 94.438225000383625, 27.580928999873549 ], [ 94.461844999647099, 27.554146000437697 ], [ 94.481285000402579, 27.573422999971569 ], [ 94.502327000390892, 27.573710999762909 ], [ 94.528388999852552, 27.592154000406936 ], [ 94.622003353572097, 27.624361930758482 ], [ 94.607453772573592, 27.588330332179169 ], [ 94.612674055563332, 27.572863649537908 ], [ 94.603226459833422, 27.558734048337726 ], [ 94.624303736628235, 27.543199514546131 ], [ 94.624348304331022, 27.472297680293821 ], [ 94.6357292571995, 27.471180332906101 ], [ 94.640136456832124, 27.461383587982311 ], [ 94.636977408280814, 27.434805540443335 ], [ 94.623911769812423, 27.439424926119443 ], [ 94.620694269824924, 27.429876251088331 ], [ 94.6312318294855, 27.419799369145608 ], [ 94.631373461016551, 27.40030379208639 ], [ 94.615759893004736, 27.397604005720382 ], [ 94.614586891971669, 27.381901920137693 ], [ 94.600234722954212, 27.382140389767301 ], [ 94.578426301832565, 27.392087176681969 ], [ 94.584029147427373, 27.406525422510413 ], [ 94.556151791771811, 27.405050287041149 ], [ 94.552185311203289, 27.395254351507333 ], [ 94.523233738746171, 27.395008502040866 ], [ 94.514509861640988, 27.376953673073672 ], [ 94.505102577122329, 27.378879812253729 ], [ 94.511528008311075, 27.399303331383692 ], [ 94.463482552677704, 27.39662074455191 ], [ 94.448397526125007, 27.460543041128517 ], [ 94.459912568810068, 27.495570636575792 ], [ 94.432882516614995, 27.497622180819064 ], [ 94.429773555805127, 27.536357229602515 ] ] ] } },
{ "type": "Feature", "properties": { "pincode": "788011", "state": "Assam", "district": "Cachar", "officename": "Assam University", "officetype": "S.O" }, "geometry": { "type": "Polygon", "coordinates": [ [ [ 92.714824352761923, 24.70498721039155 ], [ 92.740601518045821, 24.730081278528246 ], [ 92.75334972191223, 24.724509755421025 ], [ 92.754516191169387, 24.692393376952907 ], [ 92.743427601602662, 24.691526111241217 ], [ 92.737589923236385, 24.678345903640661 ], [ 92.713936021330369, 24.685150942262339 ], [ 92.72141444711923, 24.699416862698229 ], [ 92.714824352761923, 24.70498721039155 ] ] ] } },
{ "type": "Feature", "properties": { "pincode": "787058", "state": "Assam", "district": "Dhemaji", "officename": "Machkhowa", "officetype": "S.O" }, "geometry": { "type": "Polygon", "coordinates": [ [ [ 94.435301514853165, 27.340773269071292 ], [ 94.443634651817831, 27.347429848508625 ], [ 94.440514033995726, 27.356033898145824 ], [ 94.44960032439559, 27.35889823076883 ], [ 94.448577301501302, 27.373841897385716 ], [ 94.437574771658547, 27.378474785483036 ], [ 94.459536912998203, 27.404476541159625 ], [ 94.464895808494816, 27.396082700856084 ], [ 94.511528008311075, 27.399303331383692 ], [ 94.505102577122329, 27.378879812253729 ], [ 94.514509861640988, 27.376953673073672 ], [ 94.523233738746171, 27.395008502040866 ], [ 94.552185311203289, 27.395254351507333 ], [ 94.556151791771811, 27.405050287041149 ], [ 94.584029147427373, 27.406525422510413 ], [ 94.578426301832565, 27.392087176681969 ], [ 94.584439732008093, 27.385638754325157 ], [ 94.614586891971669, 27.381901920137693 ], [ 94.615759893004736, 27.397604005720382 ], [ 94.626262703760915, 27.399774041039279 ], [ 94.634331751209459, 27.377976072737624 ], [ 94.665053511410463, 27.412055260242141 ], [ 94.682504875499774, 27.402713607347323 ], [ 94.689268733265578, 27.408248679133294 ], [ 94.68794999979275, 27.383051000103592 ], [ 94.66542799990242, 27.376211000337378 ], [ 94.666550000382188, 27.348977999934903 ], [ 94.642029000038519, 27.337314999887383 ], [ 94.637955000123327, 27.319741999793564 ], [ 94.616162240694962, 27.328434735174994 ], [ 94.623430056052371, 27.306207377468581 ], [ 94.599403704417512, 27.287939458639244 ], [ 94.595407691012213, 27.274995691797926 ], [ 94.583549082124478, 27.283256200413405 ], [ 94.542575376152683, 27.279745387439732 ], [ 94.550509831963325, 27.295540287554275 ], [ 94.526568329564725, 27.313507785156219 ], [ 94.531112004015824, 27.342974542341437 ], [ 94.507137762697823, 27.321515817201373 ], [ 94.485556019294904, 27.328521212184228 ], [ 94.463658731665191, 27.324963617377193 ], [ 94.460760485608034, 27.331819592700128 ], [ 94.439595668805225, 27.325066641912031 ], [ 94.435301514853165, 27.340773269071292 ] ] ] } },
{ "type": "Feature", "properties": { "pincode": "788012", "state": "Assam", "district": "Cachar", "officename": "Chittaranjan Avenue (Cachar)", "officetype": "S.O" }, "geometry": { "type": "Polygon", "coordinates": [ [ [ 92.780117435571185, 24.803002947827849 ], [ 92.782141454264774, 24.812870781461584 ], [ 92.794589674873578, 24.805581490293605 ], [ 92.792819607638933, 24.801217543555026 ], [ 92.780117435571185, 24.803002947827849 ] ] ] } },
{ "type": "Feature", "properties": { "pincode": "787059", "state": "Assam", "district": "Dhemaji", "officename": "Silapathar", "officetype": "S.O" }, "geometry": { "type": "Polygon", "coordinates": [ [ [ 94.703600136037437, 27.606026993551041 ], [ 94.721908678143109, 27.631967955057178 ], [ 94.714480464202097, 27.656727201099557 ], [ 94.722777999705045, 27.666178000214586 ], [ 94.757950000192409, 27.662628000182167 ], [ 94.797393999833332, 27.694167999553713 ], [ 94.823287999641536, 27.692260999745486 ], [ 94.841407999779392, 27.699568000363058 ], [ 94.85081500011222, 27.706707000427912 ], [ 94.855628999978478, 27.72766500013978 ], [ 94.871036195164265, 27.736425116326188 ], [ 94.918082887115588, 27.716817594356598 ], [ 94.919778407747401, 27.700034702639527 ], [ 94.90345223043613, 27.690365891672684 ], [ 94.903259897826217, 27.677166911623715 ], [ 94.912577059483908, 27.673995824747578 ], [ 94.885418189298036, 27.663590103000899 ], [ 94.894961958527688, 27.645977998585863 ], [ 94.875346434390622, 27.644817989159037 ], [ 94.879172375205087, 27.636194555534473 ], [ 94.872106794892829, 27.634058824854833 ], [ 94.877803809398472, 27.631364966819888 ], [ 94.865129891331605, 27.622892169638021 ], [ 94.895025614340739, 27.616570880841607 ], [ 94.907093149229468, 27.632251347621718 ], [ 94.933271845619117, 27.639441314065436 ], [ 94.954235724199407, 27.618888247594668 ], [ 94.921175694302974, 27.588900460088325 ], [ 94.885337408594694, 27.576830585163407 ], [ 94.848631823899609, 27.538309736905035 ], [ 94.82535005066444, 27.550014407039271 ], [ 94.748080921897213, 27.555419521393787 ], [ 94.718767853453926, 27.577897839413879 ], [ 94.712826798917774, 27.605432170258553 ], [ 94.703600136037437, 27.606026993551041 ] ] ] } },
{ "type": "Feature", "properties": { "pincode": "788002", "state": "Assam", "district": "Cachar", "officename": "Malugram", "officetype": "S.O" }, "geometry": { "type": "Polygon", "coordinates": [ [ [ 92.773492274848707, 24.851616614015711 ], [ 92.773379045706577, 24.879786777238223 ], [ 92.801391190850836, 24.882157525949196 ], [ 92.801102272851836, 24.8970013534298 ], [ 92.834061108333628, 24.913044503301307 ], [ 92.834765223536408, 24.900225940974508 ], [ 92.821099934214772, 24.883711218098313 ], [ 92.837034802114601, 24.873393324142739 ], [ 92.830354520145079, 24.865714774917137 ], [ 92.837631928570829, 24.864120811126668 ], [ 92.837526807716188, 24.853041323598177 ], [ 92.826553060675337, 24.855698634984208 ], [ 92.825785658381449, 24.846114244277032 ], [ 92.815883658604037, 24.847128505076626 ], [ 92.805364973015344, 24.830640817619724 ], [ 92.785452500832378, 24.833276103709295 ], [ 92.782194841618718, 24.848432413225339 ], [ 92.773492274848707, 24.851616614015711 ] ] ] } },
{ "type": "Feature", "properties": { "pincode": "787060", "state": "Assam", "district": "Dhemaji", "officename": "Jonai", "officetype": "S.O" }, "geometry": { "type": "Polygon", "coordinates": [ [ [ 95.228010207605166, 27.671983432489583 ], [ 95.197637735093565, 27.675128351792182 ], [ 95.194879974831053, 27.688233224084229 ], [ 95.20563822992051, 27.703918021099923 ], [ 95.192519018837686, 27.708880640229381 ], [ 95.121740052661494, 27.687958587318974 ], [ 95.091069144625408, 27.664274505963647 ], [ 95.053173284719492, 27.661728662847622 ], [ 95.057530641226208, 27.674051565627394 ], [ 95.04619850445755, 27.67648388012708 ], [ 95.02402236044378, 27.664034241287425 ], [ 95.032910457351875, 27.691109907995951 ], [ 95.02162109683627, 27.691838556704226 ], [ 95.033019810416079, 27.712751905076402 ], [ 95.060748423601012, 27.71076519206008 ], [ 95.064582243375867, 27.723198240206671 ], [ 95.0759478861861, 27.716482133743511 ], [ 95.087575792888629, 27.736653537830477 ], [ 95.063474305594923, 27.734801613403874 ], [ 95.087589548918572, 27.741665609780114 ], [ 95.067770922789919, 27.749736102439158 ], [ 95.084657674512187, 27.753931039585837 ], [ 95.084736076508932, 27.763029202835639 ], [ 95.063772222210389, 27.757160243350654 ], [ 95.05985643102963, 27.777150373790846 ], [ 95.037557673447907, 27.765195762274686 ], [ 95.032039857853249, 27.77036656276681 ], [ 95.053801999862571, 27.786025999800131 ], [ 95.318435999721714, 27.866584999698034 ], [ 95.386092999992002, 27.837291999626018 ], [ 95.51765400013204, 27.876877000373383 ], [ 95.521111000372457, 27.85872999988959 ], [ 95.492966000180843, 27.852214999822479 ], [ 95.459732000031977, 27.774381999729485 ], [ 95.402191000414462, 27.725349000356175 ], [ 95.344093000291878, 27.702003000238392 ], [ 95.322825646386548, 27.728142652561417 ], [ 95.275036136008907, 27.750452584219374 ], [ 95.276648600652493, 27.762330290210798 ], [ 95.242175393179878, 27.7660279796076 ], [ 95.224593993418239, 27.750794171913526 ], [ 95.219381193687184, 27.73490609214258 ], [ 95.221310090188695, 27.720973145694302 ], [ 95.236275788397052, 27.722403970666903 ], [ 95.228010207605166, 27.671983432489583 ] ] ] } },
{ "type": "Feature", "properties": { "pincode": "787061", "state": "Assam", "district": "Dhemaji", "officename": "Simen Chapori", "officetype": "S.O" }, "geometry": { "type": "Polygon", "coordinates": [ [ [ 94.864190390274416, 27.624325497423911 ], [ 94.877803809398472, 27.631364966819888 ], [ 94.872106794892829, 27.634058824854833 ], [ 94.879172375205087, 27.636194555534473 ], [ 94.875346434390622, 27.644817989159037 ], [ 94.894961958527688, 27.645977998585863 ], [ 94.885418189298036, 27.663590103000899 ], [ 94.912577059483908, 27.673995824747578 ], [ 94.903259897826217, 27.677166911623715 ], [ 94.90345223043613, 27.690365891672684 ], [ 94.919778407747401, 27.700034702639527 ], [ 94.918082887115588, 27.716817594356598 ], [ 94.871036195164265, 27.736425116326188 ], [ 94.999877999769978, 27.772423000221465 ], [ 95.032039857853249, 27.77036656276681 ], [ 95.034276632760566, 27.76464332223162 ], [ 95.05161827866084, 27.769159985544832 ], [ 95.055830266053988, 27.777645901137475 ], [ 95.063772222210389, 27.757160243350654 ], [ 95.084736076508932, 27.763029202835639 ], [ 95.084657674512187, 27.753931039585837 ], [ 95.067770922789919, 27.749736102439158 ], [ 95.087589548918572, 27.741665609780114 ], [ 95.063474305594923, 27.734801613403874 ], [ 95.087575792888629, 27.736653537830477 ], [ 95.081854499385713, 27.721752249067208 ], [ 95.0759478861861, 27.716482133743511 ], [ 95.064582243375867, 27.723198240206671 ], [ 95.060748423601012, 27.71076519206008 ], [ 95.033019810416079, 27.712751905076402 ], [ 95.02162109683627, 27.691838556704226 ], [ 95.032910457351875, 27.691109907995951 ], [ 95.021721330774938, 27.665397814057883 ], [ 95.04619850445755, 27.67648388012708 ], [ 95.057530641226208, 27.674051565627394 ], [ 95.053173284719492, 27.661728662847622 ], [ 95.042282000114312, 27.667693999978212 ], [ 94.949672530862642, 27.629024038728517 ], [ 94.919005529481637, 27.639075400609329 ], [ 94.895025614340739, 27.616570880841607 ], [ 94.864190390274416, 27.624325497423911 ] ] ] } },
{ "type": "Feature", "properties": { "pincode": "788003", "state": "Assam", "district": "Cachar", "officename": "Tarapur (Cachar)", "officetype": "S.O" }, "geometry": { "type": "Polygon", "coordinates": [ [ [ 92.782930134518324, 24.838616985785279 ], [ 92.776506049614682, 24.84296621332021 ], [ 92.773906497187284, 24.826994992125378 ], [ 92.731650997395832, 24.828772365452494 ], [ 92.720251069731205, 24.853042989142693 ], [ 92.73309934026247, 24.880317560706942 ], [ 92.742094702009126, 24.872796597884815 ], [ 92.756573506362429, 24.886076373026242 ], [ 92.764088569631895, 24.882505890034849 ], [ 92.768531131506734, 24.89046259777075 ], [ 92.801153861561488, 24.897045407619601 ], [ 92.801391190850836, 24.882157525949196 ], [ 92.773379045706577, 24.879786777238223 ], [ 92.771966982390325, 24.852028079931983 ], [ 92.782194841618718, 24.848432413225339 ], [ 92.782930134518324, 24.838616985785279 ] ] ] } },
{ "type": "Feature", "properties": { "pincode": "787110", "state": "Assam", "district": "Dhemaji", "officename": "Sissiborgaon", "officetype": "S.O" }, "geometry": { "type": "Polygon", "coordinates": [ [ [ 94.603452172579864, 27.559438322720496 ], [ 94.612674055563332, 27.572863649537908 ], [ 94.607453772573592, 27.588330332179169 ], [ 94.622003353572097, 27.624361930758482 ], [ 94.641876000177376, 27.627211000087698 ], [ 94.671180999903243, 27.6465069995985 ], [ 94.684570000405188, 27.645800000269901 ], [ 94.685981999869512, 27.65956700021701 ], [ 94.700165000114737, 27.663302999833718 ], [ 94.714480464202097, 27.656727201099557 ], [ 94.721908678143109, 27.631967955057178 ], [ 94.703600136037437, 27.606026993551041 ], [ 94.712826798917774, 27.605432170258553 ], [ 94.718767853453926, 27.577897839413879 ], [ 94.729851721579792, 27.574979894606486 ], [ 94.736884693374066, 27.562208320058005 ], [ 94.768314051852144, 27.550304232454494 ], [ 94.82535005066444, 27.550014407039271 ], [ 94.848631823899609, 27.538309736905035 ], [ 94.818511999729139, 27.514809000335276 ], [ 94.824432000236754, 27.515443999940715 ], [ 94.821631999717113, 27.505266000025983 ], [ 94.795600999886233, 27.481587999886415 ], [ 94.774672999759218, 27.482833999789307 ], [ 94.746726999751445, 27.43490199992749 ], [ 94.72887400023501, 27.439713999701439 ], [ 94.723183000395295, 27.426779000350678 ], [ 94.693260000049122, 27.418816000058484 ], [ 94.682504875499774, 27.402713607347323 ], [ 94.665053511410463, 27.412055260242141 ], [ 94.634331751209459, 27.377976072737624 ], [ 94.626899089221695, 27.387971603806591 ], [ 94.632727759978252, 27.415075132411516 ], [ 94.620694269824924, 27.429876251088331 ], [ 94.623911769812423, 27.439424926119443 ], [ 94.636977408280814, 27.434805540443335 ], [ 94.640136456832124, 27.461383587982311 ], [ 94.6357292571995, 27.471180332906101 ], [ 94.624348304331022, 27.472297680293821 ], [ 94.624303736628235, 27.543199514546131 ], [ 94.603452172579864, 27.559438322720496 ] ] ] } },
{ "type": "Feature", "properties": { "pincode": "788004", "state": "Assam", "district": "Cachar", "officename": "G C College", "officetype": "S.O" }, "geometry": { "type": "Polygon", "coordinates": [ [ [ 92.792048210556516, 24.816137144313814 ], [ 92.788049813947907, 24.823922590555242 ], [ 92.816804701076194, 24.815858302318986 ], [ 92.8062951921695, 24.808935173719476 ], [ 92.797097297702237, 24.811725861759271 ], [ 92.798278251440252, 24.82014527518453 ], [ 92.792048210556516, 24.816137144313814 ] ] ] } },
{ "type": "Feature", "properties": { "pincode": "788006", "state": "Assam", "district": "Cachar", "officename": "Link Road (Cachar)", "officetype": "S.O" }, "geometry": { "type": "Polygon", "coordinates": [ [ [ 92.794589674873578, 24.805581490293605 ], [ 92.816709553702992, 24.814778970173506 ], [ 92.832750257418525, 24.790791514217233 ], [ 92.817052994899882, 24.794420456738806 ], [ 92.81394806754929, 24.78124232387421 ], [ 92.8058489980329, 24.779110520534118 ], [ 92.796113215452635, 24.783536255194122 ], [ 92.794589674873578, 24.805581490293605 ] ] ] } },
{ "type": "Feature", "properties": { "pincode": "788007", "state": "Assam", "district": "Cachar", "officename": "Vivekananda Road", "officetype": "S.O" }, "geometry": { "type": "Polygon", "coordinates": [ [ [ 92.780117435571185, 24.803002947827849 ], [ 92.754945607553793, 24.796943819501621 ], [ 92.755023138107504, 24.77971642077631 ], [ 92.71441208734808, 24.780181538447437 ], [ 92.713929374441136, 24.799009107184531 ], [ 92.73027084832097, 24.801883831473731 ], [ 92.731650997395832, 24.828772365452494 ], [ 92.792495491074078, 24.827409001324384 ], [ 92.78703245678264, 24.818492738549196 ], [ 92.79188543956144, 24.813463004813912 ], [ 92.781977910752175, 24.813087448826877 ], [ 92.780117435571185, 24.803002947827849 ] ] ] } },
{ "type": "Feature", "properties": { "pincode": "788008", "state": "Assam", "district": "Cachar", "officename": "Tarapur Pt VII", "officetype": "S.O" }, "geometry": { "type": "Polygon", "coordinates": [ [ [ 92.776506049614682, 24.84296621332021 ], [ 92.792495491074078, 24.827409001324384 ], [ 92.77448444200337, 24.825105369017649 ], [ 92.776506049614682, 24.84296621332021 ] ] ] } },
{ "type": "Feature", "properties": { "pincode": "788009", "state": "Assam", "district": "Cachar", "officename": "Rongpur", "officetype": "S.O" }, "geometry": { "type": "Polygon", "coordinates": [ [ [ 92.865833845056102, 24.841494751581592 ], [ 92.866111310188955, 24.847816719366278 ], [ 92.883401490586436, 24.848420598831638 ], [ 92.893153671404832, 24.858154798605142 ], [ 92.913309928210708, 24.850145490422108 ], [ 92.908315535134022, 24.828681348665498 ], [ 92.890442090430327, 24.811661721211635 ], [ 92.868432705904752, 24.811037210398979 ], [ 92.870802200960782, 24.802225682669302 ], [ 92.890173006079465, 24.797045055285139 ], [ 92.889326799792173, 24.780086404564088 ], [ 92.862789819794386, 24.775284809946186 ], [ 92.849717765562616, 24.786339339489132 ], [ 92.814902681713534, 24.784568476354082 ], [ 92.821170558874314, 24.795972712670618 ], [ 92.832750257418525, 24.790791514217233 ], [ 92.818802854368414, 24.808576900004084 ], [ 92.819598209389881, 24.822865933915921 ], [ 92.804508045909699, 24.826239878167883 ], [ 92.814967040796375, 24.846179433434202 ], [ 92.825785658381449, 24.846114244277032 ], [ 92.827542252872831, 24.85617482330963 ], [ 92.865833845056102, 24.841494751581592 ] ] ] } },
{ "type": "Feature", "properties": { "pincode": "788010", "state": "Assam", "district": "Cachar", "officename": "Silchar REC", "officetype": "S.O" }, "geometry": { "type": "Polygon", "coordinates": [ [ [ 92.753136229153824, 24.753213918987228 ], [ 92.754573446507493, 24.769223378456275 ], [ 92.746566862370969, 24.779439787516367 ], [ 92.759548143532072, 24.776436187680133 ], [ 92.76782290550284, 24.786372730417213 ], [ 92.790356458084204, 24.782265393533237 ], [ 92.803951101162511, 24.77062188539179 ], [ 92.796058140071182, 24.750861833007377 ], [ 92.775467336248653, 24.756141530607238 ], [ 92.766403723153417, 24.745640853942291 ], [ 92.753136229153824, 24.753213918987228 ] ] ] } },
{ "type": "Feature", "properties": { "pincode": "788013", "state": "Assam", "district": "Cachar", "officename": "Sonabarighat", "officetype": "S.O" }, "geometry": { "type": "Polygon", "coordinates": [ [ [ 92.826853831739072, 24.720695504893683 ], [ 92.793985697382084, 24.742568112428614 ], [ 92.795164485552618, 24.750554105687513 ], [ 92.803645476457746, 24.756584229978444 ], [ 92.801520015136646, 24.775345515982792 ], [ 92.811810659634432, 24.784839035593052 ], [ 92.849717765562616, 24.786339339489132 ], [ 92.859368242950154, 24.775632620049407 ], [ 92.848624171068707, 24.759699099334114 ], [ 92.838223651000817, 24.75976448004684 ], [ 92.857186262835853, 24.747139102887331 ], [ 92.84704904267943, 24.730773857227859 ], [ 92.835375287639636, 24.734059371143019 ], [ 92.826853831739072, 24.720695504893683 ] ] ] } },
{ "type": "Feature", "properties": { "pincode": "788014", "state": "Assam", "district": "Cachar", "officename": "Silchar Medical College", "officetype": "S.O" }, "geometry": { "type": "Polygon", "coordinates": [ [ [ 92.792894712720909, 24.7746601264638 ], [ 92.796113215452635, 24.783536255194122 ], [ 92.804243216251564, 24.780156383510473 ], [ 92.801640793188028, 24.774985188215908 ], [ 92.792894712720909, 24.7746601264638 ] ] ] } },
{ "type": "Feature", "properties": { "pincode": "788026", "state": "Assam", "district": "Cachar", "officename": "Srikona", "officetype": "S.O" }, "geometry": { "type": "Polygon", "coordinates": [ [ [ 92.643387000110067, 24.819099000318715 ], [ 92.637915924080687, 24.837329865281049 ], [ 92.662845851554891, 24.824331606718431 ], [ 92.658064332503102, 24.831237738131279 ], [ 92.670933448419987, 24.841105607737518 ], [ 92.694177295445968, 24.836552395076922 ], [ 92.68661462926184, 24.857551472222724 ], [ 92.701329664832315, 24.864012191010033 ], [ 92.721560833365857, 24.85993853733379 ], [ 92.723083814566564, 24.840254119731924 ], [ 92.734859152527974, 24.824355142875618 ], [ 92.73027084832097, 24.801883831473731 ], [ 92.713929374441136, 24.799009107184531 ], [ 92.707095599782235, 24.766497249148927 ], [ 92.686095071130751, 24.752054986948167 ], [ 92.663810095659528, 24.757433824011741 ], [ 92.669768999939436, 24.789843000154349 ], [ 92.684639000389609, 24.806540000320865 ], [ 92.677925000138714, 24.814584999897932 ], [ 92.643387000110067, 24.819099000318715 ] ] ] } },
{ "type": "Feature", "properties": { "pincode": "788031", "state": "Assam", "district": "Cachar", "officename": "Salganga", "officetype": "S.O" }, "geometry": { "type": "Polygon", "coordinates": [ [ [ 92.910132345531395, 24.916282673306853 ], [ 92.923220877141944, 24.931602148620414 ], [ 92.918771144972538, 24.945181705571315 ], [ 92.925801331566277, 24.951411126822165 ], [ 92.934258661308263, 24.940989684026874 ], [ 92.950443908559691, 24.942024970975808 ], [ 92.958609242822433, 24.973348671704002 ], [ 92.957540536166846, 25.047323061310408 ], [ 92.967078937343274, 25.025575507203882 ], [ 92.995121835704253, 24.995815696936916 ], [ 92.993692948770672, 24.979589354265272 ], [ 93.005827987671694, 24.977114302183395 ], [ 93.006860460641917, 24.95835645338758 ], [ 93.025871765369743, 24.950018954711027 ], [ 93.019982412858099, 24.940758393684973 ], [ 93.02853389622237, 24.934997788117471 ], [ 93.024635544694775, 24.910882842469277 ], [ 93.000931797864325, 24.903372386426611 ], [ 93.010203118379366, 24.910322664659361 ], [ 93.012503293692191, 24.932768322899847 ], [ 92.997033263774142, 24.94123749491456 ], [ 92.980923388703559, 24.93078832871862 ], [ 92.986487291855099, 24.916476067116776 ], [ 92.967562377801642, 24.90254684835844 ], [ 92.969860356970003, 24.896517441726701 ], [ 92.929750342804141, 24.882544374723182 ], [ 92.907649231926712, 24.892871600044487 ], [ 92.910132345531395, 24.916282673306853 ] ] ] } },
{ "type": "Feature", "properties": { "pincode": "788030", "state": "Assam", "district": "Cachar", "officename": "Udarbond", "officetype": "S.O" }, "geometry": { "type": "Polygon", "coordinates": [ [ [ 92.835951753970448, 24.852987974015832 ], [ 92.837631928570829, 24.864120811126668 ], [ 92.830354520145079, 24.865714774917137 ], [ 92.856083881965731, 24.882783409127171 ], [ 92.862784600129316, 24.902804895329837 ], [ 92.883792810789657, 24.91980051268348 ], [ 92.888387638678694, 24.941232935351877 ], [ 92.891656927025565, 24.969931911628578 ], [ 92.863028652750302, 24.966786250385269 ], [ 92.87734900285443, 25.000515344407745 ], [ 92.877472004029926, 25.022640113750413 ], [ 92.867065492678421, 25.021107235510613 ], [ 92.871389496927804, 25.030717283875674 ], [ 92.859014347134575, 25.043891510984565 ], [ 92.875656000324284, 25.065101999857518 ], [ 92.901764000108585, 25.079436999917789 ], [ 92.942017000184478, 25.074420999729398 ], [ 92.957540536166846, 25.047323061310408 ], [ 92.958609242822433, 24.973348671704002 ], [ 92.950443908559691, 24.942024970975808 ], [ 92.934258661308263, 24.940989684026874 ], [ 92.925801331566277, 24.951411126822165 ], [ 92.918771144972538, 24.945181705571315 ], [ 92.923220877141944, 24.931602148620414 ], [ 92.909163624601831, 24.914364715259524 ], [ 92.907649231926712, 24.892871600044487 ], [ 92.929750342804141, 24.882544374723182 ], [ 92.947626262442157, 24.884348710624465 ], [ 92.946917852976696, 24.876564090860199 ], [ 92.970391732192923, 24.877956668565446 ], [ 92.98024856441981, 24.852766571719883 ], [ 92.955673563384266, 24.845478686192621 ], [ 92.926829167631979, 24.856568605856637 ], [ 92.901837695053644, 24.850123929176164 ], [ 92.893153671404832, 24.858154798605142 ], [ 92.883401490586436, 24.848420598831638 ], [ 92.866111310188955, 24.847816719366278 ], [ 92.865833845056102, 24.841494751581592 ], [ 92.835951753970448, 24.852987974015832 ] ] ] } },
{ "type": "Feature", "properties": { "pincode": "788098", "state": "Assam", "district": "Cachar", "officename": "Pailapool", "officetype": "S.O" }, "geometry": { "type": "Polygon", "coordinates": [ [ [ 92.954516033388302, 24.828387287443377 ], [ 92.958738077899966, 24.845737481399738 ], [ 92.98024856441981, 24.852766571719883 ], [ 92.978395178594724, 24.873919524666462 ], [ 93.004616438997516, 24.866793970365507 ], [ 93.006468810387332, 24.822899191744398 ], [ 93.045301682926379, 24.822627456192322 ], [ 93.063529984821002, 24.831968424703177 ], [ 93.059367750621391, 24.82068862488029 ], [ 93.066128735053212, 24.813644096797816 ], [ 93.058920830731836, 24.815007048136806 ], [ 93.055877545612248, 24.798683075963311 ], [ 93.045022031541691, 24.79360487596432 ], [ 92.994543554541565, 24.80447748704654 ], [ 92.972809243851714, 24.794781061496792 ], [ 92.971745261334831, 24.823784389038337 ], [ 92.979330428556636, 24.831825079963551 ], [ 92.978823716341537, 24.837220710967017 ], [ 92.971850312042363, 24.828580812554492 ], [ 92.954516033388302, 24.828387287443377 ] ] ] } },
{ "type": "Feature", "properties": { "pincode": "788103", "state": "Assam", "district": "Cachar", "officename": "Lakhipur (Cachar)", "officetype": "S.O" }, "geometry": { "type": "Polygon", "coordinates": [ [ [ 92.981234492977421, 24.800104841165421 ], [ 92.987729405787491, 24.785151108436935 ], [ 92.964843698477978, 24.780278559108297 ], [ 92.965402905020028, 24.798223815576819 ], [ 92.981234492977421, 24.800104841165421 ] ] ] } },
{ "type": "Feature", "properties": { "pincode": "788099", "state": "Assam", "district": "Cachar", "officename": "Matinagar", "officetype": "S.O" }, "geometry": { "type": "Polygon", "coordinates": [ [ [ 92.89193950660308, 24.666651570313888 ], [ 92.903893249373994, 24.670244988715297 ], [ 92.90367792649522, 24.65772188155961 ], [ 92.924114837429784, 24.650020237743718 ], [ 92.936973799101622, 24.650236224322214 ], [ 92.943976358522264, 24.660193643022296 ], [ 92.984938102611522, 24.676991911347784 ], [ 93.009846195445675, 24.665133795288568 ], [ 93.010548892417603, 24.653238432907415 ], [ 92.995262191097311, 24.6488897332747 ], [ 93.008164997416884, 24.643670566343701 ], [ 92.995813618503632, 24.63491086744267 ], [ 93.005366299115508, 24.614705765758458 ], [ 92.992679017123066, 24.589596616890447 ], [ 92.961604564399181, 24.596172692615653 ], [ 92.951662837969707, 24.608334173383525 ], [ 92.954432618570479, 24.627831817984088 ], [ 92.943851600970788, 24.620629737672402 ], [ 92.930595491488873, 24.6250360694591 ], [ 92.928794466891304, 24.640973861054931 ], [ 92.895991110701175, 24.65399579157264 ], [ 92.89193950660308, 24.666651570313888 ] ] ] } },
{ "type": "Feature", "properties": { "pincode": "788101", "state": "Assam", "district": "Cachar", "officename": "Banskandi", "officetype": "S.O" }, "geometry": { "type": "Polygon", "coordinates": [ [ [ 92.83950567774491, 24.753827090248194 ], [ 92.859368242950154, 24.775632620049407 ], [ 92.889326799792173, 24.780086404564088 ], [ 92.890173006079465, 24.797045055285139 ], [ 92.870802200960782, 24.802225682669302 ], [ 92.868432705904752, 24.811037210398979 ], [ 92.890442090430327, 24.811661721211635 ], [ 92.908315535134022, 24.828681348665498 ], [ 92.913309928210708, 24.850145490422108 ], [ 92.926829167631979, 24.856568605856637 ], [ 92.936691064840886, 24.85488413339607 ], [ 92.936233032928214, 24.847969979131335 ], [ 92.958738077899966, 24.845737481399738 ], [ 92.954732713344242, 24.828310440374594 ], [ 92.971850312042363, 24.828580812554492 ], [ 92.978823716341537, 24.837220710967017 ], [ 92.971745261334831, 24.823784389038337 ], [ 92.972809243851714, 24.794781061496792 ], [ 92.965402905020028, 24.798223815576819 ], [ 92.963476718176082, 24.781839955749433 ], [ 92.938906841477717, 24.79783247468913 ], [ 92.920449206165983, 24.786621118669927 ], [ 92.907743956618447, 24.790402347890165 ], [ 92.908122636850351, 24.756614556916361 ], [ 92.916591300748109, 24.744871632320098 ], [ 92.904586479182683, 24.7349390717809 ], [ 92.877911739235458, 24.735728496672721 ], [ 92.879993240795557, 24.746429430773674 ], [ 92.853325726001458, 24.735563171603189 ], [ 92.857186262835853, 24.747139102887331 ], [ 92.83950567774491, 24.753827090248194 ] ] ] } },
{ "type": "Feature", "properties": { "pincode": "788102", "state": "Assam", "district": "Cachar", "officename": "Dewan", "officetype": "S.O" }, "geometry": { "type": "Polygon", "coordinates": [ [ [ 93.009915056534794, 24.855998602953264 ], [ 93.021087537559936, 24.864159607879685 ], [ 93.022380223968128, 24.878455682583819 ], [ 93.012115200256403, 24.880688135349203 ], [ 93.008969662220295, 24.901386884796977 ], [ 93.019467890031137, 24.906043051845529 ], [ 93.027817758882577, 24.877526646038007 ], [ 93.054373942103894, 24.872404732692303 ], [ 93.056474732323181, 24.843354017174306 ], [ 93.04271545665307, 24.825194239122879 ], [ 93.010119927492838, 24.82052410290521 ], [ 93.004857262153052, 24.833648422137117 ], [ 93.009915056534794, 24.855998602953264 ] ] ] } },
{ "type": "Feature", "properties": { "pincode": "788104", "state": "Assam", "district": "Cachar", "officename": "Jirighat", "officetype": "S.O" }, "geometry": { "type": "Polygon", "coordinates": [ [ [ 93.076537087316865, 24.793474118136146 ], [ 93.099517607451844, 24.812690219178421 ], [ 93.111882866501276, 24.834456947730075 ], [ 93.107134891262319, 24.839123685409788 ], [ 93.116888144972052, 24.836509833761909 ], [ 93.113274543985085, 24.827347698137885 ], [ 93.128260742239547, 24.8214020165899 ], [ 93.135566912782735, 24.825964210779944 ], [ 93.136209283231835, 24.818270430635948 ], [ 93.148971808802116, 24.834323508123532 ], [ 93.196655000428052, 24.830380999883289 ], [ 93.190947999850493, 24.81906699974229 ], [ 93.196700999851316, 24.807757999831892 ], [ 93.180945999957999, 24.801468000248121 ], [ 93.178108000383986, 24.792669000074284 ], [ 93.173781999639687, 24.800204999561174 ], [ 93.152321000114114, 24.786365999891018 ], [ 93.136481999944522, 24.807700999901215 ], [ 93.120719999728237, 24.805174000279976 ], [ 93.122100999561667, 24.816479000005984 ], [ 93.110664000043698, 24.808927999827461 ], [ 93.098021999815558, 24.74106199981162 ], [ 93.106628000082253, 24.738564999775008 ], [ 93.092656511389009, 24.720202933618737 ], [ 93.064651232568451, 24.745247691927545 ], [ 93.076537087316865, 24.793474118136146 ] ] ] } },
{ "type": "Feature", "properties": { "pincode": "788108", "state": "Assam", "district": "Cachar", "officename": "Kumbhir", "officetype": "S.O" }, "geometry": { "type": "Polygon", "coordinates": [ [ [ 92.978523000136533, 25.084848000335114 ], [ 92.988533000397751, 25.093563000232336 ], [ 93.033416999994586, 25.103392000240717 ], [ 93.049621999955491, 25.098883000050591 ], [ 93.017653999732374, 25.061145999988014 ], [ 93.060889999773678, 25.022631000020738 ], [ 93.058845999942946, 25.007929000123397 ], [ 93.073259080042703, 24.993270570580478 ], [ 93.052454522658138, 24.949714998248737 ], [ 93.027917857023567, 24.93744899197759 ], [ 93.019982412858099, 24.940758393684973 ], [ 93.025871765369743, 24.950018954711027 ], [ 93.006860460641917, 24.95835645338758 ], [ 93.005827987671694, 24.977114302183395 ], [ 92.993692948770672, 24.979589354265272 ], [ 92.995121835704253, 24.995815696936916 ], [ 92.947429831621605, 25.060676822777282 ], [ 92.957344000125545, 25.086122999776592 ], [ 92.978523000136533, 25.084848000335114 ] ] ] } },
{ "type": "Feature", "properties": { "pincode": "788109", "state": "Assam", "district": "Cachar", "officename": "Kumbhirgram Airport", "officetype": "S.O" }, "geometry": { "type": "Polygon", "coordinates": [ [ [ 92.947761198520482, 24.889828635982781 ], [ 92.985075504630913, 24.91388104367536 ], [ 92.980923388703559, 24.93078832871862 ], [ 93.004794949027769, 24.939529034837335 ], [ 93.012634390564926, 24.930124412311784 ], [ 93.010203118379366, 24.910322664659361 ], [ 93.000931797864325, 24.903372386426611 ], [ 93.009472322989495, 24.902951729438939 ], [ 93.012115200256403, 24.880688135349203 ], [ 93.022380223968128, 24.878455682583819 ], [ 93.019607806555143, 24.858561301163149 ], [ 93.008113013904449, 24.856017472528492 ], [ 93.001957627542595, 24.869511019218294 ], [ 92.965896522206833, 24.879124321330494 ], [ 92.946917852976696, 24.876564090860199 ], [ 92.947761198520482, 24.889828635982781 ] ] ] } },
{ "type": "Feature", "properties": { "pincode": "788106", "state": "Assam", "district": "Cachar", "officename": "Fulertal", "officetype": "S.O" }, "geometry": { "type": "Polygon", "coordinates": [ [ [ 93.008040999792286, 24.402214000375977 ], [ 92.975021583279613, 24.556839612658166 ], [ 92.991125979680419, 24.574781752975639 ], [ 93.004726391909514, 24.61101988625893 ], [ 92.995523945074069, 24.633295980925027 ], [ 93.007866529516889, 24.645413694386491 ], [ 92.995262191097311, 24.6488897332747 ], [ 93.010548892417603, 24.653238432907415 ], [ 93.012743565563198, 24.673625310959494 ], [ 93.025308323920171, 24.674610072197197 ], [ 93.023983152200799, 24.68712150975 ], [ 93.015747190580328, 24.68791170176371 ], [ 93.021610146191335, 24.704791348841809 ], [ 93.038799365997932, 24.704843804498012 ], [ 93.023006263628247, 24.712672192467892 ], [ 93.023679675976382, 24.724485033957194 ], [ 93.031479737999689, 24.716083980191684 ], [ 93.036414951189045, 24.725673881044827 ], [ 93.051873324094686, 24.72596942704763 ], [ 93.043794170964361, 24.734561489621228 ], [ 93.027339989548977, 24.727889972444302 ], [ 93.032683374438363, 24.757919194415535 ], [ 93.045670135168791, 24.757007691951628 ], [ 93.040720240546818, 24.777088760937602 ], [ 93.021172422769155, 24.784018715391426 ], [ 93.019838968293811, 24.793558386410439 ], [ 93.022721604818287, 24.801532272096779 ], [ 93.045022031541691, 24.79360487596432 ], [ 93.055877545612248, 24.798683075963311 ], [ 93.065985218543062, 24.790670798218798 ], [ 93.076537087316865, 24.793474118136146 ], [ 93.064651232568451, 24.745247691927545 ], [ 93.092656511389009, 24.720202933618737 ], [ 93.088142000153425, 24.705882999900609 ], [ 93.075240999672531, 24.707117000149424 ], [ 93.092521999790506, 24.68453800032853 ], [ 93.09113299958841, 24.674497999583082 ], [ 93.104003999585018, 24.67576599960131 ], [ 93.095573000193781, 24.649397000371437 ], [ 93.084151999615074, 24.644363000252326 ], [ 93.08866099980537, 24.624311000052671 ], [ 93.078690000443203, 24.618028999938588 ], [ 93.086028999838618, 24.608024999953898 ], [ 93.074692000435505, 24.592944999712131 ], [ 93.10618600038373, 24.580209999691931 ], [ 93.086356999675843, 24.567868999854568 ], [ 93.060378999591251, 24.571579000070983 ], [ 93.071915000077126, 24.557798000377545 ], [ 93.064773999920249, 24.543996999761816 ], [ 93.060448000075326, 24.551514000170982 ], [ 93.051910000246437, 24.541476999563997 ], [ 93.05204800031504, 24.516400999706434 ], [ 93.040642000428079, 24.511366000440717 ], [ 93.043532999748152, 24.502567000266936 ], [ 93.034958000011784, 24.493734000323911 ], [ 93.047683999616993, 24.472242000268182 ], [ 93.047409000425205, 24.460716000243337 ], [ 93.037071000326591, 24.457931999562334 ], [ 93.031296000210432, 24.425652000239722 ], [ 93.038268999814477, 24.407906000261789 ], [ 93.008040999792286, 24.402214000375977 ] ] ] } },
{ "type": "Feature", "properties": { "pincode": "788113", "state": "Assam", "district": "Cachar", "officename": "Dwarband", "officetype": "S.O" }, "geometry": { "type": "Polygon", "coordinates": [ [ [ 92.676787999866292, 24.581255000218221 ], [ 92.669930000169472, 24.609422999671665 ], [ 92.716507998745271, 24.618039876339367 ], [ 92.741199312698143, 24.633347351099474 ], [ 92.755688614837936, 24.614090711317317 ], [ 92.74964276769964, 24.604614127739922 ], [ 92.733099315081517, 24.604726707571615 ], [ 92.749513636745007, 24.582570484440396 ], [ 92.734527999667648, 24.585684000316462 ], [ 92.719237999634231, 24.564968000073236 ], [ 92.704886999735436, 24.56397200000788 ], [ 92.676787999866292, 24.581255000218221 ] ] ] } },
{ "type": "Feature", "properties": { "pincode": "788107", "state": "Assam", "district": "Cachar", "officename": "Joypur Rajabazar", "officetype": "S.O" }, "geometry": { "type": "Polygon", "coordinates": [ [ [ 93.026346217104333, 24.878985261860407 ], [ 93.026921305673852, 24.941414025537028 ], [ 93.052454522658138, 24.949714998248737 ], [ 93.071938000238731, 24.997237999933873 ], [ 93.189590000178498, 24.996469000444222 ], [ 93.200934999950277, 24.982616000128473 ], [ 93.22894300011933, 24.984946999704391 ], [ 93.22876700009698, 24.976187000429832 ], [ 93.262694999874441, 24.962777999904745 ], [ 93.261826000269878, 24.947769000239248 ], [ 93.248687999651622, 24.951507999994192 ], [ 93.253547999840407, 24.93902599994999 ], [ 93.239425999710249, 24.935281999964388 ], [ 93.247931999862089, 24.936526999821183 ], [ 93.242469999790842, 24.927763000362233 ], [ 93.252678000189576, 24.915233999949294 ], [ 93.238410999668019, 24.911462999617925 ], [ 93.242766999997173, 24.900153999707527 ], [ 93.229904000369402, 24.89134800011027 ], [ 93.228484999683189, 24.87374699962453 ], [ 93.20808399957707, 24.853010000211441 ], [ 93.196601999782558, 24.852995000419128 ], [ 93.198074000215058, 24.832890999620076 ], [ 93.148971808802116, 24.834323508123532 ], [ 93.136209283231835, 24.818270430635948 ], [ 93.135566912782735, 24.825964210779944 ], [ 93.128260742239547, 24.8214020165899 ], [ 93.113274543985085, 24.827347698137885 ], [ 93.116888144972052, 24.836509833761909 ], [ 93.107134891262319, 24.839123685409788 ], [ 93.111882866501276, 24.834456947730075 ], [ 93.099517607451844, 24.812690219178421 ], [ 93.065985218543062, 24.790670798218798 ], [ 93.054648530305485, 24.800364151684278 ], [ 93.058920830731836, 24.815007048136806 ], [ 93.066128735053212, 24.813644096797816 ], [ 93.059367750621391, 24.82068862488029 ], [ 93.063529984821002, 24.831968424703177 ], [ 93.042374313224229, 24.822541514279521 ], [ 93.056474732323181, 24.843354017174306 ], [ 93.055454296778407, 24.870311090284588 ], [ 93.026346217104333, 24.878985261860407 ] ] ] } },
{ "type": "Feature", "properties": { "pincode": "788110", "state": "Assam", "district": "Cachar", "officename": "Borkhola", "officetype": "S.O" }, "geometry": { "type": "Polygon", "coordinates": [ [ [ 92.70489792829693, 24.957645490746984 ], [ 92.704255080307689, 24.985742711756927 ], [ 92.721373713226342, 24.984290678971718 ], [ 92.739188867472421, 25.003721211664583 ], [ 92.736737346151699, 25.009932142854211 ], [ 92.763295252473995, 25.013305585284627 ], [ 92.778242597318183, 25.029444436511653 ], [ 92.787842371828049, 25.02453794676893 ], [ 92.777546656952723, 25.007341642103199 ], [ 92.777385354550518, 24.976846466091615 ], [ 92.749883178066284, 24.978731414523281 ], [ 92.75739826471829, 24.962038472997335 ], [ 92.753242857272028, 24.95077357314193 ], [ 92.746148306199416, 24.95303663433333 ], [ 92.753832951929439, 24.943544715516339 ], [ 92.77290229260683, 24.944161224161178 ], [ 92.773839381682308, 24.924165357845027 ], [ 92.754723642282386, 24.928110942666024 ], [ 92.741130425528752, 24.921063139252624 ], [ 92.711173709599223, 24.931328684571326 ], [ 92.694082445748279, 24.94082151709938 ], [ 92.70489792829693, 24.957645490746984 ] ] ] } },
{ "type": "Feature", "properties": { "pincode": "788111", "state": "Assam", "district": "Cachar", "officename": "Dalu", "officetype": "S.O" }, "geometry": { "type": "Polygon", "coordinates": [ [ [ 92.764088569631895, 24.882505890034849 ], [ 92.747310590011864, 24.905318298101065 ], [ 92.759889161955357, 24.906827552949437 ], [ 92.762393229763745, 24.914131241363691 ], [ 92.751212445298222, 24.926064733201031 ], [ 92.773839381682308, 24.924165357845027 ], [ 92.778098898245617, 24.930251355216001 ], [ 92.77290229260683, 24.944161224161178 ], [ 92.745821783948202, 24.95033251953032 ], [ 92.75739826471829, 24.962038472997335 ], [ 92.749883178066284, 24.978731414523281 ], [ 92.777385354550518, 24.976846466091615 ], [ 92.777546656952723, 25.007341642103199 ], [ 92.788453568177772, 25.022402619885099 ], [ 92.778242597318183, 25.029444436511653 ], [ 92.804056297560237, 25.059400813396849 ], [ 92.801690491523118, 25.071526217860821 ], [ 92.776790972825211, 25.076786679861357 ], [ 92.767322141403838, 25.087307603862882 ], [ 92.767814999562574, 25.103459999779318 ], [ 92.786132999838117, 25.085258000356589 ], [ 92.802780000396808, 25.085359999664433 ], [ 92.829169999695864, 25.071433999579597 ], [ 92.836013999646468, 25.054907000058165 ], [ 92.875656000324284, 25.065101999857518 ], [ 92.859014347134575, 25.043891510984565 ], [ 92.871389496927804, 25.030717283875674 ], [ 92.867065492678421, 25.021107235510613 ], [ 92.877472004029926, 25.022640113750413 ], [ 92.87734900285443, 25.000515344407745 ], [ 92.863028652750302, 24.966786250385269 ], [ 92.891656927025565, 24.969931911628578 ], [ 92.883792810789657, 24.91980051268348 ], [ 92.862784600129316, 24.902804895329837 ], [ 92.856083881965731, 24.882783409127171 ], [ 92.837034802114601, 24.873393324142739 ], [ 92.821460975144021, 24.878269486947318 ], [ 92.834765223536408, 24.900225940974508 ], [ 92.832615314145585, 24.913771870475614 ], [ 92.768531131506734, 24.89046259777075 ], [ 92.764088569631895, 24.882505890034849 ] ] ] } },
{ "type": "Feature", "properties": { "pincode": "788112", "state": "Assam", "district": "Cachar", "officename": "Derby", "officetype": "S.O" }, "geometry": { "type": "Polygon", "coordinates": [ [ [ 92.794453401503404, 24.680210897015343 ], [ 92.836815191268101, 24.685595111125622 ], [ 92.852093380505266, 24.671999968024181 ], [ 92.844802594664088, 24.664863939319389 ], [ 92.818294539561464, 24.675372595668932 ], [ 92.809263723842037, 24.665944083552802 ], [ 92.788194578716968, 24.672119021175888 ], [ 92.794453401503404, 24.680210897015343 ] ] ] } },
{ "type": "Feature", "properties": { "pincode": "788114", "state": "Assam", "district": "Cachar", "officename": "Dholai Bazar", "officetype": "S.O" }, "geometry": { "type": "Polygon", "coordinates": [ [ [ 92.810995652627298, 24.561144732043772 ], [ 92.764136999922641, 24.56656800011325 ], [ 92.733099315081517, 24.604726707571615 ], [ 92.780973095531976, 24.616226355661922 ], [ 92.850972887289004, 24.60551469444772 ], [ 92.852068341580889, 24.616249963764915 ], [ 92.876745903100982, 24.615106549527695 ], [ 92.887396418509979, 24.600582614496147 ], [ 92.905841043329474, 24.599388191611808 ], [ 92.91153178776193, 24.568921622135292 ], [ 92.884263381050289, 24.536701297327113 ], [ 92.864980050289148, 24.531720734024702 ], [ 92.856486698202616, 24.521090214142191 ], [ 92.843741946833518, 24.522042935233344 ], [ 92.835972561584583, 24.535371620903732 ], [ 92.845689649957478, 24.568411377383256 ], [ 92.820456493572465, 24.570938067637769 ], [ 92.810995652627298, 24.561144732043772 ] ] ] } },
{ "type": "Feature", "properties": { "pincode": "788115", "state": "Assam", "district": "Cachar", "officename": "Narsingpur", "officetype": "S.O" }, "geometry": { "type": "Polygon", "coordinates": [ [ [ 92.827135178345884, 24.716762598714979 ], [ 92.835375287639636, 24.734059371143019 ], [ 92.857103169076083, 24.735297835626739 ], [ 92.860392374708397, 24.703287046559979 ], [ 92.87477785911102, 24.703079714157525 ], [ 92.877933347246312, 24.68271720413577 ], [ 92.892789454070169, 24.667553142463646 ], [ 92.869335615346415, 24.658911163019923 ], [ 92.857565859476892, 24.644701622881769 ], [ 92.848663878835055, 24.626038984411821 ], [ 92.850972887289004, 24.60551469444772 ], [ 92.836670329372339, 24.607684920422798 ], [ 92.851431597290514, 24.675188732873892 ], [ 92.837779629626255, 24.682377906115505 ], [ 92.827135178345884, 24.716762598714979 ] ] ] } },
{ "type": "Feature", "properties": { "pincode": "788122", "state": "Assam", "district": "Cachar", "officename": "Maniarkhal", "officetype": "S.O" }, "geometry": { "type": "Polygon", "coordinates": [ [ [ 92.961223560319183, 24.566212801180029 ], [ 92.953713058410926, 24.553302632110785 ], [ 92.937968150709764, 24.556696672613441 ], [ 92.940851078614514, 24.586263728488404 ], [ 92.958864996522436, 24.586353438560479 ], [ 92.961604564399181, 24.596172692615653 ], [ 92.992679017123066, 24.589596616890447 ], [ 92.989856699027541, 24.5731479761983 ], [ 92.961223560319183, 24.566212801180029 ] ] ] } },
{ "type": "Feature", "properties": { "pincode": "788116", "state": "Assam", "district": "Cachar", "officename": "Palonghat", "officetype": "S.O" }, "geometry": { "type": "Polygon", "coordinates": [ [ [ 92.978555399112452, 24.565293888302335 ], [ 92.988426958637319, 24.481937859245022 ], [ 92.943433150019928, 24.487799704192923 ], [ 92.89410653638771, 24.515254261575137 ], [ 92.882770054994239, 24.540924945330005 ], [ 92.91153178776193, 24.568921622135292 ], [ 92.905841043329474, 24.599388191611808 ], [ 92.889354031263679, 24.59981116435381 ], [ 92.876745903100982, 24.615106549527695 ], [ 92.863610588757751, 24.614374202807369 ], [ 92.875807177259617, 24.639095337380013 ], [ 92.869335615346415, 24.658911163019923 ], [ 92.891601603431354, 24.667292387633609 ], [ 92.895991110701175, 24.65399579157264 ], [ 92.928794466891304, 24.640973861054931 ], [ 92.930595491488873, 24.6250360694591 ], [ 92.943851600970788, 24.620629737672402 ], [ 92.954432618570479, 24.627831817984088 ], [ 92.951662837969707, 24.608334173383525 ], [ 92.96146771006687, 24.591221344689529 ], [ 92.940851078614514, 24.586263728488404 ], [ 92.937968150709764, 24.556696672613441 ], [ 92.953713058410926, 24.553302632110785 ], [ 92.963961621831629, 24.567610992453353 ], [ 92.978555399112452, 24.565293888302335 ] ] ] } },
{ "type": "Feature", "properties": { "pincode": "788123", "state": "Assam", "district": "Cachar", "officename": "Bekirpar", "officetype": "S.O" }, "geometry": { "type": "Polygon", "coordinates": [ [ [ 92.852068341580889, 24.616249963764915 ], [ 92.848663878835055, 24.626038984411821 ], [ 92.857565859476892, 24.644701622881769 ], [ 92.869753440368982, 24.651264688114964 ], [ 92.875807177259617, 24.639095337380013 ], [ 92.863610588757751, 24.614374202807369 ], [ 92.852068341580889, 24.616249963764915 ] ] ] } },
{ "type": "Feature", "properties": { "pincode": "788117", "state": "Assam", "district": "Cachar", "officename": "Barjalenga", "officetype": "S.O" }, "geometry": { "type": "Polygon", "coordinates": [ [ [ 92.832564413547573, 24.606443762779293 ], [ 92.755688607692719, 24.614090740680695 ], [ 92.741199314594269, 24.63334733247774 ], [ 92.70412635803217, 24.614674925804081 ], [ 92.680999994278068, 24.628786027431545 ], [ 92.669983029365596, 24.626263022422904 ], [ 92.666450977325439, 24.669526994228534 ], [ 92.690430939197427, 24.675065517425537 ], [ 92.697383344173431, 24.712374448776302 ], [ 92.712757289409581, 24.729195177555198 ], [ 92.706915378570613, 24.751478672027588 ], [ 92.697314560413417, 24.755153059959468 ], [ 92.71441209316248, 24.780181527137927 ], [ 92.744783818721885, 24.780511558055878 ], [ 92.756483137607631, 24.760728359222469 ], [ 92.727746605873222, 24.710516214370841 ], [ 92.714824378490505, 24.704987227916718 ], [ 92.72141444683092, 24.699416875839177 ], [ 92.713936030864829, 24.685150921344871 ], [ 92.758213281631413, 24.670126616954917 ], [ 92.779602587223224, 24.679186105728149 ], [ 92.809263706207275, 24.665944099426326 ], [ 92.818294525146484, 24.675372600555477 ], [ 92.837106466293392, 24.670148134231567 ], [ 92.844802618026733, 24.664863944053707 ], [ 92.844200909137783, 24.623407959937936 ], [ 92.832564413547573, 24.606443762779293 ] ] ] } },
{ "type": "Feature", "properties": { "pincode": "788127", "state": "Assam", "district": "Cachar", "officename": "Jarailtala Bazar", "officetype": "S.O" }, "geometry": { "type": "Polygon", "coordinates": [ [ [ 92.707948749735237, 24.907206826733727 ], [ 92.687251806125971, 24.900610425430841 ], [ 92.706463609308287, 24.9342819619431 ], [ 92.741130425528752, 24.921063139252624 ], [ 92.751830059209851, 24.924018226959788 ], [ 92.762393229763745, 24.914131241363691 ], [ 92.745136687608181, 24.898112227497336 ], [ 92.729336137952487, 24.907598873589336 ], [ 92.714161136027769, 24.900481136195538 ], [ 92.707948749735237, 24.907206826733727 ] ] ] } },
{ "type": "Feature", "properties": { "pincode": "788151", "state": "Assam", "district": "Hailakandi", "officename": "Hailakandi", "officetype": "H.O" }, "geometry": { "type": "Polygon", "coordinates": [ [ [ 92.572790681744721, 24.671403418033492 ], [ 92.553382499902625, 24.672351390704307 ], [ 92.546134685467393, 24.69545119062002 ], [ 92.574224570707486, 24.695004744673327 ], [ 92.572790681744721, 24.671403418033492 ] ] ] } },
{ "type": "Feature", "properties": { "pincode": "788118", "state": "Assam", "district": "Cachar", "officename": "Silcuri", "officetype": "S.O" }, "geometry": { "type": "Polygon", "coordinates": [ [ [ 92.740601518045821, 24.730081278528246 ], [ 92.753560353927128, 24.752235097771688 ], [ 92.766403723153417, 24.745640853942291 ], [ 92.775467336248653, 24.756141530607238 ], [ 92.795312566122107, 24.750873267887073 ], [ 92.793985697382084, 24.742568112428614 ], [ 92.825001618629926, 24.725995528970543 ], [ 92.837273807740019, 24.685448982984212 ], [ 92.758213310396002, 24.670126590270115 ], [ 92.74319939143902, 24.673954442143838 ], [ 92.737589923236385, 24.678345903640661 ], [ 92.743427601602662, 24.691526111241217 ], [ 92.754516191169387, 24.692393376952907 ], [ 92.75334972191223, 24.724509755421025 ], [ 92.740601518045821, 24.730081278528246 ] ] ] } },
{ "type": "Feature", "properties": { "pincode": "788119", "state": "Assam", "district": "Cachar", "officename": "Sonaimukh", "officetype": "S.O" }, "geometry": { "type": "Polygon", "coordinates": [ [ [ 92.860392374708397, 24.703287046559979 ], [ 92.857103169076083, 24.735297835626739 ], [ 92.879993240795557, 24.746429430773674 ], [ 92.877911739235458, 24.735728496672721 ], [ 92.900288899713132, 24.732833737287308 ], [ 92.916591300748109, 24.744871632320098 ], [ 92.911510909101366, 24.751007810961937 ], [ 92.947032991379501, 24.769069478373922 ], [ 92.959285844166629, 24.768857875990307 ], [ 92.961093865489545, 24.749961164676165 ], [ 92.976445320695234, 24.740935915760133 ], [ 92.945826711833377, 24.715644191925946 ], [ 92.950117103022023, 24.706779385660184 ], [ 92.942240605819279, 24.694947131405229 ], [ 92.956464999160517, 24.689465681695992 ], [ 92.952798617862072, 24.684647178024875 ], [ 92.96375426154998, 24.670482443909634 ], [ 92.936973799101622, 24.650236224322214 ], [ 92.90367792649522, 24.65772188155961 ], [ 92.903893249373994, 24.670244988715297 ], [ 92.891687498579245, 24.677963502913428 ], [ 92.895552764048887, 24.691570058411514 ], [ 92.860392374708397, 24.703287046559979 ] ] ] } },
{ "type": "Feature", "properties": { "pincode": "788120", "state": "Assam", "district": "Cachar", "officename": "Bhaga Bazar", "officetype": "S.O" }, "geometry": { "type": "Polygon", "coordinates": [ [ [ 92.773128957735253, 24.497449030448479 ], [ 92.759209000195369, 24.518515000067339 ], [ 92.780312000298693, 24.569230999710953 ], [ 92.810995652627298, 24.561144732043772 ], [ 92.820456493572465, 24.570938067637769 ], [ 92.845689649957478, 24.568411377383256 ], [ 92.835972561584583, 24.535371620903732 ], [ 92.843741946833518, 24.522042935233344 ], [ 92.858185809827376, 24.521394077974435 ], [ 92.864980050289148, 24.531720734024702 ], [ 92.884263381050289, 24.536701297327113 ], [ 92.89410653638771, 24.515254261575137 ], [ 92.917469745032747, 24.500946560435523 ], [ 92.943433150019928, 24.487799704192923 ], [ 92.988426958637319, 24.481937859245022 ], [ 93.005599999640424, 24.408771999728231 ], [ 92.997199999880081, 24.398430000344433 ], [ 92.979439000109835, 24.406589999828725 ], [ 92.95952600002488, 24.392819999743324 ], [ 92.950454999898341, 24.401788999662585 ], [ 92.934937000142611, 24.392531999951984 ], [ 92.910812000073861, 24.409938999585336 ], [ 92.904442000398035, 24.391496999886783 ], [ 92.89006800033809, 24.399368000432901 ], [ 92.86221300003001, 24.396621999705644 ], [ 92.843590000078621, 24.377039000449486 ], [ 92.828323000206467, 24.374968000272986 ], [ 92.824393999783354, 24.387692999832268 ], [ 92.830704000289415, 24.397693999678495 ], [ 92.800208999645633, 24.416297999653011 ], [ 92.773128957735253, 24.497449030448479 ] ] ] } },
{ "type": "Feature", "properties": { "pincode": "788121", "state": "Assam", "district": "Cachar", "officename": "Kabuganj Bazar", "officetype": "S.O" }, "geometry": { "type": "Polygon", "coordinates": [ [ [ 92.884722218755542, 24.673206448119231 ], [ 92.876032726329299, 24.70058586804339 ], [ 92.895552764048887, 24.691570058411514 ], [ 92.891687498579245, 24.677963502913428 ], [ 92.903893249373994, 24.670244988715297 ], [ 92.884722218755542, 24.673206448119231 ] ] ] } },
{ "type": "Feature", "properties": { "pincode": "788160", "state": "Assam", "district": "Hailakandi", "officename": "Jaffirband", "officetype": "S.O" }, "geometry": { "type": "Polygon", "coordinates": [ [ [ 92.624931323521821, 24.634252653637077 ], [ 92.680999999850144, 24.628785999574347 ], [ 92.696486999975264, 24.616387999806534 ], [ 92.65561553343025, 24.599961134398882 ], [ 92.624953267879107, 24.612930890747975 ], [ 92.618006777590892, 24.604392158871178 ], [ 92.605707005374143, 24.608941293106227 ], [ 92.608609047469656, 24.620393320295534 ], [ 92.625694915388181, 24.61733368819921 ], [ 92.624931323521821, 24.634252653637077 ] ] ] } },
{ "type": "Feature", "properties": { "pincode": "788126", "state": "Assam", "district": "Cachar", "officename": "Binnakandi Ghat", "officetype": "S.O" }, "geometry": { "type": "Polygon", "coordinates": [ [ [ 92.911510909101366, 24.751007810961937 ], [ 92.907743956618447, 24.790402347890165 ], [ 92.915545537596472, 24.793080953423441 ], [ 92.920449206165983, 24.786621118669927 ], [ 92.942552626502732, 24.797269305733892 ], [ 92.964843698477978, 24.780278559108297 ], [ 92.987729405787491, 24.785151108436935 ], [ 92.980885561419655, 24.802416454955619 ], [ 93.022721604818287, 24.801532272096779 ], [ 93.021172422769155, 24.784018715391426 ], [ 93.040720240546818, 24.777088760937602 ], [ 93.045670135168791, 24.757007691951628 ], [ 93.032683374438363, 24.757919194415535 ], [ 93.027339989548977, 24.727889972444302 ], [ 93.043794170964361, 24.734561489621228 ], [ 93.051873324094686, 24.72596942704763 ], [ 93.036414951189045, 24.725673881044827 ], [ 93.031479737999689, 24.716083980191684 ], [ 93.023679675976382, 24.724485033957194 ], [ 93.023006263628247, 24.712672192467892 ], [ 93.038799365997932, 24.704843804498012 ], [ 93.021610146191335, 24.704791348841809 ], [ 93.015747190580328, 24.68791170176371 ], [ 93.023983152200799, 24.68712150975 ], [ 93.025308323920171, 24.674610072197197 ], [ 93.012743565563198, 24.673625310959494 ], [ 93.007424187176525, 24.662377649309235 ], [ 92.986957474507903, 24.67677876662691 ], [ 92.96458730985654, 24.669697801612415 ], [ 92.952798617862072, 24.684647178024875 ], [ 92.956464999160517, 24.689465681695992 ], [ 92.942240605819279, 24.694947131405229 ], [ 92.950117103022023, 24.706779385660184 ], [ 92.946835847396585, 24.717420261236043 ], [ 92.964244148348826, 24.724618277511524 ], [ 92.975557646668165, 24.74310442402998 ], [ 92.961093865489545, 24.749961164676165 ], [ 92.959285844166629, 24.768857875990307 ], [ 92.911510909101366, 24.751007810961937 ] ] ] } },
{ "type": "Feature", "properties": { "pincode": "788150", "state": "Assam", "district": "Cachar, Hailakandi", "officename": "Kalibari Bazar", "officetype": "S.O" }, "geometry": { "type": "Polygon", "coordinates": [ [ [ 92.575145589797273, 24.738048185475407 ], [ 92.579975141639409, 24.754979200030164 ], [ 92.567302627414449, 24.762610497076935 ], [ 92.5791146658093, 24.78117920135918 ], [ 92.583438432637593, 24.82743088722566 ], [ 92.605637438317331, 24.851629472522291 ], [ 92.601380831060624, 24.83955671976679 ], [ 92.612641619215538, 24.831321633186974 ], [ 92.635150863122021, 24.842060131070241 ], [ 92.639786000423726, 24.819061000364911 ], [ 92.680335999806744, 24.813227000225936 ], [ 92.684029000138423, 24.802453999852389 ], [ 92.669768999939436, 24.789843000154349 ], [ 92.663810095659528, 24.757433824011741 ], [ 92.706915356758373, 24.751478650119793 ], [ 92.71275731679674, 24.729195188207484 ], [ 92.697383334473443, 24.712374422441826 ], [ 92.690430952726388, 24.675065534746807 ], [ 92.65989699974682, 24.669243000064512 ], [ 92.657644934566065, 24.742815481749233 ], [ 92.643436317132512, 24.742649362577993 ], [ 92.638742735588835, 24.725855666406005 ], [ 92.610933244573573, 24.714382795629547 ], [ 92.59777960924157, 24.715151320277243 ], [ 92.597590005174709, 24.723512883013314 ], [ 92.575145589797273, 24.738048185475407 ] ] ] } },
{ "type": "Feature", "properties": { "pincode": "788709", "state": "Assam", "district": "Karimganj", "officename": "Tillabazar", "officetype": "S.O" }, "geometry": { "type": "Polygon", "coordinates": [ [ [ 92.24511829387427, 24.913994021906717 ], [ 92.310834639906943, 24.921808594491154 ], [ 92.33041971479804, 24.900657644334842 ], [ 92.339350636522681, 24.903701652509426 ], [ 92.349433359561942, 24.884342954963472 ], [ 92.358204199264435, 24.89458975571273 ], [ 92.364427040175826, 24.88828323468374 ], [ 92.342809375152569, 24.868033273017318 ], [ 92.289233273296986, 24.892915566100669 ], [ 92.285836634653037, 24.903998148196081 ], [ 92.259089489388543, 24.894495347582335 ], [ 92.24511829387427, 24.913994021906717 ] ] ] } },
{ "type": "Feature", "properties": { "pincode": "788152", "state": "Assam", "district": "Hailakandi, Karimganj", "officename": "Lakshmisahar", "officetype": "S.O" }, "geometry": { "type": "Polygon", "coordinates": [ [ [ 92.56072695728335, 24.672181404448338 ], [ 92.559598927748482, 24.663159072933013 ], [ 92.53874127888713, 24.647971003858743 ], [ 92.546174398629773, 24.638415503872636 ], [ 92.521624425726827, 24.626690175411397 ], [ 92.50664262245914, 24.631097042294755 ], [ 92.506103692931333, 24.638028865539923 ], [ 92.491425070910338, 24.636936199146305 ], [ 92.473894484642926, 24.664482401941484 ], [ 92.473193159137168, 24.68047237040372 ], [ 92.486761916129637, 24.713307174086992 ], [ 92.49852857203598, 24.710898938035712 ], [ 92.514619492995337, 24.742814512279892 ], [ 92.539188379540121, 24.754983495192278 ], [ 92.557512933175531, 24.751637935342501 ], [ 92.567302627414449, 24.762610497076935 ], [ 92.580833874583732, 24.74998081126563 ], [ 92.575145589797273, 24.738048185475407 ], [ 92.566192673353328, 24.7396390358129 ], [ 92.557698728613559, 24.729911107012072 ], [ 92.563507389454628, 24.724659442179643 ], [ 92.553782932036825, 24.710965711798224 ], [ 92.574907415145333, 24.700666183797409 ], [ 92.574654071628174, 24.694471814522672 ], [ 92.546134685467393, 24.69545119062002 ], [ 92.553382499902625, 24.672351390704307 ], [ 92.56072695728335, 24.672181404448338 ] ] ] } },
{ "type": "Feature", "properties": { "pincode": "788156", "state": "Assam", "district": "Karimganj", "officename": "Anilgarh", "officetype": "S.O" }, "geometry": { "type": "Polygon", "coordinates": [ [ [ 92.490849031757591, 24.639901011222832 ], [ 92.476668105348836, 24.638776766035051 ], [ 92.472684766089117, 24.60166387478813 ], [ 92.463073384928862, 24.611745342373808 ], [ 92.423217482301027, 24.610398547355203 ], [ 92.430759139422719, 24.622388021989821 ], [ 92.418080837161028, 24.627507090779829 ], [ 92.424730433363038, 24.650115716067489 ], [ 92.402612608585116, 24.663522745278556 ], [ 92.433593222449304, 24.721139605408609 ], [ 92.445284830830474, 24.711243876603703 ], [ 92.465584627528642, 24.728378094773348 ], [ 92.489130443515194, 24.715801398815586 ], [ 92.473193159137168, 24.68047237040372 ], [ 92.473894484642926, 24.664482401941484 ], [ 92.490849031757591, 24.639901011222832 ] ] ] } },
{ "type": "Feature", "properties": { "pincode": "788155", "state": "Assam", "district": "Hailakandi", "officename": "Ratanpur Road", "officetype": "S.O" }, "geometry": { "type": "Polygon", "coordinates": [ [ [ 92.572790681744721, 24.671403418033492 ], [ 92.574907415145333, 24.700666183797409 ], [ 92.553782932036825, 24.710965711798224 ], [ 92.564628753214492, 24.738847317649686 ], [ 92.597590005174709, 24.723512883013314 ], [ 92.59777960924157, 24.715151320277243 ], [ 92.610933244573573, 24.714382795629547 ], [ 92.638742735588835, 24.725855666406005 ], [ 92.643436317132512, 24.742649362577993 ], [ 92.657644934566065, 24.742815481749233 ], [ 92.655761999716617, 24.691736000416199 ], [ 92.668830999850798, 24.658798000427566 ], [ 92.66998299991559, 24.626263000137442 ], [ 92.629225038604716, 24.635501732818682 ], [ 92.608433508799465, 24.622500640492262 ], [ 92.596259104773992, 24.633281962292926 ], [ 92.585364912660566, 24.616705778848711 ], [ 92.580941867873094, 24.638654282869027 ], [ 92.568427185566293, 24.641497349223471 ], [ 92.569525706546244, 24.656442787504716 ], [ 92.561393496112998, 24.648893553594746 ], [ 92.547018317041875, 24.653178833936181 ], [ 92.56072695728335, 24.672181404448338 ], [ 92.572790681744721, 24.671403418033492 ] ] ] } },
{ "type": "Feature", "properties": { "pincode": "788162", "state": "Assam", "district": "Hailakandi", "officename": "Jamira Bazar", "officetype": "S.O" }, "geometry": { "type": "Polygon", "coordinates": [ [ [ 92.476331823654789, 24.322129976517374 ], [ 92.494147807974969, 24.37701881156903 ], [ 92.52952347972473, 24.381945127765619 ], [ 92.52094504637688, 24.367330473622587 ], [ 92.534529696188713, 24.35841498246549 ], [ 92.529445987842166, 24.340181844916401 ], [ 92.56222333743716, 24.325378703664398 ], [ 92.56566782181261, 24.268877784382312 ], [ 92.564109999976608, 24.24780699979334 ], [ 92.548378000244725, 24.240974000349922 ], [ 92.529159999834292, 24.172596000105443 ], [ 92.514664000443418, 24.173312999895074 ], [ 92.508163000122408, 24.167036000011478 ], [ 92.512343999576046, 24.160406000037028 ], [ 92.485419999933129, 24.160069999830739 ], [ 92.480407999929298, 24.139201999772638 ], [ 92.465507999894271, 24.132667999728483 ], [ 92.436156999845764, 24.150393999683445 ], [ 92.433837999923867, 24.17934200003333 ], [ 92.418624999843928, 24.192344999822069 ], [ 92.418197999937718, 24.21964100043192 ], [ 92.422081000038247, 24.251076000357273 ], [ 92.432556000159366, 24.253659999909075 ], [ 92.476331823654789, 24.322129976517374 ] ] ] } },
{ "type": "Feature", "properties": { "pincode": "788161", "state": "Assam", "district": "Hailakandi", "officename": "Katlacherra", "officetype": "S.O" }, "geometry": { "type": "Polygon", "coordinates": [ [ [ 92.559860679926487, 24.509835955964718 ], [ 92.558659344852913, 24.477941200126338 ], [ 92.577030556215391, 24.461869439223221 ], [ 92.584823467728995, 24.467433468280092 ], [ 92.580897114010781, 24.479723461268748 ], [ 92.594200284116027, 24.478979081619457 ], [ 92.598563920588617, 24.493908929253735 ], [ 92.625443501816278, 24.481627411475813 ], [ 92.623168751237074, 24.474577702399074 ], [ 92.727785597927038, 24.444470467837846 ], [ 92.693390000148383, 24.361087999611584 ], [ 92.661724846624566, 24.374688865099131 ], [ 92.618593800163808, 24.371608076451651 ], [ 92.592777321915833, 24.377870349037494 ], [ 92.591157224726317, 24.39558014860512 ], [ 92.585081694564678, 24.390075781472206 ], [ 92.566182870743035, 24.396229201016922 ], [ 92.5697218046177, 24.409289313151248 ], [ 92.560390190854719, 24.432440038976722 ], [ 92.539315905205001, 24.429792657905011 ], [ 92.530024135005874, 24.410543826036871 ], [ 92.513142222535635, 24.412193032482548 ], [ 92.505708232249333, 24.390935963224308 ], [ 92.514340810180386, 24.388533086233053 ], [ 92.495598719305576, 24.385916182286223 ], [ 92.506553999667403, 24.437450000217439 ], [ 92.509531844718992, 24.519150703841945 ], [ 92.52931779308193, 24.519202663072633 ], [ 92.53605014849569, 24.505029521195581 ], [ 92.559860679926487, 24.509835955964718 ] ] ] } },
{ "type": "Feature", "properties": { "pincode": "788167", "state": "Assam", "district": "Hailakandi", "officename": "Vernerpur", "officetype": "S.O" }, "geometry": { "type": "Polygon", "coordinates": [ [ [ 92.585412628889742, 24.499746242495178 ], [ 92.598359498392313, 24.524545967922222 ], [ 92.621795202286762, 24.523931803809774 ], [ 92.652545055510132, 24.506834588245738 ], [ 92.628437752300442, 24.479170747831745 ], [ 92.585412628889742, 24.499746242495178 ] ] ] } },
{ "type": "Feature", "properties": { "pincode": "788163", "state": "Assam", "district": "Hailakandi", "officename": "Lala", "officetype": "S.O" }, "geometry": { "type": "Polygon", "coordinates": [ [ [ 92.597828067411626, 24.494667207925374 ], [ 92.594200284116027, 24.478979081619457 ], [ 92.580897114010781, 24.479723461268748 ], [ 92.584823467728995, 24.467433468280092 ], [ 92.577030556215391, 24.461869439223221 ], [ 92.558659344852913, 24.477941200126338 ], [ 92.559860679926487, 24.509835955964718 ], [ 92.53605014849569, 24.505029521195581 ], [ 92.52931779308193, 24.519202663072633 ], [ 92.510344292255468, 24.517628395334214 ], [ 92.518572058353925, 24.568660820540572 ], [ 92.559057784988909, 24.553996238735522 ], [ 92.581762068464798, 24.570867311677034 ], [ 92.580266156857761, 24.579028990195866 ], [ 92.596496635511471, 24.585142566176614 ], [ 92.651793294225286, 24.569150776587151 ], [ 92.637750351697491, 24.576858986353272 ], [ 92.645586023276451, 24.60860201397179 ], [ 92.645621422390889, 24.600052079240072 ], [ 92.671382104900317, 24.602945648822754 ], [ 92.676787999866292, 24.581255000218221 ], [ 92.704886999735436, 24.56397200000788 ], [ 92.725647000208937, 24.569046000172762 ], [ 92.738746999974069, 24.586701999597778 ], [ 92.755013000049985, 24.582703000443189 ], [ 92.764136999922641, 24.56656800011325 ], [ 92.780312000298693, 24.569230999710953 ], [ 92.759574999986398, 24.521222999941642 ], [ 92.764069000384154, 24.516144000445422 ], [ 92.727785597927038, 24.444470467837846 ], [ 92.623168751237074, 24.474577702399074 ], [ 92.652545055510132, 24.506834588245738 ], [ 92.621795202286762, 24.523931803809774 ], [ 92.598359498392313, 24.524545967922222 ], [ 92.590167935402064, 24.515203189975352 ], [ 92.585412628889742, 24.499746242495178 ], [ 92.597828067411626, 24.494667207925374 ] ] ] } },
{ "type": "Feature", "properties": { "pincode": "788710", "state": "Assam", "district": "Karimganj", "officename": "Karimganj", "officetype": "H.O" }, "geometry": { "type": "Polygon", "coordinates": [ [ [ 92.349521224225214, 24.864617288157376 ], [ 92.364427040175826, 24.88828323468374 ], [ 92.388678925591933, 24.868048253923803 ], [ 92.36031552953807, 24.855053822875789 ], [ 92.349521224225214, 24.864617288157376 ] ] ] } },
{ "type": "Feature", "properties": { "pincode": "788164", "state": "Assam", "district": "Hailakandi", "officename": "Monacherra", "officetype": "S.O" }, "geometry": { "type": "Polygon", "coordinates": [ [ [ 92.52465238729792, 24.62665856783866 ], [ 92.546174398629773, 24.638415503872636 ], [ 92.53874127888713, 24.647971003858743 ], [ 92.545518135453676, 24.652975521503322 ], [ 92.561393496112998, 24.648893553594746 ], [ 92.569525706546244, 24.656442787504716 ], [ 92.568427185566293, 24.641497349223471 ], [ 92.580941867873094, 24.638654282869027 ], [ 92.585364912660566, 24.616705778848711 ], [ 92.563237319446841, 24.615169127053605 ], [ 92.583025493631737, 24.592777350794279 ], [ 92.582525345568342, 24.573322167684069 ], [ 92.559057784988909, 24.553996238735522 ], [ 92.518572058353925, 24.568660820540572 ], [ 92.505790999555074, 24.591413000109924 ], [ 92.50664262245914, 24.631097042294755 ], [ 92.52465238729792, 24.62665856783866 ] ] ] } },
{ "type": "Feature", "properties": { "pincode": "788165", "state": "Assam", "district": "Hailakandi", "officename": "Manipur Bagan", "officetype": "S.O" }, "geometry": { "type": "Polygon", "coordinates": [ [ [ 92.505708232249333, 24.390935963224308 ], [ 92.513142222535635, 24.412193032482548 ], [ 92.530024135005874, 24.410543826036871 ], [ 92.539315905205001, 24.429792657905011 ], [ 92.560390190854719, 24.432440038976722 ], [ 92.5697218046177, 24.409289313151248 ], [ 92.566182870743035, 24.396229201016922 ], [ 92.585081694564678, 24.390075781472206 ], [ 92.591157224726317, 24.39558014860512 ], [ 92.592777321915833, 24.377870349037494 ], [ 92.618593800163808, 24.371608076451651 ], [ 92.661724846624566, 24.374688865099131 ], [ 92.691161999926408, 24.353884000146536 ], [ 92.68327300034872, 24.344957000365412 ], [ 92.657021000219231, 24.341038000403501 ], [ 92.6485370001825, 24.326297999653036 ], [ 92.623816999654878, 24.330255999614792 ], [ 92.612563999628833, 24.253454000301986 ], [ 92.581337000302426, 24.243034000019122 ], [ 92.564109999976608, 24.24780699979334 ], [ 92.56222333743716, 24.325378703664398 ], [ 92.529445987842166, 24.340181844916401 ], [ 92.534529696188713, 24.35841498246549 ], [ 92.52094504637688, 24.367330473622587 ], [ 92.52952347972473, 24.381945127765619 ], [ 92.494147807974969, 24.37701881156903 ], [ 92.495598719305576, 24.385916182286223 ], [ 92.514340810180386, 24.388533086233053 ], [ 92.505708232249333, 24.390935963224308 ] ] ] } },
{ "type": "Feature", "properties": { "pincode": "788166", "state": "Assam", "district": "Karimganj", "officename": "Ramkrishnanagar", "officetype": "S.O" }, "geometry": { "type": "Polygon", "coordinates": [ [ [ 92.439589428809199, 24.565349264956694 ], [ 92.438446394085986, 24.574504340003386 ], [ 92.447607220297016, 24.578301645504723 ], [ 92.448452170231576, 24.611416252558172 ], [ 92.463073384928862, 24.611745342373808 ], [ 92.472684766089117, 24.60166387478813 ], [ 92.476668105348836, 24.638776766035051 ], [ 92.506103692931333, 24.638028865539923 ], [ 92.505790999555074, 24.591413000109924 ], [ 92.519104000149412, 24.567004999581115 ], [ 92.510044750564987, 24.520864162351245 ], [ 92.473800479408737, 24.510177605711988 ], [ 92.475656886056527, 24.551504067159044 ], [ 92.461141243673467, 24.56116911806032 ], [ 92.446696841086407, 24.551970382727063 ], [ 92.449202804665788, 24.565222599043921 ], [ 92.439589428809199, 24.565349264956694 ] ] ] } },
{ "type": "Feature", "properties": { "pincode": "788168", "state": "Assam", "district": "Hailakandi", "officename": "Rajyeswarpur", "officetype": "S.O" }, "geometry": { "type": "Polygon", "coordinates": [ [ [ 92.580941385836468, 24.595847031015751 ], [ 92.563237319446841, 24.615169127053605 ], [ 92.59128104248623, 24.617299567920895 ], [ 92.592062170233078, 24.632186105104779 ], [ 92.608433508799465, 24.622500640492262 ], [ 92.624931323521821, 24.634252653637077 ], [ 92.625694915388181, 24.61733368819921 ], [ 92.608609047469656, 24.620393320295534 ], [ 92.605707005374143, 24.608941293106227 ], [ 92.643626894265822, 24.60886137934915 ], [ 92.637750351697491, 24.576858986353272 ], [ 92.654357898997887, 24.570822865382922 ], [ 92.635947206498486, 24.568673147547713 ], [ 92.602407429659252, 24.584518798204044 ], [ 92.580266156857761, 24.579028990195866 ], [ 92.580941385836468, 24.595847031015751 ] ] ] } },
{ "type": "Feature", "properties": { "pincode": "788711", "state": "Assam", "district": "Karimganj", "officename": "Karimganj Bazar", "officetype": "S.O" }, "geometry": { "type": "Polygon", "coordinates": [ [ [ 92.363767459400947, 24.846036809950874 ], [ 92.388678925591933, 24.868048253923803 ], [ 92.40430304355084, 24.841488408663224 ], [ 92.390761472164286, 24.84019651455759 ], [ 92.390495093873483, 24.826614414323785 ], [ 92.375249773957876, 24.828069538978127 ], [ 92.363767459400947, 24.846036809950874 ] ] ] } },
{ "type": "Feature", "properties": { "pincode": "788701", "state": "Assam", "district": "Karimganj", "officename": "Bhanga Bazaar", "officetype": "S.O" }, "geometry": { "type": "Polygon", "coordinates": [ [ [ 92.498528571136774, 24.710898940733614 ], [ 92.465584627528642, 24.728378094773348 ], [ 92.482304915639531, 24.768327986447389 ], [ 92.47021415935609, 24.776012644767718 ], [ 92.462320082206247, 24.796817454861809 ], [ 92.46451919620398, 24.816779682036724 ], [ 92.458886067737922, 24.825286355780804 ], [ 92.43535789644983, 24.830831608791868 ], [ 92.432299465847734, 24.847198052348404 ], [ 92.450347900635165, 24.867683410661016 ], [ 92.485107421670307, 24.865083694556915 ], [ 92.491394043400533, 24.876893997260197 ], [ 92.512039572768231, 24.87435987950488 ], [ 92.514452716419896, 24.867507415135265 ], [ 92.482150146811875, 24.828316490114105 ], [ 92.486142509869126, 24.81955811681371 ], [ 92.510153483996135, 24.8181389911216 ], [ 92.512687094533874, 24.810050364532799 ], [ 92.511212228861211, 24.795273569819415 ], [ 92.492701877989418, 24.772500813761667 ], [ 92.506050676097914, 24.760055006933158 ], [ 92.521956015657793, 24.784626406183691 ], [ 92.529972933903878, 24.783673312773317 ], [ 92.529277936927258, 24.770190997716384 ], [ 92.545554999563706, 24.763974999746495 ], [ 92.525782139034675, 24.744116119063676 ], [ 92.514619492995337, 24.742814512279892 ], [ 92.498528571136774, 24.710898940733614 ] ] ] } },
{ "type": "Feature", "properties": { "pincode": "788702", "state": "Assam", "district": "Karimganj", "officename": "Srigouri", "officetype": "S.O" }, "geometry": { "type": "Polygon", "coordinates": [ [ [ 92.524173009077231, 24.862181971720702 ], [ 92.535233000202822, 24.861678999786193 ], [ 92.538606164742873, 24.851057711444355 ], [ 92.517198969856622, 24.85249833812793 ], [ 92.524173009077231, 24.862181971720702 ] ] ] } },
{ "type": "Feature", "properties": { "pincode": "788706", "state": "Assam", "district": "Karimganj", "officename": "Mahakhal", "officetype": "B.O" }, "geometry": { "type": "Polygon", "coordinates": [ [ [ 92.486142509869126, 24.81955811681371 ], [ 92.492667237902879, 24.844787365644436 ], [ 92.502964196540631, 24.843227790130527 ], [ 92.516910341439086, 24.823790840774734 ], [ 92.486142509869126, 24.81955811681371 ] ] ] } },
{ "type": "Feature", "properties": { "pincode": "788713", "state": "Assam", "district": "Karimganj", "officename": "Silchar Road", "officetype": "S.O" }, "geometry": { "type": "Polygon", "coordinates": [ [ [ 92.401397705439933, 24.852125168042164 ], [ 92.433807372612137, 24.853395462230935 ], [ 92.43535789644983, 24.830831608791868 ], [ 92.443581231588723, 24.832139888545044 ], [ 92.445774901990319, 24.824130861849881 ], [ 92.419796760712018, 24.818142178318908 ], [ 92.411754189304588, 24.824932706379286 ], [ 92.394832119406885, 24.823296609351132 ], [ 92.389296517020796, 24.837364587206139 ], [ 92.40430304355084, 24.841488408663224 ], [ 92.401397705439933, 24.852125168042164 ] ] ] } },
{ "type": "Feature", "properties": { "pincode": "788712", "state": "Assam", "district": "Karimganj", "officename": "Settlement Road", "officetype": "S.O" }, "geometry": { "type": "Polygon", "coordinates": [ [ [ 92.24366843025399, 24.870655010820201 ], [ 92.255818307968582, 24.876424095195887 ], [ 92.259089489388543, 24.894495347582335 ], [ 92.285836634653037, 24.903998148196081 ], [ 92.285839807461173, 24.895340207584525 ], [ 92.318924504862082, 24.875395488411073 ], [ 92.350055587895156, 24.869942313387185 ], [ 92.356104340742888, 24.857391550279999 ], [ 92.366513264075934, 24.855038624333133 ], [ 92.360837514040099, 24.849037944745419 ], [ 92.364646669907984, 24.836338439167776 ], [ 92.404023760887867, 24.820437446031349 ], [ 92.405469078435317, 24.808977962562892 ], [ 92.36340461892803, 24.806696782730512 ], [ 92.355262435912778, 24.815983681301873 ], [ 92.350493318511894, 24.798435595126648 ], [ 92.315754402743721, 24.799296214848596 ], [ 92.31334321601679, 24.837662961576484 ], [ 92.305733521584898, 24.836522593343034 ], [ 92.305103552786875, 24.850685520720276 ], [ 92.287749564590854, 24.852298596902926 ], [ 92.292986507521391, 24.862156359928179 ], [ 92.281318248238676, 24.864487288457838 ], [ 92.277096476221573, 24.857580371936592 ], [ 92.263383896050129, 24.859150054931206 ], [ 92.262383145765682, 24.847951507056621 ], [ 92.257857440668431, 24.846198655543617 ], [ 92.248935066100557, 24.850644392025117 ], [ 92.24366843025399, 24.870655010820201 ] ] ] } },
{ "type": "Feature", "properties": { "pincode": "788720", "state": "Assam", "district": "Karimganj", "officename": "Kaliganj Bazar", "officetype": "S.O" }, "geometry": { "type": "Polygon", "coordinates": [ [ [ 92.389914688512192, 24.723929377938589 ], [ 92.398833670837348, 24.745589684316599 ], [ 92.385510541178633, 24.74988640763172 ], [ 92.411172768608424, 24.770795256695749 ], [ 92.39803075161808, 24.777938068087565 ], [ 92.405663849107441, 24.823670198520858 ], [ 92.434390593750948, 24.818527778833982 ], [ 92.458886067737922, 24.825286355780804 ], [ 92.47021415935609, 24.776012644767718 ], [ 92.482304915639531, 24.768327986447389 ], [ 92.465584627528642, 24.728378094773348 ], [ 92.445284830830474, 24.711243876603703 ], [ 92.435593749951522, 24.722386144005441 ], [ 92.427389762827431, 24.719480086436988 ], [ 92.426981539866176, 24.728899236610573 ], [ 92.408841876951158, 24.716864965845616 ], [ 92.394976682727815, 24.721349084492829 ], [ 92.389914688512192, 24.723929377938589 ] ] ] } },
{ "type": "Feature", "properties": { "pincode": "788723", "state": "Assam", "district": "Karimganj", "officename": "Baraigram", "officetype": "S.O" }, "geometry": { "type": "Polygon", "coordinates": [ [ [ 92.280432268534526, 24.643956264769827 ], [ 92.217475210712564, 24.652561849549897 ], [ 92.254252402126781, 24.742590169201037 ], [ 92.333867492490867, 24.717079095324038 ], [ 92.32771629786896, 24.700971008105626 ], [ 92.357505401753031, 24.686923844160162 ], [ 92.368710333015486, 24.702952255941966 ], [ 92.393646252672625, 24.694590240847049 ], [ 92.41595394771673, 24.726878397020528 ], [ 92.429525191334676, 24.727943050431634 ], [ 92.430450034341675, 24.717119259945889 ], [ 92.386306113836326, 24.626284984064796 ], [ 92.373703471538079, 24.627974377615544 ], [ 92.373289378701941, 24.63715548713617 ], [ 92.360585675988204, 24.642160192738686 ], [ 92.332990437658736, 24.638082514596476 ], [ 92.330303281371414, 24.64643345184237 ], [ 92.308345677111447, 24.640564937522015 ], [ 92.305118760322728, 24.656318392379944 ], [ 92.284694846390153, 24.663550921038222 ], [ 92.280432268534526, 24.643956264769827 ] ] ] } },
{ "type": "Feature", "properties": { "pincode": "788722", "state": "Assam", "district": "Karimganj", "officename": "Nilam Bazar", "officetype": "S.O" }, "geometry": { "type": "Polygon", "coordinates": [ [ [ 92.254252402126781, 24.742590169201037 ], [ 92.276878357350313, 24.807401656961133 ], [ 92.291718753018245, 24.792567218402496 ], [ 92.308502214005955, 24.815490750298125 ], [ 92.315754402743721, 24.799296214848596 ], [ 92.337728278437282, 24.795269575030943 ], [ 92.352539812162661, 24.800260008392797 ], [ 92.355262435912778, 24.815983681301873 ], [ 92.36340461892803, 24.806696782730512 ], [ 92.388014886877613, 24.812459873124737 ], [ 92.401840841881437, 24.804199387891629 ], [ 92.39803075161808, 24.777938068087565 ], [ 92.411172768608424, 24.770795256695749 ], [ 92.385510541178633, 24.74988640763172 ], [ 92.398833670837348, 24.745589684316599 ], [ 92.389914688512192, 24.723929377938589 ], [ 92.408841876951158, 24.716864965845616 ], [ 92.401132659944324, 24.704405678179683 ], [ 92.353135881016328, 24.719172208930388 ], [ 92.332347567186673, 24.733651286677627 ], [ 92.302428411442122, 24.728155064704595 ], [ 92.254252402126781, 24.742590169201037 ] ] ] } },
{ "type": "Feature", "properties": { "pincode": "788725", "state": "Assam", "district": "Karimganj", "officename": "Chandkhira", "officetype": "S.O" }, "geometry": { "type": "Polygon", "coordinates": [ [ [ 92.239577999724986, 24.488157000345439 ], [ 92.193565368946736, 24.572677611882284 ], [ 92.197349547943531, 24.592939377150685 ], [ 92.259063453116028, 24.593135527382742 ], [ 92.318786701745125, 24.573221087483319 ], [ 92.304835812023271, 24.558781179707864 ], [ 92.315960894279897, 24.547133512201981 ], [ 92.302321953295689, 24.53742168576224 ], [ 92.303520364673091, 24.526370507093361 ], [ 92.286479025786605, 24.52924780794001 ], [ 92.292322833032529, 24.520692434108582 ], [ 92.283888327184627, 24.484038667450648 ], [ 92.271897188804417, 24.484569793561207 ], [ 92.268235366169279, 24.461115369378831 ], [ 92.254678898412578, 24.459522014429467 ], [ 92.259088697985192, 24.450283641476972 ], [ 92.248484351072079, 24.439673476849578 ], [ 92.231224000287511, 24.458634999605579 ], [ 92.230446000382642, 24.478287000245018 ], [ 92.239577999724986, 24.488157000345439 ] ] ] } },
{ "type": "Feature", "properties": { "pincode": "788724", "state": "Assam", "district": "Karimganj", "officename": "Patharkandi", "officetype": "S.O" }, "geometry": { "type": "Polygon", "coordinates": [ [ [ 92.197349547943531, 24.592939377150685 ], [ 92.217475210712564, 24.652561849549897 ], [ 92.280432268534526, 24.643956264769827 ], [ 92.284694846390153, 24.663550921038222 ], [ 92.305118760322728, 24.656318392379944 ], [ 92.308345677111447, 24.640564937522015 ], [ 92.330303281371414, 24.64643345184237 ], [ 92.332990437658736, 24.638082514596476 ], [ 92.360585675988204, 24.642160192738686 ], [ 92.382692916644942, 24.625539135822635 ], [ 92.402612608585116, 24.663522745278556 ], [ 92.41505847836612, 24.652360571383326 ], [ 92.385624690327234, 24.589604505743409 ], [ 92.378512312893065, 24.553075562287404 ], [ 92.364760369395697, 24.54325448260829 ], [ 92.332523333385268, 24.560091157381237 ], [ 92.304770198386052, 24.557622753087628 ], [ 92.318786701745125, 24.573221087483319 ], [ 92.304836105202071, 24.580425582474675 ], [ 92.297579336217439, 24.575999614890407 ], [ 92.290337477092976, 24.587339016382487 ], [ 92.197349547943531, 24.592939377150685 ] ] ] } },
{ "type": "Feature", "properties": { "pincode": "788726", "state": "Assam", "district": "Karimganj", "officename": "Hatikhira", "officetype": "S.O" }, "geometry": { "type": "Polygon", "coordinates": [ [ [ 92.292242534365585, 24.47528690057004 ], [ 92.297046228900342, 24.509782153123979 ], [ 92.32101049943509, 24.521877124529738 ], [ 92.301053604340382, 24.529532589957171 ], [ 92.315960894279897, 24.547133512201981 ], [ 92.311866927616848, 24.556313250256323 ], [ 92.332523333385268, 24.560091157381237 ], [ 92.364760369395697, 24.54325448260829 ], [ 92.37454724336078, 24.545824657781793 ], [ 92.362272017239889, 24.518854426690496 ], [ 92.373542062116599, 24.507490170634981 ], [ 92.371152236986291, 24.471065340792904 ], [ 92.324149165751635, 24.469839338215024 ], [ 92.316528282854108, 24.451832713808926 ], [ 92.290596898228387, 24.44881236499873 ], [ 92.313481256554894, 24.477059635194166 ], [ 92.292242534365585, 24.47528690057004 ] ] ] } },
{ "type": "Feature", "properties": { "pincode": "788728", "state": "Assam", "district": "Karimganj", "officename": "Isabeel", "officetype": "S.O" }, "geometry": { "type": "Polygon", "coordinates": [ [ [ 92.256583999751967, 24.434509000390108 ], [ 92.248484351072079, 24.439673476849578 ], [ 92.259088697985192, 24.450283641476972 ], [ 92.254678898412578, 24.459522014429467 ], [ 92.268235366169279, 24.461115369378831 ], [ 92.271897188804417, 24.484569793561207 ], [ 92.283888327184627, 24.484038667450648 ], [ 92.287385570287938, 24.492657523526077 ], [ 92.292287023827328, 24.522662551035921 ], [ 92.286479025786605, 24.52924780794001 ], [ 92.320411570737519, 24.522442880834433 ], [ 92.297046228900342, 24.509782153123979 ], [ 92.287996302587487, 24.491591894350563 ], [ 92.292242534365585, 24.47528690057004 ], [ 92.313481256554894, 24.477059635194166 ], [ 92.29104471294329, 24.451068212727989 ], [ 92.284120856792299, 24.399333638236783 ], [ 92.276218364685917, 24.389806966018739 ], [ 92.282099555849811, 24.391118164072168 ], [ 92.304973544993345, 24.426547695319982 ], [ 92.301799510139404, 24.409230216001674 ], [ 92.319026765872593, 24.40748173429472 ], [ 92.315636821781823, 24.395003813575272 ], [ 92.328560265743761, 24.391541462368821 ], [ 92.327979061784276, 24.375664015282325 ], [ 92.350974793951821, 24.372594508629732 ], [ 92.325627241104428, 24.250496222722688 ], [ 92.212821999735695, 24.247634999955324 ], [ 92.272262999737791, 24.375769000339233 ], [ 92.256583999751967, 24.434509000390108 ] ] ] } },
{ "type": "Feature", "properties": { "pincode": "788734", "state": "Assam", "district": "Karimganj", "officename": "Anipur", "officetype": "S.O" }, "geometry": { "type": "Polygon", "coordinates": [ [ [ 92.372784844644912, 24.543078299124318 ], [ 92.388872993893642, 24.544011033682352 ], [ 92.40749491825602, 24.557457819223032 ], [ 92.414362943595222, 24.550903484608227 ], [ 92.417425776378536, 24.56438214212227 ], [ 92.429977225668551, 24.569261609036175 ], [ 92.420933002855918, 24.597936462797691 ], [ 92.433422020310104, 24.596134944472226 ], [ 92.43697507533949, 24.609596174923581 ], [ 92.448452170231576, 24.611416252558172 ], [ 92.447607220297016, 24.578301645504723 ], [ 92.43687414172831, 24.565783399184625 ], [ 92.449202804665788, 24.565222599043921 ], [ 92.446696841086407, 24.551970382727063 ], [ 92.461141243673467, 24.56116911806032 ], [ 92.475656886056527, 24.551504067159044 ], [ 92.473280714433486, 24.511002395544324 ], [ 92.449106951324893, 24.506206122214905 ], [ 92.435251526436787, 24.484270844523962 ], [ 92.428251200932266, 24.51266050887557 ], [ 92.421199741774728, 24.504694353761522 ], [ 92.365342137229959, 24.514223643906234 ], [ 92.372784844644912, 24.543078299124318 ] ] ] } },
{ "type": "Feature", "properties": { "pincode": "788736", "state": "Assam", "district": "Karimganj", "officename": "Dullabcherra", "officetype": "S.O" }, "geometry": { "type": "Polygon", "coordinates": [ [ [ 92.375508115906939, 24.5153788230744 ], [ 92.421199741774728, 24.504694353761522 ], [ 92.428251200932266, 24.51266050887557 ], [ 92.435251526436787, 24.484270844523962 ], [ 92.449106951324893, 24.506206122214905 ], [ 92.478846114956298, 24.507745052892005 ], [ 92.510044750564987, 24.520864162351245 ], [ 92.507672895687676, 24.462882899626322 ], [ 92.497861746322542, 24.461827497541094 ], [ 92.481826390875369, 24.435245278946638 ], [ 92.473233259907147, 24.436622364930372 ], [ 92.465018147269689, 24.452790978321104 ], [ 92.424170390451252, 24.462013804693413 ], [ 92.419603772496203, 24.441892348952877 ], [ 92.401028711805736, 24.426712626486676 ], [ 92.363917806261725, 24.437296798908164 ], [ 92.375508115906939, 24.5153788230744 ] ] ] } },
{ "type": "Feature", "properties": { "pincode": "788737", "state": "Assam", "district": "Karimganj", "officename": "Olivacherra", "officetype": "S.O" }, "geometry": { "type": "Polygon", "coordinates": [ [ [ 92.465373508081029, 24.448963283828732 ], [ 92.481826390875369, 24.435245278946638 ], [ 92.497861746322542, 24.461827497541094 ], [ 92.507672895687676, 24.462882899626322 ], [ 92.500420000083011, 24.400130999646024 ], [ 92.476669000174354, 24.322843999551139 ], [ 92.432556000159366, 24.253659999909075 ], [ 92.325627241104428, 24.250496222722688 ], [ 92.363917806261725, 24.437296798908164 ], [ 92.401028711805736, 24.426712626486676 ], [ 92.419603772496203, 24.441892348952877 ], [ 92.424170390451252, 24.462013804693413 ], [ 92.465373508081029, 24.448963283828732 ] ] ] } },
{ "type": "Feature", "properties": { "pincode": "788801", "state": "Assam", "district": "Hailakandi", "officename": "Kalinagar", "officetype": "S.O" }, "geometry": { "type": "Polygon", "coordinates": [ [ [ 92.552487182537448, 24.752319773438899 ], [ 92.539188379540121, 24.754983495192278 ], [ 92.547858999693233, 24.779411000217578 ], [ 92.545051999750171, 24.798641000282089 ], [ 92.58305900686787, 24.842462170293004 ], [ 92.591942362550185, 24.841031667277718 ], [ 92.580151281056771, 24.814625203190531 ], [ 92.577503415250533, 24.776948904668302 ], [ 92.552487182537448, 24.752319773438899 ] ] ] } },
{ "type": "Feature", "properties": { "pincode": "788802", "state": "Assam", "district": "Cachar, Hailakandi", "officename": "Panchgram", "officetype": "S.O" }, "geometry": { "type": "Polygon", "coordinates": [ [ [ 92.582145999838076, 24.873126999811291 ], [ 92.598037999754069, 24.877944999861938 ], [ 92.605204584723992, 24.868001859698097 ], [ 92.619125127722498, 24.884286760825432 ], [ 92.63482295051881, 24.885044844344236 ], [ 92.640173628010643, 24.896183191600983 ], [ 92.653208422430794, 24.899256656169882 ], [ 92.655427104777118, 24.880701898573932 ], [ 92.675430504714086, 24.881599717852737 ], [ 92.683821343080638, 24.871527435942539 ], [ 92.698461117086822, 24.869688336747458 ], [ 92.686038664752687, 24.851929272318159 ], [ 92.695310211896924, 24.83761796489722 ], [ 92.670933448419987, 24.841105607737518 ], [ 92.658064332503102, 24.831237738131279 ], [ 92.662845851554891, 24.824331606718431 ], [ 92.635150863122021, 24.842060131070241 ], [ 92.613644045836168, 24.830829466606644 ], [ 92.601380831060624, 24.83955671976679 ], [ 92.60876488109443, 24.855340410731458 ], [ 92.596645210707834, 24.850292775990908 ], [ 92.600619481204205, 24.864713322262105 ], [ 92.596278179394631, 24.869912625867016 ], [ 92.595386694040826, 24.866029422519887 ], [ 92.591084063978428, 24.862285821833382 ], [ 92.582145999838076, 24.873126999811291 ] ] ] } },
{ "type": "Feature", "properties": { "pincode": "788806", "state": "Assam", "district": "Karimganj", "officename": "Badarpur (Karimganj)", "officetype": "S.O" }, "geometry": { "type": "Polygon", "coordinates": [ [ [ 92.535233000202822, 24.861678999786193 ], [ 92.560310000106483, 24.872105000345584 ], [ 92.589043000434287, 24.858129999799644 ], [ 92.581191999911027, 24.838966000080973 ], [ 92.545051999750171, 24.798641000282089 ], [ 92.545181886135197, 24.764426972027252 ], [ 92.529277936927258, 24.770190997716384 ], [ 92.529972933903878, 24.783673312773317 ], [ 92.521956015657793, 24.784626406183691 ], [ 92.506050676097914, 24.760055006933158 ], [ 92.492701877989418, 24.772500813761667 ], [ 92.511212228861211, 24.795273569819415 ], [ 92.516439522965811, 24.831369001378334 ], [ 92.492667237902879, 24.844787365644436 ], [ 92.514452716419896, 24.867507415135265 ], [ 92.512039572768231, 24.87435987950488 ], [ 92.524173009077231, 24.862181971720702 ], [ 92.516451717772611, 24.854251191439459 ], [ 92.522375402802709, 24.847391304964788 ], [ 92.538606164742873, 24.851057711444355 ], [ 92.535233000202822, 24.861678999786193 ] ] ] } },
{ "type": "Feature", "properties": { "pincode": "788816", "state": "Assam", "district": "Cachar", "officename": "Jalalpur (Cachar)", "officetype": "S.O" }, "geometry": { "type": "Polygon", "coordinates": [ [ [ 92.42085266102157, 24.974769592442897 ], [ 92.413055420171645, 25.020523070983018 ], [ 92.442275999637729, 25.037708000124212 ], [ 92.463729999739883, 25.034964000388527 ], [ 92.460334999660631, 25.052494000297941 ], [ 92.471782954719743, 25.065118299170194 ], [ 92.489191337510306, 25.045735014159732 ], [ 92.487643122232384, 25.020012221886645 ], [ 92.475589280421104, 25.003632956695526 ], [ 92.479911909607097, 24.991216359847272 ], [ 92.491112042986572, 24.983959878645521 ], [ 92.504235879282476, 24.989493476442931 ], [ 92.503512997027315, 24.996117246813526 ], [ 92.521399177030503, 24.992852445184326 ], [ 92.514961127454228, 24.978869674495968 ], [ 92.529394598781835, 24.975896198350881 ], [ 92.528702826774179, 24.96443365359039 ], [ 92.501131349432399, 24.951216569289386 ], [ 92.498487201423245, 24.95731183147592 ], [ 92.464249341134121, 24.954990677677699 ], [ 92.460105895570791, 24.963764191064627 ], [ 92.429573058649794, 24.967124938665165 ], [ 92.42085266102157, 24.974769592442897 ] ] ] } },
{ "type": "Feature", "properties": { "pincode": "788815", "state": "Assam", "district": "Cachar", "officename": "Kalain", "officetype": "S.O" }, "geometry": { "type": "Polygon", "coordinates": [ [ [ 92.450798034701677, 24.939966201579068 ], [ 92.459447882314066, 24.956291073074738 ], [ 92.498487201423245, 24.95731183147592 ], [ 92.501131349432399, 24.951216569289386 ], [ 92.528702826774179, 24.96443365359039 ], [ 92.529394598781835, 24.975896198350881 ], [ 92.514961127454228, 24.978869674495968 ], [ 92.521399177030503, 24.992852445184326 ], [ 92.503512997027315, 24.996117246813526 ], [ 92.504235879282476, 24.989493476442931 ], [ 92.491112042986572, 24.983959878645521 ], [ 92.475639319599054, 25.001914699403869 ], [ 92.488204233538568, 25.021980498801042 ], [ 92.489191337510306, 25.045735014159732 ], [ 92.471782954719743, 25.065118299170194 ], [ 92.484840000166002, 25.105869000254131 ], [ 92.545035999911534, 25.097043999780851 ], [ 92.549179000310801, 25.103656999870736 ], [ 92.574851999820055, 25.101515000017343 ], [ 92.605377000048691, 25.110360999660543 ], [ 92.623306000371826, 25.101910000246505 ], [ 92.643538999924942, 25.116812000373727 ], [ 92.656258000106732, 25.114918000265675 ], [ 92.643021967989625, 25.029539798822725 ], [ 92.621974503720367, 24.998388488238334 ], [ 92.625425021647573, 24.99083229177694 ], [ 92.637442516459146, 24.991270196862274 ], [ 92.637662428578437, 24.971575643901019 ], [ 92.646781911156381, 24.96142764626893 ], [ 92.636041494119752, 24.95331636665702 ], [ 92.617794871236526, 24.957378808485316 ], [ 92.608636406645019, 24.934195341941631 ], [ 92.589653515097666, 24.919297845619212 ], [ 92.568429140692274, 24.918364357429198 ], [ 92.55078389266265, 24.927823971699013 ], [ 92.551371345111647, 24.911398974183328 ], [ 92.521881262210627, 24.90437252697069 ], [ 92.518451783922785, 24.912882171175227 ], [ 92.492544461557713, 24.909339729944577 ], [ 92.486358642137816, 24.936460494956123 ], [ 92.450798034701677, 24.939966201579068 ] ] ] } },
{ "type": "Feature", "properties": { "pincode": "788818", "state": "Assam", "district": "Dima Hasao", "officename": "Harengajao", "officetype": "S.O" }, "geometry": { "type": "Polygon", "coordinates": [ [ [ 92.978523000136533, 25.084848000335114 ], [ 92.957344000125545, 25.086122999776592 ], [ 92.951972999754332, 25.070353000090904 ], [ 92.901764000108585, 25.079436999917789 ], [ 92.8413090001103, 25.053114000111236 ], [ 92.827399999910199, 25.072509999736837 ], [ 92.783669000424197, 25.086566999567481 ], [ 92.767814999562574, 25.103459999779318 ], [ 92.75659200002076, 25.138596999552021 ], [ 92.746750000312431, 25.135283999656963 ], [ 92.73348199999441, 25.142871999743022 ], [ 92.738212999630377, 25.12558400020157 ], [ 92.726135000230329, 25.112103999999647 ], [ 92.716850000127465, 25.117484999932913 ], [ 92.702018999677193, 25.108698000312529 ], [ 92.687447000378938, 25.114370000175427 ], [ 92.67272899974364, 25.108121999830587 ], [ 92.648247000299023, 25.117833999839377 ], [ 92.623306000371826, 25.101910000246505 ], [ 92.605377000048691, 25.110360999660543 ], [ 92.574851999820055, 25.101515000017343 ], [ 92.549179000310801, 25.103656999870736 ], [ 92.545035999911534, 25.097043999780851 ], [ 92.525719000331719, 25.123323000256278 ], [ 92.525192000310653, 25.137770000085595 ], [ 92.62200199959284, 25.115284000056704 ], [ 92.63840499969109, 25.142782000089426 ], [ 92.659904000069616, 25.156654000381877 ], [ 92.664726000304825, 25.17288199960484 ], [ 92.694297999753132, 25.178825000273662 ], [ 92.73368100017808, 25.200633999659487 ], [ 92.76426279439255, 25.168739441672074 ], [ 92.785367887218285, 25.164122702700695 ], [ 92.876383597724896, 25.158516661814417 ], [ 92.942007244338924, 25.169728742687425 ], [ 92.951900256291879, 25.164122702700695 ], [ 92.965750473205844, 25.107072999119737 ], [ 92.978523000136533, 25.084848000335114 ] ] ] } },
{ "type": "Feature", "properties": { "pincode": "788817", "state": "Assam", "district": "Cachar", "officename": "Behara Bazar", "officetype": "S.O" }, "geometry": { "type": "Polygon", "coordinates": [ [ [ 92.643021967989625, 25.029539798822725 ], [ 92.657477999710125, 25.112977999834982 ], [ 92.702018999677193, 25.108698000312529 ], [ 92.716850000127465, 25.117484999932913 ], [ 92.726135000230329, 25.112103999999647 ], [ 92.738212999630377, 25.12558400020157 ], [ 92.73348199999441, 25.142871999743022 ], [ 92.746750000312431, 25.135283999656963 ], [ 92.75659200002076, 25.138596999552021 ], [ 92.767456000094398, 25.116937999888876 ], [ 92.770653767157796, 25.083274582456113 ], [ 92.804627894062094, 25.067569859161836 ], [ 92.802322083597403, 25.053099717078339 ], [ 92.763295252473995, 25.013305585284627 ], [ 92.734793389603226, 25.008600746927016 ], [ 92.739188867472421, 25.003721211664583 ], [ 92.721373713226342, 24.984290678971718 ], [ 92.704255080307689, 24.985742711756927 ], [ 92.709138067168226, 24.96925294596673 ], [ 92.694082445748279, 24.94082151709938 ], [ 92.706531116917745, 24.934371955301685 ], [ 92.687251806125971, 24.900610425430841 ], [ 92.712467274645235, 24.903935500523119 ], [ 92.714678695865246, 24.882599673136497 ], [ 92.704395727980568, 24.876633576078689 ], [ 92.729126176831642, 24.866355817966735 ], [ 92.72476494154887, 24.859920597657549 ], [ 92.699539856579236, 24.86375019151825 ], [ 92.675430504714086, 24.881599717852737 ], [ 92.655427104777118, 24.880701898573932 ], [ 92.653208422430794, 24.899256656169882 ], [ 92.640173628010643, 24.896183191600983 ], [ 92.628046941113496, 24.912564984786286 ], [ 92.610952988289966, 24.919868647120381 ], [ 92.601140120320395, 24.915848860136919 ], [ 92.600530588615811, 24.930494068746327 ], [ 92.614775336312732, 24.942507376314438 ], [ 92.615625080533164, 24.955616893604827 ], [ 92.636041494119752, 24.95331636665702 ], [ 92.646781911156381, 24.96142764626893 ], [ 92.637662428578437, 24.971575643901019 ], [ 92.637442516459146, 24.991270196862274 ], [ 92.625425021647573, 24.99083229177694 ], [ 92.621974503720367, 24.998388488238334 ], [ 92.643021967989625, 25.029539798822725 ] ] ] } },
{ "type": "Feature", "properties": { "pincode": "788819", "state": "Assam", "district": "Dima Hasao", "officename": "Haflong", "officetype": "S.O" }, "geometry": { "type": "Polygon", "coordinates": [ [ [ 93.066426891787728, 25.184958499835091 ], [ 93.079004220868342, 25.176176216259535 ], [ 93.076085498147222, 25.167306756901439 ], [ 93.122710595118065, 25.141310741597465 ], [ 93.083580618950521, 25.068330201777371 ], [ 93.052036712924121, 25.030797875721419 ], [ 93.017653999732374, 25.061145999988014 ], [ 93.049621999955491, 25.098883000050591 ], [ 93.033416999994586, 25.103392000240717 ], [ 92.988533000397751, 25.093563000232336 ], [ 92.978523000136533, 25.084848000335114 ], [ 92.965750473205844, 25.107072999119737 ], [ 92.951900256291879, 25.164122702700695 ], [ 92.942007244338924, 25.169728742687425 ], [ 92.876383597724896, 25.158516661814417 ], [ 92.785367887218285, 25.164122702700695 ], [ 92.76426279439255, 25.168739441672074 ], [ 92.73368100017808, 25.200633999659487 ], [ 92.779861000185178, 25.20043799961411 ], [ 92.804710000366413, 25.21662299955193 ], [ 92.772568000213084, 25.230609999751778 ], [ 92.76501499994248, 25.24671899978199 ], [ 92.777060999665537, 25.257890999669883 ], [ 92.770134000383791, 25.266293999568632 ], [ 92.792602999628798, 25.282508999990455 ], [ 92.784798000327555, 25.329894999854389 ], [ 92.772903000373276, 25.33698300026532 ], [ 92.761031999726981, 25.332665999936012 ], [ 92.741135000380041, 25.361152999711294 ], [ 92.77492306924438, 25.385657158451068 ], [ 92.767959351542913, 25.394947524808572 ], [ 92.77332882396621, 25.416312168271986 ], [ 92.809689252457247, 25.418044691509408 ], [ 92.839637033622239, 25.409134141227753 ], [ 92.84644862830163, 25.391759729427974 ], [ 92.871758920437912, 25.401556589465144 ], [ 92.899131904813601, 25.445819287030474 ], [ 92.909032771445425, 25.488334772731719 ], [ 92.90437353950739, 25.537839105890157 ], [ 92.895055077430015, 25.590255458222884 ], [ 92.882242190724639, 25.604233152238237 ], [ 92.946709842485348, 25.602282539807391 ], [ 92.954519645964865, 25.594204181677753 ], [ 92.946310692784323, 25.582223415178532 ], [ 92.975618916579947, 25.574751953739622 ], [ 92.979296263311994, 25.553087290146379 ], [ 92.983279833697509, 25.561373203710389 ], [ 93.000522252899827, 25.556694405222743 ], [ 92.98580037438802, 25.538470062143631 ], [ 93.012214720133329, 25.536003532037455 ], [ 93.022121913495596, 25.519484849446428 ], [ 93.036649508767937, 25.524145104812931 ], [ 93.005169996898019, 25.490648764329194 ], [ 93.001311197553946, 25.474143506817541 ], [ 93.021392444605681, 25.441707484113124 ], [ 93.027035220099435, 25.385950293371536 ], [ 93.057068986344632, 25.368389789357423 ], [ 93.075637243663948, 25.368630995624073 ], [ 93.081479208198971, 25.350099559247383 ], [ 93.06353421253408, 25.341927626658617 ], [ 93.036069220318268, 25.298799152259164 ], [ 93.059617933920492, 25.248877880809573 ], [ 93.074924522848562, 25.244534610384108 ], [ 93.086942935868024, 25.205607125568633 ], [ 93.032752795804981, 25.199240028005136 ], [ 93.000391429421029, 25.205138449280071 ], [ 92.995697132017085, 25.18478593252479 ], [ 93.00416298373483, 25.175343467427126 ], [ 93.021028169714327, 25.173976237113834 ], [ 93.066426891787728, 25.184958499835091 ] ] ] } },
{ "type": "Feature", "properties": { "pincode": "788820", "state": "Assam", "district": "Dima Hasao", "officename": "Haflong Ptc", "officetype": "S.O" }, "geometry": { "type": "Polygon", "coordinates": [ [ [ 92.995694479017118, 25.184854370932612 ], [ 93.000391429421029, 25.205138449280071 ], [ 93.025697814902401, 25.199337381415091 ], [ 93.079116425682685, 25.203170287478883 ], [ 93.063941417462559, 25.191753529002142 ], [ 93.066426891787728, 25.184958499835091 ], [ 93.03635449966049, 25.17445194160382 ], [ 93.00416298373483, 25.175343467427126 ], [ 92.995694479017118, 25.184854370932612 ] ] ] } },
{ "type": "Feature", "properties": { "pincode": "788831", "state": "Assam", "district": "Dima Hasao", "officename": "Maibong", "officetype": "S.O" }, "geometry": { "type": "Polygon", "coordinates": [ [ [ 93.054740856505532, 25.265800173739137 ], [ 93.070533434570336, 25.253853769436034 ], [ 93.084880298487121, 25.274226539822962 ], [ 93.133801790020698, 25.295310180220781 ], [ 93.130759629053784, 25.338430899766422 ], [ 93.140779018237197, 25.345666746922916 ], [ 93.143361856764272, 25.364020551907004 ], [ 93.121072972839613, 25.38283463171291 ], [ 93.130079605789433, 25.406341761563226 ], [ 93.240046921328371, 25.449377739791032 ], [ 93.340454000152079, 25.533744999831924 ], [ 93.352371000221524, 25.533978999831049 ], [ 93.371796000285258, 25.497504999556213 ], [ 93.386307000367879, 25.489698000162605 ], [ 93.395812999870088, 25.460428000252193 ], [ 93.416977000088593, 25.449052999995956 ], [ 93.434791999651225, 25.45100800021919 ], [ 93.461646999709274, 25.43087599992748 ], [ 93.463012999750163, 25.407115999603832 ], [ 93.47792100015414, 25.375988000345956 ], [ 93.451561000439881, 25.340344999722106 ], [ 93.461593999963156, 25.33272399991273 ], [ 93.456344999822136, 25.321391999841126 ], [ 93.4736249998939, 25.305372000317732 ], [ 93.409184816126526, 25.305483055798447 ], [ 93.319182713511566, 25.262254700893891 ], [ 93.290798156409835, 25.26235490515478 ], [ 93.230487127978733, 25.21250151903007 ], [ 93.170207422034935, 25.213478353643268 ], [ 93.151298751536217, 25.234933500380919 ], [ 93.129543917417891, 25.226618010812672 ], [ 93.109987935594859, 25.229025263005667 ], [ 93.086942935868024, 25.205607125568633 ], [ 93.074924522848562, 25.244534610384108 ], [ 93.059617933920492, 25.248877880809573 ], [ 93.054740856505532, 25.265800173739137 ] ] ] } },
{ "type": "Feature", "properties": { "pincode": "788830", "state": "Assam", "district": "Dima Hasao", "officename": "Mahur", "officetype": "S.O" }, "geometry": { "type": "Polygon", "coordinates": [ [ [ 93.063872999739317, 25.015277999979844 ], [ 93.052036712924121, 25.030797875721419 ], [ 93.083580618950521, 25.068330201777371 ], [ 93.122710595118065, 25.141310741597465 ], [ 93.076085498147222, 25.167306756901439 ], [ 93.079004220868342, 25.176176216259535 ], [ 93.063941417462559, 25.191753529002142 ], [ 93.086942935868024, 25.205607125568633 ], [ 93.099095221967048, 25.223789660964144 ], [ 93.151298751536217, 25.234933500380919 ], [ 93.170207422034935, 25.213478353643268 ], [ 93.230487127978733, 25.21250151903007 ], [ 93.290798156409835, 25.26235490515478 ], [ 93.319182713511566, 25.262254700893891 ], [ 93.409184816126526, 25.305483055798447 ], [ 93.4736249998939, 25.305372000317732 ], [ 93.459578999671237, 25.290842000258237 ], [ 93.426048000215246, 25.277234999595692 ], [ 93.420340999637574, 25.262437999813926 ], [ 93.403197999588144, 25.259289000287197 ], [ 93.388343999875815, 25.242163000122503 ], [ 93.384398999614234, 25.221969999715782 ], [ 93.352661000105172, 25.178082000184304 ], [ 93.348740000051123, 25.121683000170492 ], [ 93.335289000287332, 25.092138000168575 ], [ 93.312241000421864, 25.074285999799088 ], [ 93.304085000222585, 25.044332999868232 ], [ 93.267699999555475, 25.046086999815259 ], [ 93.257301000241, 25.018161999876384 ], [ 93.248352000344653, 25.015240000026097 ], [ 93.246444999637106, 25.000074000314896 ], [ 93.262802000312092, 25.000656000174274 ], [ 93.25517999955747, 24.998627000136025 ], [ 93.246750000212501, 24.967395999725682 ], [ 93.22876700009698, 24.976187000429832 ], [ 93.231688999947437, 24.983676999593968 ], [ 93.206558000251562, 24.980083000230252 ], [ 93.189590000178498, 24.996469000444222 ], [ 93.071938000238731, 24.997237999933873 ], [ 93.058845999942946, 25.007929000123397 ], [ 93.063872999739317, 25.015277999979844 ] ] ] } },
{ "type": "Feature", "properties": { "pincode": "788832", "state": "Assam", "district": "Dima Hasao", "officename": "Langting", "officetype": "S.O" }, "geometry": { "type": "Polygon", "coordinates": [ [ [ 93.340454000152079, 25.533744999831924 ], [ 93.240046921328371, 25.449377739791032 ], [ 93.044879608607062, 25.372998534254918 ], [ 93.027035220099435, 25.385950293371536 ], [ 93.021392444605681, 25.441707484113124 ], [ 93.001311197553946, 25.474143506817541 ], [ 93.005169996898019, 25.490648764329194 ], [ 93.036649508767937, 25.524145104812931 ], [ 93.022121913495596, 25.519484849446428 ], [ 93.012214720133329, 25.536003532037455 ], [ 92.98580037438802, 25.538470062143631 ], [ 93.000522252899827, 25.556694405222743 ], [ 92.983279833697509, 25.561373203710389 ], [ 92.979296263311994, 25.553087290146379 ], [ 92.975618916579947, 25.574751953739622 ], [ 92.946310692784323, 25.582223415178532 ], [ 92.954519645964865, 25.594204181677753 ], [ 92.946709842485348, 25.602282539807391 ], [ 92.954927644095619, 25.607175957904246 ], [ 92.947608440577142, 25.611155870746927 ], [ 92.953052655655711, 25.622171265391728 ], [ 92.944507035871084, 25.625167362184243 ], [ 92.972867566685011, 25.644393947522815 ], [ 92.957846797591742, 25.674275436062715 ], [ 92.965595327562482, 25.677367004883365 ], [ 92.963821105459715, 25.685470750874629 ], [ 92.976731539828791, 25.681029756518171 ], [ 92.982942141866431, 25.698956959096449 ], [ 92.977503831736556, 25.717577458932681 ], [ 92.985698105283518, 25.708254768243023 ], [ 92.986664522150079, 25.717299247362462 ], [ 93.022208793401148, 25.717032732374776 ], [ 93.030071905094474, 25.735047978581406 ], [ 93.044775271062065, 25.721699960185049 ], [ 93.056246107571894, 25.733211991040548 ], [ 93.06821924332354, 25.729119843705973 ], [ 93.076179067210319, 25.749257039381007 ], [ 93.062278258035292, 25.761366569911331 ], [ 93.05729766595465, 25.779163636093017 ], [ 93.081519999648322, 25.763162999872577 ], [ 93.088104000199451, 25.771591000024728 ], [ 93.108994000372888, 25.77419699969181 ], [ 93.131583999801819, 25.761186999580502 ], [ 93.13034100003722, 25.750088000361075 ], [ 93.151093000141998, 25.737522000040428 ], [ 93.133369000279231, 25.683758000131775 ], [ 93.146469000044533, 25.661048999711738 ], [ 93.171248999741692, 25.658673999905318 ], [ 93.191298999848982, 25.628906000411689 ], [ 93.173088000011433, 25.595311999849002 ], [ 93.212752999951135, 25.543996999562125 ], [ 93.265274000095133, 25.54518300029531 ], [ 93.277695000024323, 25.528850999873725 ], [ 93.297896999946829, 25.544719999628342 ], [ 93.306960999750345, 25.528573999690423 ], [ 93.322585999943954, 25.529715000147178 ], [ 93.331833000093013, 25.543275999587934 ], [ 93.340454000152079, 25.533744999831924 ] ] ] } },
{ "type": "Feature", "properties": { "pincode": "788931", "state": "Assam", "district": "Dima Hasao", "officename": "Umrangshu", "officetype": "S.O" }, "geometry": { "type": "Polygon", "coordinates": [ [ [ 92.753220000103113, 25.612882999850626 ], [ 92.867099689399254, 25.610639595141379 ], [ 92.882242190724639, 25.604233152238237 ], [ 92.895055077430015, 25.590255458222884 ], [ 92.909032771445425, 25.488334772731719 ], [ 92.899131904813601, 25.445819287030474 ], [ 92.871758920437912, 25.401556589465144 ], [ 92.84644862830163, 25.391759729427974 ], [ 92.839637033622239, 25.409134141227753 ], [ 92.776750166087481, 25.420304466577988 ], [ 92.767717666836859, 25.400010349997842 ], [ 92.77492306924438, 25.385657158451068 ], [ 92.741135000380041, 25.361152999711294 ], [ 92.737594999909504, 25.378688999897633 ], [ 92.718673999705516, 25.372458000336508 ], [ 92.674445999783188, 25.414700000404878 ], [ 92.660773999720448, 25.407933999554587 ], [ 92.654991000134601, 25.432930000219471 ], [ 92.642348999906574, 25.417130000049553 ], [ 92.630042999884722, 25.432264000083705 ], [ 92.629372000417732, 25.422645999913016 ], [ 92.609848000285012, 25.414199999830259 ], [ 92.598984000211601, 25.469318000125668 ], [ 92.586280999868279, 25.465267000371909 ], [ 92.583145000041839, 25.470587000189994 ], [ 92.572318999921833, 25.461781999739628 ], [ 92.567413000309784, 25.47284099981232 ], [ 92.581917000069552, 25.492867999758573 ], [ 92.638496000290331, 25.526172999584333 ], [ 92.661606000316681, 25.579447000278947 ], [ 92.6648329998431, 25.57159199957124 ], [ 92.68384599979322, 25.576735000220083 ], [ 92.682648000305164, 25.584496000190427 ], [ 92.703208999695676, 25.599673999555478 ], [ 92.715713999901311, 25.599050999604117 ], [ 92.719138999565303, 25.589981000422938 ], [ 92.742012000353668, 25.595208999595684 ], [ 92.753220000103113, 25.612882999850626 ] ] ] } },
{ "type": "Feature", "properties": { "pincode": "786181", "state": "Assam", "district": "Tinsukia", "officename": "Margherita", "officetype": "S.O" }, "geometry": { "type": "Polygon", "coordinates": [ [ [ 95.732100999561624, 27.259916000023566 ], [ 95.721305999972117, 27.250988000196116 ], [ 95.679648999901531, 27.249643000224467 ], [ 95.672627864084802, 27.266475439190117 ], [ 95.690517814945395, 27.269807150379734 ], [ 95.666985668653922, 27.291925883472857 ], [ 95.69155617217973, 27.294734394277043 ], [ 95.695183808885758, 27.31017988709209 ], [ 95.710306311087379, 27.299398998764786 ], [ 95.747630562800339, 27.315461615361414 ], [ 95.742757562011832, 27.292709237941096 ], [ 95.753706679319976, 27.290779141744054 ], [ 95.731282175831893, 27.275942587980182 ], [ 95.732100999561624, 27.259916000023566 ] ] ] } },
{ "type": "Feature", "properties": { "pincode": "786188", "state": "Assam", "district": "Tinsukia", "officename": "Jagun", "officetype": "S.O" }, "geometry": { "type": "Polygon", "coordinates": [ [ [ 95.874404003142388, 27.406710707133414 ], [ 95.865302999833716, 27.422400999906188 ], [ 95.883010999857902, 27.437460000079113 ], [ 95.89075499994334, 27.433020000372892 ], [ 95.893379000440746, 27.399319000271703 ], [ 95.911552000324718, 27.433259999749339 ], [ 95.950241000222036, 27.438237999983755 ], [ 95.961348999856625, 27.421870999746886 ], [ 95.967338999994979, 27.429824999624145 ], [ 95.968291999875987, 27.417247999695519 ], [ 95.973594999809563, 27.429897000246456 ], [ 95.979782000039393, 27.414952999980983 ], [ 95.9897310001856, 27.414788999612824 ], [ 96.021041999788622, 27.364150999968729 ], [ 95.997086000318802, 27.356415000252184 ], [ 95.993781999939529, 27.344362000206331 ], [ 95.970138999615244, 27.329916000423054 ], [ 95.984298999699206, 27.327244000410531 ], [ 95.968811000427479, 27.324769999635805 ], [ 95.963287000195123, 27.30998799964658 ], [ 95.918823000181476, 27.292212000083794 ], [ 95.911473921184609, 27.34033628938829 ], [ 95.883001003893298, 27.355203599066954 ], [ 95.882232951389767, 27.37794112957954 ], [ 95.866084008869962, 27.396717561965886 ], [ 95.874404003142388, 27.406710707133414 ] ] ] } },
{ "type": "Feature", "properties": { "pincode": "786189", "state": "Assam", "district": "Dibrugarh", "officename": "Dinjan", "officetype": "S.O" }, "geometry": { "type": "Polygon", "coordinates": [ [ [ 95.21086270465014, 27.570537467630174 ], [ 95.198444398190588, 27.575169908764337 ], [ 95.205011717217133, 27.579991977347845 ], [ 95.228180049070147, 27.57837212657239 ], [ 95.222302885969611, 27.5942083082669 ], [ 95.227586490224496, 27.5956356276821 ], [ 95.231829741649392, 27.584976524646891 ], [ 95.251907398607727, 27.585864885755996 ], [ 95.272716219678045, 27.567927440798883 ], [ 95.253938816922869, 27.569773246238412 ], [ 95.244913506852924, 27.562842673950399 ], [ 95.244192968230891, 27.552806422478568 ], [ 95.231275723296051, 27.550684431641287 ], [ 95.220290223015411, 27.527417008887994 ], [ 95.21086270465014, 27.570537467630174 ] ] ] } },
{ "type": "Feature", "properties": { "pincode": "786190", "state": "Assam", "district": "Tinsukia", "officename": "Hansara", "officetype": "S.O" }, "geometry": { "type": "Polygon", "coordinates": [ [ [ 95.538545332201522, 27.536265754161434 ], [ 95.524886445153413, 27.578493307520318 ], [ 95.54198607269916, 27.578874023817207 ], [ 95.558602414469988, 27.548132892219428 ], [ 95.597494096375499, 27.525521964667064 ], [ 95.551497084123298, 27.494464154797072 ], [ 95.516445325691336, 27.484493795752201 ], [ 95.517345860023624, 27.499884945234214 ], [ 95.499179280399517, 27.500996739308107 ], [ 95.498372681154365, 27.511717105959747 ], [ 95.486010554443624, 27.506166755591437 ], [ 95.483888238051861, 27.516056393288125 ], [ 95.498928410917529, 27.531441356333687 ], [ 95.538545332201522, 27.536265754161434 ] ] ] } },
{ "type": "Feature", "properties": { "pincode": "786191", "state": "Assam", "district": "Dibrugarh", "officename": "Naoholia", "officetype": "S.O" }, "geometry": { "type": "Polygon", "coordinates": [ [ [ 95.356406460189987, 27.384220455110039 ], [ 95.359299852606284, 27.392350615988278 ], [ 95.349545721158165, 27.392336085641887 ], [ 95.347373501386073, 27.401643013914054 ], [ 95.361381916242635, 27.412804829879235 ], [ 95.384041310957912, 27.414977493916183 ], [ 95.395008665617524, 27.403606837385723 ], [ 95.418724872554833, 27.40251895628478 ], [ 95.421779868646183, 27.382231447923175 ], [ 95.4051051186064, 27.369898412481916 ], [ 95.405337779515037, 27.361673924412116 ], [ 95.419042220822007, 27.359018755211537 ], [ 95.409681216315334, 27.347647797408115 ], [ 95.417533547835092, 27.340213379044314 ], [ 95.412262178856622, 27.334674930303834 ], [ 95.390366456946538, 27.342264234407025 ], [ 95.379590216315535, 27.356740159131164 ], [ 95.386940472524884, 27.370334838182316 ], [ 95.377215642787633, 27.369247891477187 ], [ 95.376095659487078, 27.380887137731293 ], [ 95.356406460189987, 27.384220455110039 ] ] ] } },
{ "type": "Feature", "properties": { "pincode": "786192", "state": "Assam", "district": "Tinsukia", "officename": "Hijiguri", "officetype": "S.O" }, "geometry": { "type": "Polygon", "coordinates": [ [ [ 95.313155971171341, 27.495583001354532 ], [ 95.32675143443123, 27.491580175584829 ], [ 95.336322522366572, 27.503881028786623 ], [ 95.345116113118308, 27.503098066422695 ], [ 95.350092352480033, 27.478195140193634 ], [ 95.310692523940929, 27.465090876742579 ], [ 95.303036400209692, 27.48111114696195 ], [ 95.315583308822738, 27.484125833640405 ], [ 95.313155971171341, 27.495583001354532 ] ] ] } },
{ "type": "Feature", "properties": { "pincode": "786601", "state": "Assam", "district": "Dibrugarh", "officename": "Hoogrijan", "officetype": "S.O" }, "geometry": { "type": "Polygon", "coordinates": [ [ [ 95.250983039435937, 27.375717446103295 ], [ 95.240665652697714, 27.396255872510665 ], [ 95.244482097570767, 27.40572224428621 ], [ 95.282941969996045, 27.415850236499296 ], [ 95.305143915559313, 27.405708962198958 ], [ 95.295776326216469, 27.399804027134337 ], [ 95.300940544570608, 27.394316864032135 ], [ 95.293746221810864, 27.384523613873739 ], [ 95.282729851401712, 27.380151476109916 ], [ 95.285809584245044, 27.369643497849211 ], [ 95.250983039435937, 27.375717446103295 ] ] ] } },
{ "type": "Feature", "properties": { "pincode": "788015", "state": "Assam", "district": "Cachar", "officename": "Meherpur", "officetype": "S.O" }, "geometry": { "type": "Polygon", "coordinates": [ [ [ 92.757246929502287, 24.779129627530324 ], [ 92.754945607553793, 24.796943819501621 ], [ 92.766717237610465, 24.794754076439574 ], [ 92.771403572417114, 24.804225433157342 ], [ 92.792819607638933, 24.801217543555026 ], [ 92.795275915151365, 24.781020475514651 ], [ 92.76782290550284, 24.786372730417213 ], [ 92.757246929502287, 24.779129627530324 ] ] ] } },
{ "type": "Feature", "properties": { "pincode": "788025", "state": "Assam", "district": "Cachar", "officename": "Arunachal", "officetype": "S.O" }, "geometry": { "type": "Polygon", "coordinates": [ [ [ 92.705866522422184, 24.874326091975661 ], [ 92.714161136027769, 24.900481136195538 ], [ 92.729336137952487, 24.907598873589336 ], [ 92.756573506362429, 24.886076373026242 ], [ 92.742094702009126, 24.872796597884815 ], [ 92.736302806329604, 24.883444613178483 ], [ 92.727430997042916, 24.867675138696882 ], [ 92.705866522422184, 24.874326091975661 ] ] ] } },
{ "type": "Feature", "properties": { "pincode": "788719", "state": "Assam", "district": "Karimganj", "officename": "Kayasthagram", "officetype": "S.O" }, "geometry": { "type": "Polygon", "coordinates": [ [ [ 92.306680950165799, 24.726676871540633 ], [ 92.332347567186673, 24.733651286677627 ], [ 92.353135881016328, 24.719172208930388 ], [ 92.401132659944324, 24.704405678179683 ], [ 92.390806503017814, 24.693851969392938 ], [ 92.368710333015486, 24.702952255941966 ], [ 92.357505401753031, 24.686923844160162 ], [ 92.32771629786896, 24.700971008105626 ], [ 92.333867492490867, 24.717079095324038 ], [ 92.306680950165799, 24.726676871540633 ] ] ] } },
{ "type": "Feature", "properties": { "pincode": "788727", "state": "Assam", "district": "Karimganj", "officename": "Bazaricherra Bazar", "officetype": "S.O" }, "geometry": { "type": "Polygon", "coordinates": [ [ [ 92.278749387874086, 24.389490073707918 ], [ 92.290596898228387, 24.44881236499873 ], [ 92.316528282854108, 24.451832713808926 ], [ 92.324149165751635, 24.469839338215024 ], [ 92.371152236986291, 24.471065340792904 ], [ 92.350974793951821, 24.372594508629732 ], [ 92.327979061784276, 24.375664015282325 ], [ 92.328560265743761, 24.391541462368821 ], [ 92.315636821781823, 24.395003813575272 ], [ 92.319026765872593, 24.40748173429472 ], [ 92.301799510139404, 24.409230216001674 ], [ 92.304973544993345, 24.426547695319982 ], [ 92.278749387874086, 24.389490073707918 ] ] ] } },
{ "type": "Feature", "properties": { "pincode": "788735", "state": "Assam", "district": "Karimganj", "officename": "Ratabari", "officetype": "S.O" }, "geometry": { "type": "Polygon", "coordinates": [ [ [ 92.376301756820624, 24.548589058638242 ], [ 92.384464210554881, 24.585663395948984 ], [ 92.405549545275449, 24.583829406701739 ], [ 92.412563131283548, 24.599808500561949 ], [ 92.42134339048522, 24.597681308945312 ], [ 92.428990985046028, 24.565121545822649 ], [ 92.417425776378536, 24.56438214212227 ], [ 92.412342850442371, 24.549174927381102 ], [ 92.40749491825602, 24.557457819223032 ], [ 92.388872993893642, 24.544011033682352 ], [ 92.376301756820624, 24.548589058638242 ] ] ] } },
{ "type": "Feature", "properties": { "pincode": "788781", "state": "Assam", "district": "Karimganj", "officename": "Mahisashan", "officetype": "S.O" }, "geometry": { "type": "Polygon", "coordinates": [ [ [ 92.263700003252552, 24.825588758214735 ], [ 92.27522286644222, 24.838794457997835 ], [ 92.281318248238676, 24.864487288457838 ], [ 92.292986507521391, 24.862156359928179 ], [ 92.287749564590854, 24.852298596902926 ], [ 92.305103552786875, 24.850685520720276 ], [ 92.305733521584898, 24.836522593343034 ], [ 92.31334321601679, 24.837662961576484 ], [ 92.310923867043016, 24.814037020492265 ], [ 92.291718753018245, 24.792567218402496 ], [ 92.263700003252552, 24.825588758214735 ] ] ] } },
{ "type": "Feature", "properties": { "pincode": "788803", "state": "Assam", "district": "Hailakandi", "officename": "Badarpurghat", "officetype": "S.O" }, "geometry": { "type": "Polygon", "coordinates": [ [ [ 92.58305900686787, 24.842462170293004 ], [ 92.589081000387864, 24.861930999715923 ], [ 92.596278179394631, 24.869912625867016 ], [ 92.601773478663233, 24.86245827313104 ], [ 92.596645210707834, 24.850292775990908 ], [ 92.60876488109443, 24.855340410731458 ], [ 92.599405974706087, 24.840868459212174 ], [ 92.58305900686787, 24.842462170293004 ] ] ] } },
{ "type": "Feature", "properties": { "pincode": "788804", "state": "Assam", "district": "Cachar", "officename": "Katirail", "officetype": "S.O" }, "geometry": { "type": "Polygon", "coordinates": [ [ [ 92.586754080136927, 24.874723873807852 ], [ 92.589653515097666, 24.919297845619212 ], [ 92.598660079698959, 24.92754065557682 ], [ 92.601140120320395, 24.915848860136919 ], [ 92.610952988289966, 24.919868647120381 ], [ 92.640324123259802, 24.900088487693722 ], [ 92.63482295051881, 24.885044844344236 ], [ 92.619125127722498, 24.884286760825432 ], [ 92.605204584723992, 24.868001859698097 ], [ 92.598037999754069, 24.877944999861938 ], [ 92.586754080136927, 24.874723873807852 ] ] ] } },
{ "type": "Feature", "properties": { "pincode": "788805", "state": "Assam", "district": "Cachar", "officename": "Katigorah", "officetype": "S.O" }, "geometry": { "type": "Polygon", "coordinates": [ [ [ 92.490822942424927, 24.88413586807593 ], [ 92.492544461557713, 24.909339729944577 ], [ 92.518451783922785, 24.912882171175227 ], [ 92.521881262210627, 24.90437252697069 ], [ 92.551371345111647, 24.911398974183328 ], [ 92.55078389266265, 24.927823971699013 ], [ 92.568429140692274, 24.918364357429198 ], [ 92.589653515097666, 24.919297845619212 ], [ 92.582145999838076, 24.873126999811291 ], [ 92.589081000387864, 24.861930999715923 ], [ 92.560310000106483, 24.872105000345584 ], [ 92.525840999662535, 24.858710999613095 ], [ 92.516227999722446, 24.874933000357714 ], [ 92.503615999978535, 24.872099000068886 ], [ 92.490822942424927, 24.88413586807593 ] ] ] } },
{ "type": "Feature", "properties": { "pincode": "785009", "state": "Assam", "district": "Jorhat", "officename": "Na Ali Dhekiajuli", "officetype": "S.O" }, "geometry": { "type": "Polygon", "coordinates": [ [ [ 94.325757231411217, 26.6041067766065 ], [ 94.381707171149174, 26.636469903862974 ], [ 94.405530485543636, 26.626359825245856 ], [ 94.415230000264444, 26.578488999967476 ], [ 94.412300000044979, 26.553637999694047 ], [ 94.405144000095731, 26.550430000144502 ], [ 94.399780000047144, 26.527507999794409 ], [ 94.37860900040522, 26.520481000397979 ], [ 94.377936999992585, 26.508329000283197 ], [ 94.351440000256048, 26.503871999793091 ], [ 94.352385999814203, 26.490992000280642 ], [ 94.324211000037735, 26.474660999905325 ], [ 94.316803000158416, 26.458201999922494 ], [ 94.294281000268143, 26.476077999600193 ], [ 94.285399999910226, 26.535712999555415 ], [ 94.290283000260274, 26.559550999878809 ], [ 94.282776000312197, 26.558989000042288 ], [ 94.292331136073187, 26.574581124619328 ], [ 94.305177871461581, 26.577883680687421 ], [ 94.325757231411217, 26.6041067766065 ] ] ] } },
{ "type": "Feature", "properties": { "pincode": "785622", "state": "Assam", "district": "Golaghat", "officename": "Dhekial", "officetype": "S.O" }, "geometry": { "type": "Polygon", "coordinates": [ [ [ 93.919907430083867, 26.540909309317271 ], [ 93.922687479143974, 26.58305195588315 ], [ 93.938639609530355, 26.597969216606202 ], [ 93.942356830403526, 26.623978451044707 ], [ 93.976187490260543, 26.62769023461675 ], [ 93.97988971853573, 26.588507857651734 ], [ 94.030212357414428, 26.587095146823629 ], [ 94.031968568794525, 26.573891610809369 ], [ 94.011489161295799, 26.568300269342046 ], [ 94.018709117432024, 26.561975840113007 ], [ 94.015340873083005, 26.53619552360459 ], [ 94.003705220519578, 26.536720654834483 ], [ 94.011794635813828, 26.510886495915202 ], [ 94.00266251686179, 26.500960471648455 ], [ 93.976383653982566, 26.501106605185726 ], [ 93.971525291459102, 26.524472028861055 ], [ 93.935946197559076, 26.542795890018397 ], [ 93.919907430083867, 26.540909309317271 ] ] ] } },
{ "type": "Feature", "properties": { "pincode": "785609", "state": "Assam", "district": "Golaghat", "officename": "Kaziranga National Park", "officetype": "S.O" }, "geometry": { "type": "Polygon", "coordinates": [ [ [ 93.302062999607813, 26.572595999805685 ], [ 93.296463000367339, 26.586055999984637 ], [ 93.302368000183208, 26.60482799961261 ], [ 93.2884220000754, 26.634904999866023 ], [ 93.311347999710449, 26.636577999675069 ], [ 93.321503000363293, 26.649092000295525 ], [ 93.311653000285844, 26.668772000427452 ], [ 93.321716000293179, 26.678808000089191 ], [ 93.309250000087559, 26.698104999646205 ], [ 93.337708000324028, 26.707448999771714 ], [ 93.359375000356067, 26.737481999794625 ], [ 93.405173999880276, 26.752935000150217 ], [ 93.433571000001791, 26.744490000113501 ], [ 93.462578000374435, 26.756916000273179 ], [ 93.49430800041398, 26.756961999696614 ], [ 93.481742009086474, 26.719886552622427 ], [ 93.501086956897609, 26.658240653283599 ], [ 93.501387772927444, 26.619698293241754 ], [ 93.499062000211154, 26.604327999937368 ], [ 93.473449999917591, 26.593558999748154 ], [ 93.495673999555493, 26.590765000404474 ], [ 93.493446000232893, 26.585339000194779 ], [ 93.47711900004191, 26.581600000439835 ], [ 93.46656800001324, 26.568515999613737 ], [ 93.461318999872049, 26.570341000137091 ], [ 93.469788000116239, 26.585691000239535 ], [ 93.459549000086383, 26.574106000191875 ], [ 93.457993000276815, 26.58087200014279 ], [ 93.413742000193224, 26.567527999917274 ], [ 93.403488000370999, 26.571865000269725 ], [ 93.408806000096945, 26.574356000029468 ], [ 93.404129000253192, 26.580557000005683 ], [ 93.321746999924301, 26.58226200039104 ], [ 93.302062999607813, 26.572595999805685 ] ] ] } },
{ "type": "Feature", "properties": { "pincode": "785610", "state": "Assam", "district": "Golaghat", "officename": "Furkating", "officetype": "S.O" }, "geometry": { "type": "Polygon", "coordinates": [ [ [ 94.036611368320166, 26.437698450123378 ], [ 94.025864260327467, 26.431758011622946 ], [ 94.02724027431924, 26.422616021712088 ], [ 94.020648232030339, 26.424320327820965 ], [ 94.016533864246639, 26.437801657220803 ], [ 94.005572020632314, 26.436806140091278 ], [ 93.987566508687564, 26.4599089527361 ], [ 94.010683099845323, 26.478955992025533 ], [ 94.0058529562491, 26.494045640194201 ], [ 94.011794635813828, 26.510886495915202 ], [ 94.029797469577659, 26.517327642756698 ], [ 94.038183236667066, 26.498531215743242 ], [ 94.010036348798621, 26.499635422237134 ], [ 94.029575141879377, 26.481033181336386 ], [ 94.044768596093945, 26.482978177501025 ], [ 94.04220303534197, 26.45984717560674 ], [ 94.025194704272224, 26.446554156149432 ], [ 94.036611368320166, 26.437698450123378 ] ] ] } },
{ "type": "Feature", "properties": { "pincode": "785615", "state": "Assam", "district": "Golaghat", "officename": "Numaligarh", "officetype": "S.O" }, "geometry": { "type": "Polygon", "coordinates": [ [ [ 93.629431142333431, 26.667902484612057 ], [ 93.633540320129669, 26.691428034376315 ], [ 93.65240549581705, 26.693963315854376 ], [ 93.653154697631237, 26.705887067134597 ], [ 93.667022999911694, 26.713972000207832 ], [ 93.665230941554853, 26.698096793332354 ], [ 93.720589757811069, 26.672162168449347 ], [ 93.733721361551829, 26.642922166325093 ], [ 93.706596590960089, 26.640405159970271 ], [ 93.697988671539974, 26.61551244824102 ], [ 93.680182999745739, 26.600300000344816 ], [ 93.659377999894843, 26.602330999575997 ], [ 93.647430000194447, 26.593958000161649 ], [ 93.63224760134591, 26.608744444600461 ], [ 93.640270242877477, 26.621974730049885 ], [ 93.630577337274531, 26.642758267580177 ], [ 93.639792030178171, 26.653076998804522 ], [ 93.629431142333431, 26.667902484612057 ] ] ] } },
{ "type": "Feature", "properties": { "pincode": "785630", "state": "Assam", "district": "Jorhat", "officename": "Titabor", "officetype": "S.O" }, "geometry": { "type": "Polygon", "coordinates": [ [ [ 94.187936935441257, 26.619864964596559 ], [ 94.193844320259245, 26.649059774888826 ], [ 94.21309501732128, 26.651072935168031 ], [ 94.214937737187029, 26.66471907612447 ], [ 94.247234894674818, 26.659069222066989 ], [ 94.244819988351708, 26.642973925006686 ], [ 94.257106216778539, 26.639710206161112 ], [ 94.258757620268057, 26.631759436648622 ], [ 94.242643953655659, 26.621125521825434 ], [ 94.258700714766235, 26.623393782896869 ], [ 94.255523438755745, 26.59880198972013 ], [ 94.213051370524511, 26.591230851922319 ], [ 94.212203083205907, 26.569282661765442 ], [ 94.199503797961881, 26.57002364467553 ], [ 94.165837974842759, 26.596874840601629 ], [ 94.166087836184886, 26.617024463108635 ], [ 94.187936935441257, 26.619864964596559 ] ] ] } },
{ "type": "Feature", "properties": { "pincode": "785632", "state": "Assam", "district": "Jorhat", "officename": "Purana Titabor", "officetype": "S.O" }, "geometry": { "type": "Polygon", "coordinates": [ [ [ 94.110471400135225, 26.56429136595375 ], [ 94.148167916316538, 26.59265383570613 ], [ 94.143025329355623, 26.600891965591927 ], [ 94.150924266441905, 26.60505388862623 ], [ 94.163666371106274, 26.603995141063024 ], [ 94.17720459161859, 26.58364171059651 ], [ 94.199503797961881, 26.57002364467553 ], [ 94.213505263756986, 26.568977417473945 ], [ 94.212072615858574, 26.553674083192334 ], [ 94.190024234930604, 26.5343691642056 ], [ 94.167813666667485, 26.533844851358936 ], [ 94.117232005053097, 26.504453130907336 ], [ 94.111303648944272, 26.505630874964993 ], [ 94.117355818316526, 26.543325183310571 ], [ 94.112192504680309, 26.551930706037354 ], [ 94.117981674514681, 26.553182418433835 ], [ 94.110471400135225, 26.56429136595375 ] ] ] } },
{ "type": "Feature", "properties": { "pincode": "785633", "state": "Assam", "district": "Jorhat", "officename": "Khorikotia", "officetype": "S.O" }, "geometry": { "type": "Polygon", "coordinates": [ [ [ 94.286039342341837, 26.636923817780087 ], [ 94.288548277281109, 26.619500406418751 ], [ 94.295660819291413, 26.616208792401835 ], [ 94.294565978337346, 26.595558390507449 ], [ 94.316243981574644, 26.591159311753017 ], [ 94.305177871461581, 26.577883680687421 ], [ 94.292331136073187, 26.574581124619328 ], [ 94.266799823852921, 26.543337831375936 ], [ 94.246776510227789, 26.547647550793897 ], [ 94.229399176530819, 26.562814892293488 ], [ 94.213016001986887, 26.561376897026264 ], [ 94.213051370524511, 26.591230851922319 ], [ 94.25341039617291, 26.597124883606739 ], [ 94.262726044271687, 26.616066290327183 ], [ 94.257269827740458, 26.622855651966802 ], [ 94.286039342341837, 26.636923817780087 ] ] ] } },
{ "type": "Feature", "properties": { "pincode": "785634", "state": "Assam", "district": "Jorhat", "officename": "Mariani", "officetype": "S.O" }, "geometry": { "type": "Polygon", "coordinates": [ [ [ 94.256362766128859, 26.708578683159772 ], [ 94.287789727913832, 26.71770304995573 ], [ 94.333219860608324, 26.656039691178933 ], [ 94.381707171149174, 26.636469903862974 ], [ 94.365839232594567, 26.633543365134301 ], [ 94.316243981574644, 26.591159311753017 ], [ 94.294565978337346, 26.595558390507449 ], [ 94.295660819291413, 26.616208792401835 ], [ 94.288548277281109, 26.619500406418751 ], [ 94.286039342341837, 26.636923817780087 ], [ 94.292833497368179, 26.654188093206074 ], [ 94.281554569887476, 26.672219931904522 ], [ 94.288547377059899, 26.679067948227214 ], [ 94.283427599604238, 26.690050255914684 ], [ 94.273421871122537, 26.689261050457219 ], [ 94.275865941560141, 26.701251224764178 ], [ 94.256362766128859, 26.708578683159772 ] ] ] } },
{ "type": "Feature", "properties": { "pincode": "785663", "state": "Assam", "district": "Sivasagar", "officename": "Disangmukh", "officetype": "S.O" }, "geometry": { "type": "Polygon", "coordinates": [ [ [ 94.511125991571362, 27.041296804603917 ], [ 94.529268826395366, 27.065022073110129 ], [ 94.562234950882271, 27.079210326295652 ], [ 94.615884035419981, 27.071347747001141 ], [ 94.609714773418091, 27.057292795825958 ], [ 94.61574573317921, 27.046973107722806 ], [ 94.630924011334116, 27.044486189086456 ], [ 94.624213026510063, 27.013256658168359 ], [ 94.614775833238241, 27.00920312952087 ], [ 94.576772045693417, 27.061888276622767 ], [ 94.530302359666223, 27.040982299093912 ], [ 94.494104612238118, 27.03324505921222 ], [ 94.511125991571362, 27.041296804603917 ] ] ] } },
{ "type": "Feature", "properties": { "pincode": "785665", "state": "Assam", "district": "Sivasagar", "officename": "Joysagar", "officetype": "S.O" }, "geometry": { "type": "Polygon", "coordinates": [ [ [ 94.613917875509742, 26.866083169203023 ], [ 94.61082099709148, 26.883409250536602 ], [ 94.63583194718683, 26.900589899804118 ], [ 94.632115298282486, 26.921053576361487 ], [ 94.601983566188665, 26.919938527641079 ], [ 94.580288786098777, 26.928633462764083 ], [ 94.580211522643765, 26.956211931435519 ], [ 94.665621790313367, 26.962197277582391 ], [ 94.677577281366496, 26.949836180595355 ], [ 94.654969571588481, 26.930925081027794 ], [ 94.651311303074237, 26.917276144078755 ], [ 94.65990292767799, 26.906163931120602 ], [ 94.658634848519512, 26.890124155505532 ], [ 94.676907650667715, 26.89297680503563 ], [ 94.682577743068634, 26.88427384436261 ], [ 94.652845899918475, 26.878391365369282 ], [ 94.655267406365795, 26.845092784004862 ], [ 94.613917875509742, 26.866083169203023 ] ] ] } },
{ "type": "Feature", "properties": { "pincode": "785666", "state": "Assam", "district": "Sivasagar", "officename": "Kaloogaon", "officetype": "S.O" }, "geometry": { "type": "Polygon", "coordinates": [ [ [ 94.580288786098777, 26.928633462764083 ], [ 94.601983566188665, 26.919938527641079 ], [ 94.632115298282486, 26.921053576361487 ], [ 94.63583194718683, 26.900589899804118 ], [ 94.61082099709148, 26.883409250536602 ], [ 94.613917875509742, 26.866083169203023 ], [ 94.578941158307885, 26.84908625952329 ], [ 94.573204232789237, 26.886862188539283 ], [ 94.561715310013653, 26.895026769170101 ], [ 94.572647575824988, 26.899197148529822 ], [ 94.577090287886733, 26.914879083902633 ], [ 94.561478187568412, 26.9245271843821 ], [ 94.580288786098777, 26.928633462764083 ] ] ] } },
{ "type": "Feature", "properties": { "pincode": "785682", "state": "Assam", "district": "Sivasagar", "officename": "Tamulichiga", "officetype": "S.O" }, "geometry": { "type": "Polygon", "coordinates": [ [ [ 94.520019562652692, 26.895586181657109 ], [ 94.501334658767632, 26.896167710271698 ], [ 94.491554000017175, 26.884382000429127 ], [ 94.482193000006987, 26.897494999894434 ], [ 94.482178000214617, 26.933933000307832 ], [ 94.403900000285034, 26.947528999563872 ], [ 94.451347093793515, 26.965561191695713 ], [ 94.454392568762103, 26.954265330880446 ], [ 94.458442235720668, 26.962615029759945 ], [ 94.512205265260775, 26.945926518294243 ], [ 94.512719606424923, 26.934134713746175 ], [ 94.524959133956884, 26.932089910820935 ], [ 94.520019562652692, 26.895586181657109 ] ] ] } },
{ "type": "Feature", "properties": { "pincode": "781134", "state": "Assam", "district": "Kamrup", "officename": "Kukurmara", "officetype": "S.O" }, "geometry": { "type": "Polygon", "coordinates": [ [ [ 91.388117344140255, 26.071041123349175 ], [ 91.335621067258614, 26.115479091586792 ], [ 91.334621568830414, 26.130711903731424 ], [ 91.353421642594867, 26.137739842919586 ], [ 91.342057411720305, 26.142280829296908 ], [ 91.344309891488308, 26.163786838991541 ], [ 91.358658000066725, 26.164377000198385 ], [ 91.399864000023626, 26.136627000235933 ], [ 91.424763668009007, 26.137030821915005 ], [ 91.410664194996798, 26.086648523810481 ], [ 91.430695455930675, 26.086564280717084 ], [ 91.44440823485229, 26.066363317713012 ], [ 91.445163792175322, 26.057068304558641 ], [ 91.433408082816811, 26.054600178155681 ], [ 91.44183475556963, 26.04770741966172 ], [ 91.426634750693381, 26.044053223277842 ], [ 91.427472233556898, 26.052622811793469 ], [ 91.412069612322796, 26.055733082915538 ], [ 91.402587374707764, 26.071990891966209 ], [ 91.388117344140255, 26.071041123349175 ] ] ] } },
{ "type": "Feature", "properties": { "pincode": "785683", "state": "Assam", "district": "Jorhat, Sivasagar", "officename": "Jhanji", "officetype": "S.O" }, "geometry": { "type": "Polygon", "coordinates": [ [ [ 94.520019562652692, 26.895586181657109 ], [ 94.517897335293867, 26.889682733171639 ], [ 94.545722086904732, 26.895121078375155 ], [ 94.547551657782833, 26.88756395021619 ], [ 94.561715310013653, 26.895026769170101 ], [ 94.573204232789237, 26.886862188539283 ], [ 94.5782674491835, 26.8507638845457 ], [ 94.490525805122047, 26.835844170472228 ], [ 94.494949000096426, 26.863067999588623 ], [ 94.47421803423498, 26.858577439097701 ], [ 94.473290629059534, 26.86949345775696 ], [ 94.440586080483399, 26.87005013450613 ], [ 94.440031947016848, 26.885660957787081 ], [ 94.451620809652752, 26.879739351090222 ], [ 94.494096810619396, 26.883747579087697 ], [ 94.501334658767632, 26.896167710271698 ], [ 94.520019562652692, 26.895586181657109 ] ] ] } },
{ "type": "Feature", "properties": { "pincode": "785684", "state": "Assam", "district": "Sivasagar", "officename": "Namtidoll", "officetype": "S.O" }, "geometry": { "type": "Polygon", "coordinates": [ [ [ 94.580815467759749, 26.849540051132578 ], [ 94.613917875509742, 26.866083169203023 ], [ 94.655267406365795, 26.845092784004862 ], [ 94.654869776519035, 26.80905723650244 ], [ 94.664432016024818, 26.775411516828115 ], [ 94.640743351724495, 26.773049362937854 ], [ 94.615315374305169, 26.745138563294063 ], [ 94.601245809146917, 26.750001148134629 ], [ 94.590306703091983, 26.777734312788482 ], [ 94.58306139147021, 26.77675750335618 ], [ 94.573867443227982, 26.826446780294759 ], [ 94.580815467759749, 26.849540051132578 ] ] ] } },
{ "type": "Feature", "properties": { "pincode": "785694", "state": "Assam", "district": "Charaideo", "officename": "Teokghat", "officetype": "S.O" }, "geometry": { "type": "Polygon", "coordinates": [ [ [ 95.032121834655129, 27.038315352371797 ], [ 95.036861552318783, 27.069777767230278 ], [ 95.068896436021873, 27.097252525183933 ], [ 95.091576318192551, 27.105120799885071 ], [ 95.116483230216943, 27.042953405275455 ], [ 95.110466318765589, 27.032015856846385 ], [ 95.077851197874622, 27.038450162545132 ], [ 95.091242366642064, 27.016869940795289 ], [ 95.074756440057683, 27.008572177763938 ], [ 95.044918258371126, 27.027380323842863 ], [ 95.045244497335716, 27.040658110583365 ], [ 95.032121834655129, 27.038315352371797 ] ] ] } },
{ "type": "Feature", "properties": { "pincode": "785695", "state": "Assam", "district": "Charaideo", "officename": "Towkok", "officetype": "B.O" }, "geometry": { "type": "Polygon", "coordinates": [ [ [ 95.038177712831271, 26.979789679650139 ], [ 95.045292162303497, 27.000269987370075 ], [ 95.072223511206118, 27.001517836279277 ], [ 95.091242366642064, 27.016869940795289 ], [ 95.080888355013712, 27.040223635512518 ], [ 95.114100841580523, 27.030223298466581 ], [ 95.116960822384215, 27.008845792899081 ], [ 95.144324067102104, 27.015496356771507 ], [ 95.159020237594007, 27.032206344946871 ], [ 95.166792010542963, 27.011029403484429 ], [ 95.117278999826112, 26.977962000046375 ], [ 95.110367000336907, 26.961183999741934 ], [ 95.054969999765774, 26.935236000141401 ], [ 95.038177712831271, 26.979789679650139 ] ] ] } },
{ "type": "Feature", "properties": { "pincode": "785696", "state": "Assam", "district": "Sivasagar", "officename": "Geleky", "officetype": "S.O" }, "geometry": { "type": "Polygon", "coordinates": [ [ [ 94.779998895532685, 26.829189936466491 ], [ 94.763713354987431, 26.823394924636091 ], [ 94.752300003142636, 26.806323967477283 ], [ 94.773459999579472, 26.789701000400839 ], [ 94.768668999874592, 26.778137000422305 ], [ 94.756713999851229, 26.767017000234432 ], [ 94.746155000353042, 26.776916999919706 ], [ 94.736861999881455, 26.762189999768793 ], [ 94.700971361039592, 26.737911288475289 ], [ 94.664432016024818, 26.775411516828115 ], [ 94.654869776519035, 26.80905723650244 ], [ 94.655616956657411, 26.851676557927021 ], [ 94.691249468488309, 26.850328532635785 ], [ 94.702007183984506, 26.836933931156238 ], [ 94.741729727045424, 26.849537403528473 ], [ 94.750983477505542, 26.837246574170138 ], [ 94.762866296142704, 26.841079416382115 ], [ 94.779998895532685, 26.829189936466491 ] ] ] } },
{ "type": "Feature", "properties": { "pincode": "785697", "state": "Assam", "district": "Sivasagar", "officename": "Ongc Colony", "officetype": "S.O" }, "geometry": { "type": "Polygon", "coordinates": [ [ [ 94.651744584744847, 27.004325025079993 ], [ 94.623898606435716, 27.012302360565513 ], [ 94.630924011334116, 27.044486189086456 ], [ 94.61574573317921, 27.046973107722806 ], [ 94.609714773418091, 27.057292795825958 ], [ 94.621705875825683, 27.074793219731362 ], [ 94.662889313590938, 27.046649341893726 ], [ 94.673519287585123, 27.057328150873559 ], [ 94.691616932375723, 27.04179562526798 ], [ 94.706815985769197, 27.047520643762766 ], [ 94.707510880223026, 27.035545826278849 ], [ 94.664246244868536, 27.020832949980786 ], [ 94.651744584744847, 27.004325025079993 ] ] ] } },
{ "type": "Feature", "properties": { "pincode": "785698", "state": "Assam", "district": "Charaideo", "officename": "Lakwah R.S.", "officetype": "S.O" }, "geometry": { "type": "Polygon", "coordinates": [ [ [ 94.780256784223354, 26.980883064601755 ], [ 94.804068989292489, 27.008003246852468 ], [ 94.821412155946405, 27.002854678500739 ], [ 94.831231073655317, 27.014777256165587 ], [ 94.841413935305013, 27.00993671730572 ], [ 94.82177504498253, 26.98920815982882 ], [ 94.809743288721904, 26.990879396966648 ], [ 94.803622219589784, 26.976628626509978 ], [ 94.780256784223354, 26.980883064601755 ] ] ] } },
{ "type": "Feature", "properties": { "pincode": "785699", "state": "Assam", "district": "Golaghat", "officename": "Numaligarh Refinery Project", "officetype": "S.O" }, "geometry": { "type": "Polygon", "coordinates": [ [ [ 93.682891124625826, 26.602611505316759 ], [ 93.697988671539974, 26.61551244824102 ], [ 93.706596590960089, 26.640405159970271 ], [ 93.733721361551829, 26.642922166325093 ], [ 93.784351985855608, 26.599428985359509 ], [ 93.803890719581148, 26.603620916072487 ], [ 93.813344696000968, 26.584166914671357 ], [ 93.807036038182787, 26.571138997366972 ], [ 93.780699268856324, 26.575996045081581 ], [ 93.762222844908365, 26.567232113970988 ], [ 93.751594999609608, 26.582093999838378 ], [ 93.724739000404668, 26.595562000386224 ], [ 93.723892000015724, 26.603543999755971 ], [ 93.682891124625826, 26.602611505316759 ] ] ] } },
{ "type": "Feature", "properties": { "pincode": "781141", "state": "Assam", "district": "Kamrup", "officename": "Bamunigaon (Kamrup)", "officetype": "S.O" }, "geometry": { "type": "Polygon", "coordinates": [ [ [ 91.26640811933936, 26.054864322530477 ], [ 91.335472804126709, 26.089606922821361 ], [ 91.345995234492477, 26.077742826270537 ], [ 91.374766758179419, 26.081867392366291 ], [ 91.38358171412483, 26.07515077059162 ], [ 91.380984792214633, 26.06200879676868 ], [ 91.365202934967613, 26.061231838278729 ], [ 91.370240240095143, 26.028295951696975 ], [ 91.327419662987154, 26.01553922135804 ], [ 91.311737123269836, 26.021606417502312 ], [ 91.30795427796761, 26.009147570504126 ], [ 91.295033465422193, 26.009256473907215 ], [ 91.26640811933936, 26.054864322530477 ] ] ] } },
{ "type": "Feature", "properties": { "pincode": "781307", "state": "Assam", "district": "Barpeta", "officename": "Sarthebari", "officetype": "S.O" }, "geometry": { "type": "Polygon", "coordinates": [ [ [ 91.171745762257274, 26.293983120624546 ], [ 91.190719842246949, 26.325941790381478 ], [ 91.210563492011602, 26.331204337909924 ], [ 91.195478535605957, 26.358616597477976 ], [ 91.192716995493129, 26.385670193025021 ], [ 91.214754044963342, 26.402931540258351 ], [ 91.237285789907276, 26.397743075282676 ], [ 91.251152000364641, 26.367121000433883 ], [ 91.259914893657594, 26.367471136184122 ], [ 91.253423675262638, 26.341467031478487 ], [ 91.260228253431308, 26.33479822036162 ], [ 91.184778919911366, 26.292189477662362 ], [ 91.171745762257274, 26.293983120624546 ] ] ] } },
{ "type": "Feature", "properties": { "pincode": "781337", "state": "Assam", "district": "Nalbari", "officename": "Milanpur", "officetype": "S.O" }, "geometry": { "type": "Polygon", "coordinates": [ [ [ 91.432576809772115, 26.453390583808641 ], [ 91.425063180921086, 26.462177926969844 ], [ 91.449478321167703, 26.480911356473996 ], [ 91.440584834622484, 26.482518874846278 ], [ 91.44040470131597, 26.502512938921086 ], [ 91.472802451572022, 26.507535517650183 ], [ 91.483061746602402, 26.502154023989192 ], [ 91.477708460177439, 26.488514779034006 ], [ 91.492638963417562, 26.471448310391281 ], [ 91.485473224709551, 26.458755180107516 ], [ 91.492772289709478, 26.457761720626991 ], [ 91.486174269626986, 26.432130817483255 ], [ 91.478113247728288, 26.430496331140944 ], [ 91.468058703146824, 26.4492968239893 ], [ 91.456864670768084, 26.44798031813724 ], [ 91.456942373092147, 26.456170752478329 ], [ 91.432576809772115, 26.453390583808641 ] ] ] } },
{ "type": "Feature", "properties": { "pincode": "781339", "state": "Assam", "district": "Nalbari", "officename": "Karia", "officetype": "S.O" }, "geometry": { "type": "Polygon", "coordinates": [ [ [ 91.446448221008836, 26.353580553200004 ], [ 91.457026217785824, 26.350716317703927 ], [ 91.474827489197423, 26.361269980625138 ], [ 91.486466607747786, 26.355337232227669 ], [ 91.485933862857621, 26.318276953119039 ], [ 91.459182999795701, 26.318033000322714 ], [ 91.45031700012953, 26.312890999720025 ], [ 91.458199000283798, 26.311087000165116 ], [ 91.453915205622366, 26.306907576323624 ], [ 91.427901860382576, 26.304238955063795 ], [ 91.419059723327678, 26.31214284921333 ], [ 91.422244360289085, 26.331327651150275 ], [ 91.437727951084184, 26.331997495887776 ], [ 91.431369900700417, 26.338214216912718 ], [ 91.446448221008836, 26.353580553200004 ] ] ] } },
{ "type": "Feature", "properties": { "pincode": "781340", "state": "Assam", "district": "Nalbari", "officename": "Banekuchi", "officetype": "S.O" }, "geometry": { "type": "Polygon", "coordinates": [ [ [ 91.353944501237777, 26.484812401471288 ], [ 91.346921687286113, 26.489064790008229 ], [ 91.35324834503524, 26.501673723063902 ], [ 91.413938106758394, 26.502699296435367 ], [ 91.412604474217289, 26.489677720250768 ], [ 91.384086139363831, 26.449309500832896 ], [ 91.366737987768033, 26.450534120253508 ], [ 91.377614993837028, 26.462531913616942 ], [ 91.35206723751304, 26.468745050843495 ], [ 91.353944501237777, 26.484812401471288 ] ] ] } },
{ "type": "Feature", "properties": { "pincode": "781341", "state": "Assam", "district": "Nalbari", "officename": "Kazipara", "officetype": "S.O" }, "geometry": { "type": "Polygon", "coordinates": [ [ [ 91.382205730709984, 26.44218749525669 ], [ 91.368574290970855, 26.443363981163031 ], [ 91.366737987768033, 26.450534120253508 ], [ 91.384086139363831, 26.449309500832896 ], [ 91.410086076611265, 26.485439984367872 ], [ 91.408819844660343, 26.512859034716826 ], [ 91.430481934393868, 26.514717185149948 ], [ 91.44040470131597, 26.502512938921086 ], [ 91.440584834622484, 26.482518874846278 ], [ 91.449478321167703, 26.480911356473996 ], [ 91.425063180921086, 26.462177926969844 ], [ 91.438403398598098, 26.452058709441928 ], [ 91.431963507210128, 26.430501067869955 ], [ 91.399961338145374, 26.42297177462774 ], [ 91.385006281614778, 26.428838869818037 ], [ 91.382205730709984, 26.44218749525669 ] ] ] } },
{ "type": "Feature", "properties": { "pincode": "781343", "state": "Assam", "district": "Baksa", "officename": "Dhanbil", "officetype": "S.O" }, "geometry": { "type": "Polygon", "coordinates": [ [ [ 91.374466438575382, 26.611036856965484 ], [ 91.376086261471983, 26.665686722364399 ], [ 91.383781806984985, 26.664695251284968 ], [ 91.377249314204676, 26.695186703203831 ], [ 91.389157750929598, 26.692324761878353 ], [ 91.395403091979233, 26.696810577546216 ], [ 91.389786628850004, 26.708474367198392 ], [ 91.4066831085388, 26.709432951869417 ], [ 91.415310766279049, 26.676801366190148 ], [ 91.427080112057695, 26.681178056322437 ], [ 91.413749550401576, 26.667327354673716 ], [ 91.413425735109627, 26.644839899541921 ], [ 91.425880416448194, 26.63135786147626 ], [ 91.420153079501233, 26.618944272860006 ], [ 91.374466438575382, 26.611036856965484 ] ] ] } },
{ "type": "Feature", "properties": { "pincode": "784184", "state": "Assam", "district": "Biswanath", "officename": "Gingia", "officetype": "S.O" }, "geometry": { "type": "Polygon", "coordinates": [ [ [ 93.303273999695421, 26.832884527698923 ], [ 93.232531982165312, 26.796323991059523 ], [ 93.215685761089048, 26.796328014626226 ], [ 93.199874716345221, 26.782948483086159 ], [ 93.214511995632165, 26.805741991000332 ], [ 93.208626513802585, 26.823838311988538 ], [ 93.232765910218575, 26.826296526064027 ], [ 93.229313760022137, 26.85161746077722 ], [ 93.22277082161628, 26.860115888637324 ], [ 93.19441368214575, 26.851378548681112 ], [ 93.191009474807515, 26.870659123020118 ], [ 93.18499416414943, 26.876315085273006 ], [ 93.173918630940079, 26.871456754226017 ], [ 93.16086069426575, 26.909750963436238 ], [ 93.144961816334785, 26.930053558824739 ], [ 93.269119000241631, 26.953508000094303 ], [ 93.281553462122588, 26.877409255332964 ], [ 93.293216438787738, 26.864826177785915 ], [ 93.289426423190946, 26.855820824571538 ], [ 93.302717268986783, 26.845737727414303 ], [ 93.303273999695421, 26.832884527698923 ] ] ] } },
{ "type": "Feature", "properties": { "pincode": "784185", "state": "Assam", "district": "Sonitpur", "officename": "Rangachakua", "officetype": "B.O" }, "geometry": { "type": "Polygon", "coordinates": [ [ [ 92.898929682358983, 26.802616024909696 ], [ 92.91724121201247, 26.819381495859375 ], [ 92.919010299885485, 26.833702920653366 ], [ 92.93646317843303, 26.829844998148189 ], [ 92.938628625410843, 26.795519587059403 ], [ 92.906891222152296, 26.785291442746029 ], [ 92.898929682358983, 26.802616024909696 ] ] ] } },
{ "type": "Feature", "properties": { "pincode": "784502", "state": "Assam", "district": "Sonitpur", "officename": "Bindukuri", "officetype": "S.O" }, "geometry": { "type": "Polygon", "coordinates": [ [ [ 92.728067489523141, 26.767593715677492 ], [ 92.775023772629083, 26.778960116616133 ], [ 92.772278908644751, 26.766281133567475 ], [ 92.758140657765239, 26.761102885789683 ], [ 92.764466349642362, 26.730728567869278 ], [ 92.726264941474028, 26.711303003930539 ], [ 92.671244518519813, 26.708581129315746 ], [ 92.64980829171941, 26.697932024943043 ], [ 92.646112595220188, 26.717737882497431 ], [ 92.625345544061645, 26.742345515433158 ], [ 92.628282385423745, 26.764817107423596 ], [ 92.635303027512805, 26.761141077298817 ], [ 92.645331167099755, 26.769395313143377 ], [ 92.664107639056397, 26.768521194597611 ], [ 92.676576988337501, 26.758701355083474 ], [ 92.675637785855315, 26.747506337947243 ], [ 92.691938611277976, 26.746247721455291 ], [ 92.726208234722378, 26.750988449956992 ], [ 92.728067489523141, 26.767593715677492 ] ] ] } },
{ "type": "Feature", "properties": { "pincode": "784504", "state": "Assam", "district": "Sonitpur", "officename": "Borjuli", "officetype": "S.O" }, "geometry": { "type": "Polygon", "coordinates": [ [ [ 92.653606650326822, 26.801888330382326 ], [ 92.653495902413908, 26.768478473203004 ], [ 92.628282385423745, 26.764817107423596 ], [ 92.62118749260884, 26.798667061336005 ], [ 92.628915134026443, 26.821455158928529 ], [ 92.618221516809626, 26.834819598046238 ], [ 92.630454075495436, 26.833718691164677 ], [ 92.628369856184008, 26.845350222135039 ], [ 92.658407432856905, 26.846620116125564 ], [ 92.659135622910924, 26.829149146815723 ], [ 92.66643969173839, 26.827457768461386 ], [ 92.653606650326822, 26.801888330382326 ] ] ] } },
{ "type": "Feature", "properties": { "pincode": "784505", "state": "Assam", "district": "Sonitpur", "officename": "Rangapara", "officetype": "S.O" }, "geometry": { "type": "Polygon", "coordinates": [ [ [ 92.653495902413908, 26.768478473203004 ], [ 92.654792340794017, 26.81289086652032 ], [ 92.666634860810234, 26.829285703472522 ], [ 92.659135622910924, 26.829149146815723 ], [ 92.658407432856905, 26.846620116125564 ], [ 92.701019235948991, 26.846220353086892 ], [ 92.700275610830886, 26.834050290988159 ], [ 92.689694998825189, 26.832590505147721 ], [ 92.708686504079083, 26.819596529156684 ], [ 92.719484619819525, 26.821675649311828 ], [ 92.714085510238192, 26.813295536260171 ], [ 92.729108307302681, 26.78001863485224 ], [ 92.726208234722378, 26.750988449956992 ], [ 92.675637785855315, 26.747506337947243 ], [ 92.675091148238039, 26.761300264495787 ], [ 92.653495902413908, 26.768478473203004 ] ] ] } },
{ "type": "Feature", "properties": { "pincode": "784506", "state": "Assam", "district": "Sonitpur", "officename": "Missamari", "officetype": "S.O" }, "geometry": { "type": "Polygon", "coordinates": [ [ [ 92.536517855314912, 26.806595101383039 ], [ 92.519549706853525, 26.846626349326698 ], [ 92.521281492646835, 26.912722840586639 ], [ 92.508110000376291, 26.965199999680408 ], [ 92.556640999982335, 26.957444999986762 ], [ 92.606342280172271, 26.967880451521694 ], [ 92.588014193100548, 26.891604722879833 ], [ 92.628915134026443, 26.821455158928529 ], [ 92.622635115118499, 26.796985009850516 ], [ 92.596612583304136, 26.813271644870667 ], [ 92.578788782976062, 26.800830084640779 ], [ 92.536517855314912, 26.806595101383039 ] ] ] } },
{ "type": "Feature", "properties": { "pincode": "785700", "state": "Assam", "district": "Jorhat", "officename": "Lahdoigarh Chariali", "officetype": "S.O" }, "geometry": { "type": "Polygon", "coordinates": [ [ [ 94.318414297481922, 26.745543695285335 ], [ 94.309095094363215, 26.786793788102955 ], [ 94.299027461048468, 26.786190306137939 ], [ 94.297907978670537, 26.814021483404872 ], [ 94.322026961375286, 26.821323073701024 ], [ 94.318395430604767, 26.830549738379887 ], [ 94.304186498408228, 26.831491385219294 ], [ 94.30378749889411, 26.843398728368811 ], [ 94.296047784977418, 26.84339240613474 ], [ 94.29657864668718, 26.871672033937386 ], [ 94.30385528169603, 26.887811768298491 ], [ 94.325017273728179, 26.892767705465246 ], [ 94.331390586506529, 26.873935618533949 ], [ 94.346241635543095, 26.877143444514445 ], [ 94.366919390317662, 26.809293158352659 ], [ 94.33982787755474, 26.800191066864329 ], [ 94.353045309893218, 26.76202527094955 ], [ 94.348555003910406, 26.743829798806189 ], [ 94.318414297481922, 26.745543695285335 ] ] ] } },
{ "type": "Feature", "properties": { "pincode": "781344", "state": "Assam", "district": "Baksa", "officename": "Baganpara", "officetype": "S.O" }, "geometry": { "type": "Polygon", "coordinates": [ [ [ 91.403318019011408, 26.72537487584998 ], [ 91.434934297080247, 26.726941051488382 ], [ 91.457210568013522, 26.737807838561082 ], [ 91.490259733200276, 26.687153671804481 ], [ 91.508105102868342, 26.632856788510082 ], [ 91.49580724261034, 26.612231229487804 ], [ 91.471109635201742, 26.611983192870071 ], [ 91.468371334469623, 26.591749103338543 ], [ 91.445870205145923, 26.590286882134137 ], [ 91.434683225250751, 26.613947183615721 ], [ 91.420153079501233, 26.618944272860006 ], [ 91.425880416448194, 26.63135786147626 ], [ 91.413425735109627, 26.644839899541921 ], [ 91.413749550401576, 26.667327354673716 ], [ 91.427080112057695, 26.681178056322437 ], [ 91.415310766279049, 26.676801366190148 ], [ 91.403318019011408, 26.72537487584998 ] ] ] } },
{ "type": "Feature", "properties": { "pincode": "781347", "state": "Assam", "district": "Nalbari", "officename": "Kamarkuchi", "officetype": "S.O" }, "geometry": { "type": "Polygon", "coordinates": [ [ [ 91.485933862857621, 26.318276953119039 ], [ 91.486466607747786, 26.355337232227669 ], [ 91.479710168489589, 26.358831512064683 ], [ 91.49806740708533, 26.360385810356888 ], [ 91.505733735423689, 26.372295233638226 ], [ 91.507346307985927, 26.352244620193119 ], [ 91.515881021691996, 26.345683627897188 ], [ 91.522924490372986, 26.350640108254538 ], [ 91.523689000447121, 26.338589000382171 ], [ 91.536483999637028, 26.333547999940436 ], [ 91.485933862857621, 26.318276953119039 ] ] ] } },
{ "type": "Feature", "properties": { "pincode": "781348", "state": "Assam", "district": "Nalbari", "officename": "Marowa", "officetype": "S.O" }, "geometry": { "type": "Polygon", "coordinates": [ [ [ 91.44131100929576, 26.371635848915219 ], [ 91.43799094342728, 26.388868974523575 ], [ 91.452317236251531, 26.384369265229509 ], [ 91.454153796660535, 26.395496719897778 ], [ 91.462027463696586, 26.382711129415213 ], [ 91.470966593533433, 26.383996497140743 ], [ 91.464679694812162, 26.373192259714926 ], [ 91.476432249349045, 26.365355511647579 ], [ 91.467148841945686, 26.353850509893277 ], [ 91.446448221008836, 26.353580553200004 ], [ 91.427578016312566, 26.338215929221917 ], [ 91.426674176072424, 26.354019380989769 ], [ 91.44131100929576, 26.371635848915219 ] ] ] } },
{ "type": "Feature", "properties": { "pincode": "781351", "state": "Assam", "district": "Nalbari", "officename": "Kalag", "officetype": "S.O" }, "geometry": { "type": "Polygon", "coordinates": [ [ [ 91.466103900774442, 26.377312105269596 ], [ 91.490161140524208, 26.394609292285111 ], [ 91.485919265961513, 26.402079726698219 ], [ 91.494533038169209, 26.415511566405712 ], [ 91.512121065035217, 26.402786692751761 ], [ 91.49806740708533, 26.360385810356888 ], [ 91.476955439841731, 26.359522085276126 ], [ 91.466103900774442, 26.377312105269596 ] ] ] } },
{ "type": "Feature", "properties": { "pincode": "781368", "state": "Assam", "district": "Baksa", "officename": "Nagrijuli", "officetype": "S.O" }, "geometry": { "type": "Polygon", "coordinates": [ [ [ 91.603023003209103, 26.649959031284425 ], [ 91.605637242464923, 26.715226692058366 ], [ 91.613491498533961, 26.71541524931439 ], [ 91.625999899076135, 26.736200107049399 ], [ 91.624936345536128, 26.753561254748035 ], [ 91.641435974190927, 26.759482558373463 ], [ 91.643709426149201, 26.770926979096885 ], [ 91.632051500976047, 26.785972716967422 ], [ 91.643942254331705, 26.811435186085134 ], [ 91.66778564429211, 26.802267074466045 ], [ 91.700637817481379, 26.808076858560241 ], [ 91.708168029830688, 26.795385360546106 ], [ 91.700065999746187, 26.769210999787845 ], [ 91.698859999889237, 26.703080999788483 ], [ 91.681938000138587, 26.652679000235821 ], [ 91.665250786394836, 26.640765220638457 ], [ 91.663734578887897, 26.647211962162373 ], [ 91.632294304438574, 26.643839553952432 ], [ 91.632469641660805, 26.65734969673133 ], [ 91.603023003209103, 26.649959031284425 ] ] ] } },
{ "type": "Feature", "properties": { "pincode": "781373", "state": "Assam", "district": "Baksa", "officename": "Doomni", "officetype": "S.O" }, "geometry": { "type": "Polygon", "coordinates": [ [ [ 91.263608696184576, 26.680634212898781 ], [ 91.271073476559877, 26.700170104766528 ], [ 91.263442289230397, 26.705340381853205 ], [ 91.273107163864665, 26.714395511643716 ], [ 91.286206486440335, 26.712595194812479 ], [ 91.28827902985347, 26.735671487349407 ], [ 91.279413524814402, 26.740313756274929 ], [ 91.28999568005662, 26.756411622698238 ], [ 91.298034176636122, 26.757118832468279 ], [ 91.301668302850089, 26.729964826715388 ], [ 91.329023774727489, 26.732393189594177 ], [ 91.352160847944845, 26.720437149055215 ], [ 91.351898835862585, 26.707264427411474 ], [ 91.330512370349709, 26.698003121746694 ], [ 91.327481007542588, 26.668828930211021 ], [ 91.287409648936148, 26.666987492778617 ], [ 91.263608696184576, 26.680634212898781 ] ] ] } },
{ "type": "Feature", "properties": { "pincode": "781374", "state": "Assam", "district": "Nalbari", "officename": "Makhibaha", "officetype": "S.O" }, "geometry": { "type": "Polygon", "coordinates": [ [ [ 91.251870752033653, 26.417971504481386 ], [ 91.257922429476594, 26.439050168030917 ], [ 91.273278248192526, 26.449303092264074 ], [ 91.28771844015381, 26.428880605555605 ], [ 91.267685718720998, 26.426106024373723 ], [ 91.259423882706074, 26.407475776785702 ], [ 91.251870752033653, 26.417971504481386 ] ] ] } },
{ "type": "Feature", "properties": { "pincode": "781377", "state": "Assam", "district": "Baksa", "officename": "Thamna (Nalbari)", "officetype": "S.O" }, "geometry": { "type": "Polygon", "coordinates": [ [ [ 91.242598999844006, 26.612967999973307 ], [ 91.247307000218086, 26.643636999647924 ], [ 91.269836000431212, 26.664070000330298 ], [ 91.327481007542588, 26.668828930211021 ], [ 91.324521837812711, 26.627150297848061 ], [ 91.309914932228423, 26.615478104031411 ], [ 91.308780133496441, 26.594452061613481 ], [ 91.294143999945788, 26.580028999938577 ], [ 91.242576999728897, 26.588068000138321 ], [ 91.255332999818165, 26.592024000007711 ], [ 91.267860000138967, 26.61997200010785 ], [ 91.242598999844006, 26.612967999973307 ] ] ] } },
{ "type": "Feature", "properties": { "pincode": "781378", "state": "Assam", "district": "Nalbari", "officename": "Haribhanga", "officetype": "S.O" }, "geometry": { "type": "Polygon", "coordinates": [ [ [ 91.28771844015381, 26.428880605555605 ], [ 91.311466046021394, 26.412143662000574 ], [ 91.307554710081945, 26.403085008666324 ], [ 91.259423882706074, 26.407475776785702 ], [ 91.267685718720998, 26.426106024373723 ], [ 91.28771844015381, 26.428880605555605 ] ] ] } },
{ "type": "Feature", "properties": { "pincode": "782135", "state": "Assam", "district": "Nagaon", "officename": "Chapanalla", "officetype": "S.O" }, "geometry": { "type": "Polygon", "coordinates": [ [ [ 92.867719193685843, 26.36369614196343 ], [ 92.864270945647831, 26.371532098627597 ], [ 92.887259293481691, 26.388819822976529 ], [ 92.893329550918111, 26.388599086178999 ], [ 92.885345000171696, 26.3793389999949 ], [ 92.926178000014886, 26.381802000262326 ], [ 92.91360698417509, 26.358368505102533 ], [ 92.943412999810221, 26.350785999874176 ], [ 92.944107000337851, 26.326649000151349 ], [ 92.901886000338777, 26.307692000085808 ], [ 92.894126999561422, 26.289273999695411 ], [ 92.881462000071394, 26.28563700014746 ], [ 92.864793970665232, 26.293327172211434 ], [ 92.872715770316688, 26.309757554867247 ], [ 92.872731972502606, 26.30146184229028 ], [ 92.901010273805184, 26.322392974755985 ], [ 92.878237224568409, 26.335548132640383 ], [ 92.873597042069889, 26.34914853227906 ], [ 92.858993532325826, 26.350272888083452 ], [ 92.867719193685843, 26.36369614196343 ] ] ] } },
{ "type": "Feature", "properties": { "pincode": "785701", "state": "Assam", "district": "Sivasagar", "officename": "Hahchara", "officetype": "S.O" }, "geometry": { "type": "Polygon", "coordinates": [ [ [ 94.718127037932561, 26.994359177933688 ], [ 94.667273349385766, 26.996712625487305 ], [ 94.691209461247809, 27.019550273925972 ], [ 94.687978472328723, 27.029753057357823 ], [ 94.717678731288458, 27.044876487659849 ], [ 94.740135958407791, 26.997921467202048 ], [ 94.788469803239025, 26.990040977908734 ], [ 94.772820362170137, 26.971592159550596 ], [ 94.755222907711186, 26.971980789881741 ], [ 94.718127037932561, 26.994359177933688 ] ] ] } },
{ "type": "Feature", "properties": { "pincode": "786101", "state": "Assam", "district": "Dibrugarh", "officename": "Dikom", "officetype": "S.O" }, "geometry": { "type": "Polygon", "coordinates": [ [ [ 95.073699835579077, 27.51717436570442 ], [ 95.054412883248062, 27.560912065139803 ], [ 95.090191569085732, 27.563597834672464 ], [ 95.094269334462297, 27.574795630713822 ], [ 95.122721426153134, 27.57668377623537 ], [ 95.111926623515046, 27.564455379612241 ], [ 95.113664944681545, 27.525449810260739 ], [ 95.12586371224063, 27.521415513615182 ], [ 95.116188352410688, 27.499724459416313 ], [ 95.093514850030374, 27.49693114445688 ], [ 95.097704699712324, 27.506466084142517 ], [ 95.078928156709082, 27.504443903663287 ], [ 95.083223064293122, 27.514508231070124 ], [ 95.073699835579077, 27.51717436570442 ] ] ] } },
{ "type": "Feature", "properties": { "pincode": "786102", "state": "Assam", "district": "Dibrugarh", "officename": "Chabua Air Field", "officetype": "S.O" }, "geometry": { "type": "Polygon", "coordinates": [ [ [ 95.115919773478822, 27.434251314346682 ], [ 95.08076490957302, 27.46019624006459 ], [ 95.114179463011851, 27.476846702113676 ], [ 95.14911290573599, 27.474856732652142 ], [ 95.152589457237809, 27.433259931400812 ], [ 95.115919773478822, 27.434251314346682 ] ] ] } },
{ "type": "Feature", "properties": { "pincode": "786125", "state": "Assam", "district": "Tinsukia", "officename": "Tinsukia", "officetype": "H.O" }, "geometry": { "type": "Polygon", "coordinates": [ [ [ 95.354158012082792, 27.472615940473304 ], [ 95.345116113118308, 27.503098066422695 ], [ 95.368091834470647, 27.512101810750039 ], [ 95.378076881243146, 27.508117566772285 ], [ 95.377326304365511, 27.517477859915346 ], [ 95.395647791312626, 27.527192262912592 ], [ 95.388231132760609, 27.5322349711671 ], [ 95.398452864907767, 27.533338024730085 ], [ 95.405725337854108, 27.530713339848717 ], [ 95.407779040470416, 27.510187602875703 ], [ 95.429344951308508, 27.504292093605272 ], [ 95.449824101601223, 27.481447885511727 ], [ 95.443335532608899, 27.475659189619876 ], [ 95.425529361690735, 27.480102206551635 ], [ 95.424634772776699, 27.486559935093055 ], [ 95.378717265089904, 27.486218419344766 ], [ 95.370174863079626, 27.474753221584137 ], [ 95.354158012082792, 27.472615940473304 ] ] ] } },
{ "type": "Feature", "properties": { "pincode": "786126", "state": "Assam", "district": "Tinsukia", "officename": "Borguri", "officetype": "S.O" }, "geometry": { "type": "Polygon", "coordinates": [ [ [ 95.330422336621609, 27.530368421065759 ], [ 95.378248128348503, 27.532507625826327 ], [ 95.39243264934737, 27.546394033258082 ], [ 95.414390920904339, 27.547743524444229 ], [ 95.405725337854108, 27.530713339848717 ], [ 95.388231132760609, 27.5322349711671 ], [ 95.395647791312626, 27.527192262912592 ], [ 95.377326304365511, 27.517477859915346 ], [ 95.378076881243146, 27.508117566772285 ], [ 95.336322522366572, 27.503881028786623 ], [ 95.32675143443123, 27.491580175584829 ], [ 95.305584169673864, 27.49734645047829 ], [ 95.305580963590842, 27.518242885300992 ], [ 95.334742350579177, 27.523696670964569 ], [ 95.330422336621609, 27.530368421065759 ] ] ] } },
{ "type": "Feature", "properties": { "pincode": "783383", "state": "Assam", "district": "Bongaigaon", "officename": "Salmara North", "officetype": "S.O" }, "geometry": { "type": "Polygon", "coordinates": [ [ [ 90.555563119742374, 26.345527209712998 ], [ 90.556922545738871, 26.374733213866762 ], [ 90.574998049220767, 26.385427934551672 ], [ 90.59458249008992, 26.379154129059998 ], [ 90.586558010343822, 26.343364748484419 ], [ 90.599143971117485, 26.352583330056632 ], [ 90.616324465701666, 26.336339605288515 ], [ 90.613133714249614, 26.321428082240232 ], [ 90.622576208125679, 26.318319068370386 ], [ 90.616739965077386, 26.30459902922189 ], [ 90.587304924282876, 26.30413593232754 ], [ 90.568547548530717, 26.338013801195984 ], [ 90.555563119742374, 26.345527209712998 ] ] ] } },
{ "type": "Feature", "properties": { "pincode": "784102", "state": "Assam", "district": "Sonitpur", "officename": "Lokra", "officetype": "S.O" }, "geometry": { "type": "Polygon", "coordinates": [ [ [ 92.777369678467892, 26.882925101412411 ], [ 92.78361264980407, 26.925887387393118 ], [ 92.82725500041812, 27.016589999828682 ], [ 92.902489000267337, 26.994281999914506 ], [ 92.919357000225546, 26.982626000189839 ], [ 92.920417999691097, 26.962193999553506 ], [ 92.983223000141379, 26.93348500033261 ], [ 92.935989349928604, 26.891901999178003 ], [ 92.909855135806026, 26.883817861105626 ], [ 92.860674296881484, 26.851034755849355 ], [ 92.860695954354981, 26.834777627585538 ], [ 92.843454097228914, 26.838871351431635 ], [ 92.836194691431899, 26.85380983975233 ], [ 92.799510518695627, 26.850844098676305 ], [ 92.777369678467892, 26.882925101412411 ] ] ] } },
{ "type": "Feature", "properties": { "pincode": "786146", "state": "Assam", "district": "Tinsukia", "officename": "Sukhanpukhuri", "officetype": "S.O" }, "geometry": { "type": "Polygon", "coordinates": [ [ [ 95.354158012082792, 27.472615940473304 ], [ 95.370174863079626, 27.474753221584137 ], [ 95.378717265089904, 27.486218419344766 ], [ 95.424634772776699, 27.486559935093055 ], [ 95.419161667876722, 27.47500331315257 ], [ 95.431229374536088, 27.468271300380252 ], [ 95.422975057752751, 27.450326986401535 ], [ 95.409670896594776, 27.443396129927578 ], [ 95.36999376569986, 27.449147226063758 ], [ 95.354158012082792, 27.472615940473304 ] ] ] } },
{ "type": "Feature", "properties": { "pincode": "786147", "state": "Assam", "district": "Tinsukia", "officename": "Rangagora", "officetype": "S.O" }, "geometry": { "type": "Polygon", "coordinates": [ [ [ 95.319539851882837, 27.541483252849957 ], [ 95.355436010763356, 27.549056059789393 ], [ 95.352858877535311, 27.569008476260194 ], [ 95.371174354313041, 27.571684376632788 ], [ 95.375847177705225, 27.57947986290543 ], [ 95.424004186144373, 27.571668011669374 ], [ 95.41519426460377, 27.565694718236841 ], [ 95.414390920904339, 27.547743524444229 ], [ 95.39243264934737, 27.546394033258082 ], [ 95.378248128348503, 27.532507625826327 ], [ 95.321005707247764, 27.529027421278499 ], [ 95.319539851882837, 27.541483252849957 ] ] ] } },
{ "type": "Feature", "properties": { "pincode": "786148", "state": "Assam", "district": "Tinsukia", "officename": "Mankhooli", "officetype": "B.O" }, "geometry": { "type": "Polygon", "coordinates": [ [ [ 95.352707348965168, 27.42135558209452 ], [ 95.370265544419397, 27.435099214057516 ], [ 95.367461969094791, 27.428956737463636 ], [ 95.380756025470305, 27.423817337700086 ], [ 95.378424064519038, 27.415726914265804 ], [ 95.363747942613543, 27.413348781221373 ], [ 95.352707348965168, 27.42135558209452 ] ] ] } },
{ "type": "Feature", "properties": { "pincode": "786150", "state": "Assam", "district": "Tinsukia", "officename": "Barhapjan", "officetype": "S.O" }, "geometry": { "type": "Polygon", "coordinates": [ [ [ 95.498928410917529, 27.531441356333687 ], [ 95.478157960321823, 27.507635458209961 ], [ 95.476447375146279, 27.520201480114224 ], [ 95.483390370669326, 27.532071554458696 ], [ 95.50360198164617, 27.538170557825026 ], [ 95.528351356729729, 27.559561394942421 ], [ 95.538545332201522, 27.536265754161434 ], [ 95.498928410917529, 27.531441356333687 ] ] ] } },
{ "type": "Feature", "properties": { "pincode": "785676", "state": "Assam", "district": "Dibrugarh", "officename": "Khowang Ghat", "officetype": "S.O" }, "geometry": { "type": "Polygon", "coordinates": [ [ [ 94.771628999678626, 27.216312000098867 ], [ 94.778851137570086, 27.24310235868694 ], [ 94.808275420674192, 27.265569444174616 ], [ 94.80525104919667, 27.290685891940484 ], [ 94.843237487020531, 27.267397328823733 ], [ 94.850673398258778, 27.299061935559848 ], [ 94.875045228954207, 27.296501921826405 ], [ 94.89582172928948, 27.320807601989372 ], [ 94.91593335993673, 27.31029234551545 ], [ 94.933300122103049, 27.314960282890922 ], [ 94.938751431933099, 27.337636032676869 ], [ 94.95243980954973, 27.337240339969867 ], [ 94.983736881352115, 27.355094768508877 ], [ 94.99759275410247, 27.380681133627547 ], [ 95.043657890899055, 27.365420723987427 ], [ 95.029331719483309, 27.361556269706227 ], [ 95.025352389401348, 27.344389173221771 ], [ 95.048831616885707, 27.341963653100322 ], [ 95.055955452582168, 27.333398374135641 ], [ 95.039921189811139, 27.332440403701639 ], [ 95.040045330427688, 27.319953603076328 ], [ 95.019963925994489, 27.310927576246741 ], [ 95.022078881435334, 27.296011913619054 ], [ 95.00394412702002, 27.304268050630128 ], [ 94.995758363757602, 27.300453488038102 ], [ 94.986454525556042, 27.319130920355633 ], [ 94.945737272057556, 27.296491686642185 ], [ 94.9380168710818, 27.30093838539824 ], [ 94.911329181796475, 27.28094929817172 ], [ 94.90744245400623, 27.28842634440025 ], [ 94.879743409630692, 27.277511772750245 ], [ 94.86827621627441, 27.259731663285663 ], [ 94.872631769640577, 27.254887210576499 ], [ 94.858273627326184, 27.253475197622436 ], [ 94.856772976292007, 27.235021024700586 ], [ 94.844726282292129, 27.223401921461573 ], [ 94.835950405486983, 27.226269465563632 ], [ 94.830602345022271, 27.212939028013921 ], [ 94.817664252903, 27.212029116450594 ], [ 94.825557490985545, 27.204623962925723 ], [ 94.819167807848089, 27.199861009478241 ], [ 94.812955840639518, 27.206041571461526 ], [ 94.779536264487035, 27.185963107811233 ], [ 94.771628999678626, 27.216312000098867 ] ] ] } }
]
}
