{
"type": "FeatureCollection",
"name": "delhi",
"crs": { "type": "name", "properties": { "name": "urn:ogc:def:crs:OGC:1.3:CRS84" } },
"features": [
{ "type": "Feature", "properties": { "pincode": "110001", "officename": "New Delhi G.P.O", "officetype": "H.O", "circle": "Delhi", "region": "Div Reporting", "division": "New Delhi GPO", "state": "Delhi", "district": "New Delhi GPO" }, "geometry": { "type": "Polygon", "coordinates": [ [ [ 77.214139999635861, 28.636440999680044 ], [ 77.219883000214111, 28.635791999979521 ], [ 77.222706999836817, 28.636495000153282 ], [ 77.224921000262498, 28.634473999838892 ], [ 77.242689999975866, 28.624892999856357 ], [ 77.246788000215986, 28.618465000325056 ], [ 77.250452000087833, 28.608166000089454 ], [ 77.248036999820712, 28.608210000119147 ], [ 77.243912999641339, 28.606093999906317 ], [ 77.241407000035977, 28.608251000130274 ], [ 77.240174000324757, 28.607487999667931 ], [ 77.239722000413138, 28.609304999653862 ], [ 77.234507999739378, 28.610954000258051 ], [ 77.230549000314738, 28.609556000009071 ], [ 77.227556999564214, 28.611951999879885 ], [ 77.224789000018006, 28.612083999887851 ], [ 77.224723999720695, 28.613166999819395 ], [ 77.200261999575019, 28.614231999860827 ], [ 77.199317999568805, 28.615512999642771 ], [ 77.199984999565601, 28.618112000123912 ], [ 77.19868599973212, 28.619603000288265 ], [ 77.198869000030243, 28.62349900006544 ], [ 77.194381999627723, 28.62157800023936 ], [ 77.19131600015568, 28.618693000002907 ], [ 77.187939000339, 28.619676000264082 ], [ 77.18405100016119, 28.622205999942707 ], [ 77.188233000066887, 28.626149999833995 ], [ 77.190265999844257, 28.626043999702517 ], [ 77.191450999874874, 28.627641999998662 ], [ 77.192148000008899, 28.627295000390017 ], [ 77.195909999790004, 28.631769999834749 ], [ 77.199341000033357, 28.637176999825858 ], [ 77.200947999838377, 28.640959000195807 ], [ 77.200127999680717, 28.642211000156294 ], [ 77.201065999839145, 28.643555000012725 ], [ 77.214139999635861, 28.636440999680044 ] ] ] } },
{ "type": "Feature", "properties": { "pincode": "110002", "officename": "Indraprastha H.O", "officetype": "H.O", "circle": "Delhi", "region": "Div Reporting", "division": "New Delhi Central", "state": "Delhi", "district": "New Delhi Central" }, "geometry": { "type": "Polygon", "coordinates": [ [ [ 77.262133000339745, 28.651164000258664 ], [ 77.262552999566012, 28.642342999961492 ], [ 77.263910000024083, 28.642616999743627 ], [ 77.260820000262612, 28.63656399971017 ], [ 77.256602000371899, 28.631371000099694 ], [ 77.255054999943013, 28.622686999627362 ], [ 77.255880999948445, 28.613007000076006 ], [ 77.258240000139054, 28.605637999772416 ], [ 77.262533000372841, 28.600865000211833 ], [ 77.257490000301615, 28.598916000351064 ], [ 77.25433600006771, 28.599463000245478 ], [ 77.252795000384936, 28.598266999789807 ], [ 77.249400000126585, 28.608089999994764 ], [ 77.250452000087833, 28.608166000089454 ], [ 77.250173000428575, 28.609503999849586 ], [ 77.244685000118423, 28.622622999725905 ], [ 77.238698000040984, 28.627509000018382 ], [ 77.224921000262498, 28.634473999838892 ], [ 77.222706999836817, 28.636495000153282 ], [ 77.219883000214111, 28.635791999979521 ], [ 77.21923999960849, 28.643923000217832 ], [ 77.223737000056758, 28.645985999737682 ], [ 77.227814000380491, 28.643858000202684 ], [ 77.23315700002739, 28.643028999714723 ], [ 77.236440000132717, 28.645439999794029 ], [ 77.238312000251597, 28.648999000319638 ], [ 77.239487000236494, 28.649808999772898 ], [ 77.246203000234985, 28.650975999669996 ], [ 77.262133000339745, 28.651164000258664 ] ] ] } },
{ "type": "Feature", "properties": { "pincode": "110003", "officename": "Lodi Road H.O", "officetype": "H.O", "circle": "Delhi", "region": "Div Reporting", "division": "New Delhi South", "state": "Delhi", "district": "New Delhi South" }, "geometry": { "type": "Polygon", "coordinates": [ [ [ 77.234507999739378, 28.610954000258051 ], [ 77.240001999897302, 28.609183000009256 ], [ 77.240174000324757, 28.607487999667931 ], [ 77.241407000035977, 28.608251000130274 ], [ 77.243912999641339, 28.606093999906317 ], [ 77.248036999820712, 28.608210000119147 ], [ 77.249400000126585, 28.608089999994764 ], [ 77.252795000384936, 28.598266999789807 ], [ 77.240426000219813, 28.59658000012541 ], [ 77.239878999873667, 28.591303999810066 ], [ 77.240847999994216, 28.587472000270406 ], [ 77.24420140735657, 28.587206736907504 ], [ 77.242794999557873, 28.586973999971921 ], [ 77.239443999680461, 28.584117000122472 ], [ 77.235923999748664, 28.579867999961014 ], [ 77.233933999629002, 28.579605999856852 ], [ 77.22798599990962, 28.572436999662354 ], [ 77.225499544051573, 28.567815884616685 ], [ 77.223115000265835, 28.568684000389798 ], [ 77.224253000440797, 28.57058499990314 ], [ 77.222083000396097, 28.571864000053367 ], [ 77.221074000092543, 28.57423600016833 ], [ 77.219700999740951, 28.572914000203149 ], [ 77.219289000012296, 28.573704999716966 ], [ 77.21816400025611, 28.571807000024833 ], [ 77.217683000032181, 28.572397000223315 ], [ 77.218565999939003, 28.574209999638121 ], [ 77.217535999719075, 28.574765999987545 ], [ 77.218333000310523, 28.575744999723081 ], [ 77.215210000038752, 28.577554000224819 ], [ 77.214117999894555, 28.576088000346228 ], [ 77.213177000261382, 28.576062000273762 ], [ 77.214542000217051, 28.579259999622519 ], [ 77.201292999619881, 28.581526000113261 ], [ 77.199104000206887, 28.587404999616822 ], [ 77.199747999739131, 28.596034000328004 ], [ 77.206975999923699, 28.596354000001487 ], [ 77.209680999720717, 28.591454999613873 ], [ 77.212858000419175, 28.591643999694647 ], [ 77.219391999944463, 28.59865200020527 ], [ 77.222460999789547, 28.599160999767619 ], [ 77.224209000059872, 28.603559999939087 ], [ 77.229251000306206, 28.610313999744317 ], [ 77.230853000088345, 28.609486000061416 ], [ 77.234507999739378, 28.610954000258051 ] ] ] } },
{ "type": "Feature", "properties": { "pincode": "110004", "officename": "Rashtrapati Bhawan S.O", "officetype": "S.O", "circle": "Delhi", "region": "Div Reporting", "division": "New Delhi Central", "state": "Delhi", "district": "New Delhi Central" }, "geometry": { "type": "Polygon", "coordinates": [ [ [ 77.200261999575019, 28.614231999860827 ], [ 77.201747762749292, 28.614008143267149 ], [ 77.201757000125383, 28.613195000084595 ], [ 77.194068999633259, 28.614057000203019 ], [ 77.189928999560337, 28.613706000064546 ], [ 77.191224000094167, 28.609965999666883 ], [ 77.18149799980182, 28.610530000028369 ], [ 77.183055000276426, 28.616566999634117 ], [ 77.185837000066343, 28.620870000107534 ], [ 77.19131600015568, 28.618693000002907 ], [ 77.194381999627723, 28.62157800023936 ], [ 77.198869000030243, 28.62349900006544 ], [ 77.19868599973212, 28.619603000288265 ], [ 77.199984999565601, 28.618112000123912 ], [ 77.199317999568805, 28.615512999642771 ], [ 77.200261999575019, 28.614231999860827 ] ] ] } },
{ "type": "Feature", "properties": { "pincode": "110005", "officename": "Karol Bagh S.O", "officetype": "S.O", "circle": "Delhi", "region": "Div Reporting", "division": "New Delhi Central", "state": "Delhi", "district": "New Delhi Central" }, "geometry": { "type": "Polygon", "coordinates": [ [ [ 77.18288200002408, 28.663046000090489 ], [ 77.19011299968335, 28.661351000147619 ], [ 77.198315000011377, 28.661909999672542 ], [ 77.198503000332352, 28.65897900020444 ], [ 77.203394999892538, 28.659205000325684 ], [ 77.204210999852236, 28.655119000217976 ], [ 77.201871999753109, 28.651560000060446 ], [ 77.202966000445443, 28.649808999772898 ], [ 77.199961999999374, 28.648396000028018 ], [ 77.201300000190869, 28.646741000064122 ], [ 77.198750000204569, 28.643979999761399 ], [ 77.197579000417619, 28.644350000153139 ], [ 77.197709000113989, 28.644930999858307 ], [ 77.191415999714764, 28.644196999814877 ], [ 77.191547999959255, 28.643632000115339 ], [ 77.180624999940704, 28.641843000252432 ], [ 77.180799999842904, 28.642746999694925 ], [ 77.17914799983204, 28.643312000219368 ], [ 77.17794699990786, 28.645157000300379 ], [ 77.17854699995749, 28.651672999900878 ], [ 77.172216999748358, 28.651804999623 ], [ 77.177710999906324, 28.654139999901734 ], [ 77.178096999695697, 28.655532999839238 ], [ 77.182774999893937, 28.660108000373675 ], [ 77.18288200002408, 28.663046000090489 ] ] ] } },
{ "type": "Feature", "properties": { "pincode": "110006", "officename": "Delhi G.P.O", "officetype": "H.O", "circle": "Delhi", "region": "Div Reporting", "division": "Delhi GPO", "state": "Delhi", "district": "Delhi GPO" }, "geometry": { "type": "Polygon", "coordinates": [ [ [ 77.240730999818368, 28.665830999916832 ], [ 77.248104999592798, 28.66352799962138 ], [ 77.246025999784649, 28.662447999966112 ], [ 77.253839999775167, 28.658933999867486 ], [ 77.26054599972791, 28.654754000130897 ], [ 77.262133000339745, 28.651164000258664 ], [ 77.240303000196164, 28.650279000324673 ], [ 77.238312000251597, 28.648999000319638 ], [ 77.236440000132717, 28.645439999794029 ], [ 77.23315700002739, 28.643028999714723 ], [ 77.227814000380491, 28.643858000202684 ], [ 77.223737000056758, 28.645985999737682 ], [ 77.220535000142306, 28.644517000164594 ], [ 77.216802999600077, 28.654127999627729 ], [ 77.207806000127093, 28.653855000315758 ], [ 77.206746999594827, 28.655082000174147 ], [ 77.204210999852236, 28.655119000217976 ], [ 77.203394999892538, 28.659205000325684 ], [ 77.198503000332352, 28.65897900020444 ], [ 77.19829200044515, 28.66253600021432 ], [ 77.204155999600644, 28.665324000138138 ], [ 77.208465999552857, 28.665823999815331 ], [ 77.213630999822826, 28.664044000152327 ], [ 77.21802500033894, 28.663721000283857 ], [ 77.219412999860836, 28.665770999707185 ], [ 77.222158999665766, 28.664938999880352 ], [ 77.224965999570031, 28.665418000221649 ], [ 77.224207000410033, 28.667987999692841 ], [ 77.235096000093421, 28.671059000094665 ], [ 77.240730999818368, 28.665830999916832 ] ] ] } },
{ "type": "Feature", "properties": { "pincode": "110007", "officename": "Malka Ganj S.O", "officetype": "S.O", "circle": "Delhi", "region": "Div Reporting", "division": "Delhi North", "state": "Delhi", "district": "Delhi North" }, "geometry": { "type": "Polygon", "coordinates": [ [ [ 77.221182999872482, 28.690960000037595 ], [ 77.217579000275109, 28.677824999991348 ], [ 77.216935999669474, 28.671838000006172 ], [ 77.215220999909405, 28.671757000180939 ], [ 77.214059000343312, 28.670031000163696 ], [ 77.212471999731463, 28.670633000356425 ], [ 77.211828000199233, 28.669691999740113 ], [ 77.212342999860013, 28.666114999812518 ], [ 77.213630999822826, 28.664044000152327 ], [ 77.209352999657654, 28.665718000360453 ], [ 77.206046000161194, 28.665764000389903 ], [ 77.19946099968395, 28.663187999966688 ], [ 77.198315000011377, 28.661909999672542 ], [ 77.19011299968335, 28.661351000147619 ], [ 77.18288200002408, 28.663046000090489 ], [ 77.182580999725175, 28.661143999811177 ], [ 77.179104000349412, 28.663195000244308 ], [ 77.181193000203265, 28.670305000106829 ], [ 77.183621999815756, 28.669878000254755 ], [ 77.189461999580132, 28.675942999701476 ], [ 77.188611000358634, 28.677767999933852 ], [ 77.191423000285781, 28.678653000273709 ], [ 77.186230000426718, 28.68951199985727 ], [ 77.198208999706168, 28.688586999767178 ], [ 77.200389999621535, 28.687705999962777 ], [ 77.205426000020068, 28.692240999747192 ], [ 77.209032000165593, 28.697313000246176 ], [ 77.220909000236105, 28.692633999614536 ], [ 77.221182999872482, 28.690960000037595 ] ] ] } },
{ "type": "Feature", "properties": { "pincode": "110008", "officename": "Patel Nagar S.O Central Delhi", "officetype": "S.O", "circle": "Delhi", "region": "Div Reporting", "division": "New Delhi Central", "state": "Delhi", "district": "New Delhi Central" }, "geometry": { "type": "Polygon", "coordinates": [ [ [ 77.172216999748358, 28.651804999623 ], [ 77.17854699995749, 28.651672999900878 ], [ 77.178397000169653, 28.643557000128748 ], [ 77.172840000262525, 28.641561000198049 ], [ 77.166573999627531, 28.644799999808214 ], [ 77.165350999962072, 28.643331000181295 ], [ 77.16015800010301, 28.64453599990826 ], [ 77.154063999895428, 28.64958299989485 ], [ 77.151169000127609, 28.649263999632254 ], [ 77.149389999895135, 28.650732999726397 ], [ 77.147111999895387, 28.650749999941887 ], [ 77.155029999642963, 28.659788000303749 ], [ 77.169676999807791, 28.666696000304213 ], [ 77.178782999959054, 28.663384999942725 ], [ 77.182580999725175, 28.661143999811177 ], [ 77.182774999893937, 28.660108000373675 ], [ 77.178096999695697, 28.655532999839238 ], [ 77.177710999906324, 28.654139999901734 ], [ 77.172216999748358, 28.651804999623 ] ] ] } },
{ "type": "Feature", "properties": { "pincode": "110010", "officename": "Delhi Cantt S.O", "officetype": "S.O", "circle": "Delhi", "region": "Div Reporting", "division": "New Delhi South West", "state": "Delhi", "district": "New Delhi South West" }, "geometry": { "type": "Polygon", "coordinates": [ [ [ 77.135914000415539, 28.620168000041328 ], [ 77.136210999618143, 28.618883999780817 ], [ 77.137465000144076, 28.619555999834102 ], [ 77.139649000432485, 28.617499999762284 ], [ 77.141082999985159, 28.617632999805345 ], [ 77.143555000153668, 28.621261999621012 ], [ 77.146875999893822, 28.621314000267297 ], [ 77.157496999788606, 28.61933599960954 ], [ 77.172754000048798, 28.609315000342445 ], [ 77.180789999797128, 28.60194000017211 ], [ 77.161082999842648, 28.591911999923735 ], [ 77.161301000300824, 28.591450000391717 ], [ 77.156382000078139, 28.589872999751456 ], [ 77.160378000211026, 28.583132000360205 ], [ 77.158058000378489, 28.578470000352368 ], [ 77.157825999676561, 28.576075000310798 ], [ 77.155849999800594, 28.575168999831309 ], [ 77.155838999929927, 28.573736999976052 ], [ 77.15330200036243, 28.572453000380424 ], [ 77.154032999933307, 28.570092000351458 ], [ 77.155884000135799, 28.568387000185854 ], [ 77.153426000210985, 28.565574999745866 ], [ 77.149269000419622, 28.565028000288816 ], [ 77.147084000306279, 28.563908999659013 ], [ 77.149708999737385, 28.561856999994742 ], [ 77.144880999751308, 28.556404000369668 ], [ 77.142794000445576, 28.556413000073942 ], [ 77.141045000350346, 28.553054999679407 ], [ 77.134526999820224, 28.553841999624996 ], [ 77.13478399973819, 28.554898000360957 ], [ 77.132777999724979, 28.555330999870179 ], [ 77.133980000372361, 28.562813000232676 ], [ 77.13383999973199, 28.569946000096898 ], [ 77.128432999612684, 28.567166999785091 ], [ 77.121836000338178, 28.570571999976632 ], [ 77.116727999969612, 28.569634999889729 ], [ 77.114753999743471, 28.566619999924406 ], [ 77.113680999865849, 28.561757999646407 ], [ 77.112823000073362, 28.560853000211367 ], [ 77.095871000144584, 28.56311500016853 ], [ 77.093553999786749, 28.564169999776237 ], [ 77.079455999617906, 28.56669499962495 ], [ 77.078146999738721, 28.567543000136091 ], [ 77.116942000229855, 28.614269000116135 ], [ 77.123626000441305, 28.621206000230721 ], [ 77.124716000037367, 28.621733000182566 ], [ 77.135914000415539, 28.620168000041328 ] ] ] } },
{ "type": "Feature", "properties": { "pincode": "110011", "officename": "Nirman Bhawan S.O", "officetype": "S.O", "circle": "Delhi", "region": "Div Reporting", "division": "New Delhi Central", "state": "Delhi", "district": "New Delhi Central" }, "geometry": { "type": "Polygon", "coordinates": [ [ [ 77.227344000027216, 28.609756999700821 ], [ 77.22579300029868, 28.607683000129278 ], [ 77.226975999781189, 28.607042000180293 ], [ 77.224209000059872, 28.603559999939087 ], [ 77.222460999789547, 28.599160999767619 ], [ 77.219391999944463, 28.59865200020527 ], [ 77.212858000419175, 28.591643999694647 ], [ 77.209680999720717, 28.591454999613873 ], [ 77.206975999923699, 28.596354000001487 ], [ 77.199747999739131, 28.596034000328004 ], [ 77.198262000307906, 28.596592999992101 ], [ 77.197745999923896, 28.599670000019522 ], [ 77.193080000319512, 28.602621000277729 ], [ 77.192640000103452, 28.604113000345635 ], [ 77.193877000012634, 28.604198999760833 ], [ 77.19397599974684, 28.606178000026429 ], [ 77.190316999897874, 28.609013999782707 ], [ 77.191518999646931, 28.60993700013417 ], [ 77.189928999560337, 28.613706000064546 ], [ 77.194068999633259, 28.614057000203019 ], [ 77.201757000125383, 28.613195000084595 ], [ 77.201747762749292, 28.614008143267149 ], [ 77.203921000322325, 28.614146999928273 ], [ 77.224723999720695, 28.613166999819395 ], [ 77.224789000018006, 28.612083999887851 ], [ 77.227556999564214, 28.611951999879885 ], [ 77.229251000306206, 28.610313999744317 ], [ 77.228453999714759, 28.609087000021248 ], [ 77.227344000027216, 28.609756999700821 ] ] ] } },
{ "type": "Feature", "properties": { "pincode": "110012", "officename": "Iari S.O", "officetype": "S.O", "circle": "Delhi", "region": "Div Reporting", "division": "New Delhi Central", "state": "Delhi", "district": "New Delhi Central" }, "geometry": { "type": "Polygon", "coordinates": [ [ [ 77.16015800010301, 28.64453599990826 ], [ 77.165350999962072, 28.643331000181295 ], [ 77.166573999627531, 28.644799999808214 ], [ 77.174699999787549, 28.640204999733623 ], [ 77.174092000240321, 28.625108000278487 ], [ 77.172352000365905, 28.621921000340716 ], [ 77.165925999897325, 28.617120000175582 ], [ 77.165121999633186, 28.614546999614074 ], [ 77.157496999788606, 28.61933599960954 ], [ 77.146875999893822, 28.621314000267297 ], [ 77.143555000153668, 28.621261999621012 ], [ 77.14422100032553, 28.624610000140507 ], [ 77.142981000043321, 28.628244999727972 ], [ 77.145767999856076, 28.63293300029828 ], [ 77.147891999870069, 28.63274200006126 ], [ 77.147604999814888, 28.634046000163956 ], [ 77.145855999719657, 28.635100999913561 ], [ 77.14696200010755, 28.64321800002498 ], [ 77.147943999748605, 28.645130000325494 ], [ 77.151169000127609, 28.649263999632254 ], [ 77.154063999895428, 28.64958299989485 ], [ 77.16015800010301, 28.64453599990826 ] ] ] } },
{ "type": "Feature", "properties": { "pincode": "110013", "officename": "Hazrat Nizamuddin S.O", "officetype": "S.O", "circle": "Delhi", "region": "Div Reporting", "division": "New Delhi South", "state": "Delhi", "district": "New Delhi South" }, "geometry": { "type": "Polygon", "coordinates": [ [ [ 77.262533000372841, 28.600865000211833 ], [ 77.270379000150385, 28.592795999637971 ], [ 77.281598000444944, 28.58573100037859 ], [ 77.266244999925263, 28.584408999745428 ], [ 77.260745999744444, 28.582330999851685 ], [ 77.256590999602906, 28.582336000296277 ], [ 77.25053800030156, 28.586706999981068 ], [ 77.247126000324812, 28.586320999779364 ], [ 77.240847999994216, 28.587472000270406 ], [ 77.239878999873667, 28.591303999810066 ], [ 77.240426000219813, 28.59658000012541 ], [ 77.252795000384936, 28.598266999789807 ], [ 77.25433600006771, 28.599463000245478 ], [ 77.257490000301615, 28.598916000351064 ], [ 77.262533000372841, 28.600865000211833 ] ] ] } },
{ "type": "Feature", "properties": { "pincode": "110014", "officename": "Jungpura S.O", "officetype": "S.O", "circle": "Delhi", "region": "Div Reporting", "division": "New Delhi South", "state": "Delhi", "district": "New Delhi South" }, "geometry": { "type": "Polygon", "coordinates": [ [ [ 77.246604727728368, 28.586376233690341 ], [ 77.25053800030156, 28.586706999981068 ], [ 77.256590999602906, 28.582336000296277 ], [ 77.260745999744444, 28.582330999851685 ], [ 77.266244999925263, 28.584408999745428 ], [ 77.281598000444944, 28.58573100037859 ], [ 77.286886999665143, 28.582990000233401 ], [ 77.278116000147961, 28.580139000243218 ], [ 77.275320999939268, 28.58009400002641 ], [ 77.272704000005817, 28.581356000120341 ], [ 77.270620999999693, 28.580858000044316 ], [ 77.256342000080878, 28.571472999638587 ], [ 77.254999999691421, 28.574817999977785 ], [ 77.256064000246568, 28.575420999974806 ], [ 77.254158999617374, 28.578140000178404 ], [ 77.251803999624727, 28.577635000190746 ], [ 77.250194000344962, 28.578359999883521 ], [ 77.250248999698258, 28.579142999618618 ], [ 77.238651000185328, 28.579584999651686 ], [ 77.241975000298538, 28.585948000132646 ], [ 77.244203033307244, 28.58720660833286 ], [ 77.246604727728368, 28.586376233690341 ] ] ] } },
{ "type": "Feature", "properties": { "pincode": "110015", "officename": "Ramesh Nagar H.O", "officetype": "H.O", "circle": "Delhi", "region": "Div Reporting", "division": "New Delhi West", "state": "Delhi", "district": "New Delhi West" }, "geometry": { "type": "Polygon", "coordinates": [ [ [ 77.158946000308177, 28.672365000190858 ], [ 77.164657000201089, 28.67044500000252 ], [ 77.171174000007966, 28.672063999985252 ], [ 77.181193000203265, 28.670305000106829 ], [ 77.179104000349412, 28.663195000244308 ], [ 77.169676999807791, 28.666696000304213 ], [ 77.155029999642963, 28.659788000303749 ], [ 77.147111999895387, 28.650749999941887 ], [ 77.149389999895135, 28.650732999726397 ], [ 77.147507999730493, 28.649814000158869 ], [ 77.137917000055694, 28.637972999922784 ], [ 77.132270999561783, 28.632225000268203 ], [ 77.124141999927033, 28.652896999765996 ], [ 77.128872999828729, 28.659176000208337 ], [ 77.129507797917498, 28.66107745920063 ], [ 77.137923999728358, 28.66686799976808 ], [ 77.153661000387601, 28.668222999681333 ], [ 77.154087000359951, 28.669394999771963 ], [ 77.157911000065383, 28.670878000269472 ], [ 77.158946000308177, 28.672365000190858 ] ] ] } },
{ "type": "Feature", "properties": { "pincode": "110016", "officename": "Hauz Khas S.O", "officetype": "S.O", "circle": "Delhi", "region": "Div Reporting", "division": "New Delhi South West", "state": "Delhi", "district": "New Delhi South West" }, "geometry": { "type": "Polygon", "coordinates": [ [ [ 77.201174999619084, 28.565867999961736 ], [ 77.204861999955483, 28.565442000097697 ], [ 77.205241000072164, 28.564122000147897 ], [ 77.207692000324272, 28.563612999815891 ], [ 77.207446000276988, 28.561498999960342 ], [ 77.209087000417185, 28.560260000194351 ], [ 77.207564000277742, 28.557680000205966 ], [ 77.209649999758582, 28.556894999943349 ], [ 77.212741000243284, 28.554233000052577 ], [ 77.211104000301049, 28.551797000011483 ], [ 77.208996000180591, 28.545671000234673 ], [ 77.208739000262639, 28.543548999765154 ], [ 77.20994199983663, 28.541915000387252 ], [ 77.209065999602473, 28.539486000146766 ], [ 77.207294999765921, 28.53991700017097 ], [ 77.206780000105127, 28.540992000387803 ], [ 77.202107999754631, 28.538645999903213 ], [ 77.19900499957437, 28.539399999903488 ], [ 77.197504999899465, 28.536264999776389 ], [ 77.191646999693447, 28.538394999977584 ], [ 77.189469000151121, 28.534748000040988 ], [ 77.183761999557831, 28.53433300037867 ], [ 77.181895000360129, 28.533089000191953 ], [ 77.17593000002401, 28.533427999639891 ], [ 77.180793999995117, 28.543051999738477 ], [ 77.178187999932305, 28.544474999696778 ], [ 77.182300000416106, 28.551787999912698 ], [ 77.183984000214039, 28.550658999827874 ], [ 77.184446999996311, 28.551164999619672 ], [ 77.187493000275168, 28.559325999634535 ], [ 77.188763999621216, 28.559004999653197 ], [ 77.189325000211099, 28.560417999623272 ], [ 77.200098000441812, 28.558125000308234 ], [ 77.201023000181451, 28.560338000271688 ], [ 77.20032500022252, 28.565295000083282 ], [ 77.201174999619084, 28.565867999961736 ] ] ] } },
{ "type": "Feature", "properties": { "pincode": "110017", "officename": "Malviya Nagar S.O South Delhi", "officetype": "S.O", "circle": "Delhi", "region": "Div Reporting", "division": "New Delhi South", "state": "Delhi", "district": "New Delhi South" }, "geometry": { "type": "Polygon", "coordinates": [ [ [ 77.228354000155662, 28.549958999903264 ], [ 77.232073000279073, 28.54102500018347 ], [ 77.231890999805898, 28.529317999855081 ], [ 77.226732000282013, 28.515405999661045 ], [ 77.20103499987701, 28.521031999907674 ], [ 77.192662999669679, 28.530122000369644 ], [ 77.19134299991984, 28.534161000090844 ], [ 77.189813000107719, 28.535275000086344 ], [ 77.191646999693447, 28.538394999977584 ], [ 77.197504999899465, 28.536264999776389 ], [ 77.19900499957437, 28.539399999903488 ], [ 77.202107999754631, 28.538645999903213 ], [ 77.206780000105127, 28.540992000387803 ], [ 77.207294999765921, 28.53991700017097 ], [ 77.209065999602473, 28.539486000146766 ], [ 77.20994199983663, 28.541915000387252 ], [ 77.208739000262639, 28.543548999765154 ], [ 77.208996000180591, 28.545671000234673 ], [ 77.211104000301049, 28.551797000011483 ], [ 77.212964999650978, 28.551221999780626 ], [ 77.212191000422379, 28.549809000272184 ], [ 77.214598000293549, 28.548423000327944 ], [ 77.215467999781637, 28.546410000314726 ], [ 77.21932199962427, 28.54437099969438 ], [ 77.222856999624668, 28.553327999838583 ], [ 77.22428199985481, 28.554794000394082 ], [ 77.228175000055501, 28.554066000116265 ], [ 77.228354000155662, 28.549958999903264 ] ] ] } },
{ "type": "Feature", "properties": { "pincode": "110018", "officename": "Tilak Nagar S.O (West Delhi)", "officetype": "S.O", "circle": "Delhi", "region": "Div Reporting", "division": "New Delhi West", "state": "Delhi", "district": "New Delhi West" }, "geometry": { "type": "Polygon", "coordinates": [ [ [ 77.10535700023739, 28.661422999963261 ], [ 77.105101999969278, 28.646972000281121 ], [ 77.107940999660599, 28.641964999789455 ], [ 77.107482999901208, 28.63656399971017 ], [ 77.110608999647681, 28.632924999812325 ], [ 77.10835499993739, 28.630058999959171 ], [ 77.107087999890993, 28.630878000213201 ], [ 77.104056999680722, 28.629249999989273 ], [ 77.09976400034526, 28.629214999882979 ], [ 77.096884999572652, 28.636066000313544 ], [ 77.095651000036511, 28.636626000324512 ], [ 77.066806000143714, 28.625712000204796 ], [ 77.059860999816379, 28.63847599986757 ], [ 77.076548000329595, 28.652820999734463 ], [ 77.081956000273806, 28.655269000155325 ], [ 77.082164999612871, 28.656408000219447 ], [ 77.090945000249178, 28.655096999788697 ], [ 77.093317999785171, 28.656210999743802 ], [ 77.098960999906055, 28.66119099976731 ], [ 77.10535700023739, 28.661422999963261 ] ] ] } },
{ "type": "Feature", "properties": { "pincode": "110019", "officename": "Kalkaji H.O", "officetype": "H.O", "circle": "Delhi", "region": "Div Reporting", "division": "New Delhi South", "state": "Delhi", "district": "New Delhi South" }, "geometry": { "type": "Polygon", "coordinates": [ [ [ 77.265601000393033, 28.521155000003663 ], [ 77.264818000045281, 28.520241000135908 ], [ 77.263549000349073, 28.520689999926294 ], [ 77.26388699955956, 28.51909999990211 ], [ 77.256053000375914, 28.515819000254737 ], [ 77.25307099967111, 28.515419000082815 ], [ 77.254751000169392, 28.522906000342278 ], [ 77.244012000273855, 28.523021999683795 ], [ 77.247300000402063, 28.530374000222587 ], [ 77.247215000013242, 28.53218399981861 ], [ 77.245615999705834, 28.534713999947602 ], [ 77.246389999832729, 28.535821000324358 ], [ 77.245889000415616, 28.536793999906987 ], [ 77.242274000049278, 28.539459999713586 ], [ 77.242634999724288, 28.542611999820465 ], [ 77.25045399973763, 28.546039000035314 ], [ 77.247728000024253, 28.551567999888203 ], [ 77.255773999818317, 28.552154999898914 ], [ 77.255166000271103, 28.555033999859237 ], [ 77.262052000148898, 28.556328999648283 ], [ 77.262300999670913, 28.553033999698499 ], [ 77.267029000097878, 28.538690999691429 ], [ 77.271652999869474, 28.528423999915024 ], [ 77.275476999574877, 28.523617000233035 ], [ 77.275417000198743, 28.522723000087378 ], [ 77.265601000393033, 28.521155000003663 ] ] ] } },
{ "type": "Feature", "properties": { "pincode": "110020", "officename": "Okhla Industrial Estate S.O", "officetype": "S.O", "circle": "Delhi", "region": "Div Reporting", "division": "New Delhi South", "state": "Delhi", "district": "New Delhi South" }, "geometry": { "type": "Polygon", "coordinates": [ [ [ 77.264749000448319, 28.563936000000442 ], [ 77.267710000338369, 28.559996000050127 ], [ 77.268782000391084, 28.560334999693204 ], [ 77.271535999693612, 28.558054000355948 ], [ 77.269748999963511, 28.557150000333849 ], [ 77.277275000073914, 28.547810999865742 ], [ 77.282252999847827, 28.549884000114464 ], [ 77.284916999636991, 28.549507000040727 ], [ 77.284141999685161, 28.545774999742591 ], [ 77.285171999905089, 28.54102500018347 ], [ 77.28210300005999, 28.539340999925365 ], [ 77.284787999765527, 28.535558000369232 ], [ 77.281063999619249, 28.534216000153794 ], [ 77.283124999884024, 28.524670000083308 ], [ 77.286765000364738, 28.525199000011352 ], [ 77.292595999908258, 28.507617000238273 ], [ 77.286330000171546, 28.507239999727272 ], [ 77.280832999640566, 28.509993000234545 ], [ 77.281135999589281, 28.515121999640645 ], [ 77.271652999869474, 28.528423999915024 ], [ 77.267029000097878, 28.538690999691429 ], [ 77.262300999670913, 28.553033999698499 ], [ 77.261781999812172, 28.559892000385364 ], [ 77.263766999908967, 28.561076999987115 ], [ 77.262622999886204, 28.562605000055107 ], [ 77.264749000448319, 28.563936000000442 ] ] ] } },
{ "type": "Feature", "properties": { "pincode": "110021", "officename": "Chanakya Puri S.O", "officetype": "S.O", "circle": "Delhi", "region": "Div Reporting", "division": "New Delhi South West", "state": "Delhi", "district": "New Delhi South West" }, "geometry": { "type": "Polygon", "coordinates": [ [ [ 77.17408899986728, 28.610792000346255 ], [ 77.191518999646931, 28.60993700013417 ], [ 77.190316999897874, 28.609013999782707 ], [ 77.19397599974684, 28.606178000026429 ], [ 77.193877000012634, 28.604198999760833 ], [ 77.192640000103452, 28.604113000345635 ], [ 77.193080000319512, 28.602621000277729 ], [ 77.197745999923896, 28.599670000019522 ], [ 77.198262000307906, 28.596592999992101 ], [ 77.199747999739131, 28.596034000328004 ], [ 77.199104000206887, 28.587404999616822 ], [ 77.201292999619881, 28.581526000113261 ], [ 77.195283999801134, 28.582119000188051 ], [ 77.194780000010965, 28.581017000358127 ], [ 77.187232000159256, 28.581205000012147 ], [ 77.186706999554374, 28.579400999777942 ], [ 77.183739999816552, 28.578794000175616 ], [ 77.182485000364025, 28.580207000271372 ], [ 77.179651999622166, 28.578623999711088 ], [ 77.17908400025793, 28.577568999872593 ], [ 77.179609999789378, 28.575928999681256 ], [ 77.177848000173668, 28.575228000244547 ], [ 77.176073999964075, 28.578497000112812 ], [ 77.161908999848052, 28.572121000365815 ], [ 77.160056999820654, 28.574755999956139 ], [ 77.157295000122204, 28.575635000348971 ], [ 77.160378000211026, 28.583132000360205 ], [ 77.156382000078139, 28.589872999751456 ], [ 77.161301000300824, 28.591450000391717 ], [ 77.161082999842648, 28.591911999923735 ], [ 77.180789999797128, 28.60194000017211 ], [ 77.172754000048798, 28.609315000342445 ], [ 77.17408899986728, 28.610792000346255 ] ] ] } },
{ "type": "Feature", "properties": { "pincode": "110022", "officename": "R K Puram Sect5 S.O", "officetype": "S.O", "circle": "Delhi", "region": "Div Reporting", "division": "New Delhi South West", "state": "Delhi", "district": "New Delhi South West" }, "geometry": { "type": "Polygon", "coordinates": [ [ [ 77.179008999914856, 28.563802999858886 ], [ 77.181677999726858, 28.565668000384782 ], [ 77.188597000114939, 28.562417000299551 ], [ 77.183984000214039, 28.550658999827874 ], [ 77.171052999634128, 28.559468000142328 ], [ 77.161908999848052, 28.572121000365815 ], [ 77.176073999964075, 28.578497000112812 ], [ 77.178702999593114, 28.573795000075688 ], [ 77.181876000093567, 28.570966000070612 ], [ 77.180162000158447, 28.569550000180477 ], [ 77.181367000280559, 28.568790000007233 ], [ 77.178448000223284, 28.568539999726188 ], [ 77.175904999909676, 28.567071999687354 ], [ 77.179008999914856, 28.563802999858886 ] ] ] } },
{ "type": "Feature", "properties": { "pincode": "110023", "officename": "Sarojini Nagar H.O", "officetype": "H.O", "circle": "Delhi", "region": "Div Reporting", "division": "New Delhi South West", "state": "Delhi", "district": "New Delhi South West" }, "geometry": { "type": "Polygon", "coordinates": [ [ [ 77.195283999801134, 28.582119000188051 ], [ 77.214542000217051, 28.579259999622519 ], [ 77.213177000261382, 28.576062000273762 ], [ 77.214117999894555, 28.576088000346228 ], [ 77.215210000038752, 28.577554000224819 ], [ 77.218333000310523, 28.575744999723081 ], [ 77.217535999719075, 28.574765999987545 ], [ 77.218345999830987, 28.574703999935252 ], [ 77.21845299996113, 28.573592999916826 ], [ 77.216697000193179, 28.56895999979594 ], [ 77.201039000074971, 28.569825999681935 ], [ 77.189628999984706, 28.569572999969381 ], [ 77.189720000221314, 28.570518999895448 ], [ 77.185298999940997, 28.57106000024346 ], [ 77.184030000244775, 28.572613000327053 ], [ 77.184211999819652, 28.575185000133796 ], [ 77.18055399979562, 28.575429999630675 ], [ 77.17919100038803, 28.576749000211997 ], [ 77.179651999622166, 28.578623999711088 ], [ 77.182485000364025, 28.580207000271372 ], [ 77.183739999816552, 28.578794000175616 ], [ 77.186706999554374, 28.579400999777942 ], [ 77.186952999601701, 28.581157999735733 ], [ 77.194780000010965, 28.581017000358127 ], [ 77.195283999801134, 28.582119000188051 ] ] ] } },
{ "type": "Feature", "properties": { "pincode": "110024", "officename": "Lajpat Nagar South Delhi S.O", "officetype": "S.O", "circle": "Delhi", "region": "Div Reporting", "division": "New Delhi South", "state": "Delhi", "district": "New Delhi South" }, "geometry": { "type": "Polygon", "coordinates": [ [ [ 77.250194000344962, 28.578359999883521 ], [ 77.251803999624727, 28.577635000190746 ], [ 77.25364300013166, 28.578312999913436 ], [ 77.254722999682016, 28.577333999622784 ], [ 77.251715999761188, 28.574209999638121 ], [ 77.248564000075419, 28.572534999880524 ], [ 77.25011099960598, 28.5668140000605 ], [ 77.250258999743977, 28.562290000073236 ], [ 77.248422999610099, 28.561037000174814 ], [ 77.23934999996915, 28.558458999663372 ], [ 77.231818000010975, 28.560143000364544 ], [ 77.235098999568166, 28.565615000200399 ], [ 77.230155000129415, 28.566120999903806 ], [ 77.225499544051573, 28.567815884616685 ], [ 77.22798599990962, 28.572436999662354 ], [ 77.233933999629002, 28.579605999856852 ], [ 77.235923999748664, 28.579867999961014 ], [ 77.237384000138931, 28.582199000334558 ], [ 77.242794999557873, 28.586973999971921 ], [ 77.244203033307244, 28.58720660833286 ], [ 77.241975000298538, 28.585948000132646 ], [ 77.238651000185328, 28.579584999651686 ], [ 77.250248999698258, 28.579142999618618 ], [ 77.250194000344962, 28.578359999883521 ] ] ] } },
{ "type": "Feature", "properties": { "pincode": "110025", "officename": "New Friends Colony S.O", "officetype": "S.O", "circle": "Delhi", "region": "Div Reporting", "division": "New Delhi South", "state": "Delhi", "district": "New Delhi South" }, "geometry": { "type": "Polygon", "coordinates": [ [ [ 77.286886999665143, 28.582990000233401 ], [ 77.290647999621385, 28.57808699996556 ], [ 77.295868999967837, 28.580139000243218 ], [ 77.298474002900676, 28.580032001536779 ], [ 77.299730000381487, 28.578598000265462 ], [ 77.299969999682688, 28.575065999698978 ], [ 77.297083000310778, 28.565974999662195 ], [ 77.301234000254354, 28.562696000084738 ], [ 77.301445000141555, 28.560860000211559 ], [ 77.299973000055729, 28.559756999734063 ], [ 77.303794997416375, 28.552430997672001 ], [ 77.310742999913415, 28.547669000206888 ], [ 77.303292000146072, 28.542891000005021 ], [ 77.285536999778074, 28.535826999721543 ], [ 77.282982999593798, 28.540158000254422 ], [ 77.285171999905089, 28.54102500018347 ], [ 77.284141999685161, 28.545774999742591 ], [ 77.284916999636991, 28.549507000040727 ], [ 77.282252999847827, 28.549884000114464 ], [ 77.277275000073914, 28.547810999865742 ], [ 77.269748999963511, 28.557150000333849 ], [ 77.271535999693612, 28.558054000355948 ], [ 77.268782000391084, 28.560334999693204 ], [ 77.267710000338369, 28.559996000050127 ], [ 77.264749000448319, 28.563936000000442 ], [ 77.269044000331917, 28.567267000169092 ], [ 77.267768000064706, 28.569879000112142 ], [ 77.272200000215648, 28.572277999790447 ], [ 77.269466999931211, 28.580112000115406 ], [ 77.272704000005817, 28.581356000120341 ], [ 77.275320999939268, 28.58009400002641 ], [ 77.278116000147961, 28.580139000243218 ], [ 77.286886999665143, 28.582990000233401 ] ] ] } },
{ "type": "Feature", "properties": { "pincode": "110026", "officename": "Punjabi Bagh S.O", "officetype": "S.O", "circle": "Delhi", "region": "Div Reporting", "division": "New Delhi West", "state": "Delhi", "district": "New Delhi West" }, "geometry": { "type": "Polygon", "coordinates": [ [ [ 77.143839999660713, 28.673484000305869 ], [ 77.157911000065383, 28.670878000269472 ], [ 77.154087000359951, 28.669394999771963 ], [ 77.153661000387601, 28.668222999681333 ], [ 77.137923999728358, 28.66686799976808 ], [ 77.130774000259933, 28.661536999701475 ], [ 77.124666999633561, 28.659374000143352 ], [ 77.122274999830992, 28.658969000306396 ], [ 77.117994000191104, 28.661595999690174 ], [ 77.110536999677649, 28.660193000129496 ], [ 77.1090460002236, 28.660955999775862 ], [ 77.111362999683095, 28.664221999981361 ], [ 77.116674000441265, 28.663431999682249 ], [ 77.117435999974262, 28.667160000246163 ], [ 77.120530999758628, 28.667108999692243 ], [ 77.122889000124331, 28.669325999746459 ], [ 77.124134000429407, 28.67581799986085 ], [ 77.143839999660713, 28.673484000305869 ] ] ] } },
{ "type": "Feature", "properties": { "pincode": "110027", "officename": "Tagore Garden S.O", "officetype": "S.O", "circle": "Delhi", "region": "Div Reporting", "division": "New Delhi West", "state": "Delhi", "district": "New Delhi West" }, "geometry": { "type": "Polygon", "coordinates": [ [ [ 77.117994000191104, 28.661595999690174 ], [ 77.122274999830992, 28.658969000306396 ], [ 77.129507797917498, 28.66107745920063 ], [ 77.128872999828729, 28.659176000208337 ], [ 77.124141999927033, 28.652896999765996 ], [ 77.130320999625098, 28.637390000081052 ], [ 77.121384000426545, 28.637964000104049 ], [ 77.121319999954125, 28.633714999715739 ], [ 77.117314999600453, 28.632968999717868 ], [ 77.114711000085777, 28.634403999945135 ], [ 77.114766000337355, 28.636591000312841 ], [ 77.115978999957079, 28.638827999684676 ], [ 77.113673000368223, 28.639894000075564 ], [ 77.112701999699524, 28.642982999958967 ], [ 77.107940999660599, 28.641964999789455 ], [ 77.105101999969278, 28.646972000281121 ], [ 77.10535700023739, 28.661422999963261 ], [ 77.110536999677649, 28.660193000129496 ], [ 77.117994000191104, 28.661595999690174 ] ] ] } },
{ "type": "Feature", "properties": { "pincode": "110028", "officename": "Naraina Industrial Estate H.O", "officetype": "H.O", "circle": "Delhi", "region": "Div Reporting", "division": "New Delhi West", "state": "Delhi", "district": "New Delhi West" }, "geometry": { "type": "Polygon", "coordinates": [ [ [ 77.147604999814888, 28.634046000163956 ], [ 77.147891999870069, 28.63274200006126 ], [ 77.145767999856076, 28.63293300029828 ], [ 77.144007999890192, 28.630941000028646 ], [ 77.142873999913178, 28.627068000288968 ], [ 77.144069999814491, 28.625212999939524 ], [ 77.144140000134684, 28.622491000348109 ], [ 77.141082999985159, 28.617632999805345 ], [ 77.139649000432485, 28.617499999762284 ], [ 77.137465000144076, 28.619555999834102 ], [ 77.136210999618143, 28.618883999780817 ], [ 77.135914000415539, 28.620168000041328 ], [ 77.132897000448978, 28.620789000339421 ], [ 77.124716000037367, 28.621733000182566 ], [ 77.122381999961135, 28.621192000378496 ], [ 77.137917000055694, 28.637972999922784 ], [ 77.147507999730493, 28.649814000158869 ], [ 77.149389999895135, 28.650732999726397 ], [ 77.151393000433615, 28.649026999698577 ], [ 77.14696200010755, 28.64321800002498 ], [ 77.145855999719657, 28.635100999913561 ], [ 77.147604999814888, 28.634046000163956 ] ] ] } },
{ "type": "Feature", "properties": { "pincode": "110029", "officename": "Safdarjung Enclave S.O", "officetype": "S.O", "circle": "Delhi", "region": "Div Reporting", "division": "New Delhi South West", "state": "Delhi", "district": "New Delhi South West" }, "geometry": { "type": "Polygon", "coordinates": [ [ [ 77.189628999984706, 28.569572999969381 ], [ 77.217024000431337, 28.568923999742918 ], [ 77.215196999619963, 28.56653399974968 ], [ 77.216337000343074, 28.565992999800169 ], [ 77.216152000395155, 28.564222000269446 ], [ 77.215271999963036, 28.563001999711393 ], [ 77.212686999816611, 28.564905000128952 ], [ 77.209054999731819, 28.560367999739768 ], [ 77.207446000276988, 28.561498999960342 ], [ 77.207692000324272, 28.563612999815891 ], [ 77.204953000192049, 28.564295999682798 ], [ 77.204650000243376, 28.56558800028979 ], [ 77.201174999619084, 28.565867999961736 ], [ 77.20032500022252, 28.565295000083282 ], [ 77.201023000181451, 28.560338000271688 ], [ 77.200098000441812, 28.558125000308234 ], [ 77.189325000211099, 28.560417999623272 ], [ 77.188763999621216, 28.559004999653197 ], [ 77.187493000275168, 28.559325999634535 ], [ 77.189628999984706, 28.569572999969381 ] ] ] } },
{ "type": "Feature", "properties": { "pincode": "110030", "officename": "Mehrauli S.O", "officetype": "S.O", "circle": "Delhi", "region": "Div Reporting", "division": "New Delhi South West", "state": "Delhi", "district": "New Delhi South West" }, "geometry": { "type": "Polygon", "coordinates": [ [ [ 77.19134299991984, 28.534161000090844 ], [ 77.192662999669679, 28.530122000369644 ], [ 77.20103499987701, 28.521031999907674 ], [ 77.206795000173727, 28.519672000062943 ], [ 77.205919999764475, 28.516767000144437 ], [ 77.204157000323875, 28.512923000228238 ], [ 77.202408000228601, 28.513271000032724 ], [ 77.195176999670991, 28.511689999811274 ], [ 77.185520999698838, 28.513122999711811 ], [ 77.184021999848852, 28.511590999676944 ], [ 77.177876999587667, 28.509124999860674 ], [ 77.176530000073626, 28.50749500030831 ], [ 77.173913000140189, 28.508766999814135 ], [ 77.17163000011756, 28.505488000374449 ], [ 77.171230000084464, 28.503808000001353 ], [ 77.172764000094546, 28.504130999615175 ], [ 77.169388000102813, 28.499018000299166 ], [ 77.171938999914033, 28.496718000299865 ], [ 77.168978000023969, 28.494416999622469 ], [ 77.166313000409914, 28.495776999823111 ], [ 77.162241999933997, 28.487759000289916 ], [ 77.164375000168789, 28.478066000080979 ], [ 77.166177999792382, 28.47587400006811 ], [ 77.175108000216554, 28.472972999778069 ], [ 77.175032999873494, 28.468091000300248 ], [ 77.16984699968711, 28.463928000379209 ], [ 77.162438999577503, 28.46458299983837 ], [ 77.161488999723474, 28.466862000362532 ], [ 77.16137099972272, 28.471021000303239 ], [ 77.158120000302759, 28.471208999608493 ], [ 77.157165000425891, 28.473359999674756 ], [ 77.147984999756503, 28.474040999876529 ], [ 77.14409699957865, 28.475878000360282 ], [ 77.135160000380139, 28.485685000217618 ], [ 77.135232000350157, 28.486666000281083 ], [ 77.137418000288406, 28.488693999897155 ], [ 77.123294000180266, 28.487383000253196 ], [ 77.12204899987519, 28.489362999785605 ], [ 77.125112999697407, 28.493177000282145 ], [ 77.12444599970064, 28.49531099968916 ], [ 77.125234999896136, 28.497523999632566 ], [ 77.124172999889169, 28.499577999870919 ], [ 77.127845000156924, 28.50072400009277 ], [ 77.129816999834929, 28.503231000385899 ], [ 77.132669999769945, 28.501470999759725 ], [ 77.135704000353243, 28.505525000192012 ], [ 77.138298999647105, 28.506977999686313 ], [ 77.139922000243956, 28.503604999608488 ], [ 77.148609999920453, 28.503962000392722 ], [ 77.150821999797998, 28.501614999743836 ], [ 77.153123000262269, 28.500830999645625 ], [ 77.153668999885227, 28.502911000230878 ], [ 77.156946000142781, 28.504350999995847 ], [ 77.166232000219068, 28.502484999974026 ], [ 77.169266999728976, 28.50320499969413 ], [ 77.169311999934806, 28.504245000264429 ], [ 77.17375699960624, 28.508908999792741 ], [ 77.175533000363998, 28.508078999846006 ], [ 77.1779639996263, 28.509294000285134 ], [ 77.177634999738331, 28.510143999851302 ], [ 77.1750820002773, 28.510850999995849 ], [ 77.175651000364752, 28.512944000310199 ], [ 77.16997200025888, 28.514591000257852 ], [ 77.169250999835455, 28.516524000080761 ], [ 77.171013000349475, 28.519141999969833 ], [ 77.170844000295105, 28.521947000053167 ], [ 77.172324999703406, 28.525848999806144 ], [ 77.175285999593456, 28.525321999981273 ], [ 77.176412999897764, 28.5299749999798 ], [ 77.17593000002401, 28.533427999639891 ], [ 77.181895000360129, 28.533089000191953 ], [ 77.183761999557831, 28.53433300037867 ], [ 77.189813000107719, 28.535275000086344 ], [ 77.19134299991984, 28.534161000090844 ] ] ] } },
{ "type": "Feature", "properties": { "pincode": "110031", "officename": "Gandhi Nagar S.O East Delhi", "officetype": "S.O", "circle": "Delhi", "region": "Div Reporting", "division": "Delhi East", "state": "Delhi", "district": "Delhi East" }, "geometry": { "type": "Polygon", "coordinates": [ [ [ 77.275476999574877, 28.670956000202015 ], [ 77.279076999872615, 28.661295000081751 ], [ 77.271652000044568, 28.658847000054713 ], [ 77.281333000131085, 28.642767000218925 ], [ 77.262552999566012, 28.642342999961492 ], [ 77.262683000160663, 28.648453000294197 ], [ 77.26054599972791, 28.654754000130897 ], [ 77.253839999775167, 28.658933999867486 ], [ 77.246025999784649, 28.662447999966112 ], [ 77.261371999733356, 28.669242999929697 ], [ 77.275476999574877, 28.670956000202015 ] ] ] } },
{ "type": "Feature", "properties": { "pincode": "110032", "officename": "Shahdara S.O", "officetype": "S.O", "circle": "Delhi", "region": "Div Reporting", "division": "Delhi East", "state": "Delhi", "district": "Delhi East" }, "geometry": { "type": "Polygon", "coordinates": [ [ [ 77.291954900137753, 28.689413461830696 ], [ 77.301672999747154, 28.689691999781083 ], [ 77.301603000325301, 28.688617999669098 ], [ 77.304247999847846, 28.68889699994962 ], [ 77.305238999709715, 28.686747999940962 ], [ 77.301419000202259, 28.685811000064277 ], [ 77.301129999598942, 28.678629999938316 ], [ 77.300071999789921, 28.675904999771994 ], [ 77.301270000239356, 28.673073000376043 ], [ 77.301349999706972, 28.666557000361696 ], [ 77.303738000209904, 28.667150000340389 ], [ 77.303303999841631, 28.657150000148725 ], [ 77.301179000002747, 28.654727000261829 ], [ 77.292400000089657, 28.652736000308046 ], [ 77.290285000296535, 28.657310000390684 ], [ 77.280847999709167, 28.669105999841449 ], [ 77.279934999665102, 28.67488800021 ], [ 77.276319000372155, 28.681769000153171 ], [ 77.274997999899071, 28.682935000348944 ], [ 77.279536000355236, 28.690712999810483 ], [ 77.291954900137753, 28.689413461830696 ] ] ] } },
{ "type": "Feature", "properties": { "pincode": "110033", "officename": "NSMandi S.O", "officetype": "S.O", "circle": "Delhi", "region": "Div Reporting", "division": "Delhi North", "state": "Delhi", "district": "Delhi North" }, "geometry": { "type": "Polygon", "coordinates": [ [ [ 77.226326000401158, 28.716485000195217 ], [ 77.226832999666044, 28.712776000227827 ], [ 77.221462000430066, 28.715716999757628 ], [ 77.219338000416101, 28.713737999862886 ], [ 77.21751800017573, 28.708317999769257 ], [ 77.205426000020068, 28.692240999747192 ], [ 77.200389999621535, 28.687705999962777 ], [ 77.198208999706168, 28.688586999767178 ], [ 77.186230000426718, 28.68951199985727 ], [ 77.181969999804906, 28.697910999913038 ], [ 77.151258999640973, 28.730484999651356 ], [ 77.157798999912373, 28.735513999612593 ], [ 77.161867000015249, 28.73732499987673 ], [ 77.170420999797457, 28.736951999997128 ], [ 77.181466000014751, 28.732109000136109 ], [ 77.19330000042757, 28.729767999628326 ], [ 77.21971400015974, 28.721002000378625 ], [ 77.224695000306696, 28.718818999856989 ], [ 77.226326000401158, 28.716485000195217 ] ] ] } },
{ "type": "Feature", "properties": { "pincode": "110034", "officename": "Saraswati Vihar S.O", "officetype": "S.O", "circle": "Delhi", "region": "Div Reporting", "division": "Delhi North", "state": "Delhi", "district": "Delhi North" }, "geometry": { "type": "Polygon", "coordinates": [ [ [ 77.155167999735198, 28.69514299969493 ], [ 77.155768999609748, 28.693636999786587 ], [ 77.15400899964385, 28.692733000322956 ], [ 77.152334000066773, 28.687237000218872 ], [ 77.142416000153801, 28.67929300007718 ], [ 77.150015999884033, 28.67620599997613 ], [ 77.147315000284962, 28.67289599999015 ], [ 77.140185999834614, 28.674063999973917 ], [ 77.1407409996784, 28.675082999956448 ], [ 77.140116000412732, 28.675321000242374 ], [ 77.132519999982136, 28.67598000026252 ], [ 77.121771000040837, 28.679198999831385 ], [ 77.121340999870554, 28.683584999907886 ], [ 77.119113999924409, 28.68731999996362 ], [ 77.112556999934569, 28.688248000291416 ], [ 77.096288999720983, 28.688662999866299 ], [ 77.097600999973238, 28.691306000163799 ], [ 77.100462000304162, 28.692812999704685 ], [ 77.099389000426527, 28.696726999651055 ], [ 77.10472799987545, 28.694675000135081 ], [ 77.110425000423007, 28.695703000102487 ], [ 77.118750999701234, 28.697884000133502 ], [ 77.129980000041527, 28.702991999608372 ], [ 77.138606999618659, 28.713268000380022 ], [ 77.141483999843146, 28.723940000338349 ], [ 77.157356000221583, 28.699170999738421 ], [ 77.155167999735198, 28.69514299969493 ] ] ] } },
{ "type": "Feature", "properties": { "pincode": "110035", "officename": "Keshavpuram S.O", "officetype": "S.O", "circle": "Delhi", "region": "Div Reporting", "division": "Delhi North", "state": "Delhi", "district": "Delhi North" }, "geometry": { "type": "Polygon", "coordinates": [ [ [ 77.167023999889295, 28.678427000322579 ], [ 77.171174000007966, 28.672063999985252 ], [ 77.164657000201089, 28.67044500000252 ], [ 77.158946000308177, 28.672365000190858 ], [ 77.157911000065383, 28.670878000269472 ], [ 77.148084000389005, 28.673118000159313 ], [ 77.150015999884033, 28.67620599997613 ], [ 77.142416000153801, 28.67929300007718 ], [ 77.152334000066773, 28.687237000218872 ], [ 77.15400899964385, 28.692733000322956 ], [ 77.155768999609748, 28.693636999786587 ], [ 77.155167999735198, 28.69514299969493 ], [ 77.157356000221583, 28.699170999738421 ], [ 77.167023999889295, 28.678427000322579 ] ] ] } },
{ "type": "Feature", "properties": { "pincode": "110036", "officename": "Alipur S.O", "officetype": "S.O", "circle": "Delhi", "region": "Div Reporting", "division": "Delhi North", "state": "Delhi", "district": "Delhi North" }, "geometry": { "type": "Polygon", "coordinates": [ [ [ 77.132857000266014, 28.862887000202278 ], [ 77.140317000254186, 28.862060000288388 ], [ 77.140992999573456, 28.860064000291896 ], [ 77.142549000223198, 28.859705999755271 ], [ 77.141949000173554, 28.856421999968124 ], [ 77.145310000096686, 28.853637999789505 ], [ 77.145299000226032, 28.852372000088021 ], [ 77.142017999770545, 28.847051000346557 ], [ 77.142413999605665, 28.838860999903904 ], [ 77.157100000128551, 28.836699999874639 ], [ 77.157750000406907, 28.8366899996653 ], [ 77.156782999936141, 28.838974999697403 ], [ 77.159688999574627, 28.841269999683036 ], [ 77.166047000271149, 28.849161999633925 ], [ 77.167305000096704, 28.849019999889467 ], [ 77.169639999997869, 28.850417000134378 ], [ 77.172103999770485, 28.849911999866659 ], [ 77.173061000195474, 28.857232000212495 ], [ 77.175405000317483, 28.858322000392416 ], [ 77.176410000423061, 28.857628999725851 ], [ 77.178291999689364, 28.858249000168623 ], [ 77.181425000006854, 28.857508000072432 ], [ 77.198248000064225, 28.859188000246778 ], [ 77.209914000247537, 28.85771600005285 ], [ 77.214800999784842, 28.855299000349433 ], [ 77.217320999633927, 28.851335000125871 ], [ 77.216648999614307, 28.841505000299382 ], [ 77.222998000089973, 28.833381999973827 ], [ 77.222565000444945, 28.830083999862463 ], [ 77.224393000182886, 28.825321999980904 ], [ 77.221886999679199, 28.820456000198867 ], [ 77.220257000307953, 28.819141999608028 ], [ 77.218962999599057, 28.808238999850545 ], [ 77.205594997379535, 28.811208996331249 ], [ 77.201301999840709, 28.812941000165583 ], [ 77.200864999997691, 28.812248000273311 ], [ 77.199248999971843, 28.797854999783532 ], [ 77.204517000173979, 28.790544999992576 ], [ 77.204281000172415, 28.78590000025342 ], [ 77.185885999571823, 28.785425999927554 ], [ 77.167428000120367, 28.782176000030514 ], [ 77.162144999849616, 28.775420999641209 ], [ 77.171435000123878, 28.771111999931058 ], [ 77.171677999798121, 28.767547000308337 ], [ 77.159348999816004, 28.767810000201191 ], [ 77.151448999611802, 28.763896999665846 ], [ 77.139268999592574, 28.765489999714465 ], [ 77.142149000190102, 28.769994000065537 ], [ 77.139923999893796, 28.792139999805737 ], [ 77.133936999816342, 28.792648000297405 ], [ 77.132800000364597, 28.795413999736688 ], [ 77.111491999554531, 28.802264000360221 ], [ 77.101899000229864, 28.854891999774477 ], [ 77.123368999625043, 28.854070000049919 ], [ 77.120899000004655, 28.858335000006569 ], [ 77.124899000335489, 28.857635000374717 ], [ 77.125481999768368, 28.859862999977562 ], [ 77.130101000415365, 28.861433000174443 ], [ 77.132220000406463, 28.863595999937921 ], [ 77.132857000266014, 28.862887000202278 ] ] ] } },
{ "type": "Feature", "properties": { "pincode": "110037", "officename": "Gurgaon Road S.O", "officetype": "S.O", "circle": "Delhi", "region": "Div Reporting", "division": "New Delhi South West", "state": "Delhi", "district": "New Delhi South West" }, "geometry": { "type": "Polygon", "coordinates": [ [ [ 77.121836000338178, 28.570571999976632 ], [ 77.128432999612684, 28.567166999785091 ], [ 77.134193999734308, 28.569730000040344 ], [ 77.132777999724979, 28.555330999870179 ], [ 77.13478399973819, 28.554898000360957 ], [ 77.134526999820224, 28.553841999624996 ], [ 77.141045000350346, 28.553054999679407 ], [ 77.142794000445576, 28.556413000073942 ], [ 77.144068000164651, 28.556649000197314 ], [ 77.147860000083028, 28.552925999730768 ], [ 77.145008999797824, 28.549242999761223 ], [ 77.143164000341429, 28.544172999952316 ], [ 77.13753999958881, 28.540292999991497 ], [ 77.138086000110093, 28.539040000325304 ], [ 77.137274000348356, 28.53786699987365 ], [ 77.13862500006033, 28.537412999647433 ], [ 77.13724099983807, 28.53456800035012 ], [ 77.135530000275992, 28.53456800035012 ], [ 77.13500200019638, 28.532790999879083 ], [ 77.133936999816342, 28.532579999799431 ], [ 77.133561000072731, 28.531447999998932 ], [ 77.132488000195053, 28.532147999818335 ], [ 77.131258999783526, 28.531155000289534 ], [ 77.128786999615002, 28.525113999948257 ], [ 77.125956000319576, 28.524469999611416 ], [ 77.123474999930238, 28.524936000383438 ], [ 77.124131000056366, 28.522079000140714 ], [ 77.123467000432655, 28.513511000154359 ], [ 77.12144899982556, 28.513163999677509 ], [ 77.120683000094601, 28.513743999756549 ], [ 77.120621999995251, 28.516104000063397 ], [ 77.11864199992128, 28.516517000291465 ], [ 77.116138999790635, 28.51870399979455 ], [ 77.11645699980798, 28.519777000025837 ], [ 77.113733999569291, 28.519236999892097 ], [ 77.113924000438388, 28.527795999681608 ], [ 77.1099900002298, 28.527915999854532 ], [ 77.109974000336294, 28.531207999666986 ], [ 77.105358000062324, 28.532188000344071 ], [ 77.107371999573118, 28.53348499992882 ], [ 77.107114999655153, 28.535671000289348 ], [ 77.096385999805364, 28.538837999760169 ], [ 77.095355999585436, 28.538009000119896 ], [ 77.086026000026536, 28.539668999705988 ], [ 77.08514099957155, 28.539180000044382 ], [ 77.061691000102456, 28.545051000278725 ], [ 77.060428000254049, 28.546265000154811 ], [ 77.067310999758774, 28.554068000358029 ], [ 77.075347000405458, 28.552979999728482 ], [ 77.076189000304396, 28.557216000046505 ], [ 77.077847000163032, 28.558789000021797 ], [ 77.079176999958648, 28.563528999612856 ], [ 77.075554999919589, 28.564473000179614 ], [ 77.078146999738721, 28.567543000136091 ], [ 77.079455999617906, 28.56669499962495 ], [ 77.093553999786749, 28.564169999776237 ], [ 77.095871000144584, 28.56311500016853 ], [ 77.112823000073362, 28.560853000211367 ], [ 77.113680999865849, 28.561757999646407 ], [ 77.114753999743471, 28.566619999924406 ], [ 77.116727999969612, 28.569634999889729 ], [ 77.121836000338178, 28.570571999976632 ] ] ] } },
{ "type": "Feature", "properties": { "pincode": "110038", "officename": "A F Rajokari S.O", "officetype": "S.O", "circle": "Delhi", "region": "Div Reporting", "division": "New Delhi South West", "state": "Delhi", "district": "New Delhi South West" }, "geometry": { "type": "Polygon", "coordinates": [ [ [ 77.105358000062324, 28.532188000344071 ], [ 77.109974000336294, 28.531207999666986 ], [ 77.1099900002298, 28.527915999854532 ], [ 77.113924000438388, 28.527795999681608 ], [ 77.113733999569291, 28.519236999892097 ], [ 77.11645699980798, 28.519777000025837 ], [ 77.116138999790635, 28.51870399979455 ], [ 77.11864199992128, 28.516517000291465 ], [ 77.120621999995251, 28.516104000063397 ], [ 77.120683000094601, 28.513743999756549 ], [ 77.12144899982556, 28.513163999677509 ], [ 77.123467000432655, 28.513511000154359 ], [ 77.124131000056366, 28.522079000140714 ], [ 77.123474999930238, 28.524936000383438 ], [ 77.125956000319576, 28.524469999611416 ], [ 77.132093000184852, 28.525630000065561 ], [ 77.131791000061071, 28.523417000131232 ], [ 77.134279999948035, 28.522681999891812 ], [ 77.130760999841144, 28.515422999665756 ], [ 77.129860000390963, 28.509126000013445 ], [ 77.132669999769945, 28.501470999759725 ], [ 77.129816999834929, 28.503231000385899 ], [ 77.127845000156924, 28.50072400009277 ], [ 77.124172999889169, 28.499577999870919 ], [ 77.125234999896136, 28.497523999632566 ], [ 77.12444599970064, 28.49531099968916 ], [ 77.125112999697407, 28.493177000282145 ], [ 77.12204899987519, 28.489362999785605 ], [ 77.123294000180266, 28.487383000253196 ], [ 77.125675000112196, 28.487196000093334 ], [ 77.126501999942533, 28.486183000217821 ], [ 77.125871999755688, 28.484802000225084 ], [ 77.127336000343888, 28.484529000241523 ], [ 77.126918999694055, 28.483194999726898 ], [ 77.125193000063348, 28.482516999750263 ], [ 77.120273999840663, 28.482639999744315 ], [ 77.118255000307016, 28.480527999889542 ], [ 77.114882999614892, 28.481426999628386 ], [ 77.118537000339316, 28.48796400028764 ], [ 77.120731999600082, 28.495940000224557 ], [ 77.114644000138625, 28.497341999811944 ], [ 77.0959220001982, 28.506523999834272 ], [ 77.098528000261012, 28.511041999829267 ], [ 77.093438000334118, 28.513954999649979 ], [ 77.105358000062324, 28.532188000344071 ] ] ] } },
{ "type": "Feature", "properties": { "pincode": "110039", "officename": "Bawana S.O", "officetype": "S.O", "circle": "Delhi", "region": "Div Reporting", "division": "Delhi North", "state": "Delhi", "district": "Delhi North" }, "geometry": { "type": "Polygon", "coordinates": [ [ [ 77.066637000089315, 28.833256000173943 ], [ 77.065700999580727, 28.825255999866183 ], [ 77.06649499979909, 28.822172999754148 ], [ 77.061582000322517, 28.817849000218434 ], [ 77.072159999661281, 28.808261000339826 ], [ 77.076560000025168, 28.811055999952654 ], [ 77.079017999949983, 28.810763999912549 ], [ 77.084112000074825, 28.801650999800202 ], [ 77.086150999699981, 28.800532999822369 ], [ 77.087319999837092, 28.798013000189684 ], [ 77.076348000313061, 28.793292999643793 ], [ 77.071881000002023, 28.784886999988711 ], [ 77.083874000423464, 28.776412000387317 ], [ 77.096589000194953, 28.769111000191884 ], [ 77.089627000149164, 28.768476999831819 ], [ 77.085785999826996, 28.762392000255517 ], [ 77.083660999988112, 28.760470999870339 ], [ 77.081567000111377, 28.754671999934938 ], [ 77.076430000328841, 28.756372999996351 ], [ 77.072439000218822, 28.756674000226248 ], [ 77.072245999875008, 28.749939000299214 ], [ 77.068534000322586, 28.744371000259054 ], [ 77.055016000111863, 28.751654000027628 ], [ 77.05917799992605, 28.76054899994983 ], [ 77.055745000032928, 28.763860000276971 ], [ 77.049436999565103, 28.767734000141548 ], [ 77.048105999944596, 28.763106999818984 ], [ 77.049973000040637, 28.760247999866927 ], [ 77.039802000407661, 28.760209999847074 ], [ 77.041690000420076, 28.763163999836642 ], [ 77.035017000079279, 28.765664999998364 ], [ 77.017979999761678, 28.765890999665402 ], [ 77.016478000436962, 28.766398999653276 ], [ 77.014946000076705, 28.768641000132774 ], [ 77.006188999904921, 28.769674999830926 ], [ 77.005248000271749, 28.772575000100712 ], [ 77.006583000090188, 28.778666000052151 ], [ 76.995506999910774, 28.781432000342907 ], [ 76.983519000410496, 28.781201000074528 ], [ 76.971931000044989, 28.783307000370733 ], [ 76.966352000396569, 28.787971000352972 ], [ 76.952404999840482, 28.788564000060965 ], [ 76.953916000284337, 28.790676000244932 ], [ 76.953336000326175, 28.791630000340088 ], [ 76.94604000036955, 28.797969000389624 ], [ 76.941891000075827, 28.798662000003212 ], [ 76.946267999975205, 28.806558999643507 ], [ 76.945913999972888, 28.811118999924048 ], [ 76.94835500017922, 28.815369000251152 ], [ 76.951013999945502, 28.818183000087775 ], [ 76.961756000214081, 28.814810000192889 ], [ 76.96487299973974, 28.820395999796439 ], [ 76.963474000347176, 28.822261999672488 ], [ 76.964693999639607, 28.824177999939298 ], [ 76.964320000444118, 28.825457000156884 ], [ 76.965441000002357, 28.825512999648033 ], [ 76.965763000217592, 28.827230000019842 ], [ 76.966927000331822, 28.827187000237096 ], [ 76.967010999997413, 28.828050999859418 ], [ 76.973078000440822, 28.826848999825309 ], [ 76.976682999863101, 28.822216000033674 ], [ 76.977383000370168, 28.82267800006845 ], [ 76.979687000309184, 28.821232000190108 ], [ 76.982822000276514, 28.824145999823454 ], [ 76.985912999862919, 28.829392999649112 ], [ 76.987240000183789, 28.835296999990025 ], [ 76.994813999974753, 28.839510000159194 ], [ 76.999276000262924, 28.837877000014931 ], [ 77.002059999702666, 28.839448000205412 ], [ 77.007444000255759, 28.840707999779898 ], [ 77.023333000352622, 28.839365000158718 ], [ 77.040231999679662, 28.832063000079973 ], [ 77.042605999938885, 28.834259999790884 ], [ 77.041841999857724, 28.837859000155824 ], [ 77.045129999985932, 28.840931000015143 ], [ 77.04504799997018, 28.845908000032164 ], [ 77.070065999784532, 28.835090000224781 ], [ 77.070006000408355, 28.833335999739798 ], [ 77.066637000089315, 28.833256000173943 ] ] ] } },
{ "type": "Feature", "properties": { "pincode": "110040", "officename": "Narela S.O", "officetype": "S.O", "circle": "Delhi", "region": "Div Reporting", "division": "Delhi North", "state": "Delhi", "district": "Delhi North" }, "geometry": { "type": "Polygon", "coordinates": [ [ [ 77.093845999864797, 28.871533000080642 ], [ 77.109827000023202, 28.870070000352445 ], [ 77.112391000253226, 28.866556999927663 ], [ 77.11569500027494, 28.864953000057209 ], [ 77.116442999564242, 28.863182000121572 ], [ 77.120835000430546, 28.859935999854866 ], [ 77.121176999839008, 28.85763600035169 ], [ 77.123368999625043, 28.854070000049919 ], [ 77.101899000229864, 28.854891999774477 ], [ 77.108754999970472, 28.817279000012949 ], [ 77.107133999921729, 28.81626800007745 ], [ 77.095950999612199, 28.817065999997109 ], [ 77.08624100011167, 28.815470000340138 ], [ 77.072159999661281, 28.808261000339826 ], [ 77.061582000322517, 28.817849000218434 ], [ 77.06649499979909, 28.822172999754148 ], [ 77.065700999580727, 28.825255999866183 ], [ 77.066637000089315, 28.833256000173943 ], [ 77.070006000408355, 28.833335999739798 ], [ 77.070065999784532, 28.835090000224781 ], [ 77.045104999871569, 28.846200999951613 ], [ 77.051019999979019, 28.854669000357514 ], [ 77.054544999933654, 28.862971000285924 ], [ 77.060977000250034, 28.871039000013489 ], [ 77.069244999801967, 28.867184999700182 ], [ 77.071749999582437, 28.868929000282051 ], [ 77.074611999738281, 28.867518000248527 ], [ 77.07924200025596, 28.871953000281167 ], [ 77.077648999796338, 28.877175000364076 ], [ 77.080546999937198, 28.879854999721317 ], [ 77.082660000080523, 28.883500000061737 ], [ 77.086831999940472, 28.880891000164127 ], [ 77.088079999720279, 28.876936999965579 ], [ 77.087560999861537, 28.87532999963048 ], [ 77.093845999864797, 28.871533000080642 ] ] ] } },
{ "type": "Feature", "properties": { "pincode": "110041", "officename": "Nangloi S.O", "officetype": "S.O", "circle": "Delhi", "region": "Div Reporting", "division": "New Delhi West", "state": "Delhi", "district": "New Delhi West" }, "geometry": { "type": "Polygon", "coordinates": [ [ [ 76.963527999875538, 28.694266999740943 ], [ 77.002714000178969, 28.690520000015507 ], [ 77.00323499968755, 28.691415999713836 ], [ 77.102074999956997, 28.682781000293897 ], [ 77.101459000013818, 28.680404000255415 ], [ 77.105264000350985, 28.680310000218583 ], [ 77.105230999840714, 28.677981999823398 ], [ 77.076463999765679, 28.68136300008625 ], [ 77.076507000321712, 28.676524000079674 ], [ 77.078350999953201, 28.665695000338193 ], [ 77.08072799968717, 28.657569999967485 ], [ 77.082164999612871, 28.656408000219447 ], [ 77.081956000273806, 28.655269000155325 ], [ 77.076548000329595, 28.652820999734463 ], [ 77.064694999650243, 28.642157000259797 ], [ 77.058690000029443, 28.637818000308076 ], [ 77.056062000225296, 28.639658999659037 ], [ 77.056120999776525, 28.644357000111761 ], [ 77.05546600037367, 28.645910999857485 ], [ 77.051656999838528, 28.649347000290696 ], [ 77.048546000160655, 28.650171000139391 ], [ 77.040746000413876, 28.649917000330984 ], [ 77.040655000177267, 28.650862000272635 ], [ 77.035362999685688, 28.650297999812896 ], [ 77.034417999854583, 28.654366000206526 ], [ 77.027634000084035, 28.659335999722966 ], [ 76.999354999905634, 28.648077999717351 ], [ 76.985830999847138, 28.648179999609706 ], [ 76.978595999989878, 28.656670999861369 ], [ 76.96495599958044, 28.65994700016498 ], [ 76.956974000258768, 28.663132000094009 ], [ 76.959838000064437, 28.668226999760439 ], [ 76.955000999857532, 28.670338000296127 ], [ 76.955945999688652, 28.672811999675631 ], [ 76.956658999716169, 28.680646999976457 ], [ 76.958549000276761, 28.685708999753324 ], [ 76.963339999554591, 28.692366999672814 ], [ 76.963527999875538, 28.694266999740943 ] ] ] } },
{ "type": "Feature", "properties": { "pincode": "110042", "officename": "Samai Pur S.O", "officetype": "S.O", "circle": "Delhi", "region": "Div Reporting", "division": "Delhi North", "state": "Delhi", "district": "Delhi North" }, "geometry": { "type": "Polygon", "coordinates": [ [ [ 77.1054209998115, 28.769915999957561 ], [ 77.151448999611802, 28.763896999665846 ], [ 77.159348999816004, 28.767810000201191 ], [ 77.171677999798121, 28.767547000308337 ], [ 77.175078999904215, 28.764408000163918 ], [ 77.174227999784463, 28.760470999870339 ], [ 77.178008000007239, 28.758182999962344 ], [ 77.180024999891103, 28.758163000221188 ], [ 77.178851999556016, 28.75539000012153 ], [ 77.181496000151981, 28.75483099977993 ], [ 77.182618000433422, 28.753580999965941 ], [ 77.182466999922383, 28.74956400011018 ], [ 77.183742000364688, 28.747647999631717 ], [ 77.183984000214039, 28.745306999917425 ], [ 77.18559299966887, 28.743816999842451 ], [ 77.188597000114939, 28.743869999813235 ], [ 77.189083000361748, 28.740864000240258 ], [ 77.192178999971034, 28.737590999729338 ], [ 77.191510000324442, 28.736978999931747 ], [ 77.190947999909625, 28.73007100015576 ], [ 77.181466000014751, 28.732109000136109 ], [ 77.170420999797457, 28.736951999997128 ], [ 77.161867000015249, 28.73732499987673 ], [ 77.157798999912373, 28.735513999612593 ], [ 77.151411999801851, 28.730619000111027 ], [ 77.150631000002278, 28.731463999927993 ], [ 77.146346999989305, 28.728677000297068 ], [ 77.143292000387945, 28.729647999987787 ], [ 77.140098999795953, 28.73249999991204 ], [ 77.139578000287386, 28.73482099960647 ], [ 77.142950000081186, 28.737844000009051 ], [ 77.139050000207789, 28.740418000293349 ], [ 77.139735999572807, 28.741399999797903 ], [ 77.138646999801651, 28.742164999696413 ], [ 77.138428000416866, 28.740747000097535 ], [ 77.137187000309723, 28.740258000243919 ], [ 77.136099000363458, 28.740956999916911 ], [ 77.137359999663786, 28.742360000102739 ], [ 77.136721000154381, 28.742819000276835 ], [ 77.131820000373381, 28.743091999979956 ], [ 77.13122100014867, 28.743737000088299 ], [ 77.129596999726914, 28.743025000286231 ], [ 77.1286679997893, 28.744454999843917 ], [ 77.122772999773375, 28.743248000052557 ], [ 77.11785500027392, 28.744885000261476 ], [ 77.11399499968519, 28.741917999866896 ], [ 77.113453000260193, 28.74090000037901 ], [ 77.114258000349224, 28.740308000285655 ], [ 77.113327999688423, 28.739244000062506 ], [ 77.110032999887522, 28.737917000330842 ], [ 77.112447000329709, 28.73609399975404 ], [ 77.107103999784528, 28.738501000281079 ], [ 77.101171000133746, 28.737191999696552 ], [ 77.099546999711961, 28.738176000262449 ], [ 77.098811999943138, 28.737431000076825 ], [ 77.095108999713247, 28.737059000134714 ], [ 77.093812000427903, 28.735542000280091 ], [ 77.090917999586679, 28.737521000206883 ], [ 77.088304000026284, 28.734656999747539 ], [ 77.086960999811879, 28.735156000319645 ], [ 77.085205999868876, 28.73264000012286 ], [ 77.083127999885676, 28.742881999726404 ], [ 77.069171000182095, 28.745326000278027 ], [ 77.072245999875008, 28.749939000299214 ], [ 77.072439000218822, 28.756674000226248 ], [ 77.076430000328841, 28.756372999996351 ], [ 77.081567000111377, 28.754671999934938 ], [ 77.083660999988112, 28.760470999870339 ], [ 77.085785999826996, 28.762392000255517 ], [ 77.089627000149164, 28.768476999831819 ], [ 77.1054209998115, 28.769915999957561 ] ] ] } },
{ "type": "Feature", "properties": { "pincode": "110043", "officename": "Najafgarh S.O", "officetype": "S.O", "circle": "Delhi", "region": "Div Reporting", "division": "New Delhi West", "state": "Delhi", "district": "New Delhi West" }, "geometry": { "type": "Polygon", "coordinates": [ [ [ 76.978595999989878, 28.656670999861369 ], [ 76.985830999847138, 28.648179999609706 ], [ 76.999354999905634, 28.648077999717351 ], [ 77.027634000084035, 28.659335999722966 ], [ 77.034417999854583, 28.654366000206526 ], [ 77.035362999685688, 28.650297999812896 ], [ 77.040655000177267, 28.650862000272635 ], [ 77.040746000413876, 28.649917000330984 ], [ 77.039438000359596, 28.650068999818497 ], [ 77.025982000073142, 28.640418999842552 ], [ 77.025734000376048, 28.633446999688491 ], [ 77.022961999733567, 28.628461000188739 ], [ 77.023312000436249, 28.620155999824131 ], [ 77.022018999552273, 28.616667000351306 ], [ 77.01961000003125, 28.614739999712093 ], [ 77.016864000226349, 28.61037000021113 ], [ 77.012135999799398, 28.606278000382257 ], [ 77.014867000433995, 28.60241400000718 ], [ 77.015972000098657, 28.599094000254329 ], [ 77.013473999990879, 28.596165999828234 ], [ 77.00980699974599, 28.594128000275251 ], [ 77.005133999570631, 28.583523000035143 ], [ 76.999956999605075, 28.582477999728468 ], [ 76.996366000426491, 28.585426000025357 ], [ 76.994733999608812, 28.584899000159552 ], [ 76.995420999697046, 28.572839000201842 ], [ 76.989754000185059, 28.569296000222586 ], [ 76.990698000191301, 28.565149999894782 ], [ 76.989811999911396, 28.55979799970471 ], [ 76.990523000289116, 28.55559400016601 ], [ 76.987656000110377, 28.553727000011957 ], [ 76.981611000306614, 28.553615999985048 ], [ 76.975777000390053, 28.549168000251591 ], [ 76.97399999980739, 28.541477000146628 ], [ 76.978411999866879, 28.525807000042516 ], [ 76.97547899956588, 28.525415999861536 ], [ 76.972926999929754, 28.524030000236902 ], [ 76.97499599969214, 28.519635999735893 ], [ 76.976199999989362, 28.519078000198281 ], [ 76.9707400001666, 28.515193000112081 ], [ 76.964907000074959, 28.512571999704583 ], [ 76.953811999628954, 28.504899999931798 ], [ 76.948822000159467, 28.504028999677775 ], [ 76.941665000120025, 28.504538999957632 ], [ 76.933491000279417, 28.509696000300266 ], [ 76.927326999751656, 28.510516000337219 ], [ 76.927899000212193, 28.511539000039637 ], [ 76.920056999734285, 28.520324000088255 ], [ 76.939567000045301, 28.529186000150393 ], [ 76.948760000235197, 28.543171999899343 ], [ 76.949002000084548, 28.554367000173805 ], [ 76.944995000081036, 28.561829999908984 ], [ 76.940501000005796, 28.576274999828506 ], [ 76.941168999827454, 28.584909000015458 ], [ 76.92938899984135, 28.59620699980659 ], [ 76.896601000417405, 28.624872000026251 ], [ 76.882269999721757, 28.615814999644179 ], [ 76.880343123318795, 28.615319774639808 ], [ 76.882222000041182, 28.622205999942707 ], [ 76.885835999684318, 28.629571999788631 ], [ 76.888333999792096, 28.631955999815389 ], [ 76.893268999908315, 28.631692999699677 ], [ 76.906468000276774, 28.623796999769581 ], [ 76.908561000328618, 28.626989000215122 ], [ 76.91428899993997, 28.632350000050497 ], [ 76.920575999593041, 28.631331000222414 ], [ 76.9242610002796, 28.628139000135032 ], [ 76.927459999821039, 28.623563000221431 ], [ 76.934570000004854, 28.618354000012182 ], [ 76.937243999839723, 28.622007000158234 ], [ 76.941307999744637, 28.625665999954105 ], [ 76.946949000215668, 28.622313999739148 ], [ 76.959145000128387, 28.620450000018604 ], [ 76.968776999811126, 28.622633999798012 ], [ 76.976508999785821, 28.625267999720023 ], [ 76.971823999914889, 28.636437999696714 ], [ 76.969075999561866, 28.656926000188015 ], [ 76.96495599958044, 28.65994700016498 ], [ 76.978595999989878, 28.656670999861369 ] ] ] } },
{ "type": "Feature", "properties": { "pincode": "110044", "officename": "Badarpur S.O South Delhi", "officetype": "S.O", "circle": "Delhi", "region": "Div Reporting", "division": "New Delhi South", "state": "Delhi", "district": "New Delhi South" }, "geometry": { "type": "Polygon", "coordinates": [ [ [ 77.291468999603936, 28.525951999944883 ], [ 77.299378000028966, 28.509483999631009 ], [ 77.300209999882199, 28.508885000021042 ], [ 77.301789999923017, 28.509955000260408 ], [ 77.302482000034161, 28.508419000147821 ], [ 77.308644999838691, 28.512431000042383 ], [ 77.309035999650973, 28.513801999746846 ], [ 77.330109000284381, 28.520438999857269 ], [ 77.333630999866017, 28.525783000170087 ], [ 77.338338000376581, 28.522831000237385 ], [ 77.34704402115598, 28.520833980778157 ], [ 77.347570999851101, 28.519054000372588 ], [ 77.34544400036242, 28.513251000129525 ], [ 77.336112000255355, 28.505189000007082 ], [ 77.335302999968349, 28.502221000319267 ], [ 77.326827999828893, 28.490106000368463 ], [ 77.318346999841623, 28.487354000106546 ], [ 77.314099999638572, 28.483606999675619 ], [ 77.306529000220664, 28.489388000389692 ], [ 77.300785999642386, 28.489850999611249 ], [ 77.300599000044627, 28.494169000288164 ], [ 77.298373999748321, 28.494287000241471 ], [ 77.295305999728143, 28.495941999990592 ], [ 77.290266000029959, 28.496534999606681 ], [ 77.276535000282237, 28.49328300007824 ], [ 77.272059999575248, 28.490802000127058 ], [ 77.269451000037691, 28.486638000303408 ], [ 77.259769000126269, 28.484268000265374 ], [ 77.253121999724769, 28.491153999972934 ], [ 77.260501000420362, 28.503166999643128 ], [ 77.259721000445694, 28.505128000234674 ], [ 77.261268999801189, 28.51123799998069 ], [ 77.251801999974916, 28.51167400012277 ], [ 77.25307099967111, 28.515419000082815 ], [ 77.256053000375914, 28.515819000254737 ], [ 77.26388699955956, 28.51909999990211 ], [ 77.263549000349073, 28.520689999926294 ], [ 77.264818000045281, 28.520241000135908 ], [ 77.265601000393033, 28.521155000003663 ], [ 77.275417000198743, 28.522723000087378 ], [ 77.281135999589281, 28.515121999640645 ], [ 77.280832999640566, 28.509993000234545 ], [ 77.286330000171546, 28.507239999727272 ], [ 77.292595999908258, 28.507617000238273 ], [ 77.286765000364738, 28.525199000011352 ], [ 77.283124999884024, 28.524670000083308 ], [ 77.281063999619249, 28.534216000153794 ], [ 77.284787999765527, 28.535558000369232 ], [ 77.288178000000997, 28.529594999810005 ], [ 77.291468999603936, 28.525951999944883 ] ] ] } },
{ "type": "Feature", "properties": { "pincode": "110045", "officename": "Palam Village S.O", "officetype": "S.O", "circle": "Delhi", "region": "Div Reporting", "division": "New Delhi West", "state": "Delhi", "district": "New Delhi West" }, "geometry": { "type": "Polygon", "coordinates": [ [ [ 77.092635999719803, 28.610181999877881 ], [ 77.092579999643291, 28.608823000193308 ], [ 77.090351000047349, 28.60847499990831 ], [ 77.093778999917646, 28.602537999734327 ], [ 77.092694000344451, 28.600794999994466 ], [ 77.09498599968957, 28.598671000363403 ], [ 77.098564000246014, 28.600668000359846 ], [ 77.099473999917024, 28.600186999998382 ], [ 77.101249999776456, 28.598405000203329 ], [ 77.101014999599826, 28.597848000121498 ], [ 77.102586000318141, 28.596988999833062 ], [ 77.101552999725172, 28.595545999995267 ], [ 77.090875999753891, 28.582736000383839 ], [ 77.091434999795638, 28.58408399963594 ], [ 77.087459999579167, 28.586824999661793 ], [ 77.084568000184404, 28.587818999711281 ], [ 77.081387000186339, 28.588360999615301 ], [ 77.07777699984284, 28.586556999874826 ], [ 77.075544000048936, 28.587290999807529 ], [ 77.076467000138763, 28.588553999698284 ], [ 77.075648999630928, 28.590311999921916 ], [ 77.077695999651993, 28.590362999943249 ], [ 77.078725000047029, 28.592362000343137 ], [ 77.078002999798656, 28.596006000221461 ], [ 77.075615000194063, 28.597541000013877 ], [ 77.073362000308649, 28.594827999798937 ], [ 77.072476999853677, 28.59495699964533 ], [ 77.072508999640718, 28.597239000322716 ], [ 77.074139999735195, 28.598897000237287 ], [ 77.071386000432682, 28.60090900014433 ], [ 77.070353999664604, 28.603186999945137 ], [ 77.072862999643036, 28.605444000274066 ], [ 77.078248999845968, 28.607602999660241 ], [ 77.087132000414442, 28.613516000282115 ], [ 77.093538599967829, 28.610597045087385 ], [ 77.092635999719803, 28.610181999877881 ] ] ] } },
{ "type": "Feature", "properties": { "pincode": "110046", "officename": "Nangal Raya S.O", "officetype": "S.O", "circle": "Delhi", "region": "Div Reporting", "division": "New Delhi West", "state": "Delhi", "district": "New Delhi West" }, "geometry": { "type": "Polygon", "coordinates": [ [ [ 77.114433000251424, 28.611016000226329 ], [ 77.102586000318141, 28.596988999833062 ], [ 77.098667000178182, 28.600643000128041 ], [ 77.095661999907179, 28.598765000223395 ], [ 77.093526000197642, 28.599519000186454 ], [ 77.093871999804051, 28.600123999871581 ], [ 77.092617000351552, 28.601430999873532 ], [ 77.093778999917646, 28.602537999734327 ], [ 77.090351000047349, 28.60847499990831 ], [ 77.092579999643291, 28.608823000193308 ], [ 77.092635999719803, 28.610181999877881 ], [ 77.093538599967829, 28.610597045087385 ], [ 77.097217999658596, 28.608982000007856 ], [ 77.100551999817526, 28.609207999786374 ], [ 77.103268000383522, 28.608339000100028 ], [ 77.103491999791189, 28.608935000320844 ], [ 77.105024999976379, 28.60782500002313 ], [ 77.105604999934513, 28.608305000120449 ], [ 77.105144999626987, 28.607471000330499 ], [ 77.107124999700901, 28.606715999841501 ], [ 77.108012999630631, 28.608329000107179 ], [ 77.106276000129242, 28.609127999690028 ], [ 77.10765699997846, 28.610496999947994 ], [ 77.105010999732684, 28.612968000254394 ], [ 77.109667000189617, 28.616227999877395 ], [ 77.114433000251424, 28.611016000226329 ] ] ] } },
{ "type": "Feature", "properties": { "pincode": "110047", "officename": "Arjungarh S.O", "officetype": "S.O", "circle": "Delhi", "region": "Div Reporting", "division": "New Delhi South West", "state": "Delhi", "district": "New Delhi South West" }, "geometry": { "type": "Polygon", "coordinates": [ [ [ 77.135160000380139, 28.485685000217618 ], [ 77.14409699957865, 28.475878000360282 ], [ 77.147984999756503, 28.474040999876529 ], [ 77.157165000425891, 28.473359999674756 ], [ 77.158120000302759, 28.471208999608493 ], [ 77.16137099972272, 28.471021000303239 ], [ 77.161488999723474, 28.466862000362532 ], [ 77.162438999577503, 28.46458299983837 ], [ 77.150701000322471, 28.440572999785719 ], [ 77.15199400030815, 28.439289000106356 ], [ 77.151768000352348, 28.438392999839056 ], [ 77.153098999972812, 28.437590999765373 ], [ 77.1424449995678, 28.437341999700436 ], [ 77.141077999962278, 28.436697000223869 ], [ 77.132325999813375, 28.439143999646781 ], [ 77.131416000142337, 28.440610000228318 ], [ 77.128593000344537, 28.44093300038298 ], [ 77.123628999916022, 28.44545600005906 ], [ 77.121847000208831, 28.458507000156676 ], [ 77.116836003517903, 28.462835007265681 ], [ 77.110777999702094, 28.471312000182298 ], [ 77.112966000188479, 28.471230000093975 ], [ 77.114882999614892, 28.481426999628386 ], [ 77.118255000307016, 28.480527999889542 ], [ 77.120273999840663, 28.482639999744315 ], [ 77.125193000063348, 28.482516999750263 ], [ 77.126918999694055, 28.483194999726898 ], [ 77.127336000343888, 28.484529000241523 ], [ 77.125993999954432, 28.484529000241523 ], [ 77.126501999942533, 28.486183000217821 ], [ 77.1255629999592, 28.487852000130218 ], [ 77.137418000288406, 28.488693999897155 ], [ 77.135232000350157, 28.486666000281083 ], [ 77.135160000380139, 28.485685000217618 ] ] ] } },
{ "type": "Feature", "properties": { "pincode": "110048", "officename": "Greater Kailash S.O", "officetype": "S.O", "circle": "Delhi", "region": "Div Reporting", "division": "New Delhi South", "state": "Delhi", "district": "New Delhi South" }, "geometry": { "type": "Polygon", "coordinates": [ [ [ 77.247300000402063, 28.530374000222587 ], [ 77.244012000273855, 28.523021999683795 ], [ 77.23991400003375, 28.526603999806092 ], [ 77.23624500013905, 28.527432999984317 ], [ 77.234915000343449, 28.526585000051156 ], [ 77.233798000084875, 28.529526000273954 ], [ 77.232639999818446, 28.530298999906535 ], [ 77.232073000279073, 28.54102500018347 ], [ 77.228354000155662, 28.549958999903264 ], [ 77.228175000055501, 28.554066000116265 ], [ 77.231818000010975, 28.560143000364544 ], [ 77.237943000180664, 28.55868499995351 ], [ 77.247728000024253, 28.551567999888203 ], [ 77.25045399973763, 28.546039000035314 ], [ 77.242634999724288, 28.542611999820465 ], [ 77.242274000049278, 28.539459999713586 ], [ 77.246389999832729, 28.535821000324358 ], [ 77.245615999705834, 28.534713999947602 ], [ 77.247215000013242, 28.53218399981861 ], [ 77.247300000402063, 28.530374000222587 ] ] ] } },
{ "type": "Feature", "properties": { "pincode": "110049", "officename": "Andrewsganj S.O", "officetype": "S.O", "circle": "Delhi", "region": "Div Reporting", "division": "New Delhi South", "state": "Delhi", "district": "New Delhi South" }, "geometry": { "type": "Polygon", "coordinates": [ [ [ 77.220563999556305, 28.574100999772835 ], [ 77.222083000396097, 28.571864000053367 ], [ 77.224253000440797, 28.57058499990314 ], [ 77.223115000265835, 28.568684000389798 ], [ 77.230155000129415, 28.566120999903806 ], [ 77.235098999568166, 28.565615000200399 ], [ 77.228175000055501, 28.554066000116265 ], [ 77.22428199985481, 28.554794000394082 ], [ 77.222856999624668, 28.553327999838583 ], [ 77.21932199962427, 28.54437099969438 ], [ 77.215467999781637, 28.546410000314726 ], [ 77.214598000293549, 28.548423000327944 ], [ 77.212191000422379, 28.549809000272184 ], [ 77.212964999650978, 28.551221999780626 ], [ 77.211104000301049, 28.551797000011483 ], [ 77.212741000243284, 28.554233000052577 ], [ 77.209649999758582, 28.556894999943349 ], [ 77.207564000277742, 28.557680000205966 ], [ 77.212444999967289, 28.564758999778309 ], [ 77.21296800002402, 28.565055000343158 ], [ 77.215271999963036, 28.563001999711393 ], [ 77.216337000343074, 28.565992999800169 ], [ 77.215196999619963, 28.56653399974968 ], [ 77.216877999943151, 28.568318999617471 ], [ 77.217637000001432, 28.571953000063807 ], [ 77.219289000012296, 28.573704999716966 ], [ 77.219700999740951, 28.572914000203149 ], [ 77.220563999556305, 28.574100999772835 ] ] ] } },
{ "type": "Feature", "properties": { "pincode": "110051", "officename": "Krishna Nagar H.O", "officetype": "H.O", "circle": "Delhi", "region": "Div Reporting", "division": "Delhi East", "state": "Delhi", "district": "Delhi East" }, "geometry": { "type": "Polygon", "coordinates": [ [ [ 77.291589999977759, 28.655126999799606 ], [ 77.292400000089657, 28.652736000308046 ], [ 77.293866000327696, 28.653103000259186 ], [ 77.294442999912789, 28.650360000193587 ], [ 77.299268000424121, 28.644794000319557 ], [ 77.285862000366393, 28.643786000150946 ], [ 77.281333000131085, 28.642767000218925 ], [ 77.271652000044568, 28.658847000054713 ], [ 77.279076999872615, 28.661295000081751 ], [ 77.275541000047284, 28.670857000186803 ], [ 77.28017999988748, 28.67166200008235 ], [ 77.280847999709167, 28.669105999841449 ], [ 77.291589999977759, 28.655126999799606 ] ] ] } },
{ "type": "Feature", "properties": { "pincode": "110052", "officename": "Ashok Vihar H.O", "officetype": "H.O", "circle": "Delhi", "region": "Div Reporting", "division": "Delhi North", "state": "Delhi", "district": "Delhi North" }, "geometry": { "type": "Polygon", "coordinates": [ [ [ 77.183628346413258, 28.669887666499871 ], [ 77.171174000007966, 28.672063999985252 ], [ 77.167023999889295, 28.678427000322579 ], [ 77.157356000221583, 28.699170999738421 ], [ 77.170435999866086, 28.704082999811416 ], [ 77.173421999870484, 28.707230999768196 ], [ 77.181969999804906, 28.697910999913038 ], [ 77.191423000285781, 28.678653000273709 ], [ 77.188611000358634, 28.677767999933852 ], [ 77.189461999580132, 28.675942999701476 ], [ 77.183628346413258, 28.669887666499871 ] ] ] } },
{ "type": "Feature", "properties": { "pincode": "110053", "officename": "Seelampur S.O", "officetype": "S.O", "circle": "Delhi", "region": "Div Reporting", "division": "Delhi East", "state": "Delhi", "district": "Delhi East" }, "geometry": { "type": "Polygon", "coordinates": [ [ [ 77.28017999988748, 28.67166200008235 ], [ 77.261371999733356, 28.669242999929697 ], [ 77.248104999592798, 28.66352799962138 ], [ 77.240730999818368, 28.665830999916832 ], [ 77.235096000093421, 28.671059000094665 ], [ 77.234407000355347, 28.67081700039294 ], [ 77.233060999767901, 28.672666000319893 ], [ 77.230089000007197, 28.688677000168909 ], [ 77.231183999626154, 28.71247300000104 ], [ 77.258605999836945, 28.704138999852162 ], [ 77.285619999618746, 28.701737000358754 ], [ 77.274997999899071, 28.682935000348944 ], [ 77.276319000372155, 28.681769000153171 ], [ 77.279934999665102, 28.67488800021 ], [ 77.28017999988748, 28.67166200008235 ] ] ] } },
{ "type": "Feature", "properties": { "pincode": "110054", "officename": "Civil Lines S.O North Delhi", "officetype": "S.O", "circle": "Delhi", "region": "Div Reporting", "division": "Delhi North", "state": "Delhi", "district": "Delhi North" }, "geometry": { "type": "Polygon", "coordinates": [ [ [ 77.221462000430066, 28.715716999757628 ], [ 77.226832999666044, 28.712776000227827 ], [ 77.226774999939707, 28.714175999618735 ], [ 77.227755999755857, 28.711524000356231 ], [ 77.231279000060695, 28.714546000300071 ], [ 77.230089000007197, 28.688677000168909 ], [ 77.233060999767901, 28.672666000319893 ], [ 77.234407000355347, 28.67081700039294 ], [ 77.224207000410033, 28.667987999692841 ], [ 77.224965999570031, 28.665418000221649 ], [ 77.222158999665766, 28.664938999880352 ], [ 77.219973999552423, 28.665904000046766 ], [ 77.218350999853868, 28.664985000251718 ], [ 77.21802500033894, 28.663721000283857 ], [ 77.213630999822826, 28.664044000152327 ], [ 77.212342999860013, 28.666114999812518 ], [ 77.211828000199233, 28.669691999740113 ], [ 77.212471999731463, 28.670633000356425 ], [ 77.214059000343312, 28.670031000163696 ], [ 77.215220999909405, 28.671757000180939 ], [ 77.216935999669474, 28.671838000006172 ], [ 77.217579000275109, 28.677824999991348 ], [ 77.221182999872482, 28.690960000037595 ], [ 77.220909000236105, 28.692633999614536 ], [ 77.209032000165593, 28.697313000246176 ], [ 77.21751800017573, 28.708317999769257 ], [ 77.219338000416101, 28.713737999862886 ], [ 77.221462000430066, 28.715716999757628 ] ] ] } },
{ "type": "Feature", "properties": { "pincode": "110055", "officename": "Swami Ram Tirth Nagar S.O", "officetype": "S.O", "circle": "Delhi", "region": "Div Reporting", "division": "New Delhi Central", "state": "Delhi", "district": "New Delhi Central" }, "geometry": { "type": "Polygon", "coordinates": [ [ [ 77.207806000127093, 28.653855000315758 ], [ 77.216802999600077, 28.654127999627729 ], [ 77.220535000142306, 28.644517000164594 ], [ 77.21923999960849, 28.643923000217832 ], [ 77.219883000214111, 28.635791999979521 ], [ 77.214139999635861, 28.636440999680044 ], [ 77.203404999938272, 28.642596999979425 ], [ 77.198750000204569, 28.643979999761399 ], [ 77.201300000190869, 28.646741000064122 ], [ 77.199961999999374, 28.648396000028018 ], [ 77.202966000445443, 28.649808999772898 ], [ 77.201871999753109, 28.651560000060446 ], [ 77.204210999852236, 28.655119000217976 ], [ 77.206746999594827, 28.655082000174147 ], [ 77.207806000127093, 28.653855000315758 ] ] ] } },
{ "type": "Feature", "properties": { "pincode": "110056", "officename": "Shakur Basti Depot S.O", "officetype": "S.O", "circle": "Delhi", "region": "Div Reporting", "division": "Delhi North", "state": "Delhi", "district": "Delhi North" }, "geometry": { "type": "Polygon", "coordinates": [ [ [ 77.120591000033073, 28.685787999724692 ], [ 77.121771000040837, 28.679198999831385 ], [ 77.129667000047107, 28.676619999846906 ], [ 77.140116000412732, 28.675321000242374 ], [ 77.140605000134258, 28.674590999995772 ], [ 77.140185999834614, 28.674063999973917 ], [ 77.135374999566977, 28.674342000249975 ], [ 77.105230999840714, 28.677981999823398 ], [ 77.105264000350985, 28.680310000218583 ], [ 77.101459000013818, 28.680404000255415 ], [ 77.102740000303939, 28.688405000259444 ], [ 77.119113999924409, 28.68731999996362 ], [ 77.120591000033073, 28.685787999724692 ] ] ] } },
{ "type": "Feature", "properties": { "pincode": "110057", "officename": "Vasant Vihar1 S.O", "officetype": "S.O", "circle": "Delhi", "region": "Div Reporting", "division": "New Delhi South West", "state": "Delhi", "district": "New Delhi South West" }, "geometry": { "type": "Polygon", "coordinates": [ [ [ 77.159480000235561, 28.575088999859805 ], [ 77.171052999634128, 28.559468000142328 ], [ 77.166648999970604, 28.555363999907357 ], [ 77.166106999647283, 28.553134999831183 ], [ 77.161328000065012, 28.546905999695309 ], [ 77.158773999880722, 28.547894999985065 ], [ 77.155554000422896, 28.550471999804167 ], [ 77.154344000277931, 28.549242999761223 ], [ 77.146674000227478, 28.553607000041684 ], [ 77.144505000007655, 28.555622999696414 ], [ 77.149708999737385, 28.561856999994742 ], [ 77.147084000306279, 28.563908999659013 ], [ 77.149269000419622, 28.565028000288816 ], [ 77.153426000210985, 28.565574999745866 ], [ 77.155884000135799, 28.568387000185854 ], [ 77.154032999933307, 28.570092000351458 ], [ 77.15330200036243, 28.572453000380424 ], [ 77.155838999929927, 28.573736999976052 ], [ 77.155849999800594, 28.575168999831309 ], [ 77.159480000235561, 28.575088999859805 ] ] ] } },
{ "type": "Feature", "properties": { "pincode": "110058", "officename": "Janakpuri B 1 S.O", "officetype": "S.O", "circle": "Delhi", "region": "Div Reporting", "division": "New Delhi West", "state": "Delhi", "district": "New Delhi West" }, "geometry": { "type": "Polygon", "coordinates": [ [ [ 77.094116000201524, 28.622394000042448 ], [ 77.098974000324844, 28.610806000007738 ], [ 77.104593999981162, 28.6133580001847 ], [ 77.10765699997846, 28.610496999947994 ], [ 77.106276000129242, 28.609127999690028 ], [ 77.108012999630631, 28.608329000107179 ], [ 77.107124999700901, 28.606715999841501 ], [ 77.105144999626987, 28.607471000330499 ], [ 77.105604999934513, 28.608305000120449 ], [ 77.105024999976379, 28.60782500002313 ], [ 77.103491999791189, 28.608935000320844 ], [ 77.103268000383522, 28.608339000100028 ], [ 77.095784000105922, 28.609573999785258 ], [ 77.068404999552826, 28.622369000249915 ], [ 77.066806000143714, 28.625712000204796 ], [ 77.095651000036511, 28.636626000324512 ], [ 77.096884999572652, 28.636066000313544 ], [ 77.101433000074564, 28.625005000193557 ], [ 77.09659400021782, 28.623278000360436 ], [ 77.096815999975689, 28.622760999686513 ], [ 77.094116000201524, 28.622394000042448 ] ] ] } },
{ "type": "Feature", "properties": { "pincode": "110059", "officename": "D. K. Mohan Garden S.O", "officetype": "S.O", "circle": "Delhi", "region": "Div Reporting", "division": "New Delhi West", "state": "Delhi", "district": "New Delhi West" }, "geometry": { "type": "Polygon", "coordinates": [ [ [ 77.04568999985257, 28.650260999644587 ], [ 77.051656999838528, 28.649347000290696 ], [ 77.05546600037367, 28.645910999857485 ], [ 77.056120999776525, 28.644357000111761 ], [ 77.056062000225296, 28.639658999659037 ], [ 77.057617000151808, 28.637972999922784 ], [ 77.060148999696452, 28.638166000318385 ], [ 77.068404999552826, 28.622369000249915 ], [ 77.086954999964107, 28.613096999912397 ], [ 77.078248999845968, 28.607602999660241 ], [ 77.072862999643036, 28.605444000274066 ], [ 77.071548999740983, 28.603659000376915 ], [ 77.065272000133632, 28.600160000286699 ], [ 77.063599000206366, 28.598337000113638 ], [ 77.055037000028236, 28.604111000266677 ], [ 77.04227000037821, 28.608336000102256 ], [ 77.042742000381324, 28.610634000094318 ], [ 77.038643000316313, 28.611933999722499 ], [ 77.037849000097907, 28.614872000159217 ], [ 77.033428999642538, 28.613139000335355 ], [ 77.03254900010873, 28.614420000042514 ], [ 77.028515000341031, 28.61438199989869 ], [ 77.027335000333267, 28.616304000392553 ], [ 77.029539999639795, 28.618811999942512 ], [ 77.023312000436249, 28.620155999824131 ], [ 77.022823999641304, 28.622276000086295 ], [ 77.022961999733567, 28.628461000188739 ], [ 77.025734000376048, 28.633446999688491 ], [ 77.025982000073142, 28.640418999842552 ], [ 77.039438000359596, 28.650068999818497 ], [ 77.04568999985257, 28.650260999644587 ] ] ] } },
{ "type": "Feature", "properties": { "pincode": "110060", "officename": "Rajender Nagar S.O", "officetype": "S.O", "circle": "Delhi", "region": "Div Reporting", "division": "New Delhi Central", "state": "Delhi", "district": "New Delhi Central" }, "geometry": { "type": "Polygon", "coordinates": [ [ [ 77.200127999680717, 28.642211000156294 ], [ 77.200947999838377, 28.640959000195807 ], [ 77.198672000386765, 28.635659000077407 ], [ 77.195909999790004, 28.631769999834749 ], [ 77.192148000008899, 28.627295000390017 ], [ 77.191450999874874, 28.627641999998662 ], [ 77.190265999844257, 28.626043999702517 ], [ 77.188233000066887, 28.626149999833995 ], [ 77.18405100016119, 28.622205999942707 ], [ 77.185837000066343, 28.620870000107534 ], [ 77.183055000276426, 28.616566999634117 ], [ 77.18149799980182, 28.610530000028369 ], [ 77.17408899986728, 28.610792000346255 ], [ 77.172754000048798, 28.609315000342445 ], [ 77.165121999633186, 28.614546999614074 ], [ 77.165925999897325, 28.617120000175582 ], [ 77.172352000365905, 28.621921000340716 ], [ 77.174092000240321, 28.625108000278487 ], [ 77.174699999787549, 28.640204999733623 ], [ 77.172539999788555, 28.641409999890811 ], [ 77.177710999906324, 28.643011000155447 ], [ 77.178397000169653, 28.643557000128748 ], [ 77.178068000281698, 28.644726999962078 ], [ 77.17914799983204, 28.643312000219368 ], [ 77.180799999842904, 28.642746999694925 ], [ 77.180624999940704, 28.641843000252432 ], [ 77.197709000113989, 28.644930999858307 ], [ 77.197579000417619, 28.644350000153139 ], [ 77.200755000392846, 28.643021999667475 ], [ 77.200127999680717, 28.642211000156294 ] ] ] } },
{ "type": "Feature", "properties": { "pincode": "110061", "officename": "Bijwasan S.O", "officetype": "S.O", "circle": "Delhi", "region": "Div Reporting", "division": "New Delhi South West", "state": "Delhi", "district": "New Delhi South West" }, "geometry": { "type": "Polygon", "coordinates": [ [ [ 77.076189000304396, 28.557216000046505 ], [ 77.074918000060038, 28.552870999967595 ], [ 77.067310999758774, 28.554068000358029 ], [ 77.060428000254049, 28.546265000154811 ], [ 77.061691000102456, 28.545051000278725 ], [ 77.085871000215818, 28.539037999798108 ], [ 77.085334999740297, 28.536858999860655 ], [ 77.081054000100394, 28.537028999914138 ], [ 77.078976999942086, 28.532875000137274 ], [ 77.073984000099586, 28.532391000173607 ], [ 77.07396300018317, 28.528809000191142 ], [ 77.071030999707119, 28.52922200037327 ], [ 77.070572000122837, 28.528554999816286 ], [ 77.071333999655835, 28.528366000075401 ], [ 77.070024999776649, 28.52547199975038 ], [ 77.071548999740983, 28.524972999692501 ], [ 77.071849000214954, 28.520245000325271 ], [ 77.070264000151241, 28.516237999743225 ], [ 77.066817999839287, 28.512013999888076 ], [ 77.060014999802149, 28.512375000331449 ], [ 77.046242000221639, 28.516703999801642 ], [ 77.048512007011993, 28.52073799488095 ], [ 77.04180199967476, 28.525356999946492 ], [ 77.074966999565547, 28.564752999662307 ], [ 77.079176999958648, 28.563528999612856 ], [ 77.077847000163032, 28.558789000021797 ], [ 77.076189000304396, 28.557216000046505 ] ] ] } },
{ "type": "Feature", "properties": { "pincode": "110062", "officename": "Pushpa Bhawan S.O", "officetype": "S.O", "circle": "Delhi", "region": "Div Reporting", "division": "New Delhi South", "state": "Delhi", "district": "New Delhi South" }, "geometry": { "type": "Polygon", "coordinates": [ [ [ 77.234485999998057, 28.528375999777907 ], [ 77.234915000343449, 28.526585000051156 ], [ 77.23624500013905, 28.527432999984317 ], [ 77.23991400003375, 28.526603999806092 ], [ 77.244012000273855, 28.523021999683795 ], [ 77.254751000169392, 28.522906000342278 ], [ 77.251801999974916, 28.51167400012277 ], [ 77.238092000143581, 28.512783999692768 ], [ 77.226732000282013, 28.515405999661045 ], [ 77.231890999805898, 28.529317999855081 ], [ 77.232170000363453, 28.53214599994951 ], [ 77.232639999818446, 28.530298999906535 ], [ 77.234485999998057, 28.528375999777907 ] ] ] } },
{ "type": "Feature", "properties": { "pincode": "110063", "officename": "Paschim Vihar S.O", "officetype": "S.O", "circle": "Delhi", "region": "Div Reporting", "division": "New Delhi West", "state": "Delhi", "district": "New Delhi West" }, "geometry": { "type": "Polygon", "coordinates": [ [ [ 77.094840999924614, 28.679001000312027 ], [ 77.124134000429407, 28.67581799986085 ], [ 77.122889000124331, 28.669325999746459 ], [ 77.120530999758628, 28.667108999692243 ], [ 77.117435999974262, 28.667160000246163 ], [ 77.116674000441265, 28.663431999682249 ], [ 77.111362999683095, 28.664221999981361 ], [ 77.1090460002236, 28.660955999775862 ], [ 77.098960999906055, 28.66119099976731 ], [ 77.093317999785171, 28.656210999743802 ], [ 77.089530000064798, 28.654816999798218 ], [ 77.091268000289375, 28.658017999811403 ], [ 77.094840999924614, 28.679001000312027 ] ] ] } },
{ "type": "Feature", "properties": { "pincode": "110064", "officename": "Maya Puri S.O", "officetype": "S.O", "circle": "Delhi", "region": "Div Reporting", "division": "New Delhi West", "state": "Delhi", "district": "New Delhi West" }, "geometry": { "type": "Polygon", "coordinates": [ [ [ 77.114711000085777, 28.634403999945135 ], [ 77.117314999600453, 28.632968999717868 ], [ 77.121319999954125, 28.633714999715739 ], [ 77.121384000426545, 28.637964000104049 ], [ 77.130320999625098, 28.637390000081052 ], [ 77.132270999561783, 28.632225000268203 ], [ 77.114433000251424, 28.611016000226329 ], [ 77.109667000189617, 28.616227999877395 ], [ 77.105010999732684, 28.612968000254394 ], [ 77.104593999981162, 28.6133580001847 ], [ 77.098974000324844, 28.610806000007738 ], [ 77.098730999752263, 28.613203999661344 ], [ 77.094116000201524, 28.622394000042448 ], [ 77.096815999975689, 28.622760999686513 ], [ 77.09659400021782, 28.623278000360436 ], [ 77.101433000074564, 28.625005000193557 ], [ 77.09976400034526, 28.629214999882979 ], [ 77.104056999680722, 28.629249999989273 ], [ 77.107087999890993, 28.630878000213201 ], [ 77.10835499993739, 28.630058999959171 ], [ 77.110343000407227, 28.631916999935793 ], [ 77.110461000408023, 28.633619000078891 ], [ 77.107482999901208, 28.63656399971017 ], [ 77.107940999660599, 28.641964999789455 ], [ 77.112701999699524, 28.642982999958967 ], [ 77.113673000368223, 28.639894000075564 ], [ 77.115978999957079, 28.638827999684676 ], [ 77.114766000337355, 28.636591000312841 ], [ 77.114711000085777, 28.634403999945135 ] ] ] } },
{ "type": "Feature", "properties": { "pincode": "110065", "officename": "Sriniwaspuri S.O", "officetype": "S.O", "circle": "Delhi", "region": "Div Reporting", "division": "New Delhi South", "state": "Delhi", "district": "New Delhi South" }, "geometry": { "type": "Polygon", "coordinates": [ [ [ 77.272200000215648, 28.572277999790447 ], [ 77.267768000064706, 28.569879000112142 ], [ 77.269044000331917, 28.567267000169092 ], [ 77.262622999886204, 28.562605000055107 ], [ 77.263766999908967, 28.561076999987115 ], [ 77.261781999812172, 28.559892000385364 ], [ 77.262052000148898, 28.556328999648283 ], [ 77.255166000271103, 28.555033999859237 ], [ 77.255773999818317, 28.552154999898914 ], [ 77.247728000024253, 28.551567999888203 ], [ 77.237943000180664, 28.55868499995351 ], [ 77.23934999996915, 28.558458999663372 ], [ 77.248422999610099, 28.561037000174814 ], [ 77.250258999743977, 28.562290000073236 ], [ 77.25011099960598, 28.5668140000605 ], [ 77.248564000075419, 28.572534999880524 ], [ 77.251715999761188, 28.574209999638121 ], [ 77.254402000189941, 28.577323999835492 ], [ 77.256064000246568, 28.575420999974806 ], [ 77.254999999691421, 28.574817999977785 ], [ 77.256342000080878, 28.571472999638587 ], [ 77.269466999931211, 28.580112000115406 ], [ 77.272200000215648, 28.572277999790447 ] ] ] } },
{ "type": "Feature", "properties": { "pincode": "110066", "officename": "R K Puram Main S.O", "officetype": "S.O", "circle": "Delhi", "region": "Div Reporting", "division": "New Delhi South West", "state": "Delhi", "district": "New Delhi South West" }, "geometry": { "type": "Polygon", "coordinates": [ [ [ 77.179609999789378, 28.575928999681256 ], [ 77.184211999819652, 28.575185000133796 ], [ 77.184030000244775, 28.572613000327053 ], [ 77.185384000329805, 28.570977000028023 ], [ 77.189720000221314, 28.570518999895448 ], [ 77.188597000114939, 28.562417000299551 ], [ 77.181677999726858, 28.565668000384782 ], [ 77.179008999914856, 28.563802999858886 ], [ 77.175904999909676, 28.567071999687354 ], [ 77.178448000223284, 28.568539999726188 ], [ 77.181367000280559, 28.568790000007233 ], [ 77.180162000158447, 28.569550000180477 ], [ 77.181876000093567, 28.570966000070612 ], [ 77.179679000284693, 28.572547000013664 ], [ 77.177848000173668, 28.575228000244547 ], [ 77.179609999789378, 28.575928999681256 ] ] ] } },
{ "type": "Feature", "properties": { "pincode": "110067", "officename": "Jnu S.O", "officetype": "S.O", "circle": "Delhi", "region": "Div Reporting", "division": "New Delhi South West", "state": "Delhi", "district": "New Delhi South West" }, "geometry": { "type": "Polygon", "coordinates": [ [ [ 77.176273000155689, 28.534502999772378 ], [ 77.176412999897764, 28.5299749999798 ], [ 77.175285999593456, 28.525321999981273 ], [ 77.172324999703406, 28.525848999806144 ], [ 77.171285000336042, 28.523109999915572 ], [ 77.169327000003449, 28.522882999831701 ], [ 77.168690000143897, 28.52306999989111 ], [ 77.169244000162763, 28.525672999895558 ], [ 77.166402999923278, 28.527056000068931 ], [ 77.165898000308218, 28.526629000267626 ], [ 77.152524999862464, 28.534547999751673 ], [ 77.153441000279571, 28.535840999892041 ], [ 77.156108000441762, 28.534453000211265 ], [ 77.156510000124669, 28.5349499997664 ], [ 77.156730000232727, 28.537483000216625 ], [ 77.154791999991573, 28.538510999633946 ], [ 77.166106999647283, 28.553134999831183 ], [ 77.166648999970604, 28.555363999907357 ], [ 77.171052999634128, 28.559468000142328 ], [ 77.182300000416106, 28.551787999912698 ], [ 77.178187999932305, 28.544474999696778 ], [ 77.180793999995117, 28.543051999738477 ], [ 77.178074999954376, 28.536727000131329 ], [ 77.176273000155689, 28.534502999772378 ] ] ] } },
{ "type": "Feature", "properties": { "pincode": "110068", "officename": "Ignou S.O", "officetype": "S.O", "circle": "Delhi", "region": "Div Reporting", "division": "New Delhi South West", "state": "Delhi", "district": "New Delhi South West" }, "geometry": { "type": "Polygon", "coordinates": [ [ [ 77.216034000394359, 28.513876999959276 ], [ 77.212300000202319, 28.505203999699837 ], [ 77.205776999649359, 28.502186999998759 ], [ 77.21023999976245, 28.493701000351887 ], [ 77.215090000388145, 28.493926999783945 ], [ 77.217575000077133, 28.495009999911762 ], [ 77.217847000063699, 28.494115999664057 ], [ 77.22019700003348, 28.492870999990625 ], [ 77.219478000158176, 28.490381000014899 ], [ 77.221344000429269, 28.489055000384813 ], [ 77.218851000344387, 28.480721000177326 ], [ 77.234630999763013, 28.467544000351207 ], [ 77.207064999612172, 28.472236999823256 ], [ 77.203717000107787, 28.480084000294131 ], [ 77.199248000146952, 28.483121999823233 ], [ 77.188481999588916, 28.483365999833673 ], [ 77.188368999610987, 28.485763000220576 ], [ 77.186251000343134, 28.490381000014899 ], [ 77.186261000388853, 28.496657999848718 ], [ 77.191496000080704, 28.496497000311653 ], [ 77.193028000441004, 28.497204000328697 ], [ 77.191528999692679, 28.500375999948332 ], [ 77.195306000440738, 28.509794999845031 ], [ 77.194533000138748, 28.509728999632575 ], [ 77.195176999670991, 28.511689999811274 ], [ 77.202408000228601, 28.513271000032724 ], [ 77.204219000248145, 28.512956000129648 ], [ 77.206795000173727, 28.519672000062943 ], [ 77.214317000086155, 28.517996000129422 ], [ 77.215067999748541, 28.51556500015565 ], [ 77.214611999638961, 28.514126999755863 ], [ 77.216034000394359, 28.513876999959276 ] ] ] } },
{ "type": "Feature", "properties": { "pincode": "110069", "officename": "Union Public Service Commission S.O", "officetype": "S.O", "circle": "Delhi", "region": "Div Reporting", "division": "New Delhi Central", "state": "Delhi", "district": "New Delhi Central" }, "geometry": { "type": "Polygon", "coordinates": [ [ [ 77.22579300029868, 28.607683000129278 ], [ 77.227344000027216, 28.609756999700821 ], [ 77.228453999714759, 28.609087000021248 ], [ 77.226975999781189, 28.607042000180293 ], [ 77.22579300029868, 28.607683000129278 ] ] ] } },
{ "type": "Feature", "properties": { "pincode": "110070", "officename": "Vasant Kunj S.O", "officetype": "S.O", "circle": "Delhi", "region": "Div Reporting", "division": "New Delhi South West", "state": "Delhi", "district": "New Delhi South West" }, "geometry": { "type": "Polygon", "coordinates": [ [ [ 77.147860000083028, 28.552925999730768 ], [ 77.154344000277931, 28.549242999761223 ], [ 77.155554000422896, 28.550471999804167 ], [ 77.158773999880722, 28.547894999985065 ], [ 77.161328000065012, 28.546905999695309 ], [ 77.154791999991573, 28.538510999633946 ], [ 77.156730000232727, 28.537483000216625 ], [ 77.156510000124669, 28.5349499997664 ], [ 77.156108000441762, 28.534453000211265 ], [ 77.153441000279571, 28.535840999892041 ], [ 77.152544000129041, 28.534512999681741 ], [ 77.165898000308218, 28.526629000267626 ], [ 77.166402999923278, 28.527056000068931 ], [ 77.169244000162763, 28.525672999895558 ], [ 77.168690000143897, 28.52306999989111 ], [ 77.171285000336042, 28.523109999915572 ], [ 77.171013000349475, 28.519141999969833 ], [ 77.169250999835455, 28.516524000080761 ], [ 77.16997200025888, 28.514591000257852 ], [ 77.175651000364752, 28.512944000310199 ], [ 77.1750820002773, 28.510850999995849 ], [ 77.177634999738331, 28.510143999851302 ], [ 77.1779639996263, 28.509294000285134 ], [ 77.175533000363998, 28.508078999846006 ], [ 77.17375699960624, 28.508908999792741 ], [ 77.169311999934806, 28.504245000264429 ], [ 77.169266999728976, 28.50320499969413 ], [ 77.166232000219068, 28.502484999974026 ], [ 77.156946000142781, 28.504350999995847 ], [ 77.153668999885227, 28.502911000230878 ], [ 77.153123000262269, 28.500830999645625 ], [ 77.150821999797998, 28.501614999743836 ], [ 77.148609999920453, 28.503962000392722 ], [ 77.139922000243956, 28.503604999608488 ], [ 77.138298999647105, 28.506977999686313 ], [ 77.135704000353243, 28.505525000192012 ], [ 77.132669999769945, 28.501470999759725 ], [ 77.129860000390963, 28.509126000013445 ], [ 77.130760999841144, 28.515422999665756 ], [ 77.134279999948035, 28.522681999891812 ], [ 77.131791000061071, 28.523417000131232 ], [ 77.132093000184852, 28.525630000065561 ], [ 77.128786999615002, 28.525113999948257 ], [ 77.129513999886228, 28.52768299999903 ], [ 77.131949000244816, 28.531774999946414 ], [ 77.133561000072731, 28.531447999998932 ], [ 77.133936999816342, 28.532579999799431 ], [ 77.13500200019638, 28.532790999879083 ], [ 77.135530000275992, 28.53456800035012 ], [ 77.13724099983807, 28.53456800035012 ], [ 77.13862500006033, 28.537412999647433 ], [ 77.137274000348356, 28.53786699987365 ], [ 77.138086000110093, 28.539040000325304 ], [ 77.13753999958881, 28.540292999991497 ], [ 77.143164000341429, 28.544172999952316 ], [ 77.145008999797824, 28.549242999761223 ], [ 77.147860000083028, 28.552925999730768 ] ] ] } },
{ "type": "Feature", "properties": { "pincode": "110071", "officename": "Chhawla S.O", "officetype": "S.O", "circle": "Delhi", "region": "Div Reporting", "division": "New Delhi West", "state": "Delhi", "district": "New Delhi West" }, "geometry": { "type": "Polygon", "coordinates": [ [ [ 77.017993000180468, 28.58517499961939 ], [ 77.035188999608437, 28.580884999980608 ], [ 77.036386000232937, 28.577662999667758 ], [ 77.022223999591645, 28.554690000324406 ], [ 77.015486999676781, 28.549072999691258 ], [ 77.007708999671308, 28.541010999123561 ], [ 77.006653000410424, 28.541406999863753 ], [ 77.004784999591152, 28.540163000335479 ], [ 77.005115000202352, 28.538914000182359 ], [ 77.000226000116896, 28.532094000189414 ], [ 77.010559999956513, 28.525570000273493 ], [ 77.014550000241584, 28.52395100009376 ], [ 77.017106999900591, 28.520834999763089 ], [ 77.010221999847701, 28.514346999812865 ], [ 76.996564999719808, 28.519748000099185 ], [ 76.995189999718406, 28.516722999758638 ], [ 76.99412500023665, 28.517112999739783 ], [ 76.990394000417652, 28.513504000165131 ], [ 76.982758999629013, 28.517121999643425 ], [ 76.978355999790381, 28.521239000063701 ], [ 76.976199999989362, 28.519078000198281 ], [ 76.97499599969214, 28.519635999735893 ], [ 76.972926999929754, 28.524030000236902 ], [ 76.97547899956588, 28.525415999861536 ], [ 76.978411999866879, 28.525807000042516 ], [ 76.97399999980739, 28.541477000146628 ], [ 76.975777000390053, 28.549168000251591 ], [ 76.981611000306614, 28.553615999985048 ], [ 76.987656000110377, 28.553727000011957 ], [ 76.990523000289116, 28.55559400016601 ], [ 76.989811999911396, 28.55979799970471 ], [ 76.990698000191301, 28.565149999894782 ], [ 76.989754000185059, 28.569296000222586 ], [ 76.995420999697046, 28.572839000201842 ], [ 76.994733999608812, 28.584899000159552 ], [ 76.996366000426491, 28.585426000025357 ], [ 76.999956999605075, 28.582477999728468 ], [ 77.005133999570631, 28.583523000035143 ], [ 77.00980699974599, 28.594128000275251 ], [ 77.010893999867363, 28.594732000104024 ], [ 77.010031000051995, 28.590965999943798 ], [ 77.017993000180468, 28.58517499961939 ] ] ] } },
{ "type": "Feature", "properties": { "pincode": "110072", "officename": "CRPF Jharoda Kalan S.O", "officetype": "S.O", "circle": "Delhi", "region": "Div Reporting", "division": "New Delhi West", "state": "Delhi", "district": "New Delhi West" }, "geometry": { "type": "Polygon", "coordinates": [ [ [ 76.959838000064437, 28.668226999760439 ], [ 76.956974000258768, 28.663132000094009 ], [ 76.96495599958044, 28.65994700016498 ], [ 76.969075999561866, 28.656926000188015 ], [ 76.971823999914889, 28.636437999696714 ], [ 76.976508999785821, 28.625267999720023 ], [ 76.959145000128387, 28.620450000018604 ], [ 76.946949000215668, 28.622313999739148 ], [ 76.941307999744637, 28.625665999954105 ], [ 76.942993000265787, 28.627994999698302 ], [ 76.944457999780596, 28.633288999622376 ], [ 76.940145000353638, 28.634960000381735 ], [ 76.936663000056654, 28.637687999767913 ], [ 76.924964000261411, 28.650145999869014 ], [ 76.930840000010761, 28.658464000274005 ], [ 76.9334839997084, 28.665409999848862 ], [ 76.935334999910893, 28.66786100016726 ], [ 76.943375999682104, 28.668350000344621 ], [ 76.948853000121602, 28.670189000051511 ], [ 76.95241300023639, 28.669605000186916 ], [ 76.953799999933381, 28.667722000193553 ], [ 76.955000999857532, 28.670338000296127 ], [ 76.959838000064437, 28.668226999760439 ] ] ] } },
{ "type": "Feature", "properties": { "pincode": "110073", "officename": "Ujwa S.O", "officetype": "S.O", "circle": "Delhi", "region": "Div Reporting", "division": "New Delhi West", "state": "Delhi", "district": "New Delhi West" }, "geometry": { "type": "Polygon", "coordinates": [ [ [ 76.896601000417405, 28.624872000026251 ], [ 76.941168999827454, 28.584909000015458 ], [ 76.940501000005796, 28.576274999828506 ], [ 76.944995000081036, 28.561829999908984 ], [ 76.949002000084548, 28.554367000173805 ], [ 76.948760000235197, 28.543171999899343 ], [ 76.939567000045301, 28.529186000150393 ], [ 76.920056999734285, 28.520324000088255 ], [ 76.927899000212193, 28.511539000039637 ], [ 76.92596699981884, 28.509362000281488 ], [ 76.921656000041722, 28.507244999791034 ], [ 76.920606999555218, 28.507023999746618 ], [ 76.918978999833783, 28.509054000040635 ], [ 76.914397999719924, 28.511672999994161 ], [ 76.910303999677737, 28.512078 ], [ 76.907928999593608, 28.513807999607927 ], [ 76.903031000185663, 28.508933999713619 ], [ 76.900044000356331, 28.509352000354426 ], [ 76.898618000301283, 28.508745000322875 ], [ 76.892230000365856, 28.500824999835903 ], [ 76.885447000420214, 28.501136000313657 ], [ 76.885685000071575, 28.502446000237079 ], [ 76.880409000371841, 28.506200999652496 ], [ 76.881454999586964, 28.509885999711386 ], [ 76.887126000195238, 28.520573000342701 ], [ 76.877028000357214, 28.524403999901267 ], [ 76.874581000303053, 28.527013999996953 ], [ 76.87290099980477, 28.531061999947433 ], [ 76.873206000301607, 28.53275400015745 ], [ 76.867379999882672, 28.535554999873845 ], [ 76.866394000043684, 28.540463999883638 ], [ 76.864715000268632, 28.543501000204685 ], [ 76.860284999767501, 28.545882000138288 ], [ 76.84646000030844, 28.549746999720504 ], [ 76.845271999904753, 28.550503000265699 ], [ 76.845102000025449, 28.552184000376524 ], [ 76.842408999924004, 28.556303999921919 ], [ 76.842428000190566, 28.563251999736092 ], [ 76.840596000254635, 28.569580000178533 ], [ 76.840827000233332, 28.57109399964742 ], [ 76.838892000365234, 28.573275999815149 ], [ 76.839533000422733, 28.582791999769835 ], [ 76.846111000328946, 28.584800999628346 ], [ 76.861607000065447, 28.585229999853919 ], [ 76.864309000387749, 28.585996000057762 ], [ 76.867882999847893, 28.590626000232728 ], [ 76.871765000177973, 28.602858000109574 ], [ 76.877341000351649, 28.608832000144581 ], [ 76.880343123318795, 28.615319774639808 ], [ 76.882269999721757, 28.615814999644179 ], [ 76.896601000417405, 28.624872000026251 ] ] ] } },
{ "type": "Feature", "properties": { "pincode": "110074", "officename": "Chattarpur S.O", "officetype": "S.O", "circle": "Delhi", "region": "Div Reporting", "division": "New Delhi South West", "state": "Delhi", "district": "New Delhi South West" }, "geometry": { "type": "Polygon", "coordinates": [ [ [ 77.195176999670991, 28.511689999811274 ], [ 77.194533000138748, 28.509728999632575 ], [ 77.195306000440738, 28.509794999845031 ], [ 77.191528999692679, 28.500375999948332 ], [ 77.193028000441004, 28.497204000328697 ], [ 77.191496000080704, 28.496497000311653 ], [ 77.186261000388853, 28.496657999848718 ], [ 77.186251000343134, 28.490381000014899 ], [ 77.188368999610987, 28.485763000220576 ], [ 77.188481999588916, 28.483365999833673 ], [ 77.199248000146952, 28.483121999823233 ], [ 77.203717000107787, 28.480084000294131 ], [ 77.207064999612172, 28.472236999823256 ], [ 77.234915000343449, 28.467483999905827 ], [ 77.232916000002945, 28.458106000139214 ], [ 77.234414000028025, 28.454716999784534 ], [ 77.242511999700653, 28.456150999710697 ], [ 77.245752999973178, 28.454179999745225 ], [ 77.249087999957055, 28.446089000322431 ], [ 77.24986399973379, 28.437769999722793 ], [ 77.248829000389279, 28.432916000238599 ], [ 77.252638999850987, 28.432908999646774 ], [ 77.249180000018569, 28.424058000329936 ], [ 77.23841500018375, 28.420824999648762 ], [ 77.227595000097381, 28.41352599990746 ], [ 77.221438000140623, 28.412262000052838 ], [ 77.21660599995657, 28.409727999884606 ], [ 77.216005999906969, 28.411460999793569 ], [ 77.201130001209876, 28.408373995802609 ], [ 77.192518999729657, 28.408223000074099 ], [ 77.190527999785076, 28.40720599991409 ], [ 77.184373000376439, 28.410427999897408 ], [ 77.177937999687046, 28.407671000210506 ], [ 77.174483000052561, 28.404667999863889 ], [ 77.171445999994546, 28.406264000225335 ], [ 77.171134999649922, 28.409238000125644 ], [ 77.164842999973928, 28.414950000194786 ], [ 77.165926999722217, 28.425692999653954 ], [ 77.161861000167477, 28.429197999896701 ], [ 77.152678999848249, 28.433652999919548 ], [ 77.148308999621591, 28.437399999790127 ], [ 77.153098999972812, 28.437590999765373 ], [ 77.151768000352348, 28.438392999839056 ], [ 77.15199400030815, 28.439289000106356 ], [ 77.150701000322471, 28.440572999785719 ], [ 77.162438999577503, 28.46458299983837 ], [ 77.16984699968711, 28.463928000379209 ], [ 77.175032999873494, 28.468091000300248 ], [ 77.175108000216554, 28.472972999778069 ], [ 77.17453199955807, 28.473599000049585 ], [ 77.166177999792382, 28.47587400006811 ], [ 77.164375000168789, 28.478066000080979 ], [ 77.162241999933997, 28.487759000289916 ], [ 77.166313000409914, 28.495776999823111 ], [ 77.168978000023969, 28.494416999622469 ], [ 77.171938999914033, 28.496718000299865 ], [ 77.169388000102813, 28.499018000299166 ], [ 77.172764000094546, 28.504130999615175 ], [ 77.171230000084464, 28.503808000001353 ], [ 77.17163000011756, 28.505488000374449 ], [ 77.173913000140189, 28.508766999814135 ], [ 77.176530000073626, 28.50749500030831 ], [ 77.177876999587667, 28.509124999860674 ], [ 77.184021999848852, 28.511590999676944 ], [ 77.185520999698838, 28.513122999711811 ], [ 77.195176999670991, 28.511689999811274 ] ] ] } },
{ "type": "Feature", "properties": { "pincode": "110075", "officename": "Dwarka Sec-6 S.O", "officetype": "S.O", "circle": "Delhi", "region": "Div Reporting", "division": "New Delhi West", "state": "Delhi", "district": "New Delhi West" }, "geometry": { "type": "Polygon", "coordinates": [ [ [ 77.063586824441003, 28.598345471733428 ], [ 77.070353999664604, 28.603186999945137 ], [ 77.071386000432682, 28.60090900014433 ], [ 77.074139999735195, 28.598897000237287 ], [ 77.072508999640718, 28.597239000322716 ], [ 77.072235000004355, 28.595212000068056 ], [ 77.073362000308649, 28.594827999798937 ], [ 77.075615000194063, 28.597541000013877 ], [ 77.078002999798656, 28.596006000221461 ], [ 77.078725000047029, 28.592362000343137 ], [ 77.077695999651993, 28.590362999943249 ], [ 77.075648999630928, 28.590311999921916 ], [ 77.076312000328045, 28.589653999856143 ], [ 77.071036999554906, 28.590198000109538 ], [ 77.069322999619786, 28.587853000008618 ], [ 77.068155000205891, 28.587813000121663 ], [ 77.068275999681404, 28.585202000024935 ], [ 77.066360999904788, 28.585218999809303 ], [ 77.065524000028731, 28.58597299991558 ], [ 77.048835999690567, 28.567411999807504 ], [ 77.044155999842488, 28.56613000035518 ], [ 77.039905000339829, 28.566167999797965 ], [ 77.038917999777595, 28.559929999713336 ], [ 77.024971999944725, 28.559816999781919 ], [ 77.036386000232937, 28.577662999667758 ], [ 77.035188999608437, 28.580884999980608 ], [ 77.041261000074684, 28.586188000327816 ], [ 77.05587399990435, 28.603531000215384 ], [ 77.063586824441003, 28.598345471733428 ] ] ] } },
{ "type": "Feature", "properties": { "pincode": "110076", "officename": "Sarita Vihar S.O", "officetype": "S.O", "circle": "Delhi", "region": "Div Reporting", "division": "New Delhi South", "state": "Delhi", "district": "New Delhi South" }, "geometry": { "type": "Polygon", "coordinates": [ [ [ 77.323805000014531, 28.535850999674427 ], [ 77.326558000390449, 28.533681000188739 ], [ 77.330167000010704, 28.532281999625596 ], [ 77.333630999866017, 28.525783000170087 ], [ 77.330109000284381, 28.520438999857269 ], [ 77.309035999650973, 28.513801999746846 ], [ 77.308644999838691, 28.512431000042383 ], [ 77.302482000034161, 28.508419000147821 ], [ 77.301789999923017, 28.509955000260408 ], [ 77.300209999882199, 28.508885000021042 ], [ 77.299378000028966, 28.509483999631009 ], [ 77.291468999603936, 28.525951999944883 ], [ 77.288178000000997, 28.529594999810005 ], [ 77.28210300005999, 28.539340999925365 ], [ 77.282982999593798, 28.540158000254422 ], [ 77.285536999778074, 28.535826999721543 ], [ 77.303292000146072, 28.542891000005021 ], [ 77.310742999913415, 28.547669000206888 ], [ 77.314116000430431, 28.544555000053663 ], [ 77.320896999827937, 28.540898000195735 ], [ 77.323805000014531, 28.535850999674427 ] ] ] } },
{ "type": "Feature", "properties": { "pincode": "110077", "officename": "Raj Nagar II S.O", "officetype": "S.O", "circle": "Delhi", "region": "Div Reporting", "division": "New Delhi West", "state": "Delhi", "district": "New Delhi West" }, "geometry": { "type": "Polygon", "coordinates": [ [ [ 77.071737999886864, 28.59046899980013 ], [ 77.076312000328045, 28.589653999856143 ], [ 77.075544000048936, 28.587290999807529 ], [ 77.07777699984284, 28.586556999874826 ], [ 77.082523999638084, 28.588237999917137 ], [ 77.087459999579167, 28.586824999661793 ], [ 77.091434999795638, 28.58408399963594 ], [ 77.075554999919589, 28.564473000179614 ], [ 77.074966999565547, 28.564752999662307 ], [ 77.04180199967476, 28.525356999946492 ], [ 77.031769000134062, 28.531566000080094 ], [ 77.024038999809136, 28.533091000042941 ], [ 77.015418000079791, 28.539747000042414 ], [ 77.010216, 28.540622999672728 ], [ 77.009468999637207, 28.539922000263417 ], [ 77.007708999671308, 28.541010999123561 ], [ 77.015486999676781, 28.549072999691258 ], [ 77.022223999591645, 28.554690000324406 ], [ 77.024971999944725, 28.559816999781919 ], [ 77.038917999777595, 28.559929999713336 ], [ 77.039905000339829, 28.566167999797965 ], [ 77.044155999842488, 28.56613000035518 ], [ 77.048835999690567, 28.567411999807504 ], [ 77.065524000028731, 28.58597299991558 ], [ 77.066360999904788, 28.585218999809303 ], [ 77.068275999681404, 28.585202000024935 ], [ 77.068155000205891, 28.587813000121663 ], [ 77.069322999619786, 28.587853000008618 ], [ 77.071737999886864, 28.59046899980013 ] ] ] } },
{ "type": "Feature", "properties": { "pincode": "110078", "officename": "N.S.I.T. Dwarka S.O", "officetype": "S.O", "circle": "Delhi", "region": "Div Reporting", "division": "New Delhi West", "state": "Delhi", "district": "New Delhi West" }, "geometry": { "type": "Polygon", "coordinates": [ [ [ 77.027335000333267, 28.616304000392553 ], [ 77.028515000341031, 28.61438199989869 ], [ 77.03254900010873, 28.614420000042514 ], [ 77.033428999642538, 28.613139000335355 ], [ 77.037849000097907, 28.614872000159217 ], [ 77.038643000316313, 28.611933999722499 ], [ 77.042742000381324, 28.610634000094318 ], [ 77.04227000037821, 28.608336000102256 ], [ 77.05587399990435, 28.603531000215384 ], [ 77.041261000074684, 28.586188000327816 ], [ 77.035188999608437, 28.580884999980608 ], [ 77.017993000180468, 28.58517499961939 ], [ 77.010031000051995, 28.590965999943798 ], [ 77.010893999867363, 28.594732000104024 ], [ 77.013473999990879, 28.596165999828234 ], [ 77.015972000098657, 28.599094000254329 ], [ 77.014867000433995, 28.60241400000718 ], [ 77.012135999799398, 28.606278000382257 ], [ 77.016864000226349, 28.61037000021113 ], [ 77.01961000003125, 28.614739999712093 ], [ 77.022018999552273, 28.616667000351306 ], [ 77.023312000436249, 28.620155999824131 ], [ 77.029539999639795, 28.618811999942512 ], [ 77.027335000333267, 28.616304000392553 ] ] ] } },
{ "type": "Feature", "properties": { "pincode": "110080", "officename": "Sangam Vihar S.O", "officetype": "S.O", "circle": "Delhi", "region": "Div Reporting", "division": "New Delhi South", "state": "Delhi", "district": "New Delhi South" }, "geometry": { "type": "Polygon", "coordinates": [ [ [ 77.260501000420362, 28.503166999643128 ], [ 77.253121999724769, 28.491153999972934 ], [ 77.259769000126269, 28.484268000265374 ], [ 77.243296999698188, 28.478819999718752 ], [ 77.235615999777124, 28.471171999607854 ], [ 77.234915000343449, 28.467483999905827 ], [ 77.218851000344387, 28.480721000177326 ], [ 77.221344000429269, 28.489055000384813 ], [ 77.219478000158176, 28.490381000014899 ], [ 77.22019700003348, 28.492870999990625 ], [ 77.217847000063699, 28.494115999664057 ], [ 77.217575000077133, 28.495009999911762 ], [ 77.215090000388145, 28.493926999783945 ], [ 77.21023999976245, 28.493701000351887 ], [ 77.205776999649359, 28.502186999998759 ], [ 77.212300000202319, 28.505203999699837 ], [ 77.216034000394359, 28.513876999959276 ], [ 77.214611999638961, 28.514126999755863 ], [ 77.215067999748541, 28.51556500015565 ], [ 77.214353000071171, 28.5180049999577 ], [ 77.238092000143581, 28.512783999692768 ], [ 77.261268999801189, 28.51123799998069 ], [ 77.259721000445694, 28.505128000234674 ], [ 77.260501000420362, 28.503166999643128 ] ] ] } },
{ "type": "Feature", "properties": { "pincode": "110081", "officename": "Kanjhawla S.O", "officetype": "S.O", "circle": "Delhi", "region": "Div Reporting", "division": "Delhi North", "state": "Delhi", "district": "Delhi North" }, "geometry": { "type": "Polygon", "coordinates": [ [ [ 76.960901999721244, 28.788686000197274 ], [ 76.962661999687143, 28.787857999695476 ], [ 76.966352000396569, 28.787971000352972 ], [ 76.971931000044989, 28.783307000370733 ], [ 76.983519000410496, 28.781201000074528 ], [ 76.995506999910774, 28.781432000342907 ], [ 77.006583000090188, 28.778666000052151 ], [ 77.005248000271749, 28.772575000100712 ], [ 77.006188999904921, 28.769674999830926 ], [ 77.014946000076705, 28.768641000132774 ], [ 77.016478000436962, 28.766398999653276 ], [ 77.017979999761678, 28.765890999665402 ], [ 77.035017000079279, 28.765664999998364 ], [ 77.041690000420076, 28.763163999836642 ], [ 77.039802000407661, 28.760209999847074 ], [ 77.049973000040637, 28.760247999866927 ], [ 77.048105999944596, 28.763106999818984 ], [ 77.049436999565103, 28.767734000141548 ], [ 77.055745000032928, 28.763860000276971 ], [ 77.05917799992605, 28.76054899994983 ], [ 77.052808000432307, 28.747284999716747 ], [ 77.046084999862799, 28.73575400025172 ], [ 77.043939000107542, 28.729656999808046 ], [ 77.052147000283298, 28.726840999764306 ], [ 77.05361900036911, 28.725562999642818 ], [ 77.05319199967353, 28.718311000068123 ], [ 77.047520999963595, 28.7091220002231 ], [ 77.042376999610013, 28.708826000033852 ], [ 77.038235999712199, 28.706679999812756 ], [ 77.038181000358946, 28.701989999940817 ], [ 77.037239999827449, 28.698492999683836 ], [ 77.041223000439842, 28.696966000332981 ], [ 77.039947999997523, 28.695755000084009 ], [ 77.036433999913513, 28.688152000149795 ], [ 76.963527999875538, 28.694266999740943 ], [ 76.967830000330181, 28.69962899972554 ], [ 76.948197999820408, 28.712987999885389 ], [ 76.959402000046353, 28.729252999672699 ], [ 76.960060999647197, 28.732735999618836 ], [ 76.955934999817984, 28.738227999608718 ], [ 76.958279999764926, 28.743229000101632 ], [ 76.950628000156144, 28.750073999659591 ], [ 76.944489999567637, 28.754073000216827 ], [ 76.946006999859293, 28.758148999770079 ], [ 76.948395000362211, 28.761102999806269 ], [ 76.955573000318083, 28.767778000099948 ], [ 76.955398000415883, 28.768934000091448 ], [ 76.950741999958964, 28.774688999640091 ], [ 76.949828000089951, 28.777269000104837 ], [ 76.950065999741355, 28.783263999779457 ], [ 76.951648000330323, 28.787427999940714 ], [ 76.952404999840482, 28.788564000060965 ], [ 76.960901999721244, 28.788686000197274 ] ] ] } },
{ "type": "Feature", "properties": { "pincode": "110082", "officename": "Khera Kalan S.O", "officetype": "S.O", "circle": "Delhi", "region": "Div Reporting", "division": "Delhi North", "state": "Delhi", "district": "Delhi North" }, "geometry": { "type": "Polygon", "coordinates": [ [ [ 77.108754999970472, 28.817279000012949 ], [ 77.111491999554531, 28.802264000360221 ], [ 77.132800000364597, 28.795413999736688 ], [ 77.133936999816342, 28.792648000297405 ], [ 77.139923999893796, 28.792139999805737 ], [ 77.142149000190102, 28.769994000065537 ], [ 77.139268999592574, 28.765489999714465 ], [ 77.1054209998115, 28.769915999957561 ], [ 77.096589000194953, 28.769111000191884 ], [ 77.083874000423464, 28.776412000387317 ], [ 77.071881000002023, 28.784886999988711 ], [ 77.076348000313061, 28.793292999643793 ], [ 77.087319999837092, 28.798013000189684 ], [ 77.086150999699981, 28.800532999822369 ], [ 77.084112000074825, 28.801650999800202 ], [ 77.079807000145479, 28.809833000018354 ], [ 77.078017000042351, 28.811349000383174 ], [ 77.077082000256993, 28.811160999621439 ], [ 77.08624100011167, 28.815470000340138 ], [ 77.095950999612199, 28.817065999997109 ], [ 77.107133999921729, 28.81626800007745 ], [ 77.108754999970472, 28.817279000012949 ] ] ] } },
{ "type": "Feature", "properties": { "pincode": "110083", "officename": "Mangolpuri N Block S.O", "officetype": "S.O", "circle": "Delhi", "region": "Div Reporting", "division": "Delhi North", "state": "Delhi", "district": "Delhi North" }, "geometry": { "type": "Polygon", "coordinates": [ [ [ 77.102740000303939, 28.688405000259444 ], [ 77.102141999904148, 28.682783999739378 ], [ 77.101114000232343, 28.682739000167992 ], [ 77.076221000091437, 28.68476000011751 ], [ 77.07421599990316, 28.689019999904897 ], [ 77.078699999932681, 28.693577999718009 ], [ 77.079504000196778, 28.696673000262081 ], [ 77.083293999567005, 28.698150000255197 ], [ 77.088280999561732, 28.70353799988969 ], [ 77.099389000426527, 28.696726999651055 ], [ 77.100462000304162, 28.692812999704685 ], [ 77.097600999973238, 28.691306000163799 ], [ 77.096288999720983, 28.688662999866299 ], [ 77.102740000303939, 28.688405000259444 ] ] ] } },
{ "type": "Feature", "properties": { "pincode": "110084", "officename": "Burari S.O", "officetype": "S.O", "circle": "Delhi", "region": "Div Reporting", "division": "Delhi North", "state": "Delhi", "district": "Delhi North" }, "geometry": { "type": "Polygon", "coordinates": [ [ [ 77.216827999714425, 28.771627999826524 ], [ 77.226354999815172, 28.772530999802768 ], [ 77.235481000057874, 28.769336000233288 ], [ 77.234630999763013, 28.761269000111959 ], [ 77.228197999621727, 28.751877999690247 ], [ 77.227045000276476, 28.746956000025314 ], [ 77.228227999758943, 28.743391000111387 ], [ 77.23538999982128, 28.730166999648247 ], [ 77.241670999626592, 28.724871000292278 ], [ 77.242793999732939, 28.723034999876127 ], [ 77.241458999914485, 28.720267999953919 ], [ 77.233593999870365, 28.711859000089984 ], [ 77.231183999626154, 28.71247300000104 ], [ 77.231279000060695, 28.714546000300071 ], [ 77.227755999755857, 28.711524000356231 ], [ 77.226326000401158, 28.716485000195217 ], [ 77.224695000306696, 28.718818999856989 ], [ 77.21971400015974, 28.721002000378625 ], [ 77.190947999909625, 28.73007100015576 ], [ 77.191510000324442, 28.736978999931747 ], [ 77.192178999971034, 28.737590999729338 ], [ 77.189083000361748, 28.740864000240258 ], [ 77.188597000114939, 28.743869999813235 ], [ 77.18559299966887, 28.743816999842451 ], [ 77.183984000214039, 28.745306999917425 ], [ 77.183742000364688, 28.747647999631717 ], [ 77.182466999922383, 28.74956400011018 ], [ 77.182618000433422, 28.753580999965941 ], [ 77.181496000151981, 28.75483099977993 ], [ 77.178851999556016, 28.75539000012153 ], [ 77.180024999891103, 28.758163000221188 ], [ 77.178008000007239, 28.758182999962344 ], [ 77.174227999784463, 28.760470999870339 ], [ 77.175078999904215, 28.764408000163918 ], [ 77.171677999798121, 28.767547000308337 ], [ 77.171435000123878, 28.771111999931058 ], [ 77.162144999849616, 28.775420999641209 ], [ 77.167428000120367, 28.782176000030514 ], [ 77.171425999903036, 28.783287999837004 ], [ 77.185885999571823, 28.785425999927554 ], [ 77.204740999581645, 28.785887000253311 ], [ 77.206935999740708, 28.782140999866815 ], [ 77.211571000281253, 28.777476999777559 ], [ 77.213931000296796, 28.773113999882504 ], [ 77.216827999714425, 28.771627999826524 ] ] ] } },
{ "type": "Feature", "properties": { "pincode": "110085", "officename": "Rohini Sector7 S.O", "officetype": "S.O", "circle": "Delhi", "region": "Div Reporting", "division": "Delhi North", "state": "Delhi", "district": "Delhi North" }, "geometry": { "type": "Polygon", "coordinates": [ [ [ 77.107103999784528, 28.738501000281079 ], [ 77.113414999727055, 28.735658000377295 ], [ 77.12814999975545, 28.725200999873135 ], [ 77.12975300026082, 28.726854000028627 ], [ 77.13071499981038, 28.726515000061326 ], [ 77.137754999674002, 28.730014999820288 ], [ 77.139708999808619, 28.726984999874826 ], [ 77.141483999843146, 28.723940000338349 ], [ 77.138606999618659, 28.713268000380022 ], [ 77.129980000041527, 28.702991999608372 ], [ 77.118750999701234, 28.697884000133502 ], [ 77.10472799987545, 28.694675000135081 ], [ 77.100665999620361, 28.69588099971989 ], [ 77.084980999737965, 28.705916000086663 ], [ 77.081360000422151, 28.709286999781426 ], [ 77.080479999990061, 28.712667000073115 ], [ 77.079735000175447, 28.712980999784651 ], [ 77.079176999958648, 28.709738999902918 ], [ 77.076307000305164, 28.707400000103924 ], [ 77.07494399999932, 28.707518000381594 ], [ 77.075046000106553, 28.703857000383568 ], [ 77.073233000437199, 28.704750999638577 ], [ 77.073221999668249, 28.7068679997233 ], [ 77.074283999675217, 28.707979000377755 ], [ 77.076057000059905, 28.714174000062879 ], [ 77.074008000389028, 28.714520999635141 ], [ 77.074020000084602, 28.715738000296938 ], [ 77.072734999596534, 28.715964000057074 ], [ 77.073061000009758, 28.716385999898407 ], [ 77.068746999859599, 28.719524000260776 ], [ 77.076622999774372, 28.729620000104358 ], [ 77.08074299975577, 28.726759999959633 ], [ 77.085882999911391, 28.732555000101602 ], [ 77.085205999868876, 28.73264000012286 ], [ 77.086960999811879, 28.735156000319645 ], [ 77.088304000026284, 28.734656999747539 ], [ 77.090917999586679, 28.737521000206883 ], [ 77.093812000427903, 28.735542000280091 ], [ 77.095108999713247, 28.737059000134714 ], [ 77.098811999943138, 28.737431000076825 ], [ 77.099546999711961, 28.738176000262449 ], [ 77.101171000133746, 28.737191999696552 ], [ 77.107103999784528, 28.738501000281079 ] ] ] } },
{ "type": "Feature", "properties": { "pincode": "110086", "officename": "Sultanpuri C Block S.O", "officetype": "S.O", "circle": "Delhi", "region": "Div Reporting", "division": "Delhi North", "state": "Delhi", "district": "Delhi North" }, "geometry": { "type": "Polygon", "coordinates": [ [ [ 77.063308999778144, 28.722761000073252 ], [ 77.073061000009758, 28.716385999898407 ], [ 77.072734999596534, 28.715964000057074 ], [ 77.074020000084602, 28.715738000296938 ], [ 77.074008000389028, 28.714520999635141 ], [ 77.076057000059905, 28.714174000062879 ], [ 77.074283999675217, 28.707979000377755 ], [ 77.073221999668249, 28.7068679997233 ], [ 77.073233000437199, 28.704750999638577 ], [ 77.075046000106553, 28.703857000383568 ], [ 77.07494399999932, 28.707518000381594 ], [ 77.076307000305164, 28.707400000103924 ], [ 77.079176999958648, 28.709738999902918 ], [ 77.079735000175447, 28.712980999784651 ], [ 77.080479999990061, 28.712667000073115 ], [ 77.081360000422151, 28.709286999781426 ], [ 77.088280999561732, 28.70353799988969 ], [ 77.083293999567005, 28.698150000255197 ], [ 77.079504000196778, 28.696673000262081 ], [ 77.078699999932681, 28.693577999718009 ], [ 77.07421599990316, 28.689019999904897 ], [ 77.076221000091437, 28.68476000011751 ], [ 77.036433999913513, 28.688152000149795 ], [ 77.039947999997523, 28.695755000084009 ], [ 77.041223000439842, 28.696966000332981 ], [ 77.037239999827449, 28.698492999683836 ], [ 77.038181000358946, 28.701989999940817 ], [ 77.038235999712199, 28.706679999812756 ], [ 77.042376999610013, 28.708826000033852 ], [ 77.047520999963595, 28.7091220002231 ], [ 77.05319199967353, 28.718311000068123 ], [ 77.05361900036911, 28.725562999642818 ], [ 77.052147000283298, 28.726840999764306 ], [ 77.063308999778144, 28.722761000073252 ] ] ] } },
{ "type": "Feature", "properties": { "pincode": "110087", "officename": "Sunder Vihar S.O", "officetype": "S.O", "circle": "Delhi", "region": "Div Reporting", "division": "New Delhi West", "state": "Delhi", "district": "New Delhi West" }, "geometry": { "type": "Polygon", "coordinates": [ [ [ 77.090773999646672, 28.657106999672571 ], [ 77.089530000064798, 28.654816999798218 ], [ 77.082164999612871, 28.656408000219447 ], [ 77.08072799968717, 28.657569999967485 ], [ 77.078350999953201, 28.665695000338193 ], [ 77.076507000321712, 28.676524000079674 ], [ 77.076463999765679, 28.68136300008625 ], [ 77.094840999924614, 28.679001000312027 ], [ 77.090773999646672, 28.657106999672571 ] ] ] } },
{ "type": "Feature", "properties": { "pincode": "110088", "officename": "Shalimar Bagh S.O North West Delhi", "officetype": "S.O", "circle": "Delhi", "region": "Div Reporting", "division": "Delhi North", "state": "Delhi", "district": "Delhi North" }, "geometry": { "type": "Polygon", "coordinates": [ [ [ 77.170435999866086, 28.704082999811416 ], [ 77.157356000221583, 28.699170999738421 ], [ 77.141176999696498, 28.724468000245931 ], [ 77.142268999840709, 28.726076999995634 ], [ 77.150631000002278, 28.731463999927993 ], [ 77.173421999870484, 28.707230999768196 ], [ 77.170435999866086, 28.704082999811416 ] ] ] } },
{ "type": "Feature", "properties": { "pincode": "110089", "officename": "Rohini Sector 15 S.O", "officetype": "S.O", "circle": "Delhi", "region": "Div Reporting", "division": "Delhi North", "state": "Delhi", "district": "Delhi North" }, "geometry": { "type": "Polygon", "coordinates": [ [ [ 77.11785500027392, 28.744885000261476 ], [ 77.122772999773375, 28.743248000052557 ], [ 77.1286679997893, 28.744454999843917 ], [ 77.129596999726914, 28.743025000286231 ], [ 77.13122100014867, 28.743737000088299 ], [ 77.131820000373381, 28.743091999979956 ], [ 77.136721000154381, 28.742819000276835 ], [ 77.137359999663786, 28.742360000102739 ], [ 77.136099000363458, 28.740956999916911 ], [ 77.137187000309723, 28.740258000243919 ], [ 77.138428000416866, 28.740747000097535 ], [ 77.138646999801651, 28.742164999696413 ], [ 77.139735999572807, 28.741399999797903 ], [ 77.139050000207789, 28.740418000293349 ], [ 77.142950000081186, 28.737844000009051 ], [ 77.139578000287386, 28.73482099960647 ], [ 77.140098999795953, 28.73249999991204 ], [ 77.143292000387945, 28.729647999987787 ], [ 77.146346999989305, 28.728677000297068 ], [ 77.142268999840709, 28.726076999995634 ], [ 77.141176999696498, 28.724468000245931 ], [ 77.137754999674002, 28.730014999820288 ], [ 77.13071499981038, 28.726515000061326 ], [ 77.12975300026082, 28.726854000028627 ], [ 77.12814999975545, 28.725200999873135 ], [ 77.110032999887522, 28.737917000330842 ], [ 77.113327999688423, 28.739244000062506 ], [ 77.114258000349224, 28.740308000285655 ], [ 77.113453000260193, 28.74090000037901 ], [ 77.11399499968519, 28.741917999866896 ], [ 77.115993000200774, 28.743721000287625 ], [ 77.11785500027392, 28.744885000261476 ] ] ] } },
{ "type": "Feature", "properties": { "pincode": "110090", "officename": "Karawal Nagar S.O", "officetype": "S.O", "circle": "Delhi", "region": "Div Reporting", "division": "Delhi East", "state": "Delhi", "district": "Delhi East" }, "geometry": { "type": "Polygon", "coordinates": [ [ [ 77.214948000097934, 28.785170000340493 ], [ 77.228534999905634, 28.786533000358382 ], [ 77.234147999889231, 28.783718000129173 ], [ 77.22186800031092, 28.777391000069127 ], [ 77.22535399990754, 28.77686899975031 ], [ 77.231449999764905, 28.774414999884819 ], [ 77.232161000142625, 28.772828999883121 ], [ 77.231792000071664, 28.770790999917256 ], [ 77.235881999915875, 28.770733000103782 ], [ 77.235563000073668, 28.760915999904853 ], [ 77.248800000076969, 28.755277999785672 ], [ 77.256357999974426, 28.756204000078192 ], [ 77.256147999912159, 28.754353000124873 ], [ 77.258856006370408, 28.752691006351565 ], [ 77.259182007681972, 28.750004001413213 ], [ 77.256194999767786, 28.743875999927102 ], [ 77.254557999825536, 28.743563999849268 ], [ 77.255193999860197, 28.739741000142114 ], [ 77.260821999912423, 28.734165000201877 ], [ 77.271928000229082, 28.735459999767006 ], [ 77.272909000045203, 28.736270000034892 ], [ 77.276439000022748, 28.735448999722102 ], [ 77.285725999923955, 28.726215000030912 ], [ 77.286275999744888, 28.72457800038341 ], [ 77.290767000345383, 28.722383999837785 ], [ 77.288830999754055, 28.719568000046841 ], [ 77.289089000395222, 28.716821000336598 ], [ 77.286240999584777, 28.714533999855576 ], [ 77.287093000427774, 28.71326200008469 ], [ 77.287363999691109, 28.710265000186297 ], [ 77.259913000066319, 28.705204000311269 ], [ 77.259365999720146, 28.704075000028272 ], [ 77.233593999870365, 28.711859000089984 ], [ 77.241458999914485, 28.720267999953919 ], [ 77.242793999732939, 28.723034999876127 ], [ 77.241670999626592, 28.724871000292278 ], [ 77.23538999982128, 28.730166999648247 ], [ 77.228227999758943, 28.743391000111387 ], [ 77.227045000276476, 28.746956000025314 ], [ 77.228197999621727, 28.751877999690247 ], [ 77.234630999763013, 28.761269000111959 ], [ 77.235481000057874, 28.769336000233288 ], [ 77.226354999815172, 28.772530999802768 ], [ 77.216827999714425, 28.771627999826524 ], [ 77.213931000296796, 28.773113999882504 ], [ 77.210262000402068, 28.77924499993447 ], [ 77.206935999740708, 28.782140999866815 ], [ 77.205134999766955, 28.78585299963963 ], [ 77.204281000172415, 28.78590000025342 ], [ 77.204517000173979, 28.790544999992576 ], [ 77.209226000334368, 28.787266999640366 ], [ 77.214948000097934, 28.785170000340493 ] ] ] } },
{ "type": "Feature", "properties": { "pincode": "110091", "officename": "Patparganj S.O", "officetype": "S.O", "circle": "Delhi", "region": "Div Reporting", "division": "Delhi East", "state": "Delhi", "district": "Delhi East" }, "geometry": { "type": "Polygon", "coordinates": [ [ [ 77.298379235129772, 28.58015070289963 ], [ 77.295868999967837, 28.580139000243218 ], [ 77.290647999621385, 28.57808699996556 ], [ 77.286886999665143, 28.582990000233401 ], [ 77.270379000150385, 28.592795999637971 ], [ 77.264742999702221, 28.598407999695926 ], [ 77.278906000168391, 28.608169000092083 ], [ 77.286419999684895, 28.617181999658378 ], [ 77.316591000073672, 28.627410999800578 ], [ 77.319429999765006, 28.622347000049079 ], [ 77.321455000044764, 28.616500000180739 ], [ 77.305063999807544, 28.597938000324788 ], [ 77.298296999755422, 28.587973000366958 ], [ 77.302174999887512, 28.582713999771745 ], [ 77.298379235129772, 28.58015070289963 ] ] ] } },
{ "type": "Feature", "properties": { "pincode": "110092", "officename": "Laxmi Nagar S.O East Delhi", "officetype": "S.O", "circle": "Delhi", "region": "Div Reporting", "division": "Delhi East", "state": "Delhi", "district": "Delhi East" }, "geometry": { "type": "Polygon", "coordinates": [ [ [ 77.319879000201865, 28.651085999786961 ], [ 77.314996999789145, 28.637416999682721 ], [ 77.318001000235213, 28.628226999998017 ], [ 77.286419999684895, 28.617181999658378 ], [ 77.278906000168391, 28.608169000092083 ], [ 77.264742999702221, 28.598407999695926 ], [ 77.258240000139054, 28.605637999772416 ], [ 77.255880999948445, 28.613007000076006 ], [ 77.255115000217472, 28.620237000080561 ], [ 77.255449000128323, 28.625936999632337 ], [ 77.256602000371899, 28.631371000099694 ], [ 77.260820000262612, 28.63656399971017 ], [ 77.263910000024083, 28.642616999743627 ], [ 77.281333000131085, 28.642767000218925 ], [ 77.285862000366393, 28.643786000150946 ], [ 77.299268000424121, 28.644794000319557 ], [ 77.294442999912789, 28.650360000193587 ], [ 77.29353200041686, 28.652809999673451 ], [ 77.301179000002747, 28.654727000261829 ], [ 77.303303999841631, 28.657150000148725 ], [ 77.303778000392896, 28.666301999817609 ], [ 77.308613999876556, 28.666257000259986 ], [ 77.320803000116612, 28.663615000278437 ], [ 77.319879000201865, 28.651085999786961 ] ] ] } },
{ "type": "Feature", "properties": { "pincode": "110093", "officename": "Nand Nagri C S.O", "officetype": "S.O", "circle": "Delhi", "region": "Div Reporting", "division": "Delhi East", "state": "Delhi", "district": "Delhi East" }, "geometry": { "type": "Polygon", "coordinates": [ [ [ 77.317734000271514, 28.713981999981968 ], [ 77.322064000315208, 28.712103999662848 ], [ 77.324451000094911, 28.713302999995232 ], [ 77.326257000091587, 28.712712000172438 ], [ 77.327141999648219, 28.713490000036867 ], [ 77.331063000336343, 28.713088000035526 ], [ 77.326483999872281, 28.710452000144063 ], [ 77.324456001016088, 28.707061000101532 ], [ 77.325765999821883, 28.703071999816196 ], [ 77.325275000450517, 28.701103000055124 ], [ 77.323273000635282, 28.69857599996017 ], [ 77.327303000205021, 28.693821000387871 ], [ 77.324492000102808, 28.691683999709795 ], [ 77.322979000009099, 28.692216000056618 ], [ 77.31373599959052, 28.686489000301364 ], [ 77.315242999836428, 28.684668000169729 ], [ 77.311993000241372, 28.682762000389143 ], [ 77.307073000193782, 28.689820999654383 ], [ 77.304107000280865, 28.688428000024182 ], [ 77.301603000325301, 28.688617999669098 ], [ 77.301672999747154, 28.689691999781083 ], [ 77.292101000338917, 28.689391999736074 ], [ 77.279536000355236, 28.690712999810483 ], [ 77.285619999618746, 28.701737000358754 ], [ 77.302005999833099, 28.699365000049912 ], [ 77.301890000380482, 28.710842999763369 ], [ 77.304785000148271, 28.712900000272928 ], [ 77.316653999822876, 28.712919000222389 ], [ 77.317734000271514, 28.713981999981968 ] ] ] } },
{ "type": "Feature", "properties": { "pincode": "110094", "officename": "Gokal Puri S.O", "officetype": "S.O", "circle": "Delhi", "region": "Div Reporting", "division": "Delhi East", "state": "Delhi", "district": "Delhi East" }, "geometry": { "type": "Polygon", "coordinates": [ [ [ 77.301890000380482, 28.710842999763369 ], [ 77.302005999833099, 28.699365000049912 ], [ 77.285619999618746, 28.701737000358754 ], [ 77.259365999720146, 28.704075000028272 ], [ 77.259913000066319, 28.705204000311269 ], [ 77.287363999691109, 28.710265000186297 ], [ 77.291516000357916, 28.706152999771529 ], [ 77.296782000011902, 28.704440000050255 ], [ 77.299132999806588, 28.708618999763193 ], [ 77.299034999897302, 28.709855000267677 ], [ 77.301890000380482, 28.710842999763369 ] ] ] } },
{ "type": "Feature", "properties": { "pincode": "110095", "officename": "Jhilmil H.O", "officetype": "H.O", "circle": "Delhi", "region": "Div Reporting", "division": "Delhi East", "state": "Delhi", "district": "Delhi East" }, "geometry": { "type": "Polygon", "coordinates": [ [ [ 77.327303000205021, 28.693821000387871 ], [ 77.330829000882915, 28.689322000258592 ], [ 77.332922000036419, 28.681960000144951 ], [ 77.330095000040671, 28.678220999949282 ], [ 77.323902999923817, 28.677195999755071 ], [ 77.323721000348954, 28.668960000050827 ], [ 77.323000999750406, 28.667159000019151 ], [ 77.321650000038431, 28.666305999970024 ], [ 77.320803000116612, 28.663615000278437 ], [ 77.308613999876556, 28.666257000259986 ], [ 77.303778000392896, 28.666301999817609 ], [ 77.303738000209904, 28.667150000340389 ], [ 77.301349999706972, 28.666557000361696 ], [ 77.301270000239356, 28.673073000376043 ], [ 77.300071999789921, 28.675904999771994 ], [ 77.301129999598942, 28.678629999938316 ], [ 77.301419000202259, 28.685811000064277 ], [ 77.305238999709715, 28.686747999940962 ], [ 77.304107000280865, 28.688428000024182 ], [ 77.307073000193782, 28.689820999654383 ], [ 77.311993000241372, 28.682762000389143 ], [ 77.315242999836428, 28.684668000169729 ], [ 77.31373599959052, 28.686489000301364 ], [ 77.322979000009099, 28.692216000056618 ], [ 77.324492000102808, 28.691683999709795 ], [ 77.327303000205021, 28.693821000387871 ] ] ] } },
{ "type": "Feature", "properties": { "pincode": "110096", "officename": "Vasundhra Enclave S.O", "officetype": "S.O", "circle": "Delhi", "region": "Div Reporting", "division": "Delhi East", "state": "Delhi", "district": "Delhi East" }, "geometry": { "type": "Polygon", "coordinates": [ [ [ 77.323621999716437, 28.634397999861964 ], [ 77.324651999936364, 28.63464999990606 ], [ 77.330623999945189, 28.631396000113799 ], [ 77.33970400015717, 28.624164000028934 ], [ 77.340331999795879, 28.622533000168161 ], [ 77.342562999939986, 28.621972999872007 ], [ 77.34147400016883, 28.616979000147268 ], [ 77.342415999626894, 28.608884999842125 ], [ 77.341675992648661, 28.606056005425614 ], [ 77.336766999658238, 28.601813999616596 ], [ 77.328356999816108, 28.600154999901129 ], [ 77.325169000145323, 28.598051999630311 ], [ 77.313399000204939, 28.596588000225559 ], [ 77.310510000284879, 28.590871000042434 ], [ 77.302174999887512, 28.582713999771745 ], [ 77.298296999755422, 28.587973000366958 ], [ 77.305063999807544, 28.597938000324788 ], [ 77.321455000044764, 28.616500000180739 ], [ 77.319429999765006, 28.622347000049079 ], [ 77.316591000073672, 28.627410999800578 ], [ 77.318001000235213, 28.628226999998017 ], [ 77.314996999789145, 28.637416999682721 ], [ 77.316264999660433, 28.641216000257895 ], [ 77.323621999716437, 28.634397999861964 ] ] ] } },
{ "type": "Feature", "properties": { "pincode": "110097", "officename": "Kapashera S.O", "officetype": "S.O", "circle": "Delhi", "region": "Div Reporting", "division": "New Delhi South West", "state": "Delhi", "district": "New Delhi South West" }, "geometry": { "type": "Polygon", "coordinates": [ [ [ 77.086026000026536, 28.539668999705988 ], [ 77.095355999585436, 28.538009000119896 ], [ 77.096385999805364, 28.538837999760169 ], [ 77.107114999655153, 28.535671000289348 ], [ 77.107371999573118, 28.53348499992882 ], [ 77.105358000062324, 28.532188000344071 ], [ 77.093438000334118, 28.513954999649979 ], [ 77.080421000438818, 28.517954000394624 ], [ 77.075006999748496, 28.518565999838181 ], [ 77.071352000097505, 28.520263999644225 ], [ 77.071548999740983, 28.524972999692501 ], [ 77.070024999776649, 28.52547199975038 ], [ 77.071333999655835, 28.528366000075401 ], [ 77.070572000122837, 28.528554999816286 ], [ 77.071030999707119, 28.52922200037327 ], [ 77.07396300018317, 28.528809000191142 ], [ 77.073984000099586, 28.532391000173607 ], [ 77.078976999942086, 28.532875000137274 ], [ 77.081054000100394, 28.537028999914138 ], [ 77.085334999740297, 28.536858999860655 ], [ 77.086026000026536, 28.539668999705988 ] ] ] } },
{ "type": "Feature", "properties": { "pincode": "110099", "officename": "Rohini Sector 23 S.O", "officetype": "S.O", "circle": "Delhi", "region": "Div Reporting", "division": "Delhi North", "state": "Delhi", "district": "Delhi North" }, "geometry": { "type": "Polygon", "coordinates": [ [ [ 77.055016000111863, 28.751654000027628 ], [ 77.068534000322586, 28.744371000259054 ], [ 77.069171000182095, 28.745326000278027 ], [ 77.083127999885676, 28.742881999726404 ], [ 77.085205999868876, 28.73264000012286 ], [ 77.085882999911391, 28.732555000101602 ], [ 77.08074299975577, 28.726759999959633 ], [ 77.076622999774372, 28.729620000104358 ], [ 77.068885999776768, 28.719179999934514 ], [ 77.059429999821148, 28.724458999978925 ], [ 77.043939000107542, 28.729656999808046 ], [ 77.046084999862799, 28.73575400025172 ], [ 77.055016000111863, 28.751654000027628 ] ] ] } }
]
}
