{
"type": "FeatureCollection",
"name": "haryana",
"crs": { "type": "name", "properties": { "name": "urn:ogc:def:crs:OGC:1.3:CRS84" } },
"features": [
{ "type": "Feature", "properties": { "pincode": "121102", "state": "Haryana", "district": "Palwal", "officename": "New Township Palwal", "officetype": "S.O" }, "geometry": { "type": "Polygon", "coordinates": [ [ [ 77.164709471165224, 28.224760938966313 ], [ 77.180802640429647, 28.255055647100562 ], [ 77.204889690007292, 28.263327770460364 ], [ 77.209722000969691, 28.279871893972938 ], [ 77.228538302101128, 28.287034087553195 ], [ 77.249672568034725, 28.272398535863886 ], [ 77.257985736452724, 28.284982899441388 ], [ 77.303972944296106, 28.270418498515028 ], [ 77.321036046776214, 28.273486720036146 ], [ 77.340810033256616, 28.253325596099444 ], [ 77.359434029656768, 28.248410312785893 ], [ 77.366927138676601, 28.253863450937615 ], [ 77.375708187482928, 28.240058126381541 ], [ 77.406843065655096, 28.229445823166316 ], [ 77.411761380583414, 28.221219974422468 ], [ 77.430488757650096, 28.231560243510557 ], [ 77.438406766659057, 28.225045878364767 ], [ 77.466593051128541, 28.226163455978678 ], [ 77.486014188603974, 28.236751916367894 ], [ 77.490702033372202, 28.25853690925112 ], [ 77.548476999713728, 28.248726000005036 ], [ 77.545295999610801, 28.234844000150531 ], [ 77.525223000241283, 28.224086999615395 ], [ 77.528732000181833, 28.196103999699915 ], [ 77.498718000135796, 28.206333000167888 ], [ 77.50167799993983, 28.179435999971588 ], [ 77.515243999611016, 28.18980199956269 ], [ 77.547554000317007, 28.185199999580391 ], [ 77.551979000230688, 28.175966000030826 ], [ 77.54133599955685, 28.164573999890308 ], [ 77.505889999923625, 28.154199999930086 ], [ 77.50478400018153, 28.140134999730549 ], [ 77.496735000420074, 28.135764999655123 ], [ 77.50913200014179, 28.121686999755241 ], [ 77.501740000101108, 28.092336999752774 ], [ 77.487655999924471, 28.10230599992201 ], [ 77.478279000075872, 28.080336000306318 ], [ 77.492270999607001, 28.055044000380292 ], [ 77.488456999990603, 28.038485000282606 ], [ 77.513333525721691, 28.019335858263332 ], [ 77.515615782942234, 28.005395291859315 ], [ 77.501332771790089, 28.003384079511704 ], [ 77.481818965472996, 28.015221909563593 ], [ 77.47732879618718, 28.027501069318873 ], [ 77.447327184302196, 28.040542600560684 ], [ 77.430624985155077, 28.021404555275979 ], [ 77.419830402851005, 28.021678758567873 ], [ 77.392166595711899, 28.036811611966471 ], [ 77.388220103475078, 28.053297704026022 ], [ 77.368701516361909, 28.069976299566576 ], [ 77.351153547098647, 28.064085047686831 ], [ 77.323480362728674, 28.074659738556079 ], [ 77.308123779588811, 28.092189744761129 ], [ 77.289954358107309, 28.091528918424899 ], [ 77.279334041932543, 28.105386382075949 ], [ 77.249856525258565, 28.115872960069112 ], [ 77.233103932600386, 28.107766570071306 ], [ 77.205268144509375, 28.130175661877274 ], [ 77.184897087330796, 28.135156650559225 ], [ 77.184865073264746, 28.152190988223595 ], [ 77.198546016185674, 28.156310179071738 ], [ 77.210898884376093, 28.182080516702513 ], [ 77.177928537572086, 28.190016968108637 ], [ 77.171896582261525, 28.22044837409328 ], [ 77.164709471165224, 28.224760938966313 ] ] ] } },
{ "type": "Feature", "properties": { "pincode": "122016", "state": "Haryana", "district": "Gurgaon", "officename": "Industrial Complex Dundahera", "officetype": "S.O" }, "geometry": { "type": "Polygon", "coordinates": [ [ [ 77.067780850405995, 28.512204209157119 ], [ 77.080238999530422, 28.518092767567225 ], [ 77.095125198569178, 28.507316043101014 ], [ 77.08606656232223, 28.495669952106709 ], [ 77.068693636202454, 28.5037870089634 ], [ 77.067780850405995, 28.512204209157119 ] ] ] } },
{ "type": "Feature", "properties": { "pincode": "133010", "state": "Haryana", "district": "Ambala", "officename": "Defence Colony", "officetype": "S.O" }, "geometry": { "type": "Polygon", "coordinates": [ [ [ 76.85365159674393, 30.388526780786492 ], [ 76.864370826652419, 30.395456573362139 ], [ 76.87591528885963, 30.385588013975791 ], [ 76.865348087544191, 30.374936355528575 ], [ 76.85365159674393, 30.388526780786492 ] ] ] } },
{ "type": "Feature", "properties": { "pincode": "125033", "state": "Haryana", "district": "Hisar", "officename": "T C Hansi", "officetype": "S.O" }, "geometry": { "type": "Polygon", "coordinates": [ [ [ 75.843981391128523, 29.0190236287375 ], [ 75.828732137578129, 29.048727690031001 ], [ 75.864636378666091, 29.059370639443443 ], [ 75.867730899961089, 29.07210960817207 ], [ 75.858786701545057, 29.082744725388807 ], [ 75.875949964219615, 29.102706567654025 ], [ 75.906978715195692, 29.103413364635117 ], [ 75.909347131964523, 29.143543874350428 ], [ 75.902475254829312, 29.141449741812323 ], [ 75.888403278588498, 29.159102436228579 ], [ 75.895880234885112, 29.189762321274145 ], [ 75.870200050691722, 29.216573447007022 ], [ 75.844481720854787, 29.223798074221861 ], [ 75.862380787243637, 29.261766756730538 ], [ 75.907323134854892, 29.273701629027016 ], [ 75.918585674889016, 29.302358584481112 ], [ 75.987831752933232, 29.286588682821616 ], [ 75.96210843185878, 29.259881818191388 ], [ 75.954137929422018, 29.236254538915944 ], [ 75.973231569781319, 29.217105092925749 ], [ 75.965450604861644, 29.192867226141743 ], [ 76.017689743087317, 29.174764687240611 ], [ 76.005715691825856, 29.162943245534393 ], [ 76.017320268315814, 29.143069944222589 ], [ 76.034290125488951, 29.141156704018783 ], [ 76.040098321380526, 29.159988765769015 ], [ 76.061268657322728, 29.151710377731888 ], [ 76.083838082961165, 29.155027408388435 ], [ 76.089315029764975, 29.169573250005669 ], [ 76.154796208478274, 29.207943365593962 ], [ 76.17446678641312, 29.194588210177926 ], [ 76.188432664236018, 29.166548367713119 ], [ 76.186892429542127, 29.156529554995018 ], [ 76.169384143763409, 29.143732099756733 ], [ 76.147691927640494, 29.139309079250779 ], [ 76.136642187886764, 29.145662351536487 ], [ 76.116418337136565, 29.138512380641998 ], [ 76.119412738707013, 29.115212920440115 ], [ 76.112186862333886, 29.104049527064205 ], [ 76.168980803221643, 29.060370129777709 ], [ 76.16859158833131, 29.044898218478181 ], [ 76.158878839187139, 29.037737227291302 ], [ 76.163033932769736, 29.011125483954004 ], [ 76.123943730019278, 29.028219423287908 ], [ 76.120693608023771, 29.036740699323786 ], [ 76.088796660537469, 29.044369444094627 ], [ 76.073100348602281, 29.040134688565104 ], [ 76.062340705859071, 29.02095814600176 ], [ 76.048920853214838, 29.02313950288584 ], [ 76.032398994218397, 29.037240748461898 ], [ 76.03319957070363, 29.059715178712736 ], [ 75.999805545189929, 29.063616068127089 ], [ 75.979016374306298, 29.077125476159836 ], [ 75.961539053084948, 29.058166487693427 ], [ 75.968167891135522, 29.033403991501189 ], [ 75.96300602990442, 28.992256603059786 ], [ 75.94592952752572, 28.996269751248121 ], [ 75.930975338840824, 29.015728213286593 ], [ 75.914789109530034, 29.022722433293836 ], [ 75.900969966890557, 29.018470239909789 ], [ 75.872278540422485, 29.039388823235583 ], [ 75.862393662837405, 29.040938879425823 ], [ 75.855309343351678, 29.023942187382147 ], [ 75.843981391128523, 29.0190236287375 ] ] ] } },
{ "type": "Feature", "properties": { "pincode": "121103", "state": "Haryana", "district": "Palwal", "officename": "Hathin", "officetype": "S.O" }, "geometry": { "type": "Polygon", "coordinates": [ [ [ 77.076554131767864, 28.113122095808137 ], [ 77.120050618641301, 28.166613401487382 ], [ 77.119859822073238, 28.182038982413076 ], [ 77.143695957202738, 28.182250412126791 ], [ 77.146868952440343, 28.193743954719878 ], [ 77.136686077300794, 28.210062642477055 ], [ 77.145962730795588, 28.217320426796334 ], [ 77.169742247306829, 28.209767152232473 ], [ 77.181012077245612, 28.187971213700621 ], [ 77.210898884376093, 28.182080516702513 ], [ 77.198546016185674, 28.156310179071738 ], [ 77.184865073264746, 28.152190988223595 ], [ 77.184897087330796, 28.135156650559225 ], [ 77.205268144509375, 28.130175661877274 ], [ 77.232115072252839, 28.108125342910284 ], [ 77.251100639283322, 28.115728189904189 ], [ 77.290086732017187, 28.095444126845109 ], [ 77.29504618913046, 28.029215479311006 ], [ 77.277507180711837, 28.007804375971261 ], [ 77.254490766835545, 28.015005824958962 ], [ 77.232575448698071, 27.997263014876296 ], [ 77.22700072220573, 27.978068700810127 ], [ 77.234485556563186, 27.953521355726082 ], [ 77.248639133689323, 27.937955192778134 ], [ 77.234408406423029, 27.934093846553822 ], [ 77.216815246226815, 27.90313125510346 ], [ 77.185542812251128, 27.938840551950022 ], [ 77.167945295738832, 27.949093433914982 ], [ 77.157723373834756, 27.938457636810426 ], [ 77.114791412993441, 27.965798301350617 ], [ 77.123480303773079, 27.981078934045627 ], [ 77.109367314849806, 27.999091446313116 ], [ 77.11594083560118, 28.012884941187053 ], [ 77.10826812387495, 28.039240188883639 ], [ 77.113701779113967, 28.052236917699645 ], [ 77.096037805400385, 28.071918677804717 ], [ 77.104006707043993, 28.097749770935366 ], [ 77.085986787959996, 28.10187626517768 ], [ 77.076554131767864, 28.113122095808137 ] ] ] } },
{ "type": "Feature", "properties": { "pincode": "123401", "state": "Haryana", "district": "Rewari", "officename": "Tehsil Road Rewari", "officetype": "S.O" }, "geometry": { "type": "Polygon", "coordinates": [ [ [ 76.459521490524423, 28.361007779285671 ], [ 76.493314612679399, 28.392981989327438 ], [ 76.509909778113808, 28.39403214746568 ], [ 76.514023015449936, 28.376278822509789 ], [ 76.532251150070692, 28.359155793704986 ], [ 76.565595318969031, 28.358607700984749 ], [ 76.565302128290568, 28.34824680594545 ], [ 76.576566097347609, 28.338736036439059 ], [ 76.625798131079137, 28.32715316328796 ], [ 76.620210532590136, 28.316869637823743 ], [ 76.63603345378084, 28.295341473330325 ], [ 76.661506934197803, 28.294645116578863 ], [ 76.663144582556583, 28.305350018488696 ], [ 76.682532073696393, 28.306192989914678 ], [ 76.687154660059491, 28.289196194448834 ], [ 76.661503265863189, 28.294613504509641 ], [ 76.647202364497673, 28.277587894765588 ], [ 76.649245331906627, 28.263443982653826 ], [ 76.63043153628638, 28.261720849237975 ], [ 76.679325273842437, 28.221690329745002 ], [ 76.700227097402774, 28.218997100336082 ], [ 76.707768576458761, 28.248210598540425 ], [ 76.715140961386396, 28.252214011567446 ], [ 76.738710368388809, 28.247403914758934 ], [ 76.715858591600806, 28.219538014667705 ], [ 76.711260182611397, 28.193802076105044 ], [ 76.721549949370797, 28.187427913467559 ], [ 76.708188708242346, 28.178067833463842 ], [ 76.710646087746852, 28.15989598201412 ], [ 76.701613477879846, 28.133900131286055 ], [ 76.717800325924372, 28.126308693091744 ], [ 76.707504000409529, 28.110624000397422 ], [ 76.664593431741594, 28.111163759999556 ], [ 76.643616701849282, 28.125239325434734 ], [ 76.582622382017234, 28.123708115437182 ], [ 76.55374813596768, 28.14522978232867 ], [ 76.54949958753599, 28.178067787598479 ], [ 76.52490079853311, 28.196650805490435 ], [ 76.533702360875338, 28.202614074180303 ], [ 76.535356234802578, 28.241450222050332 ], [ 76.526475411611102, 28.238751375475829 ], [ 76.504379899912578, 28.27089300780608 ], [ 76.51275835821184, 28.322900453693023 ], [ 76.502805483786233, 28.322790747195427 ], [ 76.499998220341581, 28.331512617913177 ], [ 76.466210273785236, 28.349765375072081 ], [ 76.459521490524423, 28.361007779285671 ] ] ] } },
{ "type": "Feature", "properties": { "pincode": "125011", "state": "Haryana", "district": "Hisar", "officename": "B.S.F Hisar", "officetype": "S.O" }, "geometry": { "type": "Polygon", "coordinates": [ [ [ 75.710276319097034, 29.17817503694846 ], [ 75.673047650029162, 29.217841390367994 ], [ 75.638875184841993, 29.219833639610897 ], [ 75.663475084507581, 29.247163438542032 ], [ 75.6609318170498, 29.273792583760894 ], [ 75.723639251850102, 29.312608490589525 ], [ 75.771664887324789, 29.316840467213979 ], [ 75.792475381134011, 29.343813115682849 ], [ 75.822150737866309, 29.250414360934144 ], [ 75.781783899807294, 29.250562342578121 ], [ 75.729419929386381, 29.178317514741593 ], [ 75.710276319097034, 29.17817503694846 ] ] ] } },
{ "type": "Feature", "properties": { "pincode": "121004", "state": "Haryana", "district": "Faridabad", "officename": "Ballabgarh", "officetype": "S.O" }, "geometry": { "type": "Polygon", "coordinates": [ [ [ 77.13655415664914, 28.435550889362105 ], [ 77.169100471309889, 28.423363734748591 ], [ 77.180437359196844, 28.398706004178905 ], [ 77.236701646164079, 28.4110705806429 ], [ 77.261451461915613, 28.435716476134473 ], [ 77.28411291427966, 28.425277913844752 ], [ 77.267790909822679, 28.405266456881577 ], [ 77.279180348694126, 28.388551141122321 ], [ 77.253660783418411, 28.376692583495981 ], [ 77.265720112893007, 28.367496453498518 ], [ 77.263852044736325, 28.360905172935418 ], [ 77.291831398800127, 28.348679039006527 ], [ 77.291937526895424, 28.34028566365248 ], [ 77.302683206764527, 28.343703766415786 ], [ 77.298175561852815, 28.370941810216493 ], [ 77.314492210846879, 28.371151032993907 ], [ 77.31591934500193, 28.35384400379786 ], [ 77.329640858139214, 28.354750297388421 ], [ 77.351015404937129, 28.361319054430908 ], [ 77.366819108515074, 28.380894526361431 ], [ 77.376553113135742, 28.379178868110387 ], [ 77.39411580250237, 28.336095862534137 ], [ 77.410664115056932, 28.332882598353365 ], [ 77.411975456102482, 28.310894750792215 ], [ 77.423758502153191, 28.312627328888141 ], [ 77.431613733986694, 28.299507963122096 ], [ 77.470301991044096, 28.298645721023433 ], [ 77.496052629925032, 28.312688365875488 ], [ 77.505524000132425, 28.301390000448293 ], [ 77.502433999729533, 28.274977000088597 ], [ 77.474486999675435, 28.271797000031711 ], [ 77.493044718738759, 28.248793929396413 ], [ 77.466593051128541, 28.226163455978678 ], [ 77.438406766659057, 28.225045878364767 ], [ 77.430488757650096, 28.231560243510557 ], [ 77.411761380583414, 28.221219974422468 ], [ 77.406843065655096, 28.229445823166316 ], [ 77.375708187482928, 28.240058126381541 ], [ 77.366927138676601, 28.253863450937615 ], [ 77.359434029656768, 28.248410312785893 ], [ 77.340810033256616, 28.253325596099444 ], [ 77.321036046776214, 28.273486720036146 ], [ 77.303972944296106, 28.270418498515028 ], [ 77.257985736452724, 28.284982899441388 ], [ 77.249672568034725, 28.272398535863886 ], [ 77.228538302101128, 28.287034087553195 ], [ 77.217891591723628, 28.281790261211711 ], [ 77.184780269893679, 28.302173325238925 ], [ 77.164853523671184, 28.303562972053612 ], [ 77.142024684092064, 28.319305782535992 ], [ 77.132378501866469, 28.344381702353928 ], [ 77.132057134529305, 28.363964030715636 ], [ 77.145003236010609, 28.395187790684133 ], [ 77.13655415664914, 28.435550889362105 ] ] ] } },
{ "type": "Feature", "properties": { "pincode": "121001", "state": "Haryana", "district": "Faridabad", "officename": "Faridabad NIT", "officetype": "H.O" }, "geometry": { "type": "Polygon", "coordinates": [ [ [ 77.272457300364181, 28.401780917555413 ], [ 77.283189843836283, 28.414852857573521 ], [ 77.294812226003501, 28.412068499861448 ], [ 77.284975262498449, 28.43865179134724 ], [ 77.308708527776446, 28.439003946075388 ], [ 77.314492210846879, 28.371151032993907 ], [ 77.277039620482185, 28.370972585916206 ], [ 77.269260241966776, 28.385437378831966 ], [ 77.279180348694126, 28.388551141122321 ], [ 77.272457300364181, 28.401780917555413 ] ] ] } },
{ "type": "Feature", "properties": { "pincode": "121002", "state": "Haryana", "district": "Faridabad", "officename": "Faridabad City", "officetype": "S.O" }, "geometry": { "type": "Polygon", "coordinates": [ [ [ 77.339130342006683, 28.386321663856563 ], [ 77.329695999622402, 28.382163763046435 ], [ 77.326722502708435, 28.402250826358852 ], [ 77.311823785305023, 28.401680231094474 ], [ 77.309684455394802, 28.427591919899044 ], [ 77.326973140239829, 28.428696155548096 ], [ 77.323977172374725, 28.439004540443477 ], [ 77.352913320064602, 28.447662234306279 ], [ 77.359217762947196, 28.463451027870235 ], [ 77.35371565818798, 28.499658405780849 ], [ 77.370383977890071, 28.492322981357574 ], [ 77.385901987552586, 28.470623016357422 ], [ 77.407805979251975, 28.465609014034385 ], [ 77.407692015171108, 28.45307499170309 ], [ 77.435692012310142, 28.448958992958183 ], [ 77.445869028568268, 28.426015973091182 ], [ 77.484435975551662, 28.407890021800995 ], [ 77.483726978302116, 28.39818400144577 ], [ 77.457120776176566, 28.393477916717643 ], [ 77.450667917728481, 28.38054203987133 ], [ 77.425919711589813, 28.395936191081944 ], [ 77.421933710575047, 28.388184010982513 ], [ 77.402708649635429, 28.387814939022121 ], [ 77.38704293966299, 28.371403098106327 ], [ 77.3668190836907, 28.380894541740417 ], [ 77.341106772422791, 28.358502924442291 ], [ 77.339130342006683, 28.386321663856563 ] ], [ [ 77.332129478454704, 28.410994231701011 ], [ 77.349488139152527, 28.410963475704307 ], [ 77.348617255687827, 28.429481625556946 ], [ 77.326973140239829, 28.428696155548096 ], [ 77.332129478454704, 28.410994231701011 ] ] ] } },
{ "type": "Feature", "properties": { "pincode": "121003", "state": "Haryana", "district": "Faridabad", "officename": "Mathura Road Faridabad", "officetype": "S.O" }, "geometry": { "type": "Polygon", "coordinates": [ [ [ 77.239438293942328, 28.467438998311195 ], [ 77.243735717829111, 28.480326480183123 ], [ 77.272694660230513, 28.488099158749321 ], [ 77.270675687632888, 28.463587381852221 ], [ 77.287565735370549, 28.460180955886528 ], [ 77.302899834559923, 28.462417022128022 ], [ 77.301450169689645, 28.47526995474459 ], [ 77.320276508154507, 28.471464757692331 ], [ 77.343854268959433, 28.475160404729081 ], [ 77.357681681764234, 28.488336790210838 ], [ 77.358629150814807, 28.483220458957078 ], [ 77.352913321592609, 28.447662206845393 ], [ 77.333331666823085, 28.437956684653273 ], [ 77.288719424362, 28.440928735372893 ], [ 77.289512094007989, 28.423478357840054 ], [ 77.261451461915613, 28.435716476134473 ], [ 77.239438293942328, 28.467438998311195 ] ] ] } },
{ "type": "Feature", "properties": { "pincode": "121005", "state": "Haryana", "district": "Faridabad", "officename": "Jawahar Colony Faridabad", "officetype": "S.O" }, "geometry": { "type": "Polygon", "coordinates": [ [ [ 77.253660783418411, 28.376692583495981 ], [ 77.269260241966776, 28.385437378831966 ], [ 77.277039620482185, 28.370972585916206 ], [ 77.288668794329567, 28.367269809054505 ], [ 77.298175561852815, 28.370941810216493 ], [ 77.29999847325098, 28.348059943012117 ], [ 77.263852044736325, 28.360905172935418 ], [ 77.265720112893007, 28.367496453498518 ], [ 77.253660783418411, 28.376692583495981 ] ] ] } },
{ "type": "Feature", "properties": { "pincode": "121006", "state": "Haryana", "district": "Faridabad", "officename": "Faridabad Sector 9", "officetype": "S.O" }, "geometry": { "type": "Polygon", "coordinates": [ [ [ 77.313594457218642, 28.381109743120135 ], [ 77.339130363175911, 28.386321639032531 ], [ 77.34110679334384, 28.358502922771834 ], [ 77.31591934500193, 28.35384400379786 ], [ 77.313594457218642, 28.381109743120135 ] ] ] } },
{ "type": "Feature", "properties": { "pincode": "121007", "state": "Haryana", "district": "Faridabad", "officename": "Faridabad Sector 12", "officetype": "S.O" }, "geometry": { "type": "Polygon", "coordinates": [ [ [ 77.311823777545385, 28.401680234855007 ], [ 77.326722505039584, 28.4022508205191 ], [ 77.329696022553549, 28.382163767443956 ], [ 77.313594457218642, 28.381109743120135 ], [ 77.311823777545385, 28.401680234855007 ] ] ] } },
{ "type": "Feature", "properties": { "pincode": "121008", "state": "Haryana", "district": "Faridabad", "officename": "Faridabad Sector 29", "officetype": "S.O" }, "geometry": { "type": "Polygon", "coordinates": [ [ [ 77.308708527776446, 28.439003946075388 ], [ 77.323977168011993, 28.439004545923183 ], [ 77.326973115516978, 28.428696176687311 ], [ 77.309684465765542, 28.427591897348179 ], [ 77.308708527776446, 28.439003946075388 ] ] ] } },
{ "type": "Feature", "properties": { "pincode": "121009", "state": "Haryana", "district": "Faridabad", "officename": "Surajkund Faridabad", "officetype": "S.O" }, "geometry": { "type": "Polygon", "coordinates": [ [ [ 77.275303728384415, 28.473694264279004 ], [ 77.279270043477823, 28.496490629339178 ], [ 77.299162660428522, 28.495368287116833 ], [ 77.301450169689645, 28.47526995474459 ], [ 77.275303728384415, 28.473694264279004 ] ] ] } },
{ "type": "Feature", "properties": { "pincode": "121010", "state": "Haryana", "district": "Faridabad", "officename": "Nhpc Colony Faridabad", "officetype": "S.O" }, "geometry": { "type": "Polygon", "coordinates": [ [ [ 77.269085238393188, 28.469682010016811 ], [ 77.301450169689645, 28.47526995474459 ], [ 77.302899834559923, 28.462417022128022 ], [ 77.271195302421404, 28.462804697378886 ], [ 77.269085238393188, 28.469682010016811 ] ] ] } },
{ "type": "Feature", "properties": { "pincode": "121012", "state": "Haryana", "district": "Faridabad", "officename": "Sector-21D", "officetype": "S.O" }, "geometry": { "type": "Polygon", "coordinates": [ [ [ 77.285870169772579, 28.413750081900787 ], [ 77.278051771472065, 28.403605584430295 ], [ 77.267790909822679, 28.405266456881577 ], [ 77.293225648345128, 28.426516109431134 ], [ 77.293314176708066, 28.409271308823918 ], [ 77.285870169772579, 28.413750081900787 ] ] ] } },
{ "type": "Feature", "properties": { "pincode": "121013", "state": "Haryana", "district": "Faridabad", "officename": "Sec-91", "officetype": "S.O" }, "geometry": { "type": "Polygon", "coordinates": [ [ [ 77.300068449499463, 28.487830295631738 ], [ 77.325761891498132, 28.488907048521639 ], [ 77.343799693601113, 28.514947739446825 ], [ 77.357681681764234, 28.488336790210838 ], [ 77.343854268959433, 28.475160404729081 ], [ 77.317335557789818, 28.471227648737113 ], [ 77.301450169689645, 28.47526995474459 ], [ 77.300068449499463, 28.487830295631738 ] ] ] } },
{ "type": "Feature", "properties": { "pincode": "121014", "state": "Haryana", "district": "Faridabad", "officename": "Greater Faridabad", "officetype": "S.O" }, "geometry": { "type": "Polygon", "coordinates": [ [ [ 77.326973115516978, 28.428696176687311 ], [ 77.348617280862868, 28.429481638267134 ], [ 77.349488115983888, 28.410963449803432 ], [ 77.332129471997632, 28.410994216509948 ], [ 77.326973115516978, 28.428696176687311 ] ] ] } },
{ "type": "Feature", "properties": { "pincode": "121015", "state": "Haryana", "district": "Faridabad", "officename": "Sector 55", "officetype": "S.O" }, "geometry": { "type": "Polygon", "coordinates": [ [ [ 77.291831398800127, 28.348679039006527 ], [ 77.302675279240873, 28.347468183709793 ], [ 77.302683206764527, 28.343703766415786 ], [ 77.291937526895424, 28.34028566365248 ], [ 77.291831398800127, 28.348679039006527 ] ] ] } },
{ "type": "Feature", "properties": { "pincode": "121101", "state": "Haryana", "district": "Faridabad", "officename": "Tigaon", "officetype": "S.O" }, "geometry": { "type": "Polygon", "coordinates": [ [ [ 77.476043894310521, 28.335404181358001 ], [ 77.496052629925032, 28.312688365875488 ], [ 77.470301991044096, 28.298645721023433 ], [ 77.431613733986694, 28.299507963122096 ], [ 77.423758502153191, 28.312627328888141 ], [ 77.411975456102482, 28.310894750792215 ], [ 77.410664115056932, 28.332882598353365 ], [ 77.39411580250237, 28.336095862534137 ], [ 77.382523212176636, 28.372237339381684 ], [ 77.425919741203131, 28.395936162423993 ], [ 77.449950804386219, 28.380541759195012 ], [ 77.457120764511785, 28.393477918671067 ], [ 77.476685000312614, 28.394063999653952 ], [ 77.504044000230465, 28.352624999744023 ], [ 77.476043894310521, 28.335404181358001 ] ] ] } },
{ "type": "Feature", "properties": { "pincode": "121105", "state": "Haryana", "district": "Palwal", "officename": "Aurangabad (Faridabad)", "officetype": "S.O" }, "geometry": { "type": "Polygon", "coordinates": [ [ [ 77.232993482363327, 27.995225297709396 ], [ 77.254490766835545, 28.015005824958962 ], [ 77.277507180711837, 28.007804375971261 ], [ 77.293346876957003, 28.024864388380934 ], [ 77.298729456998899, 28.042047154652437 ], [ 77.288701276043071, 28.074777440026878 ], [ 77.289954358107309, 28.091528918424899 ], [ 77.297432784795376, 28.093643063576621 ], [ 77.351153547098647, 28.064085047686831 ], [ 77.368701516361909, 28.069976299566576 ], [ 77.388220103475078, 28.053297704026022 ], [ 77.392166595711899, 28.036811611966471 ], [ 77.42436587278678, 28.020795191744924 ], [ 77.412145649202444, 28.004699587116249 ], [ 77.420939091565856, 27.995395289361284 ], [ 77.391523456342611, 27.977982961244834 ], [ 77.363519440170137, 27.98990407391392 ], [ 77.353988727298088, 27.982041977555298 ], [ 77.339155852660724, 27.987062700983017 ], [ 77.322291566003059, 27.969645767438408 ], [ 77.296181350289089, 27.971054306311316 ], [ 77.301710865164409, 27.959551952160894 ], [ 77.282126524119917, 27.922179195513479 ], [ 77.234485556563186, 27.953521355726082 ], [ 77.22700072220573, 27.978068700810127 ], [ 77.232993482363327, 27.995225297709396 ] ] ] } },
{ "type": "Feature", "properties": { "pincode": "121106", "state": "Haryana", "district": "Palwal", "officename": "Hodal", "officetype": "S.O" }, "geometry": { "type": "Polygon", "coordinates": [ [ [ 77.281899707905382, 27.866808514501486 ], [ 77.216815246226815, 27.90313125510346 ], [ 77.234408406423029, 27.934093846553822 ], [ 77.250758169354128, 27.940794530543201 ], [ 77.282126524119917, 27.922179195513479 ], [ 77.301710865164409, 27.959551952160894 ], [ 77.296181350289089, 27.971054306311316 ], [ 77.322291566003059, 27.969645767438408 ], [ 77.339155852660724, 27.987062700983017 ], [ 77.353988727298088, 27.982041977555298 ], [ 77.363519440170137, 27.98990407391392 ], [ 77.391523456342611, 27.977982961244834 ], [ 77.388592285205846, 27.959738643323874 ], [ 77.396705004632395, 27.945975144437512 ], [ 77.424250615673429, 27.933764161387046 ], [ 77.442672947198787, 27.914345762347182 ], [ 77.410591000174634, 27.876260999845272 ], [ 77.421424999763985, 27.853419999633331 ], [ 77.382888999727641, 27.858072000122888 ], [ 77.348289000437092, 27.853983000415155 ], [ 77.33751392982407, 27.84493282229198 ], [ 77.322338944986484, 27.855644967341391 ], [ 77.321822109103039, 27.876195108317688 ], [ 77.299990188696256, 27.891562814272561 ], [ 77.281899707905382, 27.866808514501486 ] ] ] } },
{ "type": "Feature", "properties": { "pincode": "121107", "state": "Haryana", "district": "Palwal", "officename": "Hassanpur", "officetype": "S.O" }, "geometry": { "type": "Polygon", "coordinates": [ [ [ 77.400267761548037, 27.941595836378724 ], [ 77.38867349578527, 27.959272781913455 ], [ 77.392416584757711, 27.980754456852935 ], [ 77.42058735232456, 27.994943708285632 ], [ 77.413761965642266, 28.008293190778204 ], [ 77.44209487737669, 28.040437334015849 ], [ 77.47732879618718, 28.027501069318873 ], [ 77.481818965472996, 28.015221909563593 ], [ 77.501332771790089, 28.003384079511704 ], [ 77.515615782942234, 28.005395291859315 ], [ 77.513333525721691, 28.019335858263332 ], [ 77.544539999821268, 27.987619000016878 ], [ 77.518859999989047, 27.967632000116794 ], [ 77.524291999576235, 27.959784999778037 ], [ 77.545212000233732, 27.95984099966239 ], [ 77.540595999605785, 27.936110999822972 ], [ 77.528419000136921, 27.926178000414382 ], [ 77.520386000213875, 27.931720999724405 ], [ 77.50459300036681, 27.925071999773081 ], [ 77.493958000061696, 27.93822900036821 ], [ 77.486854999858394, 27.934525999575271 ], [ 77.477638000193565, 27.926207999999235 ], [ 77.483780000147021, 27.906384000421326 ], [ 77.478950999589017, 27.889047999565662 ], [ 77.454941000326983, 27.872750999858795 ], [ 77.427922904618526, 27.889687891483106 ], [ 77.442672947198787, 27.914345762347182 ], [ 77.424250615673429, 27.933764161387046 ], [ 77.400267761548037, 27.941595836378724 ] ] ] } },
{ "type": "Feature", "properties": { "pincode": "122001", "state": "Haryana", "district": "Gurgaon", "officename": "Gurgaon", "officetype": "H.O" }, "geometry": { "type": "Polygon", "coordinates": [ [ [ 76.960481053557828, 28.473560458648421 ], [ 76.990307003565363, 28.457400385219671 ], [ 76.988824806619562, 28.467708105145107 ], [ 77.01969223271044, 28.485358591725685 ], [ 77.035314388348354, 28.4785186890864 ], [ 77.055925917047489, 28.4891655460533 ], [ 77.070363598101721, 28.479312441516015 ], [ 77.044023511176079, 28.468320632491441 ], [ 77.063982566442405, 28.449766189658078 ], [ 77.055987255307627, 28.441465394112754 ], [ 77.046603933225072, 28.447284226286172 ], [ 77.037391715255467, 28.438483218825581 ], [ 77.019351549734438, 28.438770588192142 ], [ 77.02533136505059, 28.423078839417087 ], [ 77.005528301689878, 28.430392234214423 ], [ 77.010092924049445, 28.435851368146189 ], [ 76.997210942431138, 28.448312049761398 ], [ 76.978162302348437, 28.439001717555414 ], [ 76.951052845412619, 28.446754131697901 ], [ 76.960481053557828, 28.473560458648421 ] ] ] } },
{ "type": "Feature", "properties": { "pincode": "122002", "state": "Haryana", "district": "Gurgaon", "officename": "DLF QE", "officetype": "S.O" }, "geometry": { "type": "Polygon", "coordinates": [ [ [ 77.072258255614202, 28.47391390929954 ], [ 77.120588039106735, 28.479906462613201 ], [ 77.114872358272692, 28.465877063875382 ], [ 77.126751317919229, 28.449711520770165 ], [ 77.099503178329087, 28.449465018395927 ], [ 77.094467704221131, 28.467945227590178 ], [ 77.072258255614202, 28.47391390929954 ] ] ] } },
{ "type": "Feature", "properties": { "pincode": "122003", "state": "Haryana", "district": "Gurgaon", "officename": "Gurgaon Sector 45", "officetype": "S.O" }, "geometry": { "type": "Polygon", "coordinates": [ [ [ 77.041432913298536, 28.44053500678524 ], [ 77.094752502426104, 28.463054165717324 ], [ 77.099503178329087, 28.449465018395927 ], [ 77.126751317919229, 28.449711520770165 ], [ 77.127201223557677, 28.438054451751668 ], [ 77.105792608641991, 28.419583475896729 ], [ 77.104652886122039, 28.431300698768325 ], [ 77.075275374059402, 28.430566141514191 ], [ 77.079567438886329, 28.414236385800677 ], [ 77.07443766636527, 28.412397545610361 ], [ 77.057252131080986, 28.426421487262019 ], [ 77.058555981673294, 28.437445064837959 ], [ 77.041432913298536, 28.44053500678524 ] ] ] } },
{ "type": "Feature", "properties": { "pincode": "122004", "state": "Haryana", "district": "Gurgaon", "officename": "Narsinghpur", "officetype": "S.O" }, "geometry": { "type": "Polygon", "coordinates": [ [ [ 76.933957555297013, 28.424220402849528 ], [ 76.997210942431138, 28.448312049761398 ], [ 77.010092924049445, 28.435851368146189 ], [ 77.005528301689878, 28.430392234214423 ], [ 77.028895160683192, 28.421420847494176 ], [ 77.044863698301128, 28.4003832128152 ], [ 77.005457018726531, 28.401327844504522 ], [ 76.983476512331265, 28.355587496965427 ], [ 76.986247867645034, 28.385509332689594 ], [ 76.97003445362725, 28.382157375962322 ], [ 76.968206616642192, 28.361021228646791 ], [ 76.945850494005185, 28.371308747101125 ], [ 76.955710551200923, 28.401276913199126 ], [ 76.934401810495331, 28.408880842077338 ], [ 76.933957555297013, 28.424220402849528 ] ] ] } },
{ "type": "Feature", "properties": { "pincode": "122005", "state": "Haryana", "district": "Gurgaon", "officename": "Air Force", "officetype": "S.O" }, "geometry": { "type": "Polygon", "coordinates": [ [ [ 77.04925677228232, 28.434488666818595 ], [ 77.027061754196666, 28.426343739072422 ], [ 77.019351549734438, 28.438770588192142 ], [ 77.039784629557232, 28.441772175345704 ], [ 77.04925677228232, 28.434488666818595 ] ] ] } },
{ "type": "Feature", "properties": { "pincode": "122006", "state": "Haryana", "district": "Gurgaon", "officename": "Railwary Road", "officetype": "S.O" }, "geometry": { "type": "Polygon", "coordinates": [ [ [ 76.953506145592314, 28.505294835688176 ], [ 76.972981852130829, 28.51740670445588 ], [ 76.991942124829393, 28.500131655151733 ], [ 77.016370308842738, 28.495405949824772 ], [ 77.019818489431827, 28.485360828339594 ], [ 77.00334498967959, 28.480085966394313 ], [ 76.988824806619562, 28.467708105145107 ], [ 76.990307003565363, 28.457400385219671 ], [ 76.981913692063358, 28.457819667144065 ], [ 76.960777258763585, 28.473446410223687 ], [ 76.953506145592314, 28.505294835688176 ] ] ] } },
{ "type": "Feature", "properties": { "pincode": "122008", "state": "Haryana", "district": "Gurgaon", "officename": "DLF Ph-II", "officetype": "S.O" }, "geometry": { "type": "Polygon", "coordinates": [ [ [ 77.086299456155132, 28.495901967302018 ], [ 77.09041470887189, 28.483545041370633 ], [ 77.06803872021078, 28.477376112118066 ], [ 77.070626451949181, 28.479554480554953 ], [ 77.086299456155132, 28.495901967302018 ] ] ] } },
{ "type": "Feature", "properties": { "pincode": "122007", "state": "Haryana", "district": "Gurgaon", "officename": "Industrial Estate (Gurgaon)", "officetype": "S.O" }, "geometry": { "type": "Polygon", "coordinates": [ [ [ 77.063982566442405, 28.449766189658078 ], [ 77.044023511176079, 28.468320632491441 ], [ 77.07165365309379, 28.478074863764107 ], [ 77.074373253323074, 28.458733190384578 ], [ 77.063982566442405, 28.449766189658078 ] ] ] } },
{ "type": "Feature", "properties": { "pincode": "122009", "state": "Haryana", "district": "Gurgaon", "officename": "Galleria DLF-IV", "officetype": "S.O" }, "geometry": { "type": "Polygon", "coordinates": [ [ [ 77.072258255614202, 28.47391390929954 ], [ 77.094467704221131, 28.467945227590178 ], [ 77.095403449709522, 28.463032766349329 ], [ 77.074371059876569, 28.458810946667938 ], [ 77.072258255614202, 28.47391390929954 ] ] ] } },
{ "type": "Feature", "properties": { "pincode": "122010", "state": "Haryana", "district": "Gurgaon", "officename": "DLF Ph-III", "officetype": "S.O" }, "geometry": { "type": "Polygon", "coordinates": [ [ [ 77.101467533300195, 28.49662572459772 ], [ 77.095125198569178, 28.507316043101014 ], [ 77.125183170067316, 28.491386433537173 ], [ 77.121674491184933, 28.481134625362699 ], [ 77.095825209266081, 28.484558756281558 ], [ 77.101467533300195, 28.49662572459772 ] ] ] } },
{ "type": "Feature", "properties": { "pincode": "122011", "state": "Haryana", "district": "Gurgaon", "officename": "Gurgaon Sector 56", "officetype": "S.O" }, "geometry": { "type": "Polygon", "coordinates": [ [ [ 77.079567438886329, 28.414236385800677 ], [ 77.075275374059402, 28.430566141514191 ], [ 77.104971219146535, 28.431119385551426 ], [ 77.105112506237163, 28.419532095829595 ], [ 77.079567438886329, 28.414236385800677 ] ] ] } },
{ "type": "Feature", "properties": { "pincode": "122015", "state": "Haryana", "district": "Gurgaon", "officename": "Palam Road", "officetype": "S.O" }, "geometry": { "type": "Polygon", "coordinates": [ [ [ 77.035314388348354, 28.4785186890864 ], [ 77.030790250769485, 28.495807531292598 ], [ 77.068693636202454, 28.5037870089634 ], [ 77.08606656232223, 28.495669952106709 ], [ 77.070363598101721, 28.479312441516015 ], [ 77.055925917047489, 28.4891655460533 ], [ 77.035314388348354, 28.4785186890864 ] ] ] } },
{ "type": "Feature", "properties": { "pincode": "122017", "state": "Haryana", "district": "Gurgaon", "officename": "Palam Vihar (Gurgaon)", "officetype": "S.O" }, "geometry": { "type": "Polygon", "coordinates": [ [ [ 76.972981852130829, 28.51740670445588 ], [ 76.982982825896784, 28.522694753160408 ], [ 76.987251378848214, 28.510504029137792 ], [ 77.014570161084066, 28.508909277541193 ], [ 77.020394469229529, 28.5169523705556 ], [ 77.005209664694348, 28.525411486351175 ], [ 77.011332037843431, 28.535931056872869 ], [ 77.044293152207388, 28.524948092680518 ], [ 77.049832971514491, 28.511222585653911 ], [ 77.071445765809528, 28.506924587100229 ], [ 77.030790250769485, 28.495807531292598 ], [ 77.033503677152964, 28.478580399665759 ], [ 76.972981852130829, 28.51740670445588 ] ] ] } },
{ "type": "Feature", "properties": { "pincode": "122018", "state": "Haryana", "district": "Gurgaon", "officename": "Gurgaon South City II", "officetype": "S.O" }, "geometry": { "type": "Polygon", "coordinates": [ [ [ 77.02533136505059, 28.423078839417087 ], [ 77.058555981673294, 28.437445064837959 ], [ 77.057252131080986, 28.426421487262019 ], [ 77.07443766636527, 28.412397545610361 ], [ 77.044864299947676, 28.401399607705798 ], [ 77.02533136505059, 28.423078839417087 ] ] ] } },
{ "type": "Feature", "properties": { "pincode": "122022", "state": "Haryana", "district": "Gurgaon", "officename": "DLF City", "officetype": "S.O" }, "geometry": { "type": "Polygon", "coordinates": [ [ [ 77.086177027847668, 28.480457586048828 ], [ 77.086299456155132, 28.495901967302018 ], [ 77.09222135782943, 28.502414717265538 ], [ 77.101467533300195, 28.49662572459772 ], [ 77.094484958614089, 28.486649224981932 ], [ 77.10088833662752, 28.481834876178766 ], [ 77.086177027847668, 28.480457586048828 ] ] ] } },
{ "type": "Feature", "properties": { "pincode": "122051", "state": "Haryana", "district": "Gurgaon", "officename": "Nsg Camp Manesar", "officetype": "S.O" }, "geometry": { "type": "Polygon", "coordinates": [ [ [ 76.835255227746529, 28.357588422867593 ], [ 76.863914016918386, 28.340169630424271 ], [ 76.904562722291985, 28.36773203720378 ], [ 76.905179092441244, 28.357432171057837 ], [ 76.937694197029543, 28.354646422094788 ], [ 76.945850494005185, 28.371308747101125 ], [ 76.968206616642192, 28.361021228646791 ], [ 76.97003445362725, 28.382157375962322 ], [ 76.986683772638173, 28.383995065919692 ], [ 76.979256526367749, 28.342616971695975 ], [ 76.963174487113122, 28.335965698258519 ], [ 76.957582740051635, 28.313187081318858 ], [ 76.930722967291217, 28.302676143389419 ], [ 76.925566093700297, 28.293099362745522 ], [ 76.899989273985852, 28.305763511476982 ], [ 76.88107591442207, 28.281215508988623 ], [ 76.858700861955413, 28.302021153653527 ], [ 76.847085306541715, 28.32268845830589 ], [ 76.847938046403897, 28.338209663245323 ], [ 76.828111550307995, 28.348130609939744 ], [ 76.835255227746529, 28.357588422867593 ] ] ] } },
{ "type": "Feature", "properties": { "pincode": "122052", "state": "Haryana", "district": "Gurgaon", "officename": "IMT Manesar", "officetype": "S.O" }, "geometry": { "type": "Polygon", "coordinates": [ [ [ 76.869938639156999, 28.380051103475751 ], [ 76.875966613168657, 28.398125953150327 ], [ 76.917108987889605, 28.390220315215458 ], [ 76.949917792172414, 28.393238639651543 ], [ 76.950786491403505, 28.376846680529923 ], [ 76.937694197029543, 28.354646422094788 ], [ 76.905179092441244, 28.357432171057837 ], [ 76.904814598115308, 28.379751000608223 ], [ 76.869938639156999, 28.380051103475751 ] ] ] } },
{ "type": "Feature", "properties": { "pincode": "122101", "state": "Haryana", "district": "Gurgaon", "officename": "Badshahpur", "officetype": "S.O" }, "geometry": { "type": "Polygon", "coordinates": [ [ [ 77.001209959572009, 28.320037026687487 ], [ 76.971074529466023, 28.302377288780974 ], [ 76.967294640235423, 28.312003517748337 ], [ 76.955169514561476, 28.312053449007635 ], [ 76.963174487113122, 28.335965698258519 ], [ 76.977469897218043, 28.338672578476803 ], [ 76.989160274427263, 28.35682519612601 ], [ 77.005457018726531, 28.401327844504522 ], [ 77.04490282240738, 28.401259688483947 ], [ 77.060673665657191, 28.361209034969079 ], [ 77.053796369207191, 28.34198217623657 ], [ 77.044483966761732, 28.327445743326564 ], [ 77.001209959572009, 28.320037026687487 ] ] ] } },
{ "type": "Feature", "properties": { "pincode": "122102", "state": "Haryana", "district": "Gurgaon", "officename": "Bhondsi", "officetype": "S.O" }, "geometry": { "type": "Polygon", "coordinates": [ [ [ 76.971074529466023, 28.302377288780974 ], [ 77.001209959572009, 28.320037026687487 ], [ 77.044483966761732, 28.327445743326564 ], [ 77.060673665657191, 28.361209034969079 ], [ 77.044864299947676, 28.401399607705798 ], [ 77.105792608641991, 28.419583475896729 ], [ 77.122640059990829, 28.436172017824333 ], [ 77.135089808547889, 28.436731815221265 ], [ 77.145003236010609, 28.395187790684133 ], [ 77.132057134529305, 28.363964030715636 ], [ 77.132378501866469, 28.344381702353928 ], [ 77.147459609173609, 28.315741947333038 ], [ 77.114965188992528, 28.274151846030975 ], [ 77.090107241456053, 28.273959310174178 ], [ 77.058771930480191, 28.246181963626839 ], [ 77.061274785103308, 28.221515361245054 ], [ 77.044305382087941, 28.201932863810782 ], [ 77.027605602116978, 28.205996536810801 ], [ 77.027322702380786, 28.230944019950584 ], [ 76.993442908063741, 28.234319958899221 ], [ 76.982462442188023, 28.285475105591729 ], [ 76.971074529466023, 28.302377288780974 ] ] ] } },
{ "type": "Feature", "properties": { "pincode": "122103", "state": "Haryana", "district": "Gurgaon, Mewat", "officename": "Sohna", "officetype": "S.O" }, "geometry": { "type": "Polygon", "coordinates": [ [ [ 76.950768000442963, 28.143407999579665 ], [ 76.967312420731616, 28.174251527985803 ], [ 77.010585163474673, 28.203654074475935 ], [ 77.044305382087941, 28.201932863810782 ], [ 77.061274785103308, 28.221515361245054 ], [ 77.058771930480191, 28.246181963626839 ], [ 77.090107241456053, 28.273959310174178 ], [ 77.114965188992528, 28.274151846030975 ], [ 77.147459609173609, 28.315741947333038 ], [ 77.217891591723628, 28.281790261211711 ], [ 77.209268878455987, 28.279388157637527 ], [ 77.204889690007292, 28.263327770460364 ], [ 77.180802640429647, 28.255055647100562 ], [ 77.177189953153913, 28.242158863540908 ], [ 77.165392356971779, 28.236242499891603 ], [ 77.169742247306829, 28.209767152232473 ], [ 77.139797370052747, 28.215777293587394 ], [ 77.143695957202738, 28.182250412126791 ], [ 77.119859822073238, 28.182038982413076 ], [ 77.120050618641301, 28.166613401487382 ], [ 77.07221176695947, 28.107197903560575 ], [ 77.036154153691314, 28.112779963125035 ], [ 77.031303250145072, 28.130535100214843 ], [ 77.012065979961164, 28.141384476412497 ], [ 76.987935149587429, 28.140534371564115 ], [ 76.984603234252006, 28.129674238575262 ], [ 76.950768000442963, 28.143407999579665 ] ] ] } },
{ "type": "Feature", "properties": { "pincode": "122104", "state": "Haryana", "district": "Mewat", "officename": "Ferozepur Jhirka", "officetype": "S.O" }, "geometry": { "type": "Polygon", "coordinates": [ [ [ 76.89169300023184, 27.719119999988038 ], [ 76.902076999753945, 27.77395199968521 ], [ 76.915092000095797, 27.802344999622164 ], [ 76.912308000314113, 27.82735299994124 ], [ 76.930481000198085, 27.826508999690589 ], [ 76.93642018684227, 27.837058386335571 ], [ 76.968078180863358, 27.822399159993381 ], [ 76.969406630611616, 27.82827702816229 ], [ 76.979284548343401, 27.821915138572933 ], [ 77.005597922706045, 27.826458053996021 ], [ 77.037308134962586, 27.802523238057177 ], [ 77.029212999980132, 27.772711000012748 ], [ 77.048011999953928, 27.769484999633221 ], [ 77.058662000051356, 27.75561100014761 ], [ 77.075934999800438, 27.758317999975816 ], [ 77.088004999731027, 27.734726000204773 ], [ 77.061729000293212, 27.722430999790731 ], [ 77.037483000040538, 27.743957999662143 ], [ 77.011855999954605, 27.733153999657475 ], [ 77.002021999715623, 27.736309000360109 ], [ 76.978835999781722, 27.65176600020078 ], [ 76.94252799996741, 27.669744000085643 ], [ 76.932137000122452, 27.655385999864166 ], [ 76.913642999824731, 27.650639000389617 ], [ 76.899932999808186, 27.674588999582681 ], [ 76.903038000003676, 27.684349000006364 ], [ 76.889221000449027, 27.694058999923016 ], [ 76.908638000143696, 27.689310000356272 ], [ 76.922904999766104, 27.695483999986777 ], [ 76.91114000041074, 27.711126000064894 ], [ 76.89169300023184, 27.719119999988038 ] ] ] } },
{ "type": "Feature", "properties": { "pincode": "122105", "state": "Haryana", "district": "Gurgaon, Mewat, Rewari", "officename": "Tauru", "officetype": "S.O" }, "geometry": { "type": "Polygon", "coordinates": [ [ [ 76.833918007809984, 28.210394414071061 ], [ 76.806721277065378, 28.256356493957128 ], [ 76.836249377906597, 28.259021360547422 ], [ 76.846433285467754, 28.241683746307842 ], [ 76.872540554103409, 28.23771916780538 ], [ 76.887289106507126, 28.257711685945594 ], [ 76.873165745702522, 28.283376935097465 ], [ 76.886182397200002, 28.283576408324734 ], [ 76.899989273985852, 28.305763511476982 ], [ 76.925566093700297, 28.293099362745522 ], [ 76.949301758369586, 28.312251860135348 ], [ 76.967294640235423, 28.312003517748337 ], [ 76.982462442188023, 28.285475105591729 ], [ 76.993442908063741, 28.234319958899221 ], [ 77.027322702380786, 28.230944019950584 ], [ 77.02882762969142, 28.212683717479592 ], [ 76.967312420731616, 28.174251527985803 ], [ 76.946837999973866, 28.150070000130484 ], [ 76.893088999857412, 28.186433999829376 ], [ 76.905745999877922, 28.202388999952575 ], [ 76.875229000018408, 28.206302999683658 ], [ 76.872696000120357, 28.219428999748686 ], [ 76.859558000401648, 28.221475999717654 ], [ 76.842468000098222, 28.219663999793852 ], [ 76.833918007809984, 28.210394414071061 ] ] ] } },
{ "type": "Feature", "properties": { "pincode": "122107", "state": "Haryana", "district": "Mewat", "officename": "Nuh", "officetype": "S.O" }, "geometry": { "type": "Polygon", "coordinates": [ [ [ 76.92748543130773, 27.992109185490619 ], [ 76.955474999871399, 28.066030999830787 ], [ 76.970455191553867, 28.137524708498688 ], [ 76.986829407950893, 28.129635608196907 ], [ 76.987935149587429, 28.140534371564115 ], [ 77.012065979961164, 28.141384476412497 ], [ 77.031303250145072, 28.130535100214843 ], [ 77.043989999738926, 28.108800766142622 ], [ 77.056379386699518, 28.112435718833467 ], [ 77.064772257533775, 28.104544677794763 ], [ 77.076658659969212, 28.110460127732836 ], [ 77.104006707043993, 28.097749770935366 ], [ 77.096037805400385, 28.071918677804717 ], [ 77.113701779113967, 28.052236917699645 ], [ 77.10826812387495, 28.039240188883639 ], [ 77.11594083560118, 28.012884941187053 ], [ 77.109367314849806, 27.999091446313116 ], [ 77.123480303773079, 27.981078934045627 ], [ 77.114791412993441, 27.965798301350617 ], [ 77.104564339772594, 27.972371520829199 ], [ 77.091032213965491, 27.964357126980019 ], [ 77.030312159478683, 27.990454978814284 ], [ 77.021914270427317, 28.000618630945212 ], [ 77.01441414309835, 27.996902761753176 ], [ 76.989815675153466, 28.009354222619436 ], [ 76.983292997573926, 27.983278954560205 ], [ 76.943616555559743, 27.986569773576434 ], [ 76.931107225118524, 27.980477093343211 ], [ 76.92748543130773, 27.992109185490619 ] ] ] } },
{ "type": "Feature", "properties": { "pincode": "122108", "state": "Haryana", "district": "Mewat", "officename": "Nagina (Gurgaon)", "officetype": "S.O" }, "geometry": { "type": "Polygon", "coordinates": [ [ [ 76.929961999646764, 27.915743000339319 ], [ 76.931107225118524, 27.980477093343211 ], [ 76.943616555559743, 27.986569773576434 ], [ 76.984478800456259, 27.983789681348867 ], [ 76.989015627469371, 28.009286680835714 ], [ 77.01441414309835, 27.996902761753176 ], [ 77.02147392188408, 28.000812129076678 ], [ 77.080021989523289, 27.969683137866582 ], [ 77.074902863176646, 27.958373522819954 ], [ 77.102271859958421, 27.942381823162691 ], [ 77.083528995666711, 27.886886196640774 ], [ 77.037308134962586, 27.802523238057177 ], [ 77.00298335969444, 27.828093442358522 ], [ 76.979284548343401, 27.821915138572933 ], [ 76.969406630611616, 27.82827702816229 ], [ 76.968078180863358, 27.822399159993381 ], [ 76.93642018684227, 27.837058386335571 ], [ 76.934707999974421, 27.889101000210985 ], [ 76.94683099965107, 27.890665000389617 ], [ 76.947510000386387, 27.913701999747673 ], [ 76.929961999646764, 27.915743000339319 ] ] ] } },
{ "type": "Feature", "properties": { "pincode": "122413", "state": "Haryana", "district": "Gurgaon", "officename": "Bhorakalan", "officetype": "S.O" }, "geometry": { "type": "Polygon", "coordinates": [ [ [ 76.787977319198092, 28.233793269144144 ], [ 76.755944013805333, 28.258067322848831 ], [ 76.776459737726782, 28.259598999594232 ], [ 76.819402217038828, 28.331346860269491 ], [ 76.831379531939945, 28.321934802149372 ], [ 76.847769687920845, 28.325491761135936 ], [ 76.887114209952813, 28.261140642626685 ], [ 76.884646034986531, 28.248288670485749 ], [ 76.866940561158003, 28.236086140163422 ], [ 76.846433285467754, 28.241683746307842 ], [ 76.836249377906597, 28.259021360547422 ], [ 76.806721277065378, 28.256356493957128 ], [ 76.787977319198092, 28.233793269144144 ] ] ] } },
{ "type": "Feature", "properties": { "pincode": "122414", "state": "Haryana", "district": "Gurgaon", "officename": "Nanukalan", "officetype": "S.O" }, "geometry": { "type": "Polygon", "coordinates": [ [ [ 76.704458413025463, 28.24880269418901 ], [ 76.687027959073248, 28.298332786628919 ], [ 76.735772094406684, 28.306206217143426 ], [ 76.736388362033267, 28.26906860083534 ], [ 76.787977319198092, 28.233793269144144 ], [ 76.78051754175118, 28.22549613204086 ], [ 76.733265737823558, 28.249891963843027 ], [ 76.704458413025463, 28.24880269418901 ] ] ] } },
{ "type": "Feature", "properties": { "pincode": "122502", "state": "Haryana", "district": "Gurgaon, Rewari", "officename": "Khalilpur", "officetype": "S.O" }, "geometry": { "type": "Polygon", "coordinates": [ [ [ 76.647848438354856, 28.277002624971146 ], [ 76.661503265863189, 28.294613504509641 ], [ 76.687154660059491, 28.289196194448834 ], [ 76.707768576458761, 28.248210598540425 ], [ 76.700227097402774, 28.218997100336082 ], [ 76.68779072086511, 28.217725682894013 ], [ 76.646911637062487, 28.24236737495454 ], [ 76.651810085966929, 28.250574143681888 ], [ 76.63043153628638, 28.261720849237975 ], [ 76.649245331906627, 28.263443982653826 ], [ 76.647848438354856, 28.277002624971146 ] ] ] } },
{ "type": "Feature", "properties": { "pincode": "122503", "state": "Haryana", "district": "Gurgaon", "officename": "Pataudi", "officetype": "S.O" }, "geometry": { "type": "Polygon", "coordinates": [ [ [ 76.736388362033267, 28.26906860083534 ], [ 76.736445112851925, 28.308521688125495 ], [ 76.760255297144397, 28.313449925273972 ], [ 76.767417304565072, 28.342817821785047 ], [ 76.784035529516245, 28.353581832535724 ], [ 76.779599235916066, 28.367215981032871 ], [ 76.807719140526046, 28.389084925628879 ], [ 76.836929438942548, 28.36467381614392 ], [ 76.828111550307995, 28.348130609939744 ], [ 76.847938046403897, 28.338209663245323 ], [ 76.847769687920845, 28.325491761135936 ], [ 76.831379531939945, 28.321934802149372 ], [ 76.817608087543192, 28.331039614087047 ], [ 76.774950123149665, 28.257925195791302 ], [ 76.751620967333793, 28.25414688666973 ], [ 76.736388362033267, 28.26906860083534 ] ] ] } },
{ "type": "Feature", "properties": { "pincode": "122504", "state": "Haryana", "district": "Gurgaon", "officename": "Haillymandi", "officetype": "S.O" }, "geometry": { "type": "Polygon", "coordinates": [ [ [ 76.66195401506576, 28.305771077473366 ], [ 76.664482515655664, 28.331961934495723 ], [ 76.65816481425486, 28.346235242862235 ], [ 76.677651763218535, 28.373730754470898 ], [ 76.677887404480202, 28.388095762209787 ], [ 76.708884907612514, 28.378736944854211 ], [ 76.7158469750579, 28.368189121231126 ], [ 76.736236217427745, 28.366030630509329 ], [ 76.759554520225038, 28.376514714682401 ], [ 76.768297748942075, 28.374954724580846 ], [ 76.767296969879396, 28.366922727402027 ], [ 76.779599235916066, 28.367215981032871 ], [ 76.784035529516245, 28.353581832535724 ], [ 76.767417304565072, 28.342817821785047 ], [ 76.756516420596427, 28.310079115159226 ], [ 76.689589223763733, 28.298072886154785 ], [ 76.678536758164967, 28.308047614106329 ], [ 76.66195401506576, 28.305771077473366 ] ] ] } },
{ "type": "Feature", "properties": { "pincode": "122505", "state": "Haryana", "district": "Gurgaon", "officename": "Garhi Harsaru", "officetype": "S.O" }, "geometry": { "type": "Polygon", "coordinates": [ [ [ 76.86340949904934, 28.426463613305145 ], [ 76.865883709365789, 28.477201480863698 ], [ 76.851713669250614, 28.495214565100184 ], [ 76.855547651802681, 28.500985145048446 ], [ 76.865196230721608, 28.506892073010874 ], [ 76.886060163146169, 28.501231901930794 ], [ 76.886073663768684, 28.49253226065548 ], [ 76.896145386300589, 28.488554518776141 ], [ 76.899743151125676, 28.497876930676 ], [ 76.910008729719209, 28.498916015461873 ], [ 76.906824875168013, 28.512002070339236 ], [ 76.934137030299837, 28.51023376127921 ], [ 76.953506145592314, 28.505294835688176 ], [ 76.961459798331248, 28.487325647360876 ], [ 76.951052845412619, 28.446754131697901 ], [ 76.978162302348437, 28.439001717555414 ], [ 76.933957555297013, 28.424220402849528 ], [ 76.934401810495331, 28.408880842077338 ], [ 76.955710551200923, 28.401276913199126 ], [ 76.950028440260439, 28.393361992462019 ], [ 76.874442881933646, 28.396927847542202 ], [ 76.869938639156999, 28.380051103475751 ], [ 76.904814598115308, 28.379751000608223 ], [ 76.904797395883293, 28.367423032846773 ], [ 76.863914016918386, 28.340169630424271 ], [ 76.835255227746529, 28.357588422867593 ], [ 76.854839567891872, 28.385007029850669 ], [ 76.829249219675944, 28.415400129212514 ], [ 76.86340949904934, 28.426463613305145 ] ] ] } },
{ "type": "Feature", "properties": { "pincode": "122506", "state": "Haryana", "district": "Gurgaon", "officename": "Farrukh Nagar", "officetype": "S.O" }, "geometry": { "type": "Polygon", "coordinates": [ [ [ 76.727190668114986, 28.443346150804302 ], [ 76.71647199758479, 28.497210231766928 ], [ 76.731267514384228, 28.495007082510824 ], [ 76.74615429978121, 28.476847123695904 ], [ 76.764738548845116, 28.468840687048214 ], [ 76.780024572076456, 28.484521840910361 ], [ 76.809033882807455, 28.473135113494834 ], [ 76.835940727882473, 28.494578942264411 ], [ 76.853644472314727, 28.494158871634738 ], [ 76.865883709365789, 28.477201480863698 ], [ 76.86340949904934, 28.426463613305145 ], [ 76.829249219675944, 28.415400129212514 ], [ 76.854226822010276, 28.388504843124167 ], [ 76.848202689003131, 28.369135963454085 ], [ 76.836744633658043, 28.363034490549353 ], [ 76.807719140526046, 28.389084925628879 ], [ 76.783827693493379, 28.367846529893598 ], [ 76.746917635340765, 28.373629853235286 ], [ 76.742607872755343, 28.397705754816798 ], [ 76.720720560405653, 28.409553783180684 ], [ 76.727190668114986, 28.443346150804302 ] ] ] } },
{ "type": "Feature", "properties": { "pincode": "122508", "state": "Haryana", "district": "Mewat", "officename": "Punhana", "officetype": "S.O" }, "geometry": { "type": "Polygon", "coordinates": [ [ [ 77.049545010394127, 27.83432913997791 ], [ 77.083528995666711, 27.886886196640774 ], [ 77.102271859958421, 27.942381823162691 ], [ 77.074902863176646, 27.958373522819954 ], [ 77.080021989523289, 27.969683137866582 ], [ 77.092603353861932, 27.964206853863402 ], [ 77.104564339772594, 27.972371520829199 ], [ 77.154419893263537, 27.939795555520504 ], [ 77.165029769208616, 27.940217637933756 ], [ 77.167945295738832, 27.949093433914982 ], [ 77.185542812251128, 27.938840551950022 ], [ 77.22444187938936, 27.89505470910774 ], [ 77.264158603836734, 27.870659565286758 ], [ 77.28421545408014, 27.867366448502878 ], [ 77.297994668619083, 27.89176131713117 ], [ 77.305234472792677, 27.888834894414913 ], [ 77.32261896599249, 27.875170077237385 ], [ 77.322338944986484, 27.855644967341391 ], [ 77.33751392982407, 27.84493282229198 ], [ 77.336257999607028, 27.832119000291698 ], [ 77.297767999893324, 27.82356599977112 ], [ 77.29855300012099, 27.812251999630234 ], [ 77.285919000261742, 27.80117200038768 ], [ 77.271347000064111, 27.810551000328473 ], [ 77.261649999847805, 27.792085999569281 ], [ 77.243316999779722, 27.780262000191328 ], [ 77.235626000339778, 27.790560000244 ], [ 77.21552999990962, 27.795532000201717 ], [ 77.202629000328272, 27.816423000421196 ], [ 77.197693000231823, 27.792915000027278 ], [ 77.177414000355839, 27.779397999917819 ], [ 77.170882999550827, 27.785099000218679 ], [ 77.189414999802523, 27.80314999987263 ], [ 77.181128999903649, 27.810818000050745 ], [ 77.159355000333164, 27.810071999823094 ], [ 77.160125999915067, 27.786324000052673 ], [ 77.135193000356935, 27.770984999558209 ], [ 77.130783000235397, 27.78283300004307 ], [ 77.109802000362095, 27.780027000146106 ], [ 77.077133000187871, 27.806141000206935 ], [ 77.046906000211834, 27.814627000336031 ], [ 77.043952141877867, 27.809065278939556 ], [ 77.049545010394127, 27.83432913997791 ] ] ] } },
{ "type": "Feature", "properties": { "pincode": "123001", "state": "Haryana", "district": "Mahendragarh", "officename": "Narnaul", "officetype": "H.O" }, "geometry": { "type": "Polygon", "coordinates": [ [ [ 75.932140940252339, 27.930360392917976 ], [ 75.946198000337517, 27.94679100040446 ], [ 75.952278000129695, 27.93578299998552 ], [ 75.970848000334968, 27.932620999859296 ], [ 75.980949000296221, 27.953655000378035 ], [ 75.976051000153689, 27.957971999808137 ], [ 75.99469800031261, 27.980285999999012 ], [ 75.963219000156869, 27.984336999752827 ], [ 75.964187999876287, 27.996705999981998 ], [ 75.987700999601486, 27.997122000280228 ], [ 75.998367000436929, 28.005823000431178 ], [ 75.980506999698321, 28.013830000054497 ], [ 75.977829000308247, 28.026639999936151 ], [ 75.988380000336747, 28.034381999929451 ], [ 76.017974999946489, 28.032348999706699 ], [ 76.013289999733843, 28.050182000099312 ], [ 76.043610000401316, 28.069598999793982 ], [ 76.039206999703424, 28.079522999686787 ], [ 76.02363600020135, 28.084495999690773 ], [ 76.009850000277538, 28.056392999637296 ], [ 75.99243200013683, 28.046417000044642 ], [ 75.982482999990623, 28.05273800015874 ], [ 75.99554399975591, 28.066262999737717 ], [ 75.989998000307594, 28.075912000438564 ], [ 75.943993000276919, 28.08927899992608 ], [ 75.955345000371722, 28.105433000232779 ], [ 76.002319000121929, 28.12680200001239 ], [ 76.007850999823972, 28.152129999799683 ], [ 76.035881000108191, 28.168381000083059 ], [ 76.068885999589384, 28.165601999632713 ], [ 76.074523999683038, 28.163387000010232 ], [ 76.073189000172249, 28.140073999615538 ], [ 76.091338999894958, 28.137829000408203 ], [ 76.101080211682586, 28.150587230816143 ], [ 76.114891438489224, 28.150240258880899 ], [ 76.125403407941121, 28.136212408775748 ], [ 76.173501560248894, 28.126331727427441 ], [ 76.15920654674494, 28.096224099862525 ], [ 76.171646373980991, 28.085560213333281 ], [ 76.164947136101546, 28.071442766470739 ], [ 76.177843100378936, 28.066171681677929 ], [ 76.168631945408094, 28.058202737766237 ], [ 76.201522999886663, 28.03064300017445 ], [ 76.212287999891316, 28.037661000055266 ], [ 76.221680000431832, 28.035578000224689 ], [ 76.221931000315635, 28.02708799991143 ], [ 76.203956999715729, 28.017151000318449 ], [ 76.182320000167977, 28.017350999648954 ], [ 76.15608131450108, 27.981324130604321 ], [ 76.137565222357296, 27.980719026262022 ], [ 76.119354421269577, 27.9519813944259 ], [ 76.089603954958648, 27.958742118054488 ], [ 76.059719725285163, 27.949012823183409 ], [ 76.026551020413422, 27.957717067188923 ], [ 76.036750844176254, 27.943753537495923 ], [ 76.032770589591166, 27.917226237800719 ], [ 75.980971351146991, 27.874232048370345 ], [ 75.982810999827848, 27.888731000235623 ], [ 75.974899000088726, 27.894955000373102 ], [ 75.985062000211258, 27.904900000334806 ], [ 75.963546999994151, 27.915219999603437 ], [ 75.93644000000603, 27.91249699993682 ], [ 75.932140940252339, 27.930360392917976 ] ] ] } },
{ "type": "Feature", "properties": { "pincode": "123021", "state": "Haryana", "district": "Mahendragarh", "officename": "Mandi Ateli", "officetype": "S.O" }, "geometry": { "type": "Polygon", "coordinates": [ [ [ 76.171646373980991, 28.085560213333281 ], [ 76.159371292651088, 28.098458684920445 ], [ 76.172047015657427, 28.115375061210273 ], [ 76.166785180391798, 28.130838814759556 ], [ 76.177912939030989, 28.157767293026211 ], [ 76.163375461108728, 28.16743174497924 ], [ 76.180363103274715, 28.181784315993411 ], [ 76.206880739754467, 28.182639448951591 ], [ 76.191135011871495, 28.200263042205677 ], [ 76.221414473798973, 28.203352824073534 ], [ 76.230286829873478, 28.187369488111415 ], [ 76.22764082746238, 28.170745742222437 ], [ 76.245223639159633, 28.166973010695926 ], [ 76.277741625175906, 28.188633864761186 ], [ 76.298632624496236, 28.216956134817906 ], [ 76.329625873835084, 28.206860354521893 ], [ 76.316918519873866, 28.198466061859278 ], [ 76.334989720099486, 28.172731558614657 ], [ 76.297302000187187, 28.178022000415012 ], [ 76.285201999772539, 28.16812700006119 ], [ 76.306938000288483, 28.157892000215838 ], [ 76.309966999677386, 28.146333999614626 ], [ 76.325744999732137, 28.14837600025237 ], [ 76.364021000369064, 28.123712999655368 ], [ 76.347938999785185, 28.104978999980972 ], [ 76.316367999883369, 28.106589999628966 ], [ 76.305716999739786, 28.096369000429092 ], [ 76.333206000256894, 28.087438999610242 ], [ 76.345672999609405, 28.068332999868119 ], [ 76.36293799988897, 28.069452000209765 ], [ 76.345039000049894, 28.024924999988741 ], [ 76.324813999966125, 28.016263999883734 ], [ 76.305350999948814, 28.021263000187218 ], [ 76.290252999776214, 28.054258000106699 ], [ 76.259322999756762, 28.066290000083484 ], [ 76.241553999617565, 28.051800000069932 ], [ 76.208061000115151, 28.056168000053333 ], [ 76.183659085298586, 28.049935988755067 ], [ 76.168631945408094, 28.058202737766237 ], [ 76.177843100378936, 28.066171681677929 ], [ 76.163917817053743, 28.073143129052141 ], [ 76.171646373980991, 28.085560213333281 ] ] ] } },
{ "type": "Feature", "properties": { "pincode": "123023", "state": "Haryana", "district": "Mahendragarh", "officename": "Nangal Chaudhry", "officetype": "S.O" }, "geometry": { "type": "Polygon", "coordinates": [ [ [ 76.012856000404213, 27.853030999680925 ], [ 75.970650000197452, 27.860373000113952 ], [ 75.971831999847041, 27.867154999903448 ], [ 76.032770589591166, 27.917226237800719 ], [ 76.036750844176254, 27.943753537495923 ], [ 76.026551020413422, 27.957717067188923 ], [ 76.062478906476429, 27.949045896650887 ], [ 76.068429368820489, 27.95706942221608 ], [ 76.089603954958648, 27.958742118054488 ], [ 76.114461746912184, 27.950482740785958 ], [ 76.132509395692068, 27.96567293226002 ], [ 76.137565222357296, 27.980719026262022 ], [ 76.162142538247679, 27.987849377546922 ], [ 76.170464000213542, 27.983752999801141 ], [ 76.16894500031168, 27.975537999578989 ], [ 76.187447000079146, 27.968260000298756 ], [ 76.174338999945121, 27.910479999552479 ], [ 76.206534999890494, 27.894365000144717 ], [ 76.207625999840104, 27.883477999909871 ], [ 76.19684600004291, 27.871751999655146 ], [ 76.200943000119537, 27.859290999680013 ], [ 76.231101999657596, 27.836267000022076 ], [ 76.215522999786685, 27.82383300039271 ], [ 76.201904000369382, 27.826580000267029 ], [ 76.180648999551863, 27.802841000012222 ], [ 76.135467999748585, 27.828648000305066 ], [ 76.129867999608678, 27.849854999808429 ], [ 76.095795000338967, 27.863947000353903 ], [ 76.087768999839568, 27.846571000351503 ], [ 76.067695999570844, 27.852704999935838 ], [ 76.057274000095163, 27.843398999764133 ], [ 76.016936999742825, 27.85819400035291 ], [ 76.012856000404213, 27.853030999680925 ] ] ] } },
{ "type": "Feature", "properties": { "pincode": "123024", "state": "Haryana", "district": "Mahendragarh", "officename": "Satnali", "officetype": "S.O" }, "geometry": { "type": "Polygon", "coordinates": [ [ [ 75.88690871506526, 28.424734056931243 ], [ 75.936424394070627, 28.436659633835234 ], [ 76.005600550724921, 28.441187962254673 ], [ 76.01829585197197, 28.388540286305158 ], [ 76.055653299460346, 28.39715783746442 ], [ 76.065113217700912, 28.391732087266121 ], [ 76.07064305903009, 28.400536654243297 ], [ 76.087901044597629, 28.37855434830459 ], [ 76.089374578374077, 28.362559683582674 ], [ 76.038196847006986, 28.372077182715998 ], [ 76.048968814059549, 28.356704746327125 ], [ 76.051598153831947, 28.311536758814441 ], [ 76.027015999588798, 28.276687999851447 ], [ 75.994857999597173, 28.291653000185818 ], [ 75.975944999762135, 28.319889000077467 ], [ 75.962967000226968, 28.314356000329326 ], [ 75.964645000266728, 28.334185000137836 ], [ 75.935714999847448, 28.340958000411376 ], [ 75.930724999958784, 28.364795999835735 ], [ 75.905457000240403, 28.375989999838737 ], [ 75.905220000103043, 28.385920000008241 ], [ 75.880375266305634, 28.386812018659896 ], [ 75.88690871506526, 28.424734056931243 ] ] ] } },
{ "type": "Feature", "properties": { "pincode": "123027", "state": "Haryana", "district": "Mahendragarh", "officename": "Kanina", "officetype": "S.O" }, "geometry": { "type": "Polygon", "coordinates": [ [ [ 76.188789037684103, 28.447369047643576 ], [ 76.218734301646634, 28.463422149412736 ], [ 76.2302539029954, 28.456470354922999 ], [ 76.237296015498828, 28.435758005927426 ], [ 76.27631427248582, 28.430048289397064 ], [ 76.277742335640312, 28.451203198368887 ], [ 76.308513416461096, 28.440891041188763 ], [ 76.29944078766232, 28.425137735618193 ], [ 76.319688589157124, 28.414675130852686 ], [ 76.328685007607135, 28.389211821768129 ], [ 76.371621902129277, 28.374382718887375 ], [ 76.369188023708375, 28.360012148841633 ], [ 76.379587267638328, 28.341440923759592 ], [ 76.373170706462986, 28.321322095838127 ], [ 76.377238856288329, 28.290045642792336 ], [ 76.368518620537941, 28.278892772383642 ], [ 76.3748366340036, 28.265920348645238 ], [ 76.308015281080543, 28.268222207489032 ], [ 76.286959666255655, 28.280277565557242 ], [ 76.2519677154379, 28.284183013635243 ], [ 76.25373855249228, 28.310357035349 ], [ 76.245406857140892, 28.321856808445091 ], [ 76.258898986499162, 28.331910963620203 ], [ 76.233923000246307, 28.360010565135497 ], [ 76.189960160033422, 28.343548850998786 ], [ 76.206607049975503, 28.392512510843801 ], [ 76.191133380501242, 28.400009538209645 ], [ 76.158285962027662, 28.39798321545311 ], [ 76.156652552173568, 28.421104810438806 ], [ 76.159992956209976, 28.43051978146292 ], [ 76.171710555897448, 28.427245484791229 ], [ 76.188789037684103, 28.447369047643576 ] ] ] } },
{ "type": "Feature", "properties": { "pincode": "123028", "state": "Haryana", "district": "Mahendragarh", "officename": "Nangal Sirohi", "officetype": "S.O" }, "geometry": { "type": "Polygon", "coordinates": [ [ [ 76.109698651371787, 28.166628848242908 ], [ 76.107683698743926, 28.192484254544922 ], [ 76.121056593287278, 28.193917055328029 ], [ 76.12535424020615, 28.223157816480125 ], [ 76.15155433146731, 28.20953625759239 ], [ 76.188366260994201, 28.220487181638191 ], [ 76.192012528955161, 28.194897984554416 ], [ 76.206880739754467, 28.182639448951591 ], [ 76.180363103274715, 28.181784315993411 ], [ 76.163375461108728, 28.16743174497924 ], [ 76.177912939030989, 28.157767293026211 ], [ 76.176878079260121, 28.143146072933064 ], [ 76.166785180391798, 28.130838814759556 ], [ 76.151570765678287, 28.129649645714721 ], [ 76.099388324311747, 28.152549304207184 ], [ 76.109698651371787, 28.166628848242908 ] ] ] } },
{ "type": "Feature", "properties": { "pincode": "123029", "state": "Haryana", "district": "Mahendragarh", "officename": "Mohindergarh", "officetype": "S.O" }, "geometry": { "type": "Polygon", "coordinates": [ [ [ 76.130607788218981, 28.353283572379041 ], [ 76.157028577606923, 28.335054882876648 ], [ 76.181936702816586, 28.333189281560237 ], [ 76.193520564322682, 28.341052196301916 ], [ 76.197138843582934, 28.335469222127017 ], [ 76.172480343193229, 28.298763187770874 ], [ 76.182343397829527, 28.294646524017878 ], [ 76.181805287583927, 28.277326934890198 ], [ 76.203728944235479, 28.268663104618668 ], [ 76.201065905966971, 28.228042843902188 ], [ 76.15155433146731, 28.20953625759239 ], [ 76.12535424020615, 28.223157816480125 ], [ 76.121056593287278, 28.193917055328029 ], [ 76.106870916659432, 28.190589907298374 ], [ 76.109698651371787, 28.166628848242908 ], [ 76.099388324311747, 28.152549304207184 ], [ 76.083007999719598, 28.168038999600185 ], [ 76.073837000377409, 28.194578000374634 ], [ 76.053276000087521, 28.198568000013381 ], [ 76.061256000264223, 28.219876999723908 ], [ 76.019424000217555, 28.237461000324913 ], [ 76.015647999655528, 28.248876999773813 ], [ 76.037169290630288, 28.297590474520973 ], [ 76.051598153831947, 28.311536758814441 ], [ 76.048968814059549, 28.356704746327125 ], [ 76.038196847006986, 28.372077182715998 ], [ 76.089374578374077, 28.362559683582674 ], [ 76.087901044597629, 28.37855434830459 ], [ 76.07064305903009, 28.400536654243297 ], [ 76.078436319480602, 28.418734344114739 ], [ 76.107027986852188, 28.443212537628483 ], [ 76.154161555111784, 28.466449310587279 ], [ 76.158285962027662, 28.39798321545311 ], [ 76.191133380501242, 28.400009538209645 ], [ 76.206997066161819, 28.387400830883792 ], [ 76.199933538102471, 28.36760348811049 ], [ 76.174371707388445, 28.371882650364171 ], [ 76.152025060907988, 28.358009177881343 ], [ 76.143261818678184, 28.360728688178483 ], [ 76.145554614154321, 28.35259065643379 ], [ 76.130607788218981, 28.353283572379041 ] ] ] } },
{ "type": "Feature", "properties": { "pincode": "123031", "state": "Haryana", "district": "Mahendragarh", "officename": "CUH M.Garh", "officetype": "S.O" }, "geometry": { "type": "Polygon", "coordinates": [ [ [ 76.150021846231368, 28.336257153245242 ], [ 76.130607788218981, 28.353283572379041 ], [ 76.145554614154321, 28.35259065643379 ], [ 76.143261818678184, 28.360728688178483 ], [ 76.152025060907988, 28.358009177881343 ], [ 76.174371707388445, 28.371882650364171 ], [ 76.199933538102471, 28.36760348811049 ], [ 76.19307570118275, 28.340002758520427 ], [ 76.181936702816586, 28.333189281560237 ], [ 76.150021846231368, 28.336257153245242 ] ] ] } },
{ "type": "Feature", "properties": { "pincode": "123034", "state": "Haryana", "district": "Mahendragarh", "officename": "Bawania", "officetype": "S.O" }, "geometry": { "type": "Polygon", "coordinates": [ [ [ 76.182343397829527, 28.294646524017878 ], [ 76.172470518999319, 28.301876993228746 ], [ 76.179864444488658, 28.317943245784306 ], [ 76.196481631622135, 28.328761026100665 ], [ 76.191033357903223, 28.342796326189728 ], [ 76.232561594841911, 28.360451038684516 ], [ 76.258898986499162, 28.331910963620203 ], [ 76.245406857140892, 28.321856808445091 ], [ 76.25373855249228, 28.310357035349 ], [ 76.2519677154379, 28.284183013635243 ], [ 76.286959666255655, 28.280277565557242 ], [ 76.308015281080543, 28.268222207489032 ], [ 76.3748366340036, 28.265920348645238 ], [ 76.371738975873086, 28.24733211738328 ], [ 76.3665172117, 28.230657587677626 ], [ 76.352320969837081, 28.22727661342509 ], [ 76.34325566151972, 28.209060911032395 ], [ 76.31326148972596, 28.20937839149974 ], [ 76.311341053147146, 28.217766144292341 ], [ 76.299174782590285, 28.217167513270226 ], [ 76.260586676733851, 28.174969548505999 ], [ 76.234384284107534, 28.168059949307406 ], [ 76.22764082746238, 28.170745742222437 ], [ 76.230286829873478, 28.187369488111415 ], [ 76.221414473798973, 28.203352824073534 ], [ 76.191135011871495, 28.200263042205677 ], [ 76.188360889343699, 28.222279881211648 ], [ 76.201065905966971, 28.228042843902188 ], [ 76.205605784379543, 28.260773542065522 ], [ 76.195837268275284, 28.276578905791951 ], [ 76.181805287583927, 28.277326934890198 ], [ 76.182343397829527, 28.294646524017878 ] ] ] } },
{ "type": "Feature", "properties": { "pincode": "123035", "state": "Haryana", "district": "Rewari", "officename": "Palhawas", "officetype": "S.O" }, "geometry": { "type": "MultiPolygon", "coordinates": [ [ [ [ 76.581539604569286, 28.357868219043155 ], [ 76.605486911191974, 28.385015043709359 ], [ 76.613429013937889, 28.430743705457814 ], [ 76.645896297975924, 28.421430562870228 ], [ 76.677887404480202, 28.388095762209787 ], [ 76.677651763218535, 28.373730754470898 ], [ 76.65816481425486, 28.346235242862235 ], [ 76.664482515655664, 28.331961934495723 ], [ 76.661506934197803, 28.294645116578863 ], [ 76.63603345378084, 28.295341473330325 ], [ 76.620210532590136, 28.316869637823743 ], [ 76.625798131079137, 28.32715316328796 ], [ 76.588755404038864, 28.334251045449491 ], [ 76.565302128290568, 28.34824680594545 ], [ 76.565595318969031, 28.358607700984749 ], [ 76.581539604569286, 28.357868219043155 ] ] ], [ [ [ 76.614947384314348, 28.43371571570782 ], [ 76.600261230471631, 28.434522163866916 ], [ 76.582926557914334, 28.431399276155787 ], [ 76.599331774841687, 28.449119666139836 ], [ 76.617910318606391, 28.441509957318715 ], [ 76.614947384314348, 28.43371571570782 ] ] ] ] } },
{ "type": "Feature", "properties": { "pincode": "123101", "state": "Haryana", "district": "Rewari", "officename": "Khori", "officetype": "S.O" }, "geometry": { "type": "Polygon", "coordinates": [ [ [ 76.456178956893439, 28.211026940540989 ], [ 76.479159606530686, 28.241667107950661 ], [ 76.524438441780774, 28.234766548737412 ], [ 76.534462857275059, 28.242558449413025 ], [ 76.533702360875338, 28.202614074180303 ], [ 76.52490079853311, 28.196650805490435 ], [ 76.54949958753599, 28.178067787598479 ], [ 76.55374813596768, 28.14522978232867 ], [ 76.51885592536081, 28.14290784072432 ], [ 76.498298999899021, 28.128806999843277 ], [ 76.481734999570676, 28.130878000019777 ], [ 76.479568000363031, 28.149890999969671 ], [ 76.468292518185422, 28.161427127260083 ], [ 76.475638474735831, 28.191885524597524 ], [ 76.456178956893439, 28.211026940540989 ] ] ] } },
{ "type": "Feature", "properties": { "pincode": "123102", "state": "Haryana", "district": "Rewari", "officename": "Kund", "officetype": "S.O" }, "geometry": { "type": "Polygon", "coordinates": [ [ [ 76.327435255732553, 28.179037957335936 ], [ 76.318298664451845, 28.203500944213374 ], [ 76.34325566151972, 28.209060911032395 ], [ 76.352320969837081, 28.22727661342509 ], [ 76.383984345401416, 28.227485663532605 ], [ 76.387118663495698, 28.205501564345866 ], [ 76.401192165885845, 28.189104355881398 ], [ 76.418261965617432, 28.19454275504421 ], [ 76.421223341384234, 28.208801537561044 ], [ 76.461808550124488, 28.206968685056836 ], [ 76.475638474735831, 28.191885524597524 ], [ 76.468292518185422, 28.161427127260083 ], [ 76.475708875464306, 28.150465381672234 ], [ 76.431783652093884, 28.14154421489377 ], [ 76.428089622937875, 28.118245351841551 ], [ 76.434921395705999, 28.10646477622862 ], [ 76.424961526353457, 28.107023096039086 ], [ 76.419226367103192, 28.117647843173415 ], [ 76.425140983369829, 28.14223049024514 ], [ 76.405533000048024, 28.143011000157685 ], [ 76.385231000010833, 28.133309999756818 ], [ 76.368286000098976, 28.138645000266649 ], [ 76.361717000239537, 28.161461000225131 ], [ 76.327435255732553, 28.179037957335936 ] ] ] } },
{ "type": "Feature", "properties": { "pincode": "123103", "state": "Haryana", "district": "Rewari", "officename": "Khol", "officetype": "S.O" }, "geometry": { "type": "Polygon", "coordinates": [ [ [ 76.366454644066607, 28.230589694259095 ], [ 76.37391879311798, 28.261468606491121 ], [ 76.390606629192575, 28.269795733286514 ], [ 76.411888428008638, 28.252006200725702 ], [ 76.468321208357054, 28.229503672056978 ], [ 76.455564735224527, 28.206982525623175 ], [ 76.421223341384234, 28.208801537561044 ], [ 76.418261965617432, 28.19454275504421 ], [ 76.401192165885845, 28.189104355881398 ], [ 76.387118663495698, 28.205501564345866 ], [ 76.383984345401416, 28.227485663532605 ], [ 76.366454644066607, 28.230589694259095 ] ] ] } },
{ "type": "Feature", "properties": { "pincode": "123106", "state": "Haryana", "district": "Rewari", "officename": "Dharuhera", "officetype": "S.O" }, "geometry": { "type": "Polygon", "coordinates": [ [ [ 76.747939999931077, 28.123925999585424 ], [ 76.701613477879846, 28.133900131286055 ], [ 76.710646087746852, 28.15989598201412 ], [ 76.708188708242346, 28.178067833463842 ], [ 76.721549949370797, 28.187427913467559 ], [ 76.711260182611397, 28.193802076105044 ], [ 76.715858591600806, 28.219538014667705 ], [ 76.735383020710003, 28.245311330853326 ], [ 76.77491027059267, 28.23028804635635 ], [ 76.769162735771772, 28.221776484796976 ], [ 76.774337797251746, 28.204449874662089 ], [ 76.792248499069046, 28.208476404762337 ], [ 76.813757465734568, 28.250886065439659 ], [ 76.833918007809984, 28.210394414071061 ], [ 76.814803999604976, 28.210727999597736 ], [ 76.811584000401524, 28.190912000388721 ], [ 76.802810999628036, 28.194401000306129 ], [ 76.799186999780261, 28.188615999728711 ], [ 76.805069000334129, 28.165321000164226 ], [ 76.80039199959117, 28.152079000145932 ], [ 76.763923999593032, 28.141484999933027 ], [ 76.747939999931077, 28.123925999585424 ] ] ] } },
{ "type": "Feature", "properties": { "pincode": "123110", "state": "Haryana", "district": "Gurgaon, Rewari", "officename": "Industrial Area Dharuhera", "officetype": "S.O" }, "geometry": { "type": "Polygon", "coordinates": [ [ [ 76.770835624964263, 28.204285914763261 ], [ 76.771203329869934, 28.229223722996608 ], [ 76.78051754175118, 28.22549613204086 ], [ 76.802290060138262, 28.252944514677722 ], [ 76.812872635363817, 28.254185711301602 ], [ 76.814092724000204, 28.244112551652961 ], [ 76.792248499069046, 28.208476404762337 ], [ 76.770835624964263, 28.204285914763261 ] ] ] } },
{ "type": "Feature", "properties": { "pincode": "123301", "state": "Haryana", "district": "Rewari", "officename": "Guriani", "officetype": "S.O" }, "geometry": { "type": "Polygon", "coordinates": [ [ [ 76.514008421251731, 28.381023149199166 ], [ 76.54055776872616, 28.420479001904539 ], [ 76.559122430555874, 28.406125094497668 ], [ 76.577751012599208, 28.423340500763743 ], [ 76.612226048393495, 28.421805824779028 ], [ 76.605486911191974, 28.385015043709359 ], [ 76.586265876469156, 28.357470580203085 ], [ 76.533450250328883, 28.35871129568983 ], [ 76.514008421251731, 28.381023149199166 ] ] ] } },
{ "type": "Feature", "properties": { "pincode": "123302", "state": "Haryana", "district": "Rewari", "officename": "Kosli", "officetype": "S.O" }, "geometry": { "type": "Polygon", "coordinates": [ [ [ 76.413698811850736, 28.415125349455536 ], [ 76.414965772252572, 28.468745352616111 ], [ 76.440128240126342, 28.472462169693529 ], [ 76.449375617990484, 28.467728003544664 ], [ 76.443638373212423, 28.450377315860521 ], [ 76.454958967182733, 28.426665092919791 ], [ 76.515442189705368, 28.44581476104247 ], [ 76.518859492072011, 28.431147703403838 ], [ 76.54055776872616, 28.420479001904539 ], [ 76.515725037280788, 28.382478529260936 ], [ 76.509909778113808, 28.39403214746568 ], [ 76.493314612679399, 28.392981989327438 ], [ 76.461457335187845, 28.360547386652684 ], [ 76.412166952542918, 28.374572364323285 ], [ 76.423566102293762, 28.386479684090261 ], [ 76.423727199650727, 28.406750572081364 ], [ 76.413698811850736, 28.415125349455536 ] ] ] } },
{ "type": "Feature", "properties": { "pincode": "123303", "state": "Haryana", "district": "Rewari", "officename": "Nahar", "officetype": "S.O" }, "geometry": { "type": "Polygon", "coordinates": [ [ [ 76.29944078766232, 28.425137735618193 ], [ 76.312061491944291, 28.443543080748668 ], [ 76.32832270762691, 28.427140806403145 ], [ 76.34181576868292, 28.429084035400081 ], [ 76.3402594810903, 28.455956305139466 ], [ 76.346983198515773, 28.462408473172729 ], [ 76.364847839756067, 28.459237867433671 ], [ 76.369337624132129, 28.431867032437708 ], [ 76.402183497570491, 28.435899426117828 ], [ 76.406507456853717, 28.440163929421885 ], [ 76.395837431552366, 28.468880256318926 ], [ 76.416642426906435, 28.470910756426349 ], [ 76.421030962009411, 28.456448394378128 ], [ 76.413698811850736, 28.415125349455536 ], [ 76.423727199650727, 28.406750572081364 ], [ 76.423566102293762, 28.386479684090261 ], [ 76.411551529379608, 28.374478648670788 ], [ 76.38935497615131, 28.389435902245339 ], [ 76.382203980929035, 28.380410216258497 ], [ 76.33822881910487, 28.382373705182488 ], [ 76.327942787229915, 28.390218140654838 ], [ 76.319688589157124, 28.414675130852686 ], [ 76.29944078766232, 28.425137735618193 ] ] ] } },
{ "type": "Feature", "properties": { "pincode": "123411", "state": "Haryana", "district": "Rewari", "officename": "Dahina", "officetype": "S.O" }, "geometry": { "type": "Polygon", "coordinates": [ [ [ 76.37391879311798, 28.261468606491121 ], [ 76.379587267638328, 28.341440923759592 ], [ 76.369188023708375, 28.360012148841633 ], [ 76.371621902129277, 28.374382718887375 ], [ 76.35854486385449, 28.382595225289606 ], [ 76.382203980929035, 28.380410216258497 ], [ 76.393636825579222, 28.388771231307317 ], [ 76.411551529379608, 28.374478648670788 ], [ 76.459521490524423, 28.361007779285671 ], [ 76.502805483786233, 28.322790747195427 ], [ 76.51275835821184, 28.322900453693023 ], [ 76.504379899912578, 28.27089300780608 ], [ 76.526276082275501, 28.235217338409484 ], [ 76.479159606530686, 28.241667107950661 ], [ 76.46971096039249, 28.232046105843324 ], [ 76.451193802551984, 28.233138451178604 ], [ 76.390606629192575, 28.269795733286514 ], [ 76.37391879311798, 28.261468606491121 ] ] ] } },
{ "type": "Feature", "properties": { "pincode": "123412", "state": "Haryana", "district": "Rewari", "officename": "Dharan", "officetype": "S.O" }, "geometry": { "type": "Polygon", "coordinates": [ [ [ 76.498833199892374, 28.066700492034329 ], [ 76.457039000149734, 28.088327000091226 ], [ 76.469436999917718, 28.107052000249837 ], [ 76.50632500039859, 28.101727000200924 ], [ 76.506630000074608, 28.117657000070722 ], [ 76.494300999891323, 28.123246999749313 ], [ 76.502276162614976, 28.135915666674805 ], [ 76.553229151604057, 28.145336148744434 ], [ 76.570867316573526, 28.133308553646941 ], [ 76.554834845252003, 28.103711536858043 ], [ 76.558348677249796, 28.092866697740135 ], [ 76.520686890188017, 28.085748300243949 ], [ 76.498833199892374, 28.066700492034329 ] ] ] } },
{ "type": "Feature", "properties": { "pincode": "123501", "state": "Haryana", "district": "Rewari", "officename": "Bawal", "officetype": "S.O" }, "geometry": { "type": "Polygon", "coordinates": [ [ [ 76.462181833524937, 28.045682101947421 ], [ 76.466392999837126, 28.057113999611488 ], [ 76.502997999857939, 28.056171000191625 ], [ 76.498833199892374, 28.066700492034329 ], [ 76.520686890188017, 28.085748300243949 ], [ 76.558348677249796, 28.092866697740135 ], [ 76.554834845252003, 28.103711536858043 ], [ 76.570867316573526, 28.133308553646941 ], [ 76.582622382017234, 28.123708115437182 ], [ 76.643616701849282, 28.125239325434734 ], [ 76.664593431741594, 28.111163759999556 ], [ 76.697497615422776, 28.107150155855095 ], [ 76.6908800000121, 28.092699000258619 ], [ 76.66668700040492, 28.094018999977038 ], [ 76.656525000328429, 28.087164000418284 ], [ 76.668639999636412, 28.013973000353928 ], [ 76.607444999687232, 28.004822000135391 ], [ 76.55497700018833, 27.966397999867979 ], [ 76.539413000109903, 27.974380000136875 ], [ 76.546988999642679, 28.034160999630501 ], [ 76.534339999991118, 28.040514000320968 ], [ 76.513657000370358, 28.030117000199482 ], [ 76.500648000305091, 28.04219799973788 ], [ 76.470085000122708, 28.039702999793633 ], [ 76.462181833524937, 28.045682101947421 ] ] ] } },
{ "type": "Feature", "properties": { "pincode": "124001", "state": "Haryana", "district": "Rohtak", "officename": "Rohtak", "officetype": "H.O" }, "geometry": { "type": "Polygon", "coordinates": [ [ [ 76.617353004237884, 28.925632717875772 ], [ 76.613008998166947, 28.916227771594436 ], [ 76.628662870195285, 28.918272588009643 ], [ 76.62851769983223, 28.904357806967425 ], [ 76.642141338851843, 28.897916726675703 ], [ 76.638776892339877, 28.886812103096076 ], [ 76.620809010727214, 28.863155518512372 ], [ 76.60169299343687, 28.871461840391589 ], [ 76.59962785504149, 28.862381552966326 ], [ 76.588389595803278, 28.859983306584411 ], [ 76.552771772599385, 28.8875479382869 ], [ 76.531994032099135, 28.890251191539278 ], [ 76.531592688052285, 28.901740618834538 ], [ 76.498955531972342, 28.901016006283783 ], [ 76.476709376636506, 28.88476380990204 ], [ 76.459498073077782, 28.884942768693975 ], [ 76.44320405282491, 28.913050921862521 ], [ 76.480373203860324, 28.94326590060092 ], [ 76.507191388372064, 28.929713120064491 ], [ 76.532973749938776, 28.942961959427009 ], [ 76.546682351509503, 28.960880957490303 ], [ 76.529398911530734, 28.974829713120869 ], [ 76.53258122734178, 28.989694251988226 ], [ 76.524890863722476, 28.994929659776062 ], [ 76.538972671351928, 29.000461458029974 ], [ 76.585032689207367, 28.977715102470029 ], [ 76.600022689795537, 28.980698624941738 ], [ 76.604241401419642, 28.939754753978775 ], [ 76.617353004237884, 28.925632717875772 ] ] ] } },
{ "type": "Feature", "properties": { "pincode": "124010", "state": "Haryana", "district": "Rohtak", "officename": "Police Training College Sunaria", "officetype": "S.O" }, "geometry": { "type": "Polygon", "coordinates": [ [ [ 76.63487335711983, 28.838770132335924 ], [ 76.634014339989847, 28.829670590425565 ], [ 76.647402585061343, 28.818712725412126 ], [ 76.62985823017317, 28.800151022351884 ], [ 76.572521669839318, 28.793738614245683 ], [ 76.536949969265777, 28.806913644449196 ], [ 76.532367302009391, 28.82564381930689 ], [ 76.518179203507486, 28.832468652006924 ], [ 76.53468246452428, 28.864205767482304 ], [ 76.524860561066248, 28.861283650719884 ], [ 76.50988576801393, 28.877084593379436 ], [ 76.477464573331588, 28.871466334303875 ], [ 76.475125977182131, 28.882253231002039 ], [ 76.498955531972342, 28.901016006283783 ], [ 76.531592688052285, 28.901740618834538 ], [ 76.531994032099135, 28.890251191539278 ], [ 76.552771772599385, 28.8875479382869 ], [ 76.588389595803278, 28.859983306584411 ], [ 76.59962785504149, 28.862381552966326 ], [ 76.603415799499658, 28.839333461370188 ], [ 76.63487335711983, 28.838770132335924 ] ] ] } },
{ "type": "Feature", "properties": { "pincode": "124021", "state": "Haryana", "district": "Jhajjar, Rohtak", "officename": "Asthal Bohar", "officetype": "S.O" }, "geometry": { "type": "Polygon", "coordinates": [ [ [ 76.603415799499658, 28.839333461370188 ], [ 76.60169299343687, 28.871461840391589 ], [ 76.620809010727214, 28.863155518512372 ], [ 76.642011816692047, 28.895937951075609 ], [ 76.62851769983223, 28.904357806967425 ], [ 76.628662870195285, 28.918272588009643 ], [ 76.613008998166947, 28.916227771594436 ], [ 76.617353004237884, 28.925632717875772 ], [ 76.67681750712228, 28.927980932274181 ], [ 76.666611564372374, 28.894753870394993 ], [ 76.68894638476803, 28.888500274468186 ], [ 76.692551868474084, 28.872609506623519 ], [ 76.709403674340194, 28.86445568458231 ], [ 76.707178819946705, 28.807094820969382 ], [ 76.672394608924208, 28.814078435271711 ], [ 76.640080931789612, 28.810504131060895 ], [ 76.647402585061343, 28.818712725412126 ], [ 76.634014339989847, 28.829670590425565 ], [ 76.63487335711983, 28.838770132335924 ], [ 76.603415799499658, 28.839333461370188 ] ] ] } },
{ "type": "Feature", "properties": { "pincode": "124022", "state": "Haryana", "district": "Rohtak", "officename": "Mokhra", "officetype": "S.O" }, "geometry": { "type": "Polygon", "coordinates": [ [ [ 76.341461591379471, 28.876973715064878 ], [ 76.334137940713447, 28.893018871323989 ], [ 76.344237419921228, 28.909092718654165 ], [ 76.358699801754483, 28.915124326826344 ], [ 76.371218118221634, 28.904528285152423 ], [ 76.399443695869934, 28.917605284756121 ], [ 76.445944327568782, 28.906085244538531 ], [ 76.459904975834093, 28.881921400952024 ], [ 76.41461357435702, 28.864037138303274 ], [ 76.368494267796279, 28.883775222948373 ], [ 76.341461591379471, 28.876973715064878 ] ] ] } },
{ "type": "Feature", "properties": { "pincode": "124102", "state": "Haryana", "district": "Jhajjar", "officename": "Dujana", "officetype": "S.O" }, "geometry": { "type": "Polygon", "coordinates": [ [ [ 76.613489389923529, 28.701392519549245 ], [ 76.605421321836673, 28.706201873517671 ], [ 76.598969045884928, 28.73496753722219 ], [ 76.614547277734687, 28.73674426753405 ], [ 76.635376931600035, 28.72659550008234 ], [ 76.663714813887736, 28.729212480471574 ], [ 76.666442089830582, 28.709416361675778 ], [ 76.682576343723326, 28.706257711524245 ], [ 76.688021894295048, 28.67276344038055 ], [ 76.675547482730167, 28.665235559973155 ], [ 76.670569708225571, 28.647712679996289 ], [ 76.65310439295348, 28.651828334709876 ], [ 76.641256476105525, 28.667903798121813 ], [ 76.623124031149189, 28.663033287556289 ], [ 76.593755220926823, 28.680770318595421 ], [ 76.613489389923529, 28.701392519549245 ] ] ] } },
{ "type": "Feature", "properties": { "pincode": "124103", "state": "Haryana", "district": "Jhajjar", "officename": "Jhajjar", "officetype": "S.O" }, "geometry": { "type": "Polygon", "coordinates": [ [ [ 76.782040713608239, 28.535202394674911 ], [ 76.783538366302707, 28.511670507387919 ], [ 76.818138133568027, 28.51442980728973 ], [ 76.834644410910869, 28.48875538145569 ], [ 76.809033882807455, 28.473135113494834 ], [ 76.780024572076456, 28.484521840910361 ], [ 76.764738548845116, 28.468840687048214 ], [ 76.74615429978121, 28.476847123695904 ], [ 76.731267514384228, 28.495007082510824 ], [ 76.702324239072311, 28.504402044518827 ], [ 76.66996327918207, 28.484301160770087 ], [ 76.606327761117313, 28.510501901341684 ], [ 76.611815065413055, 28.531815445326686 ], [ 76.556224584696963, 28.579090870846983 ], [ 76.547941913188822, 28.621608793710834 ], [ 76.531710428193833, 28.624754960373139 ], [ 76.520535921895373, 28.642486606271916 ], [ 76.539545663601473, 28.681394410323776 ], [ 76.555396645438975, 28.681515263019094 ], [ 76.584966134879437, 28.664320172438181 ], [ 76.590147265883843, 28.648248655251393 ], [ 76.615694377393652, 28.646653927037221 ], [ 76.620861853092208, 28.662431722046392 ], [ 76.641256476105525, 28.667903798121813 ], [ 76.660970038037021, 28.648885041611379 ], [ 76.653893329513664, 28.634780942486486 ], [ 76.672482889973367, 28.630263035410849 ], [ 76.673850760604182, 28.589059516683392 ], [ 76.651901092861237, 28.581663858200614 ], [ 76.652686598507898, 28.554228559800436 ], [ 76.688731354168794, 28.561335134808701 ], [ 76.70761016807478, 28.558165713477081 ], [ 76.709121749469205, 28.53578031251152 ], [ 76.756401184167544, 28.543986840220612 ], [ 76.771212889663218, 28.532191953695872 ], [ 76.782040713608239, 28.535202394674911 ] ] ] } },
{ "type": "Feature", "properties": { "pincode": "124104", "state": "Haryana", "district": "Jhajjar", "officename": "Nehru College Jhajjar", "officetype": "S.O" }, "geometry": { "type": "Polygon", "coordinates": [ [ [ 76.652686598507898, 28.554228559800436 ], [ 76.651901092861237, 28.581663858200614 ], [ 76.673850760604182, 28.589059516683392 ], [ 76.672482889973367, 28.630263035410849 ], [ 76.653893329513664, 28.634780942486486 ], [ 76.660970038037021, 28.648885041611379 ], [ 76.671571998149318, 28.647986656658986 ], [ 76.675547482730167, 28.665235559973155 ], [ 76.688021894295048, 28.67276344038055 ], [ 76.732312814385125, 28.670611198148322 ], [ 76.726474512788627, 28.656652101213581 ], [ 76.743784957609819, 28.640364860949546 ], [ 76.760510995086463, 28.642379994341297 ], [ 76.772792121659222, 28.614018955410586 ], [ 76.771875897754512, 28.599771203977923 ], [ 76.782011317468516, 28.587198517198033 ], [ 76.769922477640307, 28.581268558497243 ], [ 76.765009394967706, 28.568067217728071 ], [ 76.782040713608239, 28.535202394674911 ], [ 76.771212889663218, 28.532191953695872 ], [ 76.756401184167544, 28.543986840220612 ], [ 76.709121749469205, 28.53578031251152 ], [ 76.70761016807478, 28.558165713477081 ], [ 76.683337960678443, 28.561517757438594 ], [ 76.652686598507898, 28.554228559800436 ] ] ] } },
{ "type": "Feature", "properties": { "pincode": "124105", "state": "Haryana", "district": "Jhajjar", "officename": "Badli (Jhajjar)", "officetype": "S.O" }, "geometry": { "type": "Polygon", "coordinates": [ [ [ 76.768782777603178, 28.566114303032691 ], [ 76.769922477640307, 28.581268558497243 ], [ 76.782111279811772, 28.58839121158519 ], [ 76.771875897754512, 28.599771203977923 ], [ 76.772792121659222, 28.614018955410586 ], [ 76.817129951286404, 28.613470646852932 ], [ 76.844711001011945, 28.590871481533725 ], [ 76.847168000103238, 28.551896999946621 ], [ 76.883212244949277, 28.532295080753386 ], [ 76.894198453895569, 28.513137332222186 ], [ 76.887407434805425, 28.501169859501601 ], [ 76.865196230721608, 28.506892073010874 ], [ 76.851713669250614, 28.495214565100184 ], [ 76.835940727882473, 28.494578942264411 ], [ 76.81679830020164, 28.514895344044874 ], [ 76.783538366302707, 28.511670507387919 ], [ 76.78253981665938, 28.538397804615101 ], [ 76.768782777603178, 28.566114303032691 ] ] ] } },
{ "type": "Feature", "properties": { "pincode": "124106", "state": "Haryana", "district": "Jhajjar", "officename": "Matanhail", "officetype": "S.O" }, "geometry": { "type": "Polygon", "coordinates": [ [ [ 76.333834546327409, 28.544348304730477 ], [ 76.32774578623912, 28.574443033319483 ], [ 76.336743041058696, 28.57478308407218 ], [ 76.335388357187128, 28.591111879309722 ], [ 76.350192051522015, 28.607781673185684 ], [ 76.356739585463686, 28.59662916970052 ], [ 76.391027991248791, 28.587470472184577 ], [ 76.395998159287672, 28.545404335441901 ], [ 76.411742115506399, 28.544657252430284 ], [ 76.420294858820682, 28.590408835199696 ], [ 76.440339919851453, 28.591177354451474 ], [ 76.460451624243092, 28.604896664249736 ], [ 76.487908915564049, 28.588050908123023 ], [ 76.507398274710681, 28.603002018428526 ], [ 76.4977559784557, 28.612277445248026 ], [ 76.525019500949384, 28.635022521971791 ], [ 76.531710428193833, 28.624754960373139 ], [ 76.547941913188822, 28.621608793710834 ], [ 76.558818903969211, 28.586068035211781 ], [ 76.550911598691471, 28.568204953395934 ], [ 76.514638143635466, 28.561273851407236 ], [ 76.499663042115799, 28.533933864955941 ], [ 76.46973001972475, 28.528840988021159 ], [ 76.453766741342179, 28.547275491870437 ], [ 76.439676672540543, 28.53010833063513 ], [ 76.420570347243881, 28.535025907220017 ], [ 76.403624125153385, 28.479253495452554 ], [ 76.389663315909274, 28.474988249308353 ], [ 76.368921391808897, 28.472269644628454 ], [ 76.361644693847722, 28.48357714716758 ], [ 76.370869898027479, 28.499508281981775 ], [ 76.360153164636984, 28.509603040647903 ], [ 76.324448698948288, 28.514220693330344 ], [ 76.333834546327409, 28.544348304730477 ] ] ] } },
{ "type": "Feature", "properties": { "pincode": "124107", "state": "Haryana", "district": "Jhajjar", "officename": "Dighal", "officetype": "S.O" }, "geometry": { "type": "Polygon", "coordinates": [ [ [ 76.588940066331247, 28.75213432164179 ], [ 76.59917497174763, 28.791462690051333 ], [ 76.609548521147531, 28.801260431423884 ], [ 76.626516428590548, 28.798873108207431 ], [ 76.640080931789612, 28.810504131060895 ], [ 76.672394608924208, 28.814078435271711 ], [ 76.710770346174741, 28.804232535203482 ], [ 76.710436920727489, 28.791793331197425 ], [ 76.686941320185895, 28.76504203016566 ], [ 76.689017695610232, 28.721846204638666 ], [ 76.676758668977641, 28.706672926714248 ], [ 76.666442089830582, 28.709416361675778 ], [ 76.663714813887736, 28.729212480471574 ], [ 76.635376931600035, 28.72659550008234 ], [ 76.614547277734687, 28.73674426753405 ], [ 76.598776324767641, 28.734400334807731 ], [ 76.605421321836673, 28.706201873517671 ], [ 76.57257513183697, 28.719588841552024 ], [ 76.578501021105353, 28.747460438848236 ], [ 76.588940066331247, 28.75213432164179 ] ] ] } },
{ "type": "Feature", "properties": { "pincode": "124108", "state": "Haryana", "district": "Jhajjar", "officename": "Machrauli", "officetype": "S.O" }, "geometry": { "type": "Polygon", "coordinates": [ [ [ 76.582926557914334, 28.431399276155787 ], [ 76.614947384314348, 28.43371571570782 ], [ 76.617910318606391, 28.441509957318715 ], [ 76.594022196367348, 28.447671560694118 ], [ 76.597167573424827, 28.482640708302085 ], [ 76.628954052687448, 28.501177344558982 ], [ 76.673493028280745, 28.484492817090029 ], [ 76.702324239072311, 28.504402044518827 ], [ 76.71515087551262, 28.495350327655672 ], [ 76.727066218131483, 28.444391244860071 ], [ 76.720720560405653, 28.409553783180684 ], [ 76.742607872755343, 28.397705754816798 ], [ 76.746894325812548, 28.373483328492853 ], [ 76.736236217427745, 28.366030630509329 ], [ 76.7158469750579, 28.368189121231126 ], [ 76.708884907612514, 28.378736944854211 ], [ 76.679715101171098, 28.384606046431941 ], [ 76.637588328538698, 28.426902074171494 ], [ 76.613429013937889, 28.430743705457814 ], [ 76.612226048393495, 28.421805824779028 ], [ 76.577751012599208, 28.423340500763743 ], [ 76.582926557914334, 28.431399276155787 ] ] ] } },
{ "type": "Feature", "properties": { "pincode": "124109", "state": "Haryana", "district": "Jhajjar", "officename": "Dhakla", "officetype": "S.O" }, "geometry": { "type": "Polygon", "coordinates": [ [ [ 76.500000783409575, 28.535511411622394 ], [ 76.514638143635466, 28.561273851407236 ], [ 76.550911598691471, 28.568204953395934 ], [ 76.556224584696963, 28.579090870846983 ], [ 76.611815065413055, 28.531815445326686 ], [ 76.606327761117313, 28.510501901341684 ], [ 76.628977662589193, 28.501496003138186 ], [ 76.597167573424827, 28.482640708302085 ], [ 76.594022196367348, 28.447671560694118 ], [ 76.559913801580933, 28.40617472448406 ], [ 76.549028161120759, 28.419437969187072 ], [ 76.518859492072011, 28.431147703403838 ], [ 76.515442189705368, 28.44581476104247 ], [ 76.525446918140801, 28.447250643802192 ], [ 76.520727204097227, 28.456247509215245 ], [ 76.533916214261922, 28.482315450497765 ], [ 76.521413411999447, 28.491915581139324 ], [ 76.531477472307586, 28.509290633256228 ], [ 76.524450296643977, 28.518532827428146 ], [ 76.506431462142359, 28.522083438999687 ], [ 76.500000783409575, 28.535511411622394 ] ] ] } },
{ "type": "Feature", "properties": { "pincode": "124111", "state": "Haryana", "district": "Rohtak", "officename": "Madina", "officetype": "S.O" }, "geometry": { "type": "Polygon", "coordinates": [ [ [ 76.371218118221634, 28.904528285152423 ], [ 76.368161488961732, 28.922491866206713 ], [ 76.34347753775819, 28.928193785614781 ], [ 76.36785241086011, 28.949585284633315 ], [ 76.355887507502644, 28.961308933160865 ], [ 76.361834553321955, 28.975423218007336 ], [ 76.393572836117642, 28.983161272674579 ], [ 76.393807114906565, 28.99274670389741 ], [ 76.405364567820527, 29.001042590942973 ], [ 76.4406741960575, 29.001197870585258 ], [ 76.445617144315804, 29.007129016391048 ], [ 76.479193084693179, 29.003053947182082 ], [ 76.494109545019626, 28.991496502361883 ], [ 76.462129041522132, 28.959841512076309 ], [ 76.469014882430997, 28.933924045358481 ], [ 76.443310174624969, 28.913989012782849 ], [ 76.445944327568782, 28.906085244538531 ], [ 76.407670447533121, 28.917287103716887 ], [ 76.371218118221634, 28.904528285152423 ] ] ] } },
{ "type": "Feature", "properties": { "pincode": "124112", "state": "Haryana", "district": "Rohtak", "officename": "Mehem", "officetype": "S.O" }, "geometry": { "type": "Polygon", "coordinates": [ [ [ 76.332048526918072, 29.020503714075176 ], [ 76.33998993358864, 28.966165229941566 ], [ 76.27947422485579, 28.905106146331775 ], [ 76.261221575615423, 28.89932151177851 ], [ 76.230581176180465, 28.908248552029193 ], [ 76.239539876164486, 28.950842972125429 ], [ 76.221403969717471, 28.961002033217369 ], [ 76.21728398476813, 28.968986096531296 ], [ 76.238751357789056, 28.983909983459 ], [ 76.243794202740446, 29.002895145794355 ], [ 76.235974867346329, 29.03710839523643 ], [ 76.24146392621941, 29.044074776729587 ], [ 76.28138401436081, 29.051012249515736 ], [ 76.301351143740419, 29.073815026742182 ], [ 76.304419081075878, 29.089666871928671 ], [ 76.35301768811587, 29.08557567607653 ], [ 76.378902447390203, 29.070122308797579 ], [ 76.377223941032128, 29.038460431503893 ], [ 76.332048526918072, 29.020503714075176 ] ] ] } },
{ "type": "Feature", "properties": { "pincode": "124113", "state": "Haryana", "district": "Rohtak", "officename": "Kalanaur (Rohtak)", "officetype": "S.O" }, "geometry": { "type": "Polygon", "coordinates": [ [ [ 76.333603259582787, 28.828495788949738 ], [ 76.341461591379471, 28.876973715064878 ], [ 76.368494267796279, 28.883775222948373 ], [ 76.399832661648134, 28.86597595702483 ], [ 76.434199756313831, 28.869004637154433 ], [ 76.43997521328572, 28.84253859837753 ], [ 76.428822441802311, 28.826486828504414 ], [ 76.432648417690416, 28.807626841905346 ], [ 76.466043642899933, 28.800314980452129 ], [ 76.44719746269277, 28.759735659573153 ], [ 76.456181792455936, 28.733852439038969 ], [ 76.413032521233959, 28.714893598960487 ], [ 76.398067920198457, 28.722603340271974 ], [ 76.407144626523291, 28.748717601136491 ], [ 76.383602764855937, 28.773231546298973 ], [ 76.363274206039932, 28.779510500409401 ], [ 76.361567633639538, 28.788957329017649 ], [ 76.336764219193469, 28.797027838763881 ], [ 76.333603259582787, 28.828495788949738 ] ] ] } },
{ "type": "Feature", "properties": { "pincode": "124141", "state": "Haryana", "district": "Jhajjar", "officename": "Power Plant Jharli", "officetype": "S.O" }, "geometry": { "type": "Polygon", "coordinates": [ [ [ 76.273030568905824, 28.474733271723323 ], [ 76.27438332463089, 28.487030756064598 ], [ 76.286439197111292, 28.494162566049624 ], [ 76.316224549023786, 28.49299442225481 ], [ 76.324448698948288, 28.514220693330344 ], [ 76.360153164636984, 28.509603040647903 ], [ 76.370869898027479, 28.499508281981775 ], [ 76.361644693847722, 28.48357714716758 ], [ 76.368921391808897, 28.472269644628454 ], [ 76.403624125153385, 28.479253495452554 ], [ 76.395584415388441, 28.461245860208408 ], [ 76.406347585272897, 28.439265955459518 ], [ 76.369337624132129, 28.431867032437708 ], [ 76.364847839756067, 28.459237867433671 ], [ 76.346983198515773, 28.462408473172729 ], [ 76.3402594810903, 28.455956305139466 ], [ 76.342272796052839, 28.429495852951334 ], [ 76.329814250327445, 28.42668697792169 ], [ 76.317020295250586, 28.441324449663739 ], [ 76.277742335640312, 28.451203198368887 ], [ 76.280747373492432, 28.466924144533834 ], [ 76.273030568905824, 28.474733271723323 ] ] ] } },
{ "type": "Feature", "properties": { "pincode": "124142", "state": "Haryana", "district": "Rohtak", "officename": "Bahu", "officetype": "S.O" }, "geometry": { "type": "Polygon", "coordinates": [ [ [ 76.34032758315152, 28.989780386355733 ], [ 76.361834553321955, 28.975423218007336 ], [ 76.355887507502644, 28.961308933160865 ], [ 76.36785241086011, 28.949585284633315 ], [ 76.34347753775819, 28.928193785614781 ], [ 76.368161488961732, 28.922491866206713 ], [ 76.365676113561847, 28.911398318677584 ], [ 76.344237419921228, 28.909092718654165 ], [ 76.331723415703323, 28.892140320919111 ], [ 76.27947422485579, 28.905106146331775 ], [ 76.33998993358864, 28.966165229941566 ], [ 76.34032758315152, 28.989780386355733 ] ] ] } },
{ "type": "Feature", "properties": { "pincode": "124146", "state": "Haryana", "district": "Jhajjar", "officename": "Sahlawas", "officetype": "S.O" }, "geometry": { "type": "Polygon", "coordinates": [ [ [ 76.405714004797517, 28.474364733146103 ], [ 76.420570347243881, 28.535025907220017 ], [ 76.439676672540543, 28.53010833063513 ], [ 76.453766741342179, 28.547275491870437 ], [ 76.46973001972475, 28.528840988021159 ], [ 76.499663042115799, 28.533933864955941 ], [ 76.510560407936509, 28.519007190129798 ], [ 76.527067717701129, 28.517018816964821 ], [ 76.531477472307586, 28.509290633256228 ], [ 76.521413411999447, 28.491915581139324 ], [ 76.533916214261922, 28.482315450497765 ], [ 76.520727204097227, 28.456247509215245 ], [ 76.525446918140801, 28.447250643802192 ], [ 76.457331053185726, 28.426320827044606 ], [ 76.443638373212423, 28.450377315860521 ], [ 76.449143889678794, 28.468246840419454 ], [ 76.405714004797517, 28.474364733146103 ] ] ] } },
{ "type": "Feature", "properties": { "pincode": "124201", "state": "Haryana", "district": "Jhajjar, Rohtak", "officename": "Beri", "officetype": "S.O" }, "geometry": { "type": "Polygon", "coordinates": [ [ [ 76.54021087503196, 28.682139779227612 ], [ 76.513388228084352, 28.734282288896736 ], [ 76.542483513103832, 28.749604589880107 ], [ 76.552943324574812, 28.767160860785225 ], [ 76.546407509698838, 28.781268872860437 ], [ 76.560263630662178, 28.798795093818683 ], [ 76.60117281747165, 28.793570638873916 ], [ 76.595270560587892, 28.76080320250594 ], [ 76.578501021105353, 28.747460438848236 ], [ 76.57257513183697, 28.719588841552024 ], [ 76.613489389923529, 28.701392519549245 ], [ 76.593755220926823, 28.680770318595421 ], [ 76.621073324174631, 28.666186849343831 ], [ 76.616158327744699, 28.646972492986265 ], [ 76.590147265883843, 28.648248655251393 ], [ 76.584966134879437, 28.664320172438181 ], [ 76.555396645438975, 28.681515263019094 ], [ 76.54021087503196, 28.682139779227612 ] ] ] } },
{ "type": "Feature", "properties": { "pincode": "124202", "state": "Haryana", "district": "Jhajjar, Rohtak", "officename": "Dubaldhan", "officetype": "S.O" }, "geometry": { "type": "Polygon", "coordinates": [ [ [ 76.400283597010571, 28.673511267131289 ], [ 76.381062062264505, 28.695650120756511 ], [ 76.388935256257241, 28.716212470928724 ], [ 76.398067920198457, 28.722603340271974 ], [ 76.413032521233959, 28.714893598960487 ], [ 76.446762493894028, 28.732345579085177 ], [ 76.489669262926327, 28.737191550749458 ], [ 76.519788625744582, 28.728094359667068 ], [ 76.519876520085461, 28.710474317835633 ], [ 76.54021087503196, 28.682139779227612 ], [ 76.520535921895373, 28.642486606271916 ], [ 76.525019500949384, 28.635022521971791 ], [ 76.4977559784557, 28.612277445248026 ], [ 76.507398274710681, 28.603002018428526 ], [ 76.486891370440503, 28.587884598295602 ], [ 76.435702596298029, 28.629763592415941 ], [ 76.443714764325023, 28.655450977480655 ], [ 76.399540189528182, 28.657230394966916 ], [ 76.400283597010571, 28.673511267131289 ] ] ] } },
{ "type": "Feature", "properties": { "pincode": "124303", "state": "Haryana", "district": "Rohtak", "officename": "Sanghi", "officetype": "S.O" }, "geometry": { "type": "Polygon", "coordinates": [ [ [ 76.540200772947287, 28.99873294397031 ], [ 76.54886645222507, 29.047613081079021 ], [ 76.561262424021834, 29.068690636663689 ], [ 76.58238272798053, 29.047631936264906 ], [ 76.628893490542282, 29.044671420249983 ], [ 76.662014623076459, 29.059252401077515 ], [ 76.683412625092615, 29.042993983185909 ], [ 76.71992623690636, 29.032168553236261 ], [ 76.743460620711176, 29.010213813316852 ], [ 76.743887318445047, 28.982699589514425 ], [ 76.738997799808828, 28.966486221362231 ], [ 76.66664929452952, 28.987508943483022 ], [ 76.659077938196333, 29.001206080496274 ], [ 76.645260369370646, 28.989569468356422 ], [ 76.620238098609491, 28.997084120635691 ], [ 76.614970029243523, 28.975142866050589 ], [ 76.594259145243541, 28.982524328734883 ], [ 76.585032689207367, 28.977715102470029 ], [ 76.540200772947287, 28.99873294397031 ] ] ] } },
{ "type": "Feature", "properties": { "pincode": "124401", "state": "Haryana", "district": "Rohtak", "officename": "Bhalaut", "officetype": "S.O" }, "geometry": { "type": "Polygon", "coordinates": [ [ [ 76.602806471041788, 28.947085563248265 ], [ 76.604750411402449, 28.974319081660383 ], [ 76.617765107773721, 28.9775163244189 ], [ 76.620238098609491, 28.997084120635691 ], [ 76.645260369370646, 28.989569468356422 ], [ 76.659077938196333, 29.001206080496274 ], [ 76.66664929452952, 28.987508943483022 ], [ 76.727631739713047, 28.97468187356958 ], [ 76.738997799808828, 28.966486221362231 ], [ 76.738261599493342, 28.952113537010234 ], [ 76.761604238844598, 28.9591068478029 ], [ 76.785221524853569, 28.924879701137399 ], [ 76.747066300469498, 28.886426366783496 ], [ 76.726251806475886, 28.882336053166455 ], [ 76.725386884397381, 28.868506085387651 ], [ 76.710018480568522, 28.862541757296299 ], [ 76.691987631124448, 28.873289033462243 ], [ 76.68894638476803, 28.888500274468186 ], [ 76.666611564372374, 28.894753870394993 ], [ 76.67681750712228, 28.927980932274181 ], [ 76.617353004237884, 28.925632717875772 ], [ 76.602806471041788, 28.947085563248265 ] ] ] } },
{ "type": "Feature", "properties": { "pincode": "124404", "state": "Haryana", "district": "Jhajjar, Rohtak", "officename": "Hassangarh", "officetype": "S.O" }, "geometry": { "type": "Polygon", "coordinates": [ [ [ 76.77677031230013, 28.859514453129691 ], [ 76.778296772078477, 28.872906904330307 ], [ 76.80088139625957, 28.875344262228055 ], [ 76.819089547944316, 28.891452551793918 ], [ 76.823095739876635, 28.873447043446333 ], [ 76.847577453336839, 28.861043467881814 ], [ 76.852565990927872, 28.83037501499507 ], [ 76.867735881106171, 28.841425638782312 ], [ 76.881020022456141, 28.830689399995947 ], [ 76.885663586405485, 28.807126461816836 ], [ 76.843462759998431, 28.822848618468981 ], [ 76.820122960706044, 28.814208229026633 ], [ 76.809905931113917, 28.824303753915274 ], [ 76.820609825782867, 28.831813520177946 ], [ 76.820371374139711, 28.847149821806966 ], [ 76.800660233183294, 28.840414771124813 ], [ 76.77677031230013, 28.859514453129691 ] ] ] } },
{ "type": "Feature", "properties": { "pincode": "124406", "state": "Haryana", "district": "Rohtak", "officename": "Kansala", "officetype": "S.O" }, "geometry": { "type": "Polygon", "coordinates": [ [ [ 76.778296772078477, 28.872906904330307 ], [ 76.747066300469498, 28.886426366783496 ], [ 76.756500636595149, 28.901432297063025 ], [ 76.784666717794948, 28.928773079414213 ], [ 76.820773258679026, 28.924444236812178 ], [ 76.826069153069113, 28.917564928578713 ], [ 76.819089547944316, 28.891452551793918 ], [ 76.80088139625957, 28.875344262228055 ], [ 76.778296772078477, 28.872906904330307 ] ] ] } },
{ "type": "Feature", "properties": { "pincode": "124411", "state": "Haryana", "district": "Rohtak", "officename": "Anwal", "officetype": "S.O" }, "geometry": { "type": "Polygon", "coordinates": [ [ [ 76.43997521328572, 28.84253859837753 ], [ 76.434199756313831, 28.869004637154433 ], [ 76.459498073077782, 28.884942768693975 ], [ 76.476441852609582, 28.884763760439341 ], [ 76.477464573331588, 28.871466334303875 ], [ 76.50988576801393, 28.877084593379436 ], [ 76.524610464101784, 28.866371620054281 ], [ 76.493868184968733, 28.843822863534513 ], [ 76.498416663598221, 28.826508676634148 ], [ 76.480413848720275, 28.800674273998709 ], [ 76.432648417690416, 28.807626841905346 ], [ 76.428822441802311, 28.826486828504414 ], [ 76.43997521328572, 28.84253859837753 ] ] ] } },
{ "type": "Feature", "properties": { "pincode": "124412", "state": "Haryana", "district": "Rohtak", "officename": "Kahnaur", "officetype": "S.O" }, "geometry": { "type": "Polygon", "coordinates": [ [ [ 76.485640079825941, 28.802896366574032 ], [ 76.49957996904044, 28.831887904902999 ], [ 76.493868184968733, 28.843822863534513 ], [ 76.53468246452428, 28.864205767482304 ], [ 76.518179203507486, 28.832468652006924 ], [ 76.532367302009391, 28.82564381930689 ], [ 76.536949969265777, 28.806913644449196 ], [ 76.554340419574885, 28.804926783044721 ], [ 76.560707543218655, 28.796127048124788 ], [ 76.546407509698838, 28.781268872860437 ], [ 76.552943324574812, 28.767160860785225 ], [ 76.542483513103832, 28.749604589880107 ], [ 76.512951064040521, 28.734029198988424 ], [ 76.456181792455936, 28.733852439038969 ], [ 76.44719746269277, 28.759735659573153 ], [ 76.456044778044031, 28.783765612093418 ], [ 76.466043642899933, 28.800314980452129 ], [ 76.485640079825941, 28.802896366574032 ] ] ] } },
{ "type": "Feature", "properties": { "pincode": "124501", "state": "Haryana", "district": "Jhajjar, Rohtak", "officename": "Sampla", "officetype": "S.O" }, "geometry": { "type": "Polygon", "coordinates": [ [ [ 76.705760441591281, 28.74332282808615 ], [ 76.683421556259873, 28.74454786389299 ], [ 76.686941320185895, 28.76504203016566 ], [ 76.710436920727489, 28.791793331197425 ], [ 76.706802971679849, 28.848247376915083 ], [ 76.710102337852845, 28.862565100099403 ], [ 76.725386884397381, 28.868506085387651 ], [ 76.726251806475886, 28.882336053166455 ], [ 76.747302392291658, 28.886512989482924 ], [ 76.773132979103934, 28.880116683737981 ], [ 76.77677031230013, 28.859514453129691 ], [ 76.800660233183294, 28.840414771124813 ], [ 76.820371374139711, 28.847149821806966 ], [ 76.820609825782867, 28.831813520177946 ], [ 76.809905931113917, 28.824303753915274 ], [ 76.821631339614783, 28.813640701057693 ], [ 76.803026327003522, 28.783310499380207 ], [ 76.818974730599507, 28.779396733472538 ], [ 76.819887414772381, 28.762338977462036 ], [ 76.777566500093883, 28.722116182915556 ], [ 76.776052158680216, 28.711635783264853 ], [ 76.79441352066749, 28.700290261886323 ], [ 76.801451090695366, 28.685511433805686 ], [ 76.751030493162887, 28.679515326371302 ], [ 76.737633467110982, 28.694466423187009 ], [ 76.748862739423885, 28.708749233790229 ], [ 76.744317276221409, 28.718225325438482 ], [ 76.705760441591281, 28.74332282808615 ] ] ] } },
{ "type": "Feature", "properties": { "pincode": "124504", "state": "Haryana", "district": "Jhajjar", "officename": "Charra", "officetype": "S.O" }, "geometry": { "type": "Polygon", "coordinates": [ [ [ 76.676569111675349, 28.706852709285329 ], [ 76.688344937968623, 28.719202804865688 ], [ 76.691855052168989, 28.741841591616321 ], [ 76.705760441591281, 28.74332282808615 ], [ 76.738000475041872, 28.724862296058177 ], [ 76.748862739423885, 28.708749233790229 ], [ 76.737633467110982, 28.694466423187009 ], [ 76.761454503522657, 28.66079442352401 ], [ 76.758900058391134, 28.649033220207002 ], [ 76.743784957609819, 28.640364860949546 ], [ 76.726474512788627, 28.656652101213581 ], [ 76.732312814385125, 28.670611198148322 ], [ 76.698673036531488, 28.667883533698273 ], [ 76.68499361796114, 28.674462388328607 ], [ 76.682774637039813, 28.705633644077636 ], [ 76.676569111675349, 28.706852709285329 ] ] ] } },
{ "type": "Feature", "properties": { "pincode": "124505", "state": "Haryana", "district": "Jhajjar", "officename": "Assaudha", "officetype": "S.O" }, "geometry": { "type": "Polygon", "coordinates": [ [ [ 76.843462759998431, 28.822848618468981 ], [ 76.877966463481584, 28.806725338103945 ], [ 76.904460630353867, 28.812353619224211 ], [ 76.926248888675332, 28.801040694672395 ], [ 76.929793436118302, 28.796554182029922 ], [ 76.918899173857824, 28.795754256653709 ], [ 76.913322559688424, 28.776769480127541 ], [ 76.929550985189792, 28.750390330249559 ], [ 76.925574971807634, 28.728899885121791 ], [ 76.897436635592214, 28.73452810149081 ], [ 76.878727947337097, 28.730473940619959 ], [ 76.877750319521795, 28.722710869510991 ], [ 76.836319954902081, 28.71861887865839 ], [ 76.831405925243303, 28.733476290398528 ], [ 76.807474427802674, 28.748220079992734 ], [ 76.822066374063979, 28.77168865950415 ], [ 76.817940790834939, 28.780179641876998 ], [ 76.803026327003522, 28.783310499380207 ], [ 76.81478229446742, 28.797477983622116 ], [ 76.811314244257005, 28.803855938700679 ], [ 76.825294695593868, 28.820116615689415 ], [ 76.843462759998431, 28.822848618468981 ] ] ] } },
{ "type": "Feature", "properties": { "pincode": "124506", "state": "Haryana", "district": "Jhajjar", "officename": "Mandothi", "officetype": "S.O" }, "geometry": { "type": "Polygon", "coordinates": [ [ [ 76.795397656876446, 28.698389912564494 ], [ 76.776052158680216, 28.711635783264853 ], [ 76.777566500093883, 28.722116182915556 ], [ 76.807474427802674, 28.748220079992734 ], [ 76.831405925243303, 28.733476290398528 ], [ 76.838014806438139, 28.709529852520802 ], [ 76.830497031712753, 28.702120444303148 ], [ 76.840572584457391, 28.679172298862682 ], [ 76.800775581128335, 28.676814739608574 ], [ 76.795397656876446, 28.698389912564494 ] ] ] } },
{ "type": "Feature", "properties": { "pincode": "124507", "state": "Haryana", "district": "Jhajjar", "officename": "Bahadurgarh", "officetype": "H.O" }, "geometry": { "type": "Polygon", "coordinates": [ [ [ 76.908872753774631, 28.702168561629946 ], [ 76.93723033571149, 28.720296925462833 ], [ 76.955441911115486, 28.722856464354379 ], [ 76.948291500452626, 28.712928984984785 ], [ 76.967899334486731, 28.695855701279584 ], [ 76.959541616352624, 28.680269174982584 ], [ 76.943023865459168, 28.67865319309044 ], [ 76.914966186740287, 28.685349040525921 ], [ 76.908872753774631, 28.702168561629946 ] ] ] } },
{ "type": "Feature", "properties": { "pincode": "124508", "state": "Haryana", "district": "Jhajjar", "officename": "Bahadurgarh Mandi", "officetype": "S.O" }, "geometry": { "type": "Polygon", "coordinates": [ [ [ 76.840572584457391, 28.679172298862682 ], [ 76.830497031712753, 28.702120444303148 ], [ 76.836319954902081, 28.71861887865839 ], [ 76.877750319521795, 28.722710869510991 ], [ 76.878727947337097, 28.730473940619959 ], [ 76.897436635592214, 28.73452810149081 ], [ 76.925574971807634, 28.728899885121791 ], [ 76.929550985189792, 28.750390330249559 ], [ 76.913322559688424, 28.776769480127541 ], [ 76.918899173857824, 28.795754256653709 ], [ 76.929793436118302, 28.796554182029922 ], [ 76.904460630353867, 28.812353619224211 ], [ 76.94967273410947, 28.818373658517601 ], [ 76.940728026677334, 28.798020431297914 ], [ 76.952672157494192, 28.790200507747215 ], [ 76.948333706535323, 28.776167492835725 ], [ 76.95508240802684, 28.767115662657886 ], [ 76.944209499269164, 28.752600598538834 ], [ 76.958242514180824, 28.74199549529601 ], [ 76.959795153223808, 28.729623023683587 ], [ 76.948155413241807, 28.717064899625427 ], [ 76.93723033571149, 28.720296925462833 ], [ 76.908872753774631, 28.702168561629946 ], [ 76.914966186740287, 28.685349040525921 ], [ 76.958811904645927, 28.680262088324923 ], [ 76.956731810524786, 28.668245904724813 ], [ 76.934913439303784, 28.662210153376122 ], [ 76.926512158909077, 28.645433850092331 ], [ 76.947597361429189, 28.632367885169856 ], [ 76.937327091072575, 28.612314720348195 ], [ 76.92062929050951, 28.628105820826988 ], [ 76.908831221283947, 28.618253742416471 ], [ 76.889971554843498, 28.626504845922 ], [ 76.867783711549066, 28.579494353481834 ], [ 76.844555813100328, 28.576096839797401 ], [ 76.844711001011945, 28.590871481533725 ], [ 76.817129951286404, 28.613470646852932 ], [ 76.771783900706453, 28.614426151345867 ], [ 76.761298195955078, 28.641653812473578 ], [ 76.75406987072796, 28.64370640622576 ], [ 76.761454503522657, 28.66079442352401 ], [ 76.745617641940726, 28.67564869213362 ], [ 76.801451090695366, 28.685511433805686 ], [ 76.800775581128335, 28.676814739608574 ], [ 76.840572584457391, 28.679172298862682 ] ] ] } },
{ "type": "Feature", "properties": { "pincode": "124513", "state": "Haryana", "district": "Rohtak", "officename": "Nindana", "officetype": "S.O" }, "geometry": { "type": "Polygon", "coordinates": [ [ [ 76.34032758315152, 28.989780386355733 ], [ 76.332048526918072, 29.020503714075176 ], [ 76.377223941032128, 29.038460431503893 ], [ 76.420861942524766, 29.003107364213577 ], [ 76.398196864094189, 28.996755870786899 ], [ 76.393572836117642, 28.983161272674579 ], [ 76.361834553321955, 28.975423218007336 ], [ 76.34032758315152, 28.989780386355733 ] ] ] } },
{ "type": "Feature", "properties": { "pincode": "124514", "state": "Haryana", "district": "Rohtak", "officename": "Lakhan Majra", "officetype": "S.O" }, "geometry": { "type": "Polygon", "coordinates": [ [ [ 76.42055428894929, 29.003107182550536 ], [ 76.375991321242566, 29.039847236460844 ], [ 76.378902447390203, 29.070122308797579 ], [ 76.403961772018192, 29.079187246594245 ], [ 76.444626372009509, 29.058779230876894 ], [ 76.467507762573291, 29.072931130767074 ], [ 76.473685638281722, 29.089468989602324 ], [ 76.51904076212162, 29.065944170986938 ], [ 76.549214174194901, 29.092902684811236 ], [ 76.560704327242945, 29.077768189250605 ], [ 76.54724509058849, 29.040763500834885 ], [ 76.549303153118103, 29.018603537423417 ], [ 76.538972671351928, 29.000461458029974 ], [ 76.524890863722476, 28.994929659776062 ], [ 76.53258122734178, 28.989694251988226 ], [ 76.529398911530734, 28.974829713120869 ], [ 76.546307508684833, 28.958470939882091 ], [ 76.507191388372064, 28.929713120064491 ], [ 76.482446594434975, 28.943167609197985 ], [ 76.469014882430997, 28.933924045358481 ], [ 76.462129041522132, 28.959841512076309 ], [ 76.494109545019626, 28.991496502361883 ], [ 76.479193084693179, 29.003053947182082 ], [ 76.42055428894929, 29.003107182550536 ] ] ] } },
{ "type": "Feature", "properties": { "pincode": "125001", "state": "Haryana", "district": "Hisar", "officename": "Hisar", "officetype": "H.O" }, "geometry": { "type": "Polygon", "coordinates": [ [ [ 75.698282464764077, 29.085217995014546 ], [ 75.760396909989595, 29.082652100614098 ], [ 75.783742865141221, 29.064276112952257 ], [ 75.774659926514573, 29.045736475657918 ], [ 75.80227596076702, 29.001162681912319 ], [ 75.787817045820077, 28.925348686792461 ], [ 75.772539442941138, 28.91811707004689 ], [ 75.762147173253481, 28.8965826804465 ], [ 75.747408441446566, 28.90294957566249 ], [ 75.696078215637158, 28.902498695158727 ], [ 75.662774598069291, 28.930731333384415 ], [ 75.633893486595184, 28.970624770117126 ], [ 75.603454621633489, 28.991210906458321 ], [ 75.533665667836544, 28.969605445235175 ], [ 75.525458999833063, 28.972185000337674 ], [ 75.514114000061113, 29.011992999677432 ], [ 75.443680000331938, 29.013504000109606 ], [ 75.449547000193888, 29.038482999990549 ], [ 75.439270000210456, 29.061718000385326 ], [ 75.389618000170572, 29.067403999994838 ], [ 75.389755000193134, 29.107838000323568 ], [ 75.405296000110468, 29.125544000255388 ], [ 75.393829674599885, 29.13138379292792 ], [ 75.412736325221374, 29.161534075337499 ], [ 75.448607786020602, 29.14846342764514 ], [ 75.47247013279042, 29.178321960090386 ], [ 75.49301203417815, 29.181162164802174 ], [ 75.507644117182394, 29.17269057810779 ], [ 75.527948437470627, 29.181050750491863 ], [ 75.569809882220341, 29.178192257166984 ], [ 75.586393203583725, 29.207432497611705 ], [ 75.611846567065527, 29.204936334844035 ], [ 75.638875184841993, 29.219833639610897 ], [ 75.673047650029162, 29.217841390367994 ], [ 75.710276319097034, 29.17817503694846 ], [ 75.729419929386381, 29.178317514741593 ], [ 75.733729001292431, 29.161691430615065 ], [ 75.77265216126824, 29.158174669525465 ], [ 75.76748939891678, 29.148918167139868 ], [ 75.752479728356775, 29.141620901683268 ], [ 75.732045205122233, 29.148497473279861 ], [ 75.735189704441439, 29.141494612586428 ], [ 75.721389908917217, 29.127650075790484 ], [ 75.709444293319677, 29.13135338235287 ], [ 75.719696788576016, 29.153817750988594 ], [ 75.638912167662568, 29.18865951682335 ], [ 75.609053195448666, 29.188769815974297 ], [ 75.597016133187992, 29.160836742821459 ], [ 75.585041977605329, 29.151844302073016 ], [ 75.612236099416634, 29.119834524743624 ], [ 75.613662733548381, 29.096567095695093 ], [ 75.644021673061786, 29.088192843525007 ], [ 75.655927017018314, 29.072133016625571 ], [ 75.684075030838187, 29.073717873880923 ], [ 75.698282464764077, 29.085217995014546 ] ] ] } },
{ "type": "Feature", "properties": { "pincode": "125004", "state": "Haryana", "district": "Hisar", "officename": "Ha U Hisar", "officetype": "S.O" }, "geometry": { "type": "Polygon", "coordinates": [ [ [ 75.609053195448666, 29.188769815974297 ], [ 75.638912167662568, 29.18865951682335 ], [ 75.719696788576016, 29.153817750988594 ], [ 75.709444293319677, 29.13135338235287 ], [ 75.687431208983185, 29.135721023506505 ], [ 75.682963705310783, 29.114369602774957 ], [ 75.707400350146031, 29.11154874967508 ], [ 75.718693181145625, 29.125034738462489 ], [ 75.722939500157963, 29.088299126303639 ], [ 75.698282464764077, 29.085217995014546 ], [ 75.684075030838187, 29.073717873880923 ], [ 75.655927017018314, 29.072133016625571 ], [ 75.644021673061786, 29.088192843525007 ], [ 75.613662733548381, 29.096567095695093 ], [ 75.612236099416634, 29.119834524743624 ], [ 75.585041977605329, 29.151844302073016 ], [ 75.597016133187992, 29.160836742821459 ], [ 75.609053195448666, 29.188769815974297 ] ] ] } },
{ "type": "Feature", "properties": { "pincode": "125005", "state": "Haryana", "district": "Hisar", "officename": "Modle Town Hisar", "officetype": "S.O" }, "geometry": { "type": "Polygon", "coordinates": [ [ [ 75.778181518762267, 29.169468266747117 ], [ 75.754569420042799, 29.181174793082278 ], [ 75.730733201276394, 29.181007405867092 ], [ 75.781783899807294, 29.250562342578121 ], [ 75.834795214827466, 29.25132982131413 ], [ 75.831451602909283, 29.228049569732036 ], [ 75.850356306498497, 29.231067579405305 ], [ 75.845029927789028, 29.223279363252232 ], [ 75.870200050691722, 29.216573447007022 ], [ 75.89615754983123, 29.189112200467719 ], [ 75.833958270657831, 29.158059025703665 ], [ 75.819981401320717, 29.179044307249228 ], [ 75.793828685445476, 29.184515492995786 ], [ 75.778181518762267, 29.169468266747117 ] ] ] } },
{ "type": "Feature", "properties": { "pincode": "125006", "state": "Haryana", "district": "Hisar", "officename": "Hisar Cantt", "officetype": "S.O" }, "geometry": { "type": "Polygon", "coordinates": [ [ [ 75.780303789288496, 29.139559731996087 ], [ 75.794405202138535, 29.138338990452155 ], [ 75.786454877790334, 29.14925503339316 ], [ 75.809640127689875, 29.140805408143194 ], [ 75.812114393764375, 29.147346360845859 ], [ 75.835886020523503, 29.145061527067867 ], [ 75.847366406034894, 29.115073108237425 ], [ 75.827401747093063, 29.102308987270135 ], [ 75.818045155559673, 29.060570414193421 ], [ 75.828109545919006, 29.056905751499414 ], [ 75.828392853047887, 29.038726790009491 ], [ 75.844021789573958, 29.024642225058699 ], [ 75.835277499656911, 29.01262918638804 ], [ 75.810428149639449, 29.001803776223483 ], [ 75.800475717680342, 29.003158162419368 ], [ 75.774659926514573, 29.045736475657918 ], [ 75.783742865141221, 29.064276112952257 ], [ 75.75626716919453, 29.087120430763377 ], [ 75.76929127337371, 29.092751055516828 ], [ 75.782961029627927, 29.116840333614618 ], [ 75.793431808331377, 29.120378362771191 ], [ 75.810025028532436, 29.11279986761997 ], [ 75.77896320768599, 29.128634525862708 ], [ 75.780303789288496, 29.139559731996087 ] ] ] } },
{ "type": "Feature", "properties": { "pincode": "125007", "state": "Haryana", "district": "Hisar", "officename": "Azad Nagar Hisar", "officetype": "S.O" }, "geometry": { "type": "Polygon", "coordinates": [ [ [ 75.707400350146031, 29.11154874967508 ], [ 75.682963705310783, 29.114369602774957 ], [ 75.687431208983185, 29.135721023506505 ], [ 75.721389908917217, 29.127650075790484 ], [ 75.707400350146031, 29.11154874967508 ] ] ] } },
{ "type": "Feature", "properties": { "pincode": "125037", "state": "Haryana", "district": "Hisar", "officename": "Nalwa", "officetype": "S.O" }, "geometry": { "type": "Polygon", "coordinates": [ [ [ 75.787817045820077, 28.925348686792461 ], [ 75.798088613898528, 28.998511770102084 ], [ 75.850577921034301, 29.019823650341323 ], [ 75.862393662837405, 29.040938879425823 ], [ 75.900969966890557, 29.018470239909789 ], [ 75.880677952025849, 28.978835095663328 ], [ 75.847326988749671, 28.950600592243575 ], [ 75.835382454137061, 28.914740840617526 ], [ 75.812668338373328, 28.913262318301406 ], [ 75.787817045820077, 28.925348686792461 ] ] ] } },
{ "type": "Feature", "properties": { "pincode": "125038", "state": "Haryana", "district": "Hisar", "officename": "Khanda Kheri", "officetype": "S.O" }, "geometry": { "type": "Polygon", "coordinates": [ [ [ 76.17446678641312, 29.194588210177926 ], [ 76.154796208478274, 29.207943365593962 ], [ 76.173128895582124, 29.230041526695288 ], [ 76.222928631751074, 29.236348107079607 ], [ 76.224948807641454, 29.218192712324026 ], [ 76.292180608448405, 29.201072892300203 ], [ 76.300603559806632, 29.18842970586644 ], [ 76.305903683708209, 29.145255285103474 ], [ 76.227700597304761, 29.133818865648266 ], [ 76.182185399536706, 29.151319677161496 ], [ 76.188432664236018, 29.166548367713119 ], [ 76.17446678641312, 29.194588210177926 ] ] ] } },
{ "type": "Feature", "properties": { "pincode": "125039", "state": "Haryana", "district": "Hisar", "officename": "Narnaund", "officetype": "S.O" }, "geometry": { "type": "Polygon", "coordinates": [ [ [ 76.038306947407818, 29.217987664199427 ], [ 76.037304619712472, 29.240845965569008 ], [ 76.022293040791396, 29.249945843825799 ], [ 76.018702156679183, 29.263713035328522 ], [ 76.029249910155329, 29.312252179194729 ], [ 76.042630790678572, 29.312831609691216 ], [ 76.051086016906197, 29.335548695915634 ], [ 76.064666736680579, 29.34524459086532 ], [ 76.073209043362681, 29.382813300793373 ], [ 76.091125536814161, 29.412110396377727 ], [ 76.112005984388702, 29.410781336889329 ], [ 76.131129987658937, 29.398256382526085 ], [ 76.153389622932821, 29.427149445090947 ], [ 76.191753097927233, 29.415297984914162 ], [ 76.197478837678375, 29.401895465803079 ], [ 76.188597998299088, 29.393684707683292 ], [ 76.190943104640553, 29.363153576776256 ], [ 76.176613043657028, 29.346510758065222 ], [ 76.199372049080921, 29.32562511150968 ], [ 76.183287428772019, 29.287595739152209 ], [ 76.222928631751074, 29.236348107079607 ], [ 76.173128895582124, 29.230041526695288 ], [ 76.149834886171163, 29.203209828071294 ], [ 76.090462297597014, 29.170195401896365 ], [ 76.074633532611529, 29.208834218724405 ], [ 76.060319327575144, 29.219212543524179 ], [ 76.038306947407818, 29.217987664199427 ] ] ] } },
{ "type": "Feature", "properties": { "pincode": "125042", "state": "Haryana", "district": "Hisar", "officename": "Bass", "officetype": "S.O" }, "geometry": { "type": "Polygon", "coordinates": [ [ [ 76.112186862333886, 29.104049527064205 ], [ 76.116418337136565, 29.138512380641998 ], [ 76.136642187886764, 29.145662351536487 ], [ 76.153559950031706, 29.139545484936207 ], [ 76.182185399536706, 29.151319677161496 ], [ 76.227700597304761, 29.133818865648266 ], [ 76.305903683708209, 29.145255285103474 ], [ 76.320228230948089, 29.116287979007097 ], [ 76.304695992226414, 29.098018898253656 ], [ 76.301351143740419, 29.073815026742182 ], [ 76.28138401436081, 29.051012249515736 ], [ 76.236499813315902, 29.038222523950537 ], [ 76.243683480908032, 29.002001511060882 ], [ 76.238751357789056, 28.983909983459 ], [ 76.217697425595873, 28.968574944478291 ], [ 76.195455938640748, 28.98366940222121 ], [ 76.18948438449678, 28.996455611437227 ], [ 76.196970632588773, 29.010695725827134 ], [ 76.188010438830815, 29.029283686393057 ], [ 76.16041422024017, 29.028485377098491 ], [ 76.168980803221643, 29.060370129777709 ], [ 76.112186862333886, 29.104049527064205 ] ] ] } },
{ "type": "Feature", "properties": { "pincode": "125044", "state": "Haryana", "district": "Hisar", "officename": "Satroad Khurd", "officetype": "S.O" }, "geometry": { "type": "Polygon", "coordinates": [ [ [ 75.723236526444509, 29.082924311008242 ], [ 75.718693181145625, 29.125034738462489 ], [ 75.735049013601326, 29.14122627827021 ], [ 75.732045205122233, 29.148497473279861 ], [ 75.756578662875029, 29.142063130708948 ], [ 75.77265216126824, 29.158174669525465 ], [ 75.733729001292431, 29.161691430615065 ], [ 75.727047550204418, 29.171680563007612 ], [ 75.730733201276394, 29.181007405867092 ], [ 75.754569420042799, 29.181174793082278 ], [ 75.774582252069422, 29.169101126615885 ], [ 75.786341270933121, 29.172709880256832 ], [ 75.792027419829708, 29.184456451604092 ], [ 75.819981401320717, 29.179044307249228 ], [ 75.833958270657831, 29.158059025703665 ], [ 75.896163418806907, 29.188110210917671 ], [ 75.888403278588498, 29.159102436228579 ], [ 75.902475254829312, 29.141449741812323 ], [ 75.909347131964523, 29.143543874350428 ], [ 75.906978715195692, 29.103413364635117 ], [ 75.875218377426336, 29.102024787114431 ], [ 75.858644191376413, 29.082194771071897 ], [ 75.867730899961089, 29.07210960817207 ], [ 75.864327859043613, 29.059071735372527 ], [ 75.837906465311335, 29.047158011533099 ], [ 75.818045155559673, 29.060570414193421 ], [ 75.827401747093063, 29.102308987270135 ], [ 75.847366406034894, 29.115073108237425 ], [ 75.835886020523503, 29.145061527067867 ], [ 75.812114393764375, 29.147346360845859 ], [ 75.809640127689875, 29.140805408143194 ], [ 75.786454877790334, 29.14925503339316 ], [ 75.794405202138535, 29.138338990452155 ], [ 75.780303789288496, 29.139559731996087 ], [ 75.77896320768599, 29.128634525862708 ], [ 75.810025028532436, 29.11279986761997 ], [ 75.793431808331377, 29.120378362771191 ], [ 75.782961029627927, 29.116840333614618 ], [ 75.76554324352594, 29.088780164672983 ], [ 75.757117678738041, 29.089532058158056 ], [ 75.760396909989595, 29.082652100614098 ], [ 75.723236526444509, 29.082924311008242 ] ] ] } },
{ "type": "Feature", "properties": { "pincode": "125047", "state": "Haryana", "district": "Fatehabad, Hisar", "officename": "Agroha", "officetype": "S.O" }, "geometry": { "type": "Polygon", "coordinates": [ [ [ 75.596112129271432, 29.35198964560584 ], [ 75.573654675522903, 29.362093964964629 ], [ 75.602048870659019, 29.376035999961573 ], [ 75.574852987075815, 29.413866540308618 ], [ 75.581904936363799, 29.430197927392555 ], [ 75.594440421788079, 29.436574707057218 ], [ 75.589267982731258, 29.453319554753762 ], [ 75.596160655789731, 29.47265048123478 ], [ 75.670600601036938, 29.465531859807527 ], [ 75.687248843559473, 29.43929821484079 ], [ 75.685433416319086, 29.428643639892243 ], [ 75.696787371540097, 29.424519789656586 ], [ 75.717929866270481, 29.390935625878626 ], [ 75.721299117860042, 29.36945056499161 ], [ 75.763523225016854, 29.329234788754604 ], [ 75.756057937423975, 29.314762202313887 ], [ 75.737084874567529, 29.316854392316486 ], [ 75.710402272746876, 29.307146694664311 ], [ 75.689116936897221, 29.287921952036641 ], [ 75.670733840094783, 29.285681429654403 ], [ 75.659677104514856, 29.269642383389225 ], [ 75.623097683011679, 29.27227478895054 ], [ 75.595904886801179, 29.303858146436482 ], [ 75.596112129271432, 29.35198964560584 ] ] ] } },
{ "type": "Feature", "properties": { "pincode": "125048", "state": "Haryana", "district": "Fatehabad", "officename": "Badopal", "officetype": "S.O" }, "geometry": { "type": "Polygon", "coordinates": [ [ [ 75.536852093549328, 29.413134207077974 ], [ 75.53299493097137, 29.440381906000198 ], [ 75.551007289454901, 29.455526941615119 ], [ 75.50922085985502, 29.483139482900981 ], [ 75.530196465594429, 29.495313376111426 ], [ 75.569599401291498, 29.48230132734443 ], [ 75.577532431676445, 29.456902567099917 ], [ 75.590353481528098, 29.459169100573718 ], [ 75.594440421788079, 29.436574707057218 ], [ 75.581904936363799, 29.430197927392555 ], [ 75.574852987075815, 29.413866540308618 ], [ 75.602048870659019, 29.376035999961573 ], [ 75.573654675522903, 29.362093964964629 ], [ 75.528027934841418, 29.378026140294253 ], [ 75.522414386414994, 29.402831653757971 ], [ 75.536852093549328, 29.413134207077974 ] ] ] } },
{ "type": "Feature", "properties": { "pincode": "125049", "state": "Haryana", "district": "Hisar", "officename": "Sisai (Hisar)", "officetype": "S.O" }, "geometry": { "type": "Polygon", "coordinates": [ [ [ 75.965111119782478, 29.263616522784275 ], [ 76.005411586075866, 29.302242939759935 ], [ 76.029249910155329, 29.312252179194729 ], [ 76.021985895332989, 29.250699173528233 ], [ 76.038666997284281, 29.237534252603837 ], [ 76.034170813332366, 29.219483440008787 ], [ 76.062959239777229, 29.218351152184027 ], [ 76.081570708621371, 29.201389166776664 ], [ 76.089894248021267, 29.184484818919373 ], [ 76.086655111244511, 29.157285928902525 ], [ 76.061268657322728, 29.151710377731888 ], [ 76.040098321380526, 29.159988765769015 ], [ 76.034290125488951, 29.141156704018783 ], [ 76.013836194884618, 29.145210094170693 ], [ 76.005715691825856, 29.162943245534393 ], [ 76.017689743087317, 29.174764687240611 ], [ 75.96448007359669, 29.193914553214086 ], [ 75.973231569781319, 29.217105092925749 ], [ 75.953921146044138, 29.240372611007274 ], [ 75.965111119782478, 29.263616522784275 ] ] ] } },
{ "type": "Feature", "properties": { "pincode": "125050", "state": "Haryana", "district": "Fatehabad", "officename": "Fatehabad (Fatehabad)", "officetype": "S.O" }, "geometry": { "type": "Polygon", "coordinates": [ [ [ 75.297368975597806, 29.487076764281369 ], [ 75.278579637040821, 29.514171173760758 ], [ 75.301397276463319, 29.525346940009342 ], [ 75.29604136581662, 29.53588246810159 ], [ 75.30365157915719, 29.547939621216642 ], [ 75.30042300042129, 29.559372000017788 ], [ 75.31470499983601, 29.581206999703284 ], [ 75.290427999952385, 29.607784000431423 ], [ 75.31745099966389, 29.630203000068434 ], [ 75.327736000016444, 29.668348000060178 ], [ 75.347596360084083, 29.663237175355391 ], [ 75.368287069592782, 29.631969854025613 ], [ 75.363863325132456, 29.623703951276468 ], [ 75.379964858091853, 29.615854150448627 ], [ 75.395755272387987, 29.639061850124278 ], [ 75.381115411147505, 29.66635764568889 ], [ 75.407924026872365, 29.688670018107018 ], [ 75.42715933383613, 29.681736315278727 ], [ 75.436050872449982, 29.66713010397109 ], [ 75.431436568842685, 29.637971928461809 ], [ 75.468926999081873, 29.588516859265724 ], [ 75.465679409577206, 29.578335634382086 ], [ 75.487689486580678, 29.563542762488623 ], [ 75.557144899817445, 29.578966288463619 ], [ 75.596557853961826, 29.571559303918775 ], [ 75.594663098423439, 29.538646152198282 ], [ 75.572937378956965, 29.501294366841705 ], [ 75.577479561432767, 29.486642423209275 ], [ 75.569599401291498, 29.48230132734443 ], [ 75.530196465594429, 29.495313376111426 ], [ 75.50922085985502, 29.483139482900981 ], [ 75.551007289454901, 29.455526941615119 ], [ 75.53299493097137, 29.440381906000198 ], [ 75.535935850759074, 29.411313147383964 ], [ 75.522414386414994, 29.402831653757971 ], [ 75.503304538473742, 29.405796946971634 ], [ 75.480016684022871, 29.364092875485824 ], [ 75.464554401764417, 29.370605464470771 ], [ 75.462487837044193, 29.385033862722707 ], [ 75.44944070572393, 29.376936912908263 ], [ 75.440994633695368, 29.384983357695887 ], [ 75.427059754603988, 29.406580403962664 ], [ 75.422024740049721, 29.437922470645617 ], [ 75.396809663635167, 29.440195633921519 ], [ 75.394033972689783, 29.460380921742285 ], [ 75.30848610874699, 29.440841390317985 ], [ 75.295335122817789, 29.45658686009574 ], [ 75.297368975597806, 29.487076764281369 ] ] ] } },
{ "type": "Feature", "properties": { "pincode": "125051", "state": "Haryana", "district": "Fatehabad", "officename": "Rattia", "officetype": "S.O" }, "geometry": { "type": "Polygon", "coordinates": [ [ [ 75.360481000098162, 29.656857999896943 ], [ 75.345420999879366, 29.691489999763746 ], [ 75.372063000007529, 29.710479999552376 ], [ 75.38890799980453, 29.70886999995065 ], [ 75.407486000378753, 29.758589000382017 ], [ 75.420280000421769, 29.772874999981354 ], [ 75.454139999761423, 29.7836909996401 ], [ 75.445839000069896, 29.796375000006378 ], [ 75.454659000312745, 29.805374000409927 ], [ 75.516716000443182, 29.771443999640894 ], [ 75.522072000122876, 29.757409999971685 ], [ 75.540610999797821, 29.770048000015322 ], [ 75.566833000342797, 29.763113000364683 ], [ 75.57918499978814, 29.73986100008517 ], [ 75.623657000170454, 29.743631000370442 ], [ 75.63308000034192, 29.750786000273933 ], [ 75.635864000123547, 29.770394999829421 ], [ 75.666938999635306, 29.773183999841876 ], [ 75.698152801410743, 29.748893701683073 ], [ 75.677243678952777, 29.71026093819188 ], [ 75.689121657438704, 29.675424001716408 ], [ 75.668280959898539, 29.667441694778461 ], [ 75.670233647964722, 29.654601171906677 ], [ 75.681205977673926, 29.64925621680112 ], [ 75.673229758246919, 29.635247775864286 ], [ 75.67790881304154, 29.627457842005981 ], [ 75.602319608862956, 29.597912560516363 ], [ 75.598261285030389, 29.578642494755456 ], [ 75.588773487806293, 29.571835213224688 ], [ 75.557144899817445, 29.578966288463619 ], [ 75.488789017499244, 29.562992309947276 ], [ 75.465679409577206, 29.578335634382086 ], [ 75.468926999081873, 29.588516859265724 ], [ 75.431436568842685, 29.637971928461809 ], [ 75.436050872449982, 29.66713010397109 ], [ 75.425686146298688, 29.683343620511835 ], [ 75.407924026872365, 29.688670018107018 ], [ 75.385918506733674, 29.674453369727416 ], [ 75.381154041525861, 29.665944595167105 ], [ 75.395513375441908, 29.636195288981469 ], [ 75.379964858091853, 29.615854150448627 ], [ 75.363863325132456, 29.623703951276468 ], [ 75.368287069592782, 29.631969854025613 ], [ 75.348715465646421, 29.657607043430232 ], [ 75.347596360084083, 29.663237175355391 ], [ 75.360481000098162, 29.656857999896943 ] ] ] } },
{ "type": "Feature", "properties": { "pincode": "125052", "state": "Haryana", "district": "Hisar", "officename": "Mandi Adampur", "officetype": "S.O" }, "geometry": { "type": "Polygon", "coordinates": [ [ [ 75.324135000330102, 29.233288000141272 ], [ 75.330967843291376, 29.297527807762208 ], [ 75.364496570160782, 29.312538550313946 ], [ 75.374963718301046, 29.332770602881112 ], [ 75.402391153029384, 29.344247544888333 ], [ 75.407809454143148, 29.365103916712428 ], [ 75.43027149443401, 29.362750040182277 ], [ 75.461770280574115, 29.385234765871758 ], [ 75.464554401764417, 29.370605464470771 ], [ 75.480016684022871, 29.364092875485824 ], [ 75.503304538473742, 29.405796946971634 ], [ 75.512596839272817, 29.40806566220067 ], [ 75.521132541333884, 29.406197307160028 ], [ 75.528027934841418, 29.378026140294253 ], [ 75.596112129271432, 29.35198964560584 ], [ 75.601135430156035, 29.294050684291676 ], [ 75.62084912968362, 29.272729404338691 ], [ 75.659677104514856, 29.269642383389225 ], [ 75.663657901391161, 29.252161477470338 ], [ 75.634943412708367, 29.213353154624372 ], [ 75.611846567065527, 29.204936334844035 ], [ 75.586393203583725, 29.207432497611705 ], [ 75.570558974317294, 29.178343792032535 ], [ 75.527948437470627, 29.181050750491863 ], [ 75.507644117182394, 29.17269057810779 ], [ 75.49301203417815, 29.181162164802174 ], [ 75.47247013279042, 29.178321960090386 ], [ 75.448607786020602, 29.14846342764514 ], [ 75.412736325221374, 29.161534075337499 ], [ 75.393829674599885, 29.13138379292792 ], [ 75.370223999737789, 29.139797000131523 ], [ 75.378090000053589, 29.167141000257061 ], [ 75.397713000254896, 29.167848999631701 ], [ 75.409843000254341, 29.186035000115226 ], [ 75.405693000431825, 29.210578999721065 ], [ 75.395355000332984, 29.218419999783293 ], [ 75.408669000074269, 29.237442000148178 ], [ 75.405045000226664, 29.259125000018798 ], [ 75.388855000058243, 29.261165999711295 ], [ 75.367249000141442, 29.251871000046719 ], [ 75.354522999636856, 29.22341299981008 ], [ 75.324135000330102, 29.233288000141272 ] ] ] } },
{ "type": "Feature", "properties": { "pincode": "125053", "state": "Haryana", "district": "Fatehabad", "officename": "Bhattu Kalan", "officetype": "S.O" }, "geometry": { "type": "Polygon", "coordinates": [ [ [ 75.273421049342119, 29.34536286070761 ], [ 75.231048666462868, 29.38908993375361 ], [ 75.246877913485037, 29.411489767938633 ], [ 75.301020511787328, 29.41820685196484 ], [ 75.312599841609597, 29.433396905842699 ], [ 75.30848610874699, 29.440841390317985 ], [ 75.388819477736831, 29.460599439012867 ], [ 75.396809663635167, 29.440195633921519 ], [ 75.422024740049721, 29.437922470645617 ], [ 75.427059754603988, 29.406580403962664 ], [ 75.44944070572393, 29.376936912908263 ], [ 75.429939084321404, 29.362649059806415 ], [ 75.407809454143148, 29.365103916712428 ], [ 75.402391153029384, 29.344247544888333 ], [ 75.374963718301046, 29.332770602881112 ], [ 75.364496570160782, 29.312538550313946 ], [ 75.288605000420603, 29.274242000168272 ], [ 75.280914000081111, 29.25177800025449 ], [ 75.250069812471907, 29.251216637138327 ], [ 75.241271120765646, 29.262231216997179 ], [ 75.247679350621581, 29.289953899153147 ], [ 75.233849353165169, 29.321486097805291 ], [ 75.246120954118908, 29.331666230911935 ], [ 75.262719881417524, 29.33089884210807 ], [ 75.273421049342119, 29.34536286070761 ] ] ] } },
{ "type": "Feature", "properties": { "pincode": "125054", "state": "Haryana", "district": "Sirsa", "officename": "Bahaudin", "officetype": "S.O" }, "geometry": { "type": "Polygon", "coordinates": [ [ [ 75.186377207242458, 29.469603320037322 ], [ 75.18184160960277, 29.487757798383711 ], [ 75.192418090122771, 29.50170697579648 ], [ 75.187843520362264, 29.511721227153032 ], [ 75.203921273448145, 29.536340053051106 ], [ 75.179869658957671, 29.552315535233902 ], [ 75.215747406917444, 29.568136863725329 ], [ 75.198467614588878, 29.579341267985342 ], [ 75.209773326577874, 29.620078293978167 ], [ 75.23101799958124, 29.604328000236933 ], [ 75.22090099978135, 29.580185000237577 ], [ 75.237877000223534, 29.556292000075928 ], [ 75.233162000426034, 29.543879999662352 ], [ 75.30042300042129, 29.559372000017788 ], [ 75.30365157915719, 29.547939621216642 ], [ 75.29604136581662, 29.53588246810159 ], [ 75.301397276463319, 29.525346940009342 ], [ 75.275966572299524, 29.510592975485622 ], [ 75.287824923081871, 29.495180161335327 ], [ 75.271863941567631, 29.496532735397523 ], [ 75.256341812125072, 29.479336124062968 ], [ 75.237797357162492, 29.473498353965908 ], [ 75.225982737713309, 29.455829681294858 ], [ 75.20731854071812, 29.470293296098816 ], [ 75.186377207242458, 29.469603320037322 ] ] ] } },
{ "type": "Feature", "properties": { "pincode": "125055", "state": "Haryana", "district": "Sirsa", "officename": "Sirsa", "officetype": "H.O" }, "geometry": { "type": "Polygon", "coordinates": [ [ [ 74.922043576449994, 29.542906428688809 ], [ 74.931707951061185, 29.595148175847783 ], [ 74.974012182416288, 29.599650638866024 ], [ 74.990642581489965, 29.573716017580296 ], [ 75.005184172911299, 29.580604372993491 ], [ 75.019542124569455, 29.562766535147546 ], [ 75.048259602598648, 29.55838132933502 ], [ 75.04885040052568, 29.548245513919426 ], [ 75.089916206967416, 29.547408724433183 ], [ 75.08306294849632, 29.498140109878307 ], [ 75.088282650524093, 29.472659344952717 ], [ 75.108788331716255, 29.47287525329034 ], [ 75.087142081741717, 29.451841014451304 ], [ 75.112386507531482, 29.41696433063936 ], [ 75.078936041465283, 29.405107770407255 ], [ 75.05458130868044, 29.413842616543434 ], [ 75.04089057124304, 29.402925096915737 ], [ 75.015307241336245, 29.349436666369115 ], [ 75.030438773630749, 29.287321207607647 ], [ 74.999939000284769, 29.269723999562984 ], [ 74.985817000154555, 29.279126999711252 ], [ 74.96198300001555, 29.280001000445964 ], [ 74.951477000263424, 29.29326399963395 ], [ 74.959923000346237, 29.324172999584391 ], [ 74.94488500024255, 29.336070999677133 ], [ 74.936156999745833, 29.362822000335143 ], [ 74.897491000009779, 29.384956000319278 ], [ 74.879570000055537, 29.38343000009462 ], [ 74.858504999906017, 29.401161000280013 ], [ 74.842986800500512, 29.399751749144002 ], [ 74.827833566665902, 29.41809256162253 ], [ 74.826731102158817, 29.462732838649572 ], [ 74.836008080308773, 29.479921148342441 ], [ 74.84783100499692, 29.477114806703014 ], [ 74.861622922460128, 29.499214462477539 ], [ 74.876991828110476, 29.494533126103022 ], [ 74.905876105198274, 29.540117793801187 ], [ 74.922043576449994, 29.542906428688809 ] ] ] } },
{ "type": "Feature", "properties": { "pincode": "125056", "state": "Haryana", "district": "Sirsa", "officename": "Jcd  Sirsa", "officetype": "S.O" }, "geometry": { "type": "Polygon", "coordinates": [ [ [ 75.048259602598648, 29.55838132933502 ], [ 75.035195806840932, 29.558037883641475 ], [ 75.047101929610449, 29.574681158308863 ], [ 75.070891185779828, 29.561731722141417 ], [ 75.079269638682888, 29.547657045236576 ], [ 75.04885040052568, 29.548245513919426 ], [ 75.048259602598648, 29.55838132933502 ] ] ] } },
{ "type": "Feature", "properties": { "pincode": "125058", "state": "Haryana", "district": "Sirsa", "officename": "Ding", "officetype": "S.O" }, "geometry": { "type": "Polygon", "coordinates": [ [ [ 75.245337793004808, 29.449697861667175 ], [ 75.225982737713309, 29.455829681294858 ], [ 75.237797357162492, 29.473498353965908 ], [ 75.256341812125072, 29.479336124062968 ], [ 75.271863941567631, 29.496532735397523 ], [ 75.289760143615922, 29.495201148813919 ], [ 75.297742466741624, 29.485457127544635 ], [ 75.295335122817789, 29.45658686009574 ], [ 75.312599841609597, 29.433396905842699 ], [ 75.301020511787328, 29.41820685196484 ], [ 75.260837118338372, 29.414814387973706 ], [ 75.245337793004808, 29.449697861667175 ] ] ] } },
{ "type": "Feature", "properties": { "pincode": "125060", "state": "Haryana", "district": "Sirsa", "officename": "Sikander Pur", "officetype": "S.O" }, "geometry": { "type": "Polygon", "coordinates": [ [ [ 75.047101929610449, 29.574681158308863 ], [ 75.056680741822845, 29.598011109125423 ], [ 75.115063471801818, 29.627233441370265 ], [ 75.135692875425946, 29.623991922289406 ], [ 75.156772253037218, 29.60858268114589 ], [ 75.189004367058033, 29.624058170847832 ], [ 75.209773326577874, 29.620078293978167 ], [ 75.198467614588878, 29.579341267985342 ], [ 75.215747406917444, 29.568136863725329 ], [ 75.179869658957671, 29.552315535233902 ], [ 75.203921273448145, 29.536340053051106 ], [ 75.187843520362264, 29.511721227153032 ], [ 75.192418090122771, 29.50170697579648 ], [ 75.18184160960277, 29.487757798383711 ], [ 75.181521381706489, 29.470635542995979 ], [ 75.155017051595735, 29.466406833608517 ], [ 75.110541514179602, 29.426110051837554 ], [ 75.09978972881305, 29.43217733611516 ], [ 75.087142081741717, 29.451841014451304 ], [ 75.108788331716255, 29.47287525329034 ], [ 75.088282650524093, 29.472659344952717 ], [ 75.08306294849632, 29.498140109878307 ], [ 75.089916206967416, 29.547408724433183 ], [ 75.079269638682888, 29.547657045236576 ], [ 75.070891185779828, 29.561731722141417 ], [ 75.047101929610449, 29.574681158308863 ] ] ] } },
{ "type": "Feature", "properties": { "pincode": "125075", "state": "Haryana", "district": "Sirsa", "officename": "Siri Jiwan Nagar", "officetype": "S.O" }, "geometry": { "type": "Polygon", "coordinates": [ [ [ 74.575508000393938, 29.562644999866848 ], [ 74.584473000129037, 29.626505000405473 ], [ 74.595184000341476, 29.634434000029103 ], [ 74.587708000024179, 29.653959000207749 ], [ 74.594630203221527, 29.674602882916815 ], [ 74.688939057491666, 29.67312544158591 ], [ 74.69920538252245, 29.681120256294832 ], [ 74.703305411515601, 29.660833380156419 ], [ 74.737799133423323, 29.669213875419985 ], [ 74.741382688060526, 29.660802938105178 ], [ 74.766006172447135, 29.655542124469434 ], [ 74.771379801536739, 29.666348498684329 ], [ 74.783478370230682, 29.630071994027389 ], [ 74.799002426021218, 29.614001243062887 ], [ 74.803316965805493, 29.584756101313189 ], [ 74.822031816215485, 29.56095843378472 ], [ 74.821695466172912, 29.548424266766631 ], [ 74.815358968042119, 29.54813464909472 ], [ 74.804686671053219, 29.524210867837382 ], [ 74.819410367094804, 29.490993953907889 ], [ 74.814979808471548, 29.485378724648513 ], [ 74.762722735965667, 29.498044048793929 ], [ 74.76089180621193, 29.505607532461738 ], [ 74.734875596631468, 29.511873675729646 ], [ 74.726255065119233, 29.52821190215758 ], [ 74.681972738051627, 29.540421006524355 ], [ 74.64958349448284, 29.513037567529807 ], [ 74.615505481492846, 29.512205264761235 ], [ 74.620406999783256, 29.530520999644466 ], [ 74.575508000393938, 29.562644999866848 ] ] ] } },
{ "type": "Feature", "properties": { "pincode": "125076", "state": "Haryana", "district": "Sirsa", "officename": "Rania", "officetype": "S.O" }, "geometry": { "type": "Polygon", "coordinates": [ [ [ 74.806091205245082, 29.627175802021725 ], [ 74.803909959876933, 29.66918402871994 ], [ 74.839017100358944, 29.672979956459926 ], [ 74.860923606939082, 29.65657487802838 ], [ 74.87883136077869, 29.662194747789442 ], [ 74.895816335555537, 29.651850973144064 ], [ 74.926213185090603, 29.648568500735848 ], [ 74.937673645222617, 29.63149348673511 ], [ 74.924192907576753, 29.600497889266364 ], [ 74.931707951061185, 29.595148175847783 ], [ 74.922043576449994, 29.542906428688809 ], [ 74.905876105198274, 29.540117793801187 ], [ 74.876991828110476, 29.494533126103022 ], [ 74.861622922460128, 29.499214462477539 ], [ 74.84783100499692, 29.477114806703014 ], [ 74.814979808471548, 29.485378724648513 ], [ 74.820759932025339, 29.499147228262018 ], [ 74.804686671053219, 29.524210867837382 ], [ 74.82239862899371, 29.556196485779367 ], [ 74.812163994273021, 29.581466672648958 ], [ 74.803316965805493, 29.584756101313189 ], [ 74.79768296229912, 29.616000453058518 ], [ 74.806091205245082, 29.627175802021725 ] ] ] } },
{ "type": "Feature", "properties": { "pincode": "125077", "state": "Haryana", "district": "Sirsa", "officename": "Odhan", "officetype": "S.O" }, "geometry": { "type": "Polygon", "coordinates": [ [ [ 74.833016316449857, 29.768102154890641 ], [ 74.844586913855039, 29.812182857552898 ], [ 74.876484461189023, 29.816683267419023 ], [ 74.880128914317993, 29.791962053705902 ], [ 74.933855996157433, 29.771020168046334 ], [ 74.934603062980955, 29.736615002380574 ], [ 74.950396536770882, 29.728236835461587 ], [ 74.945687204500985, 29.714153096988014 ], [ 74.927024107376724, 29.708475689501483 ], [ 75.001133841353692, 29.683629535674697 ], [ 75.020440658809548, 29.670686629484464 ], [ 75.027335500133404, 29.649235508112326 ], [ 75.06655507036038, 29.631187093109986 ], [ 75.079597600748741, 29.606826842984447 ], [ 75.056680741822845, 29.598011109125423 ], [ 75.036835893261923, 29.560693299256513 ], [ 75.019542124569455, 29.562766535147546 ], [ 75.005184172911299, 29.580604372993491 ], [ 74.990642581489965, 29.573716017580296 ], [ 74.97855306896912, 29.598739612143504 ], [ 74.931339060849098, 29.591791350190704 ], [ 74.924192907576753, 29.600497889266364 ], [ 74.937800057526715, 29.630677155026717 ], [ 74.929541861068117, 29.646024795308051 ], [ 74.87883136077869, 29.662194747789442 ], [ 74.860923606939082, 29.65657487802838 ], [ 74.839017100358944, 29.672979956459926 ], [ 74.850968593925472, 29.704038189910591 ], [ 74.822329596134068, 29.721823214170115 ], [ 74.840151086103901, 29.752795520097209 ], [ 74.833016316449857, 29.768102154890641 ] ] ] } },
{ "type": "Feature", "properties": { "pincode": "125078", "state": "Haryana", "district": "Sirsa", "officename": "Baragudha", "officetype": "S.O" }, "geometry": { "type": "Polygon", "coordinates": [ [ [ 74.927024107376724, 29.708475689501483 ], [ 74.972886247402471, 29.731034083156601 ], [ 74.987907452667002, 29.720763484547319 ], [ 74.990061306484279, 29.732037217543677 ], [ 75.015575523491634, 29.751311797901224 ], [ 75.047604718982711, 29.732244125466138 ], [ 75.061343845342321, 29.758625198993798 ], [ 75.085099136815813, 29.743422023107939 ], [ 75.099296558589288, 29.751324556583199 ], [ 75.133898143384727, 29.739087017451993 ], [ 75.139287191350832, 29.723947304924422 ], [ 75.184191246728687, 29.722322766882371 ], [ 75.207602999878702, 29.694370000375386 ], [ 75.198776000212376, 29.678735999766616 ], [ 75.168762000166168, 29.667318000225578 ], [ 75.189004367058033, 29.624058170847832 ], [ 75.156772253037218, 29.60858268114589 ], [ 75.135692875425946, 29.623991922289406 ], [ 75.115063471801818, 29.627233441370265 ], [ 75.079597600748741, 29.606826842984447 ], [ 75.06655507036038, 29.631187093109986 ], [ 75.027335500133404, 29.649235508112326 ], [ 75.020440658809548, 29.670686629484464 ], [ 75.001133841353692, 29.683629535674697 ], [ 74.927024107376724, 29.708475689501483 ] ] ] } },
{ "type": "Feature", "properties": { "pincode": "125101", "state": "Haryana", "district": "Sirsa", "officename": "Chautala", "officetype": "S.O" }, "geometry": { "type": "Polygon", "coordinates": [ [ [ 74.534237715098584, 29.836838942363329 ], [ 74.557687957433416, 29.857353775056765 ], [ 74.577266666023945, 29.832189695598004 ], [ 74.624645105287527, 29.833343154363149 ], [ 74.648330954709934, 29.824545767573227 ], [ 74.61508871497233, 29.802535581751727 ], [ 74.618693080821174, 29.772839958797135 ], [ 74.606946052618355, 29.757198387695553 ], [ 74.596053999992137, 29.767802999908611 ], [ 74.580756999635923, 29.752570999851798 ], [ 74.547118999742167, 29.753258000056746 ], [ 74.535118000295483, 29.740785999574427 ], [ 74.481238999580285, 29.743581999909509 ], [ 74.474586000343834, 29.787164999764968 ], [ 74.479912000438617, 29.801600999986192 ], [ 74.501098999918952, 29.826089999753776 ], [ 74.534237715098584, 29.836838942363329 ] ] ] } },
{ "type": "Feature", "properties": { "pincode": "125102", "state": "Haryana", "district": "Sirsa", "officename": "Ellenabad", "officetype": "S.O" }, "geometry": { "type": "Polygon", "coordinates": [ [ [ 74.538968485407395, 29.454216297544178 ], [ 74.551575000186176, 29.465689000147393 ], [ 74.587699999655285, 29.45764399967095 ], [ 74.615505481492846, 29.512205264761235 ], [ 74.64958349448284, 29.513037567529807 ], [ 74.681972738051627, 29.540421006524355 ], [ 74.726255065119233, 29.52821190215758 ], [ 74.734875596631468, 29.511873675729646 ], [ 74.76089180621193, 29.505607532461738 ], [ 74.762722735965667, 29.498044048793929 ], [ 74.836008080308773, 29.479921148342441 ], [ 74.826731102158817, 29.462732838649572 ], [ 74.826525597178659, 29.428294634589747 ], [ 74.842986800500512, 29.399751749144002 ], [ 74.818488999967485, 29.396937999789031 ], [ 74.784743999636021, 29.358644000120535 ], [ 74.765427000056036, 29.354501999767535 ], [ 74.740478999805987, 29.352376999798821 ], [ 74.72000900011534, 29.367559000247809 ], [ 74.697417999740935, 29.363855000308149 ], [ 74.65888199970459, 29.371162000026345 ], [ 74.650420999829464, 29.329970999861814 ], [ 74.604347000213977, 29.327187000080016 ], [ 74.605339000094773, 29.361086000318664 ], [ 74.581535000439999, 29.385426000409836 ], [ 74.578711999758923, 29.405157000195516 ], [ 74.56649800038241, 29.41766399959414 ], [ 74.539977999585062, 29.424085999869192 ], [ 74.538968485407395, 29.454216297544178 ] ] ] } },
{ "type": "Feature", "properties": { "pincode": "125103", "state": "Haryana", "district": "Sirsa", "officename": "Goriwala", "officetype": "S.O" }, "geometry": { "type": "Polygon", "coordinates": [ [ [ 74.612808000089274, 29.720636000251318 ], [ 74.614791999851093, 29.752115000407002 ], [ 74.606946052618355, 29.757198387695553 ], [ 74.618693080821174, 29.772839958797135 ], [ 74.61508871497233, 29.802535581751727 ], [ 74.658610123858182, 29.830412647825597 ], [ 74.73274387423055, 29.81035059770204 ], [ 74.759466807946922, 29.825265003976824 ], [ 74.803432264287721, 29.821181415490059 ], [ 74.808473317789492, 29.833705392290085 ], [ 74.849893569532583, 29.816733093457742 ], [ 74.839287192849724, 29.803540203617615 ], [ 74.833033466521272, 29.769363022385676 ], [ 74.840151086103901, 29.752795520097209 ], [ 74.822329596134068, 29.721823214170115 ], [ 74.850968593925472, 29.704038189910591 ], [ 74.842475671715022, 29.675070900901517 ], [ 74.803909959876933, 29.66918402871994 ], [ 74.807612180957392, 29.636447030806039 ], [ 74.79768296229912, 29.616000453058518 ], [ 74.783478370230682, 29.630071994027389 ], [ 74.771379801536739, 29.666348498684329 ], [ 74.766006172447135, 29.655542124469434 ], [ 74.741382688060526, 29.660802938105178 ], [ 74.737799133423323, 29.669213875419985 ], [ 74.703305411515601, 29.660833380156419 ], [ 74.69920538252245, 29.681120256294832 ], [ 74.688939057491666, 29.67312544158591 ], [ 74.594630203221527, 29.674602882916815 ], [ 74.612808000089274, 29.720636000251318 ] ] ] } },
{ "type": "Feature", "properties": { "pincode": "125104", "state": "Haryana", "district": "Sirsa", "officename": "Mandi Dabwali", "officetype": "S.O" }, "geometry": { "type": "Polygon", "coordinates": [ [ [ 74.543319999918083, 29.902174000130174 ], [ 74.514641000281983, 29.907392999787135 ], [ 74.534347999860529, 29.951190999665016 ], [ 74.561690999939742, 29.928772000027834 ], [ 74.582642000228191, 29.925372999764193 ], [ 74.595490000063592, 29.914206000106788 ], [ 74.656699999805255, 29.903956999616014 ], [ 74.649642999924481, 29.921818000400492 ], [ 74.690834000089183, 29.948445999883234 ], [ 74.700706000281741, 29.968519000151787 ], [ 74.733947999900522, 29.961029000088388 ], [ 74.786017999930777, 29.97344799992527 ], [ 74.811256000064475, 29.99158700004017 ], [ 74.85970300029328, 29.958010000261538 ], [ 74.88205699963089, 29.957951000238552 ], [ 74.891616999824691, 29.967166999857284 ], [ 74.904464999660092, 29.951715000446995 ], [ 74.895309000110274, 29.937890999670003 ], [ 74.925857999647064, 29.947879999862323 ], [ 74.943348419494043, 29.918782525892823 ], [ 74.913279426804195, 29.900224876077232 ], [ 74.903634506327478, 29.882439169232327 ], [ 74.906878019205351, 29.865810116443868 ], [ 74.879689006442675, 29.872351504418475 ], [ 74.884742315905328, 29.863210328393961 ], [ 74.862688103773223, 29.84367750321428 ], [ 74.878851235795878, 29.827567782827089 ], [ 74.876484461189023, 29.816683267419023 ], [ 74.851285702073596, 29.816235919452311 ], [ 74.808473317789492, 29.833705392290085 ], [ 74.803432264287721, 29.821181415490059 ], [ 74.759466807946922, 29.825265003976824 ], [ 74.73274387423055, 29.81035059770204 ], [ 74.658610123858182, 29.830412647825597 ], [ 74.648330954709934, 29.824545767573227 ], [ 74.624645105287527, 29.833343154363149 ], [ 74.577266666023945, 29.832189695598004 ], [ 74.557687957433416, 29.857353775056765 ], [ 74.563132999888182, 29.865108000433963 ], [ 74.553062000410989, 29.888235000344991 ], [ 74.543319999918083, 29.902174000130174 ] ] ] } },
{ "type": "Feature", "properties": { "pincode": "125106", "state": "Haryana", "district": "Fatehabad", "officename": "Dharsul Kalan", "officetype": "S.O" }, "geometry": { "type": "Polygon", "coordinates": [ [ [ 75.67790881304154, 29.627457842005981 ], [ 75.673229758246919, 29.635247775864286 ], [ 75.681205977673926, 29.64925621680112 ], [ 75.670233647964722, 29.654601171906677 ], [ 75.668280959898539, 29.667441694778461 ], [ 75.689121657438704, 29.675424001716408 ], [ 75.677243678952777, 29.71026093819188 ], [ 75.698152801410743, 29.748893701683073 ], [ 75.707985000307588, 29.752238999830013 ], [ 75.748941358357115, 29.72025515804927 ], [ 75.760694491158006, 29.730322531459706 ], [ 75.795320957496301, 29.7024565216513 ], [ 75.785944772433481, 29.665129030580374 ], [ 75.748071892903567, 29.654781553426005 ], [ 75.741568865510885, 29.638821806681165 ], [ 75.76125501880432, 29.635577461930438 ], [ 75.761815585121269, 29.624216870612145 ], [ 75.749287377010887, 29.607255587575537 ], [ 75.71612091414886, 29.598154381020038 ], [ 75.705572720005136, 29.585986283939917 ], [ 75.696598144288942, 29.609609550440382 ], [ 75.698218490590875, 29.631091288332527 ], [ 75.67790881304154, 29.627457842005981 ] ] ] } },
{ "type": "Feature", "properties": { "pincode": "125110", "state": "Haryana", "district": "Sirsa", "officename": "Chopta Nathu Sari", "officetype": "S.O" }, "geometry": { "type": "Polygon", "coordinates": [ [ [ 75.01531901076379, 29.346922490180816 ], [ 75.032981169645382, 29.390151257874436 ], [ 75.052747322131324, 29.413193255664225 ], [ 75.078936041465283, 29.405107770407255 ], [ 75.101981681509585, 29.410967316688527 ], [ 75.112386507531482, 29.41696433063936 ], [ 75.113576320490779, 29.43102851155669 ], [ 75.155017051595735, 29.466406833608517 ], [ 75.20731854071812, 29.470293296098816 ], [ 75.245337793004808, 29.449697861667175 ], [ 75.260837118338372, 29.414814387973706 ], [ 75.246022162692839, 29.41076621928562 ], [ 75.231048666462868, 29.38908993375361 ], [ 75.234201114889629, 29.376139171985187 ], [ 75.253293596921992, 29.368306262224394 ], [ 75.273421049342119, 29.34536286070761 ], [ 75.262719881417524, 29.33089884210807 ], [ 75.246120954118908, 29.331666230911935 ], [ 75.233849353165169, 29.321486097805291 ], [ 75.247153994561245, 29.292831217087098 ], [ 75.241271120765646, 29.262231216997179 ], [ 75.250069812471907, 29.251216637138327 ], [ 75.232552000174792, 29.232435000375006 ], [ 75.221038999850009, 29.232049999707726 ], [ 75.204398999614341, 29.241767999993272 ], [ 75.189094999834538, 29.266217999761011 ], [ 75.173118999642213, 29.262008999915508 ], [ 75.156508999890605, 29.243494000447868 ], [ 75.12274200034318, 29.240602000182264 ], [ 75.117133999834437, 29.224481999644695 ], [ 75.071639999986189, 29.236733999874332 ], [ 75.074257000160628, 29.244416999844759 ], [ 75.048911999589279, 29.285033999619486 ], [ 75.030438773630749, 29.287321207607647 ], [ 75.01531901076379, 29.346922490180816 ] ] ] } },
{ "type": "Feature", "properties": { "pincode": "125111", "state": "Haryana", "district": "Fatehabad", "officename": "Bhuna", "officetype": "S.O" }, "geometry": { "type": "Polygon", "coordinates": [ [ [ 75.575820052353663, 29.510985642873322 ], [ 75.594663098423439, 29.538646152198282 ], [ 75.602319608862956, 29.597912560516363 ], [ 75.689688009993802, 29.633620200811777 ], [ 75.701498218268227, 29.625784884464906 ], [ 75.696598144288942, 29.609609550440382 ], [ 75.705572720005136, 29.585986283939917 ], [ 75.71612091414886, 29.598154381020038 ], [ 75.749408540871514, 29.607374433883081 ], [ 75.760387256666661, 29.502299467146884 ], [ 75.751765722410141, 29.481486908494219 ], [ 75.75469737288563, 29.416071206720915 ], [ 75.708289856092108, 29.406629308196045 ], [ 75.685433416319086, 29.428643639892243 ], [ 75.687248843559473, 29.43929821484079 ], [ 75.670600601036938, 29.465531859807527 ], [ 75.596160655789731, 29.47265048123478 ], [ 75.590353481528098, 29.459169100573718 ], [ 75.577532431676445, 29.456902567099917 ], [ 75.569599401291498, 29.48230132734443 ], [ 75.577479561432767, 29.486642423209275 ], [ 75.575820052353663, 29.510985642873322 ] ] ] } },
{ "type": "Feature", "properties": { "pincode": "125112", "state": "Haryana", "district": "Hisar", "officename": "Pabra", "officetype": "S.O" }, "geometry": { "type": "Polygon", "coordinates": [ [ [ 75.708429223130224, 29.406604484209765 ], [ 75.75469737288563, 29.416071206720915 ], [ 75.751765722410141, 29.481486908494219 ], [ 75.759323216593145, 29.501682116736276 ], [ 75.7708902050191, 29.508234674290975 ], [ 75.80969292868582, 29.492019426555316 ], [ 75.824868643773073, 29.477532940193157 ], [ 75.83223649431892, 29.452881827734302 ], [ 75.850488310786886, 29.441425819246319 ], [ 75.851163601818882, 29.425194940394192 ], [ 75.84242654694782, 29.413990983097506 ], [ 75.823304049142678, 29.410791009097977 ], [ 75.822528624896279, 29.364849028160165 ], [ 75.762486212268868, 29.312481307566316 ], [ 75.756057937423975, 29.314762202313887 ], [ 75.762842754789347, 29.332266240594549 ], [ 75.747644990124286, 29.339092462747089 ], [ 75.73181807144698, 29.366234468845732 ], [ 75.721299117860042, 29.36945056499161 ], [ 75.708429223130224, 29.406604484209765 ] ] ] } },
{ "type": "Feature", "properties": { "pincode": "125113", "state": "Haryana", "district": "Fatehabad, Hisar", "officename": "Uklana Mandi", "officetype": "S.O" }, "geometry": { "type": "Polygon", "coordinates": [ [ [ 75.760387256666661, 29.502299467146884 ], [ 75.749408540871514, 29.607374433883081 ], [ 75.761525707545445, 29.622620274506119 ], [ 75.795360597813499, 29.617552925727125 ], [ 75.816627960711969, 29.604706809072127 ], [ 75.838409166550036, 29.587695153208927 ], [ 75.843216247032331, 29.568828952294496 ], [ 75.868768150130052, 29.55813547177479 ], [ 75.873734419607842, 29.54261266064583 ], [ 75.891650967917883, 29.540886386797524 ], [ 75.894157328098288, 29.563242732466279 ], [ 75.912343374447289, 29.558376241870178 ], [ 75.930211227166637, 29.583545262204211 ], [ 75.96652084396203, 29.569695867270582 ], [ 75.970670153105232, 29.54896490050993 ], [ 75.963724917371167, 29.52843613821733 ], [ 75.934512304099655, 29.510928752659879 ], [ 76.002461236896636, 29.497400308677413 ], [ 76.01127543201568, 29.489239718338467 ], [ 75.996397705489926, 29.456984001610635 ], [ 76.016752325759342, 29.442569017646122 ], [ 76.023499256485479, 29.426969906236423 ], [ 76.032346789472797, 29.427111255380339 ], [ 76.028861067584387, 29.407066234819069 ], [ 75.995263692765263, 29.419730873680976 ], [ 75.979686274801907, 29.405493959079081 ], [ 75.940187039700163, 29.450755896967223 ], [ 75.906670539114089, 29.471994603867984 ], [ 75.887952504204804, 29.449669323480578 ], [ 75.849417135492445, 29.485350472446385 ], [ 75.831548333988565, 29.474938573256622 ], [ 75.790563309149547, 29.50479337351544 ], [ 75.7708902050191, 29.508234674290975 ], [ 75.760387256666661, 29.502299467146884 ] ] ] } },
{ "type": "Feature", "properties": { "pincode": "125120", "state": "Haryana", "district": "Fatehabad", "officename": "Tohana Mandi", "officetype": "S.O" }, "geometry": { "type": "Polygon", "coordinates": [ [ [ 75.761525707545445, 29.622620274506119 ], [ 75.76125501880432, 29.635577461930438 ], [ 75.741568865510885, 29.638821806681165 ], [ 75.748071892903567, 29.654781553426005 ], [ 75.785944772433481, 29.665129030580374 ], [ 75.794821063941129, 29.696060716828811 ], [ 75.763782485173692, 29.727348050772036 ], [ 75.776892761491922, 29.735222154878727 ], [ 75.816800275312573, 29.756149043443656 ], [ 75.866705431810374, 29.763768624122804 ], [ 75.87445799973699, 29.749076999703902 ], [ 75.889960999700406, 29.743791999701102 ], [ 75.907974000299987, 29.752224000037643 ], [ 75.940704840556066, 29.730045532175609 ], [ 75.928365534142074, 29.689969158949737 ], [ 75.942559941388311, 29.678839716779578 ], [ 75.935498720989131, 29.651045668023187 ], [ 75.950442955977678, 29.636169812986509 ], [ 75.945013337795388, 29.603727874541846 ], [ 75.955302251997466, 29.597510308154426 ], [ 75.959804824732885, 29.571519925304472 ], [ 75.930211227166637, 29.583545262204211 ], [ 75.912343374447289, 29.558376241870178 ], [ 75.894157328098288, 29.563242732466279 ], [ 75.891650967917883, 29.540886386797524 ], [ 75.873734419607842, 29.54261266064583 ], [ 75.868768150130052, 29.55813547177479 ], [ 75.843216247032331, 29.568828952294496 ], [ 75.838409166550036, 29.587695153208927 ], [ 75.816627960711969, 29.604706809072127 ], [ 75.795360597813499, 29.617552925727125 ], [ 75.761525707545445, 29.622620274506119 ] ] ] } },
{ "type": "Feature", "properties": { "pincode": "125121", "state": "Haryana", "district": "Hisar", "officename": "Barwala (Hisar)", "officetype": "S.O" }, "geometry": { "type": "Polygon", "coordinates": [ [ [ 75.822150737866309, 29.250414360934144 ], [ 75.792475381134011, 29.343813115682849 ], [ 75.822528624896279, 29.364849028160165 ], [ 75.823304049142678, 29.410791009097977 ], [ 75.84242654694782, 29.413990983097506 ], [ 75.851163601818882, 29.425194940394192 ], [ 75.850488310786886, 29.441425819246319 ], [ 75.83223649431892, 29.452881827734302 ], [ 75.824868643773073, 29.477532940193157 ], [ 75.837157946981733, 29.4748407971652 ], [ 75.849417135492445, 29.485350472446385 ], [ 75.887952504204804, 29.449669323480578 ], [ 75.906670539114089, 29.471994603867984 ], [ 75.940187039700163, 29.450755896967223 ], [ 75.979686274801907, 29.405493959079081 ], [ 75.995263692765263, 29.419730873680976 ], [ 76.028861067584387, 29.407066234819069 ], [ 76.028105126250694, 29.43138362055771 ], [ 76.058365053104865, 29.445954606320242 ], [ 76.079714621232824, 29.447194957581416 ], [ 76.080767583457259, 29.427095766356615 ], [ 76.091125536814161, 29.412110396377727 ], [ 76.073209043362681, 29.382813300793373 ], [ 76.064666736680579, 29.34524459086532 ], [ 76.051086016906197, 29.335548695915634 ], [ 76.042111914233487, 29.312373310679845 ], [ 76.005411586075866, 29.302242939759935 ], [ 75.987831752933232, 29.286588682821616 ], [ 75.918585674889016, 29.302358584481112 ], [ 75.907323134854892, 29.273701629027016 ], [ 75.868081791141776, 29.265376181265935 ], [ 75.850356306498497, 29.231067579405305 ], [ 75.831451602909283, 29.228049569732036 ], [ 75.83544641482024, 29.249593394119927 ], [ 75.822150737866309, 29.250414360934144 ] ] ] } },
{ "type": "Feature", "properties": { "pincode": "125133", "state": "Haryana", "district": "Fatehabad", "officename": "Jakhal Mandi", "officetype": "S.O" }, "geometry": { "type": "Polygon", "coordinates": [ [ [ 75.707985000307588, 29.752238999830013 ], [ 75.716560000044012, 29.805690999739966 ], [ 75.759086999765373, 29.809108999980481 ], [ 75.782364000298458, 29.82234799986054 ], [ 75.806769999835751, 29.804028000391952 ], [ 75.839782999685667, 29.809175000325979 ], [ 75.844115999853727, 29.787497999832851 ], [ 75.866705431810374, 29.763768624122804 ], [ 75.816800275312573, 29.756149043443656 ], [ 75.748941358357115, 29.72025515804927 ], [ 75.707985000307588, 29.752238999830013 ] ] ] } },
{ "type": "Feature", "properties": { "pincode": "125201", "state": "Haryana", "district": "Sirsa", "officename": "Kalanwali", "officetype": "S.O" }, "geometry": { "type": "Polygon", "coordinates": [ [ [ 74.878112097395444, 29.821673061362731 ], [ 74.862688103773223, 29.84367750321428 ], [ 74.884742315905328, 29.863210328393961 ], [ 74.879689006442675, 29.872351504418475 ], [ 74.906878019205351, 29.865810116443868 ], [ 74.903634506327478, 29.882439169232327 ], [ 74.913279426804195, 29.900224876077232 ], [ 74.943348419494043, 29.918782525892823 ], [ 74.953223999887882, 29.901163000272277 ], [ 74.979957999762007, 29.888462000021264 ], [ 74.97952300038628, 29.87920600035676 ], [ 74.999939000284769, 29.854919000011876 ], [ 75.047615000032295, 29.880172999983984 ], [ 75.061881999654702, 29.873217000264503 ], [ 75.075629999624823, 29.87737100027158 ], [ 75.09503200042667, 29.913450000317425 ], [ 75.112884999942935, 29.895299999695339 ], [ 75.114395000329182, 29.871441000202083 ], [ 75.09133900009482, 29.847649000201386 ], [ 75.114182000399126, 29.83622600042969 ], [ 75.117209999741931, 29.824734000173919 ], [ 75.103385999864145, 29.817527999717527 ], [ 75.100212000083843, 29.804865000319637 ], [ 75.134994999719595, 29.803761999816629 ], [ 75.145493000002148, 29.77848399963699 ], [ 75.164085000322586, 29.779079000095862 ], [ 75.16923500039502, 29.78228599959931 ], [ 75.159012000203745, 29.794206999853316 ], [ 75.165543000109437, 29.81790700010805 ], [ 75.192527999867366, 29.836760999920443 ], [ 75.211089999703745, 29.828012000253693 ], [ 75.208068999784587, 29.794206999853316 ], [ 75.222495999590933, 29.784476999913693 ], [ 75.241051000003722, 29.749962000046423 ], [ 75.231391999740993, 29.730951000188725 ], [ 75.208099000268817, 29.728734999620599 ], [ 75.197582412798226, 29.710636137148015 ], [ 75.173955356554472, 29.725150227301242 ], [ 75.139287191350832, 29.723947304924422 ], [ 75.133898143384727, 29.739087017451993 ], [ 75.099296558589288, 29.751324556583199 ], [ 75.085099136815813, 29.743422023107939 ], [ 75.061343845342321, 29.758625198993798 ], [ 75.047604718982711, 29.732244125466138 ], [ 75.015575523491634, 29.751311797901224 ], [ 74.990061306484279, 29.732037217543677 ], [ 74.987907452667002, 29.720763484547319 ], [ 74.972886247402471, 29.731034083156601 ], [ 74.947027247409608, 29.720459918390588 ], [ 74.950216203814875, 29.729191848924927 ], [ 74.934603062980955, 29.736615002380574 ], [ 74.933855996157433, 29.771020168046334 ], [ 74.880128914317993, 29.791962053705902 ], [ 74.878112097395444, 29.821673061362731 ] ] ] } },
{ "type": "Feature", "properties": { "pincode": "126101", "state": "Haryana", "district": "Jind", "officename": "Julana", "officetype": "S.O" }, "geometry": { "type": "Polygon", "coordinates": [ [ [ 76.317704091170924, 29.110174540622552 ], [ 76.305903683708209, 29.145255285103474 ], [ 76.354629512442159, 29.166864489304771 ], [ 76.372267233146545, 29.158746163504702 ], [ 76.392303974548781, 29.180410130123391 ], [ 76.413325303620013, 29.182791362231569 ], [ 76.419968203469921, 29.199276245602277 ], [ 76.454726855759873, 29.215379400938787 ], [ 76.4815954499702, 29.217182384259615 ], [ 76.493336890684986, 29.202946412147185 ], [ 76.497573273088278, 29.175901254039672 ], [ 76.512962319955136, 29.158892244881372 ], [ 76.492067492221111, 29.13987753891729 ], [ 76.470246248565729, 29.076719039252282 ], [ 76.444626372009509, 29.058779230876894 ], [ 76.405000717409223, 29.079229452677339 ], [ 76.382422594427339, 29.069200529780744 ], [ 76.35301768811587, 29.08557567607653 ], [ 76.305675049064348, 29.088841182774502 ], [ 76.304695992226414, 29.098018898253656 ], [ 76.317704091170924, 29.110174540622552 ] ] ] } },
{ "type": "Feature", "properties": { "pincode": "126102", "state": "Haryana", "district": "Jind", "officename": "Jind", "officetype": "H.O" }, "geometry": { "type": "Polygon", "coordinates": [ [ [ 76.380743401886605, 29.3783359414507 ], [ 76.446830320762786, 29.367224667384733 ], [ 76.442428362379189, 29.355406004583585 ], [ 76.456736386375212, 29.326262404386455 ], [ 76.450874020719539, 29.319829328960509 ], [ 76.457205635531693, 29.299954772195008 ], [ 76.438536969805341, 29.284192200909501 ], [ 76.446138702539088, 29.272349887737278 ], [ 76.414322334308395, 29.249803679895933 ], [ 76.377843646767019, 29.269744223517023 ], [ 76.370773588730231, 29.288116368375825 ], [ 76.357556837178379, 29.287292761152173 ], [ 76.325817083092033, 29.279080852799211 ], [ 76.332162297452214, 29.271197175409384 ], [ 76.307176545461232, 29.257220815987921 ], [ 76.281236351976133, 29.21890345283208 ], [ 76.283861206829386, 29.207833418977145 ], [ 76.255692433059494, 29.206286592252525 ], [ 76.22360615400089, 29.21905628362083 ], [ 76.222526032250641, 29.237640088419482 ], [ 76.183287428772019, 29.287595739152209 ], [ 76.199199723688423, 29.323674485589152 ], [ 76.176613043657028, 29.346510758065222 ], [ 76.191397985328877, 29.373876260980808 ], [ 76.245798026257887, 29.371409872967376 ], [ 76.25540560868194, 29.377808821819769 ], [ 76.246934651513129, 29.390376145043092 ], [ 76.306683812308108, 29.406834319448421 ], [ 76.32817428171785, 29.391818763724984 ], [ 76.327886722594315, 29.375968117334935 ], [ 76.318687601451757, 29.367574571109571 ], [ 76.325153956290194, 29.363747297499913 ], [ 76.349895736599024, 29.35750356893459 ], [ 76.380743401886605, 29.3783359414507 ] ] ] } },
{ "type": "Feature", "properties": { "pincode": "126110", "state": "Haryana", "district": "Jind", "officename": "Dharthrath", "officetype": "S.O" }, "geometry": { "type": "Polygon", "coordinates": [ [ [ 76.481151271214344, 29.365992099755772 ], [ 76.380743401886605, 29.3783359414507 ], [ 76.386417890173675, 29.398684809656288 ], [ 76.414566338365887, 29.403634992061427 ], [ 76.423483194693688, 29.392169949883396 ], [ 76.431382654286097, 29.432796870079585 ], [ 76.452402923056525, 29.419614086820786 ], [ 76.48326962069649, 29.431509647052735 ], [ 76.497641850890886, 29.423179312375396 ], [ 76.523744605828881, 29.423676920753337 ], [ 76.545935163277136, 29.410835165810397 ], [ 76.519594004359931, 29.398427486639321 ], [ 76.527448007719443, 29.370730512503314 ], [ 76.51562580878408, 29.351643998371969 ], [ 76.505017560612089, 29.358432792539531 ], [ 76.482181775568733, 29.356878045485587 ], [ 76.481151271214344, 29.365992099755772 ] ] ] } },
{ "type": "Feature", "properties": { "pincode": "126111", "state": "Haryana", "district": "Jind", "officename": "Alewa", "officetype": "S.O" }, "geometry": { "type": "Polygon", "coordinates": [ [ [ 76.375232500279708, 29.419140754742216 ], [ 76.396214991228874, 29.437031087814603 ], [ 76.393266210467289, 29.462015445856252 ], [ 76.381511458886791, 29.469306097698279 ], [ 76.385911953174173, 29.527158182704 ], [ 76.368305465025173, 29.546533979059973 ], [ 76.38080553784539, 29.551656509340489 ], [ 76.386142721909323, 29.541417405888637 ], [ 76.40695016251999, 29.540566608562187 ], [ 76.460491609900032, 29.552733879165316 ], [ 76.460611075840632, 29.535504590064818 ], [ 76.47985229944419, 29.553506467849331 ], [ 76.494457750824608, 29.549747323280371 ], [ 76.493160373552541, 29.519703955873013 ], [ 76.506698521219789, 29.506673721914865 ], [ 76.492832008590483, 29.500573668140419 ], [ 76.494165934310558, 29.479212915143989 ], [ 76.481134466482558, 29.475127875151486 ], [ 76.449057311046147, 29.436842926260169 ], [ 76.450170078186602, 29.425660252318835 ], [ 76.43127472305008, 29.432654973248589 ], [ 76.423483194693688, 29.392169949883396 ], [ 76.407494139942742, 29.408446745421088 ], [ 76.375232500279708, 29.419140754742216 ] ] ] } },
{ "type": "Feature", "properties": { "pincode": "126112", "state": "Haryana", "district": "Jind", "officename": "Safidon", "officetype": "S.O" }, "geometry": { "type": "Polygon", "coordinates": [ [ [ 76.570156949283785, 29.224694307096627 ], [ 76.556792734996918, 29.253605446034612 ], [ 76.563089681843508, 29.278440344846217 ], [ 76.58912157200308, 29.28356117630733 ], [ 76.59417276086441, 29.292918898288576 ], [ 76.573468712610975, 29.355075082848771 ], [ 76.565969931567224, 29.358176688103697 ], [ 76.583292608966929, 29.407031221513762 ], [ 76.580865024901073, 29.414252830603687 ], [ 76.546929764896902, 29.410244777074979 ], [ 76.523744605828881, 29.423676920753337 ], [ 76.537100175832563, 29.457371647183891 ], [ 76.571652484974265, 29.462912371209086 ], [ 76.58850914628033, 29.47547849293818 ], [ 76.617976143584258, 29.465244244026735 ], [ 76.633677153577878, 29.482436040391008 ], [ 76.660065305669434, 29.490261176412332 ], [ 76.694274617879444, 29.467581815848177 ], [ 76.696585398897184, 29.478295200163529 ], [ 76.716916817557092, 29.4742677860296 ], [ 76.735188693403586, 29.48153409232458 ], [ 76.769273724702714, 29.465657961845523 ], [ 76.757499234801912, 29.431814266315541 ], [ 76.742015589148309, 29.413413402506706 ], [ 76.750594625042083, 29.402085436793527 ], [ 76.744513463325688, 29.388921005100485 ], [ 76.670295654221206, 29.371785051239272 ], [ 76.653110325781086, 29.354832538391008 ], [ 76.653472722887898, 29.331356695055604 ], [ 76.637903135321494, 29.313664889123515 ], [ 76.647585173517029, 29.304312778911765 ], [ 76.645798357308422, 29.292508323600373 ], [ 76.658451238433997, 29.281555041532044 ], [ 76.68684679784144, 29.276161857583702 ], [ 76.689744085221434, 29.262997327864582 ], [ 76.667275046406303, 29.261164582379593 ], [ 76.616471084972829, 29.286341791040968 ], [ 76.612127605005128, 29.283441249014516 ], [ 76.624831932747611, 29.259070982240132 ], [ 76.601995294247615, 29.236452048923013 ], [ 76.570156949283785, 29.224694307096627 ] ] ] } },
{ "type": "Feature", "properties": { "pincode": "126113", "state": "Haryana", "district": "Jind", "officename": "Pillukhera", "officetype": "S.O" }, "geometry": { "type": "Polygon", "coordinates": [ [ [ 76.457205635531693, 29.299954772195008 ], [ 76.446830320762786, 29.367224667384733 ], [ 76.481151271214344, 29.365992099755772 ], [ 76.482181775568733, 29.356878045485587 ], [ 76.505017560612089, 29.358432792539531 ], [ 76.51562580878408, 29.351643998371969 ], [ 76.527448007719443, 29.370730512503314 ], [ 76.519594004359931, 29.398427486639321 ], [ 76.537032832799184, 29.410094980598956 ], [ 76.580865024901073, 29.414252830603687 ], [ 76.583789823441691, 29.397558310767636 ], [ 76.565969931567224, 29.358176688103697 ], [ 76.573468712610975, 29.355075082848771 ], [ 76.59417276086441, 29.292918898288576 ], [ 76.58912157200308, 29.28356117630733 ], [ 76.563089681843508, 29.278440344846217 ], [ 76.556420907599033, 29.258201349512717 ], [ 76.570156949283785, 29.224694307096627 ], [ 76.563570277746123, 29.209079902715416 ], [ 76.539340929340483, 29.211902762202783 ], [ 76.527789635883096, 29.231679686768302 ], [ 76.492064265453678, 29.238529793115561 ], [ 76.494739503025755, 29.260773021158116 ], [ 76.470307885400587, 29.282867237832818 ], [ 76.442297279895627, 29.273276662488229 ], [ 76.438536969805341, 29.284192200909501 ], [ 76.457205635531693, 29.299954772195008 ] ] ] } },
{ "type": "Feature", "properties": { "pincode": "126114", "state": "Haryana", "district": "Jind", "officename": "Shamlo Kalan", "officetype": "S.O" }, "geometry": { "type": "Polygon", "coordinates": [ [ [ 76.280872379256948, 29.217679034859543 ], [ 76.307176545461232, 29.257220815987921 ], [ 76.332162297452214, 29.271197175409384 ], [ 76.325817083092033, 29.279080852799211 ], [ 76.357556837178379, 29.287292761152173 ], [ 76.370773588730231, 29.288116368375825 ], [ 76.377843646767019, 29.269744223517023 ], [ 76.414322334308395, 29.249803679895933 ], [ 76.470307885400587, 29.282867237832818 ], [ 76.495178119474701, 29.259729249105646 ], [ 76.492064265453678, 29.238529793115561 ], [ 76.479894251918267, 29.235397520079573 ], [ 76.4815954499702, 29.217182384259615 ], [ 76.454726855759873, 29.215379400938787 ], [ 76.419968203469921, 29.199276245602277 ], [ 76.413325303620013, 29.182791362231569 ], [ 76.392303974548781, 29.180410130123391 ], [ 76.372267233146545, 29.158746163504702 ], [ 76.354629512442159, 29.166864489304771 ], [ 76.305903683708209, 29.145255285103474 ], [ 76.300603559806632, 29.18842970586644 ], [ 76.280872379256948, 29.217679034859543 ] ] ] } },
{ "type": "Feature", "properties": { "pincode": "126115", "state": "Haryana", "district": "Jind", "officename": "Uchana", "officetype": "S.O" }, "geometry": { "type": "Polygon", "coordinates": [ [ [ 76.007589219766828, 29.447803339952202 ], [ 76.066889727678927, 29.495291817563441 ], [ 76.095534412783024, 29.501083168253615 ], [ 76.111746216114966, 29.532873946275629 ], [ 76.165080665640403, 29.541082043301685 ], [ 76.186354097163985, 29.56689387295404 ], [ 76.176957088299048, 29.582073661970014 ], [ 76.193884698919817, 29.596353386100077 ], [ 76.209059123479733, 29.596248839912221 ], [ 76.218811934723135, 29.580772462579091 ], [ 76.237719331781818, 29.570536999582998 ], [ 76.283876697651522, 29.507047119529034 ], [ 76.274522060344964, 29.498160386892323 ], [ 76.275297477396805, 29.486896475392086 ], [ 76.310730828964665, 29.466574241508113 ], [ 76.332625620975762, 29.429146006583096 ], [ 76.310845393600118, 29.408311999099624 ], [ 76.246934651513129, 29.390376145043092 ], [ 76.25540560868194, 29.377808821819769 ], [ 76.245798026257887, 29.371409872967376 ], [ 76.191397985328877, 29.373876260980808 ], [ 76.188289046102625, 29.391660367032443 ], [ 76.196578993126082, 29.407936466494789 ], [ 76.182317655635416, 29.420589322439469 ], [ 76.153389622932821, 29.427149445090947 ], [ 76.131129987658937, 29.398256382526085 ], [ 76.112005984388702, 29.410781336889329 ], [ 76.093178943553596, 29.409759734024419 ], [ 76.080767583457259, 29.427095766356615 ], [ 76.079270223941819, 29.44737005648301 ], [ 76.058365053104865, 29.445954606320242 ], [ 76.023499256485479, 29.426969906236423 ], [ 76.007589219766828, 29.447803339952202 ] ] ] } },
{ "type": "Feature", "properties": { "pincode": "126116", "state": "Haryana", "district": "Jind", "officename": "Narwana City", "officetype": "S.O" }, "geometry": { "type": "Polygon", "coordinates": [ [ [ 75.942021873410738, 29.680616575694501 ], [ 75.928365534142074, 29.689969158949737 ], [ 75.940704840556066, 29.730045532175609 ], [ 75.983292000425593, 29.728928000426833 ], [ 76.028412000113747, 29.752583999552144 ], [ 76.052322000160245, 29.745249000341062 ], [ 76.06933599965663, 29.769614999832413 ], [ 76.085266000425634, 29.777684999663109 ], [ 76.088638000343508, 29.80223500044508 ], [ 76.105361999956415, 29.807994999869493 ], [ 76.127379999987056, 29.792800999766428 ], [ 76.150313999991226, 29.813128000057247 ], [ 76.177734000024088, 29.814658999613187 ], [ 76.205321999710577, 29.841283999856842 ], [ 76.22095201092668, 29.839077517713349 ], [ 76.200506764175998, 29.740384847083135 ], [ 76.177240425105708, 29.725117991102479 ], [ 76.178541370887729, 29.705713528856393 ], [ 76.159872655698734, 29.692570387713317 ], [ 76.18790037440283, 29.683562732234407 ], [ 76.195584411291748, 29.636189375939011 ], [ 76.235388278246546, 29.617124418557125 ], [ 76.243487700297294, 29.587970593967839 ], [ 76.237645779828881, 29.570320912280465 ], [ 76.209059123479733, 29.596248839912221 ], [ 76.193884698919817, 29.596353386100077 ], [ 76.176957088299048, 29.582073661970014 ], [ 76.186354097163985, 29.56689387295404 ], [ 76.165080665640403, 29.541082043301685 ], [ 76.121593021800663, 29.536895749539383 ], [ 76.121183241213771, 29.574554722622452 ], [ 76.068590560606083, 29.569681901698573 ], [ 76.069810967602166, 29.578174550515143 ], [ 76.012383782585744, 29.598794143434986 ], [ 75.981261260199119, 29.572683167794139 ], [ 75.959804824732885, 29.571519925304472 ], [ 75.955302251997466, 29.597510308154426 ], [ 75.945013337795388, 29.603727874541846 ], [ 75.950442955977678, 29.636169812986509 ], [ 75.935498720989131, 29.651045668023187 ], [ 75.942021873410738, 29.680616575694501 ] ] ] } },
{ "type": "Feature", "properties": { "pincode": "126125", "state": "Haryana", "district": "Jind", "officename": "Naguran", "officetype": "S.O" }, "geometry": { "type": "Polygon", "coordinates": [ [ [ 76.347098689453105, 29.357108276426004 ], [ 76.318687601451757, 29.367574571109571 ], [ 76.327886722594315, 29.375968117334935 ], [ 76.32817428171785, 29.391818763724984 ], [ 76.306683812308108, 29.406834319448421 ], [ 76.332625620975762, 29.429146006583096 ], [ 76.310730828964665, 29.466574241508113 ], [ 76.275049841876864, 29.487327686823278 ], [ 76.283876697651522, 29.507047119529034 ], [ 76.238970028843823, 29.565975275738481 ], [ 76.243487700297294, 29.587970593967839 ], [ 76.26736273740039, 29.575665130841287 ], [ 76.26904648320874, 29.554782568960377 ], [ 76.299533822528133, 29.57140871693889 ], [ 76.291632557097046, 29.579368853789731 ], [ 76.300386944601939, 29.591218962285438 ], [ 76.34734643828773, 29.587549838054713 ], [ 76.370677560021477, 29.577650862697226 ], [ 76.367236017328537, 29.569122550365535 ], [ 76.38080553784539, 29.551656509340489 ], [ 76.368305465025173, 29.546533979059973 ], [ 76.388447627655921, 29.516771897105514 ], [ 76.381511458886791, 29.469306097698279 ], [ 76.393266210467289, 29.462015445856252 ], [ 76.396214991228874, 29.437031087814603 ], [ 76.375232500279708, 29.419140754742216 ], [ 76.414566338365887, 29.403634992061427 ], [ 76.386417890173675, 29.398684809656288 ], [ 76.383964320197322, 29.381438189720711 ], [ 76.36275722536584, 29.363203110535267 ], [ 76.347098689453105, 29.357108276426004 ] ] ] } },
{ "type": "Feature", "properties": { "pincode": "126152", "state": "Haryana", "district": "Jind", "officename": "Dhanoda Kalan", "officetype": "S.O" }, "geometry": { "type": "Polygon", "coordinates": [ [ [ 76.003490405757702, 29.496939511349467 ], [ 75.934566412709842, 29.511374414397778 ], [ 75.959440480593685, 29.524174013619927 ], [ 75.968735178086092, 29.539842487041199 ], [ 75.970264186542977, 29.56256314177574 ], [ 75.963444801936134, 29.570611068646087 ], [ 75.981261260199119, 29.572683167794139 ], [ 76.009541556197973, 29.598875650790717 ], [ 76.064313170916137, 29.580959826434935 ], [ 76.072339741585779, 29.576562336782501 ], [ 76.068590560606083, 29.569681901698573 ], [ 76.122295607256603, 29.572991899656472 ], [ 76.121891503190454, 29.536694109845428 ], [ 76.101321593316925, 29.519295811152858 ], [ 76.095534412783024, 29.501083168253615 ], [ 76.066889727678927, 29.495291817563441 ], [ 76.049886947224991, 29.474364299472882 ], [ 76.007589219766828, 29.447803339952202 ], [ 75.996397705489926, 29.456984001610635 ], [ 76.01145348339162, 29.481171444306824 ], [ 76.003490405757702, 29.496939511349467 ] ] ] } },
{ "type": "Feature", "properties": { "pincode": "127021", "state": "Haryana", "district": "Bhiwani, Dadri", "officename": "Bhiwani", "officetype": "H.O" }, "geometry": { "type": "Polygon", "coordinates": [ [ [ 75.997874055043781, 28.686370876315038 ], [ 75.976201489107609, 28.726124856976526 ], [ 75.986465073904242, 28.730008715030181 ], [ 75.992363004149411, 28.753378307063258 ], [ 76.005235361223015, 28.754938564263512 ], [ 76.02955154726618, 28.738284538200958 ], [ 76.032842742198966, 28.7559857807193 ], [ 76.041992653338468, 28.758748806512187 ], [ 76.036744987791053, 28.768378011336267 ], [ 76.069876464327535, 28.789651131694484 ], [ 76.091167567529283, 28.817037401754931 ], [ 76.088614808626687, 28.826656610614236 ], [ 76.15669204320335, 28.841977980799243 ], [ 76.213031236502445, 28.827605599518733 ], [ 76.242455293876844, 28.849128096484549 ], [ 76.274860792691527, 28.860249560768807 ], [ 76.272373923517819, 28.844721243090873 ], [ 76.280243770233994, 28.833813235592402 ], [ 76.272920927159134, 28.811697164492728 ], [ 76.287596665953458, 28.784187060484612 ], [ 76.285709359499435, 28.770257085396338 ], [ 76.271263931685326, 28.757735844333865 ], [ 76.238623829426274, 28.771449821152373 ], [ 76.239516804057416, 28.779516963836898 ], [ 76.201462759698529, 28.788809501157687 ], [ 76.188408059684377, 28.782865236041971 ], [ 76.210574109707579, 28.758142323509503 ], [ 76.206283437930438, 28.746043122592084 ], [ 76.18185018713649, 28.752781700415312 ], [ 76.16601208898669, 28.771906022045414 ], [ 76.15255581110199, 28.7730151163546 ], [ 76.145031760907216, 28.76004376101082 ], [ 76.129808526542377, 28.761197612779824 ], [ 76.11323716975977, 28.777437182679989 ], [ 76.100017262486745, 28.766964817572443 ], [ 76.087224879424753, 28.735962295323645 ], [ 76.043481193202638, 28.723339205140235 ], [ 76.067874146275017, 28.673655114592009 ], [ 76.058606200016243, 28.667795768859833 ], [ 76.04069345403974, 28.680316655589422 ], [ 75.997874055043781, 28.686370876315038 ] ] ] } },
{ "type": "Feature", "properties": { "pincode": "127022", "state": "Haryana", "district": "Dadri", "officename": "Chiriya", "officetype": "S.O" }, "geometry": { "type": "Polygon", "coordinates": [ [ [ 76.179339221528039, 28.439420323189495 ], [ 76.187710300889819, 28.497650947233581 ], [ 76.211352188752699, 28.492154071453399 ], [ 76.221075257617088, 28.503074139759917 ], [ 76.247804124161178, 28.506945637531317 ], [ 76.249893260965337, 28.514829513671145 ], [ 76.267042714549632, 28.520724115525638 ], [ 76.266565222207305, 28.566889830701257 ], [ 76.287701315563311, 28.57507678196788 ], [ 76.32774578623912, 28.574443033319483 ], [ 76.333780747983326, 28.54304151335532 ], [ 76.316224549023786, 28.49299442225481 ], [ 76.286439197111292, 28.494162566049624 ], [ 76.271245286940541, 28.480659450573228 ], [ 76.280747373492432, 28.466924144533834 ], [ 76.27631427248582, 28.430048289397064 ], [ 76.237296015498828, 28.435758005927426 ], [ 76.2302539029954, 28.456470354922999 ], [ 76.218734301646634, 28.463422149412736 ], [ 76.179339221528039, 28.439420323189495 ] ] ] } },
{ "type": "Feature", "properties": { "pincode": "127025", "state": "Haryana", "district": "Dadri", "officename": "Baund", "officetype": "S.O" }, "geometry": { "type": "Polygon", "coordinates": [ [ [ 76.286455160077708, 28.771899791542182 ], [ 76.290599272038833, 28.796610661253169 ], [ 76.334272226582073, 28.800752943993302 ], [ 76.388498916891535, 28.769423317632175 ], [ 76.407338576114626, 28.742584364177105 ], [ 76.401040628322392, 28.726712854414814 ], [ 76.333827013605912, 28.748994331523193 ], [ 76.320183012136283, 28.744422065825745 ], [ 76.300607256020101, 28.753536098512143 ], [ 76.286455160077708, 28.771899791542182 ] ] ] } },
{ "type": "Feature", "properties": { "pincode": "127026", "state": "Haryana", "district": "Dadri", "officename": "Birhi Kalan", "officetype": "S.O" }, "geometry": { "type": "Polygon", "coordinates": [ [ [ 76.002747928174472, 28.640965704303994 ], [ 76.067874146275017, 28.673655114592009 ], [ 76.090633714674368, 28.665624151633381 ], [ 76.098418782300996, 28.652748981480386 ], [ 76.089176281460425, 28.644633342854547 ], [ 76.08808114372988, 28.629597314064881 ], [ 76.124436511735723, 28.617876651286565 ], [ 76.147305334273938, 28.640185252847289 ], [ 76.187844736945181, 28.602766814237327 ], [ 76.188753811239621, 28.566330886761079 ], [ 76.168924470587967, 28.541039832922138 ], [ 76.139977034112917, 28.548173483819369 ], [ 76.104058968646541, 28.544460431303946 ], [ 76.108063437477711, 28.563742547980439 ], [ 76.099182385858626, 28.568792469696803 ], [ 76.039209070842048, 28.558886233213229 ], [ 76.025970154599122, 28.568046964096084 ], [ 76.032575874676922, 28.579519955381784 ], [ 76.022835861685735, 28.593899290220179 ], [ 76.042170404340823, 28.606059341065929 ], [ 76.040454735297715, 28.617750571731619 ], [ 76.002747928174472, 28.640965704303994 ] ] ] } },
{ "type": "Feature", "properties": { "pincode": "127027", "state": "Haryana", "district": "Bhiwani", "officename": "Chang", "officetype": "S.O" }, "geometry": { "type": "Polygon", "coordinates": [ [ [ 76.191671952998433, 28.833905047380085 ], [ 76.190267421504473, 28.89494910871457 ], [ 76.210036861012497, 28.881499511893026 ], [ 76.232733827604193, 28.906474060129824 ], [ 76.261221575615423, 28.89932151177851 ], [ 76.289150863521627, 28.902428941042842 ], [ 76.270129474695636, 28.873844144491727 ], [ 76.274600166464609, 28.860490194167141 ], [ 76.242455293876844, 28.849128096484549 ], [ 76.213031236502445, 28.827605599518733 ], [ 76.191671952998433, 28.833905047380085 ] ] ] } },
{ "type": "Feature", "properties": { "pincode": "127028", "state": "Haryana", "district": "Bhiwani", "officename": "Behl", "officetype": "S.O" }, "geometry": { "type": "Polygon", "coordinates": [ [ [ 75.547974000299916, 28.645438999610292 ], [ 75.537476000017534, 28.746926999681477 ], [ 75.530473961304438, 28.752946442724124 ], [ 75.567732346670539, 28.753108468181381 ], [ 75.587866752648722, 28.737096007674666 ], [ 75.584381689963209, 28.725661678244023 ], [ 75.603269026744329, 28.71647623039388 ], [ 75.60567793009244, 28.69552899646618 ], [ 75.63500489575938, 28.69706831385173 ], [ 75.632598323454033, 28.682590301800985 ], [ 75.639984422143471, 28.680611985754695 ], [ 75.688613258095472, 28.678543718617789 ], [ 75.69854170693435, 28.725328852644566 ], [ 75.709235620927245, 28.740897297172637 ], [ 75.740351462250374, 28.713966029209018 ], [ 75.754480137148676, 28.715920241625952 ], [ 75.77869529245379, 28.659293348009783 ], [ 75.746552973041275, 28.62733751921121 ], [ 75.720780156878845, 28.617804926756094 ], [ 75.67129968093559, 28.62553951903368 ], [ 75.653370042993288, 28.612305295453211 ], [ 75.635221707016115, 28.616563717541737 ], [ 75.621767885179793, 28.600611690577125 ], [ 75.593315000287191, 28.602851999819961 ], [ 75.585396000225273, 28.613166999757368 ], [ 75.564071999823057, 28.611123999972733 ], [ 75.557388000056221, 28.639668999724734 ], [ 75.547974000299916, 28.645438999610292 ] ] ] } },
{ "type": "Feature", "properties": { "pincode": "127029", "state": "Haryana", "district": "Bhiwani", "officename": "Kairu", "officetype": "S.O" }, "geometry": { "type": "Polygon", "coordinates": [ [ [ 75.774409580437919, 28.661887614222167 ], [ 75.755904840436074, 28.713618729920483 ], [ 75.797731139680479, 28.73721910327896 ], [ 75.804897760623192, 28.776133002036545 ], [ 75.811928587534283, 28.779923920552676 ], [ 75.857348883444388, 28.780015493120686 ], [ 75.871571608543036, 28.742269446777584 ], [ 75.896939097561415, 28.734886162066857 ], [ 75.93497290267743, 28.751690871336677 ], [ 75.955600433912878, 28.749711421245195 ], [ 75.981105860946911, 28.715278730029411 ], [ 75.934969525723034, 28.708280427100078 ], [ 75.926512840795112, 28.667018258186033 ], [ 75.893551542069986, 28.671829351443535 ], [ 75.880914747118027, 28.659237075630699 ], [ 75.846936382608078, 28.661100379179288 ], [ 75.828763727164528, 28.634721435246092 ], [ 75.797118943284829, 28.656874966706425 ], [ 75.774409580437919, 28.661887614222167 ] ] ] } },
{ "type": "Feature", "properties": { "pincode": "127030", "state": "Haryana", "district": "Bhiwani, Dadri", "officename": "Jui Khurd", "officetype": "S.O" }, "geometry": { "type": "Polygon", "coordinates": [ [ [ 75.861185146677371, 28.62632936840572 ], [ 75.828763727164528, 28.634721435246092 ], [ 75.846936382608078, 28.661100379179288 ], [ 75.880914747118027, 28.659237075630699 ], [ 75.893551542069986, 28.671829351443535 ], [ 75.926512840795112, 28.667018258186033 ], [ 75.934969525723034, 28.708280427100078 ], [ 75.981105860946911, 28.715278730029411 ], [ 75.997874055043781, 28.686370876315038 ], [ 76.04069345403974, 28.680316655589422 ], [ 76.058606200016243, 28.667795768859833 ], [ 76.002747928174472, 28.640965704303994 ], [ 76.040454735297715, 28.617750571731619 ], [ 76.037898288275471, 28.600703647155683 ], [ 75.972149215913646, 28.591159704356926 ], [ 75.953627447248891, 28.61292121234419 ], [ 75.920253303946936, 28.603602970600832 ], [ 75.923134857687614, 28.562413240279 ], [ 75.870385236389609, 28.554962156578426 ], [ 75.847467594154296, 28.568712430933999 ], [ 75.831355449194746, 28.567179973577026 ], [ 75.834760505493023, 28.584621292238921 ], [ 75.866525999075748, 28.601847773655891 ], [ 75.861185146677371, 28.62632936840572 ] ] ] } },
{ "type": "Feature", "properties": { "pincode": "127031", "state": "Haryana", "district": "Bhiwani", "officename": "Tigrana", "officetype": "S.O" }, "geometry": { "type": "Polygon", "coordinates": [ [ [ 76.101467782612076, 28.849516765486442 ], [ 76.085500186584454, 28.877245035130329 ], [ 76.101943409760565, 28.895565308892003 ], [ 76.11462836880429, 28.892824215765131 ], [ 76.14097896160979, 28.903600979801467 ], [ 76.145555435235281, 28.915251280522284 ], [ 76.129857726652858, 28.947728866294312 ], [ 76.217493785809609, 28.965062092741505 ], [ 76.238225437853714, 28.954097770595638 ], [ 76.232733827604193, 28.906474060129824 ], [ 76.223312618882403, 28.890530811447832 ], [ 76.210036861012497, 28.881499511893026 ], [ 76.190267421504473, 28.89494910871457 ], [ 76.191671952998433, 28.833905047380085 ], [ 76.15669204320335, 28.841977980799243 ], [ 76.110382646042467, 28.832236665589676 ], [ 76.0970487721832, 28.8422526202624 ], [ 76.101467782612076, 28.849516765486442 ] ] ] } },
{ "type": "Feature", "properties": { "pincode": "127032", "state": "Haryana", "district": "Bhiwani", "officename": "Bawani Khera", "officetype": "S.O" }, "geometry": { "type": "Polygon", "coordinates": [ [ [ 75.969093676631928, 28.887169794050806 ], [ 75.978737334460504, 28.937251936227824 ], [ 76.001799602070093, 28.992903160752348 ], [ 75.996271935301706, 29.013021084855325 ], [ 75.967583521562347, 29.028052484834404 ], [ 75.961539053084948, 29.058166487693427 ], [ 75.979016374306298, 29.077125476159836 ], [ 75.999805545189929, 29.063616068127089 ], [ 76.03319957070363, 29.059715178712736 ], [ 76.032398994218397, 29.037240748461898 ], [ 76.048219381119679, 29.023404751628107 ], [ 76.029532770321225, 28.985213584939061 ], [ 76.067692053345638, 28.970659312177702 ], [ 76.080713860656317, 28.989344672918321 ], [ 76.111760707790552, 28.984165698488425 ], [ 76.115963084129191, 28.951605198820914 ], [ 76.130758395883277, 28.947196535991452 ], [ 76.145555435235281, 28.915251280522284 ], [ 76.130597263453012, 28.897580774133473 ], [ 76.101943409760565, 28.895565308892003 ], [ 76.084626361217715, 28.875917795869611 ], [ 76.093448682610813, 28.861001316657621 ], [ 76.061587159419958, 28.848956881754873 ], [ 75.979983598764193, 28.865465125015589 ], [ 75.969093676631928, 28.887169794050806 ] ] ] } },
{ "type": "Feature", "properties": { "pincode": "127035", "state": "Haryana", "district": "Bhiwani", "officename": "Jamalpur (Bhiwani)", "officetype": "S.O" }, "geometry": { "type": "Polygon", "coordinates": [ [ [ 75.881405081779235, 28.979943436340648 ], [ 75.907355970002129, 29.022278149317287 ], [ 75.932063123714386, 29.015152515876139 ], [ 75.94592952752572, 28.996269751248121 ], [ 75.96300602990442, 28.992256603059786 ], [ 75.967583521562347, 29.028052484834404 ], [ 75.991332576237539, 29.017862860282833 ], [ 76.001130214188095, 29.001555637982335 ], [ 75.971541038588043, 28.901430814980301 ], [ 75.913396026405621, 28.904122601876622 ], [ 75.883279214064544, 28.926678575456037 ], [ 75.841413456166208, 28.920966206825142 ], [ 75.847326988749671, 28.950600592243575 ], [ 75.881405081779235, 28.979943436340648 ] ] ] } },
{ "type": "Feature", "properties": { "pincode": "127040", "state": "Haryana", "district": "Bhiwani", "officename": "Tosham", "officetype": "S.O" }, "geometry": { "type": "Polygon", "coordinates": [ [ [ 75.772122451590008, 28.822913446998029 ], [ 75.701457291021256, 28.887407623363174 ], [ 75.703461084861431, 28.90050798555518 ], [ 75.747408441446566, 28.90294957566249 ], [ 75.760811302299714, 28.896163031598746 ], [ 75.772539442941138, 28.91811707004689 ], [ 75.786943596370065, 28.925201613463685 ], [ 75.824240662476768, 28.911369947765024 ], [ 75.883279214064544, 28.926678575456037 ], [ 75.913396026405621, 28.904122601876622 ], [ 75.971541038588043, 28.901430814980301 ], [ 75.973538316840006, 28.87350154955692 ], [ 75.953185675978318, 28.844758965154199 ], [ 75.972176368244845, 28.824606221100396 ], [ 75.949910363072945, 28.792803098983995 ], [ 75.92914757919749, 28.782923117308144 ], [ 75.944174168702943, 28.751462516381991 ], [ 75.896939097561415, 28.734886162066857 ], [ 75.871571608543036, 28.742269446777584 ], [ 75.857348883444388, 28.780015493120686 ], [ 75.775420923836634, 28.784661910618922 ], [ 75.772122451590008, 28.822913446998029 ] ] ] } },
{ "type": "Feature", "properties": { "pincode": "127041", "state": "Haryana", "district": "Bhiwani", "officename": "Mundhal Khurd", "officetype": "S.O" }, "geometry": { "type": "Polygon", "coordinates": [ [ [ 76.067692053345638, 28.970659312177702 ], [ 76.029532770321225, 28.985213584939061 ], [ 76.048219381119679, 29.023404751628107 ], [ 76.062340705859071, 29.02095814600176 ], [ 76.082970467413247, 29.044738173328085 ], [ 76.120693608023771, 29.036740699323786 ], [ 76.123943730019278, 29.028219423287908 ], [ 76.162638444208937, 29.011105172765724 ], [ 76.16022695980638, 29.028418672583712 ], [ 76.188010438830815, 29.029283686393057 ], [ 76.196970632588773, 29.010695725827134 ], [ 76.18953228958361, 28.995887033959548 ], [ 76.217493785809609, 28.965062092741505 ], [ 76.129857726652858, 28.947728866294312 ], [ 76.115963084129191, 28.951605198820914 ], [ 76.111760707790552, 28.984165698488425 ], [ 76.080713860656317, 28.989344672918321 ], [ 76.067692053345638, 28.970659312177702 ] ] ] } },
{ "type": "Feature", "properties": { "pincode": "127042", "state": "Haryana", "district": "Dadri", "officename": "Sanwar (Bhiwani)", "officetype": "S.O" }, "geometry": { "type": "Polygon", "coordinates": [ [ [ 76.216633796512724, 28.667541500839718 ], [ 76.234811375744471, 28.689309737554368 ], [ 76.23535385399714, 28.710645856321435 ], [ 76.254800033994627, 28.733337090634279 ], [ 76.258738851416922, 28.723914546419223 ], [ 76.278652265189976, 28.766709745558444 ], [ 76.290411811955664, 28.767535487772648 ], [ 76.320183012136283, 28.744422065825745 ], [ 76.341586876832935, 28.745670062223724 ], [ 76.326221260003194, 28.713870258605652 ], [ 76.329329126338109, 28.692874360563223 ], [ 76.308823734727639, 28.671280161550328 ], [ 76.313381454790374, 28.651781980054466 ], [ 76.298989210183947, 28.636076495933594 ], [ 76.261742542084676, 28.646661706172779 ], [ 76.260164829043731, 28.627769993290713 ], [ 76.228769687970896, 28.647045834497817 ], [ 76.216633796512724, 28.667541500839718 ] ] ] } },
{ "type": "Feature", "properties": { "pincode": "127043", "state": "Haryana", "district": "Bhiwani", "officename": "Rodhan", "officetype": "S.O" }, "geometry": { "type": "Polygon", "coordinates": [ [ [ 75.640363284937791, 28.680585977361034 ], [ 75.632867390717593, 28.687730698013468 ], [ 75.63500489575938, 28.69706831385173 ], [ 75.646717652597772, 28.699023490341972 ], [ 75.652839623749799, 28.739984565335476 ], [ 75.646367167011249, 28.773955668719339 ], [ 75.674140776875447, 28.802204324769718 ], [ 75.669325926250565, 28.853734871866891 ], [ 75.715078597199692, 28.834082772302281 ], [ 75.735115510372623, 28.810478830433681 ], [ 75.739723997164788, 28.856278030506815 ], [ 75.772122451590008, 28.822913446998029 ], [ 75.775420923836634, 28.784661910618922 ], [ 75.818200699602528, 28.779560733841038 ], [ 75.804897760623192, 28.776133002036545 ], [ 75.797731139680479, 28.73721910327896 ], [ 75.76272804536319, 28.714693304652428 ], [ 75.740351462250374, 28.713966029209018 ], [ 75.70850084064142, 28.741079321753432 ], [ 75.688613258095472, 28.678543718617789 ], [ 75.640363284937791, 28.680585977361034 ] ] ] } },
{ "type": "Feature", "properties": { "pincode": "127045", "state": "Haryana", "district": "Bhiwani", "officename": "Barwa", "officetype": "S.O" }, "geometry": { "type": "Polygon", "coordinates": [ [ [ 75.6461320986175, 28.950150694698777 ], [ 75.625472491262485, 28.940337648663615 ], [ 75.565684787323221, 28.952846795643211 ], [ 75.558521175511885, 28.978835022818089 ], [ 75.603454621633489, 28.991210906458321 ], [ 75.633893486595184, 28.970624770117126 ], [ 75.6461320986175, 28.950150694698777 ] ] ] } },
{ "type": "Feature", "properties": { "pincode": "127046", "state": "Haryana", "district": "Bhiwani", "officename": "Siwani", "officetype": "S.O" }, "geometry": { "type": "Polygon", "coordinates": [ [ [ 75.6461320986175, 28.950150694698777 ], [ 75.703461084861431, 28.90050798555518 ], [ 75.701457291021256, 28.887407623363174 ], [ 75.739723997164788, 28.856278030506815 ], [ 75.735115510372623, 28.810478830433681 ], [ 75.715078597199692, 28.834082772302281 ], [ 75.669325926250565, 28.853734871866891 ], [ 75.674140776875447, 28.802204324769718 ], [ 75.64606246680944, 28.772848018721277 ], [ 75.652839623749799, 28.739984565335476 ], [ 75.646717652597772, 28.699023490341972 ], [ 75.611003360017207, 28.694077164229896 ], [ 75.603269026744329, 28.71647623039388 ], [ 75.584381689963209, 28.725661678244023 ], [ 75.587866752648722, 28.737096007674666 ], [ 75.567732346670539, 28.753108468181381 ], [ 75.530473961304438, 28.752946442724124 ], [ 75.507118000295634, 28.784371999768041 ], [ 75.522048999961441, 28.833309000110376 ], [ 75.496704000289469, 28.856422000275188 ], [ 75.497199999780207, 28.895111000172676 ], [ 75.47587600027731, 28.923100000364855 ], [ 75.477707000177986, 28.934839000319698 ], [ 75.506432000136726, 28.938293000421822 ], [ 75.511840999562537, 28.958289999883618 ], [ 75.525458999833063, 28.972185000337674 ], [ 75.541802157243922, 28.969165098490691 ], [ 75.558521175511885, 28.978835022818089 ], [ 75.565684787323221, 28.952846795643211 ], [ 75.625472491262485, 28.940337648663615 ], [ 75.6461320986175, 28.950150694698777 ] ] ] } },
{ "type": "Feature", "properties": { "pincode": "127111", "state": "Haryana", "district": "Bhiwani", "officename": "Bapora", "officetype": "S.O" }, "geometry": { "type": "Polygon", "coordinates": [ [ [ 75.954237226267082, 28.838099990821945 ], [ 75.973538316840006, 28.87350154955692 ], [ 75.980754452656015, 28.865111310139014 ], [ 76.027590088112163, 28.851753429776977 ], [ 76.042446147272074, 28.856086439837441 ], [ 76.061587159419958, 28.848956881754873 ], [ 76.092781281331156, 28.860352042113107 ], [ 76.101535090571986, 28.849386131764618 ], [ 76.0970487721832, 28.8422526202624 ], [ 76.110382646042467, 28.832236665589676 ], [ 76.088614808626687, 28.826656610614236 ], [ 76.091167567529283, 28.817037401754931 ], [ 76.069876464327535, 28.789651131694484 ], [ 76.036744987791053, 28.768378011336267 ], [ 76.041992653338468, 28.758748806512187 ], [ 76.032842742198966, 28.7559857807193 ], [ 76.02955154726618, 28.738284538200958 ], [ 75.993827747052933, 28.754896986806671 ], [ 75.978637143689298, 28.725763663162638 ], [ 75.955600433912878, 28.749711421245195 ], [ 75.944174168702943, 28.751462516381991 ], [ 75.92914757919749, 28.782923117308144 ], [ 75.949910363072945, 28.792803098983995 ], [ 75.972176368244845, 28.824606221100396 ], [ 75.954237226267082, 28.838099990821945 ] ] ] } },
{ "type": "Feature", "properties": { "pincode": "127114", "state": "Haryana", "district": "Bhiwani", "officename": "Kharak Kalan", "officetype": "S.O" }, "geometry": { "type": "Polygon", "coordinates": [ [ [ 76.280226241547894, 28.834625411533636 ], [ 76.272373923517819, 28.844721243090873 ], [ 76.270129474695636, 28.873844144491727 ], [ 76.283022026045671, 28.897786198174629 ], [ 76.289150863521627, 28.902428941042842 ], [ 76.334137940713447, 28.893018871323989 ], [ 76.342089757936094, 28.87362349762634 ], [ 76.332597041420513, 28.83621102961547 ], [ 76.334272226582073, 28.800752943993302 ], [ 76.287677948478688, 28.792714595802124 ], [ 76.272920927159134, 28.811697164492728 ], [ 76.280226241547894, 28.834625411533636 ] ] ] } },
{ "type": "Feature", "properties": { "pincode": "127201", "state": "Haryana", "district": "Bhiwani", "officename": "Loharu", "officetype": "S.O" }, "geometry": { "type": "Polygon", "coordinates": [ [ [ 75.625233335450218, 28.603206752689573 ], [ 75.635221707016115, 28.616563717541737 ], [ 75.653370042993288, 28.612305295453211 ], [ 75.67129968093559, 28.62553951903368 ], [ 75.720780156878845, 28.617804926756094 ], [ 75.746552973041275, 28.62733751921121 ], [ 75.77869529245379, 28.659293348009783 ], [ 75.797118943284829, 28.656874966706425 ], [ 75.824909064701728, 28.636043998931541 ], [ 75.859085907788483, 28.628301359520322 ], [ 75.866525999075748, 28.601847773655891 ], [ 75.834010520369418, 28.583616334925978 ], [ 75.83177381650853, 28.561778139049977 ], [ 75.808703592596828, 28.539741639065369 ], [ 75.800184074735341, 28.507472663632655 ], [ 75.863679756315832, 28.485090976867241 ], [ 75.894263088370963, 28.454860585547578 ], [ 75.897764608649879, 28.446577656833483 ], [ 75.880375266305634, 28.386812018659896 ], [ 75.843375999902435, 28.393707000277914 ], [ 75.836532999997985, 28.405079000395688 ], [ 75.826416000198265, 28.401923999692883 ], [ 75.810890000073584, 28.410284000306433 ], [ 75.795837000177414, 28.400515000367136 ], [ 75.778564000428332, 28.403725000008876 ], [ 75.773711999709064, 28.41689100011962 ], [ 75.7934339999793, 28.435303000233318 ], [ 75.793480000301827, 28.446839999866086 ], [ 75.743308999710621, 28.468820999989305 ], [ 75.744881000258147, 28.483393000186879 ], [ 75.698387000160039, 28.495355999679759 ], [ 75.672248999891508, 28.517168000103197 ], [ 75.671660999755431, 28.532426999606457 ], [ 75.637412999610433, 28.542357999821888 ], [ 75.625233335450218, 28.603206752689573 ] ] ] } },
{ "type": "Feature", "properties": { "pincode": "127306", "state": "Haryana", "district": "Dadri", "officename": "Charkhi Dadri Hsg-ii", "officetype": "S.O" }, "geometry": { "type": "Polygon", "coordinates": [ [ [ 76.161649600948522, 28.645566157452379 ], [ 76.162332170193736, 28.668466110922225 ], [ 76.176828498736427, 28.662986221536983 ], [ 76.185970072261057, 28.674016016126245 ], [ 76.195037857311377, 28.673361617244893 ], [ 76.203639130741408, 28.665838854879325 ], [ 76.216633796512724, 28.667541500839718 ], [ 76.228769687970896, 28.647045834497817 ], [ 76.260164829043731, 28.627769993290713 ], [ 76.261742542084676, 28.646661706172779 ], [ 76.298989210183947, 28.636076495933594 ], [ 76.300202276014318, 28.620581697787145 ], [ 76.322672637732126, 28.62849319480523 ], [ 76.354221117710608, 28.61595610049369 ], [ 76.335388357187128, 28.591111879309722 ], [ 76.336743041058696, 28.57478308407218 ], [ 76.287701315563311, 28.57507678196788 ], [ 76.266565222207305, 28.566889830701257 ], [ 76.267042714549632, 28.520724115525638 ], [ 76.249893260965337, 28.514829513671145 ], [ 76.247804124161178, 28.506945637531317 ], [ 76.221075257617088, 28.503074139759917 ], [ 76.211352188752699, 28.492154071453399 ], [ 76.187710300889819, 28.497650947233581 ], [ 76.189398311283185, 28.51289317168272 ], [ 76.169232181719792, 28.519890437693618 ], [ 76.170270788066489, 28.541700104376389 ], [ 76.188753811239621, 28.566330886761079 ], [ 76.190304968199825, 28.584022818598328 ], [ 76.187844736945181, 28.602766814237327 ], [ 76.147305334273938, 28.640185252847289 ], [ 76.161649600948522, 28.645566157452379 ] ] ] } },
{ "type": "Feature", "properties": { "pincode": "127307", "state": "Haryana", "district": "Dadri", "officename": "Achina", "officetype": "S.O" }, "geometry": { "type": "Polygon", "coordinates": [ [ [ 76.314124435094641, 28.654487209117633 ], [ 76.308823734727639, 28.671280161550328 ], [ 76.329329126338109, 28.692874360563223 ], [ 76.326221260003194, 28.713870258605652 ], [ 76.335660632332292, 28.738268905285906 ], [ 76.341586876832935, 28.745670062223724 ], [ 76.367733519586409, 28.738594625341818 ], [ 76.401040628322392, 28.726712854414814 ], [ 76.381062062264505, 28.695650120756511 ], [ 76.398939775150609, 28.679254555353566 ], [ 76.399540189528182, 28.657230394966916 ], [ 76.442335698933391, 28.656656840640778 ], [ 76.44461206289651, 28.641769840305869 ], [ 76.435702596298029, 28.629763592415941 ], [ 76.460451624243092, 28.604896664249736 ], [ 76.440339919851453, 28.591177354451474 ], [ 76.420294858820682, 28.590408835199696 ], [ 76.411742115506399, 28.544657252430284 ], [ 76.395998159287672, 28.545404335441901 ], [ 76.391027991248791, 28.587470472184577 ], [ 76.351962009938973, 28.599879030892566 ], [ 76.353516078004702, 28.616739944193171 ], [ 76.322672637732126, 28.62849319480523 ], [ 76.303538057535548, 28.619863959654083 ], [ 76.295682695300172, 28.626349320764575 ], [ 76.314124435094641, 28.654487209117633 ] ] ] } },
{ "type": "Feature", "properties": { "pincode": "127308", "state": "Haryana", "district": "Dadri", "officename": "Badhara", "officetype": "S.O" }, "geometry": { "type": "Polygon", "coordinates": [ [ [ 75.800697789071819, 28.506732783291341 ], [ 75.808703592596828, 28.539741639065369 ], [ 75.831355449194746, 28.567179973577026 ], [ 75.847467594154296, 28.568712430933999 ], [ 75.870385236389609, 28.554962156578426 ], [ 75.925749966587716, 28.563670660672585 ], [ 75.920253303946936, 28.603602970600832 ], [ 75.940509070737221, 28.610309986716629 ], [ 75.953627447248891, 28.61292121234419 ], [ 75.967577246093128, 28.591383877464068 ], [ 76.022835861685735, 28.593899290220179 ], [ 76.032575874676922, 28.579519955381784 ], [ 76.004100962689336, 28.554220559431315 ], [ 75.995588079126605, 28.536617319633592 ], [ 75.961772203224655, 28.539049133211108 ], [ 75.960814199515767, 28.496158633813877 ], [ 75.984308345853492, 28.496060191324887 ], [ 75.988544687787282, 28.441139394367724 ], [ 75.887620640879902, 28.427008515231023 ], [ 75.897764608649879, 28.446577656833483 ], [ 75.894263088370963, 28.454860585547578 ], [ 75.863679756315832, 28.485090976867241 ], [ 75.800697789071819, 28.506732783291341 ] ] ] } },
{ "type": "Feature", "properties": { "pincode": "127309", "state": "Haryana", "district": "Bhiwani", "officename": "Manheru", "officetype": "S.O" }, "geometry": { "type": "Polygon", "coordinates": [ [ [ 76.178274840611493, 28.734154149894209 ], [ 76.18522464220348, 28.745861191540882 ], [ 76.205079242113413, 28.742685907528823 ], [ 76.210574109707579, 28.758142323509503 ], [ 76.188408059684377, 28.782865236041971 ], [ 76.191043339478597, 28.789413350046061 ], [ 76.239516804057416, 28.779516963836898 ], [ 76.238623829426274, 28.771449821152373 ], [ 76.271263931685326, 28.757735844333865 ], [ 76.258738851416922, 28.723914546419223 ], [ 76.254800033994627, 28.733337090634279 ], [ 76.23535385399714, 28.710645856321435 ], [ 76.234811375744471, 28.689309737554368 ], [ 76.210866874107012, 28.665476646630111 ], [ 76.185026916359277, 28.672770173604704 ], [ 76.18178048787928, 28.714253708841625 ], [ 76.169169913560779, 28.719703272188383 ], [ 76.162888271376744, 28.733287735840463 ], [ 76.178274840611493, 28.734154149894209 ] ] ] } },
{ "type": "Feature", "properties": { "pincode": "127310", "state": "Haryana", "district": "Dadri", "officename": "Jhojhu", "officetype": "S.O" }, "geometry": { "type": "Polygon", "coordinates": [ [ [ 76.046032100401192, 28.531074036137909 ], [ 76.056250445701551, 28.566321144405379 ], [ 76.099182385858626, 28.568792469696803 ], [ 76.108063437477711, 28.563742547980439 ], [ 76.104058968646541, 28.544460431303946 ], [ 76.139977034112917, 28.548173483819369 ], [ 76.170270788066489, 28.541700104376389 ], [ 76.169232181719792, 28.519890437693618 ], [ 76.189398311283185, 28.51289317168272 ], [ 76.186962106316173, 28.467640861037012 ], [ 76.171710555897448, 28.427245484791229 ], [ 76.159298666100653, 28.431001490726317 ], [ 76.155589336778519, 28.462479794806825 ], [ 76.14871320045404, 28.466435350411132 ], [ 76.093992799428179, 28.433224648099213 ], [ 76.065113217700912, 28.391732087266121 ], [ 76.040249876930318, 28.396004549570421 ], [ 76.048900039305522, 28.43791595525721 ], [ 76.058017118895066, 28.452514311885977 ], [ 76.075636613039308, 28.460032627104226 ], [ 76.069893895886821, 28.489182866096428 ], [ 76.114000973865984, 28.485661991507754 ], [ 76.117318164601727, 28.501483676130817 ], [ 76.104903690153321, 28.505620540455709 ], [ 76.10872548329445, 28.520612336090494 ], [ 76.092086834739689, 28.523175243842445 ], [ 76.067050337603234, 28.503679078626703 ], [ 76.046032100401192, 28.531074036137909 ] ] ] } },
{ "type": "Feature", "properties": { "pincode": "127311", "state": "Haryana", "district": "Bhiwani", "officename": "Neemariwali", "officetype": "S.O" }, "geometry": { "type": "Polygon", "coordinates": [ [ [ 76.065263230014239, 28.674423186880631 ], [ 76.043481193202638, 28.723339205140235 ], [ 76.087224879424753, 28.735962295323645 ], [ 76.100017262486745, 28.766964817572443 ], [ 76.112348992112288, 28.777033086707831 ], [ 76.136139609855263, 28.76055104969123 ], [ 76.145031760907216, 28.76004376101082 ], [ 76.15255581110199, 28.7730151163546 ], [ 76.16601208898669, 28.771906022045414 ], [ 76.18185018713649, 28.752781700415312 ], [ 76.206283437930438, 28.746043122592084 ], [ 76.18522464220348, 28.745861191540882 ], [ 76.178274840611493, 28.734154149894209 ], [ 76.162888271376744, 28.733287735840463 ], [ 76.169169913560779, 28.719703272188383 ], [ 76.18178048787928, 28.714253708841625 ], [ 76.185026916359277, 28.672770173604704 ], [ 76.179326236216923, 28.663450166492112 ], [ 76.162332170193736, 28.668466110922225 ], [ 76.161649600948522, 28.645566157452379 ], [ 76.150270281248481, 28.643680222464468 ], [ 76.124436511735723, 28.617876651286565 ], [ 76.08808114372988, 28.629597314064881 ], [ 76.089176281460425, 28.644633342854547 ], [ 76.098418782300996, 28.652748981480386 ], [ 76.090633714674368, 28.665624151633381 ], [ 76.065263230014239, 28.674423186880631 ] ] ] } },
{ "type": "Feature", "properties": { "pincode": "127312", "state": "Haryana", "district": "Bhiwani", "officename": "Nihalgarh", "officetype": "S.O" }, "geometry": { "type": "Polygon", "coordinates": [ [ [ 75.966005799528091, 28.513056280822809 ], [ 75.960259011144615, 28.512571625380247 ], [ 75.961772203224655, 28.539049133211108 ], [ 75.995588079126605, 28.536617319633592 ], [ 76.012404370765296, 28.563340923345038 ], [ 76.02647406452661, 28.568079409837082 ], [ 76.049965457140331, 28.559932386670425 ], [ 76.044899164165145, 28.532833412232321 ], [ 76.065630502346039, 28.504508642959479 ], [ 76.092086834739689, 28.523175243842445 ], [ 76.10872548329445, 28.520612336090494 ], [ 76.104903690153321, 28.505620540455709 ], [ 76.117318164601727, 28.501483676130817 ], [ 76.114000973865984, 28.485661991507754 ], [ 76.069893895886821, 28.489182866096428 ], [ 76.075636613039308, 28.460032627104226 ], [ 76.058017118895066, 28.452514311885977 ], [ 76.048900039305522, 28.43791595525721 ], [ 76.040249876930318, 28.396004549570421 ], [ 76.019573070940623, 28.387892660218199 ], [ 76.016269176681305, 28.413559967018898 ], [ 76.00824413126179, 28.416462043288675 ], [ 76.011852705937656, 28.43622268472933 ], [ 75.988544687787282, 28.441139394367724 ], [ 75.984308345853492, 28.496060191324887 ], [ 75.962702657102, 28.493665509855418 ], [ 75.966005799528091, 28.513056280822809 ] ] ] } },
{ "type": "Feature", "properties": { "pincode": "131001", "state": "Haryana", "district": "Sonipat", "officename": "Sonipat", "officetype": "H.O" }, "geometry": { "type": "Polygon", "coordinates": [ [ [ 76.947366598090127, 28.993475754602514 ], [ 76.93900253254094, 29.020668301700823 ], [ 76.95612942483308, 29.033236641158226 ], [ 76.948265041498644, 29.053779211641427 ], [ 76.966393051897967, 29.07620620625147 ], [ 76.991186700605908, 29.076145251102446 ], [ 77.006260044065925, 29.060216948253697 ], [ 77.019589277423336, 29.065056623764178 ], [ 77.039949843110833, 29.057519420085214 ], [ 77.045532308269571, 29.035587937533421 ], [ 77.067491104131193, 29.05083631604333 ], [ 77.095176418556889, 28.951541254325491 ], [ 77.066516278603331, 28.946359572036727 ], [ 77.051101585769743, 28.92387754431337 ], [ 77.028975069943556, 28.9094316830259 ], [ 76.981927310497042, 28.920267051383291 ], [ 76.980112099993562, 28.94034778492238 ], [ 76.966782604933314, 28.952163201170833 ], [ 76.943237205332935, 28.942184285976225 ], [ 76.919701162278898, 28.953723816301078 ], [ 76.919947099878755, 28.964756663189632 ], [ 76.935379122648499, 28.971462875311602 ], [ 76.93760532782369, 28.986914986237707 ], [ 76.947366598090127, 28.993475754602514 ] ] ] } },
{ "type": "Feature", "properties": { "pincode": "131021", "state": "Haryana", "district": "Sonipat", "officename": "Bahalgarh", "officetype": "S.O" }, "geometry": { "type": "Polygon", "coordinates": [ [ [ 77.095176418556889, 28.951541254325491 ], [ 77.079765404849582, 29.005712761334905 ], [ 77.093037970126318, 29.01297197377761 ], [ 77.105556033883943, 29.013647184769809 ], [ 77.100915933223803, 29.002637197748527 ], [ 77.112937796941821, 29.009104497774501 ], [ 77.133274918203028, 29.000436172691366 ], [ 77.143132902461616, 29.011304316840778 ], [ 77.163496161618696, 29.016335340203852 ], [ 77.180819455054007, 29.03674178300696 ], [ 77.224631999667054, 29.001407999879348 ], [ 77.206120164014408, 28.963893296938238 ], [ 77.165047656724084, 28.961593522722922 ], [ 77.14680263643271, 28.973488126975553 ], [ 77.145518702226468, 28.959839302441878 ], [ 77.113438888394114, 28.947074679652872 ], [ 77.095176418556889, 28.951541254325491 ] ] ] } },
{ "type": "Feature", "properties": { "pincode": "131022", "state": "Haryana", "district": "Sonipat", "officename": "Bhatgaon (Sonipat)", "officetype": "S.O" }, "geometry": { "type": "Polygon", "coordinates": [ [ [ 76.837380684571144, 29.005132852399299 ], [ 76.850663253906021, 29.017359896442144 ], [ 76.829987854456135, 29.032860694865235 ], [ 76.839641548718589, 29.060077486786611 ], [ 76.93900253254094, 29.020668301700823 ], [ 76.949177150105413, 28.999829022391566 ], [ 76.935379122648499, 28.971462875311602 ], [ 76.922960934899265, 28.968915036599697 ], [ 76.847111169245125, 28.983247751482736 ], [ 76.834479082244002, 28.993069849194228 ], [ 76.844051574021023, 28.998105958223391 ], [ 76.837380684571144, 29.005132852399299 ] ] ] } },
{ "type": "Feature", "properties": { "pincode": "131023", "state": "Haryana", "district": "Sonipat", "officename": "Jakhauli", "officetype": "S.O" }, "geometry": { "type": "Polygon", "coordinates": [ [ [ 77.11611196669412, 28.900384982580988 ], [ 77.119857812088526, 28.917664430469131 ], [ 77.134128794808191, 28.933003799685764 ], [ 77.128970790769529, 28.948881283644482 ], [ 77.145518702226468, 28.959839302441878 ], [ 77.14680263643271, 28.973488126975553 ], [ 77.165047656724084, 28.961593522722922 ], [ 77.206120164014408, 28.963893296938238 ], [ 77.201263000287383, 28.941582000109349 ], [ 77.215828000162162, 28.93116600001099 ], [ 77.207207000103097, 28.91563399960944 ], [ 77.231934000054196, 28.902815000212172 ], [ 77.215697999563076, 28.889303000333371 ], [ 77.172851900594765, 28.877255045483935 ], [ 77.16053210857001, 28.890951648300131 ], [ 77.147104208792314, 28.890382741670237 ], [ 77.146496185250783, 28.913641959908603 ], [ 77.131698017249732, 28.913615318392431 ], [ 77.128037132607574, 28.903419595538139 ], [ 77.137081437258701, 28.897796923489295 ], [ 77.11611196669412, 28.900384982580988 ] ] ] } },
{ "type": "Feature", "properties": { "pincode": "131024", "state": "Haryana", "district": "Sonipat", "officename": "Juan", "officetype": "S.O" }, "geometry": { "type": "Polygon", "coordinates": [ [ [ 76.83825393617019, 29.055783104406942 ], [ 76.840407548070004, 29.091800222102734 ], [ 76.852704169062235, 29.096860083126387 ], [ 76.845167432131291, 29.10622441692334 ], [ 76.86161778603207, 29.11362868551555 ], [ 76.885485315594963, 29.10327845463712 ], [ 76.897406014575949, 29.115116180367636 ], [ 76.9158964508606, 29.112604715635086 ], [ 76.919322946996488, 29.09248695251091 ], [ 76.948605024802021, 29.091970815400941 ], [ 76.958710705734632, 29.065037032033445 ], [ 76.948265041498644, 29.053779211641427 ], [ 76.954018568502306, 29.028022710080222 ], [ 76.938230458269231, 29.02045613544243 ], [ 76.905914237851903, 29.038446694359493 ], [ 76.88163914273224, 29.040714324106943 ], [ 76.862041857745623, 29.055285531102413 ], [ 76.83825393617019, 29.055783104406942 ] ] ] } },
{ "type": "Feature", "properties": { "pincode": "131027", "state": "Haryana", "district": "Sonipat", "officename": "Murthal", "officetype": "S.O" }, "geometry": { "type": "Polygon", "coordinates": [ [ [ 77.066817613542071, 29.050154820588546 ], [ 77.066227968545945, 29.089192520918289 ], [ 77.08391584264217, 29.085039992202042 ], [ 77.09673253527842, 29.092625341086716 ], [ 77.137123116338785, 29.09439167523567 ], [ 77.167846999839242, 29.07232899958376 ], [ 77.180819455054007, 29.03674178300696 ], [ 77.163496161618696, 29.016335340203852 ], [ 77.143132902461616, 29.011304316840778 ], [ 77.133274918203028, 29.000436172691366 ], [ 77.112937796941821, 29.009104497774501 ], [ 77.100915933223803, 29.002637197748527 ], [ 77.105556033883943, 29.013647184769809 ], [ 77.079765404849582, 29.005712761334905 ], [ 77.066817613542071, 29.050154820588546 ] ] ] } },
{ "type": "Feature", "properties": { "pincode": "131028", "state": "Haryana", "district": "Sonipat", "officename": "Industrial Estate Kundli", "officetype": "S.O" }, "geometry": { "type": "Polygon", "coordinates": [ [ [ 77.114427621037919, 28.889079911808665 ], [ 77.144299217035211, 28.883575866633123 ], [ 77.147104208792314, 28.890382741670237 ], [ 77.16053210857001, 28.890951648300131 ], [ 77.171928145767481, 28.87758502922577 ], [ 77.188408000129186, 28.880274000344968 ], [ 77.192603145918497, 28.861029920494616 ], [ 77.171687889184852, 28.859020148860907 ], [ 77.155200945467413, 28.838138956647697 ], [ 77.14225664982456, 28.83936525780058 ], [ 77.137385507035731, 28.86280124498154 ], [ 77.119263494215033, 28.858679509052081 ], [ 77.105671984374624, 28.869920607450126 ], [ 77.114427621037919, 28.889079911808665 ] ] ] } },
{ "type": "Feature", "properties": { "pincode": "131029", "state": "Haryana", "district": "Sonipat", "officename": "P.S.Rai", "officetype": "S.O" }, "geometry": { "type": "Polygon", "coordinates": [ [ [ 77.069967512390974, 28.902002083229718 ], [ 77.0484361220295, 28.922914342523029 ], [ 77.066516278603331, 28.946359572036727 ], [ 77.129715057104306, 28.950200775245605 ], [ 77.134128794808191, 28.933003799685764 ], [ 77.119857812088526, 28.917664430469131 ], [ 77.105671984374624, 28.869920607450126 ], [ 77.080362480044585, 28.882933030335323 ], [ 77.07307279857099, 28.868251474725867 ], [ 77.06164374995933, 28.879236988496132 ], [ 77.069967512390974, 28.902002083229718 ] ] ] } },
{ "type": "Feature", "properties": { "pincode": "131030", "state": "Haryana", "district": "Sonipat", "officename": "TDI City Kundli", "officetype": "S.O" }, "geometry": { "type": "Polygon", "coordinates": [ [ [ 77.117815234085981, 28.884508942034074 ], [ 77.112028845854638, 28.900222198995436 ], [ 77.137081437258701, 28.897796923489295 ], [ 77.128037132607574, 28.903419595538139 ], [ 77.131698017249732, 28.913615318392431 ], [ 77.146496185250783, 28.913641959908603 ], [ 77.147838491752964, 28.884965679822244 ], [ 77.117815234085981, 28.884508942034074 ] ] ] } },
{ "type": "Feature", "properties": { "pincode": "131039", "state": "Haryana", "district": "Sonipat", "officename": "Engg College Muthal", "officetype": "S.O" }, "geometry": { "type": "Polygon", "coordinates": [ [ [ 77.028267849381848, 29.061405357371484 ], [ 77.036791470849835, 29.095945971729179 ], [ 77.055649175868894, 29.09582252898673 ], [ 77.055249158322169, 29.10585260841134 ], [ 77.074413915269929, 29.122984723066622 ], [ 77.088133565012129, 29.107482136791305 ], [ 77.107426050871652, 29.123451509879374 ], [ 77.149314999587716, 29.129607999709492 ], [ 77.135094000288007, 29.10829699990677 ], [ 77.137123116338785, 29.09439167523567 ], [ 77.09673253527842, 29.092625341086716 ], [ 77.08391584264217, 29.085039992202042 ], [ 77.066227968545945, 29.089192520918289 ], [ 77.067491104131193, 29.05083631604333 ], [ 77.055588549871686, 29.037715112962076 ], [ 77.045532308269571, 29.035587937533421 ], [ 77.039949843110833, 29.057519420085214 ], [ 77.028267849381848, 29.061405357371484 ] ] ] } },
{ "type": "Feature", "properties": { "pincode": "131101", "state": "Haryana", "district": "Sonipat", "officename": "Ganaur City", "officetype": "S.O" }, "geometry": { "type": "Polygon", "coordinates": [ [ [ 76.916168886984565, 29.134746882362776 ], [ 76.900341890066215, 29.169187510994959 ], [ 76.912504568730981, 29.191134041003238 ], [ 76.889620047627091, 29.194429975363164 ], [ 76.892577614765287, 29.203458299960744 ], [ 76.91626507037688, 29.215526378040011 ], [ 76.942282697288761, 29.202297650216622 ], [ 76.964070436701434, 29.212914108299572 ], [ 77.00706112686953, 29.178019171847382 ], [ 77.078445762162232, 29.170559085033858 ], [ 77.101236459694974, 29.155638904212196 ], [ 77.141988128449498, 29.164534571613274 ], [ 77.137366999887206, 29.148870000350428 ], [ 77.148195006394587, 29.13141360005784 ], [ 77.107426050871652, 29.123451509879374 ], [ 77.089020575339532, 29.107560695269967 ], [ 77.074413915269929, 29.122984723066622 ], [ 77.055249158322169, 29.10585260841134 ], [ 77.055649175868894, 29.09582252898673 ], [ 77.035838545612478, 29.094771538076088 ], [ 77.028267849381848, 29.061405357371484 ], [ 77.009245303128239, 29.059759227506504 ], [ 76.997189370393301, 29.067822466233906 ], [ 77.000877533271705, 29.087153662511582 ], [ 76.979718847147069, 29.096680282569025 ], [ 76.964307216505006, 29.122766605994116 ], [ 76.916168886984565, 29.134746882362776 ] ] ] } },
{ "type": "Feature", "properties": { "pincode": "131102", "state": "Haryana", "district": "Sonipat", "officename": "Purkhas", "officetype": "S.O" }, "geometry": { "type": "Polygon", "coordinates": [ [ [ 76.832820019228677, 29.162330812617029 ], [ 76.860576019467885, 29.183952560562318 ], [ 76.8891626749176, 29.19490629768768 ], [ 76.912504568730981, 29.191134041003238 ], [ 76.900019144967644, 29.165233561579782 ], [ 76.911983645429132, 29.139158121750029 ], [ 76.933682952706192, 29.126047069316826 ], [ 76.964307216505006, 29.122766605994116 ], [ 76.979718847147069, 29.096680282569025 ], [ 77.000877533271705, 29.087153662511582 ], [ 76.999194239822316, 29.072158900013221 ], [ 76.969229766340845, 29.076460621760418 ], [ 76.95836964234519, 29.069568187921618 ], [ 76.948092774561928, 29.092300010437327 ], [ 76.919322946996488, 29.09248695251091 ], [ 76.914242233392542, 29.113309055668481 ], [ 76.897406014575949, 29.115116180367636 ], [ 76.885485315594963, 29.10327845463712 ], [ 76.86161778603207, 29.11362868551555 ], [ 76.847680725185512, 29.127332818354887 ], [ 76.846243002412848, 29.150881227986417 ], [ 76.832820019228677, 29.162330812617029 ] ] ] } },
{ "type": "Feature", "properties": { "pincode": "131103", "state": "Haryana", "district": "Sonipat", "officename": "Nahri", "officetype": "S.O" }, "geometry": { "type": "Polygon", "coordinates": [ [ [ 76.965727065251826, 28.860214902695589 ], [ 76.961641247345824, 28.872754545685893 ], [ 76.971100766287464, 28.89332400769689 ], [ 76.962179502382241, 28.906857274743629 ], [ 76.982605054879627, 28.913266964199067 ], [ 76.981927310497042, 28.920267051383291 ], [ 77.028975069943556, 28.9094316830259 ], [ 77.0484361220295, 28.922914342523029 ], [ 77.068803647570292, 28.906317444994215 ], [ 77.06117947765091, 28.881153843974744 ], [ 77.07307279857099, 28.868251474725867 ], [ 77.058834073633591, 28.870159055496174 ], [ 77.047729230619723, 28.851900786392264 ], [ 77.014276314800213, 28.855945463012745 ], [ 76.993668762003779, 28.845863887508528 ], [ 76.965727065251826, 28.860214902695589 ] ] ] } },
{ "type": "Feature", "properties": { "pincode": "131301", "state": "Haryana", "district": "Sonipat", "officename": "Bus Stand Gohana", "officetype": "S.O" }, "geometry": { "type": "Polygon", "coordinates": [ [ [ 76.579866038187276, 29.106733604072645 ], [ 76.632301732239284, 29.129781179457893 ], [ 76.624405375307958, 29.152610608992632 ], [ 76.665276840054275, 29.172861066185305 ], [ 76.667958237082928, 29.201438846225869 ], [ 76.632040439614627, 29.239912468385626 ], [ 76.640182154083277, 29.271663136644634 ], [ 76.682980320985109, 29.261625990347227 ], [ 76.678048322871916, 29.244351728849381 ], [ 76.692411120077168, 29.226447414916436 ], [ 76.683306506889892, 29.214601269732896 ], [ 76.715023253620359, 29.164283587917396 ], [ 76.734207365777308, 29.163316848193915 ], [ 76.737145637960907, 29.149725429185366 ], [ 76.760276518446574, 29.141946068656296 ], [ 76.770467023434549, 29.150829149145977 ], [ 76.788101797060449, 29.146884700168926 ], [ 76.798231943149688, 29.133671205062114 ], [ 76.814741758425498, 29.132823942970674 ], [ 76.826400588316687, 29.122851538867508 ], [ 76.829280626699585, 29.102560696718967 ], [ 76.845167432131291, 29.10622441692334 ], [ 76.852704169062235, 29.096860083126387 ], [ 76.840407548070004, 29.091800222102734 ], [ 76.839277471678088, 29.054885652051325 ], [ 76.826176631946112, 29.028639602735723 ], [ 76.817641163708799, 29.029188905044066 ], [ 76.80948844963234, 29.049546254756024 ], [ 76.819182289630987, 29.063543306678298 ], [ 76.796848530435341, 29.079018961855581 ], [ 76.785436509587214, 29.06860331159362 ], [ 76.75805757439764, 29.073671574983223 ], [ 76.71992623690636, 29.032168553236261 ], [ 76.683412625092615, 29.042993983185909 ], [ 76.662014623076459, 29.059252401077515 ], [ 76.628893490542282, 29.044671420249983 ], [ 76.575583856909418, 29.04917553802062 ], [ 76.551272849162785, 29.092974122457974 ], [ 76.548764415145683, 29.125308061318037 ], [ 76.579866038187276, 29.106733604072645 ] ] ] } },
{ "type": "Feature", "properties": { "pincode": "131302", "state": "Haryana", "district": "Sonipat", "officename": "Butana", "officetype": "S.O" }, "geometry": { "type": "Polygon", "coordinates": [ [ [ 76.497573273088278, 29.175901254039672 ], [ 76.480354909851371, 29.222997619144905 ], [ 76.479894251918267, 29.235397520079573 ], [ 76.487838416809666, 29.238965089267538 ], [ 76.527789635883096, 29.231679686768302 ], [ 76.539340929340483, 29.211902762202783 ], [ 76.562996307033927, 29.208598777111888 ], [ 76.570536361563825, 29.225264039304022 ], [ 76.601995294247615, 29.236452048923013 ], [ 76.624831932747611, 29.259070982240132 ], [ 76.612127605005128, 29.283441249014516 ], [ 76.617522621771627, 29.286474659577948 ], [ 76.640182154083277, 29.271663136644634 ], [ 76.632040439614627, 29.239912468385626 ], [ 76.667958237082928, 29.201438846225869 ], [ 76.668257066510478, 29.184842647470305 ], [ 76.661965542575729, 29.169698172133053 ], [ 76.621686807500282, 29.152153675151965 ], [ 76.602255078709106, 29.154703866490422 ], [ 76.584270552444082, 29.168286750932907 ], [ 76.570233192008232, 29.161369868125007 ], [ 76.560572531597245, 29.176400125065754 ], [ 76.531807724047326, 29.165384787078438 ], [ 76.508020874463966, 29.16587069437719 ], [ 76.497573273088278, 29.175901254039672 ] ] ] } },
{ "type": "Feature", "properties": { "pincode": "131304", "state": "Haryana", "district": "Sonipat", "officename": "Baroda", "officetype": "S.O" }, "geometry": { "type": "Polygon", "coordinates": [ [ [ 76.473685638281722, 29.089468989602324 ], [ 76.493811022260957, 29.143015568513647 ], [ 76.512695862524083, 29.158103288535983 ], [ 76.508020874463966, 29.16587069437719 ], [ 76.531807724047326, 29.165384787078438 ], [ 76.560572531597245, 29.176400125065754 ], [ 76.570233192008232, 29.161369868125007 ], [ 76.584270552444082, 29.168286750932907 ], [ 76.602255078709106, 29.154703866490422 ], [ 76.624405375307958, 29.152610608992632 ], [ 76.632301732239284, 29.129781179457893 ], [ 76.585485797331728, 29.106427400204325 ], [ 76.548764415145683, 29.125308061318037 ], [ 76.551272849162785, 29.092974122457974 ], [ 76.520974609390805, 29.065906610801562 ], [ 76.473685638281722, 29.089468989602324 ] ] ] } },
{ "type": "Feature", "properties": { "pincode": "131305", "state": "Haryana", "district": "Sonipat", "officename": "Kanyagurukul Khanpur", "officetype": "S.O" }, "geometry": { "type": "Polygon", "coordinates": [ [ [ 76.734207365777308, 29.163316848193915 ], [ 76.765907092838233, 29.191827151202119 ], [ 76.793987481237252, 29.184631987576154 ], [ 76.808994861223994, 29.210600318150227 ], [ 76.857051597053669, 29.192217370635262 ], [ 76.864635858658005, 29.185802968732105 ], [ 76.832820019228677, 29.162330812617029 ], [ 76.846243002412848, 29.150881227986417 ], [ 76.847680725185512, 29.127332818354887 ], [ 76.86161778603207, 29.11362868551555 ], [ 76.829280626699585, 29.102560696718967 ], [ 76.826400588316687, 29.122851538867508 ], [ 76.814741758425498, 29.132823942970674 ], [ 76.798231943149688, 29.133671205062114 ], [ 76.788101797060449, 29.146884700168926 ], [ 76.770467023434549, 29.150829149145977 ], [ 76.760276518446574, 29.141946068656296 ], [ 76.737145637960907, 29.149725429185366 ], [ 76.734207365777308, 29.163316848193915 ] ] ] } },
{ "type": "Feature", "properties": { "pincode": "131306", "state": "Haryana", "district": "Sonipat", "officename": "Mundlana", "officetype": "S.O" }, "geometry": { "type": "Polygon", "coordinates": [ [ [ 76.683306506889892, 29.214601269732896 ], [ 76.692411120077168, 29.226447414916436 ], [ 76.678048322871916, 29.244351728849381 ], [ 76.686072908737913, 29.256649397551769 ], [ 76.717853672808815, 29.237925160018335 ], [ 76.755674442921304, 29.250885269339733 ], [ 76.778152150301537, 29.269484587443856 ], [ 76.79651620935573, 29.260225870028023 ], [ 76.796731570905308, 29.238694233252431 ], [ 76.808994861223994, 29.210600318150227 ], [ 76.793987481237252, 29.184631987576154 ], [ 76.765907092838233, 29.191827151202119 ], [ 76.725818219934979, 29.161300712957598 ], [ 76.713491959086696, 29.165877739666143 ], [ 76.683306506889892, 29.214601269732896 ] ] ] } },
{ "type": "Feature", "properties": { "pincode": "131402", "state": "Haryana", "district": "Sonipat", "officename": "Kharkhauda", "officetype": "S.O" }, "geometry": { "type": "Polygon", "coordinates": [ [ [ 76.823095739876635, 28.873447043446333 ], [ 76.825207571971987, 28.919071530426777 ], [ 76.851072151358835, 28.926853347903773 ], [ 76.826680377297635, 28.956166330911572 ], [ 76.851395554761211, 28.981736844579814 ], [ 76.865002333291045, 28.982308137110977 ], [ 76.877987968969649, 28.973653715546675 ], [ 76.922960934899265, 28.968915036599697 ], [ 76.919532767823171, 28.954336947991749 ], [ 76.927254397272804, 28.948378344085484 ], [ 76.909868369829496, 28.910277972950269 ], [ 76.919415287585537, 28.891529920469509 ], [ 76.927726524259924, 28.896643712037815 ], [ 76.939804315017284, 28.883729763118197 ], [ 76.963531277846243, 28.883255252927768 ], [ 76.965727065251826, 28.860214902695589 ], [ 76.992746141221517, 28.845985016295515 ], [ 77.014276314800213, 28.855945463012745 ], [ 77.047729230619723, 28.851900786392264 ], [ 77.03900886356837, 28.831053657800169 ], [ 76.993499446642204, 28.838275212031533 ], [ 76.977505433029478, 28.820666970204627 ], [ 76.965294508435022, 28.826080323248505 ], [ 76.96090714424929, 28.815206519665253 ], [ 76.928518867451828, 28.817670032546062 ], [ 76.888335886791822, 28.808456443110458 ], [ 76.877748432744113, 28.822047841434767 ], [ 76.881020022456141, 28.830689399995947 ], [ 76.867735881106171, 28.841425638782312 ], [ 76.852565990927872, 28.83037501499507 ], [ 76.847577453336839, 28.861043467881814 ], [ 76.823095739876635, 28.873447043446333 ] ] ] } },
{ "type": "Feature", "properties": { "pincode": "131403", "state": "Haryana", "district": "Sonipat", "officename": "Rohat (Sonipat)", "officetype": "S.O" }, "geometry": { "type": "Polygon", "coordinates": [ [ [ 76.909868369829496, 28.910277972950269 ], [ 76.927254397272804, 28.948378344085484 ], [ 76.949195460302349, 28.942019039147397 ], [ 76.966782604933314, 28.952163201170833 ], [ 76.983913431759504, 28.93182960165484 ], [ 76.977976606735069, 28.924111703492315 ], [ 76.982605054879627, 28.913266964199067 ], [ 76.962179502382241, 28.906857274743629 ], [ 76.971100766287464, 28.89332400769689 ], [ 76.963531277846243, 28.883255252927768 ], [ 76.939804315017284, 28.883729763118197 ], [ 76.927726524259924, 28.896643712037815 ], [ 76.919415287585537, 28.891529920469509 ], [ 76.909868369829496, 28.910277972950269 ] ] ] } },
{ "type": "Feature", "properties": { "pincode": "131408", "state": "Haryana", "district": "Sonipat", "officename": "Farmana", "officetype": "S.O" }, "geometry": { "type": "Polygon", "coordinates": [ [ [ 76.762917372239144, 28.953153589466638 ], [ 76.772438780725338, 28.998067872834156 ], [ 76.782745897205473, 28.985223635762168 ], [ 76.817641163708799, 29.029188905044066 ], [ 76.829987854456135, 29.032860694865235 ], [ 76.850663253906021, 29.017359896442144 ], [ 76.837380684571144, 29.005132852399299 ], [ 76.844051574021023, 28.998105958223391 ], [ 76.834479082244002, 28.993069849194228 ], [ 76.851395554761211, 28.981736844579814 ], [ 76.850732336228475, 28.974731193289983 ], [ 76.826680377297635, 28.956166330911572 ], [ 76.850748452079529, 28.927525802473838 ], [ 76.845762489247591, 28.921490238184049 ], [ 76.790056993335725, 28.926560946830421 ], [ 76.775228443537912, 28.932646483748385 ], [ 76.762917372239144, 28.953153589466638 ] ] ] } },
{ "type": "Feature", "properties": { "pincode": "131409", "state": "Haryana", "district": "Sonipat", "officename": "Bhainswal Kalan", "officetype": "S.O" }, "geometry": { "type": "Polygon", "coordinates": [ [ [ 76.740878943208827, 28.951233955982275 ], [ 76.743885333641401, 29.009713929654254 ], [ 76.71992623690636, 29.032168553236261 ], [ 76.75805757439764, 29.073671574983223 ], [ 76.785436509587214, 29.06860331159362 ], [ 76.798307389974127, 29.078426744798492 ], [ 76.819182289630987, 29.063543306678298 ], [ 76.809305460079088, 29.051205079450824 ], [ 76.816297502827581, 29.023115934352973 ], [ 76.782745897205473, 28.985223635762168 ], [ 76.770491760186587, 28.996568627440183 ], [ 76.761604238844598, 28.9591068478029 ], [ 76.740878943208827, 28.951233955982275 ] ] ] } },
{ "type": "Feature", "properties": { "pincode": "132001", "state": "Haryana", "district": "Karnal", "officename": "Karnal", "officetype": "H.O" }, "geometry": { "type": "Polygon", "coordinates": [ [ [ 76.805166880747038, 29.704742286227656 ], [ 76.804160093313726, 29.72373686806219 ], [ 76.828760083810948, 29.748027998093733 ], [ 76.871933965880032, 29.748262405485718 ], [ 76.90168250944032, 29.767542362889799 ], [ 76.911663374365219, 29.734117363825419 ], [ 76.931238549519492, 29.745494451408035 ], [ 76.943543012600117, 29.731797273025734 ], [ 76.968004556964786, 29.741538224909277 ], [ 76.970621763084125, 29.771307772136083 ], [ 77.002671803960709, 29.77453029663593 ], [ 77.021377888678671, 29.764871596746787 ], [ 77.029633133562299, 29.731341629712631 ], [ 77.020024030384775, 29.721784854487566 ], [ 77.035886591892677, 29.71097033781092 ], [ 77.030863692105868, 29.693179086645614 ], [ 77.042960628530182, 29.693659053922431 ], [ 77.052607194766324, 29.679937482329137 ], [ 77.060832153181479, 29.698791318464657 ], [ 77.089566484505724, 29.705721999570812 ], [ 77.106616062981004, 29.69434774755058 ], [ 77.136008212409081, 29.690605569591412 ], [ 77.131584000301473, 29.675359999664408 ], [ 77.142898999589249, 29.658075000261078 ], [ 77.121238999880063, 29.642332000021781 ], [ 77.106040999592608, 29.612863999973683 ], [ 77.074580034441169, 29.618804035577909 ], [ 77.067049847272756, 29.613493307769943 ], [ 77.065512881614382, 29.591782705907178 ], [ 77.039279415612555, 29.59110146226277 ], [ 77.021176854228429, 29.596639502711014 ], [ 77.030606691045989, 29.611433848593435 ], [ 77.017492384865761, 29.633375179620884 ], [ 77.014109507647788, 29.628633021197061 ], [ 76.984759929427241, 29.654696305790026 ], [ 76.976674760731782, 29.650710901686921 ], [ 76.963210320599899, 29.665583806947154 ], [ 76.894790369679868, 29.68232291517063 ], [ 76.888330159009627, 29.676542348250905 ], [ 76.863103464253584, 29.689173625862338 ], [ 76.830005608871829, 29.678908136301516 ], [ 76.841487575391284, 29.693509972407469 ], [ 76.805166880747038, 29.704742286227656 ] ] ] } },
{ "type": "Feature", "properties": { "pincode": "132022", "state": "Haryana", "district": "Karnal", "officename": "Kunjpura", "officetype": "S.O" }, "geometry": { "type": "Polygon", "coordinates": [ [ [ 77.07925308356306, 29.705182777763014 ], [ 77.069641001830917, 29.727916522129817 ], [ 77.086869605647905, 29.739212060987882 ], [ 77.09055172508215, 29.753362679344207 ], [ 77.109159764811523, 29.75613672003368 ], [ 77.114884525200807, 29.785941200526167 ], [ 77.144999184564881, 29.774848734881289 ], [ 77.130066000445709, 29.770709999966698 ], [ 77.124671999912891, 29.743746000277838 ], [ 77.151901000131204, 29.71236800028305 ], [ 77.154259000052946, 29.696728000297128 ], [ 77.113546862797534, 29.692098379436743 ], [ 77.07925308356306, 29.705182777763014 ] ] ] } },
{ "type": "Feature", "properties": { "pincode": "132023", "state": "Haryana", "district": "Karnal", "officename": "S.S. Kunjpura", "officetype": "S.O" }, "geometry": { "type": "Polygon", "coordinates": [ [ [ 77.029518416042208, 29.729450739460049 ], [ 77.021377888678671, 29.764871596746787 ], [ 77.038029300411893, 29.766191657618947 ], [ 77.053284050618572, 29.794871007990821 ], [ 77.074729598891963, 29.79015620514491 ], [ 77.103237396388806, 29.799867935357099 ], [ 77.114884525200807, 29.785941200526167 ], [ 77.109159764811523, 29.75613672003368 ], [ 77.09055172508215, 29.753362679344207 ], [ 77.086869605647905, 29.739212060987882 ], [ 77.069641001830917, 29.727916522129817 ], [ 77.078269612852523, 29.703338685531889 ], [ 77.060832153181479, 29.698791318464657 ], [ 77.052607194766324, 29.679937482329137 ], [ 77.042960628530182, 29.693659053922431 ], [ 77.030863692105868, 29.693179086645614 ], [ 77.035886591892677, 29.71097033781092 ], [ 77.020477071059986, 29.720383287159052 ], [ 77.029518416042208, 29.729450739460049 ] ] ] } },
{ "type": "Feature", "properties": { "pincode": "132024", "state": "Haryana", "district": "Karnal", "officename": "Nissing", "officetype": "S.O" }, "geometry": { "type": "Polygon", "coordinates": [ [ [ 76.679049119921046, 29.688747455131079 ], [ 76.661047858172253, 29.700170338890132 ], [ 76.694977919195821, 29.716442871641277 ], [ 76.695071445990493, 29.742296864209095 ], [ 76.684110287659792, 29.75739382926173 ], [ 76.701928701048871, 29.782095877522863 ], [ 76.768394087017725, 29.778848256541835 ], [ 76.792550920388692, 29.790473068677329 ], [ 76.814827702136824, 29.774957529466576 ], [ 76.815747105144965, 29.759107570158335 ], [ 76.828760083810948, 29.748027998093733 ], [ 76.804160093313726, 29.72373686806219 ], [ 76.805166880747038, 29.704742286227656 ], [ 76.841487575391284, 29.693509972407469 ], [ 76.82982030356419, 29.683637239267284 ], [ 76.829826883903706, 29.658285697926772 ], [ 76.805229857572044, 29.654186589839298 ], [ 76.798117396500743, 29.633404334742409 ], [ 76.790304752062696, 29.634399215151745 ], [ 76.783109585738771, 29.622215116434575 ], [ 76.776368452042561, 29.627512242895818 ], [ 76.760084535672945, 29.616669203321123 ], [ 76.696131036218503, 29.60668751371793 ], [ 76.687753360329452, 29.609549588143011 ], [ 76.690968015761484, 29.633547868339519 ], [ 76.67836302623266, 29.647130929049297 ], [ 76.700810490311881, 29.659921078195282 ], [ 76.710136598425379, 29.684502977930265 ], [ 76.679049119921046, 29.688747455131079 ] ] ] } },
{ "type": "Feature", "properties": { "pincode": "132036", "state": "Haryana", "district": "Karnal", "officename": "Jundla", "officetype": "S.O" }, "geometry": { "type": "Polygon", "coordinates": [ [ [ 76.723446154616397, 29.570366829865407 ], [ 76.711971109279375, 29.573534105414808 ], [ 76.73004532403246, 29.593365348132465 ], [ 76.729784780543298, 29.612976687724029 ], [ 76.760084535672945, 29.616669203321123 ], [ 76.776368452042561, 29.627512242895818 ], [ 76.783109585738771, 29.622215116434575 ], [ 76.790304752062696, 29.634399215151745 ], [ 76.798117396500743, 29.633404334742409 ], [ 76.805229857572044, 29.654186589839298 ], [ 76.829826883903706, 29.658285697926772 ], [ 76.830005608871829, 29.678908136301516 ], [ 76.844047486602449, 29.685885547979808 ], [ 76.863103464253584, 29.689173625862338 ], [ 76.888330159009627, 29.676542348250905 ], [ 76.894790369679868, 29.68232291517063 ], [ 76.942736720923108, 29.669726086989328 ], [ 76.929178195517409, 29.654143205644573 ], [ 76.928920199807465, 29.640864174242324 ], [ 76.912009890344166, 29.63140529921543 ], [ 76.911644864519133, 29.61454964784798 ], [ 76.87608801804771, 29.604070659233685 ], [ 76.843201861277123, 29.583682657028987 ], [ 76.825971149449117, 29.586239451189897 ], [ 76.804016965310723, 29.561425512877236 ], [ 76.783415093531914, 29.564493382763374 ], [ 76.77652935244771, 29.556489896791277 ], [ 76.754892262068438, 29.585264745271786 ], [ 76.723446154616397, 29.570366829865407 ] ] ] } },
{ "type": "Feature", "properties": { "pincode": "132037", "state": "Haryana", "district": "Karnal", "officename": "Madhuban PTC", "officetype": "S.O" }, "geometry": { "type": "Polygon", "coordinates": [ [ [ 76.896335901380894, 29.607130286833353 ], [ 76.911644864519133, 29.61454964784798 ], [ 76.912009890344166, 29.63140529921543 ], [ 76.928920199807465, 29.640864174242324 ], [ 76.929178195517409, 29.654143205644573 ], [ 76.942736720923108, 29.669726086989328 ], [ 76.963210320599899, 29.665583806947154 ], [ 76.976674760731782, 29.650710901686921 ], [ 76.984759929427241, 29.654696305790026 ], [ 77.014109507647788, 29.628633021197061 ], [ 77.017492384865761, 29.633375179620884 ], [ 77.030606691045989, 29.611433848593435 ], [ 77.007634200957625, 29.587917118480334 ], [ 76.980672015201435, 29.596421463879608 ], [ 76.945531653762941, 29.575548362866812 ], [ 76.912425367236892, 29.604506891579774 ], [ 76.896335901380894, 29.607130286833353 ] ] ] } },
{ "type": "Feature", "properties": { "pincode": "132039", "state": "Haryana", "district": "Karnal", "officename": "Assandh", "officetype": "S.O" }, "geometry": { "type": "Polygon", "coordinates": [ [ [ 76.454452471704315, 29.420263614974033 ], [ 76.449057311046147, 29.436842926260169 ], [ 76.481134466482558, 29.475127875151486 ], [ 76.494165934310558, 29.479212915143989 ], [ 76.492832008590483, 29.500573668140419 ], [ 76.51366776525515, 29.510798772745204 ], [ 76.537109709545575, 29.564259945739877 ], [ 76.560947687385976, 29.581620653670313 ], [ 76.563766989155283, 29.595898405587093 ], [ 76.549553868816133, 29.615986020738433 ], [ 76.579778365978939, 29.635595405203844 ], [ 76.61595474281728, 29.634772438297489 ], [ 76.655257250321995, 29.667267192127383 ], [ 76.675083240099525, 29.674048609156046 ], [ 76.700810490311881, 29.659921078195282 ], [ 76.67836302623266, 29.647130929049297 ], [ 76.690968015761484, 29.633547868339519 ], [ 76.687753360329452, 29.609549588143011 ], [ 76.729784780543298, 29.612976687724029 ], [ 76.73004532403246, 29.593365348132465 ], [ 76.711971109279375, 29.573534105414808 ], [ 76.690163108141064, 29.592644672813378 ], [ 76.668276598885996, 29.573020505292163 ], [ 76.679097835296943, 29.552964638907099 ], [ 76.648109603275657, 29.529324438172523 ], [ 76.636566702291475, 29.503650890076699 ], [ 76.637944208258716, 29.484362220040566 ], [ 76.622350069200422, 29.468862269678084 ], [ 76.58850914628033, 29.47547849293818 ], [ 76.571652484974265, 29.462912371209086 ], [ 76.537685866509719, 29.457883874041613 ], [ 76.523744605828881, 29.423676920753337 ], [ 76.497641850890886, 29.423179312375396 ], [ 76.482561417175759, 29.431509556221215 ], [ 76.454452471704315, 29.420263614974033 ] ] ] } },
{ "type": "Feature", "properties": { "pincode": "132040", "state": "Haryana", "district": "Karnal", "officename": "Ballah", "officetype": "S.O" }, "geometry": { "type": "Polygon", "coordinates": [ [ [ 76.777036481948244, 29.540766807542241 ], [ 76.783149825903934, 29.564418580752942 ], [ 76.804016965310723, 29.561425512877236 ], [ 76.822686860410329, 29.584544912617844 ], [ 76.856782809479057, 29.589208070096504 ], [ 76.86665934405363, 29.55038104494929 ], [ 76.887035116377604, 29.544491616894732 ], [ 76.890779316012697, 29.512215752654981 ], [ 76.883119900762949, 29.494216428045888 ], [ 76.861738564083623, 29.491611960823377 ], [ 76.777036481948244, 29.540766807542241 ] ] ] } },
{ "type": "Feature", "properties": { "pincode": "132041", "state": "Haryana", "district": "Karnal", "officename": "Indri Town", "officetype": "S.O" }, "geometry": { "type": "Polygon", "coordinates": [ [ [ 76.975411522623688, 29.806843855959187 ], [ 77.004294975033076, 29.859059520080905 ], [ 76.989681436948899, 29.872138897492277 ], [ 76.985362892483579, 29.896532076294477 ], [ 77.018712689339225, 29.928308742154911 ], [ 77.023585939239922, 29.952543271554873 ], [ 77.037540247284824, 29.959258672949488 ], [ 77.055714869545682, 29.948957074709426 ], [ 77.095643894250429, 29.948033304593537 ], [ 77.102937488674343, 29.967381806525225 ], [ 77.116884786503874, 29.972073655075235 ], [ 77.113394684916784, 29.990688566524341 ], [ 77.124302343478405, 29.982340701362318 ], [ 77.125076818940101, 29.965021861369848 ], [ 77.136295340757385, 29.95997661882609 ], [ 77.116875715042227, 29.948252499053638 ], [ 77.128006922581449, 29.940603026708288 ], [ 77.121284941746694, 29.909415047166817 ], [ 77.111506188659803, 29.90694751881307 ], [ 77.10687522780961, 29.884478719217611 ], [ 77.093341442753626, 29.877736562992084 ], [ 77.093357840092381, 29.84731760452388 ], [ 77.070176639840213, 29.822398563343143 ], [ 77.081792294179024, 29.809406615323212 ], [ 77.078182642115394, 29.791678925541987 ], [ 77.053284050618572, 29.794871007990821 ], [ 77.0438417402043, 29.78210097218232 ], [ 77.023421734725218, 29.796282622545164 ], [ 77.01915600654462, 29.810803559237002 ], [ 76.975411522623688, 29.806843855959187 ] ] ] } },
{ "type": "Feature", "properties": { "pincode": "132046", "state": "Haryana", "district": "Karnal", "officename": "Salwan", "officetype": "S.O" }, "geometry": { "type": "Polygon", "coordinates": [ [ [ 76.636606986523248, 29.488381539376633 ], [ 76.648109603275657, 29.529324438172523 ], [ 76.679097835296943, 29.552964638907099 ], [ 76.668276598885996, 29.573020505292163 ], [ 76.690163108141064, 29.592644672813378 ], [ 76.720348991113156, 29.570383059030974 ], [ 76.756969244535128, 29.584510781547465 ], [ 76.77652935244771, 29.556489896791277 ], [ 76.776214360404595, 29.541628891360233 ], [ 76.822206381419335, 29.513089809147402 ], [ 76.798291900051197, 29.467818343841486 ], [ 76.766014983604748, 29.465296131311447 ], [ 76.753560792396684, 29.47694974063802 ], [ 76.730959732206031, 29.481611979009756 ], [ 76.716916817557092, 29.4742677860296 ], [ 76.696585398897184, 29.478295200163529 ], [ 76.697089442823597, 29.467068824566581 ], [ 76.660065305669434, 29.490261176412332 ], [ 76.636606986523248, 29.488381539376633 ] ] ] } },
{ "type": "Feature", "properties": { "pincode": "132054", "state": "Haryana", "district": "Karnal", "officename": "Garhi Birbal", "officetype": "S.O" }, "geometry": { "type": "Polygon", "coordinates": [ [ [ 77.081792294179024, 29.809406615323212 ], [ 77.070176639840213, 29.822398563343143 ], [ 77.093357840092381, 29.84731760452388 ], [ 77.093341442753626, 29.877736562992084 ], [ 77.10687522780961, 29.884478719217611 ], [ 77.111506188659803, 29.90694751881307 ], [ 77.121284941746694, 29.909415047166817 ], [ 77.128006922581449, 29.940603026708288 ], [ 77.116875715042227, 29.948252499053638 ], [ 77.142470255897649, 29.96234903128277 ], [ 77.166891767840866, 29.962334582774815 ], [ 77.180678673382147, 29.948241172092594 ], [ 77.177514844035045, 29.93612030830559 ], [ 77.205572490378188, 29.920752761530935 ], [ 77.192199999630418, 29.901383999672021 ], [ 77.19444999996773, 29.868428999798539 ], [ 77.17952000034785, 29.841535999786743 ], [ 77.180939000134856, 29.824718000335508 ], [ 77.165825000123846, 29.808916000073452 ], [ 77.164207000153056, 29.788415999898518 ], [ 77.138499097955105, 29.77620405996953 ], [ 77.114588829910701, 29.786092347783722 ], [ 77.103750841827889, 29.799777611048 ], [ 77.078182642115394, 29.791678925541987 ], [ 77.081792294179024, 29.809406615323212 ] ] ] } },
{ "type": "Feature", "properties": { "pincode": "132101", "state": "Haryana", "district": "Panipat", "officename": "Samalkha", "officetype": "S.O" }, "geometry": { "type": "Polygon", "coordinates": [ [ [ 76.931120790492059, 29.206751640675748 ], [ 76.941344593778012, 29.247527780882535 ], [ 76.933877601070492, 29.271238885066623 ], [ 76.939085098398607, 29.290359097694363 ], [ 76.962354704706001, 29.293226920586051 ], [ 76.968023147750216, 29.2906558505872 ], [ 76.962343166404139, 29.280959792860187 ], [ 76.983579099795804, 29.279203934913824 ], [ 76.99348259244772, 29.307039179814524 ], [ 77.015620178928145, 29.331302870631021 ], [ 77.056291983388462, 29.334240289357979 ], [ 77.07493301204903, 29.322712210100519 ], [ 77.083033455729492, 29.304403064549774 ], [ 77.080876129629871, 29.246490814899232 ], [ 77.052649824430034, 29.205196854051678 ], [ 77.040059203369594, 29.204624553380484 ], [ 77.037568779176013, 29.216188753008737 ], [ 77.012836851839324, 29.212802892739433 ], [ 77.00706112686953, 29.178019171847382 ], [ 76.964070436701434, 29.212914108299572 ], [ 76.950916864322039, 29.202872813429678 ], [ 76.931120790492059, 29.206751640675748 ] ] ] } },
{ "type": "Feature", "properties": { "pincode": "132102", "state": "Haryana", "district": "Panipat", "officename": "Patti Kalyana", "officetype": "S.O" }, "geometry": { "type": "Polygon", "coordinates": [ [ [ 77.00773032949121, 29.178300719902325 ], [ 77.012836851839324, 29.212802892739433 ], [ 77.037568779176013, 29.216188753008737 ], [ 77.040059203369594, 29.204624553380484 ], [ 77.057662501623327, 29.2002181505473 ], [ 77.061165858317679, 29.180863392931315 ], [ 77.079592045236893, 29.181878876808923 ], [ 77.087444611479668, 29.166520479736391 ], [ 77.00773032949121, 29.178300719902325 ] ] ] } },
{ "type": "Feature", "properties": { "pincode": "132103", "state": "Haryana", "district": "Panipat", "officename": "Panipat", "officetype": "H.O" }, "geometry": { "type": "Polygon", "coordinates": [ [ [ 76.919091880585881, 29.40258917045395 ], [ 76.899613323196434, 29.408139594566819 ], [ 76.900503813900002, 29.430672899834576 ], [ 76.8808410744561, 29.440183528147372 ], [ 76.918241579685287, 29.478920904376423 ], [ 76.969227194279711, 29.480264849443302 ], [ 77.005863555458802, 29.462628373400833 ], [ 77.068445794737784, 29.475217205709725 ], [ 77.077925536734313, 29.446317237250867 ], [ 77.133681723832581, 29.484175924579404 ], [ 77.125534000094206, 29.456856000204368 ], [ 77.15062000041263, 29.437074999911488 ], [ 77.136047000169128, 29.417138999665269 ], [ 77.137039000049924, 29.405602000032331 ], [ 77.157944000015732, 29.384720000227958 ], [ 77.128036000361249, 29.371625999840205 ], [ 77.130383894601152, 29.339262770960147 ], [ 77.068413420942761, 29.364340998438422 ], [ 77.072900996583826, 29.377849013421439 ], [ 77.050703534140894, 29.391909306569346 ], [ 77.013903257129812, 29.384244623990242 ], [ 77.013170967965891, 29.395729851451563 ], [ 77.001700123362127, 29.397630630649076 ], [ 77.005572330698612, 29.413668471822575 ], [ 76.989439850269036, 29.425557958932814 ], [ 76.956652953471121, 29.426923244911848 ], [ 76.939424601464225, 29.407670192525529 ], [ 76.919091880585881, 29.40258917045395 ] ] ] } },
{ "type": "Feature", "properties": { "pincode": "132104", "state": "Haryana", "district": "Panipat", "officename": "Panipat Khadi Ashram", "officetype": "S.O" }, "geometry": { "type": "Polygon", "coordinates": [ [ [ 76.995956564443873, 29.353688851659228 ], [ 77.011782556819696, 29.383951047502819 ], [ 77.050703534140894, 29.391909306569346 ], [ 77.072900996583826, 29.377849013421439 ], [ 77.068413420942761, 29.364340998438422 ], [ 77.098092708611659, 29.356706445845987 ], [ 77.121261705963093, 29.340786047138408 ], [ 77.157516000063424, 29.339983000215398 ], [ 77.165236999987656, 29.311816999954715 ], [ 77.150140230087686, 29.284361834631113 ], [ 77.120045759604238, 29.284421672822077 ], [ 77.111622017741922, 29.295561847501347 ], [ 77.079272670797309, 29.285649449762275 ], [ 77.081501047835218, 29.312252696304824 ], [ 77.056291983388462, 29.334240289357979 ], [ 77.061054944030502, 29.341287706962135 ], [ 77.011993827353365, 29.344559014287029 ], [ 76.995956564443873, 29.353688851659228 ] ] ] } },
{ "type": "Feature", "properties": { "pincode": "132105", "state": "Haryana", "district": "Panipat", "officename": "Panipat Thermal Project", "officetype": "S.O" }, "geometry": { "type": "Polygon", "coordinates": [ [ [ 76.825863015865593, 29.3579514510987 ], [ 76.88010153675657, 29.440645031443239 ], [ 76.900503813900002, 29.430672899834576 ], [ 76.899613323196434, 29.408139594566819 ], [ 76.918937763766849, 29.402722776434985 ], [ 76.918867288394836, 29.395713866002154 ], [ 76.897753231126899, 29.366826488052027 ], [ 76.902594532611772, 29.34877162401142 ], [ 76.869516447026513, 29.336556726212052 ], [ 76.880481006593243, 29.31694358168096 ], [ 76.867929497948012, 29.29858890615327 ], [ 76.847960117565492, 29.298854550597127 ], [ 76.835085663272821, 29.308162363802069 ], [ 76.82592018936532, 29.323953298805748 ], [ 76.831549386894778, 29.337391700866419 ], [ 76.825863015865593, 29.3579514510987 ] ] ] } },
{ "type": "Feature", "properties": { "pincode": "132106", "state": "Haryana", "district": "Panipat", "officename": "Panipat NFL", "officetype": "S.O" }, "geometry": { "type": "Polygon", "coordinates": [ [ [ 76.880481006593243, 29.31694358168096 ], [ 76.869516447026513, 29.336556726212052 ], [ 76.902594532611772, 29.34877162401142 ], [ 76.897753231126899, 29.366826488052027 ], [ 76.919091880585881, 29.40258917045395 ], [ 76.939424601464225, 29.407670192525529 ], [ 76.956652953471121, 29.426923244911848 ], [ 76.989439850269036, 29.425557958932814 ], [ 77.005572330698612, 29.413668471822575 ], [ 77.001700123362127, 29.397630630649076 ], [ 77.013170967965891, 29.395729851451563 ], [ 77.015364348785795, 29.388007173392396 ], [ 77.003605701342167, 29.378209974310892 ], [ 76.996927410471812, 29.354090164229774 ], [ 76.985198031464165, 29.339851347561819 ], [ 76.956763767034431, 29.329386014253259 ], [ 76.966812204319865, 29.318452797858413 ], [ 76.959952191040827, 29.305584333050717 ], [ 76.968023147750216, 29.2906558505872 ], [ 76.946931196717344, 29.292951500511379 ], [ 76.936584625180387, 29.282517392563591 ], [ 76.92748049582832, 29.296598717257098 ], [ 76.946584120460727, 29.32577892076074 ], [ 76.937885416279073, 29.338164201416873 ], [ 76.9189607738208, 29.339162780737809 ], [ 76.915183738139092, 29.323586418578429 ], [ 76.904517472903024, 29.318572804291477 ], [ 76.880481006593243, 29.31694358168096 ] ] ] } },
{ "type": "Feature", "properties": { "pincode": "132107", "state": "Haryana", "district": "Panipat", "officename": "Israna", "officetype": "S.O" }, "geometry": { "type": "Polygon", "coordinates": [ [ [ 76.637923152431597, 29.31342914443951 ], [ 76.653472722887898, 29.331356695055604 ], [ 76.659391461646692, 29.366558511666028 ], [ 76.697450472961123, 29.381221796648731 ], [ 76.751355545921797, 29.381510838754366 ], [ 76.746946328210527, 29.36349909720559 ], [ 76.722525108547131, 29.345024794758501 ], [ 76.721341339031824, 29.325394091863984 ], [ 76.777962448208541, 29.295686527711325 ], [ 76.826022304685807, 29.326427819388527 ], [ 76.845926467132927, 29.299765140249121 ], [ 76.868232655812335, 29.298924692320838 ], [ 76.880150834893129, 29.286804520112582 ], [ 76.867063603702491, 29.273407383444066 ], [ 76.866123726728745, 29.259393275879006 ], [ 76.91158804085552, 29.24994894109085 ], [ 76.915109087214717, 29.213649365226217 ], [ 76.892577614765287, 29.203458299960744 ], [ 76.885857278790468, 29.190188003673484 ], [ 76.864635858658005, 29.185802968732105 ], [ 76.825952323940669, 29.199043894060537 ], [ 76.804968591927036, 29.214036637580818 ], [ 76.795983710879682, 29.261199492262733 ], [ 76.778764075102117, 29.269424792420352 ], [ 76.755674442921304, 29.250885269339733 ], [ 76.716950677032173, 29.237844451260628 ], [ 76.712617433148068, 29.246314919198198 ], [ 76.683701081739628, 29.257165454622111 ], [ 76.690784338226763, 29.266409349412015 ], [ 76.68684679784144, 29.276161857583702 ], [ 76.649839714531311, 29.287535433313622 ], [ 76.637923152431597, 29.31342914443951 ] ] ] } },
{ "type": "Feature", "properties": { "pincode": "132108", "state": "Haryana", "district": "Panipat", "officename": "Panipat Beas Project", "officetype": "S.O" }, "geometry": { "type": "Polygon", "coordinates": [ [ [ 76.966914518390524, 29.315960849313853 ], [ 76.957868964581223, 29.331696029948034 ], [ 76.985198031464165, 29.339851347561819 ], [ 76.995956564443873, 29.353688851659228 ], [ 77.011993827353365, 29.344559014287029 ], [ 77.061054944030502, 29.341287706962135 ], [ 77.053944349951792, 29.33170675526253 ], [ 77.015620178928145, 29.331302870631021 ], [ 76.994962509612208, 29.309397507089272 ], [ 76.980703086778192, 29.277885796792134 ], [ 76.962343166404139, 29.280959792860187 ], [ 76.968946827034529, 29.291844953981581 ], [ 76.959952191040827, 29.305584333050717 ], [ 76.966914518390524, 29.315960849313853 ] ] ] } },
{ "type": "Feature", "properties": { "pincode": "132113", "state": "Haryana", "district": "Panipat", "officename": "Madlauda", "officetype": "S.O" }, "geometry": { "type": "Polygon", "coordinates": [ [ [ 76.777962448208541, 29.295686527711325 ], [ 76.721341339031824, 29.325394091863984 ], [ 76.721606578780722, 29.342914493309365 ], [ 76.749446966903974, 29.369802781772989 ], [ 76.751355545921797, 29.381510838754366 ], [ 76.737760520631582, 29.385079644510142 ], [ 76.750496314753264, 29.399848313848679 ], [ 76.742015589148309, 29.413413402506706 ], [ 76.757499234801912, 29.431814266315541 ], [ 76.76411920283897, 29.457031888710787 ], [ 76.788428892179809, 29.47130063661524 ], [ 76.798993095155311, 29.468009112530694 ], [ 76.804919255119671, 29.453451825241643 ], [ 76.844380326590908, 29.453599646806424 ], [ 76.843119329593435, 29.439405651449761 ], [ 76.869077011295133, 29.42825826510682 ], [ 76.826920924361332, 29.363672126767312 ], [ 76.830552046839614, 29.328344256682158 ], [ 76.777962448208541, 29.295686527711325 ] ] ] } },
{ "type": "Feature", "properties": { "pincode": "132114", "state": "Haryana", "district": "Karnal, Panipat", "officename": "Gharunda", "officetype": "S.O" }, "geometry": { "type": "Polygon", "coordinates": [ [ [ 76.871021222351658, 29.546107786744983 ], [ 76.856782809479057, 29.589208070096504 ], [ 76.878009997863217, 29.604680646894451 ], [ 76.912425367236892, 29.604506891579774 ], [ 76.945531653762941, 29.575548362866812 ], [ 76.980672015201435, 29.596421463879608 ], [ 76.998928009919837, 29.585806048110783 ], [ 77.017027087330348, 29.596643350909972 ], [ 77.065512881614382, 29.591782705907178 ], [ 77.070920198408544, 29.617124090304685 ], [ 77.099207861653611, 29.618224458492023 ], [ 77.106040999592608, 29.612863999973683 ], [ 77.098274000245112, 29.591561999686576 ], [ 77.121109000180354, 29.548044000130687 ], [ 77.100776999658876, 29.539746999724287 ], [ 77.096236999837686, 29.528647999605482 ], [ 77.133681723832581, 29.484175924579404 ], [ 77.077925536734313, 29.446317237250867 ], [ 77.068445794737784, 29.475217205709725 ], [ 77.005863555458802, 29.462628373400833 ], [ 76.963245643271932, 29.481373876303508 ], [ 76.918241579685287, 29.478920904376423 ], [ 76.909254200321186, 29.469902005573147 ], [ 76.899009092096094, 29.509695469170708 ], [ 76.915644189228033, 29.523684398416435 ], [ 76.886399778626981, 29.518063680594423 ], [ 76.887035116377604, 29.544491616894732 ], [ 76.871021222351658, 29.546107786744983 ] ] ] } },
{ "type": "Feature", "properties": { "pincode": "132115", "state": "Haryana", "district": "Panipat", "officename": "Hathwala", "officetype": "S.O" }, "geometry": { "type": "Polygon", "coordinates": [ [ [ 77.097752634476592, 29.159099714880085 ], [ 77.087444611479668, 29.166520479736391 ], [ 77.087768242410618, 29.176812719631414 ], [ 77.098468483134127, 29.183206720413921 ], [ 77.105490921169121, 29.219907021591723 ], [ 77.12115148235506, 29.24646626070944 ], [ 77.150208397799474, 29.252834565163141 ], [ 77.153702000447026, 29.232659999959139 ], [ 77.136086000168802, 29.219748999916533 ], [ 77.150787000020216, 29.176933000357735 ], [ 77.141988128449498, 29.164534571613274 ], [ 77.097752634476592, 29.159099714880085 ] ] ] } },
{ "type": "Feature", "properties": { "pincode": "132116", "state": "Haryana", "district": "Karnal", "officename": "Taraori", "officetype": "S.O" }, "geometry": { "type": "Polygon", "coordinates": [ [ [ 76.793015722397683, 29.790212124090317 ], [ 76.803538447741175, 29.82632640993603 ], [ 76.83367588873142, 29.838313209087516 ], [ 76.857440403651822, 29.836704492818171 ], [ 76.876557512719103, 29.848767264897504 ], [ 76.899609936349577, 29.825448043892322 ], [ 76.920276115050683, 29.828279962250633 ], [ 76.928304800026581, 29.812537023165135 ], [ 76.943979832203524, 29.815670154154418 ], [ 76.942765920111242, 29.823679226714944 ], [ 76.976601959712866, 29.806587657094724 ], [ 77.017290489764434, 29.81132812029665 ], [ 77.034585940189174, 29.787526904043432 ], [ 77.051652055398165, 29.784572905415359 ], [ 77.033211345327402, 29.763614185346569 ], [ 76.996424029345519, 29.775376606345333 ], [ 76.970621763084125, 29.771307772136083 ], [ 76.968004556964786, 29.741538224909277 ], [ 76.943543012600117, 29.731797273025734 ], [ 76.931238549519492, 29.745494451408035 ], [ 76.911663374365219, 29.734117363825419 ], [ 76.90168250944032, 29.767542362889799 ], [ 76.871933965880032, 29.748262405485718 ], [ 76.82740897834168, 29.748262153675569 ], [ 76.825594859615137, 29.757083860831642 ], [ 76.815747105144965, 29.759107570158335 ], [ 76.814827702136824, 29.774957529466576 ], [ 76.793015722397683, 29.790212124090317 ] ] ] } },
{ "type": "Feature", "properties": { "pincode": "132117", "state": "Haryana", "district": "Karnal", "officename": "Nilokheri", "officetype": "S.O" }, "geometry": { "type": "Polygon", "coordinates": [ [ [ 76.874640712099222, 29.8873756603586 ], [ 76.89112144509869, 29.895121608375689 ], [ 76.897100763989158, 29.919837200426514 ], [ 76.921551376195168, 29.912423367544477 ], [ 76.925728140741171, 29.928992530880635 ], [ 76.944059334970405, 29.915236015230107 ], [ 76.953015096869365, 29.918008993820138 ], [ 76.953593040786302, 29.94014501997674 ], [ 76.982509956969125, 29.95564319687611 ], [ 76.993396145115923, 29.971191129667091 ], [ 77.001191168237881, 29.967991420068131 ], [ 77.000859734789003, 29.95665640906617 ], [ 77.005406838355043, 29.961330022962215 ], [ 77.023585939239922, 29.952543271554873 ], [ 77.018712689339225, 29.928308742154911 ], [ 76.985362892483579, 29.896532076294477 ], [ 76.989681436948899, 29.872138897492277 ], [ 77.004294975033076, 29.859059520080905 ], [ 76.974907163035311, 29.812004406878032 ], [ 76.942765920111242, 29.823679226714944 ], [ 76.943979832203524, 29.815670154154418 ], [ 76.928304800026581, 29.812537023165135 ], [ 76.920276115050683, 29.828279962250633 ], [ 76.906475390526964, 29.822937241060913 ], [ 76.886008928769115, 29.833955759950527 ], [ 76.876557512719103, 29.848767264897504 ], [ 76.892610950834865, 29.87294987193917 ], [ 76.875390212488412, 29.8802862884815 ], [ 76.874640712099222, 29.8873756603586 ] ] ] } },
{ "type": "Feature", "properties": { "pincode": "132122", "state": "Haryana", "district": "Panipat", "officename": "Atta", "officetype": "S.O" }, "geometry": { "type": "Polygon", "coordinates": [ [ [ 77.061165858317679, 29.180863392931315 ], [ 77.052724892639787, 29.205329665931401 ], [ 77.080876129629871, 29.246490814899232 ], [ 77.079272670797309, 29.285649449762275 ], [ 77.111622017741922, 29.295561847501347 ], [ 77.120045759604238, 29.284421672822077 ], [ 77.150140230087686, 29.284361834631113 ], [ 77.140441999598579, 29.267687000055048 ], [ 77.150208397799474, 29.252834565163141 ], [ 77.12115148235506, 29.24646626070944 ], [ 77.101557908870518, 29.210039454157481 ], [ 77.098468483134127, 29.183206720413921 ], [ 77.088049450521794, 29.176682157855225 ], [ 77.061165858317679, 29.180863392931315 ] ] ] } },
{ "type": "Feature", "properties": { "pincode": "132140", "state": "Haryana", "district": "Panipat", "officename": "Panipat Refinary", "officetype": "S.O" }, "geometry": { "type": "Polygon", "coordinates": [ [ [ 76.804919255119671, 29.453451825241643 ], [ 76.798993095155311, 29.468009112530694 ], [ 76.820225624612931, 29.515550492761065 ], [ 76.862468237119572, 29.491587702510515 ], [ 76.883119900762949, 29.494216428045888 ], [ 76.890779316012697, 29.512215752654981 ], [ 76.886399778626981, 29.518063680594423 ], [ 76.896844003947706, 29.524761683704753 ], [ 76.915644189228033, 29.523684398416435 ], [ 76.899009092096094, 29.509695469170708 ], [ 76.909254200321186, 29.469902005573147 ], [ 76.869077011295133, 29.42825826510682 ], [ 76.843119329593435, 29.439405651449761 ], [ 76.844380326590908, 29.453599646806424 ], [ 76.804919255119671, 29.453451825241643 ] ] ] } },
{ "type": "Feature", "properties": { "pincode": "132145", "state": "Haryana", "district": "Panipat", "officename": "Neoltha", "officetype": "S.O" }, "geometry": { "type": "Polygon", "coordinates": [ [ [ 76.866123726728745, 29.259393275879006 ], [ 76.867063603702491, 29.273407383444066 ], [ 76.880244345500216, 29.285388531255933 ], [ 76.868232655812335, 29.298924692320838 ], [ 76.879144578059936, 29.316384957000253 ], [ 76.912891852777022, 29.322085941113471 ], [ 76.9189607738208, 29.339162780737809 ], [ 76.937885416279073, 29.338164201416873 ], [ 76.946584120460727, 29.32577892076074 ], [ 76.92729131893941, 29.298007395525133 ], [ 76.941529215600895, 29.250516721769486 ], [ 76.931120790492059, 29.206751640675748 ], [ 76.915109087214717, 29.213649365226217 ], [ 76.91158804085552, 29.24994894109085 ], [ 76.866123726728745, 29.259393275879006 ] ] ] } },
{ "type": "Feature", "properties": { "pincode": "132157", "state": "Haryana", "district": "Karnal", "officename": "Nigdhu", "officetype": "S.O" }, "geometry": { "type": "Polygon", "coordinates": [ [ [ 76.694800867865808, 29.850944575731717 ], [ 76.683262611880082, 29.861558280090662 ], [ 76.701060777932696, 29.900601940227432 ], [ 76.718421376145784, 29.884979544470525 ], [ 76.753961490730376, 29.873477134562222 ], [ 76.763683132370716, 29.884679622366832 ], [ 76.780153425140497, 29.880258272801086 ], [ 76.819551434351297, 29.893619650626363 ], [ 76.823679123792544, 29.88756741290581 ], [ 76.835416736992897, 29.892748643735047 ], [ 76.874640712099222, 29.8873756603586 ], [ 76.875390212488412, 29.8802862884815 ], [ 76.892610950834865, 29.87294987193917 ], [ 76.866756065240395, 29.840297595557615 ], [ 76.83367588873142, 29.838313209087516 ], [ 76.803538447741175, 29.82632640993603 ], [ 76.793015722397683, 29.790212124090317 ], [ 76.768394087017725, 29.778848256541835 ], [ 76.701928701048871, 29.782095877522863 ], [ 76.701290729183995, 29.79246501664727 ], [ 76.716389577417203, 29.812308970382787 ], [ 76.688658677256171, 29.827868190564516 ], [ 76.694800867865808, 29.850944575731717 ] ] ] } },
{ "type": "Feature", "properties": { "pincode": "133001", "state": "Haryana", "district": "Ambala", "officename": "Ambala G.P.O.", "officetype": "H.O" }, "geometry": { "type": "Polygon", "coordinates": [ [ [ 76.761977693116194, 30.279806716107146 ], [ 76.766525682514214, 30.307510625814928 ], [ 76.79146722113552, 30.31029938301009 ], [ 76.810333299742069, 30.329389772320326 ], [ 76.80250026047878, 30.350290555364893 ], [ 76.806631117332188, 30.368005593483417 ], [ 76.821253846488048, 30.378584476991989 ], [ 76.81556906995678, 30.384010704730429 ], [ 76.819772566850475, 30.391574780152098 ], [ 76.799930016956807, 30.409314597290916 ], [ 76.821105999742201, 30.407767999893395 ], [ 76.845153999857189, 30.429775000316056 ], [ 76.880233999699385, 30.397346000417656 ], [ 76.852315140331541, 30.388544034279846 ], [ 76.865348087544191, 30.374936355528575 ], [ 76.864708403370287, 30.360206393909948 ], [ 76.879695193378609, 30.352305370396664 ], [ 76.864420908997829, 30.322896013340539 ], [ 76.840805969320115, 30.316429913909531 ], [ 76.812375833677834, 30.291012059259174 ], [ 76.791600140933895, 30.295010282298733 ], [ 76.77175474198782, 30.274218381972844 ], [ 76.761977693116194, 30.279806716107146 ] ] ] } },
{ "type": "Feature", "properties": { "pincode": "133004", "state": "Haryana", "district": "Ambala", "officename": "Kuldeep Nagar", "officetype": "S.O" }, "geometry": { "type": "Polygon", "coordinates": [ [ [ 76.852839497244986, 30.321118370216823 ], [ 76.89998327460853, 30.298479030383078 ], [ 76.863762802211681, 30.251453836725432 ], [ 76.862901026861039, 30.25845056674035 ], [ 76.823152026644948, 30.258284166980729 ], [ 76.808317173498835, 30.269476414205258 ], [ 76.812375833677834, 30.291012059259174 ], [ 76.840805969320115, 30.316429913909531 ], [ 76.852839497244986, 30.321118370216823 ] ] ] } },
{ "type": "Feature", "properties": { "pincode": "133005", "state": "Haryana", "district": "Ambala", "officename": "Babyal", "officetype": "S.O" }, "geometry": { "type": "Polygon", "coordinates": [ [ [ 76.864708403370287, 30.360206393909948 ], [ 76.865348087544191, 30.374936355528575 ], [ 76.87591528885963, 30.385588013975791 ], [ 76.869967668373192, 30.391402269499224 ], [ 76.879789311027935, 30.395143292728903 ], [ 76.892883000250379, 30.382026999946333 ], [ 76.888490991965682, 30.3639176585732 ], [ 76.879695193378609, 30.352305370396664 ], [ 76.864708403370287, 30.360206393909948 ] ] ] } },
{ "type": "Feature", "properties": { "pincode": "133006", "state": "Haryana", "district": "Ambala", "officename": "Ind-estate", "officetype": "S.O" }, "geometry": { "type": "Polygon", "coordinates": [ [ [ 76.858777723413368, 30.317115599305623 ], [ 76.874051803647944, 30.346510224567339 ], [ 76.888490991965682, 30.3639176585732 ], [ 76.893384042239802, 30.355380830560875 ], [ 76.883544314218796, 30.330889778540552 ], [ 76.894286700770806, 30.318326878183029 ], [ 76.866752401402266, 30.306461012665636 ], [ 76.858777723413368, 30.317115599305623 ] ] ] } },
{ "type": "Feature", "properties": { "pincode": "133101", "state": "Haryana", "district": "Ambala", "officename": "Bihta (Ambala)", "officetype": "S.O" }, "geometry": { "type": "Polygon", "coordinates": [ [ [ 76.881983056073238, 30.269492939247925 ], [ 76.89998327460853, 30.298479030383078 ], [ 76.885757363211894, 30.30414579259434 ], [ 76.883228618905719, 30.316195473242487 ], [ 76.90713228412767, 30.325653738529184 ], [ 76.91318155588408, 30.320868677047883 ], [ 76.922070463980731, 30.326372363393887 ], [ 76.920782534086811, 30.309733684262312 ], [ 76.934738492387623, 30.294612685726861 ], [ 76.950177546057091, 30.298476778480733 ], [ 76.96303869128252, 30.285997509677372 ], [ 76.974673959835627, 30.291706458186468 ], [ 76.976972994807966, 30.284428470597561 ], [ 76.997062688292544, 30.277992646843245 ], [ 76.988738350294796, 30.263851331973569 ], [ 76.967516897786822, 30.260051085689156 ], [ 76.956758292860968, 30.245442451607914 ], [ 76.934321676404295, 30.267067461394333 ], [ 76.912906124118479, 30.260140983719509 ], [ 76.903268716578225, 30.271117659852337 ], [ 76.898608024141083, 30.259063630981814 ], [ 76.881983056073238, 30.269492939247925 ] ] ] } },
{ "type": "Feature", "properties": { "pincode": "133102", "state": "Haryana", "district": "Ambala", "officename": "Kesri", "officetype": "S.O" }, "geometry": { "type": "Polygon", "coordinates": [ [ [ 76.858863854183653, 30.241127840777324 ], [ 76.881983056073238, 30.269492939247925 ], [ 76.898608024141083, 30.259063630981814 ], [ 76.903268716578225, 30.271117659852337 ], [ 76.912906124118479, 30.260140983719509 ], [ 76.934321676404295, 30.267067461394333 ], [ 76.956758292860968, 30.245442451607914 ], [ 76.949689339191764, 30.232647484793688 ], [ 76.957725661210475, 30.22416104849367 ], [ 76.933538416364911, 30.198764139953198 ], [ 76.915646402459629, 30.202397705889496 ], [ 76.901302079127788, 30.191415435074248 ], [ 76.890835924738269, 30.196200653037636 ], [ 76.896400852217596, 30.209087010757059 ], [ 76.858863854183653, 30.241127840777324 ] ] ] } },
{ "type": "Feature", "properties": { "pincode": "133103", "state": "Haryana", "district": "Yamunanagar", "officename": "Mustafabad (Yamuna Nagar)", "officetype": "S.O" }, "geometry": { "type": "Polygon", "coordinates": [ [ [ 77.061344528427355, 30.141928981337514 ], [ 77.069503588120085, 30.156748690799589 ], [ 77.066214638794577, 30.167776174131234 ], [ 77.091665128043246, 30.157351399347704 ], [ 77.105427277047113, 30.177566151656606 ], [ 77.069242041886866, 30.203736711879856 ], [ 77.071340777155285, 30.214019581738398 ], [ 77.087318279215367, 30.229573973460219 ], [ 77.111727819383532, 30.233634867555338 ], [ 77.130013317260818, 30.233309114224369 ], [ 77.14653673837978, 30.218296874301359 ], [ 77.156637345337401, 30.241727728152284 ], [ 77.127211190743822, 30.246398728618544 ], [ 77.132223474933483, 30.283003077530111 ], [ 77.188375185666359, 30.319069818917171 ], [ 77.187404997942281, 30.309691806431886 ], [ 77.211588681472506, 30.280096287014089 ], [ 77.208541670461898, 30.267350663302636 ], [ 77.21460072504351, 30.264114005057422 ], [ 77.205250402684101, 30.250493711515674 ], [ 77.234339153229485, 30.229128291037853 ], [ 77.225936892573714, 30.22266031382253 ], [ 77.238582161837371, 30.208149276867744 ], [ 77.229107119697915, 30.178992594232909 ], [ 77.225207293281983, 30.17392667717462 ], [ 77.201421783688374, 30.181839300143736 ], [ 77.1849069106255, 30.160660388266479 ], [ 77.1813266960703, 30.133575460339387 ], [ 77.130291776144645, 30.141503805256491 ], [ 77.118157977408941, 30.131588287769432 ], [ 77.100348479898628, 30.137031566653548 ], [ 77.088859039113515, 30.128822717794435 ], [ 77.08454197043568, 30.142990593241279 ], [ 77.061344528427355, 30.141928981337514 ] ] ] } },
{ "type": "Feature", "properties": { "pincode": "133104", "state": "Haryana", "district": "Ambala", "officename": "Saha", "officetype": "S.O" }, "geometry": { "type": "Polygon", "coordinates": [ [ [ 76.884242060422878, 30.328936423177538 ], [ 76.887771264532262, 30.35079213065228 ], [ 76.910384999767928, 30.358369999875777 ], [ 76.932827202813201, 30.380190252478258 ], [ 76.944731541327599, 30.369741536842639 ], [ 76.968032227305628, 30.370571854807395 ], [ 76.978131917853887, 30.379832626274776 ], [ 77.007094115800783, 30.372392047555024 ], [ 77.011879991168769, 30.352312987654216 ], [ 77.031842337953606, 30.342216305338411 ], [ 77.016847508905528, 30.332994032049044 ], [ 77.01298842987228, 30.313791739197598 ], [ 77.022071840643036, 30.307435002723309 ], [ 76.980349095634438, 30.284142916062876 ], [ 76.974673959835627, 30.291706458186468 ], [ 76.96303869128252, 30.285997509677372 ], [ 76.950177546057091, 30.298476778480733 ], [ 76.934738492387623, 30.294612685726861 ], [ 76.920782534086811, 30.309733684262312 ], [ 76.922070463980731, 30.326372363393887 ], [ 76.895047355451197, 30.32119040411385 ], [ 76.884242060422878, 30.328936423177538 ] ] ] } },
{ "type": "Feature", "properties": { "pincode": "133201", "state": "Haryana", "district": "Ambala", "officename": "Barara", "officetype": "S.O" }, "geometry": { "type": "Polygon", "coordinates": [ [ [ 76.95377635319619, 30.226348163736873 ], [ 76.957907103030436, 30.252907993709016 ], [ 76.976948535047029, 30.264855549144329 ], [ 77.008128942296935, 30.249016389794519 ], [ 77.062931115079095, 30.242200892957044 ], [ 77.076008240587953, 30.258013508816418 ], [ 77.066272108171404, 30.262629718986432 ], [ 77.075911455549317, 30.271193157938001 ], [ 77.097797638350471, 30.24967484192058 ], [ 77.070616577393253, 30.21282968064537 ], [ 77.028995324474806, 30.214646942502441 ], [ 77.008911613280418, 30.20032905204414 ], [ 76.984616506446685, 30.222051171524527 ], [ 76.95377635319619, 30.226348163736873 ] ] ] } },
{ "type": "Feature", "properties": { "pincode": "133202", "state": "Haryana", "district": "Ambala", "officename": "Dhin", "officetype": "S.O" }, "geometry": { "type": "Polygon", "coordinates": [ [ [ 77.097797638350471, 30.24967484192058 ], [ 77.077607508579774, 30.270497169908481 ], [ 77.090650962571829, 30.280052776014884 ], [ 77.086204020099615, 30.287203253227688 ], [ 77.096737540005563, 30.297779646513504 ], [ 77.120798989481784, 30.278945811300332 ], [ 77.129459277324031, 30.291876847338699 ], [ 77.134743584848536, 30.287320282005453 ], [ 77.127211190743822, 30.246398728618544 ], [ 77.154955463823683, 30.244007312587485 ], [ 77.15557619928228, 30.226636871294659 ], [ 77.142333407860576, 30.217088571280726 ], [ 77.130013317260818, 30.233309114224369 ], [ 77.087888987187114, 30.229699748144924 ], [ 77.097797638350471, 30.24967484192058 ] ] ] } },
{ "type": "Feature", "properties": { "pincode": "133203", "state": "Haryana", "district": "Ambala", "officename": "M.M.E.Complex Mulana", "officetype": "S.O" }, "geometry": { "type": "Polygon", "coordinates": [ [ [ 76.989211489918489, 30.260800345059977 ], [ 76.997062688292544, 30.277992646843245 ], [ 76.985127569581834, 30.286678925092474 ], [ 77.022853272360749, 30.308575692014642 ], [ 77.01298842987228, 30.313791739197598 ], [ 77.016847508905528, 30.332994032049044 ], [ 77.065189578036723, 30.350787770739146 ], [ 77.085042083425492, 30.342757794336933 ], [ 77.086059852480275, 30.330490402210273 ], [ 77.119497816171531, 30.342323909221193 ], [ 77.110937456498505, 30.32570114629101 ], [ 77.1179594808454, 30.320270573927985 ], [ 77.124882789309368, 30.327309279799636 ], [ 77.132424767489113, 30.316741100021773 ], [ 77.126227407968599, 30.311437442683939 ], [ 77.143620740604831, 30.293961027979208 ], [ 77.134743584848536, 30.287320282005453 ], [ 77.128711514424936, 30.291939624514157 ], [ 77.120798989481784, 30.278945811300332 ], [ 77.096737540005563, 30.297779646513504 ], [ 77.082407632806223, 30.273801018302436 ], [ 77.066272108171404, 30.262629718986432 ], [ 77.043865777283827, 30.271597041670134 ], [ 77.024386437484168, 30.245420357963269 ], [ 76.989211489918489, 30.260800345059977 ] ] ] } },
{ "type": "Feature", "properties": { "pincode": "133204", "state": "Haryana", "district": "Yamunanagar", "officename": "Sadhaura", "officetype": "S.O" }, "geometry": { "type": "Polygon", "coordinates": [ [ [ 77.169745581993141, 30.41068282315382 ], [ 77.175844208543424, 30.456023143253447 ], [ 77.212688528952583, 30.496848905352806 ], [ 77.215644999817016, 30.475848999931429 ], [ 77.239829999954679, 30.484104000199522 ], [ 77.26487700027343, 30.479878999616176 ], [ 77.276641999628623, 30.462111999569117 ], [ 77.323760999770457, 30.449005000380566 ], [ 77.35247800025968, 30.458974999696636 ], [ 77.369880999708471, 30.437390999894774 ], [ 77.394184422573232, 30.438198645950763 ], [ 77.341870497625564, 30.383813218105672 ], [ 77.282885519551201, 30.38981715863514 ], [ 77.261556804902739, 30.368836139875953 ], [ 77.192166293040032, 30.38730774885363 ], [ 77.184587425569362, 30.409848684868962 ], [ 77.169745581993141, 30.41068282315382 ] ] ] } },
{ "type": "Feature", "properties": { "pincode": "133205", "state": "Haryana", "district": "Ambala", "officename": "Adhoya", "officetype": "S.O" }, "geometry": { "type": "Polygon", "coordinates": [ [ [ 76.935274940686043, 30.166182533197514 ], [ 76.934519108170548, 30.177129803297873 ], [ 76.949650093677008, 30.181316680720442 ], [ 76.956606493594848, 30.192321529015487 ], [ 76.933538416364911, 30.198764139953198 ], [ 76.957725661210475, 30.22416104849367 ], [ 76.984616506446685, 30.222051171524527 ], [ 77.007411357948001, 30.200291731078607 ], [ 77.028995324474806, 30.214646942502441 ], [ 77.06628762237591, 30.214740084387415 ], [ 77.069242041886866, 30.203736711879856 ], [ 77.105427277047113, 30.177566151656606 ], [ 77.091665128043246, 30.157351399347704 ], [ 77.066214638794577, 30.167776174131234 ], [ 77.065853364940892, 30.128195616934306 ], [ 77.059249755571898, 30.124797584341195 ], [ 77.036428610591884, 30.132496589546122 ], [ 76.993575435757805, 30.165455108466574 ], [ 76.979482945081884, 30.166756061443209 ], [ 76.958345445186239, 30.153139872407223 ], [ 76.935274940686043, 30.166182533197514 ] ] ] } },
{ "type": "Feature", "properties": { "pincode": "133206", "state": "Haryana", "district": "Ambala, Yamunanagar", "officename": "Sarawan", "officetype": "S.O" }, "geometry": { "type": "Polygon", "coordinates": [ [ [ 77.124882789309368, 30.327309279799636 ], [ 77.1179594808454, 30.320270573927985 ], [ 77.110937456498505, 30.32570114629101 ], [ 77.119497816171531, 30.342323909221193 ], [ 77.136756573357218, 30.34090198034221 ], [ 77.163074545953691, 30.359085151558588 ], [ 77.184246581614502, 30.405774358499912 ], [ 77.192166293040032, 30.38730774885363 ], [ 77.261556804902739, 30.368836139875953 ], [ 77.25152088707938, 30.357639227868106 ], [ 77.265009279754508, 30.335325570318844 ], [ 77.251520383459138, 30.325538292558178 ], [ 77.259168678591777, 30.319238526337131 ], [ 77.251868256514967, 30.315732611970475 ], [ 77.253056303205881, 30.287252072025581 ], [ 77.24069456320359, 30.285245779869001 ], [ 77.235062296287992, 30.296815743252068 ], [ 77.222840453024673, 30.29972087991473 ], [ 77.201658137213428, 30.289727902021184 ], [ 77.188375185666359, 30.319069818917171 ], [ 77.143620740604831, 30.293961027979208 ], [ 77.126227407968599, 30.311437442683939 ], [ 77.132424767489113, 30.316741100021773 ], [ 77.124882789309368, 30.327309279799636 ] ] ] } },
{ "type": "Feature", "properties": { "pincode": "133207", "state": "Haryana", "district": "Ambala", "officename": "Mullana Engineering College", "officetype": "S.O" }, "geometry": { "type": "Polygon", "coordinates": [ [ [ 77.049407538227285, 30.272005398630313 ], [ 77.076008240587953, 30.258013508816418 ], [ 77.062931115079095, 30.242200892957044 ], [ 77.024106358021982, 30.24643719801827 ], [ 77.049407538227285, 30.272005398630313 ] ] ] } },
{ "type": "Feature", "properties": { "pincode": "133301", "state": "Haryana", "district": "Panchkula", "officename": "B.C.W. Suraj Pur", "officetype": "S.O" }, "geometry": { "type": "Polygon", "coordinates": [ [ [ 76.916602807173945, 30.759824467225314 ], [ 76.873556968779212, 30.750809137831595 ], [ 76.853309573777892, 30.778187048693496 ], [ 76.864478606802379, 30.790969524823879 ], [ 76.883793785254966, 30.792539847236242 ], [ 76.916602807173945, 30.759824467225314 ] ] ] } },
{ "type": "Feature", "properties": { "pincode": "133302", "state": "Haryana", "district": "Panchkula", "officename": "Kalka R.S.", "officetype": "S.O" }, "geometry": { "type": "Polygon", "coordinates": [ [ [ 76.893494196599931, 30.832861638253974 ], [ 76.899408342520985, 30.839664098519449 ], [ 76.882868542948927, 30.838563069330235 ], [ 76.886718012726135, 30.846162069024217 ], [ 76.875464262665787, 30.869865075712653 ], [ 76.915748999816685, 30.893414999802587 ], [ 76.940124999769125, 30.850563000382238 ], [ 76.942838781384694, 30.831847734485393 ], [ 76.924647105279632, 30.820834559367597 ], [ 76.896646490343301, 30.817512481715653 ], [ 76.893494196599931, 30.832861638253974 ] ] ] } },
{ "type": "Feature", "properties": { "pincode": "134003", "state": "Haryana", "district": "Ambala", "officename": "Ambala City", "officetype": "H.O" }, "geometry": { "type": "Polygon", "coordinates": [ [ [ 76.773412007258457, 30.338617777888203 ], [ 76.742897000296466, 30.363409000225204 ], [ 76.723853999862342, 30.361126000164745 ], [ 76.730597999698091, 30.373102000257177 ], [ 76.717399999910072, 30.376836999827788 ], [ 76.712669000274275, 30.389628999778665 ], [ 76.739119999688398, 30.401009000265276 ], [ 76.737770000385296, 30.416435000275101 ], [ 76.761497000086422, 30.422625999790114 ], [ 76.775993000376729, 30.435717000039631 ], [ 76.794714725204528, 30.380493509268092 ], [ 76.81556906995678, 30.384010704730429 ], [ 76.821253846488048, 30.378584476991989 ], [ 76.806631117332188, 30.368005593483417 ], [ 76.80250026047878, 30.350290555364893 ], [ 76.791033061726466, 30.357736254824317 ], [ 76.784139653022692, 30.351181901323685 ], [ 76.795101783520636, 30.345205843375084 ], [ 76.794138405463116, 30.338154429183703 ], [ 76.773412007258457, 30.338617777888203 ] ] ] } },
{ "type": "Feature", "properties": { "pincode": "134005", "state": "Haryana", "district": "Ambala", "officename": "Jandli", "officetype": "S.O" }, "geometry": { "type": "Polygon", "coordinates": [ [ [ 76.795540830744812, 30.341344323581779 ], [ 76.784139653022692, 30.351181901323685 ], [ 76.791033061726466, 30.357736254824317 ], [ 76.804921806496168, 30.347826849129774 ], [ 76.810333299742069, 30.329389772320326 ], [ 76.803933740249931, 30.321711680849432 ], [ 76.788292538769781, 30.328815305182275 ], [ 76.795540830744812, 30.341344323581779 ] ] ] } },
{ "type": "Feature", "properties": { "pincode": "134007", "state": "Haryana", "district": "Ambala", "officename": "Baldev Nagar", "officetype": "S.O" }, "geometry": { "type": "Polygon", "coordinates": [ [ [ 76.794714725204528, 30.380493509268092 ], [ 76.783431999886943, 30.414256999660779 ], [ 76.801364058804381, 30.411004891962421 ], [ 76.819772566850475, 30.391574780152098 ], [ 76.814710052826797, 30.381817644069201 ], [ 76.794714725204528, 30.380493509268092 ] ] ] } },
{ "type": "Feature", "properties": { "pincode": "134008", "state": "Haryana", "district": "Ambala", "officename": "Ambala City", "officetype": "H.O" }, "geometry": { "type": "Polygon", "coordinates": [ [ [ 76.74954719904423, 30.353459802228201 ], [ 76.773412007258457, 30.338617777888203 ], [ 76.794138405463116, 30.338154429183703 ], [ 76.788292538769781, 30.328815305182275 ], [ 76.796711883846399, 30.314041894617901 ], [ 76.775398416303858, 30.30421585787559 ], [ 76.766525682514214, 30.307510625814928 ], [ 76.761977693116194, 30.279806716107146 ], [ 76.77175474198782, 30.274218381972844 ], [ 76.791600140933895, 30.295010282298733 ], [ 76.812375833677834, 30.291012059259174 ], [ 76.808317173498835, 30.269476414205258 ], [ 76.823152026644948, 30.258284166980729 ], [ 76.820562712099616, 30.236068863787125 ], [ 76.762553503841332, 30.19975672439341 ], [ 76.683274411884611, 30.19345356682868 ], [ 76.656833465092404, 30.157335547897276 ], [ 76.644253008169983, 30.152176005118633 ], [ 76.644792586109133, 30.133028154525903 ], [ 76.624824122135578, 30.08874468621832 ], [ 76.593192933307364, 30.067037007152294 ], [ 76.597774830743958, 30.088168661454574 ], [ 76.577097597576142, 30.102958293990127 ], [ 76.635323000156404, 30.145346000417646 ], [ 76.634816799655653, 30.166420177249506 ], [ 76.654113999761421, 30.189637999694071 ], [ 76.644958000211602, 30.20599400032296 ], [ 76.616401999952416, 30.211188999772617 ], [ 76.62416800015302, 30.226997000311371 ], [ 76.596207000352933, 30.25260000019 ], [ 76.544631999767091, 30.223251000233631 ], [ 76.558121000384006, 30.239657999617236 ], [ 76.55983000005449, 30.261047000319024 ], [ 76.622069999630924, 30.266657000020643 ], [ 76.635116999649938, 30.287432000286685 ], [ 76.63858799963657, 30.279978000084725 ], [ 76.674766999797328, 30.29556500032453 ], [ 76.687027000395858, 30.321961999946438 ], [ 76.691879000215749, 30.317381000033322 ], [ 76.723389000002385, 30.325837999723944 ], [ 76.74954719904423, 30.353459802228201 ] ] ] } },
{ "type": "Feature", "properties": { "pincode": "134101", "state": "Haryana", "district": "Panchkula", "officename": "H.M.T.Pinjore", "officetype": "S.O" }, "geometry": { "type": "Polygon", "coordinates": [ [ [ 76.909092393399362, 30.758835708501181 ], [ 76.916219981966719, 30.761732644246194 ], [ 76.906845840163442, 30.771488693048752 ], [ 76.902103411943017, 30.767890430898831 ], [ 76.883852513682598, 30.792778451764207 ], [ 76.942838781384694, 30.831847734485393 ], [ 76.956322000260343, 30.825273999695469 ], [ 76.920403640715563, 30.786639254098418 ], [ 76.923249662242256, 30.756518858858385 ], [ 76.91186557523622, 30.742763087846356 ], [ 76.916835410525835, 30.750963964215657 ], [ 76.909092393399362, 30.758835708501181 ] ] ] } },
{ "type": "Feature", "properties": { "pincode": "134102", "state": "Haryana", "district": "Panchkula", "officename": "Pinjore", "officetype": "S.O" }, "geometry": { "type": "Polygon", "coordinates": [ [ [ 76.883793785254966, 30.792539847236242 ], [ 76.860161000330038, 30.78869199983609 ], [ 76.846878000219533, 30.800768000043149 ], [ 76.841164000218555, 30.828794000143034 ], [ 76.81463599995152, 30.838783000335184 ], [ 76.782493999798362, 30.872863999973788 ], [ 76.776024000007681, 30.889774000070133 ], [ 76.783370999771932, 30.902755999789633 ], [ 76.823769000239281, 30.926703999789936 ], [ 76.829269000264333, 30.892309000060493 ], [ 76.865943999915714, 30.866908999650718 ], [ 76.876683087754486, 30.868709930718808 ], [ 76.884100152799988, 30.837435704394409 ], [ 76.899408342520985, 30.839664098519449 ], [ 76.893494196599931, 30.832861638253974 ], [ 76.896646490343301, 30.817512481715653 ], [ 76.923651673585937, 30.820575198486722 ], [ 76.883793785254966, 30.792539847236242 ] ] ] } },
{ "type": "Feature", "properties": { "pincode": "134103", "state": "Haryana", "district": "Panchkula", "officename": "I.T.B.P. Bhanu", "officetype": "S.O" }, "geometry": { "type": "Polygon", "coordinates": [ [ [ 76.91089119757072, 30.61716357573863 ], [ 76.896597294729474, 30.623264806725501 ], [ 76.90467235594457, 30.636078260903048 ], [ 76.93520186267591, 30.625372147606697 ], [ 76.91089119757072, 30.61716357573863 ] ] ] } },
{ "type": "Feature", "properties": { "pincode": "134104", "state": "Haryana", "district": "Panchkula", "officename": "C.R.P.F. Pinjore", "officetype": "S.O" }, "geometry": { "type": "Polygon", "coordinates": [ [ [ 76.923542090295427, 30.762000123307132 ], [ 76.920403640715563, 30.786639254098418 ], [ 76.957406449548046, 30.823913594336943 ], [ 76.967215999918608, 30.80725899990307 ], [ 76.992538000328523, 30.794810999628112 ], [ 77.001944999761974, 30.811012000303663 ], [ 77.011458999633305, 30.810289000237276 ], [ 77.013481000248078, 30.784996000265323 ], [ 77.00204499987683, 30.773045999573412 ], [ 77.017875999677699, 30.762305999822161 ], [ 77.018278968799564, 30.74812502215218 ], [ 76.979893841727517, 30.737191205909539 ], [ 76.961787735215978, 30.71136659239437 ], [ 76.924153556441581, 30.728957904483821 ], [ 76.941037297233549, 30.7351736974083 ], [ 76.935582422490882, 30.745371941062331 ], [ 76.91186557523622, 30.742763087846356 ], [ 76.923542090295427, 30.762000123307132 ] ] ] } },
{ "type": "Feature", "properties": { "pincode": "134105", "state": "Haryana", "district": "Panchkula", "officename": "Amravati Enclave", "officetype": "S.O" }, "geometry": { "type": "Polygon", "coordinates": [ [ [ 76.905673519917229, 30.756411466316251 ], [ 76.916835410525835, 30.750963964215657 ], [ 76.911516435934914, 30.744658251677038 ], [ 76.908045900897775, 30.748110472020755 ], [ 76.905673519917229, 30.756411466316251 ] ] ] } },
{ "type": "Feature", "properties": { "pincode": "134107", "state": "Haryana", "district": "Panchkula", "officename": "Chandi Mandir", "officetype": "S.O" }, "geometry": { "type": "Polygon", "coordinates": [ [ [ 76.873207115416221, 30.750589647494394 ], [ 76.906070215368288, 30.75931645549008 ], [ 76.910786219708427, 30.742800265819767 ], [ 76.935582422490882, 30.745371941062331 ], [ 76.941037297233549, 30.7351736974083 ], [ 76.924153556441581, 30.728957904483821 ], [ 76.960916638392177, 30.709686892636228 ], [ 76.942407381995281, 30.71169658063269 ], [ 76.901617675515411, 30.680149895701334 ], [ 76.877159732935411, 30.707577089411302 ], [ 76.849851754255099, 30.711886404134304 ], [ 76.865863346916058, 30.723547841160098 ], [ 76.873207115416221, 30.750589647494394 ] ] ] } },
{ "type": "Feature", "properties": { "pincode": "134108", "state": "Haryana", "district": "Panchkula", "officename": "G.K. Panchkula", "officetype": "S.O" }, "geometry": { "type": "Polygon", "coordinates": [ [ [ 76.834348436830965, 30.702280636542298 ], [ 76.847087832737486, 30.712392858243902 ], [ 76.873756154223202, 30.707469955873876 ], [ 76.871485442499306, 30.699897437616812 ], [ 76.834348436830965, 30.702280636542298 ] ] ] } },
{ "type": "Feature", "properties": { "pincode": "134109", "state": "Haryana", "district": "Panchkula", "officename": "Panchkula Sector 8", "officetype": "S.O" }, "geometry": { "type": "Polygon", "coordinates": [ [ [ 76.851774406763582, 30.680520272492629 ], [ 76.84209282182627, 30.690865330470672 ], [ 76.830840999912255, 30.68674300008945 ], [ 76.8421549676778, 30.703668878615929 ], [ 76.871485442499306, 30.699897437616812 ], [ 76.877159732935411, 30.707577089411302 ], [ 76.901617675515411, 30.680149895701334 ], [ 76.942407381995281, 30.71169658063269 ], [ 76.951149764450179, 30.707016927789141 ], [ 76.929829961183941, 30.644362952288589 ], [ 76.922363656457776, 30.633502872359713 ], [ 76.90467235594457, 30.636078260903048 ], [ 76.896597294729474, 30.623264806725501 ], [ 76.885756999885814, 30.636029999684922 ], [ 76.871666000285813, 30.636648000305001 ], [ 76.875166492639721, 30.65736804120229 ], [ 76.887976130993707, 30.657174277770821 ], [ 76.890152294293046, 30.666080101215925 ], [ 76.876143503519927, 30.666416510613544 ], [ 76.876803746196117, 30.681826573737567 ], [ 76.864463967638187, 30.685158311007285 ], [ 76.868117538093998, 30.691783849445187 ], [ 76.858932344752077, 30.695151753850496 ], [ 76.851774406763582, 30.680520272492629 ] ] ] } },
{ "type": "Feature", "properties": { "pincode": "134112", "state": "Haryana", "district": "Panchkula", "officename": "Panchkula Sector 4", "officetype": "S.O" }, "geometry": { "type": "Polygon", "coordinates": [ [ [ 76.850479874047039, 30.669101911424207 ], [ 76.844848380548456, 30.674331980836428 ], [ 76.858013824878185, 30.685966559609199 ], [ 76.85309514482509, 30.690321596764306 ], [ 76.868117538093998, 30.691783849445187 ], [ 76.850479874047039, 30.669101911424207 ] ] ] } },
{ "type": "Feature", "properties": { "pincode": "134113", "state": "Haryana", "district": "Panchkula", "officename": "Sector 15 Panchkula", "officetype": "S.O" }, "geometry": { "type": "Polygon", "coordinates": [ [ [ 76.837195999795597, 30.656140999907393 ], [ 76.830840999912255, 30.68674300008945 ], [ 76.84209282182627, 30.690865330470672 ], [ 76.851774406763582, 30.680520272492629 ], [ 76.837195999795597, 30.656140999907393 ] ] ] } },
{ "type": "Feature", "properties": { "pincode": "134114", "state": "Haryana", "district": "Panchkula", "officename": "Mansa Devi Sec-5", "officetype": "S.O" }, "geometry": { "type": "Polygon", "coordinates": [ [ [ 76.837044323736677, 30.730608541750883 ], [ 76.841476000217369, 30.759958000361507 ], [ 76.853309573777892, 30.778187048693496 ], [ 76.873522046305425, 30.750837093257303 ], [ 76.871072599720833, 30.732327675881606 ], [ 76.847087832737486, 30.712392858243902 ], [ 76.850936553379427, 30.719446454190688 ], [ 76.837044323736677, 30.730608541750883 ] ] ] } },
{ "type": "Feature", "properties": { "pincode": "134116", "state": "Haryana", "district": "Panchkula", "officename": "Sector-26 Panchkula", "officetype": "S.O" }, "geometry": { "type": "Polygon", "coordinates": [ [ [ 76.875166492639721, 30.65736804120229 ], [ 76.876143503519927, 30.666416510613544 ], [ 76.890152294293046, 30.666080101215925 ], [ 76.887976130993707, 30.657174277770821 ], [ 76.875166492639721, 30.65736804120229 ] ] ] } },
{ "type": "Feature", "properties": { "pincode": "134117", "state": "Haryana", "district": "Panchkula", "officename": "Sector 20 Panchkula", "officetype": "S.O" }, "geometry": { "type": "Polygon", "coordinates": [ [ [ 76.863065681935666, 30.68321100178639 ], [ 76.876803746196117, 30.681826573737567 ], [ 76.875361056467511, 30.675306158852209 ], [ 76.847884999892869, 30.651889999923526 ], [ 76.844695293453128, 30.664075181424664 ], [ 76.863065681935666, 30.68321100178639 ] ] ] } },
{ "type": "Feature", "properties": { "pincode": "134118", "state": "Haryana", "district": "Panchkula", "officename": "Barwala (Panchkula)", "officetype": "S.O" }, "geometry": { "type": "Polygon", "coordinates": [ [ [ 76.960610072996531, 30.659875468877885 ], [ 76.949505953037317, 30.625863661279141 ], [ 76.955856722509793, 30.619083040150372 ], [ 76.99143338374364, 30.632173120393247 ], [ 76.997566303242479, 30.613400081148882 ], [ 76.984714481288279, 30.590236497716376 ], [ 77.017397665569888, 30.568858537991218 ], [ 77.015295363590269, 30.542890168746396 ], [ 77.035175398126171, 30.504327004687582 ], [ 77.0207352511311, 30.500751714819842 ], [ 76.995465480647511, 30.471897129748868 ], [ 76.9764810683468, 30.482154780818576 ], [ 76.961444518849532, 30.46696226369761 ], [ 76.953674333204049, 30.481904654176503 ], [ 76.929165285749434, 30.49651008037597 ], [ 76.932990999934873, 30.520555000313095 ], [ 76.897963999838908, 30.536334999560609 ], [ 76.918906999758235, 30.554293000321934 ], [ 76.911873000039066, 30.559944000115536 ], [ 76.917541999763614, 30.576481000098227 ], [ 76.911597999947901, 30.584351999745138 ], [ 76.926490999660132, 30.595626999886122 ], [ 76.91089119757072, 30.61716357573863 ], [ 76.93520186267591, 30.625372147606697 ], [ 76.922363656457776, 30.633502872359713 ], [ 76.937698661264392, 30.664034702939432 ], [ 76.952296897384088, 30.675126455421605 ], [ 76.960610072996531, 30.659875468877885 ] ] ] } },
{ "type": "Feature", "properties": { "pincode": "134201", "state": "Haryana", "district": "Ambala", "officename": "Jatwar", "officetype": "S.O" }, "geometry": { "type": "Polygon", "coordinates": [ [ [ 76.902143677288905, 30.478222025725984 ], [ 76.929165285749434, 30.49651008037597 ], [ 76.953674333204049, 30.481904654176503 ], [ 76.960863187186362, 30.467013846112195 ], [ 76.976979689361315, 30.482102763132048 ], [ 77.0126711706381, 30.460273463349722 ], [ 76.986831250661737, 30.439019983285618 ], [ 76.997063546245727, 30.430277148471646 ], [ 76.987828251672568, 30.416718445899619 ], [ 76.982208973665422, 30.419827190872127 ], [ 76.942988598545185, 30.388414358336092 ], [ 76.938506999798278, 30.397351999795035 ], [ 76.917885000292586, 30.400475999967512 ], [ 76.91645099981389, 30.420687000304895 ], [ 76.902678999636237, 30.432522000190204 ], [ 76.910850999673983, 30.463623000001633 ], [ 76.902143677288905, 30.478222025725984 ] ] ] } },
{ "type": "Feature", "properties": { "pincode": "134202", "state": "Haryana", "district": "Ambala", "officename": "Shahzadpur", "officetype": "S.O" }, "geometry": { "type": "Polygon", "coordinates": [ [ [ 76.932827202813201, 30.380190252478258 ], [ 76.982208973665422, 30.419827190872127 ], [ 76.987828251672568, 30.416718445899619 ], [ 76.997063546245727, 30.430277148471646 ], [ 76.986831250661737, 30.439019983285618 ], [ 77.0126711706381, 30.460273463349722 ], [ 76.997529555144922, 30.474214248289115 ], [ 77.022209073589977, 30.501717311504933 ], [ 77.045957636336027, 30.504094231363922 ], [ 77.050143193553652, 30.533214211766563 ], [ 77.070290186443117, 30.531215933468729 ], [ 77.069645149504197, 30.521809110302286 ], [ 77.099629221011867, 30.50285054361774 ], [ 77.080110373095408, 30.472663672290651 ], [ 77.081828405556564, 30.448029024619927 ], [ 77.070957858418581, 30.444908933800434 ], [ 77.062612833315825, 30.430407008776569 ], [ 77.071472423513626, 30.425047840785396 ], [ 77.070845472840404, 30.411916895348497 ], [ 77.048324867798442, 30.393575501008627 ], [ 77.040112743608347, 30.395805074144903 ], [ 77.02329599601353, 30.377308728415187 ], [ 77.024556277150566, 30.368130039869584 ], [ 77.011643223056467, 30.361366264841365 ], [ 77.007094115800783, 30.372392047555024 ], [ 76.978131917853887, 30.379832626274776 ], [ 76.968032227305628, 30.370571854807395 ], [ 76.944731541327599, 30.369741536842639 ], [ 76.932827202813201, 30.380190252478258 ] ] ] } },
{ "type": "Feature", "properties": { "pincode": "134203", "state": "Haryana", "district": "Ambala", "officename": "Naraingarh", "officetype": "S.O" }, "geometry": { "type": "Polygon", "coordinates": [ [ [ 77.011879991168769, 30.352312987654216 ], [ 77.011643223056467, 30.361366264841365 ], [ 77.024556277150566, 30.368130039869584 ], [ 77.02329599601353, 30.377308728415187 ], [ 77.040112743608347, 30.395805074144903 ], [ 77.048324867798442, 30.393575501008627 ], [ 77.070845472840404, 30.411916895348497 ], [ 77.071472423513626, 30.425047840785396 ], [ 77.062612833315825, 30.430407008776569 ], [ 77.070957858418581, 30.444908933800434 ], [ 77.081828405556564, 30.448029024619927 ], [ 77.077190258223879, 30.459453371575989 ], [ 77.085273085984227, 30.488208009592086 ], [ 77.09878690519173, 30.496034683454013 ], [ 77.099629221011867, 30.50285054361774 ], [ 77.069645149504197, 30.521809110302286 ], [ 77.07542298518274, 30.544458992888281 ], [ 77.09038607715587, 30.552836124687531 ], [ 77.113743966311176, 30.549175677115841 ], [ 77.126481646310992, 30.558863179592151 ], [ 77.144172999884177, 30.537137999718936 ], [ 77.198456000344322, 30.521446000032938 ], [ 77.212688528952583, 30.496848905352806 ], [ 77.175844208543424, 30.456023143253447 ], [ 77.177176896796482, 30.43201849855501 ], [ 77.167094713350309, 30.415945822142078 ], [ 77.184736036738741, 30.408313742685323 ], [ 77.163074545953691, 30.359085151558588 ], [ 77.136756573357218, 30.34090198034221 ], [ 77.107386391668797, 30.343328854842866 ], [ 77.086059852480275, 30.330490402210273 ], [ 77.086186894309776, 30.341291332828803 ], [ 77.070117574166829, 30.351083105401131 ], [ 77.036944950049474, 30.338468992250341 ], [ 77.011879991168769, 30.352312987654216 ] ] ] } },
{ "type": "Feature", "properties": { "pincode": "134204", "state": "Haryana", "district": "Panchkula", "officename": "Raipur Rani", "officetype": "S.O" }, "geometry": { "type": "Polygon", "coordinates": [ [ [ 76.951951408430887, 30.621209970064172 ], [ 76.959047520726699, 30.666480737496158 ], [ 76.97692050407818, 30.659489957395806 ], [ 76.984485876322196, 30.670668783138012 ], [ 77.004285649962924, 30.670119481728875 ], [ 77.025236022524496, 30.659742636313752 ], [ 77.02197077123418, 30.643933615044432 ], [ 77.052172231363386, 30.608738570328853 ], [ 77.069428065752732, 30.593949697720518 ], [ 77.083523597935937, 30.598236727243204 ], [ 77.104400688341343, 30.567968854878814 ], [ 77.105403883882218, 30.552996216602196 ], [ 77.077382906495984, 30.545712270105241 ], [ 77.068891037391552, 30.530578118085828 ], [ 77.050143193553652, 30.533214211766563 ], [ 77.045957636336027, 30.504094231363922 ], [ 77.035175398126171, 30.504327004687582 ], [ 77.015295363590269, 30.542890168746396 ], [ 77.017397665569888, 30.568858537991218 ], [ 76.984714481288279, 30.590236497716376 ], [ 76.997566303242479, 30.613400081148882 ], [ 76.99143338374364, 30.632173120393247 ], [ 76.951951408430887, 30.621209970064172 ] ] ] } },
{ "type": "Feature", "properties": { "pincode": "134205", "state": "Haryana", "district": "Panchkula", "officename": "Morni", "officetype": "S.O" }, "geometry": { "type": "Polygon", "coordinates": [ [ [ 76.941386520171932, 30.666590635549483 ], [ 76.949028574908823, 30.704816270554545 ], [ 76.977629395580266, 30.726062032636833 ], [ 76.979893841727517, 30.737191205909539 ], [ 77.018278968799564, 30.74812502215218 ], [ 77.037421999925527, 30.737536999732811 ], [ 77.047126999611407, 30.751323999702947 ], [ 77.083138000118822, 30.742834000289008 ], [ 77.113991000184683, 30.728203000068447 ], [ 77.113318999772218, 30.718091999646106 ], [ 77.130866999612465, 30.713699000308793 ], [ 77.166892999912193, 30.684438999959923 ], [ 77.166046000422625, 30.649892999562383 ], [ 77.175674000155027, 30.634323000106406 ], [ 77.171866999962276, 30.598789000012403 ], [ 77.113026607691893, 30.549184047106223 ], [ 77.083523597935937, 30.598236727243204 ], [ 77.069428065752732, 30.593949697720518 ], [ 77.02197077123418, 30.643933615044432 ], [ 77.025236022524496, 30.659742636313752 ], [ 76.99757666073441, 30.671947203600666 ], [ 76.984485876322196, 30.670668783138012 ], [ 76.97692050407818, 30.659489957395806 ], [ 76.953465372129301, 30.674979925283537 ], [ 76.941386520171932, 30.666590635549483 ] ] ] } },
{ "type": "Feature", "properties": { "pincode": "135001", "state": "Haryana", "district": "Yamunanagar", "officename": "Yamunanagar", "officetype": "H.O" }, "geometry": { "type": "Polygon", "coordinates": [ [ [ 77.314085911535699, 30.152289436608271 ], [ 77.368029418822687, 30.078029559916331 ], [ 77.344147000084092, 30.059576000332243 ], [ 77.298477000213495, 30.052644999966788 ], [ 77.27699627945492, 30.040980727378837 ], [ 77.234224403333656, 30.042041731340817 ], [ 77.224467095480236, 30.048687771623406 ], [ 77.220443458498949, 30.081245369178589 ], [ 77.249494379062526, 30.101689713009932 ], [ 77.233583121064214, 30.111539428002175 ], [ 77.261814667513079, 30.144815090144391 ], [ 77.257603699950891, 30.148065002597832 ], [ 77.276183635866232, 30.149489596168053 ], [ 77.281779619633767, 30.160410323677581 ], [ 77.29496580682661, 30.161631097597194 ], [ 77.314085911535699, 30.152289436608271 ] ] ] } },
{ "type": "Feature", "properties": { "pincode": "135002", "state": "Haryana", "district": "Yamunanagar", "officename": "Jagdhari Work Shop", "officetype": "S.O" }, "geometry": { "type": "Polygon", "coordinates": [ [ [ 77.184118135043946, 30.108132868936764 ], [ 77.1849069106255, 30.160660388266479 ], [ 77.205684680803529, 30.18354824405634 ], [ 77.246031517041047, 30.160845185457049 ], [ 77.257762276507947, 30.170386466262471 ], [ 77.289553785678777, 30.162685048176627 ], [ 77.279490028442126, 30.150955959649878 ], [ 77.257603699950891, 30.148065002597832 ], [ 77.261814667513079, 30.144815090144391 ], [ 77.233583121064214, 30.111539428002175 ], [ 77.249494379062526, 30.101689713009932 ], [ 77.220443458498949, 30.081245369178589 ], [ 77.210335751394041, 30.096569116271837 ], [ 77.184118135043946, 30.108132868936764 ] ] ] } },
{ "type": "Feature", "properties": { "pincode": "135003", "state": "Haryana", "district": "Yamunanagar", "officename": "Jagadhri Town", "officetype": "S.O" }, "geometry": { "type": "Polygon", "coordinates": [ [ [ 77.354190151154683, 30.161104920455898 ], [ 77.316288556272013, 30.162530948444726 ], [ 77.30917679936988, 30.153955129425867 ], [ 77.257762276507947, 30.170386466262471 ], [ 77.246031517041047, 30.160845185457049 ], [ 77.228400313723625, 30.172724217049222 ], [ 77.238904376335881, 30.202675813138399 ], [ 77.225936892573714, 30.22266031382253 ], [ 77.234339153229485, 30.229128291037853 ], [ 77.205250402684101, 30.250493711515674 ], [ 77.21460072504351, 30.264114005057422 ], [ 77.201658137213428, 30.289727902021184 ], [ 77.222840453024673, 30.29972087991473 ], [ 77.235062296287992, 30.296815743252068 ], [ 77.24069456320359, 30.285245779869001 ], [ 77.271562861636824, 30.288779065101721 ], [ 77.272371395323773, 30.274408617364031 ], [ 77.305797692109934, 30.24898063275009 ], [ 77.307103244219547, 30.241604490454904 ], [ 77.284327461943008, 30.226561986546471 ], [ 77.308653033310918, 30.206140748097084 ], [ 77.335704020823982, 30.205095249346357 ], [ 77.348132626319682, 30.220000456456034 ], [ 77.382647503879298, 30.218000109717423 ], [ 77.37535997808061, 30.185889983336153 ], [ 77.382138286153179, 30.180184413579923 ], [ 77.361734546712057, 30.169803392612664 ], [ 77.337759337723412, 30.169961683185306 ], [ 77.354190151154683, 30.161104920455898 ] ] ] } },
{ "type": "Feature", "properties": { "pincode": "135004", "state": "Haryana", "district": "Yamunanagar", "officename": "Thermal Colony Yamuna Nagar", "officetype": "S.O" }, "geometry": { "type": "Polygon", "coordinates": [ [ [ 77.30917679936988, 30.153955129425867 ], [ 77.316288556272013, 30.162530948444726 ], [ 77.354190151154683, 30.161104920455898 ], [ 77.36086632232292, 30.107328556667539 ], [ 77.350596000704911, 30.101700809744671 ], [ 77.30917679936988, 30.153955129425867 ] ] ] } },
{ "type": "Feature", "properties": { "pincode": "135021", "state": "Haryana", "district": "Yamunanagar", "officename": "Khirzrabad East", "officetype": "S.O" }, "geometry": { "type": "Polygon", "coordinates": [ [ [ 77.411565546013321, 30.267617107243836 ], [ 77.447446923636733, 30.29775117757481 ], [ 77.439728416633272, 30.302483800487039 ], [ 77.463399883198122, 30.327832897470273 ], [ 77.474481980559119, 30.314206665705171 ], [ 77.498689684981116, 30.311373963138067 ], [ 77.482706791485327, 30.296779378265683 ], [ 77.466549493364539, 30.30100897078762 ], [ 77.465905997863615, 30.285649658205273 ], [ 77.443167280245973, 30.279789678451039 ], [ 77.443821379652945, 30.264892178531341 ], [ 77.486839942509448, 30.267764506127207 ], [ 77.48837003285081, 30.263890752856128 ], [ 77.506392993441921, 30.253613772657729 ], [ 77.535735566843016, 30.263100975429722 ], [ 77.501352550579895, 30.213900680571953 ], [ 77.488926866981444, 30.212289775352986 ], [ 77.441328375304408, 30.224962443362188 ], [ 77.438468002396633, 30.250009174783713 ], [ 77.418717256196487, 30.237577740920017 ], [ 77.411630358354444, 30.256403375215768 ], [ 77.418033669818044, 30.259533631072429 ], [ 77.411565546013321, 30.267617107243836 ] ] ] } },
{ "type": "Feature", "properties": { "pincode": "135101", "state": "Haryana", "district": "Yamunanagar", "officename": "Buriya", "officetype": "S.O" }, "geometry": { "type": "Polygon", "coordinates": [ [ [ 77.354190151154683, 30.161104920455898 ], [ 77.337759337723412, 30.169961683185306 ], [ 77.361734546712057, 30.169803392612664 ], [ 77.382138286153179, 30.180184413579923 ], [ 77.37535997808061, 30.185889983336153 ], [ 77.377437197069071, 30.207506703171987 ], [ 77.39124497857307, 30.221653197237401 ], [ 77.387585009440841, 30.231045329078711 ], [ 77.394828337158174, 30.244103493281614 ], [ 77.413115671451123, 30.246244049723089 ], [ 77.418717256196487, 30.237577740920017 ], [ 77.438468002396633, 30.250009174783713 ], [ 77.441328375304408, 30.224962443362188 ], [ 77.501352550579895, 30.213900680571953 ], [ 77.485985000207791, 30.183661000155212 ], [ 77.459518000055709, 30.16368499986288 ], [ 77.436195000099303, 30.163580000416744 ], [ 77.424026000100014, 30.144786999820155 ], [ 77.430443000144408, 30.13626299973771 ], [ 77.425185999634266, 30.122807999789529 ], [ 77.410538000428517, 30.113816999754931 ], [ 77.426963999788882, 30.10220100007632 ], [ 77.409248000294951, 30.090836000281172 ], [ 77.368029418822687, 30.078029559916331 ], [ 77.351558730351314, 30.093223951224502 ], [ 77.350596000704911, 30.101700809744671 ], [ 77.36086632232292, 30.107328556667539 ], [ 77.354190151154683, 30.161104920455898 ] ] ] } },
{ "type": "Feature", "properties": { "pincode": "135102", "state": "Haryana", "district": "Yamunanagar", "officename": "Bilaspur (Yamunanagar)", "officetype": "S.O" }, "geometry": { "type": "Polygon", "coordinates": [ [ [ 77.254523737780289, 30.28837825255448 ], [ 77.251868256514967, 30.315732611970475 ], [ 77.259168678591777, 30.319238526337131 ], [ 77.251520383459138, 30.325538292558178 ], [ 77.265009279754508, 30.335325570318844 ], [ 77.25152088707938, 30.357639227868106 ], [ 77.282885519551201, 30.38981715863514 ], [ 77.341870497625564, 30.383813218105672 ], [ 77.394184422573232, 30.438198645950763 ], [ 77.41365800041649, 30.414027999892255 ], [ 77.45887800021967, 30.460946999804378 ], [ 77.469345451431593, 30.45358287694819 ], [ 77.466491999706193, 30.435595999855536 ], [ 77.452819999643282, 30.419647000009206 ], [ 77.430413633682406, 30.411866777929447 ], [ 77.39690289325398, 30.369050129959589 ], [ 77.392091969968646, 30.349945929760906 ], [ 77.373686129311523, 30.350672433585999 ], [ 77.372751199508286, 30.334812574540763 ], [ 77.389299486881896, 30.318595863608437 ], [ 77.397802830436376, 30.322331404570832 ], [ 77.392934907220365, 30.30720749223201 ], [ 77.369252760306836, 30.295456703064531 ], [ 77.368396843139976, 30.27976743551892 ], [ 77.330331911588473, 30.261932706629295 ], [ 77.321894639426148, 30.267829425487719 ], [ 77.312287505763834, 30.263689230973398 ], [ 77.302591155757398, 30.250450210408928 ], [ 77.272371395323773, 30.274408617364031 ], [ 77.271562861636824, 30.288779065101721 ], [ 77.254523737780289, 30.28837825255448 ] ] ] } },
{ "type": "Feature", "properties": { "pincode": "135103", "state": "Haryana", "district": "Yamunanagar", "officename": "Chhachrauli", "officetype": "S.O" }, "geometry": { "type": "Polygon", "coordinates": [ [ [ 77.322142960229542, 30.202456360572739 ], [ 77.286924537637447, 30.229718947771346 ], [ 77.307103244219547, 30.241604490454904 ], [ 77.305569801205365, 30.25979460263892 ], [ 77.321894639426148, 30.267829425487719 ], [ 77.330331911588473, 30.261932706629295 ], [ 77.363486793880554, 30.277020575938934 ], [ 77.371180213396201, 30.297895713916091 ], [ 77.392934907220365, 30.30720749223201 ], [ 77.397802830436376, 30.322331404570832 ], [ 77.389299486881896, 30.318595863608437 ], [ 77.372751199508286, 30.334812574540763 ], [ 77.373281611557331, 30.349951107157892 ], [ 77.392091969968646, 30.349945929760906 ], [ 77.39690289325398, 30.369050129959589 ], [ 77.430413633682406, 30.411866777929447 ], [ 77.429496999686876, 30.403645000416418 ], [ 77.445492452215092, 30.402758688862491 ], [ 77.456259664551908, 30.383401043523406 ], [ 77.472334152199323, 30.380231797559588 ], [ 77.483375198206943, 30.357342494760474 ], [ 77.45719171382666, 30.335455382959651 ], [ 77.461414972423142, 30.323775000815715 ], [ 77.439728416633272, 30.302483800487039 ], [ 77.447446923636733, 30.29775117757481 ], [ 77.412056052444882, 30.274195819781426 ], [ 77.418033669818044, 30.259533631072429 ], [ 77.413115671451123, 30.246244049723089 ], [ 77.393288304811392, 30.243007331223453 ], [ 77.39124497857307, 30.221653197237401 ], [ 77.348132626319682, 30.220000456456034 ], [ 77.335704020823982, 30.205095249346357 ], [ 77.322142960229542, 30.202456360572739 ] ] ] } },
{ "type": "Feature", "properties": { "pincode": "135106", "state": "Haryana", "district": "Yamunanagar", "officename": "Bhudkalan", "officetype": "S.O" }, "geometry": { "type": "Polygon", "coordinates": [ [ [ 77.443821379652945, 30.264892178531341 ], [ 77.443167280245973, 30.279789678451039 ], [ 77.465905997863615, 30.285649658205273 ], [ 77.466549493364539, 30.30100897078762 ], [ 77.482706791485327, 30.296779378265683 ], [ 77.498689684981116, 30.311373963138067 ], [ 77.466105169817922, 30.319199029012054 ], [ 77.469519516112825, 30.323692228113941 ], [ 77.45719171382666, 30.335455382959651 ], [ 77.483375198206943, 30.357342494760474 ], [ 77.472334152199323, 30.380231797559588 ], [ 77.456259664551908, 30.383401043523406 ], [ 77.448549597685883, 30.398974437020684 ], [ 77.499953999577599, 30.407805999847142 ], [ 77.506088000061141, 30.428253000275788 ], [ 77.523041000341891, 30.444022999961589 ], [ 77.556006999823239, 30.392362999952638 ], [ 77.578452999806188, 30.379994999769508 ], [ 77.601466061009887, 30.382849152966116 ], [ 77.60854205547173, 30.369983708981124 ], [ 77.582915999673673, 30.332165000114742 ], [ 77.583336000156407, 30.306286000098908 ], [ 77.539679999632313, 30.27737999988733 ], [ 77.535735566843016, 30.263100975429722 ], [ 77.506392993441921, 30.253613772657729 ], [ 77.486839942509448, 30.267764506127207 ], [ 77.443821379652945, 30.264892178531341 ] ] ] } },
{ "type": "Feature", "properties": { "pincode": "135133", "state": "Haryana", "district": "Yamunanagar", "officename": "Radaur", "officetype": "S.O" }, "geometry": { "type": "Polygon", "coordinates": [ [ [ 77.078958955791336, 30.107779831973744 ], [ 77.061344528427355, 30.141928981337514 ], [ 77.08454197043568, 30.142990593241279 ], [ 77.088859039113515, 30.128822717794435 ], [ 77.100348479898628, 30.137031566653548 ], [ 77.118157977408941, 30.131588287769432 ], [ 77.130291776144645, 30.141503805256491 ], [ 77.178710986423027, 30.135758769651545 ], [ 77.184118135043946, 30.108132868936764 ], [ 77.207228498396546, 30.098817385414065 ], [ 77.220318934771115, 30.083194299877164 ], [ 77.224467095480236, 30.048687771623406 ], [ 77.234224403333656, 30.042041731340817 ], [ 77.282744999582235, 30.04350900044011 ], [ 77.27540600018682, 29.997291999626327 ], [ 77.247673000108875, 29.976329999729728 ], [ 77.2417450001318, 29.957056000334319 ], [ 77.214667999728533, 29.926251999830015 ], [ 77.205572490378188, 29.920752761530935 ], [ 77.177514844035045, 29.93612030830559 ], [ 77.180678673382147, 29.948241172092594 ], [ 77.166891767840866, 29.962334582774815 ], [ 77.129054327895005, 29.959566099895767 ], [ 77.127677152878334, 29.978274838513073 ], [ 77.103642257684214, 29.999249064692606 ], [ 77.099817691933026, 30.021689800044328 ], [ 77.084306389428548, 30.011064251614073 ], [ 77.093158973008315, 30.038369162706772 ], [ 77.086720542119451, 30.041729272687917 ], [ 77.085635626982707, 30.062459524487565 ], [ 77.065608366233164, 30.084179821041971 ], [ 77.078958955791336, 30.107779831973744 ] ] ] } },
{ "type": "Feature", "properties": { "pincode": "136020", "state": "Haryana", "district": "Kaithal", "officename": "Dhand", "officetype": "S.O" }, "geometry": { "type": "Polygon", "coordinates": [ [ [ 76.53324899014882, 29.885587249651962 ], [ 76.529436204617241, 29.927049327064822 ], [ 76.540431127094962, 29.934426446023735 ], [ 76.553711059617683, 29.928886681575136 ], [ 76.542998455914187, 29.908442514910291 ], [ 76.576686307926877, 29.901363630926937 ], [ 76.59923492595118, 29.914437444232703 ], [ 76.663333388025649, 29.918294696742976 ], [ 76.665628618865867, 29.89589541743959 ], [ 76.694337634274575, 29.888287329196999 ], [ 76.679961360728385, 29.856616883162758 ], [ 76.636059653730115, 29.870000820481721 ], [ 76.628714585709645, 29.830430140538681 ], [ 76.616736838234544, 29.852560714105778 ], [ 76.587374973476301, 29.850038458408335 ], [ 76.563403623478507, 29.860841319870929 ], [ 76.53324899014882, 29.885587249651962 ] ] ] } },
{ "type": "Feature", "properties": { "pincode": "136021", "state": "Haryana", "district": "Kaithal", "officename": "Kaul", "officetype": "S.O" }, "geometry": { "type": "Polygon", "coordinates": [ [ [ 76.587374973476301, 29.850038458408335 ], [ 76.616736838234544, 29.852560714105778 ], [ 76.628714585709645, 29.830430140538681 ], [ 76.636059653730115, 29.870000820481721 ], [ 76.694124932919351, 29.853650158228277 ], [ 76.688658677256171, 29.827868190564516 ], [ 76.716389577417203, 29.812308970382787 ], [ 76.701290729183995, 29.79246501664727 ], [ 76.699970883249762, 29.775829522914307 ], [ 76.662929290254738, 29.770618892348182 ], [ 76.66000267418417, 29.798212938176732 ], [ 76.638937996891229, 29.787636597950723 ], [ 76.615838395725518, 29.806336793008768 ], [ 76.590755481880024, 29.797254756401912 ], [ 76.58292877204525, 29.813815078503126 ], [ 76.561419760413742, 29.823245239076584 ], [ 76.568275144882193, 29.858642878566229 ], [ 76.587374973476301, 29.850038458408335 ] ] ] } },
{ "type": "Feature", "properties": { "pincode": "136026", "state": "Haryana", "district": "Kaithal", "officename": "Pundri", "officetype": "S.O" }, "geometry": { "type": "Polygon", "coordinates": [ [ [ 76.564787720576987, 29.727753607243244 ], [ 76.532499669624087, 29.748592918928068 ], [ 76.536430898567346, 29.754454452710888 ], [ 76.525939621616317, 29.768927944768905 ], [ 76.587921058010522, 29.76901419065257 ], [ 76.590520132897893, 29.757419066037073 ], [ 76.608900402231825, 29.765203370139545 ], [ 76.63301146730538, 29.732800617854309 ], [ 76.647341917695485, 29.730714380464349 ], [ 76.664679653343512, 29.710396509191639 ], [ 76.665303855688421, 29.692180332856083 ], [ 76.709503132163888, 29.685417289876227 ], [ 76.707863131178726, 29.670315185197808 ], [ 76.700810490311881, 29.659921078195282 ], [ 76.68121476025317, 29.674739973770841 ], [ 76.656064233577638, 29.667730508456373 ], [ 76.618331994526045, 29.637913139779641 ], [ 76.613014785304131, 29.671237548773888 ], [ 76.593690264694089, 29.676043567157137 ], [ 76.594172323793941, 29.683686217245224 ], [ 76.566283258065994, 29.699986898776388 ], [ 76.564787720576987, 29.727753607243244 ] ] ] } },
{ "type": "Feature", "properties": { "pincode": "136027", "state": "Haryana", "district": "Kaithal", "officename": "Karnal Road Kaithal", "officetype": "S.O" }, "geometry": { "type": "Polygon", "coordinates": [ [ [ 76.300792646763398, 29.76162659279305 ], [ 76.266947157985044, 29.755058056084579 ], [ 76.248671262169125, 29.769939169457075 ], [ 76.258296590915108, 29.786688281739032 ], [ 76.241738835478998, 29.827694803072802 ], [ 76.217641116344566, 29.814196878483187 ], [ 76.215561480877682, 29.820883676040978 ], [ 76.222939000034899, 29.849445000286551 ], [ 76.239699999555455, 29.850802999958546 ], [ 76.25325000028738, 29.86529199992583 ], [ 76.243909386109465, 29.877426299584101 ], [ 76.268992458235459, 29.913871458600966 ], [ 76.285752755385431, 29.91319030848598 ], [ 76.296195268397071, 29.903673444274091 ], [ 76.309447160957745, 29.86411663907171 ], [ 76.330868176625188, 29.871920368530425 ], [ 76.348805433624022, 29.86358642757159 ], [ 76.409026888680103, 29.900011532606186 ], [ 76.447230700736384, 29.90879116767826 ], [ 76.441060118529776, 29.951830050716353 ], [ 76.459609213994156, 29.970021626097207 ], [ 76.492721101497693, 29.963823595682413 ], [ 76.501220220037339, 29.955264808024481 ], [ 76.501386885096679, 29.936926849994336 ], [ 76.483695718582567, 29.916733752460686 ], [ 76.528436019107176, 29.90765466203311 ], [ 76.53324899014882, 29.885587249651962 ], [ 76.56900907710741, 29.858879372385218 ], [ 76.562664001242695, 29.826710377282325 ], [ 76.536499210170632, 29.82423157592649 ], [ 76.508039506618047, 29.776132086326868 ], [ 76.492183110862015, 29.766944253474435 ], [ 76.509875695606866, 29.738592357051687 ], [ 76.487981159003539, 29.737357772243627 ], [ 76.468986972870482, 29.713919616796943 ], [ 76.476527873662633, 29.705025517813567 ], [ 76.506896159830148, 29.703206805349907 ], [ 76.519055941778447, 29.689491797008998 ], [ 76.509071520034638, 29.671738261611665 ], [ 76.513815928562394, 29.656967469872939 ], [ 76.503569794210762, 29.645555523668577 ], [ 76.480322755490761, 29.654562194389825 ], [ 76.470190570638408, 29.639670615606576 ], [ 76.475267732819589, 29.619785963051811 ], [ 76.456599092274473, 29.618475181384611 ], [ 76.441820677881992, 29.582781888873114 ], [ 76.432836378695924, 29.579018968051059 ], [ 76.416745299456238, 29.586631353254461 ], [ 76.404472522189224, 29.570081277129304 ], [ 76.360006163254013, 29.580995558298412 ], [ 76.377857935195607, 29.613153797509881 ], [ 76.403807688474217, 29.622064736298682 ], [ 76.403580899239159, 29.716181123060437 ], [ 76.362537220616446, 29.710936593449105 ], [ 76.351021776833591, 29.730137087656487 ], [ 76.318787752652725, 29.725784316792897 ], [ 76.299852129472129, 29.737430806186808 ], [ 76.312063960583487, 29.753194082541029 ], [ 76.300792646763398, 29.76162659279305 ] ] ] } },
{ "type": "Feature", "properties": { "pincode": "136030", "state": "Haryana", "district": "Kurukshetra", "officename": "Gumthala Garhu", "officetype": "S.O" }, "geometry": { "type": "Polygon", "coordinates": [ [ [ 76.433582568680777, 30.015232353890212 ], [ 76.433551565452319, 30.028440903625039 ], [ 76.444198225467801, 30.036675188908873 ], [ 76.464605080160425, 30.019176635593396 ], [ 76.463111543662933, 30.001757987940778 ], [ 76.495363476043735, 29.99142502764289 ], [ 76.494971805104854, 29.979814951798517 ], [ 76.562288190747438, 29.984070484365418 ], [ 76.563926429061496, 29.950228668418504 ], [ 76.577881072553623, 29.931622529855815 ], [ 76.614148339374481, 29.945959634329768 ], [ 76.629637076989582, 29.935142971870732 ], [ 76.628149563251839, 29.915968949207809 ], [ 76.59923492595118, 29.914437444232703 ], [ 76.576686307926877, 29.901363630926937 ], [ 76.547055199637896, 29.90744420718454 ], [ 76.541725067158325, 29.910821942978373 ], [ 76.553711059617683, 29.928886681575136 ], [ 76.540431127094962, 29.934426446023735 ], [ 76.530352865592249, 29.929243183626113 ], [ 76.526930390325333, 29.906589322439345 ], [ 76.486664375260887, 29.914562827712473 ], [ 76.501386885096679, 29.936926849994336 ], [ 76.501220220037339, 29.955264808024481 ], [ 76.492721101497693, 29.963823595682413 ], [ 76.442171130193572, 29.975158284727229 ], [ 76.4374158227821, 29.989793720404066 ], [ 76.448580942856438, 30.002930647231722 ], [ 76.433582568680777, 30.015232353890212 ] ] ] } },
{ "type": "Feature", "properties": { "pincode": "136033", "state": "Haryana", "district": "Kaithal", "officename": "Siwan", "officetype": "S.O" }, "geometry": { "type": "Polygon", "coordinates": [ [ [ 76.296195268397071, 29.903673444274091 ], [ 76.254713488636582, 29.929289340430898 ], [ 76.264524664981536, 29.942617534171916 ], [ 76.262521902663764, 29.952738800355462 ], [ 76.276677346782321, 29.958049563236841 ], [ 76.297709680857167, 29.948912560066617 ], [ 76.341508135792026, 29.956468699870584 ], [ 76.347821354072266, 29.966342056240933 ], [ 76.336794931940688, 29.980350542143924 ], [ 76.362101374079316, 29.982072660225128 ], [ 76.365828599010626, 29.952471327589933 ], [ 76.405028735787596, 29.958397236643179 ], [ 76.440991123441734, 29.95143213668382 ], [ 76.44906827468111, 29.918191776529284 ], [ 76.447230700736384, 29.90879116767826 ], [ 76.409026888680103, 29.900011532606186 ], [ 76.348805433624022, 29.86358642757159 ], [ 76.330868176625188, 29.871920368530425 ], [ 76.308430982803714, 29.864772279017586 ], [ 76.296195268397071, 29.903673444274091 ] ] ] } },
{ "type": "Feature", "properties": { "pincode": "136034", "state": "Haryana", "district": "Kaithal", "officename": "Chika", "officetype": "S.O" }, "geometry": { "type": "Polygon", "coordinates": [ [ [ 76.240341000337139, 30.105784999877983 ], [ 76.201279000325655, 30.133222999841621 ], [ 76.223617999870783, 30.131566999917197 ], [ 76.21730800026404, 30.15588599993913 ], [ 76.256256000414226, 30.118306999968127 ], [ 76.283721999870579, 30.110746000227891 ], [ 76.304794000342895, 30.115003999635007 ], [ 76.340117999745928, 30.105833000292819 ], [ 76.360694999874454, 30.123961999946459 ], [ 76.337669000124379, 30.145589999978426 ], [ 76.354889000127343, 30.149769000239303 ], [ 76.37554899958684, 30.123820999739394 ], [ 76.396194000153173, 30.120076999753792 ], [ 76.401824999923974, 30.123778999601257 ], [ 76.396399999760433, 30.142074999761519 ], [ 76.4135059999021, 30.153980000176887 ], [ 76.39291399998109, 30.179540999917322 ], [ 76.410796999981528, 30.195279999972229 ], [ 76.431968999669721, 30.194132000091827 ], [ 76.440528999613832, 30.17601800023067 ], [ 76.4379349996006, 30.14376999968573 ], [ 76.45834400007567, 30.133293000371793 ], [ 76.460922000250264, 30.100937000242482 ], [ 76.474198255445344, 30.095146318647778 ], [ 76.455082289416225, 30.048772995877187 ], [ 76.433551565452319, 30.028440903625039 ], [ 76.433863623907314, 30.01009863784202 ], [ 76.448580942856438, 30.002930647231722 ], [ 76.438170722700875, 29.979762630141295 ], [ 76.459609213994156, 29.970021626097207 ], [ 76.435812077065805, 29.950158646304544 ], [ 76.405028735787596, 29.958397236643179 ], [ 76.365828599010626, 29.952471327589933 ], [ 76.362101374079316, 29.982072660225128 ], [ 76.342153048624311, 29.981131073640256 ], [ 76.336482140538465, 29.978053721302331 ], [ 76.347821354072266, 29.966342056240933 ], [ 76.341508135792026, 29.956468699870584 ], [ 76.313905330566683, 29.956287428022392 ], [ 76.302724814099065, 29.986768639361344 ], [ 76.315530278699384, 29.995237100012332 ], [ 76.30034750303497, 30.009439094838513 ], [ 76.292135926531898, 30.037459671127124 ], [ 76.282424241285867, 30.040606577931385 ], [ 76.281673364034646, 30.071415007596556 ], [ 76.25911744891124, 30.092703030620441 ], [ 76.266663000097424, 30.100996000265297 ], [ 76.240341000337139, 30.105784999877983 ] ] ] } },
{ "type": "Feature", "properties": { "pincode": "136035", "state": "Haryana", "district": "Kaithal", "officename": "Guhla", "officetype": "S.O" }, "geometry": { "type": "Polygon", "coordinates": [ [ [ 76.193771356463003, 29.9172721369996 ], [ 76.177535999886516, 29.925076999603959 ], [ 76.180916000173283, 29.932985000057727 ], [ 76.19023099986083, 29.942680000181895 ], [ 76.216408000129206, 29.943875999577926 ], [ 76.20609300019197, 29.962079999992227 ], [ 76.202376999698856, 30.012865000119746 ], [ 76.227623000201447, 30.025095000234046 ], [ 76.209884999693031, 30.034378000244544 ], [ 76.25911744891124, 30.092703030620441 ], [ 76.281673364034646, 30.071415007596556 ], [ 76.282424241285867, 30.040606577931385 ], [ 76.292135926531898, 30.037459671127124 ], [ 76.30034750303497, 30.009439094838513 ], [ 76.315530278699384, 29.995237100012332 ], [ 76.302724814099065, 29.986768639361344 ], [ 76.313905330566683, 29.956287428022392 ], [ 76.297709680857167, 29.948912560066617 ], [ 76.276677346782321, 29.958049563236841 ], [ 76.262521902663764, 29.952738800355462 ], [ 76.264524664981536, 29.942617534171916 ], [ 76.254713488636582, 29.929289340430898 ], [ 76.284664612581992, 29.912241179286923 ], [ 76.268992458235459, 29.913871458600966 ], [ 76.243909386109465, 29.877426299584101 ], [ 76.195854000162115, 29.884941000426977 ], [ 76.193771356463003, 29.9172721369996 ] ] ] } },
{ "type": "Feature", "properties": { "pincode": "136038", "state": "Haryana", "district": "Kurukshetra", "officename": "Amin", "officetype": "S.O" }, "geometry": { "type": "Polygon", "coordinates": [ [ [ 76.82168373321781, 29.88800101383589 ], [ 76.822497050398738, 29.915635610994741 ], [ 76.833856788260221, 29.927519207545629 ], [ 76.862130887930277, 29.936378029722277 ], [ 76.892346389174634, 29.898138079308978 ], [ 76.856062324816548, 29.885040210937234 ], [ 76.835416736992897, 29.892748643735047 ], [ 76.82168373321781, 29.88800101383589 ] ] ] } },
{ "type": "Feature", "properties": { "pincode": "136042", "state": "Haryana", "district": "Kaithal", "officename": "Fatehpur (Kaithal)", "officetype": "S.O" }, "geometry": { "type": "Polygon", "coordinates": [ [ [ 76.525939621616317, 29.768927944768905 ], [ 76.507791684039091, 29.778875754212834 ], [ 76.540628951864846, 29.826361009553068 ], [ 76.562664001242695, 29.826710377282325 ], [ 76.58292877204525, 29.813815078503126 ], [ 76.592476441634631, 29.796836491610975 ], [ 76.615838395725518, 29.806336793008768 ], [ 76.638937996891229, 29.787636597950723 ], [ 76.66000267418417, 29.798212938176732 ], [ 76.662929290254738, 29.770618892348182 ], [ 76.69729329934637, 29.772830211045573 ], [ 76.684009715575996, 29.755516821843969 ], [ 76.695071445990493, 29.742296864209095 ], [ 76.694977919195821, 29.716442871641277 ], [ 76.666317952811369, 29.705098985230109 ], [ 76.608900402231825, 29.765203370139545 ], [ 76.590520132897893, 29.757419066037073 ], [ 76.587921058010522, 29.76901419065257 ], [ 76.525939621616317, 29.768927944768905 ] ] ] } },
{ "type": "Feature", "properties": { "pincode": "136043", "state": "Haryana", "district": "Kaithal", "officename": "Pai", "officetype": "S.O" }, "geometry": { "type": "Polygon", "coordinates": [ [ [ 76.470190570638408, 29.639670615606576 ], [ 76.480322755490761, 29.654562194389825 ], [ 76.503569794210762, 29.645555523668577 ], [ 76.513815928562394, 29.656967469872939 ], [ 76.509071520034638, 29.671738261611665 ], [ 76.519055941778447, 29.689491797008998 ], [ 76.506896159830148, 29.703206805349907 ], [ 76.476527873662633, 29.705025517813567 ], [ 76.468986972870482, 29.713919616796943 ], [ 76.487981159003539, 29.737357772243627 ], [ 76.509875695606866, 29.738592357051687 ], [ 76.492183110862015, 29.766944253474435 ], [ 76.508039506618047, 29.776132086326868 ], [ 76.526123103098939, 29.76721636044681 ], [ 76.544255600215877, 29.738216319028027 ], [ 76.564787720576987, 29.727753607243244 ], [ 76.566283258065994, 29.699986898776388 ], [ 76.594172323793941, 29.683686217245224 ], [ 76.593690264694089, 29.676043567157137 ], [ 76.613014785304131, 29.671237548773888 ], [ 76.618331994526045, 29.637913139779641 ], [ 76.579778365978939, 29.635595405203844 ], [ 76.539341638905682, 29.607781745831005 ], [ 76.515342168906102, 29.605433156415074 ], [ 76.515224194041366, 29.62062722396729 ], [ 76.497108943223225, 29.615923803840531 ], [ 76.492017828060511, 29.627949105666801 ], [ 76.475267732819589, 29.619785963051811 ], [ 76.470190570638408, 29.639670615606576 ] ] ] } },
{ "type": "Feature", "properties": { "pincode": "136044", "state": "Haryana", "district": "Kaithal", "officename": "Rajound", "officetype": "S.O" }, "geometry": { "type": "Polygon", "coordinates": [ [ [ 76.386142721909323, 29.541417405888637 ], [ 76.367236017328537, 29.569122550365535 ], [ 76.370593363692819, 29.575521634116228 ], [ 76.406131277636348, 29.570123888806506 ], [ 76.416745299456238, 29.586631353254461 ], [ 76.431693702802306, 29.578818606293794 ], [ 76.441820677881992, 29.582781888873114 ], [ 76.456599092274473, 29.618475181384611 ], [ 76.482837710491992, 29.619156362076524 ], [ 76.492017828060511, 29.627949105666801 ], [ 76.497108943223225, 29.615923803840531 ], [ 76.515224194041366, 29.62062722396729 ], [ 76.515342168906102, 29.605433156415074 ], [ 76.548769007983424, 29.613481254156738 ], [ 76.564116590708124, 29.594843865052383 ], [ 76.560947687385976, 29.581620653670313 ], [ 76.537109709545575, 29.564259945739877 ], [ 76.506698521219789, 29.506673721914865 ], [ 76.493160373552541, 29.519703955873013 ], [ 76.498078577864248, 29.539055813175423 ], [ 76.49004050486559, 29.551801489947024 ], [ 76.479124641788815, 29.553118896020351 ], [ 76.472586097470582, 29.540303182745731 ], [ 76.459847042407148, 29.535488824049992 ], [ 76.46330902758956, 29.552274665543507 ], [ 76.397312504068964, 29.540390724552424 ], [ 76.386142721909323, 29.541417405888637 ] ] ] } },
{ "type": "Feature", "properties": { "pincode": "136117", "state": "Haryana", "district": "Kaithal", "officename": "Kalayat", "officetype": "S.O" }, "geometry": { "type": "Polygon", "coordinates": [ [ [ 76.187523773403598, 29.684085707789336 ], [ 76.160016365562967, 29.69359868153407 ], [ 76.178541370887729, 29.705713528856393 ], [ 76.177240425105708, 29.725117991102479 ], [ 76.200506764175998, 29.740384847083135 ], [ 76.217641116344566, 29.814196878483187 ], [ 76.241738835478998, 29.827694803072802 ], [ 76.258296590915108, 29.786688281739032 ], [ 76.248671262169125, 29.769939169457075 ], [ 76.266947157985044, 29.755058056084579 ], [ 76.300792646763398, 29.76162659279305 ], [ 76.312063960583487, 29.753194082541029 ], [ 76.299852129472129, 29.737430806186808 ], [ 76.322687366828632, 29.724634287142749 ], [ 76.351021776833591, 29.730137087656487 ], [ 76.362537220616446, 29.710936593449105 ], [ 76.403580899239159, 29.716181123060437 ], [ 76.403807688474217, 29.622064736298682 ], [ 76.377857935195607, 29.613153797509881 ], [ 76.360006163254013, 29.580995558298412 ], [ 76.300386944601939, 29.591218962285438 ], [ 76.291632557097046, 29.579368853789731 ], [ 76.299533822528133, 29.57140871693889 ], [ 76.268038133653079, 29.555035859417387 ], [ 76.26736273740039, 29.575665130841287 ], [ 76.242456945031961, 29.588527566594053 ], [ 76.235388278246546, 29.617124418557125 ], [ 76.192782541081442, 29.639485544122522 ], [ 76.187523773403598, 29.684085707789336 ] ] ] } },
{ "type": "Feature", "properties": { "pincode": "136118", "state": "Haryana", "district": "Kurukshetra", "officename": "Kurukshetra", "officetype": "H.O" }, "geometry": { "type": "Polygon", "coordinates": [ [ [ 76.80587178375589, 29.98429102151357 ], [ 76.811869436225663, 30.001035537360337 ], [ 76.827323177622645, 30.006440966477442 ], [ 76.83824582428548, 30.000632888397092 ], [ 76.860860669284648, 30.013281557997743 ], [ 76.887838378238712, 29.99929199832718 ], [ 76.881629406671777, 29.989490287346939 ], [ 76.89072943961213, 29.988318698249373 ], [ 76.895378701665834, 29.956099874409745 ], [ 76.854694759955237, 29.954914232505985 ], [ 76.861978390790227, 29.936361275352624 ], [ 76.841025600850855, 29.926917651028873 ], [ 76.811121052794533, 29.933963617127233 ], [ 76.804808984746899, 29.941051653511238 ], [ 76.811806365871234, 29.952424039437858 ], [ 76.80587178375589, 29.98429102151357 ] ] ] } },
{ "type": "Feature", "properties": { "pincode": "136119", "state": "Haryana", "district": "Kurukshetra", "officename": "R.E.C.K.", "officetype": "S.O" }, "geometry": { "type": "Polygon", "coordinates": [ [ [ 76.665495153178824, 29.896065046664603 ], [ 76.663067449503387, 29.908114220994491 ], [ 76.713940554413057, 29.92987206694238 ], [ 76.778418065441542, 29.937416361775831 ], [ 76.737960177320474, 29.9543509709207 ], [ 76.739197164217899, 29.968114876300604 ], [ 76.724811096155236, 29.978092802241179 ], [ 76.726058588932915, 29.993145204987286 ], [ 76.709893961337343, 30.003857569471279 ], [ 76.715655314241417, 30.012155498877291 ], [ 76.701544746293223, 30.023908880790316 ], [ 76.70194138958351, 30.03608709884071 ], [ 76.723855338053568, 30.060163022006009 ], [ 76.707811889607228, 30.079973472397967 ], [ 76.720613069837384, 30.082775874107426 ], [ 76.733562050048647, 30.065395051940129 ], [ 76.761717260243415, 30.057193834727741 ], [ 76.797623986158101, 30.079807221026556 ], [ 76.801914176797993, 30.05937570692339 ], [ 76.811343589135333, 30.05999970422306 ], [ 76.836500271670332, 30.038151596019418 ], [ 76.838371263523186, 30.027995073713726 ], [ 76.837890341166485, 30.000571337896929 ], [ 76.820171793893337, 30.004865517030112 ], [ 76.803825273917312, 29.991746635998481 ], [ 76.811804428731534, 29.954213250541216 ], [ 76.806414958983169, 29.93654616787137 ], [ 76.825687787461561, 29.935659143155078 ], [ 76.833856788260221, 29.927519207545629 ], [ 76.822497050398738, 29.915635610994741 ], [ 76.82296083617365, 29.897586561970343 ], [ 76.780153425140497, 29.880258272801086 ], [ 76.763683132370716, 29.884679622366832 ], [ 76.753961490730376, 29.873477134562222 ], [ 76.718421376145784, 29.884979544470525 ], [ 76.701060777932696, 29.900601940227432 ], [ 76.691928032152987, 29.887595178574827 ], [ 76.665495153178824, 29.896065046664603 ] ] ] } },
{ "type": "Feature", "properties": { "pincode": "136128", "state": "Haryana", "district": "Kurukshetra", "officename": "Saraswati Mandir Pehowa", "officetype": "S.O" }, "geometry": { "type": "Polygon", "coordinates": [ [ [ 76.444198225467801, 30.036675188908873 ], [ 76.474198255445344, 30.095146318647778 ], [ 76.50264699985928, 30.093229000018425 ], [ 76.512938999635253, 30.072686999705354 ], [ 76.545485999579284, 30.078793999843128 ], [ 76.577097597576142, 30.102958293990127 ], [ 76.597774830743958, 30.088168661454574 ], [ 76.593192933307364, 30.067037007152294 ], [ 76.609739332104596, 30.079453068004796 ], [ 76.604046560600466, 30.052447130230917 ], [ 76.616637262599681, 30.053163417757617 ], [ 76.615527796870424, 30.060790205603723 ], [ 76.643708458778463, 30.052822339979173 ], [ 76.653259863252174, 30.037895344095034 ], [ 76.650990049950963, 30.015682673216929 ], [ 76.662067174061008, 30.011180829831517 ], [ 76.653576866179549, 30.005522166015282 ], [ 76.662723496592264, 29.99892332575098 ], [ 76.674590738971631, 30.003741262849189 ], [ 76.674026680586906, 29.990430182307193 ], [ 76.660303288765931, 29.979968993074635 ], [ 76.66177388895386, 29.957173083071439 ], [ 76.675572867893663, 29.957045106846238 ], [ 76.663333388025649, 29.918294696742976 ], [ 76.628149563251839, 29.915968949207809 ], [ 76.629637076989582, 29.935142971870732 ], [ 76.614148339374481, 29.945959634329768 ], [ 76.577945207705227, 29.931572832420329 ], [ 76.563926429061496, 29.950228668418504 ], [ 76.562288190747438, 29.984070484365418 ], [ 76.503476387925048, 29.97611032593079 ], [ 76.494971805104854, 29.979814951798517 ], [ 76.495363476043735, 29.99142502764289 ], [ 76.470643979136526, 29.994871849356457 ], [ 76.463111543662933, 30.001757987940778 ], [ 76.464605080160425, 30.019176635593396 ], [ 76.444198225467801, 30.036675188908873 ] ] ] } },
{ "type": "Feature", "properties": { "pincode": "136129", "state": "Haryana", "district": "Kurukshetra", "officename": "Ismailabad", "officetype": "S.O" }, "geometry": { "type": "Polygon", "coordinates": [ [ [ 76.615527796870424, 30.060790205603723 ], [ 76.616637262599681, 30.053163417757617 ], [ 76.604046560600466, 30.052447130230917 ], [ 76.609739332104596, 30.079453068004796 ], [ 76.624824122135578, 30.08874468621832 ], [ 76.637143999595992, 30.113790799805656 ], [ 76.644253008169983, 30.152176005118633 ], [ 76.659618278760604, 30.161836552215334 ], [ 76.71877768484228, 30.126358328973936 ], [ 76.715903563099005, 30.120462375438422 ], [ 76.74570901665777, 30.113916739965646 ], [ 76.750124116834741, 30.100949506214874 ], [ 76.726609925507717, 30.078149379290494 ], [ 76.707811889607228, 30.079973472397967 ], [ 76.723680427110082, 30.057239183042043 ], [ 76.702615169754381, 30.037113710929191 ], [ 76.701544746293223, 30.023908880790316 ], [ 76.715655314241417, 30.012155498877291 ], [ 76.710872733090241, 30.002616467276198 ], [ 76.726058588932915, 29.993145204987286 ], [ 76.725167261859781, 29.976972256864315 ], [ 76.739197164217899, 29.968114876300604 ], [ 76.737960177320474, 29.9543509709207 ], [ 76.778418065441542, 29.937416361775831 ], [ 76.72036213830205, 29.931824752310604 ], [ 76.663067449503387, 29.908114220994491 ], [ 76.675572867893663, 29.957045106846238 ], [ 76.66177388895386, 29.957173083071439 ], [ 76.660303288765931, 29.979968993074635 ], [ 76.674026680586906, 29.990430182307193 ], [ 76.674865145510182, 30.003014780607714 ], [ 76.662723496592264, 29.99892332575098 ], [ 76.653576866179549, 30.005522166015282 ], [ 76.662067174061008, 30.011180829831517 ], [ 76.650990049950963, 30.015682673216929 ], [ 76.653259863252174, 30.037895344095034 ], [ 76.643708458778463, 30.052822339979173 ], [ 76.615527796870424, 30.060790205603723 ] ] ] } },
{ "type": "Feature", "properties": { "pincode": "136130", "state": "Haryana", "district": "Kurukshetra", "officename": "Jhansa", "officetype": "S.O" }, "geometry": { "type": "Polygon", "coordinates": [ [ [ 76.733562050048647, 30.065395051940129 ], [ 76.727151260722223, 30.078696217456525 ], [ 76.751841860613467, 30.106226013020091 ], [ 76.743986068502409, 30.114756198639782 ], [ 76.715903563099005, 30.120462375438422 ], [ 76.724966585339757, 30.142719180545782 ], [ 76.75875936215499, 30.147261821675897 ], [ 76.767243687746031, 30.180260417084583 ], [ 76.802426569131001, 30.161535335087819 ], [ 76.784872129245457, 30.142453764529705 ], [ 76.78602388559392, 30.133527646084076 ], [ 76.823808075782267, 30.133905786722664 ], [ 76.81453789470811, 30.124457243107429 ], [ 76.813847915948656, 30.094046083560045 ], [ 76.761717260243415, 30.057193834727741 ], [ 76.733562050048647, 30.065395051940129 ] ] ] } },
{ "type": "Feature", "properties": { "pincode": "136131", "state": "Haryana", "district": "Kurukshetra", "officename": "Pipli", "officetype": "S.O" }, "geometry": { "type": "Polygon", "coordinates": [ [ [ 76.837890341166485, 30.000571337896929 ], [ 76.831026667646768, 30.057562292366015 ], [ 76.848632492995307, 30.057622680942131 ], [ 76.879318781236805, 30.07296346479211 ], [ 76.893775275208839, 30.088078934295538 ], [ 76.89410298276664, 30.102566122128906 ], [ 76.903367720244091, 30.104406944425136 ], [ 76.911730444004888, 30.088488183382992 ], [ 76.925601473929021, 30.090223833563186 ], [ 76.923911506610921, 30.06813984397877 ], [ 76.89474188632903, 30.062258339850587 ], [ 76.891461985082628, 30.043913261887724 ], [ 76.918307143859636, 30.043214426604607 ], [ 76.938502615603227, 30.0297212621266 ], [ 76.940261830719066, 30.01710735492054 ], [ 76.954206301979411, 30.012819178762186 ], [ 76.950113540407642, 29.996733388435246 ], [ 76.966121187742772, 29.980927566953767 ], [ 76.957252610619605, 29.96625394876088 ], [ 76.968822833906813, 29.94958014480784 ], [ 76.952313373863092, 29.938452955439743 ], [ 76.953015096869365, 29.918008993820138 ], [ 76.944059334970405, 29.915236015230107 ], [ 76.924430665442912, 29.928864981833556 ], [ 76.921551376195168, 29.912423367544477 ], [ 76.898041812779525, 29.919954596127866 ], [ 76.889311590057901, 29.904271267704871 ], [ 76.882375221639222, 29.910336533903831 ], [ 76.854268028047102, 29.953746402574552 ], [ 76.895378701665834, 29.956099874409745 ], [ 76.89072943961213, 29.988318698249373 ], [ 76.881629406671777, 29.989490287346939 ], [ 76.887838378238712, 29.99929199832718 ], [ 76.85913360223401, 30.013380111103288 ], [ 76.837890341166485, 30.000571337896929 ] ] ] } },
{ "type": "Feature", "properties": { "pincode": "136132", "state": "Haryana", "district": "Kurukshetra", "officename": "Ngm Ladwa", "officetype": "S.O" }, "geometry": { "type": "Polygon", "coordinates": [ [ [ 76.954131605189502, 29.993412238883764 ], [ 76.954206301979411, 30.012819178762186 ], [ 76.940261830719066, 30.01710735492054 ], [ 76.938502615603227, 30.0297212621266 ], [ 76.956762790370533, 30.037228436543273 ], [ 76.980356854085585, 30.031939662985167 ], [ 77.004160920290303, 30.051532426180643 ], [ 76.998044112146204, 30.067631320529074 ], [ 77.017274352329594, 30.078614447498751 ], [ 77.017743191395255, 30.097720881613441 ], [ 77.037176876211845, 30.132060948953722 ], [ 77.065853364940892, 30.128195616934306 ], [ 77.076517773976207, 30.119325580211409 ], [ 77.078958955791336, 30.107779831973744 ], [ 77.065608366233164, 30.084179821041971 ], [ 77.085635626982707, 30.062459524487565 ], [ 77.086720542119451, 30.041729272687917 ], [ 77.093158973008315, 30.038369162706772 ], [ 77.083482861345146, 30.012774167693749 ], [ 77.099817691933026, 30.021689800044328 ], [ 77.100803756288542, 30.003889337123439 ], [ 77.117373331514216, 29.975523015574879 ], [ 77.102937488674343, 29.967381806525225 ], [ 77.096340032466685, 29.948532712514805 ], [ 77.055714869545682, 29.948957074709426 ], [ 77.036136947862019, 29.959334305034247 ], [ 77.017211590442685, 29.952785302499819 ], [ 77.005406838355043, 29.961330022962215 ], [ 77.000859734789003, 29.95665640906617 ], [ 76.994604832147274, 29.971276184848136 ], [ 76.982509956969125, 29.95564319687611 ], [ 76.963061624894181, 29.951222794296655 ], [ 76.957252610619605, 29.96625394876088 ], [ 76.966121187742772, 29.980927566953767 ], [ 76.954131605189502, 29.993412238883764 ] ] ] } },
{ "type": "Feature", "properties": { "pincode": "136135", "state": "Haryana", "district": "Kurukshetra", "officename": "Shahabad(M)", "officetype": "S.O" }, "geometry": { "type": "Polygon", "coordinates": [ [ [ 76.812984243028438, 30.186471610876254 ], [ 76.783257379424697, 30.217711149450167 ], [ 76.820562712099616, 30.236068863787125 ], [ 76.818090969522757, 30.253488132871155 ], [ 76.826274740786801, 30.260947472348107 ], [ 76.862901026861039, 30.25845056674035 ], [ 76.858863854183653, 30.241127840777324 ], [ 76.896400852217596, 30.209087010757059 ], [ 76.891357507243242, 30.195677668489736 ], [ 76.908120640855145, 30.19101564685468 ], [ 76.922660761884799, 30.202517121468077 ], [ 76.956436629646873, 30.193251592587046 ], [ 76.949650093677008, 30.181316680720442 ], [ 76.934519108170548, 30.177129803297873 ], [ 76.934308751347714, 30.167754842212219 ], [ 76.96643006259734, 30.149298269899248 ], [ 76.926511882817181, 30.096434339373218 ], [ 76.911730444004888, 30.088488183382992 ], [ 76.903367720244091, 30.104406944425136 ], [ 76.89410298276664, 30.102566122128906 ], [ 76.893775275208839, 30.088078934295538 ], [ 76.879318781236805, 30.07296346479211 ], [ 76.848632492995307, 30.057622680942131 ], [ 76.831026667646768, 30.057562292366015 ], [ 76.830424538262037, 30.042105692024165 ], [ 76.811343589135333, 30.05999970422306 ], [ 76.801914176797993, 30.05937570692339 ], [ 76.797623986158101, 30.079807221026556 ], [ 76.813847915948656, 30.094046083560045 ], [ 76.81453789470811, 30.124457243107429 ], [ 76.823808075782267, 30.133905786722664 ], [ 76.78476106477143, 30.13495916713191 ], [ 76.812984243028438, 30.186471610876254 ] ] ] } },
{ "type": "Feature", "properties": { "pincode": "136136", "state": "Haryana", "district": "Kurukshetra", "officename": "Thol", "officetype": "S.O" }, "geometry": { "type": "Polygon", "coordinates": [ [ [ 76.66050487180263, 30.159475701442489 ], [ 76.683274411884611, 30.19345356682868 ], [ 76.762553503841332, 30.19975672439341 ], [ 76.783257379424697, 30.217711149450167 ], [ 76.80051331184012, 30.190508754775237 ], [ 76.812984243028438, 30.186471610876254 ], [ 76.802426569131001, 30.161535335087819 ], [ 76.764705141728939, 30.180614492764676 ], [ 76.75875936215499, 30.147261821675897 ], [ 76.724966585339757, 30.142719180545782 ], [ 76.71877768484228, 30.126358328973936 ], [ 76.66050487180263, 30.159475701442489 ] ] ] } },
{ "type": "Feature", "properties": { "pincode": "136156", "state": "Haryana", "district": "Kurukshetra", "officename": "Babain", "officetype": "S.O" }, "geometry": { "type": "Polygon", "coordinates": [ [ [ 76.89618732708351, 30.040018177596892 ], [ 76.89474188632903, 30.062258339850587 ], [ 76.923911506610921, 30.06813984397877 ], [ 76.927446286517011, 30.087708250835078 ], [ 76.919829913719695, 30.092238561360546 ], [ 76.96643006259734, 30.149298269899248 ], [ 76.959958598710443, 30.156240309442865 ], [ 76.990952590889435, 30.16628948237377 ], [ 77.033381774049758, 30.138044661032438 ], [ 77.037176876211845, 30.132060948953722 ], [ 77.013124260776124, 30.08379257027093 ], [ 77.017274352329594, 30.078614447498751 ], [ 76.998044112146204, 30.067631320529074 ], [ 77.004160920290303, 30.051532426180643 ], [ 76.984715625226045, 30.034760420757038 ], [ 76.956762790370533, 30.037228436543273 ], [ 76.938502615603227, 30.0297212621266 ], [ 76.918307143859636, 30.043214426604607 ], [ 76.89618732708351, 30.040018177596892 ] ] ] } }
]
}
