{
"type": "FeatureCollection",
"name": "himachal_pradesh",
"crs": { "type": "name", "properties": { "name": "urn:ogc:def:crs:OGC:1.3:CRS84" } },
"features": [
{ "type": "Feature", "properties": { "pincode": "173201", "state": "Himachal Pradesh", "district": "Solan", "officename": "Garkhal", "officetype": "S.O" }, "geometry": { "type": "Polygon", "coordinates": [ [ [ 76.958684932963365, 30.914536662636976 ], [ 76.977555857117125, 30.893198247901012 ], [ 76.979093907358106, 30.880708316735422 ], [ 76.948459113397462, 30.875921630179334 ], [ 76.932401095034663, 30.861277313697201 ], [ 76.924981361700588, 30.876386672307149 ], [ 76.932350526155972, 30.891445409877861 ], [ 76.958684932963365, 30.914536662636976 ] ] ] } },
{ "type": "Feature", "properties": { "pincode": "171001", "state": "Himachal Pradesh", "district": "Shimla", "officename": "Shimla G.P.O.", "officetype": "H.O" }, "geometry": { "type": "Polygon", "coordinates": [ [ [ 77.162109754161975, 31.123030295811475 ], [ 77.188295023696526, 31.125316967803997 ], [ 77.192994895997799, 31.10875524186099 ], [ 77.180698877551151, 31.087548364665338 ], [ 77.164630629400108, 31.100371870565539 ], [ 77.173131985452869, 31.110981688054608 ], [ 77.162109754161975, 31.123030295811475 ] ] ] } },
{ "type": "Feature", "properties": { "pincode": "173204", "state": "Himachal Pradesh", "district": "Solan", "officename": "Kasauli", "officetype": "S.O" }, "geometry": { "type": "Polygon", "coordinates": [ [ [ 76.965300965567224, 30.926082289466137 ], [ 76.977657901391183, 30.927139176331991 ], [ 76.98723127450387, 30.913576898055567 ], [ 76.980689469243714, 30.88469722279865 ], [ 76.958684932963365, 30.914536662636976 ], [ 76.965300965567224, 30.926082289466137 ] ] ] } },
{ "type": "Feature", "properties": { "pincode": "174316", "state": "Himachal Pradesh", "district": "Una", "officename": "Bhera", "officetype": "S.O" }, "geometry": { "type": "Polygon", "coordinates": [ [ [ 76.138822327988066, 31.600612848304536 ], [ 76.176687646018138, 31.599912922143744 ], [ 76.194297126211438, 31.594210588148201 ], [ 76.198578331724775, 31.584481788803544 ], [ 76.177590556359121, 31.558024862857337 ], [ 76.15119681318248, 31.566581606356124 ], [ 76.138822327988066, 31.600612848304536 ] ] ] } },
{ "type": "Feature", "properties": { "pincode": "174319", "state": "Himachal Pradesh", "district": "Una", "officename": "Marwari", "officetype": "S.O" }, "geometry": { "type": "Polygon", "coordinates": [ [ [ 76.013809087519405, 31.816957641182114 ], [ 75.959633000262897, 31.779899999785187 ], [ 75.951041999788515, 31.782988000096339 ], [ 75.936447000328997, 31.815886000039029 ], [ 75.967567000117128, 31.8226180002207 ], [ 75.986144999792145, 31.813164000418283 ], [ 75.958976999688844, 31.856227999722591 ], [ 75.995992513243948, 31.850468776412981 ], [ 76.013809087519405, 31.816957641182114 ] ] ] } },
{ "type": "Feature", "properties": { "pincode": "175103", "state": "Himachal Pradesh", "district": "Kullu", "officename": "Bahang", "officetype": "S.O" }, "geometry": { "type": "Polygon", "coordinates": [ [ [ 77.183564310044972, 32.289115777171503 ], [ 77.035446880968777, 32.283015199991723 ], [ 77.030716000043412, 32.306747000273958 ], [ 77.044952000034868, 32.322834000189061 ], [ 77.040908999750627, 32.339873999985343 ], [ 77.052429000398092, 32.366511999928946 ], [ 77.074668999874575, 32.396957000065527 ], [ 77.109847999785416, 32.399300000194899 ], [ 77.15081000018148, 32.416012000153728 ], [ 77.19625899975307, 32.401359999864269 ], [ 77.229232999603312, 32.374420000382884 ], [ 77.246155000253111, 32.376369000329191 ], [ 77.281169741690292, 32.352274817328976 ], [ 77.225787472913566, 32.308182345239175 ], [ 77.183564310044972, 32.289115777171503 ] ] ] } },
{ "type": "Feature", "properties": { "pincode": "175104", "state": "Himachal Pradesh", "district": "Kullu", "officename": "Larenkelo", "officetype": "S.O" }, "geometry": { "type": "Polygon", "coordinates": [ [ [ 77.144879455122862, 32.055797078372507 ], [ 77.138759562304017, 32.07908623594119 ], [ 77.143938421620874, 32.095227850784681 ], [ 77.170073208611768, 32.099403045114514 ], [ 77.152207291233537, 32.120465084696093 ], [ 77.163948635720999, 32.132096952012887 ], [ 77.228552769494797, 32.131018389687029 ], [ 77.255249577006509, 32.117174547167735 ], [ 77.249457329692177, 32.095700080294591 ], [ 77.223196408287777, 32.058066136243383 ], [ 77.144879455122862, 32.055797078372507 ] ] ] } },
{ "type": "Feature", "properties": { "pincode": "175129", "state": "Himachal Pradesh", "district": "Kullu", "officename": "Katrain", "officetype": "S.O" }, "geometry": { "type": "Polygon", "coordinates": [ [ [ 76.986231555741881, 32.120652229117127 ], [ 76.986961000349879, 32.15430799961473 ], [ 76.999526999771376, 32.182334999760485 ], [ 76.994964999834963, 32.186858999743151 ], [ 77.021117999895864, 32.206055000038248 ], [ 77.042360790618034, 32.211356846141712 ], [ 77.186712236680421, 32.184168370274222 ], [ 77.183562859438553, 32.1650468976963 ], [ 77.166830510519674, 32.151623358731115 ], [ 77.165820731941267, 32.134181132653225 ], [ 77.152207291233537, 32.120465084696093 ], [ 77.170073208611768, 32.099403045114514 ], [ 77.123951928039162, 32.092250657741829 ], [ 77.101318347463859, 32.096359817551615 ], [ 77.030155832126013, 32.069213392184224 ], [ 76.986231555741881, 32.120652229117127 ] ] ] } },
{ "type": "Feature", "properties": { "pincode": "177021", "state": "Himachal Pradesh", "district": "Hamirpur", "officename": "Bagwara", "officetype": "S.O" }, "geometry": { "type": "Polygon", "coordinates": [ [ [ 76.656426420243179, 31.704742784052314 ], [ 76.673110218362069, 31.732790307626772 ], [ 76.672187999576636, 31.721799999570408 ], [ 76.688606000366804, 31.708803000058595 ], [ 76.686867000211919, 31.701433000133022 ], [ 76.656426420243179, 31.704742784052314 ] ] ] } },
{ "type": "Feature", "properties": { "pincode": "174317", "state": "Himachal Pradesh", "district": "Una", "officename": "Bhadsali", "officetype": "S.O" }, "geometry": { "type": "Polygon", "coordinates": [ [ [ 76.1288149996127, 31.471470000140528 ], [ 76.155636962176231, 31.490679683620726 ], [ 76.205558733648786, 31.504996870809066 ], [ 76.221194609343797, 31.485404930493303 ], [ 76.168557240524365, 31.46454282549098 ], [ 76.149132000341581, 31.435373000163906 ], [ 76.1288149996127, 31.471470000140528 ] ] ] } },
{ "type": "Feature", "properties": { "pincode": "173031", "state": "Himachal Pradesh", "district": "Sirmaur", "officename": "Dhualakuan", "officetype": "S.O" }, "geometry": { "type": "Polygon", "coordinates": [ [ [ 77.425623248214379, 30.49256495061195 ], [ 77.471118315557874, 30.520492729456009 ], [ 77.466749983724867, 30.525664970661978 ], [ 77.48081086143219, 30.522822689415705 ], [ 77.48608010801064, 30.529828616797431 ], [ 77.505452403305867, 30.522945353345392 ], [ 77.504479063458177, 30.511216781929079 ], [ 77.483918661217388, 30.493658112531875 ], [ 77.470647569030234, 30.491862061185316 ], [ 77.470813217855891, 30.479620148651122 ], [ 77.468806252106958, 30.487075395313298 ], [ 77.461959587465117, 30.482641949866093 ], [ 77.458154843671139, 30.48888685924129 ], [ 77.425623248214379, 30.49256495061195 ] ] ] } },
{ "type": "Feature", "properties": { "pincode": "176061", "state": "Himachal Pradesh", "district": "Kangra", "officename": "Palampur", "officetype": "H.O" }, "geometry": { "type": "Polygon", "coordinates": [ [ [ 76.5567091340194, 32.0743497972054 ], [ 76.54721439582778, 32.05829523853447 ], [ 76.521859866040131, 32.054562770555492 ], [ 76.499806264547544, 32.081828675353108 ], [ 76.484750720469435, 32.079874882020306 ], [ 76.497934136850972, 32.098909468397437 ], [ 76.488463765790243, 32.094122221563282 ], [ 76.482117819381926, 32.101936894871926 ], [ 76.504653091467105, 32.110927240199999 ], [ 76.51314136328341, 32.124238405278277 ], [ 76.500595113873487, 32.139054657746385 ], [ 76.516794856397667, 32.176972728208909 ], [ 76.535000700422017, 32.195490872605831 ], [ 76.542418023573077, 32.229787754501388 ], [ 76.590103000353224, 32.221084999772984 ], [ 76.625031000380432, 32.192482000044436 ], [ 76.672209444810107, 32.179185384198206 ], [ 76.651743492068533, 32.173105217132218 ], [ 76.639125688999513, 32.179872719850209 ], [ 76.618723756296447, 32.165618067020205 ], [ 76.594945532110671, 32.111171174110439 ], [ 76.609669662524993, 32.102256510329937 ], [ 76.600712585817291, 32.096070334778176 ], [ 76.582295615150713, 32.09278451149612 ], [ 76.579519311766887, 32.106129965025957 ], [ 76.566718913047623, 32.102047483604565 ], [ 76.56307893584443, 32.114954747863408 ], [ 76.541564691957035, 32.108274339988839 ], [ 76.542469697718388, 32.095552518633895 ], [ 76.552689589852719, 32.087113438834308 ], [ 76.548537370503368, 32.078842256165217 ], [ 76.5567091340194, 32.0743497972054 ] ] ] } },
{ "type": "Feature", "properties": { "pincode": "172201", "state": "Himachal Pradesh", "district": "Shimla", "officename": "Jhakri", "officetype": "S.O" }, "geometry": { "type": "Polygon", "coordinates": [ [ [ 77.679886000038948, 31.5596580002167 ], [ 77.701579774687048, 31.562729867589439 ], [ 77.733206497481888, 31.554083713492616 ], [ 77.754139292794264, 31.508122576096184 ], [ 77.753684231342277, 31.474675610191355 ], [ 77.779981938615606, 31.444124011613951 ], [ 77.681502999963641, 31.477776999609034 ], [ 77.708984000111684, 31.502408999675652 ], [ 77.699279999572525, 31.541921999800479 ], [ 77.679886000038948, 31.5596580002167 ] ] ] } },
{ "type": "Feature", "properties": { "pincode": "173025", "state": "Himachal Pradesh", "district": "Sirmaur", "officename": "Paonta Sahib", "officetype": "S.O" }, "geometry": { "type": "Polygon", "coordinates": [ [ [ 77.532238466731997, 30.469222623325436 ], [ 77.556120731686633, 30.477638863043182 ], [ 77.549265495606335, 30.484214883909885 ], [ 77.579320122525758, 30.494413231885233 ], [ 77.6042793822877, 30.533246962377518 ], [ 77.634583508122546, 30.537245142249674 ], [ 77.620177785376484, 30.547461637644574 ], [ 77.632225974948881, 30.551836807023221 ], [ 77.642415625580782, 30.550054888522254 ], [ 77.638751272253501, 30.537462701742413 ], [ 77.645307286801994, 30.532588793538082 ], [ 77.666726254713126, 30.532827888196664 ], [ 77.641091188607504, 30.525888322688104 ], [ 77.647162819308846, 30.517332300445389 ], [ 77.656405636710758, 30.519681444742957 ], [ 77.64825509629577, 30.501877035596692 ], [ 77.686651392947567, 30.508076251318073 ], [ 77.684381620115687, 30.514188736421204 ], [ 77.693930064920607, 30.519726792157883 ], [ 77.68630760281377, 30.520300561421777 ], [ 77.689936591200933, 30.548251379097962 ], [ 77.725104566322671, 30.600828605755737 ], [ 77.757210000041482, 30.58485999978933 ], [ 77.775413999556577, 30.558058000376548 ], [ 77.791816999654884, 30.552402000352117 ], [ 77.816811000227574, 30.558806999843284 ], [ 77.825736999962828, 30.533052000149837 ], [ 77.812667999828477, 30.506389999998532 ], [ 77.724586000144029, 30.472321000014176 ], [ 77.692375000405946, 30.446786999720302 ], [ 77.653519000001893, 30.447434999925406 ], [ 77.643791000154636, 30.431243999710887 ], [ 77.626923367119787, 30.432734633196901 ], [ 77.588030563759673, 30.41615262394464 ], [ 77.580258868152441, 30.406487823054704 ], [ 77.586059999869292, 30.388197000291484 ], [ 77.594104168472711, 30.385279292005634 ], [ 77.583691531838895, 30.379792083937616 ], [ 77.556781372762146, 30.392050115020822 ], [ 77.563747848684329, 30.406566372540226 ], [ 77.556619556847181, 30.412255611507419 ], [ 77.561353991893327, 30.420089879244699 ], [ 77.552187419014274, 30.448304851188084 ], [ 77.553548728191288, 30.454076686590042 ], [ 77.568341689117744, 30.451476370637977 ], [ 77.557620165038713, 30.456057103452736 ], [ 77.561732714393429, 30.462484532035717 ], [ 77.548181947439048, 30.45882886166271 ], [ 77.532238466731997, 30.469222623325436 ] ] ] } },
{ "type": "Feature", "properties": { "pincode": "171014", "state": "Himachal Pradesh", "district": "Shimla", "officename": "Ghanahatti", "officetype": "S.O" }, "geometry": { "type": "Polygon", "coordinates": [ [ [ 77.066629885460941, 31.113941606020433 ], [ 77.000068999584755, 31.105380999933175 ], [ 76.99256099959058, 31.116468000398072 ], [ 77.009232000356747, 31.115864000423414 ], [ 77.012519999998176, 31.137133000087999 ], [ 77.033936000146412, 31.158925999635187 ], [ 77.08874514357359, 31.138790210499906 ], [ 77.085390582409616, 31.125496207184312 ], [ 77.066629885460941, 31.113941606020433 ] ] ] } },
{ "type": "Feature", "properties": { "pincode": "171219", "state": "Himachal Pradesh", "district": "Shimla", "officename": "Shoghi", "officetype": "S.O" }, "geometry": { "type": "Polygon", "coordinates": [ [ [ 77.067687999901466, 31.050585000097783 ], [ 77.105163925874592, 31.059438373282376 ], [ 77.135683341313211, 31.052060027648224 ], [ 77.113602000232277, 31.030568999759737 ], [ 77.067687999901466, 31.050585000097783 ] ] ] } },
{ "type": "Feature", "properties": { "pincode": "171225", "state": "Himachal Pradesh", "district": "Shimla", "officename": "Baghi (Shimla)", "officetype": "S.O" }, "geometry": { "type": "Polygon", "coordinates": [ [ [ 77.587926924088265, 31.203431326194902 ], [ 77.553943459523168, 31.190606627793727 ], [ 77.51755050705043, 31.202449757550426 ], [ 77.500163429199006, 31.216171104313048 ], [ 77.504813158900333, 31.250966848241546 ], [ 77.58780283833039, 31.252715543087902 ], [ 77.59246088136473, 31.232662005946963 ], [ 77.579138066468772, 31.22244860961581 ], [ 77.587926924088265, 31.203431326194902 ] ] ] } },
{ "type": "Feature", "properties": { "pincode": "172114", "state": "Himachal Pradesh", "district": "Lahul & Spiti", "officename": "Kaza", "officetype": "S.O" }, "geometry": { "type": "Polygon", "coordinates": [ [ [ 77.553661688436364, 32.732072557602521 ], [ 77.536265886261788, 32.747269255671711 ], [ 77.539506444866731, 32.760864292653025 ], [ 77.550365581406538, 32.756766992202984 ], [ 77.580089446670797, 32.770969438489033 ], [ 77.60688362737767, 32.76062719448953 ], [ 77.61729181686394, 32.775696342612264 ], [ 77.6141359707986, 32.802468096025848 ], [ 77.622336584565858, 32.833585257553693 ], [ 77.59731359164897, 32.888173515795188 ], [ 77.595000633372706, 32.926686435630529 ], [ 77.601851999670146, 32.94139100039439 ], [ 77.64134199963371, 32.942089000207318 ], [ 77.671310000256426, 32.956935999596737 ], [ 77.688949999842805, 32.983828999608704 ], [ 77.69755600010933, 32.975323000356184 ], [ 77.713088999657828, 32.975329999779831 ], [ 77.72174799967047, 32.963611999893999 ], [ 77.730567999913319, 32.96929200012579 ], [ 77.808143999845811, 32.902739999551443 ], [ 77.804923999742982, 32.888988000296024 ], [ 77.790687999751526, 32.888222000045403 ], [ 77.783890000123449, 32.877598000247644 ], [ 77.779305000025772, 32.862114000260931 ], [ 77.785591000324587, 32.855746999824191 ], [ 77.826057000330366, 32.833233000302812 ], [ 77.842956999965622, 32.837062999757791 ], [ 77.865463000017485, 32.825569000309201 ], [ 77.879104999596166, 32.813289999733797 ], [ 77.88477300017388, 32.787375999902451 ], [ 77.898665999636364, 32.772465000259615 ], [ 77.932907000357773, 32.76307699990366 ], [ 77.929550000232439, 32.733482000294146 ], [ 77.936165000414519, 32.727759999924103 ], [ 77.920859999689242, 32.690024999953835 ], [ 77.970192000260738, 32.637214999972286 ], [ 77.971763999908717, 32.622756999635953 ], [ 78.000014999592679, 32.583244000410332 ], [ 78.053284000056692, 32.588638000043773 ], [ 78.058998000057841, 32.601997000061601 ], [ 78.051476000317223, 32.632350999598941 ], [ 78.082900999781373, 32.620979000380544 ], [ 78.096619000166811, 32.649506000201768 ], [ 78.111045999972987, 32.658863000027566 ], [ 78.139144999841903, 32.639011000057621 ], [ 78.153717000039705, 32.66701099985778 ], [ 78.170264999630206, 32.675704999685934 ], [ 78.188224999584122, 32.673877999969818 ], [ 78.201675000201192, 32.660499999975116 ], [ 78.23069000004358, 32.665806000046928 ], [ 78.251044999826888, 32.680324999599236 ], [ 78.254394999629596, 32.691303000433322 ], [ 78.313605999817128, 32.709415000202284 ], [ 78.31601000006151, 32.721442999994508 ], [ 78.305580000216935, 32.734466999852316 ], [ 78.362746999674528, 32.760051999800112 ], [ 78.389359000217837, 32.758442000198215 ], [ 78.395752000054927, 32.715857999647028 ], [ 78.380980999673511, 32.668494999944528 ], [ 78.388709999966636, 32.634609000305204 ], [ 78.406569999805697, 32.619662999947479 ], [ 78.349403000348218, 32.581302999933541 ], [ 78.314231999907122, 32.573947999800509 ], [ 78.316696000220418, 32.525657999617238 ], [ 78.295982000069387, 32.504318000275532 ], [ 78.327819999693304, 32.472247999845536 ], [ 78.405006560804281, 32.528546908912631 ], [ 78.426269531413936, 32.506374359489143 ], [ 78.436203002966295, 32.478149414064376 ], [ 78.470390319557794, 32.451507568619377 ], [ 78.485565185684891, 32.418102264707898 ], [ 78.45974731438713, 32.383728027626432 ], [ 78.482246398652478, 32.358707427805598 ], [ 78.473815918170033, 32.330146789742514 ], [ 78.492454528553651, 32.307804107473771 ], [ 78.49558258017214, 32.24921417279603 ], [ 78.446043439653124, 32.232354280225991 ], [ 78.437129915313506, 32.205794148081509 ], [ 78.410230604758681, 32.190265801625515 ], [ 78.411666608027701, 32.181117147738235 ], [ 78.377596682640842, 32.182778871847518 ], [ 78.375370729275915, 32.15335255537633 ], [ 78.344683207164394, 32.120080762117539 ], [ 78.285964675729247, 32.117993179341909 ], [ 78.259141290438322, 32.103916316185177 ], [ 78.253942896947194, 32.082569949643585 ], [ 78.236175837545034, 32.070985164533909 ], [ 78.228057945217927, 32.069276570457532 ], [ 78.220029564213178, 32.084815590067592 ], [ 78.197148813966692, 32.094253145766118 ], [ 78.204638020828099, 32.087258316018506 ], [ 78.197956925871551, 32.075842764432196 ], [ 78.183016268386268, 32.089281996567024 ], [ 78.138543651068801, 32.080610132651486 ], [ 78.099077274496835, 32.042869157585642 ], [ 78.082541721523398, 32.050192615796732 ], [ 78.061331980886337, 32.041269624293875 ], [ 78.039660007603345, 32.045916356554699 ], [ 78.028667296558638, 32.038022912527424 ], [ 78.011968254031729, 32.043573512008095 ], [ 77.948868579021735, 32.027760766646111 ], [ 77.860307307236553, 32.026618813807318 ], [ 77.835912581600383, 32.044824281015906 ], [ 77.765175928526332, 32.05323862496266 ], [ 77.744931093894877, 32.088767447659677 ], [ 77.764918035339178, 32.09478015837783 ], [ 77.770408943218172, 32.109121735180054 ], [ 77.763448310191393, 32.121566994321483 ], [ 77.798365950928087, 32.149711180626525 ], [ 77.805509751573879, 32.183160038704898 ], [ 77.741439507527332, 32.194024995657117 ], [ 77.690058252386564, 32.213155644017888 ], [ 77.695933381220698, 32.251694563253523 ], [ 77.725311866349557, 32.289159441055347 ], [ 77.746805185710855, 32.298571127755395 ], [ 77.753743373458008, 32.31982494506525 ], [ 77.688848129138023, 32.36787501781788 ], [ 77.653591836094449, 32.370578159554498 ], [ 77.639226617914119, 32.385431583700779 ], [ 77.610602369903518, 32.393073931616698 ], [ 77.634458594088926, 32.459321663664014 ], [ 77.62121093463702, 32.507155111319435 ], [ 77.590754979858616, 32.52536914636903 ], [ 77.589371140865524, 32.566047761395168 ], [ 77.63532816206515, 32.585996716375348 ], [ 77.626102383218495, 32.614342051344693 ], [ 77.632215969991137, 32.623423144562537 ], [ 77.580243535610805, 32.674106224522689 ], [ 77.593228007566552, 32.704517782469793 ], [ 77.588550124588721, 32.718778691883131 ], [ 77.553661688436364, 32.732072557602521 ] ] ] } },
{ "type": "Feature", "properties": { "pincode": "173001", "state": "Himachal Pradesh", "district": "Sirmaur", "officename": "Nahan", "officetype": "H.O" }, "geometry": { "type": "Polygon", "coordinates": [ [ [ 77.229620096590338, 30.604256752147535 ], [ 77.24263299971318, 30.61522325514909 ], [ 77.232122120239751, 30.617455143140489 ], [ 77.229684359445798, 30.627724645476121 ], [ 77.252218122468435, 30.644936918504129 ], [ 77.249361675101284, 30.652876540020429 ], [ 77.235439428786719, 30.656036671355537 ], [ 77.25378086809252, 30.676106807283475 ], [ 77.241617447487442, 30.686123776391184 ], [ 77.254443612682621, 30.716694944216329 ], [ 77.280668541420198, 30.732459859135247 ], [ 77.282541858919728, 30.743911126397506 ], [ 77.323413999056982, 30.741343615915241 ], [ 77.330163944310527, 30.721577453536725 ], [ 77.357691660641649, 30.7087183524701 ], [ 77.389184480679319, 30.680531780217507 ], [ 77.38819599085241, 30.673680011023748 ], [ 77.40178200133829, 30.673017204380585 ], [ 77.416584951034736, 30.658713299279498 ], [ 77.397031541272611, 30.647199068682028 ], [ 77.383328543377672, 30.650714389057839 ], [ 77.353821661140898, 30.627083056538027 ], [ 77.37652290221024, 30.617137640189981 ], [ 77.374044994780775, 30.591620526466272 ], [ 77.401277331483755, 30.579880980622931 ], [ 77.408107763362523, 30.561762623546372 ], [ 77.414335444425319, 30.563646782373212 ], [ 77.402284106326647, 30.55325566291873 ], [ 77.392910928596507, 30.526682170445781 ], [ 77.405233796302809, 30.517087379079385 ], [ 77.398545963625509, 30.513657353104463 ], [ 77.405729935188333, 30.501437240136738 ], [ 77.432495064195905, 30.488201671170373 ], [ 77.45839388347099, 30.488722410111222 ], [ 77.45887800021967, 30.460946999804378 ], [ 77.41365800041649, 30.414027999892255 ], [ 77.393494000447902, 30.441456000294181 ], [ 77.369880999708471, 30.437390999894774 ], [ 77.35247800025968, 30.458974999696636 ], [ 77.331475457126771, 30.4543042231615 ], [ 77.330085848083627, 30.466269667011659 ], [ 77.301996718273983, 30.486490929512911 ], [ 77.310241453680192, 30.515243311130007 ], [ 77.274311366076688, 30.538072363848642 ], [ 77.272909305020448, 30.54722719158184 ], [ 77.282039823179275, 30.549501825249024 ], [ 77.241761377685464, 30.575602877770677 ], [ 77.245217588321225, 30.595550390238429 ], [ 77.233329784741841, 30.592647687141209 ], [ 77.229620096590338, 30.604256752147535 ] ] ] } },
{ "type": "Feature", "properties": { "pincode": "173021", "state": "Himachal Pradesh", "district": "Sirmaur", "officename": "Majra (Sirmaur)", "officetype": "S.O" }, "geometry": { "type": "Polygon", "coordinates": [ [ [ 77.425623248214379, 30.49256495061195 ], [ 77.409383681012116, 30.49594860214637 ], [ 77.398545963625509, 30.513657353104463 ], [ 77.405233796302809, 30.517087379079385 ], [ 77.394121460137285, 30.522287487577671 ], [ 77.400872183304784, 30.54959626215782 ], [ 77.402083608771534, 30.538896667147469 ], [ 77.423878407862389, 30.534472748218889 ], [ 77.445044736425643, 30.547250958864765 ], [ 77.486628068530649, 30.550675840717531 ], [ 77.490274459698639, 30.573144377710946 ], [ 77.482975046661068, 30.575815517971932 ], [ 77.498416873839801, 30.583458761612633 ], [ 77.497958403057964, 30.54567621178785 ], [ 77.507326547282389, 30.538581062666083 ], [ 77.522551834799515, 30.548512258034407 ], [ 77.563479293135003, 30.54008615095529 ], [ 77.566111224753399, 30.546239209871715 ], [ 77.554059823701948, 30.55734937597299 ], [ 77.569364338793434, 30.555870430076368 ], [ 77.589912602884397, 30.56654396363308 ], [ 77.598817918212376, 30.563928796277025 ], [ 77.59470566833204, 30.556551844591922 ], [ 77.575210860193238, 30.548683509636248 ], [ 77.611630923628354, 30.546295003811508 ], [ 77.613010332561032, 30.540588192091434 ], [ 77.596016272832912, 30.543138600166401 ], [ 77.6042793822877, 30.533246962377518 ], [ 77.579320122525758, 30.494413231885233 ], [ 77.549265495606335, 30.484214883909885 ], [ 77.556120731686633, 30.477638863043182 ], [ 77.532238466731997, 30.469222623325436 ], [ 77.548181947439048, 30.45882886166271 ], [ 77.561732714393429, 30.462484532035717 ], [ 77.557620165038713, 30.456057103452736 ], [ 77.568296342602196, 30.451850091108895 ], [ 77.553548728191288, 30.454076686590042 ], [ 77.552187419014274, 30.448304851188084 ], [ 77.561354006282329, 30.393150139667284 ], [ 77.538924999888877, 30.412302000337093 ], [ 77.523041000341891, 30.444022999961589 ], [ 77.506088000061141, 30.428253000275788 ], [ 77.499953999577599, 30.407805999847142 ], [ 77.448020777437137, 30.39891433802643 ], [ 77.429496999686876, 30.403645000416418 ], [ 77.466491999706193, 30.435595999855536 ], [ 77.469345451431593, 30.45358287694819 ], [ 77.45887800021967, 30.460946999804378 ], [ 77.461959587465117, 30.482641949866093 ], [ 77.468806252106958, 30.487075395313298 ], [ 77.470813217855891, 30.479620148651122 ], [ 77.470791848165334, 30.492026906916351 ], [ 77.483918661217388, 30.493658112531875 ], [ 77.504479063458177, 30.511216781929079 ], [ 77.504299514710965, 30.524864869018529 ], [ 77.466749983724867, 30.525664970661978 ], [ 77.471118315557874, 30.520492729456009 ], [ 77.425623248214379, 30.49256495061195 ] ] ] } },
{ "type": "Feature", "properties": { "pincode": "173208", "state": "Himachal Pradesh", "district": "Solan", "officename": "Arki", "officetype": "S.O" }, "geometry": { "type": "Polygon", "coordinates": [ [ [ 76.971848287268756, 31.195141064408688 ], [ 76.987398504337591, 31.197066329447637 ], [ 77.004073999915249, 31.187897000146506 ], [ 77.033936000146412, 31.158925999635187 ], [ 77.012519999998176, 31.137133000087999 ], [ 77.009232000356747, 31.115864000423414 ], [ 76.99256099959058, 31.116468000398072 ], [ 76.98524117823797, 31.104715957575422 ], [ 76.939587593692693, 31.141592085206582 ], [ 76.973655495604817, 31.16325743947931 ], [ 76.971848287268756, 31.195141064408688 ] ] ] } },
{ "type": "Feature", "properties": { "pincode": "173233", "state": "Himachal Pradesh", "district": "Solan", "officename": "Patta", "officetype": "S.O" }, "geometry": { "type": "Polygon", "coordinates": [ [ [ 76.874133400036442, 30.935989072737584 ], [ 76.877684115029922, 30.95370714966532 ], [ 76.895638027473069, 30.954622040774723 ], [ 76.921972434280462, 30.946060115382238 ], [ 76.932220799850143, 30.930752431079839 ], [ 76.960630824852728, 30.929455169820358 ], [ 76.967117132050248, 30.920504065510329 ], [ 76.945063687939012, 30.905585559226324 ], [ 76.924981361700588, 30.876386672307149 ], [ 76.915748999816685, 30.893414999802587 ], [ 76.89460729738903, 30.882903233597403 ], [ 76.874133400036442, 30.935989072737584 ] ] ] } },
{ "type": "Feature", "properties": { "pincode": "174309", "state": "Himachal Pradesh", "district": "Hamirpur", "officename": "Bahina", "officetype": "S.O" }, "geometry": { "type": "Polygon", "coordinates": [ [ [ 76.517670000170369, 31.467910999692947 ], [ 76.497443567466746, 31.486122587687419 ], [ 76.485951904456954, 31.523326848255522 ], [ 76.505930635990239, 31.540662583811184 ], [ 76.522363714813821, 31.541254478011865 ], [ 76.520735229647187, 31.510027332995037 ], [ 76.532289929736578, 31.501687404350321 ], [ 76.536005486863758, 31.465446663932426 ], [ 76.517670000170369, 31.467910999692947 ] ] ] } },
{ "type": "Feature", "properties": { "pincode": "174311", "state": "Himachal Pradesh", "district": "Hamirpur", "officename": "Salauni", "officetype": "S.O" }, "geometry": { "type": "Polygon", "coordinates": [ [ [ 76.520365155027889, 31.552691975754215 ], [ 76.522363714813821, 31.541254478011865 ], [ 76.505930635990239, 31.540662583811184 ], [ 76.513499814165186, 31.56463164683322 ], [ 76.507964596688964, 31.585276367710378 ], [ 76.521247300022992, 31.60119452800518 ], [ 76.552742888173839, 31.56540739843274 ], [ 76.520365155027889, 31.552691975754215 ] ] ] } },
{ "type": "Feature", "properties": { "pincode": "174503", "state": "Himachal Pradesh", "district": "Una", "officename": "Pubowal", "officetype": "S.O" }, "geometry": { "type": "Polygon", "coordinates": [ [ [ 76.230899716049066, 31.385242880954365 ], [ 76.180113440682817, 31.33351993020068 ], [ 76.148933000157967, 31.359538999625215 ], [ 76.148033000023133, 31.380450999913819 ], [ 76.167006999973182, 31.395038999950032 ], [ 76.204765417390036, 31.395266995175746 ], [ 76.230899716049066, 31.385242880954365 ] ] ] } },
{ "type": "Feature", "properties": { "pincode": "174507", "state": "Himachal Pradesh", "district": "Una", "officename": "Tahliwal", "officetype": "S.O" }, "geometry": { "type": "Polygon", "coordinates": [ [ [ 76.24882205779187, 31.351421168452248 ], [ 76.274851979335438, 31.358102031383737 ], [ 76.279500436496107, 31.347318252635375 ], [ 76.252464798611641, 31.339400123117287 ], [ 76.24882205779187, 31.351421168452248 ] ] ] } },
{ "type": "Feature", "properties": { "pincode": "175136", "state": "Himachal Pradesh", "district": "Kullu", "officename": "Haripur (Kullu)", "officetype": "S.O" }, "geometry": { "type": "Polygon", "coordinates": [ [ [ 77.227093768762472, 32.182048605258956 ], [ 77.23714756510816, 32.164018793632522 ], [ 77.178388077647753, 32.159834075482422 ], [ 77.186735231445937, 32.17934612992002 ], [ 77.227093768762472, 32.182048605258956 ] ] ] } },
{ "type": "Feature", "properties": { "pincode": "176091", "state": "Himachal Pradesh", "district": "Kangra", "officename": "Sanghole", "officetype": "S.O" }, "geometry": { "type": "Polygon", "coordinates": [ [ [ 76.661111674963934, 31.871235890524019 ], [ 76.600884146786086, 31.894806824575539 ], [ 76.601677937886677, 31.904807502464337 ], [ 76.614136067225843, 31.926925985545893 ], [ 76.641623963375309, 31.921613897963084 ], [ 76.641872073737431, 31.912384042489577 ], [ 76.65466445500067, 31.909006795926814 ], [ 76.649547365618616, 31.899048768386137 ], [ 76.663418308308337, 31.893666008479727 ], [ 76.661111674963934, 31.871235890524019 ] ] ] } },
{ "type": "Feature", "properties": { "pincode": "177006", "state": "Himachal Pradesh", "district": "Hamirpur", "officename": "Kashmir", "officetype": "S.O" }, "geometry": { "type": "Polygon", "coordinates": [ [ [ 76.367652999686186, 31.640580999813267 ], [ 76.373470509856304, 31.651228639190435 ], [ 76.40703989147795, 31.65434232054173 ], [ 76.44545762886662, 31.652701474193691 ], [ 76.457292559504083, 31.637293734018783 ], [ 76.447239066230111, 31.617995057226324 ], [ 76.42107842822702, 31.625276884021048 ], [ 76.395615000432088, 31.613674000055084 ], [ 76.367652999686186, 31.640580999813267 ] ] ] } },
{ "type": "Feature", "properties": { "pincode": "177048", "state": "Himachal Pradesh", "district": "Hamirpur", "officename": "Rangas", "officetype": "S.O" }, "geometry": { "type": "Polygon", "coordinates": [ [ [ 76.403791011446117, 31.726862638599982 ], [ 76.40015196234333, 31.742935508367225 ], [ 76.431573164869803, 31.734366088923821 ], [ 76.455195186708636, 31.759006910440576 ], [ 76.462035273709091, 31.752719758110402 ], [ 76.452272585211801, 31.742777194412042 ], [ 76.468034960445323, 31.70477876143093 ], [ 76.461270442576961, 31.695583970523955 ], [ 76.403791011446117, 31.726862638599982 ] ] ] } },
{ "type": "Feature", "properties": { "pincode": "177107", "state": "Himachal Pradesh", "district": "Kangra", "officename": "Pragpur", "officetype": "S.O" }, "geometry": { "type": "Polygon", "coordinates": [ [ [ 76.16484339660559, 31.794112301741507 ], [ 76.182161288712621, 31.812240987531709 ], [ 76.220046804616459, 31.834564191384459 ], [ 76.224697700738375, 31.82230297760043 ], [ 76.208731528337466, 31.805550691611245 ], [ 76.200271869351525, 31.772619704535884 ], [ 76.182677999590055, 31.770010000561172 ], [ 76.180259999599286, 31.784042000138243 ], [ 76.16484339660559, 31.794112301741507 ] ] ] } },
{ "type": "Feature", "properties": { "pincode": "177213", "state": "Himachal Pradesh", "district": "Una", "officename": "Gondpur Banera", "officetype": "S.O" }, "geometry": { "type": "Polygon", "coordinates": [ [ [ 76.101362837125293, 31.751400325864495 ], [ 76.077595530709345, 31.704264621715026 ], [ 76.055388126261164, 31.684261005940755 ], [ 76.038471117748031, 31.68965975579323 ], [ 76.052545132751789, 31.72405044237405 ], [ 76.041024780469343, 31.734757593488268 ], [ 76.02584502113092, 31.733131191151699 ], [ 76.024549339980126, 31.75427108594198 ], [ 76.048426932956716, 31.788724319471896 ], [ 76.083226965751919, 31.778350940943312 ], [ 76.101362837125293, 31.751400325864495 ] ] ] } },
{ "type": "Feature", "properties": { "pincode": "174015", "state": "Himachal Pradesh", "district": "Bilaspur", "officename": "Behal", "officetype": "S.O" }, "geometry": { "type": "Polygon", "coordinates": [ [ [ 76.639953999677516, 31.223948999846527 ], [ 76.600722999966479, 31.212963000442301 ], [ 76.589928000376972, 31.222714999597713 ], [ 76.611245934852036, 31.245494977211479 ], [ 76.654908011195801, 31.234629723483124 ], [ 76.665469214033237, 31.212701369672629 ], [ 76.649398999963921, 31.20982000029278 ], [ 76.639953999677516, 31.223948999846527 ] ] ] } },
{ "type": "Feature", "properties": { "pincode": "171002", "state": "Himachal Pradesh", "district": "Shimla", "officename": "Shimla East", "officetype": "S.O" }, "geometry": { "type": "Polygon", "coordinates": [ [ [ 77.151297785264717, 31.095832220580689 ], [ 77.169127813397949, 31.100258019092394 ], [ 77.180698877551151, 31.087548364665338 ], [ 77.187880318422117, 31.098037763831826 ], [ 77.206537000682204, 31.092997545800131 ], [ 77.194546379411918, 31.082044385140421 ], [ 77.16900957593117, 31.086355245798018 ], [ 77.155111368494886, 31.075375936450428 ], [ 77.151297785264717, 31.095832220580689 ] ] ] } },
{ "type": "Feature", "properties": { "pincode": "171003", "state": "Himachal Pradesh", "district": "Shimla", "officename": "AHQ", "officetype": "S.O" }, "geometry": { "type": "Polygon", "coordinates": [ [ [ 77.147272069050814, 31.102697719724119 ], [ 77.150241393925171, 31.119951559417075 ], [ 77.135745370252721, 31.119542207806717 ], [ 77.12975737740112, 31.108396740617195 ], [ 77.120491256766229, 31.119838269121033 ], [ 77.099387902330022, 31.12249389068063 ], [ 77.108771404277036, 31.150186666781337 ], [ 77.175149380639596, 31.155331388732577 ], [ 77.191563772450309, 31.139765741096141 ], [ 77.188295023696526, 31.125316967803997 ], [ 77.162109754161975, 31.123030295811475 ], [ 77.173131985452869, 31.110981688054608 ], [ 77.169899317499585, 31.105676868792557 ], [ 77.147272069050814, 31.102697719724119 ] ] ] } },
{ "type": "Feature", "properties": { "pincode": "171004", "state": "Himachal Pradesh", "district": "Shimla", "officename": "Ambedkarchowk", "officetype": "S.O" }, "geometry": { "type": "Polygon", "coordinates": [ [ [ 77.148194172722981, 31.102286025379897 ], [ 77.16075516921569, 31.102377626726138 ], [ 77.166102355539465, 31.10493680588894 ], [ 77.153679052446535, 31.096500656979913 ], [ 77.148194172722981, 31.102286025379897 ] ] ] } },
{ "type": "Feature", "properties": { "pincode": "171005", "state": "Himachal Pradesh", "district": "Shimla", "officename": "Boileauganj", "officetype": "S.O" }, "geometry": { "type": "Polygon", "coordinates": [ [ [ 77.134917127923245, 31.118553316882185 ], [ 77.152357853931846, 31.115896132300634 ], [ 77.145490225193839, 31.103783223017388 ], [ 77.152311859005067, 31.080370021059764 ], [ 77.12892668621771, 31.086965676824605 ], [ 77.134917127923245, 31.118553316882185 ] ] ] } },
{ "type": "Feature", "properties": { "pincode": "171006", "state": "Himachal Pradesh", "district": "Shimla", "officename": "Sanjauli", "officetype": "S.O" }, "geometry": { "type": "Polygon", "coordinates": [ [ [ 77.187882168327576, 31.098159544627435 ], [ 77.198868143450113, 31.109297028535195 ], [ 77.209728785455184, 31.099583724509387 ], [ 77.206537000682204, 31.092997545800131 ], [ 77.187882168327576, 31.098159544627435 ] ] ] } },
{ "type": "Feature", "properties": { "pincode": "171007", "state": "Himachal Pradesh", "district": "Shimla", "officename": "Mashobra", "officetype": "S.O" }, "geometry": { "type": "Polygon", "coordinates": [ [ [ 77.182338222031433, 31.194425258918614 ], [ 77.193887646697647, 31.165672107481782 ], [ 77.208810732329596, 31.162749029344354 ], [ 77.231478378324482, 31.178678395191866 ], [ 77.247277748968997, 31.16827737330226 ], [ 77.262831174818984, 31.182218553043924 ], [ 77.291436553254357, 31.183508071140636 ], [ 77.287512156461048, 31.156963995492049 ], [ 77.278481655504095, 31.155998571476971 ], [ 77.294983801361525, 31.128474156557104 ], [ 77.266898195095791, 31.110042163615049 ], [ 77.25168186302767, 31.116605770240199 ], [ 77.229691834610492, 31.112373854769658 ], [ 77.222341436308341, 31.104626974155678 ], [ 77.222863492756233, 31.082970679653329 ], [ 77.214214995925545, 31.078370186934649 ], [ 77.198885530043242, 31.08494082176162 ], [ 77.209720741918886, 31.099630082762246 ], [ 77.19909798678276, 31.10926683919331 ], [ 77.191693176798708, 31.106266190932047 ], [ 77.191563772450309, 31.139765741096141 ], [ 77.175149380639596, 31.155331388732577 ], [ 77.108771404277036, 31.150186666781337 ], [ 77.115533804241807, 31.167586274886787 ], [ 77.103113534562226, 31.171176740814019 ], [ 77.124050886739212, 31.205551058834487 ], [ 77.182338222031433, 31.194425258918614 ] ] ] } },
{ "type": "Feature", "properties": { "pincode": "171008", "state": "Himachal Pradesh", "district": "Shimla", "officename": "Jutogh", "officetype": "S.O" }, "geometry": { "type": "Polygon", "coordinates": [ [ [ 77.088718201683776, 31.070403252108633 ], [ 77.07830800041387, 31.085102000057361 ], [ 77.064690000143514, 31.088308000413974 ], [ 77.099387902330022, 31.12249389068063 ], [ 77.120491256766229, 31.119838269121033 ], [ 77.132244364385997, 31.10383701506629 ], [ 77.132317986485873, 31.089775397216783 ], [ 77.088718201683776, 31.070403252108633 ] ] ] } },
{ "type": "Feature", "properties": { "pincode": "171009", "state": "Himachal Pradesh", "district": "Shimla", "officename": "New Shimla", "officetype": "S.O" }, "geometry": { "type": "Polygon", "coordinates": [ [ [ 77.205996330965888, 31.05465806112062 ], [ 77.176278796029749, 31.034236511505924 ], [ 77.153903698596935, 31.075594255870385 ], [ 77.16900957593117, 31.086355245798018 ], [ 77.198885530043242, 31.08494082176162 ], [ 77.200621986915223, 31.074469019629703 ], [ 77.18241254740127, 31.072006941167501 ], [ 77.18068510263538, 31.065269904782383 ], [ 77.190704284075423, 31.052314066341239 ], [ 77.205996330965888, 31.05465806112062 ] ] ] } },
{ "type": "Feature", "properties": { "pincode": "171010", "state": "Himachal Pradesh", "district": "Shimla", "officename": "Tara Devi", "officetype": "S.O" }, "geometry": { "type": "Polygon", "coordinates": [ [ [ 77.120460999975364, 31.032135000030337 ], [ 77.135683341313211, 31.052060027648224 ], [ 77.080611999644248, 31.056580999613516 ], [ 77.081885999939004, 31.062137999569188 ], [ 77.111541616552415, 31.085021493646934 ], [ 77.152311859005067, 31.080370021059764 ], [ 77.176278796029749, 31.034236511505924 ], [ 77.168686969328235, 31.015634772426893 ], [ 77.162031748766424, 31.006307490698191 ], [ 77.148887999681563, 31.008499000029019 ], [ 77.144774999766469, 31.020882000004292 ], [ 77.120460999975364, 31.032135000030337 ] ] ] } },
{ "type": "Feature", "properties": { "pincode": "171011", "state": "Himachal Pradesh", "district": "Shimla", "officename": "Totu", "officetype": "S.O" }, "geometry": { "type": "Polygon", "coordinates": [ [ [ 77.069701235723642, 31.146207945540368 ], [ 77.071482253103568, 31.16115564111999 ], [ 77.088943212959009, 31.174344238495792 ], [ 77.115533804241807, 31.167586274886787 ], [ 77.099387902330022, 31.12249389068063 ], [ 77.039176999918709, 31.068338000398569 ], [ 77.026824999574217, 31.091793000146822 ], [ 77.056053000245811, 31.10394100007727 ], [ 77.051994000122988, 31.110484999683138 ], [ 77.088372415054948, 31.131211386196696 ], [ 77.08874514357359, 31.138790210499906 ], [ 77.069701235723642, 31.146207945540368 ] ] ] } },
{ "type": "Feature", "properties": { "pincode": "171012", "state": "Himachal Pradesh", "district": "Shimla", "officename": "Dhalli", "officetype": "S.O" }, "geometry": { "type": "Polygon", "coordinates": [ [ [ 77.26899188067074, 31.062493753384047 ], [ 77.207751312073526, 31.058695241891826 ], [ 77.198885530043242, 31.08494082176162 ], [ 77.214214995925545, 31.078370186934649 ], [ 77.222863492756233, 31.082970679653329 ], [ 77.222341436308341, 31.104626974155678 ], [ 77.229691834610492, 31.112373854769658 ], [ 77.25168186302767, 31.116605770240199 ], [ 77.266898195095791, 31.110042163615049 ], [ 77.277157144786429, 31.091728398247028 ], [ 77.288378730594047, 31.096261458000015 ], [ 77.303124500495528, 31.089972308275435 ], [ 77.295733598526851, 31.052068119748014 ], [ 77.306931901785958, 31.037510438556069 ], [ 77.314527754752135, 31.002728492026392 ], [ 77.329414504176043, 30.993204553747319 ], [ 77.320968999619765, 30.975859000292758 ], [ 77.301742999739758, 30.968106999838255 ], [ 77.300560000044072, 30.9566539995825 ], [ 77.280624980058917, 31.002681271323638 ], [ 77.288575598485124, 31.031718162463392 ], [ 77.26899188067074, 31.062493753384047 ] ] ] } },
{ "type": "Feature", "properties": { "pincode": "171013", "state": "Himachal Pradesh", "district": "Shimla", "officename": "Mehli", "officetype": "S.O" }, "geometry": { "type": "Polygon", "coordinates": [ [ [ 77.200621986915223, 31.074469019629703 ], [ 77.20670049832944, 31.055648454812513 ], [ 77.190704284075423, 31.052314066341239 ], [ 77.180166869205721, 31.070452240878296 ], [ 77.200621986915223, 31.074469019629703 ] ] ] } },
{ "type": "Feature", "properties": { "pincode": "171015", "state": "Himachal Pradesh", "district": "Shimla", "officename": "Baldeyan", "officetype": "S.O" }, "geometry": { "type": "Polygon", "coordinates": [ [ [ 77.231478378324482, 31.178678395191866 ], [ 77.216503044779927, 31.163595183471045 ], [ 77.194503032089358, 31.165056722989391 ], [ 77.182338222031433, 31.194425258918614 ], [ 77.198284899828366, 31.209214405820205 ], [ 77.216580608608126, 31.199792604445236 ], [ 77.231478378324482, 31.178678395191866 ] ] ] } },
{ "type": "Feature", "properties": { "pincode": "171018", "state": "Himachal Pradesh", "district": "Shimla", "officename": "Basanatpur", "officetype": "S.O" }, "geometry": { "type": "Polygon", "coordinates": [ [ [ 77.26002286276514, 31.223579552954106 ], [ 77.294445362863314, 31.190515997715181 ], [ 77.291436553254357, 31.183508071140636 ], [ 77.262831174818984, 31.182218553043924 ], [ 77.247277748968997, 31.16827737330226 ], [ 77.198284899828366, 31.209214405820205 ], [ 77.182338222031433, 31.194425258918614 ], [ 77.124050886739212, 31.205551058834487 ], [ 77.127251000133583, 31.231261999841479 ], [ 77.161774000369917, 31.230787000419809 ], [ 77.190186000283745, 31.255151999865006 ], [ 77.204604999721028, 31.244591000274625 ], [ 77.226067000192074, 31.260994000372875 ], [ 77.2483669997373, 31.254183000145417 ], [ 77.26002286276514, 31.223579552954106 ] ] ] } },
{ "type": "Feature", "properties": { "pincode": "171019", "state": "Himachal Pradesh", "district": "Shimla", "officename": "Jalog", "officetype": "S.O" }, "geometry": { "type": "Polygon", "coordinates": [ [ [ 77.284129503174142, 31.201561754371539 ], [ 77.26002286276514, 31.223579552954106 ], [ 77.2483669997373, 31.254183000145417 ], [ 77.255057999826931, 31.262840000066092 ], [ 77.270575999582888, 31.275595000109263 ], [ 77.282744999582235, 31.265829000308088 ], [ 77.305564999725107, 31.271295999710787 ], [ 77.338928000427131, 31.305284999603032 ], [ 77.371995528870571, 31.292545793453712 ], [ 77.379107693165565, 31.275257763335333 ], [ 77.338819716656701, 31.243379095468924 ], [ 77.329486478718138, 31.219747613661639 ], [ 77.284129503174142, 31.201561754371539 ] ] ] } },
{ "type": "Feature", "properties": { "pincode": "171102", "state": "Himachal Pradesh", "district": "Solan", "officename": "Darla", "officetype": "S.O" }, "geometry": { "type": "Polygon", "coordinates": [ [ [ 76.920677000443277, 31.289395999825672 ], [ 76.92803199967716, 31.302167999753522 ], [ 76.919365000194773, 31.313693999778366 ], [ 76.876068000038231, 31.331335000309991 ], [ 76.881943000269416, 31.34030000004509 ], [ 76.875792999947123, 31.354411999714046 ], [ 76.920906000211801, 31.367032999873118 ], [ 76.942650000197432, 31.348033999669497 ], [ 76.943466000055821, 31.334439999606275 ], [ 77.0030749997116, 31.297814999562661 ], [ 77.015137000172615, 31.271643000424262 ], [ 77.006854710876269, 31.244654612920101 ], [ 76.957358623601635, 31.247446910746476 ], [ 76.960453388613189, 31.217876111893133 ], [ 76.98014029284036, 31.210829353491988 ], [ 76.987398504337591, 31.197066329447637 ], [ 76.962258987162613, 31.198436229848255 ], [ 76.947218996859306, 31.187734017810783 ], [ 76.922120496863499, 31.192242031444778 ], [ 76.889938000238715, 31.266126999661424 ], [ 76.896622000005323, 31.264764999804925 ], [ 76.898681999674693, 31.27813100014572 ], [ 76.920677000443277, 31.289395999825672 ] ] ] } },
{ "type": "Feature", "properties": { "pincode": "171103", "state": "Himachal Pradesh", "district": "Shimla", "officename": "Dhami", "officetype": "S.O" }, "geometry": { "type": "Polygon", "coordinates": [ [ [ 77.069701235723642, 31.146207945540368 ], [ 77.033936000146412, 31.158925999635187 ], [ 77.005699000208665, 31.181070000080581 ], [ 77.005157000395286, 31.203089000157377 ], [ 77.020026999946083, 31.218507999844348 ], [ 77.004775999912567, 31.23714400039529 ], [ 77.011809999631964, 31.262832999743296 ], [ 77.039532412890651, 31.250689496423206 ], [ 77.063309038081684, 31.226355606326138 ], [ 77.122193337052863, 31.209451912275995 ], [ 77.123122111896066, 31.198492373624276 ], [ 77.103113534562226, 31.171176740814019 ], [ 77.082813301692624, 31.170071876016323 ], [ 77.071482253103568, 31.16115564111999 ], [ 77.069701235723642, 31.146207945540368 ] ] ] } },
{ "type": "Feature", "properties": { "pincode": "171201", "state": "Himachal Pradesh", "district": "Shimla", "officename": "Theog", "officetype": "S.O" }, "geometry": { "type": "Polygon", "coordinates": [ [ [ 77.368958433784712, 31.083620944351026 ], [ 77.336849139276524, 31.082228792924525 ], [ 77.303864136221023, 31.099136694003221 ], [ 77.297456582655229, 31.092505681392083 ], [ 77.275951865286402, 31.092665948674721 ], [ 77.267591521132033, 31.11148676889934 ], [ 77.294983801361525, 31.128474156557104 ], [ 77.278481655504095, 31.155998571476971 ], [ 77.287512156461048, 31.156963995492049 ], [ 77.285897305916023, 31.174374818143406 ], [ 77.29488596411602, 31.188122301902922 ], [ 77.28331439004711, 31.201130907165805 ], [ 77.329486478718138, 31.219747613661639 ], [ 77.33672297158796, 31.190102734053994 ], [ 77.387633035036629, 31.196268860119915 ], [ 77.405815199911615, 31.180616386537224 ], [ 77.396712710922941, 31.154836342523367 ], [ 77.382939198985014, 31.152592097847048 ], [ 77.373697462567975, 31.165432197138273 ], [ 77.357978026365004, 31.166989575608511 ], [ 77.33673621680299, 31.159652541231878 ], [ 77.336207407346137, 31.1503967160358 ], [ 77.361371599220035, 31.136630978736775 ], [ 77.384645044733247, 31.139706731180809 ], [ 77.388562532934657, 31.116426941850023 ], [ 77.375234065799475, 31.105980305446849 ], [ 77.368958433784712, 31.083620944351026 ] ] ] } },
{ "type": "Feature", "properties": { "pincode": "171202", "state": "Himachal Pradesh", "district": "Shimla", "officename": "Kotkhai", "officetype": "S.O" }, "geometry": { "type": "Polygon", "coordinates": [ [ [ 77.634840059521139, 31.078208252309082 ], [ 77.623093848802228, 31.068060782579153 ], [ 77.57688645724437, 31.063119588898132 ], [ 77.554005925533147, 31.069002529243448 ], [ 77.539382328531758, 31.058557816490122 ], [ 77.502364782508948, 31.081004563809643 ], [ 77.473237638106582, 31.08368813629852 ], [ 77.472131406339429, 31.099917703039694 ], [ 77.447977034412645, 31.11041375269258 ], [ 77.463698691941204, 31.128804518913626 ], [ 77.461319740513716, 31.138917005015799 ], [ 77.470059087756738, 31.141427918463819 ], [ 77.475318001125004, 31.16615962906377 ], [ 77.506527775736402, 31.167739593107854 ], [ 77.517931542606789, 31.156659563288315 ], [ 77.508708461726258, 31.139358500194703 ], [ 77.541000847411169, 31.129227383736918 ], [ 77.565026639667849, 31.149457986596872 ], [ 77.596656055932272, 31.149836035504791 ], [ 77.60872749297954, 31.157036906228313 ], [ 77.630033836992027, 31.151874099809845 ], [ 77.631781819575451, 31.134365366168822 ], [ 77.639652326393787, 31.131969519178142 ], [ 77.634840059521139, 31.078208252309082 ] ] ] } },
{ "type": "Feature", "properties": { "pincode": "171203", "state": "Himachal Pradesh", "district": "Shimla", "officename": "Tikkar", "officetype": "S.O" }, "geometry": { "type": "Polygon", "coordinates": [ [ [ 77.632453182368522, 31.267904672462748 ], [ 77.636804504424447, 31.251909059855336 ], [ 77.689863754209, 31.200880528713583 ], [ 77.677546279737157, 31.186045393180393 ], [ 77.633523400784441, 31.177416819031009 ], [ 77.629685563737894, 31.167189011064238 ], [ 77.608179500983226, 31.163712273402723 ], [ 77.579165526368058, 31.223478373828016 ], [ 77.59246088136473, 31.232662005946963 ], [ 77.593775915925789, 31.261487363051458 ], [ 77.632453182368522, 31.267904672462748 ] ] ] } },
{ "type": "Feature", "properties": { "pincode": "171204", "state": "Himachal Pradesh", "district": "Shimla", "officename": "Kiari", "officetype": "S.O" }, "geometry": { "type": "Polygon", "coordinates": [ [ [ 77.60872749297954, 31.157036906228313 ], [ 77.596656055932272, 31.149836035504791 ], [ 77.565026639667849, 31.149457986596872 ], [ 77.545140486144703, 31.129632598465719 ], [ 77.511101765434148, 31.136840133165833 ], [ 77.514556118969836, 31.161827960791925 ], [ 77.495910452505484, 31.170797961656831 ], [ 77.475318001125004, 31.16615962906377 ], [ 77.482317807720847, 31.203466966327539 ], [ 77.500163429199006, 31.216171104313048 ], [ 77.553943459523168, 31.190606627793727 ], [ 77.587926924088265, 31.203431326194902 ], [ 77.60872749297954, 31.157036906228313 ] ] ] } },
{ "type": "Feature", "properties": { "pincode": "171205", "state": "Himachal Pradesh", "district": "Shimla", "officename": "Jubbal", "officetype": "S.O" }, "geometry": { "type": "Polygon", "coordinates": [ [ [ 77.639652326393787, 31.131969519178142 ], [ 77.631781819575451, 31.134365366168822 ], [ 77.630033836992027, 31.151874099809845 ], [ 77.607562016573866, 31.157449393774471 ], [ 77.608179500983226, 31.163712273402723 ], [ 77.65480338656721, 31.181828831835162 ], [ 77.67579495617241, 31.154744577500423 ], [ 77.680949135394314, 31.134995384429487 ], [ 77.698034451128933, 31.135254161650266 ], [ 77.705102954237987, 31.142845801292879 ], [ 77.717030452093866, 31.137510636207026 ], [ 77.724192375877521, 31.108692420618922 ], [ 77.712596880741557, 31.084307776382843 ], [ 77.713752664254173, 31.052791330255673 ], [ 77.666997772629202, 31.039632563392331 ], [ 77.648663606140701, 31.061178359094185 ], [ 77.623093848802228, 31.068060782579153 ], [ 77.634840059521139, 31.078208252309082 ], [ 77.639652326393787, 31.131969519178142 ] ] ] } },
{ "type": "Feature", "properties": { "pincode": "171206", "state": "Himachal Pradesh", "district": "Shimla", "officename": "Hatkoti", "officetype": "S.O" }, "geometry": { "type": "Polygon", "coordinates": [ [ [ 77.713752664254173, 31.052791330255673 ], [ 77.712596880741557, 31.084307776382843 ], [ 77.724192375877521, 31.108692420618922 ], [ 77.717030452093866, 31.137510636207026 ], [ 77.705102954237987, 31.142845801292879 ], [ 77.712693975146919, 31.169535715500899 ], [ 77.767238384244195, 31.137559292227706 ], [ 77.75999981124238, 31.115481645561488 ], [ 77.834022999861645, 31.060284000406284 ], [ 77.815062999657869, 31.057479999702309 ], [ 77.829529000363266, 31.029289000087431 ], [ 77.811843999601138, 31.029788999762673 ], [ 77.807800000169948, 31.018057000130625 ], [ 77.810783000135416, 31.00949300000201 ], [ 77.823806999993167, 31.009076999703836 ], [ 77.820518000305469, 31.002133999684474 ], [ 77.82795699981574, 30.99424900029129 ], [ 77.810714999697609, 30.965144999942027 ], [ 77.833205999957102, 30.955388999702734 ], [ 77.831421000378953, 30.948866000165935 ], [ 77.816527999767516, 30.950402999998573 ], [ 77.785217000164494, 30.971003000288363 ], [ 77.765810279720654, 30.970361641576631 ], [ 77.761985113222636, 30.982520828173733 ], [ 77.775560685277583, 31.005022618499197 ], [ 77.766705824614235, 31.02865259484139 ], [ 77.728796710499864, 31.031849124437599 ], [ 77.713752664254173, 31.052791330255673 ] ] ] } },
{ "type": "Feature", "properties": { "pincode": "171207", "state": "Himachal Pradesh", "district": "Shimla", "officename": "Rohru", "officetype": "S.O" }, "geometry": { "type": "Polygon", "coordinates": [ [ [ 77.6994955994424, 31.261737379976296 ], [ 77.723007208815773, 31.279958877600279 ], [ 77.720542150899576, 31.309257340154318 ], [ 77.750323284991737, 31.309392237561838 ], [ 77.755958466609968, 31.317326305764482 ], [ 77.770839293998392, 31.293934290035622 ], [ 77.799994345262974, 31.273029978950433 ], [ 77.816101221993847, 31.237564556659038 ], [ 77.815104635570492, 31.218246124459142 ], [ 77.856372913579264, 31.218172651646626 ], [ 77.854007201970944, 31.192741256803629 ], [ 77.872932891240055, 31.177364134946913 ], [ 77.877574525244313, 31.16331037357503 ], [ 77.853654285516882, 31.146737281100798 ], [ 77.819305643140979, 31.151522150127334 ], [ 77.802682807365727, 31.163828961337629 ], [ 77.751881719265953, 31.145145572810122 ], [ 77.711664477134036, 31.169448854481175 ], [ 77.703538593431404, 31.138479812193737 ], [ 77.680949135394314, 31.134995384429487 ], [ 77.67579495617241, 31.154744577500423 ], [ 77.65480338656721, 31.181828831835162 ], [ 77.677546279737157, 31.186045393180393 ], [ 77.693392709206194, 31.206538968598579 ], [ 77.72298699835153, 31.211439614546691 ], [ 77.6994955994424, 31.261737379976296 ] ] ] } },
{ "type": "Feature", "properties": { "pincode": "171208", "state": "Himachal Pradesh", "district": "Shimla", "officename": "Chirgaon (Shimla)", "officetype": "S.O" }, "geometry": { "type": "Polygon", "coordinates": [ [ [ 77.841312731697428, 31.341599006888714 ], [ 77.853794098618778, 31.363098336419228 ], [ 77.879445060241437, 31.372833676533048 ], [ 77.953716140687391, 31.386664120952446 ], [ 77.96556773396378, 31.402353198741196 ], [ 78.024445000236824, 31.400795000089317 ], [ 78.054618999567424, 31.41867599999739 ], [ 78.103622000255029, 31.419782999785582 ], [ 78.166046000222934, 31.378155000153185 ], [ 78.153290000133495, 31.359935999946572 ], [ 78.159390986504889, 31.350040602991555 ], [ 78.096022725368528, 31.322302689917422 ], [ 78.058765800501533, 31.285906640179292 ], [ 77.988498467630109, 31.187310962331026 ], [ 77.929381999679549, 31.151962000446133 ], [ 77.902175999622671, 31.150087000314784 ], [ 77.904365999891127, 31.144360999760409 ], [ 77.899563877371008, 31.137576334380469 ], [ 77.854007201970944, 31.192741256803629 ], [ 77.852824347066075, 31.212258373525174 ], [ 77.87234146378762, 31.245378328846925 ], [ 77.861400049172914, 31.272288293669931 ], [ 77.868497183098611, 31.287073988074269 ], [ 77.86287861915298, 31.305112534815692 ], [ 77.841312731697428, 31.341599006888714 ] ] ] } },
{ "type": "Feature", "properties": { "pincode": "171209", "state": "Himachal Pradesh", "district": "Shimla", "officename": "Fagu (Shimla)", "officetype": "S.O" }, "geometry": { "type": "Polygon", "coordinates": [ [ [ 77.394150000122579, 31.01209300029177 ], [ 77.37374900001646, 31.022249000091279 ], [ 77.363311999849032, 31.009841999908531 ], [ 77.337455999994631, 31.000865999666246 ], [ 77.323900255292585, 30.979657081908897 ], [ 77.329360881199761, 30.99373229750762 ], [ 77.314527754752135, 31.002728492026392 ], [ 77.306931901785958, 31.037510438556069 ], [ 77.295733598526851, 31.052068119748014 ], [ 77.294995843283687, 31.072705244051861 ], [ 77.304217764038697, 31.087153198061742 ], [ 77.29923860098063, 31.096756564463931 ], [ 77.336849139276524, 31.082228792924525 ], [ 77.368958433784712, 31.083620944351026 ], [ 77.388089286291688, 31.071675388108758 ], [ 77.394150000122579, 31.01209300029177 ] ] ] } },
{ "type": "Feature", "properties": { "pincode": "171210", "state": "Himachal Pradesh", "district": "Shimla", "officename": "Nerwa", "officetype": "S.O" }, "geometry": { "type": "Polygon", "coordinates": [ [ [ 77.600365335791707, 30.857417483729932 ], [ 77.623127078751679, 30.890802021396325 ], [ 77.590117078140679, 30.93331442601999 ], [ 77.62230918582037, 30.937837895402652 ], [ 77.659940575797123, 30.955674406748471 ], [ 77.696455715558955, 31.049144882430539 ], [ 77.71189228170357, 31.053804530754633 ], [ 77.728796710499864, 31.031849124437599 ], [ 77.766705824614235, 31.02865259484139 ], [ 77.775560685277583, 31.005022618499197 ], [ 77.761985113222636, 30.982520828173733 ], [ 77.765810279720654, 30.970361641576631 ], [ 77.750580000067032, 30.958952000334648 ], [ 77.747489999663799, 30.944868000158237 ], [ 77.760689000397065, 30.929306000171835 ], [ 77.759773000423763, 30.917625000193709 ], [ 77.809821999885514, 30.919090000303356 ], [ 77.815033000072958, 30.908014000345986 ], [ 77.798583999651839, 30.883654000232013 ], [ 77.803474000325025, 30.853792000000851 ], [ 77.779251000233614, 30.860451000413434 ], [ 77.768639000089934, 30.877728000347076 ], [ 77.758628999828488, 30.876492000005896 ], [ 77.745498999579127, 30.846052000099803 ], [ 77.758423000221285, 30.825108000134321 ], [ 77.702164000368384, 30.763942999769654 ], [ 77.657829000008405, 30.80602299956189 ], [ 77.622446291962945, 30.810152302386882 ], [ 77.600365335791707, 30.857417483729932 ] ] ] } },
{ "type": "Feature", "properties": { "pincode": "171211", "state": "Himachal Pradesh", "district": "Shimla", "officename": "Chopal", "officetype": "S.O" }, "geometry": { "type": "Polygon", "coordinates": [ [ [ 77.47272226362162, 30.967459992484748 ], [ 77.460622354038549, 30.985968926924613 ], [ 77.471149476167568, 31.010937969511929 ], [ 77.477529973629544, 31.013730806032015 ], [ 77.519074502686237, 30.991121879471223 ], [ 77.537640677175602, 31.03915421489512 ], [ 77.534981233497206, 31.050159718796067 ], [ 77.554005925533147, 31.069002529243448 ], [ 77.57688645724437, 31.063119588898132 ], [ 77.619603116790529, 31.06937715982815 ], [ 77.648663606140701, 31.061178359094185 ], [ 77.666997772629202, 31.039632563392331 ], [ 77.696455715558955, 31.049144882430539 ], [ 77.659940575797123, 30.955674406748471 ], [ 77.62230918582037, 30.937837895402652 ], [ 77.590117078140679, 30.93331442601999 ], [ 77.623127078751679, 30.890802021396325 ], [ 77.612184286375793, 30.871685489693675 ], [ 77.584508863593328, 30.894398993019138 ], [ 77.563043257740162, 30.899620189720224 ], [ 77.549662679389257, 30.895461863074729 ], [ 77.533430336440915, 30.86663925519764 ], [ 77.500125397769068, 30.870241084058932 ], [ 77.47272226362162, 30.967459992484748 ] ] ] } },
{ "type": "Feature", "properties": { "pincode": "171212", "state": "Himachal Pradesh", "district": "Shimla", "officename": "Matiana", "officetype": "S.O" }, "geometry": { "type": "Polygon", "coordinates": [ [ [ 77.329486478718138, 31.219747613661639 ], [ 77.337799873765334, 31.241621432583145 ], [ 77.392107870881603, 31.229216025998824 ], [ 77.424735012111228, 31.205910925248986 ], [ 77.410084055934419, 31.180774492748753 ], [ 77.387633035036629, 31.196268860119915 ], [ 77.33672297158796, 31.190102734053994 ], [ 77.329486478718138, 31.219747613661639 ] ] ] } },
{ "type": "Feature", "properties": { "pincode": "171213", "state": "Himachal Pradesh", "district": "Shimla", "officename": "Narkanda", "officetype": "S.O" }, "geometry": { "type": "Polygon", "coordinates": [ [ [ 77.48266854241939, 31.202211747474223 ], [ 77.479128623787005, 31.180633177779043 ], [ 77.441048582726125, 31.191504135907223 ], [ 77.392107870881603, 31.229216025998824 ], [ 77.337799873765334, 31.241621432583145 ], [ 77.379873618772592, 31.27908739047092 ], [ 77.407700124061535, 31.291659046627672 ], [ 77.441931564989829, 31.286584471796061 ], [ 77.469290766355925, 31.303033562149324 ], [ 77.487082639852019, 31.288262950275112 ], [ 77.502188947961827, 31.291452059565017 ], [ 77.51194457768031, 31.284050505126686 ], [ 77.527617124130984, 31.311205733957593 ], [ 77.538294411457969, 31.310783878173481 ], [ 77.5758964979251, 31.25283503870611 ], [ 77.505793502668098, 31.251824249289825 ], [ 77.500163429199006, 31.216171104313048 ], [ 77.48266854241939, 31.202211747474223 ] ] ] } },
{ "type": "Feature", "properties": { "pincode": "171214", "state": "Himachal Pradesh", "district": "Shimla", "officename": "Jangla", "officetype": "S.O" }, "geometry": { "type": "Polygon", "coordinates": [ [ [ 77.815104635570492, 31.218246124459142 ], [ 77.816101221993847, 31.237564556659038 ], [ 77.799994345262974, 31.273029978950433 ], [ 77.766791454462123, 31.298581571782222 ], [ 77.75794952694929, 31.32311831385914 ], [ 77.841312731697428, 31.341599006888714 ], [ 77.86287861915298, 31.305112534815692 ], [ 77.868497183098611, 31.287073988074269 ], [ 77.861400049172914, 31.272288293669931 ], [ 77.87234146378762, 31.245378328846925 ], [ 77.856372913579264, 31.218172651646626 ], [ 77.815104635570492, 31.218246124459142 ] ] ] } },
{ "type": "Feature", "properties": { "pincode": "171215", "state": "Himachal Pradesh", "district": "Shimla", "officename": "Mandhole", "officetype": "S.O" }, "geometry": { "type": "Polygon", "coordinates": [ [ [ 77.466230845577115, 31.330502761393291 ], [ 77.470801397166781, 31.308572542389129 ], [ 77.45888419924654, 31.293969778182941 ], [ 77.450958706079575, 31.297854317922599 ], [ 77.45542988168387, 31.31485362879198 ], [ 77.431091111865499, 31.323032112941803 ], [ 77.430390463549031, 31.334457085825989 ], [ 77.43637100012171, 31.344159999984186 ], [ 77.466230845577115, 31.330502761393291 ] ] ] } },
{ "type": "Feature", "properties": { "pincode": "171216", "state": "Himachal Pradesh", "district": "Shimla", "officename": "Mandal (Shimla)", "officetype": "S.O" }, "geometry": { "type": "Polygon", "coordinates": [ [ [ 77.755122464929968, 31.147780317507738 ], [ 77.802682807365727, 31.163828961337629 ], [ 77.819305643140979, 31.151522150127334 ], [ 77.853654285516882, 31.146737281100798 ], [ 77.877052095577881, 31.163395077121208 ], [ 77.899964526241888, 31.138407737827038 ], [ 77.893318000325621, 31.120042999784744 ], [ 77.866112000268572, 31.106355999929633 ], [ 77.857353000141018, 31.076666000435694 ], [ 77.834022999861645, 31.060284000406284 ], [ 77.75999981124238, 31.115481645561488 ], [ 77.767238384244195, 31.137559292227706 ], [ 77.755122464929968, 31.147780317507738 ] ] ] } },
{ "type": "Feature", "properties": { "pincode": "171217", "state": "Himachal Pradesh", "district": "Shimla", "officename": "Kupvi", "officetype": "S.O" }, "geometry": { "type": "Polygon", "coordinates": [ [ [ 77.624343999975736, 30.808088000361067 ], [ 77.620491000359493, 30.794286999745339 ], [ 77.602180000406747, 30.781191000164711 ], [ 77.544861000235073, 30.773749999662925 ], [ 77.552605000320682, 30.796433999829333 ], [ 77.532874999681724, 30.797476000217387 ], [ 77.524307000267981, 30.782874999581622 ], [ 77.492957999812006, 30.794121000184191 ], [ 77.493042000088394, 30.840930999566126 ], [ 77.477519690781151, 30.864744975400413 ], [ 77.500125397769068, 30.870241084058932 ], [ 77.531503826740334, 30.865902056634638 ], [ 77.552662190008164, 30.898247330549907 ], [ 77.583484699459405, 30.894928751261034 ], [ 77.612184286375793, 30.871685489693675 ], [ 77.600365335791707, 30.857417483729932 ], [ 77.624343999975736, 30.808088000361067 ] ] ] } },
{ "type": "Feature", "properties": { "pincode": "171218", "state": "Himachal Pradesh", "district": "Shimla", "officename": "Junga", "officetype": "S.O" }, "geometry": { "type": "Polygon", "coordinates": [ [ [ 77.175476183479134, 31.033763880898391 ], [ 77.218661864653541, 31.063934964626981 ], [ 77.26899188067074, 31.062493753384047 ], [ 77.288575598485124, 31.031718162463392 ], [ 77.280624980058917, 31.002681271323638 ], [ 77.300560000044072, 30.9566539995825 ], [ 77.265609999901585, 30.940735000220229 ], [ 77.246222999791769, 30.91876399965895 ], [ 77.240546999744367, 30.939724000362332 ], [ 77.252022000115403, 30.947648999801629 ], [ 77.20272800039703, 30.969798999624174 ], [ 77.208579999567462, 30.991066000095998 ], [ 77.186408999675621, 31.009087000165096 ], [ 77.162031748766424, 31.006307490698191 ], [ 77.175476183479134, 31.033763880898391 ] ] ] } },
{ "type": "Feature", "properties": { "pincode": "171220", "state": "Himachal Pradesh", "district": "Shimla", "officename": "Chhaila", "officetype": "S.O" }, "geometry": { "type": "Polygon", "coordinates": [ [ [ 77.394150000122579, 31.01209300029177 ], [ 77.388089286291688, 31.071675388108758 ], [ 77.368958433784712, 31.083620944351026 ], [ 77.375234065799475, 31.105980305446849 ], [ 77.388562532934657, 31.116426941850023 ], [ 77.384645044733247, 31.139706731180809 ], [ 77.402296257965986, 31.159069031410752 ], [ 77.405815199911615, 31.180616386537224 ], [ 77.424735012111228, 31.205910925248986 ], [ 77.441048582726125, 31.191504135907223 ], [ 77.479128623787005, 31.180633177779043 ], [ 77.470059087756738, 31.141427918463819 ], [ 77.461319740513716, 31.138917005015799 ], [ 77.463698691941204, 31.128804518913626 ], [ 77.448187719487748, 31.110016157919461 ], [ 77.472131406339429, 31.099917703039694 ], [ 77.473237638106582, 31.08368813629852 ], [ 77.502364782508948, 31.081004563809643 ], [ 77.538661503025935, 31.062461326529046 ], [ 77.537640677175602, 31.03915421489512 ], [ 77.519074502686237, 30.991121879471223 ], [ 77.477529973629544, 31.013730806032015 ], [ 77.471149476167568, 31.010937969511929 ], [ 77.460622354038549, 30.985968926924613 ], [ 77.469782747675765, 30.966600043657081 ], [ 77.455389623532426, 30.973797581493216 ], [ 77.442565999821227, 30.96749100020952 ], [ 77.432380999583529, 30.985192999956951 ], [ 77.394150000122579, 31.01209300029177 ] ] ] } },
{ "type": "Feature", "properties": { "pincode": "171221", "state": "Himachal Pradesh", "district": "Shimla", "officename": "Kawar", "officetype": "S.O" }, "geometry": { "type": "Polygon", "coordinates": [ [ [ 78.31350699974837, 31.283429999894622 ], [ 78.308516999859705, 31.261221000049204 ], [ 78.284118999791986, 31.266567000167015 ], [ 78.247604000324486, 31.230219000306704 ], [ 78.221825000423507, 31.232446999629531 ], [ 78.215248000195174, 31.220939999581447 ], [ 78.202530000059483, 31.217442000148367 ], [ 78.186401000006242, 31.227055000088285 ], [ 78.162788000166188, 31.226841000112131 ], [ 78.149833999939233, 31.211374000010267 ], [ 78.134070999676965, 31.209314000340953 ], [ 78.102592000420486, 31.186083000130509 ], [ 78.0686570003204, 31.188220999799341 ], [ 78.044746000227917, 31.180615999828603 ], [ 78.030990999934829, 31.166817000204446 ], [ 78.028984000011633, 31.150233999899228 ], [ 78.007324000302447, 31.162354000336961 ], [ 77.984107999884486, 31.160487999721624 ], [ 77.969288347979045, 31.174068073782621 ], [ 77.990078304869996, 31.188819653304449 ], [ 78.041661904773207, 31.26661930024062 ], [ 78.083049212551259, 31.310893973178452 ], [ 78.159390986504889, 31.350040602991555 ], [ 78.214699000058999, 31.325606999663421 ], [ 78.244590999874845, 31.342128999853628 ], [ 78.259994999769503, 31.327787000369938 ], [ 78.291915999623882, 31.323775999762574 ], [ 78.301796000185391, 31.315128000257232 ], [ 78.295364000348457, 31.292750999858811 ], [ 78.31350699974837, 31.283429999894622 ] ] ] } },
{ "type": "Feature", "properties": { "pincode": "171222", "state": "Himachal Pradesh", "district": "Shimla", "officename": "Sandhu", "officetype": "S.O" }, "geometry": { "type": "Polygon", "coordinates": [ [ [ 77.396712710922941, 31.154836342523367 ], [ 77.372475940412414, 31.136902246641455 ], [ 77.335479209198127, 31.152488020205965 ], [ 77.352704833561347, 31.167142788608885 ], [ 77.373697462567975, 31.165432197138273 ], [ 77.382939198985014, 31.152592097847048 ], [ 77.396712710922941, 31.154836342523367 ] ] ] } },
{ "type": "Feature", "properties": { "pincode": "171223", "state": "Himachal Pradesh", "district": "Shimla", "officename": "Arhal", "officetype": "S.O" }, "geometry": { "type": "Polygon", "coordinates": [ [ [ 77.6994955994424, 31.261737379976296 ], [ 77.72298699835153, 31.211439614546691 ], [ 77.689373669559188, 31.204018899153027 ], [ 77.662020309289915, 31.233611424727542 ], [ 77.6994955994424, 31.261737379976296 ] ] ] } },
{ "type": "Feature", "properties": { "pincode": "171224", "state": "Himachal Pradesh", "district": "Shimla", "officename": "Summer Kot", "officetype": "S.O" }, "geometry": { "type": "Polygon", "coordinates": [ [ [ 77.662020309289915, 31.233611424727542 ], [ 77.636804504424447, 31.251909059855336 ], [ 77.630732783791132, 31.26707070684779 ], [ 77.665082425313926, 31.282677252053645 ], [ 77.670875889410866, 31.315105724949433 ], [ 77.681961961775301, 31.320572573265679 ], [ 77.720542150899576, 31.309257340154318 ], [ 77.723007208815773, 31.279958877600279 ], [ 77.662020309289915, 31.233611424727542 ] ] ] } },
{ "type": "Feature", "properties": { "pincode": "171226", "state": "Himachal Pradesh", "district": "Shimla, Sirmaur", "officename": "Balag", "officetype": "S.O" }, "geometry": { "type": "Polygon", "coordinates": [ [ [ 77.345462604815395, 31.003645520824193 ], [ 77.37374900001646, 31.022249000091279 ], [ 77.416367000336891, 30.998713000205043 ], [ 77.442565999821227, 30.96749100020952 ], [ 77.455389623532426, 30.973797581493216 ], [ 77.47272226362162, 30.967459992484748 ], [ 77.500125397769068, 30.870241084058932 ], [ 77.451759000177901, 30.862595000359022 ], [ 77.432128999653628, 30.87216199997647 ], [ 77.434997999757968, 30.893988000146123 ], [ 77.413261948879835, 30.927181074846885 ], [ 77.394909166425009, 30.930983026245769 ], [ 77.398081150824623, 30.940890769093926 ], [ 77.383058560604127, 30.943576097958612 ], [ 77.383818462552028, 30.955186469679916 ], [ 77.370999519812244, 30.947948503720511 ], [ 77.369822866631978, 30.9540483659394 ], [ 77.349816946794817, 30.957047570788859 ], [ 77.364593588623336, 30.9580116287338 ], [ 77.374220706120866, 30.969446932130268 ], [ 77.355139875704879, 30.974159976801616 ], [ 77.345462604815395, 31.003645520824193 ] ] ] } },
{ "type": "Feature", "properties": { "pincode": "171301", "state": "Himachal Pradesh", "district": "Shimla", "officename": "Sunni Bhajji", "officetype": "S.O" }, "geometry": { "type": "Polygon", "coordinates": [ [ [ 77.121703999740021, 31.247047000219027 ], [ 77.124050886739212, 31.205551058834487 ], [ 77.063309038081684, 31.226355606326138 ], [ 77.039532412890651, 31.250689496423206 ], [ 77.011809999631964, 31.262832999743296 ], [ 77.013900999831435, 31.278772000027914 ], [ 77.0030749997116, 31.297814999562661 ], [ 77.083397000371349, 31.247904000169456 ], [ 77.121703999740021, 31.247047000219027 ] ] ] } },
{ "type": "Feature", "properties": { "pincode": "172001", "state": "Himachal Pradesh", "district": "Shimla", "officename": "Rampur Bushahr", "officetype": "H.O" }, "geometry": { "type": "Polygon", "coordinates": [ [ [ 77.583379400538888, 31.333620670457719 ], [ 77.541891064721028, 31.372610682437141 ], [ 77.554206999553514, 31.386527999567704 ], [ 77.591408000079298, 31.395452000109799 ], [ 77.62998200006939, 31.390979999827323 ], [ 77.634026000399729, 31.397429999595033 ], [ 77.623069999680808, 31.423547999840423 ], [ 77.628180999753397, 31.446029999684811 ], [ 77.670951999934971, 31.462764999805074 ], [ 77.666921345543699, 31.434362836675575 ], [ 77.680988809885775, 31.422883785758131 ], [ 77.663530761135803, 31.361471195739284 ], [ 77.672679048099724, 31.309812143615602 ], [ 77.666464885646121, 31.287709390576083 ], [ 77.630382503250019, 31.305222962569758 ], [ 77.611385415904351, 31.332641439151189 ], [ 77.583379400538888, 31.333620670457719 ] ] ] } },
{ "type": "Feature", "properties": { "pincode": "172002", "state": "Himachal Pradesh", "district": "Kullu", "officename": "Arsu", "officetype": "S.O" }, "geometry": { "type": "Polygon", "coordinates": [ [ [ 77.623361523015888, 31.425793849806325 ], [ 77.590395984886925, 31.434225020968086 ], [ 77.574893771830205, 31.44876810436466 ], [ 77.570835012725752, 31.466280202369433 ], [ 77.559101073256102, 31.451341385796525 ], [ 77.489619272111781, 31.467247243365705 ], [ 77.505676929846516, 31.492149191132285 ], [ 77.563718011876858, 31.487519998349228 ], [ 77.564118827122343, 31.525068848548699 ], [ 77.629888870774892, 31.559790330059798 ], [ 77.648405362217773, 31.608997316772843 ], [ 77.656142999599808, 31.57833299986811 ], [ 77.699279999572525, 31.541921999800479 ], [ 77.708984000111684, 31.502408999675652 ], [ 77.670951999934971, 31.462764999805074 ], [ 77.632225000083736, 31.450170999991713 ], [ 77.623361523015888, 31.425793849806325 ] ] ] } },
{ "type": "Feature", "properties": { "pincode": "172021", "state": "Himachal Pradesh", "district": "Shimla", "officename": "Nankhari", "officetype": "S.O" }, "geometry": { "type": "Polygon", "coordinates": [ [ [ 77.666464885646121, 31.287709390576083 ], [ 77.632453182368522, 31.267904672462748 ], [ 77.597806596397504, 31.264308524618741 ], [ 77.588589460035621, 31.249660191764633 ], [ 77.5758964979251, 31.25283503870611 ], [ 77.551430014483515, 31.298707599176453 ], [ 77.530445162814203, 31.313709926771935 ], [ 77.534389051513585, 31.321410707238385 ], [ 77.557136000625974, 31.322261587302592 ], [ 77.570453546394162, 31.333620670457719 ], [ 77.611385415904351, 31.332641439151189 ], [ 77.630382503250019, 31.305222962569758 ], [ 77.666464885646121, 31.287709390576083 ] ] ] } },
{ "type": "Feature", "properties": { "pincode": "172022", "state": "Himachal Pradesh", "district": "Shimla", "officename": "Nogli", "officetype": "S.O" }, "geometry": { "type": "Polygon", "coordinates": [ [ [ 77.670951999934971, 31.462764999805074 ], [ 77.681502999963641, 31.477776999609034 ], [ 77.832742355375387, 31.432760229501127 ], [ 77.868051249765529, 31.431542681449628 ], [ 77.902709999966703, 31.443032999973127 ], [ 77.928100999961373, 31.424438000413431 ], [ 77.948920999604582, 31.422098000422466 ], [ 77.96556773396378, 31.402353198741196 ], [ 77.953716140687391, 31.386664120952446 ], [ 77.854662084687561, 31.363674794656106 ], [ 77.847328116099732, 31.343160128337331 ], [ 77.826317460182793, 31.335208525153291 ], [ 77.760506339995572, 31.328380072682421 ], [ 77.750323284991737, 31.309392237561838 ], [ 77.72222038746105, 31.308696263921547 ], [ 77.686683642636183, 31.321823214569804 ], [ 77.673297916565843, 31.313985265008057 ], [ 77.663530761135803, 31.361471195739284 ], [ 77.680988809885775, 31.422883785758131 ], [ 77.666921345543699, 31.434362836675575 ], [ 77.670951999934971, 31.462764999805074 ] ] ] } },
{ "type": "Feature", "properties": { "pincode": "172023", "state": "Himachal Pradesh", "district": "Kullu", "officename": "Nirmand", "officetype": "S.O" }, "geometry": { "type": "Polygon", "coordinates": [ [ [ 77.489787178235815, 31.46250120166917 ], [ 77.559101073256102, 31.451341385796525 ], [ 77.570835012725752, 31.466280202369433 ], [ 77.574893771830205, 31.44876810436466 ], [ 77.590395984886925, 31.434225020968086 ], [ 77.623361523015888, 31.425793849806325 ], [ 77.634026000399729, 31.397429999595033 ], [ 77.619681999924467, 31.388489000067466 ], [ 77.600493999998321, 31.395943000269426 ], [ 77.554206999553514, 31.386527999567704 ], [ 77.53162400044738, 31.353360999810377 ], [ 77.520383570245656, 31.351179865058839 ], [ 77.528372471012915, 31.356880189968876 ], [ 77.524504508476525, 31.365008500941599 ], [ 77.49474170526554, 31.384009409506746 ], [ 77.498123973642578, 31.398722546608269 ], [ 77.487439663509747, 31.417594239682501 ], [ 77.489787178235815, 31.46250120166917 ] ] ] } },
{ "type": "Feature", "properties": { "pincode": "172024", "state": "Himachal Pradesh", "district": "Shimla", "officename": "Kingal", "officetype": "S.O" }, "geometry": { "type": "Polygon", "coordinates": [ [ [ 77.43637100012171, 31.344159999984186 ], [ 77.430759412217299, 31.325602318692233 ], [ 77.411574084176721, 31.310659900334315 ], [ 77.407700124061535, 31.291659046627672 ], [ 77.388514796021184, 31.280775062719044 ], [ 77.379873618772592, 31.27908739047092 ], [ 77.371995528870571, 31.292545793453712 ], [ 77.338928000427131, 31.305284999603032 ], [ 77.34716630568056, 31.334247676888879 ], [ 77.364146698411389, 31.318012090085915 ], [ 77.414050450168304, 31.350246684437138 ], [ 77.43637100012171, 31.344159999984186 ] ] ] } },
{ "type": "Feature", "properties": { "pincode": "172025", "state": "Himachal Pradesh", "district": "Kullu", "officename": "Dalash", "officetype": "S.O" }, "geometry": { "type": "Polygon", "coordinates": [ [ [ 77.493027225126525, 31.409703720250491 ], [ 77.459014138691714, 31.388873300162686 ], [ 77.433093059397322, 31.392370460528412 ], [ 77.418534201891987, 31.384058103299026 ], [ 77.424301000191122, 31.346663000297326 ], [ 77.402016000438209, 31.362122000030411 ], [ 77.386665000289668, 31.361343000079501 ], [ 77.390892000065833, 31.383429999694897 ], [ 77.382858000096689, 31.393890000023532 ], [ 77.383709750704554, 31.412719231607412 ], [ 77.428188337721792, 31.445818454857829 ], [ 77.428711392416972, 31.431298680090038 ], [ 77.486486793131235, 31.440466371725734 ], [ 77.493027225126525, 31.409703720250491 ] ] ] } },
{ "type": "Feature", "properties": { "pincode": "172026", "state": "Himachal Pradesh", "district": "Kullu", "officename": "Anni", "officetype": "S.O" }, "geometry": { "type": "Polygon", "coordinates": [ [ [ 77.383709750704554, 31.412719231607412 ], [ 77.337195999695837, 31.449134999880414 ], [ 77.326271000406393, 31.470658999613192 ], [ 77.319762999762759, 31.52974300023925 ], [ 77.301940999877331, 31.557460999625505 ], [ 77.306706778994794, 31.615083584839624 ], [ 77.31636302283539, 31.615942471567905 ], [ 77.335860271734191, 31.589767544236906 ], [ 77.341156881984489, 31.597852524074881 ], [ 77.396142575819397, 31.597853160794898 ], [ 77.441637339191971, 31.561135590834908 ], [ 77.480676125003242, 31.559609722810478 ], [ 77.445740207344727, 31.504367804031006 ], [ 77.456409407967783, 31.471490586521497 ], [ 77.383709750704554, 31.412719231607412 ] ] ] } },
{ "type": "Feature", "properties": { "pincode": "172027", "state": "Himachal Pradesh", "district": "Shimla", "officename": "Baragaon (Shimla)", "officetype": "S.O" }, "geometry": { "type": "Polygon", "coordinates": [ [ [ 77.414050450168304, 31.350246684437138 ], [ 77.364146698411389, 31.318012090085915 ], [ 77.34716630568056, 31.334247676888879 ], [ 77.371941000276991, 31.35882900015838 ], [ 77.402016000438209, 31.362122000030411 ], [ 77.414050450168304, 31.350246684437138 ] ] ] } },
{ "type": "Feature", "properties": { "pincode": "172028", "state": "Himachal Pradesh", "district": "Shimla", "officename": "Delath", "officetype": "S.O" }, "geometry": { "type": "Polygon", "coordinates": [ [ [ 77.583379400538888, 31.333620670457719 ], [ 77.534389051513585, 31.321410707238385 ], [ 77.548463330018706, 31.331070011472036 ], [ 77.531715111663232, 31.353539602470676 ], [ 77.541891064721028, 31.372610682437141 ], [ 77.583379400538888, 31.333620670457719 ] ] ] } },
{ "type": "Feature", "properties": { "pincode": "172029", "state": "Himachal Pradesh", "district": "Shimla", "officename": "Kumarsain", "officetype": "S.O" }, "geometry": { "type": "Polygon", "coordinates": [ [ [ 77.430759412217299, 31.325602318692233 ], [ 77.454080145882187, 31.316608126963615 ], [ 77.450958706079575, 31.297854317922599 ], [ 77.45888419924654, 31.293969778182941 ], [ 77.433707019363567, 31.286080927892613 ], [ 77.407700124061535, 31.291659046627672 ], [ 77.411574084176721, 31.310659900334315 ], [ 77.430759412217299, 31.325602318692233 ] ] ] } },
{ "type": "Feature", "properties": { "pincode": "172030", "state": "Himachal Pradesh", "district": "Shimla", "officename": "Thanedhar", "officetype": "S.O" }, "geometry": { "type": "Polygon", "coordinates": [ [ [ 77.530445162814203, 31.313709926771935 ], [ 77.492027492874684, 31.319503490693705 ], [ 77.446975999942595, 31.342976000242345 ], [ 77.498519999998109, 31.356051999800002 ], [ 77.534757041504406, 31.353393491416568 ], [ 77.548463330018706, 31.331070011472036 ], [ 77.530445162814203, 31.313709926771935 ] ] ] } },
{ "type": "Feature", "properties": { "pincode": "172031", "state": "Himachal Pradesh", "district": "Shimla", "officename": "Kotgarh", "officetype": "S.O" }, "geometry": { "type": "Polygon", "coordinates": [ [ [ 77.51194457768031, 31.284050505126686 ], [ 77.502188947961827, 31.291452059565017 ], [ 77.487082639852019, 31.288262950275112 ], [ 77.469290766355925, 31.303033562149324 ], [ 77.466230845577115, 31.330502761393291 ], [ 77.530445162814203, 31.313709926771935 ], [ 77.51194457768031, 31.284050505126686 ] ] ] } },
{ "type": "Feature", "properties": { "pincode": "172032", "state": "Himachal Pradesh", "district": "Kullu", "officename": "Chowai", "officetype": "S.O" }, "geometry": { "type": "Polygon", "coordinates": [ [ [ 77.458609927606119, 31.476016510154011 ], [ 77.445740207344727, 31.504367804031006 ], [ 77.480676125003242, 31.559609722810478 ], [ 77.453108287217731, 31.561286613086907 ], [ 77.44827207049974, 31.583421080718438 ], [ 77.454472115395902, 31.59407439391822 ], [ 77.498388719663922, 31.601149680613275 ], [ 77.547946297184012, 31.596212482620047 ], [ 77.563652869484372, 31.603802139257425 ], [ 77.568528836236851, 31.612744155018902 ], [ 77.56296515251978, 31.628494056655484 ], [ 77.575848248398017, 31.638892928266216 ], [ 77.59990960254629, 31.638353023873037 ], [ 77.648962920302608, 31.660732446145516 ], [ 77.663414000355942, 31.634735000020385 ], [ 77.651427999802422, 31.624798000427461 ], [ 77.630608000159157, 31.560829516469084 ], [ 77.564118827122343, 31.525068848548699 ], [ 77.563718011876858, 31.487519998349228 ], [ 77.505676929846516, 31.492149191132285 ], [ 77.490114612399509, 31.468733672521125 ], [ 77.486486793131235, 31.440466371725734 ], [ 77.428711392416972, 31.431298680090038 ], [ 77.42875870035391, 31.447174000280029 ], [ 77.458609927606119, 31.476016510154011 ] ] ] } },
{ "type": "Feature", "properties": { "pincode": "172033", "state": "Himachal Pradesh", "district": "Kullu", "officename": "Nither", "officetype": "S.O" }, "geometry": { "type": "Polygon", "coordinates": [ [ [ 77.493027225126525, 31.409703720250491 ], [ 77.495170560473071, 31.382456381057239 ], [ 77.528372471012915, 31.356880189968876 ], [ 77.446975999942595, 31.342976000242345 ], [ 77.424301000191122, 31.346663000297326 ], [ 77.418534201891987, 31.384058103299026 ], [ 77.433093059397322, 31.392370460528412 ], [ 77.459014138691714, 31.388873300162686 ], [ 77.493027225126525, 31.409703720250491 ] ] ] } },
{ "type": "Feature", "properties": { "pincode": "172034", "state": "Himachal Pradesh", "district": "Shimla", "officename": "Bonda", "officetype": "S.O" }, "geometry": { "type": "Polygon", "coordinates": [ [ [ 77.836563000082492, 31.553855999754774 ], [ 77.845207000302935, 31.527427999602594 ], [ 77.840952759162633, 31.518546794199324 ], [ 77.79407288965217, 31.517870298975197 ], [ 77.775160853890384, 31.531667703201947 ], [ 77.78818596531022, 31.548040984304123 ], [ 77.819211630712175, 31.557448209467395 ], [ 77.836563000082492, 31.553855999754774 ] ] ] } },
{ "type": "Feature", "properties": { "pincode": "172101", "state": "Himachal Pradesh", "district": "Kinnaur", "officename": "Jeori", "officetype": "S.O" }, "geometry": { "type": "Polygon", "coordinates": [ [ [ 77.814284999752999, 31.610971000411382 ], [ 77.824935999896525, 31.63809000005358 ], [ 77.812172000337569, 31.66319999968033 ], [ 77.794661999551693, 31.673814999962303 ], [ 77.783463000217409, 31.694941000227004 ], [ 77.750778000204605, 31.713849999877709 ], [ 77.756186999630529, 31.719770000385324 ], [ 77.752647000059198, 31.751518000355588 ], [ 77.762954999673639, 31.762049000361174 ], [ 77.779632999863225, 31.752109999776621 ], [ 77.828597999698047, 31.760487000274907 ], [ 77.841665789344688, 31.756851858726407 ], [ 77.838370464725301, 31.737127186570376 ], [ 77.867120668184327, 31.733878005265922 ], [ 77.872235930144086, 31.698259831326197 ], [ 77.86539924258102, 31.690124414809929 ], [ 77.878963234965397, 31.67988003773371 ], [ 77.855503100088185, 31.65779219815164 ], [ 77.885072433046503, 31.613901244347062 ], [ 77.916172050599698, 31.58742296579743 ], [ 77.92508777827851, 31.562782024670753 ], [ 77.915352183656466, 31.558937448104871 ], [ 77.905457722895733, 31.536142227881612 ], [ 77.936570270001994, 31.510851326927366 ], [ 77.948696635841145, 31.478301100215674 ], [ 77.944727549936545, 31.423341363513202 ], [ 77.928100999961373, 31.424438000413431 ], [ 77.902709999966703, 31.443032999973127 ], [ 77.898177999615029, 31.456751000358508 ], [ 77.880074000215131, 31.470822999981522 ], [ 77.882575999582798, 31.486916000173323 ], [ 77.86951399977147, 31.504004000384441 ], [ 77.859421000179111, 31.511395000379025 ], [ 77.840919000411645, 31.506987000350023 ], [ 77.839157000095668, 31.579560999840396 ], [ 77.814284999752999, 31.610971000411382 ] ] ] } },
{ "type": "Feature", "properties": { "pincode": "172102", "state": "Himachal Pradesh", "district": "Shimla", "officename": "Sarahan BSR", "officetype": "S.O" }, "geometry": { "type": "Polygon", "coordinates": [ [ [ 77.836563000082492, 31.553855999754774 ], [ 77.819211630712175, 31.557448209467395 ], [ 77.78818596531022, 31.548040984304123 ], [ 77.775160853890384, 31.531667703201947 ], [ 77.79407288965217, 31.517870298975197 ], [ 77.844199999730279, 31.520879999812166 ], [ 77.840919000411645, 31.506987000350023 ], [ 77.859421000179111, 31.511395000379025 ], [ 77.86951399977147, 31.504004000384441 ], [ 77.882575999582798, 31.486916000173323 ], [ 77.880074000215131, 31.470822999981522 ], [ 77.898177999615029, 31.456751000358508 ], [ 77.902709999966703, 31.443032999973127 ], [ 77.891184662742035, 31.435195325603843 ], [ 77.832742355375387, 31.432760229501127 ], [ 77.779981938615606, 31.444124011613951 ], [ 77.753684231342277, 31.474675610191355 ], [ 77.754139292794264, 31.508122576096184 ], [ 77.733206497481888, 31.554083713492616 ], [ 77.674004000384286, 31.561180000257025 ], [ 77.656142999599808, 31.57833299986811 ], [ 77.648581999859516, 31.613039000449646 ], [ 77.653465000209735, 31.629292999972108 ], [ 77.663414000355942, 31.634735000020385 ], [ 77.648757999881923, 31.66046899964482 ], [ 77.685875000131205, 31.703528999663774 ], [ 77.709198000087611, 31.702797000081603 ], [ 77.74281299982016, 31.71493000021951 ], [ 77.771881000308042, 31.703687999801446 ], [ 77.812172000337569, 31.66319999968033 ], [ 77.824935999896525, 31.63809000005358 ], [ 77.814284999752999, 31.610971000411382 ], [ 77.839157000095668, 31.579560999840396 ], [ 77.836563000082492, 31.553855999754774 ] ] ] } },
{ "type": "Feature", "properties": { "pincode": "172103", "state": "Himachal Pradesh", "district": "Kinnaur", "officename": "Nichar", "officetype": "S.O" }, "geometry": { "type": "Polygon", "coordinates": [ [ [ 77.965317356410935, 31.548054059547383 ], [ 77.96233463343674, 31.558036894886925 ], [ 77.997404720951295, 31.560559327750923 ], [ 77.993316540525996, 31.546063860758693 ], [ 77.982809625264224, 31.540565816759226 ], [ 77.965317356410935, 31.548054059547383 ] ] ] } },
{ "type": "Feature", "properties": { "pincode": "172104", "state": "Himachal Pradesh", "district": "Kinnaur", "officename": "Tapri", "officetype": "S.O" }, "geometry": { "type": "Polygon", "coordinates": [ [ [ 77.936570270001994, 31.510851326927366 ], [ 78.000302824915536, 31.548297382818077 ], [ 78.029283110027677, 31.546692510251319 ], [ 78.053610283088176, 31.529753039371315 ], [ 78.08233567964794, 31.529445524291589 ], [ 78.114643864622735, 31.563989761118705 ], [ 78.126893498736024, 31.565840200764626 ], [ 78.137660090540805, 31.565523290467524 ], [ 78.143021182181997, 31.542725328211361 ], [ 78.159295518073691, 31.536274531644438 ], [ 78.158743533987149, 31.526346106187873 ], [ 78.137992217367071, 31.52019750970743 ], [ 78.135715833618917, 31.465491004106639 ], [ 78.11826198290413, 31.455546361175777 ], [ 78.117103414191376, 31.430122158211191 ], [ 78.104698000412498, 31.415792000100907 ], [ 78.088752999851124, 31.422238999730155 ], [ 78.054618999567424, 31.41867599999739 ], [ 78.024445000236824, 31.400795000089317 ], [ 77.96366899982462, 31.402515000267158 ], [ 77.960723999812899, 31.414248999991344 ], [ 77.944727549936545, 31.423341363513202 ], [ 77.950989160621248, 31.455742658896838 ], [ 77.936570270001994, 31.510851326927366 ] ] ] } },
{ "type": "Feature", "properties": { "pincode": "172105", "state": "Himachal Pradesh", "district": "Kinnaur", "officename": "Karcham", "officetype": "S.O" }, "geometry": { "type": "Polygon", "coordinates": [ [ [ 78.117103414191376, 31.430122158211191 ], [ 78.12012089776141, 31.45846638071913 ], [ 78.135715833618917, 31.465491004106639 ], [ 78.13159317948174, 31.478545124058371 ], [ 78.139762345755685, 31.489800632293509 ], [ 78.143198290169096, 31.525261891623188 ], [ 78.154041627419247, 31.527931320474124 ], [ 78.174239268327824, 31.517748092800218 ], [ 78.218350162130321, 31.477594108981009 ], [ 78.213311213042118, 31.467511258238062 ], [ 78.21869425353708, 31.457592788276656 ], [ 78.212612180807696, 31.458660858212056 ], [ 78.21391115257768, 31.446691865637092 ], [ 78.205681219112989, 31.441016855743385 ], [ 78.208276733584626, 31.426117105719925 ], [ 78.194179274154237, 31.405476882352332 ], [ 78.196823484216509, 31.392114359690083 ], [ 78.165413700382032, 31.379427978818228 ], [ 78.104698000412498, 31.415792000100907 ], [ 78.117103414191376, 31.430122158211191 ] ] ] } },
{ "type": "Feature", "properties": { "pincode": "172106", "state": "Himachal Pradesh", "district": "Kinnaur", "officename": "Sangla", "officetype": "S.O" }, "geometry": { "type": "Polygon", "coordinates": [ [ [ 78.195622931553203, 31.395609094584074 ], [ 78.19843012934723, 31.419225200682547 ], [ 78.208276733584626, 31.426117105719925 ], [ 78.205681219112989, 31.441016855743385 ], [ 78.21391115257768, 31.446691865637092 ], [ 78.210503126717924, 31.455967379690946 ], [ 78.21869425353708, 31.457592788276656 ], [ 78.213311213042118, 31.467511258238062 ], [ 78.218350162130321, 31.477594108981009 ], [ 78.304487209717081, 31.470584850510534 ], [ 78.328146426616286, 31.453080269938425 ], [ 78.377579602716537, 31.48282521531155 ], [ 78.404929917881532, 31.476309297935927 ], [ 78.407345424052266, 31.460452233983517 ], [ 78.422797087115953, 31.448639260293817 ], [ 78.417518869800119, 31.433763966434014 ], [ 78.424529884646518, 31.422986070151183 ], [ 78.458021005465184, 31.425387330161186 ], [ 78.45225853650237, 31.408330424909423 ], [ 78.459269622395198, 31.397728746284827 ], [ 78.479787893196885, 31.386951039758685 ], [ 78.500651398443381, 31.391598295425183 ], [ 78.501361544499616, 31.382306956900663 ], [ 78.523861676475349, 31.371247546736981 ], [ 78.546916080412871, 31.370860798687033 ], [ 78.540613460642817, 31.354658396867535 ], [ 78.584651344783708, 31.342851568245408 ], [ 78.587603113992714, 31.331955429099935 ], [ 78.607331427503368, 31.340010519969667 ], [ 78.63585359256939, 31.33328404342393 ], [ 78.654710249878235, 31.343196372814475 ], [ 78.690051994703822, 31.338795323645286 ], [ 78.700775821047387, 31.349759755508501 ], [ 78.728008227897476, 31.351543710074282 ], [ 78.746447016117088, 31.36784382773061 ], [ 78.767662048365025, 31.344110488708225 ], [ 78.773910522652727, 31.310810088914479 ], [ 78.797485351667717, 31.293085097998926 ], [ 78.839538574145877, 31.288663864445937 ], [ 78.852127075504143, 31.302738189715797 ], [ 78.867973327807022, 31.299703598342433 ], [ 78.88163757301578, 31.274835586493225 ], [ 78.922581293791666, 31.239585785655493 ], [ 78.93099199998079, 31.220010999907799 ], [ 78.950478000159535, 31.217190000218466 ], [ 78.951164000318443, 31.20050799984449 ], [ 78.961494000048219, 31.188368000282992 ], [ 78.987160000133997, 31.177158000441523 ], [ 78.991028000441929, 31.145481000148095 ], [ 79.01175700038533, 31.110083000030556 ], [ 78.980804000204557, 31.110126000214905 ], [ 78.957252999626405, 31.099775000416116 ], [ 78.935592999917048, 31.102348000360053 ], [ 78.927803000408289, 31.110949000396147 ], [ 78.911903000123345, 31.100395000229184 ], [ 78.886490000013566, 31.10208700001516 ], [ 78.833884999593181, 31.142035000415092 ], [ 78.826897000196595, 31.164254999868433 ], [ 78.812782000389234, 31.177373999610495 ], [ 78.818404999790971, 31.194096000030356 ], [ 78.810271999753127, 31.199916999570007 ], [ 78.772781000243072, 31.18957100000182 ], [ 78.675010999857932, 31.198177000268402 ], [ 78.662841999858642, 31.189605999817161 ], [ 78.649643000024582, 31.21685800019668 ], [ 78.610557999852006, 31.231378999841013 ], [ 78.5817569999856, 31.228745999828163 ], [ 78.552230999960727, 31.201711999609131 ], [ 78.485175999572903, 31.198789999758674 ], [ 78.481682000324213, 31.216003000338219 ], [ 78.459281999764585, 31.239281000018252 ], [ 78.434607999559603, 31.25498400021155 ], [ 78.429519999648278, 31.246010000061631 ], [ 78.412650999644086, 31.242895000304088 ], [ 78.396538000328519, 31.276613000289785 ], [ 78.388641000381881, 31.274358999768083 ], [ 78.384437999913871, 31.2830559997347 ], [ 78.30673200028167, 31.285934000254031 ], [ 78.295364000348457, 31.292750999858811 ], [ 78.301796000185391, 31.315128000257232 ], [ 78.291915999623882, 31.323775999762574 ], [ 78.259994999769503, 31.327787000369938 ], [ 78.244590999874845, 31.342128999853628 ], [ 78.214699000058999, 31.325606999663421 ], [ 78.164230000114628, 31.344614000235936 ], [ 78.153290000133495, 31.359935999946572 ], [ 78.165413700382032, 31.379427978818228 ], [ 78.195622931553203, 31.395609094584074 ] ] ] } },
{ "type": "Feature", "properties": { "pincode": "172107", "state": "Himachal Pradesh", "district": "Kinnaur", "officename": "Reckong Peo", "officetype": "H.O" }, "geometry": { "type": "Polygon", "coordinates": [ [ [ 78.205783178850709, 31.484291273023928 ], [ 78.188418337636335, 31.504641458736501 ], [ 78.222589761408358, 31.506505159785434 ], [ 78.246417104765612, 31.518224293716287 ], [ 78.245698505981409, 31.526125420651738 ], [ 78.27604691623219, 31.533372951800288 ], [ 78.267318654032806, 31.558212610723444 ], [ 78.276424278058073, 31.569690117505104 ], [ 78.275647939201235, 31.583193516267784 ], [ 78.287498426311402, 31.58179559479089 ], [ 78.298506554434027, 31.599235523101129 ], [ 78.316696736764925, 31.605678396640883 ], [ 78.331481896972036, 31.57729367316449 ], [ 78.326168905570682, 31.560341411227341 ], [ 78.360931977129155, 31.539795521346377 ], [ 78.374830738547871, 31.503546964021155 ], [ 78.367628841697808, 31.491254339616205 ], [ 78.371104058605624, 31.480751750093191 ], [ 78.328146426616286, 31.453080269938425 ], [ 78.304487209717081, 31.470584850510534 ], [ 78.227169926750832, 31.473917257775327 ], [ 78.205783178850709, 31.484291273023928 ] ] ] } },
{ "type": "Feature", "properties": { "pincode": "172108", "state": "Himachal Pradesh", "district": "Kinnaur", "officename": "Kalpa", "officetype": "S.O" }, "geometry": { "type": "Polygon", "coordinates": [ [ [ 78.112591047838634, 31.682260261701686 ], [ 78.131567002914892, 31.703016646001515 ], [ 78.143497268883948, 31.703593796716461 ], [ 78.177296917418914, 31.689257626638209 ], [ 78.188140778973889, 31.688270010053088 ], [ 78.192644452479669, 31.699701456257287 ], [ 78.24572574284889, 31.693675283587424 ], [ 78.288804687986044, 31.670191432688512 ], [ 78.315978890713382, 31.644311074696361 ], [ 78.296034196720996, 31.634139215352604 ], [ 78.316696736764925, 31.605678396640883 ], [ 78.298506554434027, 31.599235523101129 ], [ 78.287498426311402, 31.58179559479089 ], [ 78.275647939201235, 31.583193516267784 ], [ 78.276424278058073, 31.569690117505104 ], [ 78.267318654032806, 31.558212610723444 ], [ 78.27604691623219, 31.533372951800288 ], [ 78.245698505981409, 31.526125420651738 ], [ 78.246417104765612, 31.518224293716287 ], [ 78.222589761408358, 31.506505159785434 ], [ 78.188418337636335, 31.504641458736501 ], [ 78.162876849587008, 31.523051056761005 ], [ 78.17756434431908, 31.555280255179639 ], [ 78.194250414125293, 31.565455870092478 ], [ 78.195025575769876, 31.60549352660513 ], [ 78.177951863987516, 31.626390740240538 ], [ 78.165207148591037, 31.628129731402112 ], [ 78.156928333376015, 31.643999945241376 ], [ 78.140845064748021, 31.648143507716725 ], [ 78.129580338462006, 31.639789417447787 ], [ 78.112586020628498, 31.666744827711796 ], [ 78.112591047838634, 31.682260261701686 ] ] ] } },
{ "type": "Feature", "properties": { "pincode": "172109", "state": "Himachal Pradesh", "district": "Kinnaur", "officename": "Moorang", "officetype": "S.O" }, "geometry": { "type": "Polygon", "coordinates": [ [ [ 78.083519000401679, 31.787522999686928 ], [ 78.096763999659004, 31.832984999857899 ], [ 78.085449000371113, 31.845139000064876 ], [ 78.09408600026876, 31.853227999872274 ], [ 78.089989000192134, 31.858388999552687 ], [ 78.124039000199787, 31.867476999563905 ], [ 78.17131987830993, 31.862794505761997 ], [ 78.188833124749124, 31.846378048208464 ], [ 78.198694226057796, 31.821916331173895 ], [ 78.207526062278021, 31.824104503120452 ], [ 78.221100743104898, 31.812735152405537 ], [ 78.241864018010176, 31.818157747781981 ], [ 78.271811842342743, 31.798706749217274 ], [ 78.293810274924226, 31.798182308666583 ], [ 78.297407138628728, 31.786868465907048 ], [ 78.327713857208778, 31.764835733182736 ], [ 78.325097018013139, 31.757205432584783 ], [ 78.339609001054725, 31.733059751706264 ], [ 78.360194135551069, 31.724734676264404 ], [ 78.373610057258475, 31.736630401072262 ], [ 78.383110137422989, 31.727166205655919 ], [ 78.402926798533088, 31.730233549438822 ], [ 78.386888511295808, 31.709828691241228 ], [ 78.405969135767123, 31.694189145412906 ], [ 78.428070654037413, 31.648683244835922 ], [ 78.440412247427332, 31.64774353693474 ], [ 78.446661314368271, 31.670197970759773 ], [ 78.473094635808934, 31.67182221472342 ], [ 78.507995065320074, 31.654002179856889 ], [ 78.513298957381096, 31.635959569978183 ], [ 78.552854129414584, 31.616876818610478 ], [ 78.565103426282235, 31.631064571772697 ], [ 78.573420440201232, 31.665182192704094 ], [ 78.589789355094808, 31.673026719008021 ], [ 78.601108472378087, 31.665040517106263 ], [ 78.616036300135306, 31.667535106060541 ], [ 78.638934102427072, 31.652126587971679 ], [ 78.694469346782967, 31.640087440183322 ], [ 78.737795021822933, 31.651410863420779 ], [ 78.750499892756011, 31.669051506022242 ], [ 78.749198927188729, 31.680906633634436 ], [ 78.764801025247266, 31.674016952620264 ], [ 78.796287536540774, 31.67735290501264 ], [ 78.804512023711027, 31.641593933213528 ], [ 78.837280273066199, 31.623188018812243 ], [ 78.842254638241116, 31.610942840839471 ], [ 78.7763748170442, 31.551279067974633 ], [ 78.731163024454077, 31.529016494615632 ], [ 78.719650268744942, 31.506944656670726 ], [ 78.732894897481629, 31.480482101867665 ], [ 78.755264282420683, 31.482900619867905 ], [ 78.782745361709146, 31.461845398046933 ], [ 78.796974182412669, 31.437232970825107 ], [ 78.767189025653181, 31.38008308366733 ], [ 78.760841369633511, 31.355852127273977 ], [ 78.76741563592293, 31.344534682729602 ], [ 78.746447016117088, 31.36784382773061 ], [ 78.728008227897476, 31.351543710074282 ], [ 78.700775821047387, 31.349759755508501 ], [ 78.698314181454407, 31.340779327004384 ], [ 78.654710249878235, 31.343196372814475 ], [ 78.630604714736023, 31.332942966544636 ], [ 78.607331427503368, 31.340010519969667 ], [ 78.587603113992714, 31.331955429099935 ], [ 78.584651344783708, 31.342851568245408 ], [ 78.540613460642817, 31.354658396867535 ], [ 78.546916080412871, 31.370860798687033 ], [ 78.539879467263688, 31.372577627855321 ], [ 78.568683037392361, 31.426874753067636 ], [ 78.562228406116105, 31.43118178441182 ], [ 78.553864949407966, 31.421905955595491 ], [ 78.558287075088515, 31.46903698506884 ], [ 78.52535692168459, 31.483629320736611 ], [ 78.52149922041292, 31.50112364094332 ], [ 78.502759428205138, 31.511260875489143 ], [ 78.482761824398835, 31.50670560697813 ], [ 78.484910436067878, 31.525464565537277 ], [ 78.473261263096902, 31.535113062617881 ], [ 78.475031245795435, 31.544438513326782 ], [ 78.467268631542197, 31.545632891245077 ], [ 78.475155342345204, 31.549663193101992 ], [ 78.460545774767809, 31.569506072147647 ], [ 78.407406914297667, 31.594569307927372 ], [ 78.381128894083304, 31.597805942790103 ], [ 78.376302277627985, 31.58757095823313 ], [ 78.362555963886848, 31.599476580080136 ], [ 78.316501138716774, 31.606197552774915 ], [ 78.296034196720996, 31.634139215352604 ], [ 78.315978890713382, 31.644311074696361 ], [ 78.282327201339285, 31.674989217778261 ], [ 78.24572574284889, 31.693675283587424 ], [ 78.192644452479669, 31.699701456257287 ], [ 78.188140778973889, 31.688270010053088 ], [ 78.143497268883948, 31.703593796716461 ], [ 78.110872518052417, 31.698379373709315 ], [ 78.092732519690117, 31.704001228274137 ], [ 78.093526310790708, 31.713462527873389 ], [ 78.083484783895756, 31.717891797768402 ], [ 78.08465555910692, 31.736277687865027 ], [ 78.101898705860776, 31.757391736139937 ], [ 78.053671738260334, 31.778291542520776 ], [ 78.083519000401679, 31.787522999686928 ] ] ] } },
{ "type": "Feature", "properties": { "pincode": "172110", "state": "Himachal Pradesh", "district": "Kinnaur", "officename": "Speelo", "officetype": "S.O" }, "geometry": { "type": "Polygon", "coordinates": [ [ [ 78.198694226057796, 31.821916331173895 ], [ 78.17131987830993, 31.862794505761997 ], [ 78.189185999834137, 31.872165999961112 ], [ 78.184524999829023, 31.915809999931582 ], [ 78.202521999690589, 31.932936000096447 ], [ 78.272811999973953, 31.936202999668865 ], [ 78.302779999697293, 31.92697300030369 ], [ 78.311889999823848, 31.938202000122374 ], [ 78.343421999725649, 31.934183000045607 ], [ 78.37141400005612, 31.960375000106183 ], [ 78.401847999685515, 31.955036000311225 ], [ 78.421920999954239, 31.937897000446185 ], [ 78.452388801502082, 31.937928217713193 ], [ 78.470198335884561, 31.870760657278538 ], [ 78.46455136505358, 31.852776489843279 ], [ 78.477857991253416, 31.827202526375459 ], [ 78.531661446218834, 31.787442873689713 ], [ 78.572464835883579, 31.795884355578664 ], [ 78.568873335735987, 31.782337563627721 ], [ 78.576154011398728, 31.773143696324667 ], [ 78.561079167869309, 31.761269137061163 ], [ 78.578192370681506, 31.729149103748227 ], [ 78.58553574078195, 31.727765992306672 ], [ 78.582486812416505, 31.721228290653244 ], [ 78.613110082464459, 31.698114513474081 ], [ 78.616265599377982, 31.667284967727198 ], [ 78.601108472378087, 31.665040517106263 ], [ 78.589789355094808, 31.673026719008021 ], [ 78.573420440201232, 31.665182192704094 ], [ 78.565103426282235, 31.631064571772697 ], [ 78.552854129414584, 31.616876818610478 ], [ 78.513298957381096, 31.635959569978183 ], [ 78.507995065320074, 31.654002179856889 ], [ 78.473094635808934, 31.67182221472342 ], [ 78.446661314368271, 31.670197970759773 ], [ 78.440412247427332, 31.64774353693474 ], [ 78.431168956082558, 31.647159575653973 ], [ 78.405969135767123, 31.694189145412906 ], [ 78.386888511295808, 31.709828691241228 ], [ 78.402926798533088, 31.730233549438822 ], [ 78.383110137422989, 31.727166205655919 ], [ 78.373610057258475, 31.736630401072262 ], [ 78.360194135551069, 31.724734676264404 ], [ 78.339609001054725, 31.733059751706264 ], [ 78.325097018013139, 31.757205432584783 ], [ 78.327713857208778, 31.764835733182736 ], [ 78.297407138628728, 31.786868465907048 ], [ 78.293810274924226, 31.798182308666583 ], [ 78.271811842342743, 31.798706749217274 ], [ 78.241864018010176, 31.818157747781981 ], [ 78.221100743104898, 31.812735152405537 ], [ 78.207526062278021, 31.824104503120452 ], [ 78.198694226057796, 31.821916331173895 ] ] ] } },
{ "type": "Feature", "properties": { "pincode": "172111", "state": "Himachal Pradesh", "district": "Kinnaur", "officename": "Pooh", "officetype": "S.O" }, "geometry": { "type": "Polygon", "coordinates": [ [ [ 78.420135000330106, 31.989579999717364 ], [ 78.449234000448769, 32.05514099955758 ], [ 78.482230999561068, 32.048275000391072 ], [ 78.483826000269801, 32.042079999792122 ], [ 78.542618000020866, 32.063484000286621 ], [ 78.587913999731541, 32.060463000367236 ], [ 78.601341000187176, 32.052394999729529 ], [ 78.623961117011959, 32.063068565661808 ], [ 78.647544861006679, 32.020977020373437 ], [ 78.715644836739841, 31.960897445960427 ], [ 78.746307372986962, 31.907190322775364 ], [ 78.727661132755145, 31.832304000829026 ], [ 78.704566955400651, 31.814247131300192 ], [ 78.697021484254265, 31.778310775422085 ], [ 78.722991943523425, 31.741884231472341 ], [ 78.723129272697975, 31.723331451485365 ], [ 78.740447998476441, 31.710954665825227 ], [ 78.755825986380273, 31.681242141012035 ], [ 78.749198927188729, 31.680906633634436 ], [ 78.750499892756011, 31.669051506022242 ], [ 78.737795021822933, 31.651410863420779 ], [ 78.694469346782967, 31.640087440183322 ], [ 78.619495222226817, 31.662973206848164 ], [ 78.613110082464459, 31.698114513474081 ], [ 78.582486812416505, 31.721228290653244 ], [ 78.58553574078195, 31.727765992306672 ], [ 78.578192370681506, 31.729149103748227 ], [ 78.561079167869309, 31.761269137061163 ], [ 78.576154011398728, 31.773143696324667 ], [ 78.568873335735987, 31.782337563627721 ], [ 78.572464835883579, 31.795884355578664 ], [ 78.628459912594963, 31.818304284215458 ], [ 78.619846944380981, 31.839739947141027 ], [ 78.598082221317497, 31.853453021040195 ], [ 78.603019049689578, 31.865374390915463 ], [ 78.595664169166128, 31.88093100755998 ], [ 78.612065736644524, 31.896555803607555 ], [ 78.610229875908203, 31.902847622519801 ], [ 78.546835505654144, 31.904808803783396 ], [ 78.495829966579834, 31.936180990560331 ], [ 78.470623632474712, 31.945525564453362 ], [ 78.458309575426711, 31.941971716221815 ], [ 78.460547999690618, 31.959155999649681 ], [ 78.420135000330106, 31.989579999717364 ] ] ] } },
{ "type": "Feature", "properties": { "pincode": "172112", "state": "Himachal Pradesh", "district": "Kinnaur", "officename": "Liyo", "officetype": "S.O" }, "geometry": { "type": "Polygon", "coordinates": [ [ [ 78.466109268727905, 31.880185515449227 ], [ 78.452388801502082, 31.937928217713193 ], [ 78.467242413606641, 31.945350010494565 ], [ 78.495829966579834, 31.936180990560331 ], [ 78.534956282506585, 31.908132459745218 ], [ 78.562093484426839, 31.901395066329258 ], [ 78.607160441201586, 31.905471167960059 ], [ 78.612065736644524, 31.896555803607555 ], [ 78.595664169166128, 31.88093100755998 ], [ 78.603019049689578, 31.865374390915463 ], [ 78.598663116809576, 31.851045673519081 ], [ 78.619846944380981, 31.839739947141027 ], [ 78.628459912594963, 31.818304284215458 ], [ 78.531661446218834, 31.787442873689713 ], [ 78.477857991253416, 31.827202526375459 ], [ 78.46455136505358, 31.852776489843279 ], [ 78.466109268727905, 31.880185515449227 ] ] ] } },
{ "type": "Feature", "properties": { "pincode": "172113", "state": "Himachal Pradesh", "district": "Lahul & Spiti", "officename": "Tabo", "officetype": "S.O" }, "geometry": { "type": "Polygon", "coordinates": [ [ [ 78.209753134399762, 32.059981811811213 ], [ 78.197956925871551, 32.075842764432196 ], [ 78.204638020828099, 32.087258316018506 ], [ 78.197148813966692, 32.094253145766118 ], [ 78.220029564213178, 32.084815590067592 ], [ 78.228057945217927, 32.069276570457532 ], [ 78.253942896947194, 32.082569949643585 ], [ 78.259141290438322, 32.103916316185177 ], [ 78.285964675729247, 32.117993179341909 ], [ 78.344683207164394, 32.120080762117539 ], [ 78.375370729275915, 32.15335255537633 ], [ 78.377596682640842, 32.182778871847518 ], [ 78.411666608027701, 32.181117147738235 ], [ 78.410230604758681, 32.190265801625515 ], [ 78.437129915313506, 32.205794148081509 ], [ 78.446043439653124, 32.232354280225991 ], [ 78.479827880652181, 32.243659973329272 ], [ 78.465629577542984, 32.230346679555737 ], [ 78.456062317122303, 32.204975128299736 ], [ 78.46652984657527, 32.185466766478271 ], [ 78.53907012958291, 32.11576461794283 ], [ 78.605110168599595, 32.081237792889965 ], [ 78.623961117011959, 32.063068565661808 ], [ 78.601341000187176, 32.052394999729529 ], [ 78.587913999731541, 32.060463000367236 ], [ 78.542618000020866, 32.063484000286621 ], [ 78.483826000269801, 32.042079999792122 ], [ 78.482230999561068, 32.048275000391072 ], [ 78.449234000448769, 32.05514099955758 ], [ 78.437958000261688, 32.043491000109611 ], [ 78.420135000330106, 31.989579999717364 ], [ 78.460547999690618, 31.959155999649681 ], [ 78.456970000165484, 31.939618999817014 ], [ 78.421920999954239, 31.937897000446185 ], [ 78.401847999685515, 31.955036000311225 ], [ 78.37141400005612, 31.960375000106183 ], [ 78.343421999725649, 31.934183000045607 ], [ 78.311889999823848, 31.938202000122374 ], [ 78.302779999697293, 31.92697300030369 ], [ 78.272811999973953, 31.936202999668865 ], [ 78.237073567791072, 31.933816575774415 ], [ 78.231892337861154, 31.952298351587842 ], [ 78.212118721901618, 31.958351455355569 ], [ 78.226777114572315, 31.976497265136743 ], [ 78.214801654972518, 31.986271837275638 ], [ 78.206131134644124, 32.013950893319077 ], [ 78.234558620883831, 32.02911214460994 ], [ 78.217989771410942, 32.03306238881828 ], [ 78.19813353563427, 32.052513211115979 ], [ 78.209753134399762, 32.059981811811213 ] ] ] } },
{ "type": "Feature", "properties": { "pincode": "172115", "state": "Himachal Pradesh", "district": "Kinnaur", "officename": "Bhaba Nagar", "officetype": "S.O" }, "geometry": { "type": "Polygon", "coordinates": [ [ [ 77.867120668184327, 31.733878005265922 ], [ 77.838370464725301, 31.737127186570376 ], [ 77.841665789344688, 31.756851858726407 ], [ 77.853783000085627, 31.759032999773183 ], [ 77.855347000263919, 31.781224999734093 ], [ 77.871841000062204, 31.780208999645765 ], [ 77.899199999980226, 31.753030999980751 ], [ 77.930594999859522, 31.746879999612474 ], [ 77.942214999722637, 31.758398000167574 ], [ 77.94554100021702, 31.784770999581951 ], [ 77.983900736729765, 31.779102837126288 ], [ 77.978140277751663, 31.753834968708986 ], [ 77.992379016178745, 31.736939508851322 ], [ 77.979041228469953, 31.724170940736485 ], [ 78.0057271667755, 31.687569021793081 ], [ 77.99870824688827, 31.675339314857581 ], [ 78.009625636114322, 31.650080574558956 ], [ 78.014704731838037, 31.576388070253415 ], [ 78.003813418454627, 31.580383857928723 ], [ 78.0039242778833, 31.559448471669839 ], [ 77.96233463343674, 31.558036894886925 ], [ 77.979025136900646, 31.538345262024279 ], [ 77.941692216622641, 31.511305583485921 ], [ 77.920740964523873, 31.518474379888687 ], [ 77.905457722895733, 31.536142227881612 ], [ 77.915352183656466, 31.558937448104871 ], [ 77.92508777827851, 31.562782024670753 ], [ 77.916172050599698, 31.58742296579743 ], [ 77.885072433046503, 31.613901244347062 ], [ 77.855503100088185, 31.65779219815164 ], [ 77.878963234965397, 31.67988003773371 ], [ 77.86539924258102, 31.690124414809929 ], [ 77.872235930144086, 31.698259831326197 ], [ 77.867120668184327, 31.733878005265922 ] ] ] } },
{ "type": "Feature", "properties": { "pincode": "172116", "state": "Himachal Pradesh", "district": "Kinnaur", "officename": "Ribba", "officetype": "S.O" }, "geometry": { "type": "Polygon", "coordinates": [ [ [ 78.325487306693958, 31.563321443430027 ], [ 78.331481896972036, 31.57729367316449 ], [ 78.316501138716774, 31.606197552774915 ], [ 78.326779940941606, 31.608281594020468 ], [ 78.362555963886848, 31.599476580080136 ], [ 78.376302277627985, 31.58757095823313 ], [ 78.381128894083304, 31.597805942790103 ], [ 78.417668493606129, 31.59161761066423 ], [ 78.460545774767809, 31.569506072147647 ], [ 78.475155342345204, 31.549663193101992 ], [ 78.467268631542197, 31.545632891245077 ], [ 78.475031245795435, 31.544438513326782 ], [ 78.473261263096902, 31.535113062617881 ], [ 78.484910436067878, 31.525464565537277 ], [ 78.482761824398835, 31.50670560697813 ], [ 78.502759428205138, 31.511260875489143 ], [ 78.52149922041292, 31.50112364094332 ], [ 78.52535692168459, 31.483629320736611 ], [ 78.558287075088515, 31.46903698506884 ], [ 78.553864949407966, 31.421905955595491 ], [ 78.562228406116105, 31.43118178441182 ], [ 78.568683037392361, 31.426874753067636 ], [ 78.547993389083786, 31.378003512951921 ], [ 78.523861676475349, 31.371247546736981 ], [ 78.501361544499616, 31.382306956900663 ], [ 78.500651398443381, 31.391598295425183 ], [ 78.479787893196885, 31.386951039758685 ], [ 78.45225853650237, 31.408330424909423 ], [ 78.455752996203898, 31.427065543340291 ], [ 78.424529884646518, 31.422986070151183 ], [ 78.417518869800119, 31.433763966434014 ], [ 78.422797087115953, 31.448639260293817 ], [ 78.407345424052266, 31.460452233983517 ], [ 78.404929917881532, 31.476309297935927 ], [ 78.376548106410041, 31.4806185416125 ], [ 78.368027813333072, 31.488797673274235 ], [ 78.374229324124201, 31.509561965312514 ], [ 78.360931977129155, 31.539795521346377 ], [ 78.325487306693958, 31.563321443430027 ] ] ] } },
{ "type": "Feature", "properties": { "pincode": "172117", "state": "Himachal Pradesh", "district": "Lahul & Spiti", "officename": "Sagnam", "officetype": "S.O" }, "geometry": { "type": "Polygon", "coordinates": [ [ [ 77.814471658540242, 31.894439940750715 ], [ 77.783913000284826, 31.915216000418184 ], [ 77.769660999555583, 31.943193000057136 ], [ 77.782074000015086, 31.966845999943132 ], [ 77.801604999571225, 31.981366999587465 ], [ 77.775809999831836, 32.007522999786772 ], [ 77.791733000277816, 32.018325999745173 ], [ 77.764090999899793, 32.040779000050975 ], [ 77.765175928526332, 32.05323862496266 ], [ 77.835912581600383, 32.044824281015906 ], [ 77.860307307236553, 32.026618813807318 ], [ 77.948868579021735, 32.027760766646111 ], [ 78.011968254031729, 32.043573512008095 ], [ 78.028667296558638, 32.038022912527424 ], [ 78.039660007603345, 32.045916356554699 ], [ 78.061331980886337, 32.041269624293875 ], [ 78.082541721523398, 32.050192615796732 ], [ 78.099077274496835, 32.042869157585642 ], [ 78.138543651068801, 32.080610132651486 ], [ 78.183016268386268, 32.089281996567024 ], [ 78.209753134399762, 32.059981811811213 ], [ 78.19813353563427, 32.052513211115979 ], [ 78.217989771410942, 32.03306238881828 ], [ 78.234558620883831, 32.02911214460994 ], [ 78.211587124546327, 32.019943490699688 ], [ 78.206230711178534, 32.003583297431305 ], [ 78.226777114572315, 31.976497265136743 ], [ 78.212118721901618, 31.958351455355569 ], [ 78.231892337861154, 31.952298351587842 ], [ 78.237073567791072, 31.933816575774415 ], [ 78.202521999690589, 31.932936000096447 ], [ 78.184524999829023, 31.915809999931582 ], [ 78.189185999834137, 31.872165999961112 ], [ 78.173141000057171, 31.862899999835179 ], [ 78.124039000199787, 31.867476999563905 ], [ 78.089989000192134, 31.858388999552687 ], [ 78.09408600026876, 31.853227999872274 ], [ 78.085449000371113, 31.845139000064876 ], [ 78.096763999659004, 31.832984999857899 ], [ 78.083519000401679, 31.787522999686928 ], [ 78.058173999830331, 31.783520000347835 ], [ 78.033248999741716, 31.760978999581255 ], [ 78.010033000222791, 31.775543000309312 ], [ 77.94554100021702, 31.784770999581951 ], [ 77.936660999905428, 31.748734999720511 ], [ 77.899199999980226, 31.753030999980751 ], [ 77.848334999760482, 31.805743999985737 ], [ 77.840874000135045, 31.855379000140886 ], [ 77.869025999750079, 31.882689999643844 ], [ 77.814471658540242, 31.894439940750715 ] ] ] } },
{ "type": "Feature", "properties": { "pincode": "172118", "state": "Himachal Pradesh", "district": "Kinnaur", "officename": "Katgaon", "officetype": "S.O" }, "geometry": { "type": "Polygon", "coordinates": [ [ [ 77.993359457972645, 31.546829616393779 ], [ 77.996996861316347, 31.560071098402602 ], [ 78.00684395298623, 31.562391727895942 ], [ 78.003813418454627, 31.580383857928723 ], [ 78.014704731838037, 31.576388070253415 ], [ 78.009625636114322, 31.650080574558956 ], [ 77.99870824688827, 31.675339314857581 ], [ 78.0057271667755, 31.687569021793081 ], [ 77.979041228469953, 31.724170940736485 ], [ 77.992379016178745, 31.736939508851322 ], [ 77.978140277751663, 31.753834968708986 ], [ 77.981410691150415, 31.774463033242625 ], [ 78.010033000222791, 31.775543000309312 ], [ 78.026062000161346, 31.76029599956081 ], [ 78.064828991065212, 31.778150970390982 ], [ 78.074909772468061, 31.766763231238258 ], [ 78.101898705860776, 31.757391736139937 ], [ 78.08465555910692, 31.736277687865027 ], [ 78.083484783895756, 31.717891797768402 ], [ 78.093526310790708, 31.713462527873389 ], [ 78.092732519690117, 31.704001228274137 ], [ 78.130151234392031, 31.699038857357436 ], [ 78.111082617668671, 31.681021629045119 ], [ 78.129580338462006, 31.639789417447787 ], [ 78.140845064748021, 31.648143507716725 ], [ 78.156928333376015, 31.643999945241376 ], [ 78.165207148591037, 31.628129731402112 ], [ 78.177951863987516, 31.626390740240538 ], [ 78.195025575769876, 31.60549352660513 ], [ 78.194250414125293, 31.565455870092478 ], [ 78.17756434431908, 31.555280255179639 ], [ 78.163438555345181, 31.523826745407973 ], [ 78.159295518073691, 31.536274531644438 ], [ 78.143021182181997, 31.542725328211361 ], [ 78.137660090540805, 31.565523290467524 ], [ 78.114643864622735, 31.563989761118705 ], [ 78.08233567964794, 31.529445524291589 ], [ 78.053610283088176, 31.529753039371315 ], [ 78.029283110027677, 31.546692510251319 ], [ 77.993359457972645, 31.546829616393779 ] ] ] } },
{ "type": "Feature", "properties": { "pincode": "173022", "state": "Himachal Pradesh", "district": "Sirmaur", "officename": "Dadahu", "officetype": "S.O" }, "geometry": { "type": "Polygon", "coordinates": [ [ [ 77.353821661140898, 30.627083056538027 ], [ 77.383328543377672, 30.650714389057839 ], [ 77.397031541272611, 30.647199068682028 ], [ 77.416632384876834, 30.658239030107268 ], [ 77.420076880044121, 30.643004783544029 ], [ 77.437956130770999, 30.641970949000324 ], [ 77.460574218725412, 30.655846506111459 ], [ 77.458140783670331, 30.664801030543288 ], [ 77.468421697503459, 30.674839232644445 ], [ 77.497646369784206, 30.674484722591842 ], [ 77.504238092813864, 30.682777863108072 ], [ 77.546252157910885, 30.692688022434254 ], [ 77.565324063454796, 30.680355306252466 ], [ 77.562567236688608, 30.613007424553075 ], [ 77.553518967826278, 30.608694955008218 ], [ 77.539446580595325, 30.574190023950621 ], [ 77.518860481126467, 30.571561150027094 ], [ 77.515751527511043, 30.560379179355721 ], [ 77.524706277672692, 30.551190608160084 ], [ 77.511542229090821, 30.539290253642434 ], [ 77.497958403057964, 30.54567621178785 ], [ 77.498416873839801, 30.583458761612633 ], [ 77.482975046661068, 30.575815517971932 ], [ 77.490274459698639, 30.573144377710946 ], [ 77.486628068530649, 30.550675840717531 ], [ 77.445044736425643, 30.547250958864765 ], [ 77.423878407862389, 30.534472748218889 ], [ 77.402083608771534, 30.538896667147469 ], [ 77.401275538235723, 30.551255839585508 ], [ 77.414335444425319, 30.563646782373212 ], [ 77.408107763362523, 30.561762623546372 ], [ 77.401277331483755, 30.579880980622931 ], [ 77.373313127399001, 30.592599446607323 ], [ 77.37652290221024, 30.617137640189981 ], [ 77.353821661140898, 30.627083056538027 ] ] ] } },
{ "type": "Feature", "properties": { "pincode": "173023", "state": "Himachal Pradesh", "district": "Sirmaur", "officename": "Sangrah", "officetype": "S.O" }, "geometry": { "type": "Polygon", "coordinates": [ [ [ 77.38382249151482, 30.688133839405168 ], [ 77.417069301607171, 30.709911106212644 ], [ 77.428356966900481, 30.732809229562235 ], [ 77.44531213634599, 30.725933627434983 ], [ 77.456237718396096, 30.731872922897139 ], [ 77.457773356655139, 30.742935954630696 ], [ 77.485408355810989, 30.743652494866922 ], [ 77.496090402350376, 30.756936415882933 ], [ 77.519753607742871, 30.747819906463519 ], [ 77.531511712895337, 30.729006460679727 ], [ 77.563889632200812, 30.725217817448367 ], [ 77.549229035291717, 30.712110188734414 ], [ 77.533327185101541, 30.711186947419719 ], [ 77.545785881013785, 30.691955635244426 ], [ 77.504238092813864, 30.682777863108072 ], [ 77.497646369784206, 30.674484722591842 ], [ 77.46581016610628, 30.674154974472572 ], [ 77.460574218725412, 30.655846506111459 ], [ 77.437956130770999, 30.641970949000324 ], [ 77.420076880044121, 30.643004783544029 ], [ 77.415855403004571, 30.660112000468644 ], [ 77.40178200133829, 30.673017204380585 ], [ 77.38819599085241, 30.673680011023748 ], [ 77.38382249151482, 30.688133839405168 ] ] ] } },
{ "type": "Feature", "properties": { "pincode": "173024", "state": "Himachal Pradesh", "district": "Sirmaur", "officename": "Sarahan", "officetype": "S.O" }, "geometry": { "type": "Polygon", "coordinates": [ [ [ 77.037338518557931, 30.762873685172622 ], [ 77.085596610795108, 30.790115597856698 ], [ 77.106481312162828, 30.781219727208736 ], [ 77.11513021458785, 30.789703416979194 ], [ 77.132902458581839, 30.779313056552382 ], [ 77.155340566114376, 30.782122886662137 ], [ 77.158037971075601, 30.797144889625088 ], [ 77.171318677015392, 30.807798580540123 ], [ 77.169548618773888, 30.844793313460798 ], [ 77.180343999675983, 30.849452999556433 ], [ 77.179985000207637, 30.862115999853643 ], [ 77.214379867736682, 30.880798248940039 ], [ 77.232520301370812, 30.868454634773684 ], [ 77.231104179414444, 30.855605420853635 ], [ 77.242072275115447, 30.849468377963433 ], [ 77.262721229101544, 30.806854880548372 ], [ 77.276296962135291, 30.808703148331688 ], [ 77.315581859115582, 30.754341181100813 ], [ 77.311943342411439, 30.742710864215098 ], [ 77.282541858919728, 30.743911126397506 ], [ 77.280668541420198, 30.732459859135247 ], [ 77.252321655120397, 30.712525155711432 ], [ 77.210995604663481, 30.714719668777832 ], [ 77.195651938486264, 30.695713840021881 ], [ 77.164494704966785, 30.686670287203981 ], [ 77.090263000437233, 30.740608000159227 ], [ 77.047126999611407, 30.751323999702947 ], [ 77.04168699965544, 30.739348999656784 ], [ 77.026473999575501, 30.738136000376187 ], [ 77.018096999976649, 30.748437999714099 ], [ 77.028687000005164, 30.747765000154686 ], [ 77.037338518557931, 30.762873685172622 ] ] ] } },
{ "type": "Feature", "properties": { "pincode": "173026", "state": "Himachal Pradesh", "district": "Sirmaur", "officename": "Kw Bhood", "officetype": "S.O" }, "geometry": { "type": "Polygon", "coordinates": [ [ [ 77.173070892707585, 30.62606887667738 ], [ 77.201644004367381, 30.624805778863674 ], [ 77.202333596418441, 30.611377960024981 ], [ 77.171787992721875, 30.601039668545923 ], [ 77.173070892707585, 30.62606887667738 ] ] ] } },
{ "type": "Feature", "properties": { "pincode": "173027", "state": "Himachal Pradesh", "district": "Sirmaur", "officename": "Shillai", "officetype": "S.O" }, "geometry": { "type": "Polygon", "coordinates": [ [ [ 77.604158216628491, 30.722440462757277 ], [ 77.575606592470422, 30.759920665006803 ], [ 77.574152345554467, 30.774565233298915 ], [ 77.587052717409108, 30.773186192189144 ], [ 77.61695900025768, 30.790736999712863 ], [ 77.624343999975736, 30.808088000361067 ], [ 77.657829000008405, 30.80602299956189 ], [ 77.685355999579883, 30.786664999890036 ], [ 77.702164000368384, 30.763942999769654 ], [ 77.705414000056066, 30.743545999848095 ], [ 77.734161000130143, 30.733452000209809 ], [ 77.754890000073544, 30.705841000361886 ], [ 77.747169000149313, 30.681004999880997 ], [ 77.792777999904729, 30.658880000311854 ], [ 77.782186035757036, 30.64693569592572 ], [ 77.776252143421686, 30.648287775360643 ], [ 77.780039015888121, 30.655035270861106 ], [ 77.76431343461752, 30.653700994405369 ], [ 77.737903210464822, 30.638672515424275 ], [ 77.682471600384133, 30.647956764593232 ], [ 77.676413508077019, 30.652427988760678 ], [ 77.689813623300154, 30.657363505021749 ], [ 77.679240556606544, 30.674234009591999 ], [ 77.684587775305829, 30.702312504918325 ], [ 77.672575402133248, 30.700693868227518 ], [ 77.662270578924108, 30.714628941572528 ], [ 77.649742387900972, 30.705535113954511 ], [ 77.626112341411499, 30.709978897108385 ], [ 77.591255413007048, 30.698417520452324 ], [ 77.593773115437045, 30.713879371935604 ], [ 77.604158216628491, 30.722440462757277 ] ] ] } },
{ "type": "Feature", "properties": { "pincode": "173028", "state": "Himachal Pradesh", "district": "Sirmaur", "officename": "Rajban", "officetype": "S.O" }, "geometry": { "type": "Polygon", "coordinates": [ [ [ 77.64825509629577, 30.501877035596692 ], [ 77.656405636710758, 30.519681444742957 ], [ 77.643014235019052, 30.52008611987867 ], [ 77.644855917066991, 30.527652137836071 ], [ 77.687935078940825, 30.530353056448575 ], [ 77.686345653129422, 30.520168734299773 ], [ 77.693887317445899, 30.519888187190134 ], [ 77.684381620115687, 30.514188736421204 ], [ 77.686651392947567, 30.508076251318073 ], [ 77.64825509629577, 30.501877035596692 ] ] ] } },
{ "type": "Feature", "properties": { "pincode": "173029", "state": "Himachal Pradesh", "district": "Sirmaur", "officename": "Sataun", "officetype": "S.O" }, "geometry": { "type": "Polygon", "coordinates": [ [ [ 77.525300688176287, 30.544915624556609 ], [ 77.520220978215718, 30.572383002673632 ], [ 77.539446580595325, 30.574190023950621 ], [ 77.553518967826278, 30.608694955008218 ], [ 77.562567236688608, 30.613007424553075 ], [ 77.565324063454796, 30.680355306252466 ], [ 77.540197298666499, 30.69633225343091 ], [ 77.533068919595109, 30.709998795508113 ], [ 77.56028015640419, 30.721759794678917 ], [ 77.555069850493396, 30.70494139682819 ], [ 77.574502341010373, 30.715699931606594 ], [ 77.588410402318345, 30.697013890079006 ], [ 77.626112341411499, 30.709978897108385 ], [ 77.649742387900972, 30.705535113954511 ], [ 77.662270578924108, 30.714628941572528 ], [ 77.672575402133248, 30.700693868227518 ], [ 77.684587775305829, 30.702312504918325 ], [ 77.679240556606544, 30.674234009591999 ], [ 77.689813623300154, 30.657363505021749 ], [ 77.676413508077019, 30.652427988760678 ], [ 77.737903210464822, 30.638672515424275 ], [ 77.780039015888121, 30.655035270861106 ], [ 77.776252143421686, 30.648287775360643 ], [ 77.788673000358756, 30.636232000006828 ], [ 77.784943000119426, 30.623585000447576 ], [ 77.795654000331865, 30.614444999836962 ], [ 77.770247999645562, 30.615422999971543 ], [ 77.768036000161317, 30.595836999677715 ], [ 77.75194500006188, 30.603208999695823 ], [ 77.743832273440717, 30.592827970634403 ], [ 77.72301236732693, 30.599359982277406 ], [ 77.689936591200933, 30.548251379097962 ], [ 77.690871786303944, 30.533433482669182 ], [ 77.676788514578448, 30.526983778778401 ], [ 77.666000434372563, 30.53453195778377 ], [ 77.643327404136528, 30.533734492952533 ], [ 77.641671470761935, 30.550492893432477 ], [ 77.620177785376484, 30.547461637644574 ], [ 77.6348276902458, 30.540969139514175 ], [ 77.624418497116096, 30.532599928943739 ], [ 77.59475323077703, 30.539014170767473 ], [ 77.60213428426988, 30.545702561923747 ], [ 77.613010332561032, 30.540588192091434 ], [ 77.611630923628354, 30.546295003811508 ], [ 77.575210860193238, 30.548683509636248 ], [ 77.59470566833204, 30.556551844591922 ], [ 77.595387638628836, 30.56543713921252 ], [ 77.554059823701948, 30.55734937597299 ], [ 77.566111224753399, 30.546239209871715 ], [ 77.558995749154633, 30.538616561605181 ], [ 77.525300688176287, 30.544915624556609 ] ] ] } },
{ "type": "Feature", "properties": { "pincode": "173030", "state": "Himachal Pradesh", "district": "Sirmaur", "officename": "Kala Amb", "officetype": "S.O" }, "geometry": { "type": "Polygon", "coordinates": [ [ [ 77.150687999951288, 30.534213999776284 ], [ 77.124625999590421, 30.562962999942727 ], [ 77.153053000195996, 30.578863000227273 ], [ 77.171787992721875, 30.601039668545923 ], [ 77.200164282355843, 30.608592358550538 ], [ 77.204178810104111, 30.618468260901693 ], [ 77.201644004367381, 30.624805778863674 ], [ 77.173070892707585, 30.62606887667738 ], [ 77.164494704966785, 30.686670287203981 ], [ 77.195651938486264, 30.695713840021881 ], [ 77.210995604663481, 30.714719668777832 ], [ 77.246347867060649, 30.715557947541413 ], [ 77.255950330543499, 30.708830899026907 ], [ 77.241617447487442, 30.686123776391184 ], [ 77.25378086809252, 30.676106807283475 ], [ 77.235439428786719, 30.656036671355537 ], [ 77.249361675101284, 30.652876540020429 ], [ 77.252218122468435, 30.644936918504129 ], [ 77.229684359445798, 30.627724645476121 ], [ 77.232122120239751, 30.617455143140489 ], [ 77.24263299971318, 30.61522325514909 ], [ 77.227707009271171, 30.604924344083429 ], [ 77.233329784741841, 30.592647687141209 ], [ 77.245217588321225, 30.595550390238429 ], [ 77.241761377685464, 30.575602877770677 ], [ 77.282039823179275, 30.549501825249024 ], [ 77.272909305020448, 30.54722719158184 ], [ 77.274311366076688, 30.538072363848642 ], [ 77.310241453680192, 30.515243311130007 ], [ 77.301996718273983, 30.486490929512911 ], [ 77.330085848083627, 30.466269667011659 ], [ 77.331475457126771, 30.4543042231615 ], [ 77.323760999770457, 30.449005000380566 ], [ 77.276641999628623, 30.462111999569117 ], [ 77.26487700027343, 30.479878999616176 ], [ 77.239829999954679, 30.484104000199522 ], [ 77.215644999817016, 30.475848999931429 ], [ 77.212752999551412, 30.50213199969221 ], [ 77.198456000344322, 30.521446000032938 ], [ 77.150687999951288, 30.534213999776284 ] ] ] } },
{ "type": "Feature", "properties": { "pincode": "173032", "state": "Himachal Pradesh", "district": "Sirmaur", "officename": "Haripurdhar", "officetype": "S.O" }, "geometry": { "type": "Polygon", "coordinates": [ [ [ 77.47151758576797, 30.757190863767335 ], [ 77.476502285951824, 30.772726036977076 ], [ 77.501366078182059, 30.792665976253886 ], [ 77.524307000267981, 30.782874999581622 ], [ 77.529587000040124, 30.795823999577976 ], [ 77.548591999621124, 30.797521999640651 ], [ 77.544861000235073, 30.773749999662925 ], [ 77.588429438268008, 30.776602258887294 ], [ 77.574152345554467, 30.774565233298915 ], [ 77.575606592470422, 30.759920665006803 ], [ 77.59634953010692, 30.743431332690022 ], [ 77.603928361604801, 30.721550788638012 ], [ 77.589656578488416, 30.69705016783098 ], [ 77.574502341010373, 30.715699931606594 ], [ 77.555069850493396, 30.70494139682819 ], [ 77.563889632200812, 30.725217817448367 ], [ 77.531511712895337, 30.729006460679727 ], [ 77.519753607742871, 30.747819906463519 ], [ 77.497609924758365, 30.756751133957835 ], [ 77.485408355810989, 30.743652494866922 ], [ 77.457773356655139, 30.742935954630696 ], [ 77.46185761783488, 30.759103040972718 ], [ 77.47151758576797, 30.757190863767335 ] ] ] } },
{ "type": "Feature", "properties": { "pincode": "173101", "state": "Himachal Pradesh", "district": "Sirmaur", "officename": "Rajgarh (Siramur)", "officetype": "S.O" }, "geometry": { "type": "Polygon", "coordinates": [ [ [ 77.209151464768468, 30.891298198952825 ], [ 77.217536999832873, 30.903829999854679 ], [ 77.234733999674404, 30.902310999952817 ], [ 77.261739852912001, 30.932447431903483 ], [ 77.269768624222706, 30.923053803590221 ], [ 77.291638284679209, 30.926535420973039 ], [ 77.322215364647434, 30.918373746051714 ], [ 77.338432351671827, 30.927084094655356 ], [ 77.353512908593984, 30.919636918509013 ], [ 77.361380493515128, 30.933348363736229 ], [ 77.380122215667825, 30.91865064461166 ], [ 77.37181170114934, 30.890088398560863 ], [ 77.396764702529197, 30.877380201035635 ], [ 77.434111179187767, 30.875576381345013 ], [ 77.453102505476409, 30.857987602645892 ], [ 77.425307848778232, 30.826555301585984 ], [ 77.403285567974649, 30.833148161358622 ], [ 77.377674693632287, 30.820270191616089 ], [ 77.377819056404519, 30.813954458831176 ], [ 77.351508970862483, 30.8168159019325 ], [ 77.360446551167513, 30.806481082735786 ], [ 77.348778073349592, 30.788204135612375 ], [ 77.353129367526265, 30.778339825522721 ], [ 77.319964208681483, 30.742708461226528 ], [ 77.313371426250399, 30.745984908177036 ], [ 77.314820596493405, 30.761721947709873 ], [ 77.302387826237236, 30.765970315377842 ], [ 77.276296962135291, 30.808703148331688 ], [ 77.262721229101544, 30.806854880548372 ], [ 77.242072275115447, 30.849468377963433 ], [ 77.231104179414444, 30.855605420853635 ], [ 77.232520301370812, 30.868454634773684 ], [ 77.224048684099671, 30.87871784275444 ], [ 77.212751681145221, 30.879019343168238 ], [ 77.209151464768468, 30.891298198952825 ] ] ] } },
{ "type": "Feature", "properties": { "pincode": "173104", "state": "Himachal Pradesh", "district": "Sirmaur", "officename": "Nohra", "officetype": "S.O" }, "geometry": { "type": "Polygon", "coordinates": [ [ [ 77.321372617152747, 30.742151250280131 ], [ 77.341707212218125, 30.772994685156675 ], [ 77.353129367526265, 30.778339825522721 ], [ 77.348778073349592, 30.788204135612375 ], [ 77.360446551167513, 30.806481082735786 ], [ 77.351508970862483, 30.8168159019325 ], [ 77.377819056404519, 30.813954458831176 ], [ 77.377674693632287, 30.820270191616089 ], [ 77.403285567974649, 30.833148161358622 ], [ 77.425307848778232, 30.826555301585984 ], [ 77.441400855265442, 30.838878682804932 ], [ 77.452882009697078, 30.862998671851358 ], [ 77.477416999894785, 30.864942999819675 ], [ 77.493042000088394, 30.840930999566126 ], [ 77.492957999812006, 30.794121000184191 ], [ 77.501366078182059, 30.792665976253886 ], [ 77.476502285951824, 30.772726036977076 ], [ 77.47151758576797, 30.757190863767335 ], [ 77.46185761783488, 30.759103040972718 ], [ 77.456237718396096, 30.731872922897139 ], [ 77.44531213634599, 30.725933627434983 ], [ 77.428356966900481, 30.732809229562235 ], [ 77.417069301607171, 30.709911106212644 ], [ 77.37912069286574, 30.686603149216012 ], [ 77.357691660641649, 30.7087183524701 ], [ 77.330163944310527, 30.721577453536725 ], [ 77.321372617152747, 30.742151250280131 ] ] ] } },
{ "type": "Feature", "properties": { "pincode": "173202", "state": "Himachal Pradesh", "district": "Solan", "officename": "Sanawar", "officetype": "S.O" }, "geometry": { "type": "Polygon", "coordinates": [ [ [ 76.980689469243714, 30.88469722279865 ], [ 76.98723127450387, 30.913576898055567 ], [ 76.991504988664417, 30.913373522670099 ], [ 77.005059483308628, 30.89871772544268 ], [ 77.003704034113923, 30.886179817244795 ], [ 76.995009853521935, 30.878476662568005 ], [ 76.980689469243714, 30.88469722279865 ] ] ] } },
{ "type": "Feature", "properties": { "pincode": "173205", "state": "Himachal Pradesh", "district": "Solan", "officename": "Baddi", "officetype": "S.O" }, "geometry": { "type": "Polygon", "coordinates": [ [ [ 76.726172999784183, 30.959904000169558 ], [ 76.754861552918385, 30.95802122449993 ], [ 76.786491818143134, 30.972792718609071 ], [ 76.858262442457885, 31.022437679655184 ], [ 76.87350721198834, 30.995747020808381 ], [ 76.890442440766094, 30.996566467768275 ], [ 76.883477145653842, 30.99124006477723 ], [ 76.889657138366431, 30.989157305065703 ], [ 76.887062223742817, 30.976182734645533 ], [ 76.877024003654981, 30.975568149650371 ], [ 76.870339392349024, 30.962562897959515 ], [ 76.877684115029922, 30.95370714966532 ], [ 76.874133400036442, 30.935989072737584 ], [ 76.847658309583323, 30.933666695861518 ], [ 76.827933999854338, 30.9176519996401 ], [ 76.823769000239281, 30.926703999789936 ], [ 76.783370999771932, 30.902755999789633 ], [ 76.762153999807367, 30.925570999702018 ], [ 76.739563000332339, 30.935773999870321 ], [ 76.726172999784183, 30.959904000169558 ] ] ] } },
{ "type": "Feature", "properties": { "pincode": "173206", "state": "Himachal Pradesh", "district": "Solan", "officename": "Subathu", "officetype": "S.O" }, "geometry": { "type": "Polygon", "coordinates": [ [ [ 76.949306247785159, 31.025889773194535 ], [ 76.947530285494338, 31.054448209717179 ], [ 76.996922767271826, 31.056489119477305 ], [ 77.03923703056455, 31.033462515382894 ], [ 77.050151220002988, 30.999841794163615 ], [ 77.02731047070165, 30.98613911193047 ], [ 77.031340348978063, 30.98205364026353 ], [ 77.001736980277485, 30.952034446632524 ], [ 76.993384563646828, 30.96229516079319 ], [ 76.991394579796065, 30.962180140201383 ], [ 76.989268479956422, 30.960418107509724 ], [ 76.984317230056206, 30.957555660765195 ], [ 76.983295026444466, 30.957493547289403 ], [ 76.989381831406433, 30.962517944447825 ], [ 76.965163392676573, 31.014271466754792 ], [ 76.949306247785159, 31.025889773194535 ] ] ] } },
{ "type": "Feature", "properties": { "pincode": "173207", "state": "Himachal Pradesh", "district": "Solan", "officename": "Kunihar", "officetype": "S.O" }, "geometry": { "type": "Polygon", "coordinates": [ [ [ 76.998475739963624, 31.055681182041099 ], [ 76.952591875914379, 31.053619720973472 ], [ 76.939975957824288, 31.073910799643727 ], [ 76.992721266873048, 31.113595141302937 ], [ 77.000068999584755, 31.105380999933175 ], [ 77.046699999705368, 31.116059999569416 ], [ 77.056053000245811, 31.10394100007727 ], [ 77.026824999574217, 31.091793000146822 ], [ 77.02788499989299, 31.081715000347174 ], [ 77.039176999918709, 31.068338000398569 ], [ 77.058516999659787, 31.090049999807775 ], [ 77.07351699980984, 31.08716800000343 ], [ 77.086670000220408, 31.065843999601043 ], [ 77.058065164076083, 31.044651382055747 ], [ 77.021794922297886, 31.05324390688088 ], [ 77.004108205629223, 31.065646451822374 ], [ 76.998475739963624, 31.055681182041099 ] ] ] } },
{ "type": "Feature", "properties": { "pincode": "173209", "state": "Himachal Pradesh", "district": "Solan", "officename": "Dharampur (Solan)", "officetype": "S.O" }, "geometry": { "type": "Polygon", "coordinates": [ [ [ 76.995009853521935, 30.878476662568005 ], [ 77.005652492668446, 30.892109909045189 ], [ 77.000400126364809, 30.906935137646542 ], [ 76.974466776720533, 30.928894295035718 ], [ 76.948203437938389, 30.931172067337172 ], [ 76.971348563685353, 30.965263274280801 ], [ 76.983556802004841, 30.957396426803712 ], [ 76.994881146148145, 30.96160418468537 ], [ 77.024889456183587, 30.926462324077079 ], [ 77.05740959697539, 30.913677638312436 ], [ 77.03453557455731, 30.892579492749576 ], [ 77.054670608262029, 30.877115912769341 ], [ 77.057172374705431, 30.865712532607404 ], [ 76.995009853521935, 30.878476662568005 ] ] ] } },
{ "type": "Feature", "properties": { "pincode": "173210", "state": "Himachal Pradesh", "district": "Solan", "officename": "Dagshai", "officetype": "S.O" }, "geometry": { "type": "Polygon", "coordinates": [ [ [ 77.076318348413224, 30.837975385755499 ], [ 77.054670608262029, 30.877115912769341 ], [ 77.034749404561524, 30.891765760981173 ], [ 77.05687611464117, 30.909543154493122 ], [ 77.090551910342469, 30.868122361357962 ], [ 77.076318348413224, 30.837975385755499 ] ] ] } },
{ "type": "Feature", "properties": { "pincode": "173211", "state": "Himachal Pradesh", "district": "Solan", "officename": "Saproon", "officetype": "S.O" }, "geometry": { "type": "Polygon", "coordinates": [ [ [ 77.069560766116638, 30.972913100959033 ], [ 77.079869320612715, 30.931156891277624 ], [ 77.061177026998223, 30.920755533940792 ], [ 77.024889456183587, 30.926462324077079 ], [ 77.001736980277485, 30.952034446632524 ], [ 77.031340348978063, 30.98205364026353 ], [ 77.04591137161259, 30.968749554648298 ], [ 77.069560766116638, 30.972913100959033 ] ] ] } },
{ "type": "Feature", "properties": { "pincode": "173212", "state": "Himachal Pradesh", "district": "Solan", "officename": "Solan", "officetype": "H.O" }, "geometry": { "type": "Polygon", "coordinates": [ [ [ 77.107757017572226, 30.936282197765308 ], [ 77.111077399102669, 30.922882240822844 ], [ 77.130351300472171, 30.908070233154831 ], [ 77.126464417099328, 30.896084078817296 ], [ 77.142078875439836, 30.893067746379415 ], [ 77.159053302068401, 30.918402881388033 ], [ 77.214629999774786, 30.876322000260075 ], [ 77.179985000207637, 30.862115999853643 ], [ 77.177200000379912, 30.846005999777105 ], [ 77.166422327128771, 30.844891622850184 ], [ 77.155472000232692, 30.856621000059079 ], [ 77.119224999634184, 30.853549999632833 ], [ 77.104896999896766, 30.834495999590899 ], [ 77.088173000283859, 30.828608999705637 ], [ 77.076318348413224, 30.837975385755499 ], [ 77.090551910342469, 30.868122361357962 ], [ 77.087698049425512, 30.876113171385896 ], [ 77.074380032412705, 30.883723467464165 ], [ 77.05267494609194, 30.919812677513164 ], [ 77.107757017572226, 30.936282197765308 ] ] ] } },
{ "type": "Feature", "properties": { "pincode": "173213", "state": "Himachal Pradesh", "district": "Solan", "officename": "Chambaghat", "officetype": "S.O" }, "geometry": { "type": "Polygon", "coordinates": [ [ [ 77.079869320612715, 30.931156891277624 ], [ 77.075742649204017, 30.961347612602367 ], [ 77.111292371246066, 30.937259080042566 ], [ 77.097807893319782, 30.933267311437305 ], [ 77.079869320612715, 30.931156891277624 ] ] ] } },
{ "type": "Feature", "properties": { "pincode": "173214", "state": "Himachal Pradesh", "district": "Solan", "officename": "Solan Brewery", "officetype": "S.O" }, "geometry": { "type": "Polygon", "coordinates": [ [ [ 77.159053302068401, 30.918402881388033 ], [ 77.142078875439836, 30.893067746379415 ], [ 77.129021494546521, 30.895132322698601 ], [ 77.130351300472171, 30.908070233154831 ], [ 77.111077399102669, 30.922882240822844 ], [ 77.107757017572226, 30.936282197765308 ], [ 77.117018388887629, 30.937276167161315 ], [ 77.12658768357494, 30.951561388847097 ], [ 77.159053302068401, 30.918402881388033 ] ] ] } },
{ "type": "Feature", "properties": { "pincode": "173215", "state": "Himachal Pradesh", "district": "Solan", "officename": "Kandaghat", "officetype": "S.O" }, "geometry": { "type": "Polygon", "coordinates": [ [ [ 77.113602000232277, 31.030568999759737 ], [ 77.144774999766469, 31.020882000004292 ], [ 77.148887999681563, 31.008499000029019 ], [ 77.186408999675621, 31.009087000165096 ], [ 77.208579999567462, 30.991066000095998 ], [ 77.205245999603335, 30.977136999872698 ], [ 77.191288474683518, 30.981435128828196 ], [ 77.178257153444918, 30.963993207620604 ], [ 77.153597885933777, 30.961186462185594 ], [ 77.136096065381309, 30.947857040869906 ], [ 77.122412428091195, 30.950271734952821 ], [ 77.116496103112809, 30.937009269062685 ], [ 77.097726167428846, 30.941203989472626 ], [ 77.07063503957562, 30.972312988753629 ], [ 77.092704538383828, 30.972501232146215 ], [ 77.121162797625232, 31.005484050748407 ], [ 77.123347535960193, 31.015764147097684 ], [ 77.113602000232277, 31.030568999759737 ] ] ] } },
{ "type": "Feature", "properties": { "pincode": "173217", "state": "Himachal Pradesh", "district": "Solan", "officename": "Chail (Solan)", "officetype": "S.O" }, "geometry": { "type": "Polygon", "coordinates": [ [ [ 77.136096065381309, 30.947857040869906 ], [ 77.153597885933777, 30.961186462185594 ], [ 77.178257153444918, 30.963993207620604 ], [ 77.191288474683518, 30.981435128828196 ], [ 77.206695999920498, 30.966937999888785 ], [ 77.252022000115403, 30.947648999801629 ], [ 77.240546999744367, 30.939724000362332 ], [ 77.246222999791769, 30.91876399965895 ], [ 77.234733999674404, 30.902310999952817 ], [ 77.217536999832873, 30.903829999854679 ], [ 77.203823920537673, 30.886817899726225 ], [ 77.152490284499208, 30.921528412206499 ], [ 77.136096065381309, 30.947857040869906 ] ] ] } },
{ "type": "Feature", "properties": { "pincode": "173218", "state": "Himachal Pradesh", "district": "Solan", "officename": "Diggal", "officetype": "S.O" }, "geometry": { "type": "Polygon", "coordinates": [ [ [ 76.863346504237825, 31.131402281690043 ], [ 76.916762229093706, 31.079852408162139 ], [ 76.943568558742186, 31.071699968378994 ], [ 76.952273707465679, 31.059264041502445 ], [ 76.949166661312518, 31.045015495069038 ], [ 76.907274092825219, 31.040452413248374 ], [ 76.899979394933268, 31.053531840122389 ], [ 76.875475667867931, 31.048393546525062 ], [ 76.87616352962317, 31.061502847978147 ], [ 76.862324762877677, 31.069696854426411 ], [ 76.867059077414524, 31.076980416013328 ], [ 76.858318803869793, 31.081714731449722 ], [ 76.86305311840681, 31.093550519141161 ], [ 76.853766577765441, 31.112123601323276 ], [ 76.863346504237825, 31.131402281690043 ] ] ] } },
{ "type": "Feature", "properties": { "pincode": "173220", "state": "Himachal Pradesh", "district": "Solan", "officename": "Parwanoo", "officetype": "S.O" }, "geometry": { "type": "Polygon", "coordinates": [ [ [ 77.081322000010289, 30.790319000221871 ], [ 77.031677000293428, 30.758887999581646 ], [ 77.028687000005164, 30.747765000154686 ], [ 77.018096999976649, 30.748437999714099 ], [ 77.017875999677699, 30.762305999822161 ], [ 77.00204499987683, 30.773045999573412 ], [ 77.013481000248078, 30.784996000265323 ], [ 77.011458999633305, 30.810289000237276 ], [ 77.001944999761974, 30.811012000303663 ], [ 76.992538000328523, 30.794810999628112 ], [ 76.967215999918608, 30.80725899990307 ], [ 76.956322000260343, 30.825273999695469 ], [ 76.940994000273008, 30.833454000102108 ], [ 76.934896835120867, 30.868422488507235 ], [ 76.980689469243714, 30.88469722279865 ], [ 77.0639878967242, 30.863469011885456 ], [ 77.069707214416553, 30.843198857741129 ], [ 77.088173000283859, 30.828608999705637 ], [ 77.088080999638521, 30.814742999689713 ], [ 77.081322000010289, 30.790319000221871 ] ] ] } },
{ "type": "Feature", "properties": { "pincode": "173221", "state": "Himachal Pradesh", "district": "Solan", "officename": "Domehar", "officetype": "S.O" }, "geometry": { "type": "Polygon", "coordinates": [ [ [ 76.98524117823797, 31.104715957575422 ], [ 76.939975957824288, 31.073910799643727 ], [ 76.916762229093706, 31.079852408162139 ], [ 76.855198772405458, 31.143367527689406 ], [ 76.846698212252818, 31.185489405311898 ], [ 76.822077479792028, 31.226991168907375 ], [ 76.844718999582255, 31.229733000377678 ], [ 76.87390900030033, 31.2185210004439 ], [ 76.879334459118184, 31.207005587238143 ], [ 76.908675857105152, 31.189470194993589 ], [ 76.937670020555231, 31.184782515700647 ], [ 76.93163687724018, 31.148306022504983 ], [ 76.98524117823797, 31.104715957575422 ] ] ] } },
{ "type": "Feature", "properties": { "pincode": "173222", "state": "Himachal Pradesh", "district": "Solan", "officename": "Mamlig", "officetype": "S.O" }, "geometry": { "type": "Polygon", "coordinates": [ [ [ 77.051670911483427, 31.04479850035068 ], [ 77.073509000340323, 31.047234000248977 ], [ 77.067548245255409, 31.037555755393839 ], [ 77.044882300777658, 31.021293821153051 ], [ 77.03923703056455, 31.033462515382894 ], [ 76.998475739963624, 31.055681182041099 ], [ 77.004108205629223, 31.065646451822374 ], [ 77.051670911483427, 31.04479850035068 ] ] ] } },
{ "type": "Feature", "properties": { "pincode": "173223", "state": "Himachal Pradesh", "district": "Sirmaur", "officename": "Oachghat", "officetype": "S.O" }, "geometry": { "type": "Polygon", "coordinates": [ [ [ 77.261739852912001, 30.932447431903483 ], [ 77.265609999901585, 30.940735000220229 ], [ 77.295127999557678, 30.951545999648204 ], [ 77.301742999739758, 30.968106999838255 ], [ 77.320968999619765, 30.975859000292758 ], [ 77.345462604815395, 31.003645520824193 ], [ 77.355139875704879, 30.974159976801616 ], [ 77.374220706120866, 30.969446932130268 ], [ 77.364593588623336, 30.9580116287338 ], [ 77.349816946794817, 30.957047570788859 ], [ 77.369822866631978, 30.9540483659394 ], [ 77.370999519812244, 30.947948503720511 ], [ 77.385029808878585, 30.954382884962229 ], [ 77.383058560604127, 30.943576097958612 ], [ 77.398081150824623, 30.940890769093926 ], [ 77.394909166425009, 30.930983026245769 ], [ 77.410438455370468, 30.929381512646842 ], [ 77.424828000212187, 30.913467000002242 ], [ 77.435988999592723, 30.878810999927794 ], [ 77.419553703041061, 30.87344907371579 ], [ 77.384247713461377, 30.880477424793412 ], [ 77.37181170114934, 30.890088398560863 ], [ 77.380122215667825, 30.91865064461166 ], [ 77.361380493515128, 30.933348363736229 ], [ 77.353512908593984, 30.919636918509013 ], [ 77.338432351671827, 30.927084094655356 ], [ 77.322215364647434, 30.918373746051714 ], [ 77.291638284679209, 30.926535420973039 ], [ 77.269768624222706, 30.923053803590221 ], [ 77.261739852912001, 30.932447431903483 ] ] ] } },
{ "type": "Feature", "properties": { "pincode": "173225", "state": "Himachal Pradesh", "district": "Solan", "officename": "Jubbar", "officetype": "S.O" }, "geometry": { "type": "Polygon", "coordinates": [ [ [ 76.868861913246803, 31.009986322211034 ], [ 76.854296453818336, 31.038861830908786 ], [ 76.869364908563625, 31.053462305441087 ], [ 76.885976562168651, 31.046925504908245 ], [ 76.899979394933268, 31.053531840122389 ], [ 76.906731142428214, 31.024706838250097 ], [ 76.868861913246803, 31.009986322211034 ] ] ] } },
{ "type": "Feature", "properties": { "pincode": "173229", "state": "Himachal Pradesh", "district": "Sirmaur", "officename": "Kumarhatti", "officetype": "S.O" }, "geometry": { "type": "Polygon", "coordinates": [ [ [ 77.079818057457373, 30.789025277794394 ], [ 77.088173000283859, 30.828608999705637 ], [ 77.104896999896766, 30.834495999590899 ], [ 77.119224999634184, 30.853549999632833 ], [ 77.155472000232692, 30.856621000059079 ], [ 77.172597749486613, 30.839857782810441 ], [ 77.171318677015392, 30.807798580540123 ], [ 77.158037971075601, 30.797144889625088 ], [ 77.155340566114376, 30.782122886662137 ], [ 77.132902458581839, 30.779313056552382 ], [ 77.11513021458785, 30.789703416979194 ], [ 77.106481312162828, 30.781219727208736 ], [ 77.079818057457373, 30.789025277794394 ] ] ] } },
{ "type": "Feature", "properties": { "pincode": "173230", "state": "Himachal Pradesh", "district": "Solan", "officename": "Nauni", "officetype": "S.O" }, "geometry": { "type": "Polygon", "coordinates": [ [ [ 76.960453388613189, 31.217876111893133 ], [ 76.958324832724998, 31.24830447457191 ], [ 77.006854710876269, 31.244654612920101 ], [ 77.004775999912567, 31.23714400039529 ], [ 77.020026999946083, 31.218507999844348 ], [ 77.005157000395286, 31.203089000157377 ], [ 77.004073999915249, 31.187897000146506 ], [ 76.98932376937654, 31.191882924057779 ], [ 76.98014029284036, 31.210829353491988 ], [ 76.960453388613189, 31.217876111893133 ] ] ] } },
{ "type": "Feature", "properties": { "pincode": "173234", "state": "Himachal Pradesh", "district": "Solan", "officename": "Waknaghat", "officetype": "S.O" }, "geometry": { "type": "Polygon", "coordinates": [ [ [ 77.092704538383828, 30.972501232146215 ], [ 77.04591137161259, 30.968749554648298 ], [ 77.02731047070165, 30.98613911193047 ], [ 77.050151220002988, 30.999841794163615 ], [ 77.044882300777658, 31.021293821153051 ], [ 77.073509000340323, 31.047234000248977 ], [ 77.113602000232277, 31.030568999759737 ], [ 77.123830684138909, 31.011785774793736 ], [ 77.092704538383828, 30.972501232146215 ] ] ] } },
{ "type": "Feature", "properties": { "pincode": "173235", "state": "Himachal Pradesh", "district": "Solan", "officename": "Dhundan", "officetype": "S.O" }, "geometry": { "type": "Polygon", "coordinates": [ [ [ 76.889938000238715, 31.266126999661424 ], [ 76.922578820156559, 31.19192325865157 ], [ 76.947218996859306, 31.187734017810783 ], [ 76.962258987162613, 31.198436229848255 ], [ 76.971848287268756, 31.195141064408688 ], [ 76.974148293508961, 31.164719832454409 ], [ 76.961139924767849, 31.149595427287181 ], [ 76.951541329268991, 31.151383748960882 ], [ 76.939587593692693, 31.141592085206582 ], [ 76.931106829416763, 31.154666595487242 ], [ 76.937670020555231, 31.184782515700647 ], [ 76.914231624989668, 31.18703954603842 ], [ 76.879334459118184, 31.207005587238143 ], [ 76.87390900030033, 31.2185210004439 ], [ 76.883513999871298, 31.223851999870135 ], [ 76.867020000072955, 31.246337999899026 ], [ 76.871918000215715, 31.256918000365545 ], [ 76.889938000238715, 31.266126999661424 ] ] ] } },
{ "type": "Feature", "properties": { "pincode": "173236", "state": "Himachal Pradesh", "district": "Solan", "officename": "Kuthar", "officetype": "S.O" }, "geometry": { "type": "Polygon", "coordinates": [ [ [ 76.888359681054567, 30.982192009054074 ], [ 76.883477145653842, 30.99124006477723 ], [ 76.890442440766094, 30.996566467768275 ], [ 76.87350721198834, 30.995747020808381 ], [ 76.868861913246803, 31.009986322211034 ], [ 76.902659010404989, 31.021584870545439 ], [ 76.911842759435785, 31.042847806081625 ], [ 76.940940858433976, 31.045356385788637 ], [ 76.951149239245979, 31.023264942622973 ], [ 76.965163392676573, 31.014271466754792 ], [ 76.989354831959986, 30.962061379329327 ], [ 76.983128019642493, 30.957473014867787 ], [ 76.969278934075646, 30.964398305437555 ], [ 76.968520536693575, 30.952869960880037 ], [ 76.950144516656223, 30.942248560123062 ], [ 76.948203437938389, 30.931172067337172 ], [ 76.932220799850143, 30.930752431079839 ], [ 76.921972434280462, 30.946060115382238 ], [ 76.877684115029922, 30.95370714966532 ], [ 76.870339392349024, 30.962562897959515 ], [ 76.888359681054567, 30.982192009054074 ] ] ] } },
{ "type": "Feature", "properties": { "pincode": "174001", "state": "Himachal Pradesh", "district": "Bilaspur", "officename": "Bilaspur (Bilaspur- HP)", "officetype": "H.O" }, "geometry": { "type": "Polygon", "coordinates": [ [ [ 76.874225939375833, 31.359614443751525 ], [ 76.880368564357809, 31.327342824312041 ], [ 76.83308676084539, 31.327214333674704 ], [ 76.817692688566808, 31.335347389470485 ], [ 76.813875802126631, 31.323158679929236 ], [ 76.802386928813689, 31.320899974154486 ], [ 76.799253292405524, 31.289641287215716 ], [ 76.80596903374402, 31.276366191246893 ], [ 76.817953338176096, 31.276239684513996 ], [ 76.809522093270118, 31.257038909717892 ], [ 76.813214711390003, 31.244498941173276 ], [ 76.83629815533584, 31.230898208785334 ], [ 76.831261000394818, 31.226221000298835 ], [ 76.807944999861888, 31.230434000328955 ], [ 76.779053000295733, 31.220467000251915 ], [ 76.787824102600325, 31.228633509029407 ], [ 76.778167607848957, 31.241434067827981 ], [ 76.763932259866067, 31.239266556906102 ], [ 76.749888900952101, 31.260655759056192 ], [ 76.736583183966786, 31.271267407564892 ], [ 76.729895632777357, 31.267989467739881 ], [ 76.71616491777678, 31.285870885832935 ], [ 76.728842544647932, 31.284835003532635 ], [ 76.746690205788411, 31.308061739157949 ], [ 76.760195584858423, 31.296215111038578 ], [ 76.765414267954213, 31.302552116387176 ], [ 76.769380285371994, 31.323004468681404 ], [ 76.753852982129501, 31.320748666817678 ], [ 76.747994609463774, 31.348264548969837 ], [ 76.75524676042977, 31.374495605687684 ], [ 76.764877009366728, 31.378034758997103 ], [ 76.762987990603278, 31.387755658696733 ], [ 76.779281213157503, 31.399400559888136 ], [ 76.777627644100733, 31.409529095291589 ], [ 76.797998363134127, 31.405891134368517 ], [ 76.808566127424967, 31.39267624621192 ], [ 76.81817861115411, 31.392044523735819 ], [ 76.824463576333017, 31.404204422596081 ], [ 76.82374627437116, 31.38544433898511 ], [ 76.848599049007134, 31.386758340225356 ], [ 76.854978023916829, 31.364077114467364 ], [ 76.874225939375833, 31.359614443751525 ] ] ] } },
{ "type": "Feature", "properties": { "pincode": "174002", "state": "Himachal Pradesh", "district": "Bilaspur", "officename": "Bassi Kehloor", "officetype": "S.O" }, "geometry": { "type": "Polygon", "coordinates": [ [ [ 76.436789366735979, 31.359146146077819 ], [ 76.43232021280761, 31.369988551630399 ], [ 76.457635935050405, 31.375974875340432 ], [ 76.497449416657389, 31.329214300000046 ], [ 76.517048426543681, 31.341928747813597 ], [ 76.523738829483591, 31.32488107320313 ], [ 76.518836668177926, 31.295836720388422 ], [ 76.511186966505477, 31.297487265025381 ], [ 76.498195369221094, 31.279405712703635 ], [ 76.480751000058774, 31.307383000125526 ], [ 76.445129000403142, 31.280057999976748 ], [ 76.442474000275126, 31.286450999813781 ], [ 76.462303000083466, 31.303190000118434 ], [ 76.416962855351471, 31.358402950835625 ], [ 76.436789366735979, 31.359146146077819 ] ] ] } },
{ "type": "Feature", "properties": { "pincode": "174003", "state": "Himachal Pradesh", "district": "Bilaspur", "officename": "Harlog", "officetype": "S.O" }, "geometry": { "type": "Polygon", "coordinates": [ [ [ 76.739419537781544, 31.469313166869256 ], [ 76.748435737719319, 31.509638332143425 ], [ 76.762901458735541, 31.509653414673494 ], [ 76.788922642465934, 31.493613799137677 ], [ 76.78592699983119, 31.484096999676979 ], [ 76.798011999554262, 31.47616599996104 ], [ 76.802513000274871, 31.456742999989615 ], [ 76.797188000226129, 31.445640999732348 ], [ 76.805816999754938, 31.432944999711992 ], [ 76.798727022634125, 31.419072615408879 ], [ 76.804197197542749, 31.405668978440701 ], [ 76.784127470806197, 31.408861453893223 ], [ 76.78636876300817, 31.414849030358425 ], [ 76.780797855037179, 31.418057605474246 ], [ 76.762563019567835, 31.41493077423587 ], [ 76.759942659526189, 31.429434443045295 ], [ 76.745372788023815, 31.434100199564568 ], [ 76.739419537781544, 31.469313166869256 ] ] ] } },
{ "type": "Feature", "properties": { "pincode": "174004", "state": "Himachal Pradesh", "district": "Bilaspur", "officename": "Kandraur", "officetype": "S.O" }, "geometry": { "type": "Polygon", "coordinates": [ [ [ 76.72245319965549, 31.364359731816251 ], [ 76.747954001476046, 31.401387169482291 ], [ 76.731275573209302, 31.423962627773165 ], [ 76.741911117603991, 31.442543733706486 ], [ 76.763319918679429, 31.425420937826118 ], [ 76.762563019567835, 31.41493077423587 ], [ 76.785308672757026, 31.416842095286484 ], [ 76.779281213157503, 31.399400559888136 ], [ 76.770657086155666, 31.398330598678172 ], [ 76.771726451114887, 31.388337452611438 ], [ 76.762987990603278, 31.387755658696733 ], [ 76.764877009366728, 31.378034758997103 ], [ 76.754110823156111, 31.372417675335612 ], [ 76.747994609463774, 31.348264548969837 ], [ 76.72245319965549, 31.364359731816251 ] ] ] } },
{ "type": "Feature", "properties": { "pincode": "174005", "state": "Himachal Pradesh", "district": "Bilaspur", "officename": "Raghunath Pura", "officetype": "S.O" }, "geometry": { "type": "Polygon", "coordinates": [ [ [ 76.746690205788411, 31.308061739157949 ], [ 76.745256433737609, 31.331405049403486 ], [ 76.754513144765895, 31.337199406527532 ], [ 76.753852982129501, 31.320748666817678 ], [ 76.770815088045993, 31.318285144044182 ], [ 76.760195584858423, 31.296215111038578 ], [ 76.746690205788411, 31.308061739157949 ] ] ] } },
{ "type": "Feature", "properties": { "pincode": "174011", "state": "Himachal Pradesh", "district": "Bilaspur", "officename": "Swarghat", "officetype": "S.O" }, "geometry": { "type": "Polygon", "coordinates": [ [ [ 76.654908011195801, 31.234629723483124 ], [ 76.659482141187937, 31.250295602360268 ], [ 76.677826684054367, 31.252414428483178 ], [ 76.691910470192227, 31.267816433681503 ], [ 76.697962010938227, 31.27874381257692 ], [ 76.690819669891994, 31.29920630472742 ], [ 76.70888150367864, 31.301103461455682 ], [ 76.722704972056988, 31.289932787168425 ], [ 76.71616491777678, 31.285870885832935 ], [ 76.729895632777357, 31.267989467739881 ], [ 76.736583183966786, 31.271267407564892 ], [ 76.763932259866067, 31.239266556906102 ], [ 76.775104976513546, 31.243884583706688 ], [ 76.787824102600325, 31.228633509029407 ], [ 76.777094209430231, 31.223622590909883 ], [ 76.732620000312806, 31.240193999853432 ], [ 76.694091999746036, 31.217044999827067 ], [ 76.665469214033237, 31.212701369672629 ], [ 76.654908011195801, 31.234629723483124 ] ] ] } },
{ "type": "Feature", "properties": { "pincode": "174012", "state": "Himachal Pradesh", "district": "Bilaspur", "officename": "Panjgain", "officetype": "S.O" }, "geometry": { "type": "Polygon", "coordinates": [ [ [ 76.822440874246979, 31.386755014532412 ], [ 76.83273016886244, 31.404678433662752 ], [ 76.853694623008607, 31.400241280310979 ], [ 76.872109683515134, 31.384885852799982 ], [ 76.865180999803385, 31.381081000187976 ], [ 76.874225939375833, 31.359614443751525 ], [ 76.854978023916829, 31.364077114467364 ], [ 76.848599049007134, 31.386758340225356 ], [ 76.822440874246979, 31.386755014532412 ] ] ] } },
{ "type": "Feature", "properties": { "pincode": "174013", "state": "Himachal Pradesh", "district": "Bilaspur", "officename": "Barmana", "officetype": "S.O" }, "geometry": { "type": "Polygon", "coordinates": [ [ [ 76.812012000353661, 31.423739999701411 ], [ 76.858036111877141, 31.413183597445084 ], [ 76.860384602367731, 31.404637345437322 ], [ 76.822722901640589, 31.403939043452226 ], [ 76.81817861115411, 31.392044523735819 ], [ 76.808566127424967, 31.39267624621192 ], [ 76.800378946831017, 31.398629834599376 ], [ 76.798727022634125, 31.419072615408879 ], [ 76.812012000353661, 31.423739999701411 ] ] ] } },
{ "type": "Feature", "properties": { "pincode": "174017", "state": "Himachal Pradesh", "district": "Bilaspur", "officename": "Jejwin", "officetype": "S.O" }, "geometry": { "type": "Polygon", "coordinates": [ [ [ 76.59539412383981, 31.309415426580756 ], [ 76.623758843695725, 31.315684491746026 ], [ 76.633613656045497, 31.338000969569237 ], [ 76.650293118532772, 31.344145081130648 ], [ 76.697962010938227, 31.27874381257692 ], [ 76.677826684054367, 31.252414428483178 ], [ 76.650655689208691, 31.251176989226678 ], [ 76.629372009011036, 31.267211137783818 ], [ 76.615085593025867, 31.264396277766025 ], [ 76.614558843016368, 31.289399390269693 ], [ 76.59219740448674, 31.287835861336134 ], [ 76.59539412383981, 31.309415426580756 ] ] ] } },
{ "type": "Feature", "properties": { "pincode": "174021", "state": "Himachal Pradesh", "district": "Bilaspur", "officename": "Ghumarwin", "officetype": "S.O" }, "geometry": { "type": "Polygon", "coordinates": [ [ [ 76.650786250984822, 31.481790614545218 ], [ 76.674512670623415, 31.479230186224299 ], [ 76.677018019965772, 31.487729255301076 ], [ 76.703076965329842, 31.497505843719921 ], [ 76.713554413405575, 31.49378978926751 ], [ 76.726639614826468, 31.504851364099238 ], [ 76.738995797018333, 31.498390641714821 ], [ 76.745952865132836, 31.47784796691019 ], [ 76.736747566547081, 31.468332806014189 ], [ 76.741820509109232, 31.441753462552356 ], [ 76.731275573209302, 31.423962627773165 ], [ 76.747954001476046, 31.401387169482291 ], [ 76.742867457567115, 31.38774041968469 ], [ 76.72649707048339, 31.401870153984476 ], [ 76.717664868239126, 31.382075348198839 ], [ 76.708296957838456, 31.382961617484682 ], [ 76.666097929176146, 31.402438643328935 ], [ 76.675705337131717, 31.412624562673557 ], [ 76.675991530184945, 31.447968739265946 ], [ 76.664926724988447, 31.456351643813377 ], [ 76.662907438527554, 31.473956452028688 ], [ 76.650786250984822, 31.481790614545218 ] ] ] } },
{ "type": "Feature", "properties": { "pincode": "174023", "state": "Himachal Pradesh", "district": "Bilaspur", "officename": "Dadhol", "officetype": "S.O" }, "geometry": { "type": "Polygon", "coordinates": [ [ [ 76.608459993434053, 31.48611207191459 ], [ 76.620023041030606, 31.524064397554127 ], [ 76.628540579484195, 31.530298904470897 ], [ 76.653459439001892, 31.521785067626865 ], [ 76.660807137539507, 31.525359103839605 ], [ 76.673084298101969, 31.523124056530037 ], [ 76.67478109127444, 31.520601062489163 ], [ 76.66747338558838, 31.506499487761175 ], [ 76.674512670623415, 31.479230186224299 ], [ 76.667113830339133, 31.485195255356814 ], [ 76.625407779445595, 31.483610114814951 ], [ 76.612111977485938, 31.46709104911281 ], [ 76.608459993434053, 31.48611207191459 ] ] ] } },
{ "type": "Feature", "properties": { "pincode": "174024", "state": "Himachal Pradesh", "district": "Bilaspur", "officename": "Auhar", "officetype": "S.O" }, "geometry": { "type": "Polygon", "coordinates": [ [ [ 76.712417474287236, 31.364407531682389 ], [ 76.726533743037976, 31.394276233661287 ], [ 76.723341367410285, 31.400570196557396 ], [ 76.736510005232617, 31.396924979903929 ], [ 76.739576556712905, 31.387605853227683 ], [ 76.726036182324094, 31.365397635792363 ], [ 76.712417474287236, 31.364407531682389 ] ] ] } },
{ "type": "Feature", "properties": { "pincode": "174026", "state": "Himachal Pradesh", "district": "Bilaspur", "officename": "Kuthera BLP", "officetype": "S.O" }, "geometry": { "type": "Polygon", "coordinates": [ [ [ 76.691393777301073, 31.514868205503433 ], [ 76.706989028820772, 31.548987564824358 ], [ 76.729285137898898, 31.566887530535269 ], [ 76.739722999616788, 31.525010999658036 ], [ 76.732834000289131, 31.519899000438727 ], [ 76.767104999696016, 31.520090000253276 ], [ 76.789222999841741, 31.49456799961348 ], [ 76.762901458735541, 31.509653414673494 ], [ 76.748435737719319, 31.509638332143425 ], [ 76.741301305311083, 31.500388920012824 ], [ 76.74519813788379, 31.487933998555434 ], [ 76.731424780629254, 31.504336021990014 ], [ 76.708078493627681, 31.492417472388524 ], [ 76.696213789135186, 31.495426474452415 ], [ 76.691393777301073, 31.514868205503433 ] ] ] } },
{ "type": "Feature", "properties": { "pincode": "174027", "state": "Himachal Pradesh", "district": "Bilaspur", "officename": "Lehri Sarail", "officetype": "S.O" }, "geometry": { "type": "Polygon", "coordinates": [ [ [ 76.620023041030606, 31.524064397554127 ], [ 76.622063000207334, 31.573486000278876 ], [ 76.644675999797641, 31.587325999995073 ], [ 76.65944604330042, 31.583727449162495 ], [ 76.652837415714259, 31.56102107746085 ], [ 76.697442647960031, 31.534477351648491 ], [ 76.693889603722369, 31.490301981851132 ], [ 76.675731012776055, 31.488425392617785 ], [ 76.66747338558838, 31.506499487761175 ], [ 76.673084298101969, 31.523124056530037 ], [ 76.628540579484195, 31.530298904470897 ], [ 76.620023041030606, 31.524064397554127 ] ] ] } },
{ "type": "Feature", "properties": { "pincode": "174028", "state": "Himachal Pradesh", "district": "Bilaspur", "officename": "Hatwar", "officetype": "S.O" }, "geometry": { "type": "Polygon", "coordinates": [ [ [ 76.652837415714259, 31.56102107746085 ], [ 76.65944604330042, 31.583727449162495 ], [ 76.705391000094721, 31.598989000042423 ], [ 76.731299999695409, 31.582222000245338 ], [ 76.729285137898898, 31.566887530535269 ], [ 76.697442647960031, 31.534477351648491 ], [ 76.652837415714259, 31.56102107746085 ] ] ] } },
{ "type": "Feature", "properties": { "pincode": "174029", "state": "Himachal Pradesh", "district": "Bilaspur", "officename": "Berthin", "officetype": "S.O" }, "geometry": { "type": "Polygon", "coordinates": [ [ [ 76.578904009112932, 31.398745977544934 ], [ 76.566087310181274, 31.430487567147736 ], [ 76.614227000375934, 31.418706999628341 ], [ 76.627197000441299, 31.44517099964213 ], [ 76.612111977485938, 31.46709104911281 ], [ 76.625407779445595, 31.483610114814951 ], [ 76.647563137429017, 31.482747441041681 ], [ 76.662907438527554, 31.473956452028688 ], [ 76.664926724988447, 31.456351643813377 ], [ 76.675991530184945, 31.447968739265946 ], [ 76.675705337131717, 31.412624562673557 ], [ 76.666097929176146, 31.402438643328935 ], [ 76.679870048963835, 31.392846725296295 ], [ 76.667204805757251, 31.381740558480033 ], [ 76.646583686687904, 31.391767998394528 ], [ 76.611104059604656, 31.383831507418279 ], [ 76.578904009112932, 31.398745977544934 ] ] ] } },
{ "type": "Feature", "properties": { "pincode": "174030", "state": "Himachal Pradesh", "district": "Bilaspur", "officename": "Tallai", "officetype": "S.O" }, "geometry": { "type": "Polygon", "coordinates": [ [ [ 76.470482000444008, 31.458681000327942 ], [ 76.452789000212192, 31.483163999818828 ], [ 76.458969000119396, 31.486038000153769 ], [ 76.513069000234168, 31.460309999906542 ], [ 76.517670000170369, 31.467910999692947 ], [ 76.53294400036549, 31.461273000248809 ], [ 76.560516000213397, 31.429331000325476 ], [ 76.573195477889044, 31.427766668297124 ], [ 76.576189503542935, 31.401974826976868 ], [ 76.604074239934278, 31.389704429316055 ], [ 76.604398740509509, 31.3748453403403 ], [ 76.598349903125666, 31.369482259398808 ], [ 76.573114419295223, 31.378237188295714 ], [ 76.553734624553272, 31.349011915267738 ], [ 76.545053697270475, 31.349671554498798 ], [ 76.534196196597179, 31.36638565167658 ], [ 76.492518580468243, 31.393987277890517 ], [ 76.486249780603089, 31.408211193691841 ], [ 76.470347913325725, 31.414809077976599 ], [ 76.46650023050131, 31.424142789858024 ], [ 76.479218000410469, 31.441861999931461 ], [ 76.464531000305499, 31.446359999614401 ], [ 76.470482000444008, 31.458681000327942 ] ] ] } },
{ "type": "Feature", "properties": { "pincode": "174031", "state": "Himachal Pradesh", "district": "Bilaspur", "officename": "Jhandutta", "officetype": "S.O" }, "geometry": { "type": "Polygon", "coordinates": [ [ [ 76.610983148453727, 31.354200543020795 ], [ 76.634058764700342, 31.390503239532961 ], [ 76.650680283867928, 31.391396236647097 ], [ 76.673368573800815, 31.379251640650864 ], [ 76.668213517739673, 31.351459083869713 ], [ 76.644408856183929, 31.341290871276726 ], [ 76.631679162163834, 31.336974413238636 ], [ 76.610983148453727, 31.354200543020795 ] ] ] } },
{ "type": "Feature", "properties": { "pincode": "174032", "state": "Himachal Pradesh", "district": "Bilaspur", "officename": "Namhol", "officetype": "S.O" }, "geometry": { "type": "Polygon", "coordinates": [ [ [ 76.809522093270118, 31.257038909717892 ], [ 76.817265551064395, 31.264067076434628 ], [ 76.811559119757703, 31.2733601146777 ], [ 76.826182709564478, 31.283820581754583 ], [ 76.838893665310593, 31.289077549888987 ], [ 76.861901419614981, 31.283009321323334 ], [ 76.87086387426848, 31.298493301524616 ], [ 76.883208249261429, 31.297955550108611 ], [ 76.883068696063617, 31.312344884508889 ], [ 76.891921890283129, 31.320896527952584 ], [ 76.919365000194773, 31.313693999778366 ], [ 76.92803199967716, 31.302167999753522 ], [ 76.916274999791483, 31.284101000260989 ], [ 76.898681999674693, 31.27813100014572 ], [ 76.896622000005323, 31.264764999804925 ], [ 76.871918000215715, 31.256918000365545 ], [ 76.867020000072955, 31.246337999899026 ], [ 76.883513999871298, 31.223851999870135 ], [ 76.87390900030033, 31.2185210004439 ], [ 76.827768215231004, 31.235699288091723 ], [ 76.813214711390003, 31.244498941173276 ], [ 76.809522093270118, 31.257038909717892 ] ] ] } },
{ "type": "Feature", "properties": { "pincode": "174033", "state": "Himachal Pradesh", "district": "Bilaspur", "officename": "Jukhala", "officetype": "S.O" }, "geometry": { "type": "Polygon", "coordinates": [ [ [ 76.799630065175506, 31.298759253536844 ], [ 76.802386928813689, 31.320899974154486 ], [ 76.813875802126631, 31.323158679929236 ], [ 76.817692688566808, 31.335347389470485 ], [ 76.83308676084539, 31.327214333674704 ], [ 76.867699578173074, 31.330682027753426 ], [ 76.891921890283129, 31.320896527952584 ], [ 76.883068696063617, 31.312344884508889 ], [ 76.88484545245592, 31.299693348769154 ], [ 76.87086387426848, 31.298493301524616 ], [ 76.861901419614981, 31.283009321323334 ], [ 76.838893665310593, 31.289077549888987 ], [ 76.807575091617423, 31.27538316210331 ], [ 76.799630065175506, 31.298759253536844 ] ] ] } },
{ "type": "Feature", "properties": { "pincode": "174034", "state": "Himachal Pradesh", "district": "Bilaspur", "officename": "Geharwin", "officetype": "S.O" }, "geometry": { "type": "Polygon", "coordinates": [ [ [ 76.650293118532772, 31.344145081130648 ], [ 76.670024833279513, 31.354115617341847 ], [ 76.673553362897508, 31.38755811541472 ], [ 76.68074596255633, 31.394595340103024 ], [ 76.69518028823984, 31.392703458797712 ], [ 76.717664868239126, 31.382075348198839 ], [ 76.712417474287236, 31.364407531682389 ], [ 76.750542323169725, 31.344786034248216 ], [ 76.751674008448902, 31.330102524411927 ], [ 76.744894247971274, 31.328883496975777 ], [ 76.750543621790882, 31.311294287501482 ], [ 76.728842544647932, 31.284835003532635 ], [ 76.714655890456982, 31.299751321766223 ], [ 76.681954930175834, 31.29818783779848 ], [ 76.650293118532772, 31.344145081130648 ] ] ] } },
{ "type": "Feature", "properties": { "pincode": "174035", "state": "Himachal Pradesh", "district": "Bilaspur", "officename": "Kalol (Bilaspur (HP)))", "officetype": "S.O" }, "geometry": { "type": "Polygon", "coordinates": [ [ [ 76.572692884569165, 31.309856446018273 ], [ 76.55322518739257, 31.352762660168707 ], [ 76.573114419295223, 31.378237188295714 ], [ 76.598349903125666, 31.369482259398808 ], [ 76.606334376530413, 31.386094028116929 ], [ 76.626876793229485, 31.382467280840388 ], [ 76.61015354095332, 31.355065498374188 ], [ 76.633302017574238, 31.337514441738222 ], [ 76.623758843695725, 31.315684491746026 ], [ 76.572692884569165, 31.309856446018273 ] ] ] } },
{ "type": "Feature", "properties": { "pincode": "174036", "state": "Himachal Pradesh", "district": "Bilaspur", "officename": "NTPC Jamthal", "officetype": "S.O" }, "geometry": { "type": "Polygon", "coordinates": [ [ [ 76.858036111877141, 31.413183597445084 ], [ 76.880592000020897, 31.411845999793059 ], [ 76.883529999709936, 31.388317000229449 ], [ 76.872109683515134, 31.384885852799982 ], [ 76.853943567042165, 31.397961218335695 ], [ 76.858036111877141, 31.413183597445084 ] ] ] } },
{ "type": "Feature", "properties": { "pincode": "174101", "state": "Himachal Pradesh", "district": "Solan", "officename": "Nalagarh", "officetype": "S.O" }, "geometry": { "type": "Polygon", "coordinates": [ [ [ 76.672187709994944, 30.972169655705045 ], [ 76.623642000178279, 31.000905999712188 ], [ 76.627204999910873, 31.018665000289673 ], [ 76.612625000243725, 31.050280000421765 ], [ 76.623206999903346, 31.057387999956347 ], [ 76.618614000336038, 31.075131999842085 ], [ 76.625602999778835, 31.093140000210838 ], [ 76.639525999725208, 31.106987000249887 ], [ 76.637505000055739, 31.114767000196935 ], [ 76.603111000372564, 31.124516000113431 ], [ 76.612594999759494, 31.147999000253776 ], [ 76.603928000277108, 31.154118000045798 ], [ 76.604285999699243, 31.179729000293264 ], [ 76.63407900034565, 31.203509999786831 ], [ 76.694091999746036, 31.217044999827067 ], [ 76.738113000015062, 31.239485000432637 ], [ 76.786183281433352, 31.222556965331876 ], [ 76.749338184909334, 31.185329787340038 ], [ 76.736367718995041, 31.181301239160916 ], [ 76.720626745827815, 31.196433360511207 ], [ 76.703240498050718, 31.178611991050673 ], [ 76.725829810397613, 31.168780919004291 ], [ 76.746618641337307, 31.170447625357838 ], [ 76.763324300176521, 31.152010849821011 ], [ 76.751547848854329, 31.123253869070936 ], [ 76.729135438549804, 31.105484029864215 ], [ 76.722731892363129, 31.086913746372488 ], [ 76.737139870608644, 31.084672505431911 ], [ 76.732817477045046, 31.074266744114937 ], [ 76.740021466617577, 31.070104438868896 ], [ 76.788517613896886, 31.068943625448014 ], [ 76.806506020736322, 31.044986293183001 ], [ 76.858262442457885, 31.022437679655184 ], [ 76.754861552918385, 30.95802122449993 ], [ 76.672187709994944, 30.972169655705045 ] ] ] } },
{ "type": "Feature", "properties": { "pincode": "174102", "state": "Himachal Pradesh", "district": "Solan", "officename": "Ramshahar", "officetype": "S.O" }, "geometry": { "type": "Polygon", "coordinates": [ [ [ 76.746618641337307, 31.170447625357838 ], [ 76.703294843182505, 31.177795491169093 ], [ 76.715841505381263, 31.194862218816411 ], [ 76.723424129320165, 31.196199235506469 ], [ 76.73805427158743, 31.181232175724517 ], [ 76.786183281433352, 31.222556965331876 ], [ 76.807944999861888, 31.230434000328955 ], [ 76.822077479792028, 31.226991168907375 ], [ 76.85687561771573, 31.159502728568043 ], [ 76.855198772405458, 31.143367527689406 ], [ 76.863346504237825, 31.131402281690043 ], [ 76.854312844862079, 31.117768361620676 ], [ 76.86305311840681, 31.093550519141161 ], [ 76.858318803869793, 31.081714731449722 ], [ 76.876891886051681, 31.057496888970434 ], [ 76.854296453818336, 31.038861830908786 ], [ 76.857283133809688, 31.026914878019397 ], [ 76.836949315758488, 31.028579129223431 ], [ 76.806506020736322, 31.044986293183001 ], [ 76.788517613896886, 31.068943625448014 ], [ 76.734738541350737, 31.071865413957823 ], [ 76.737139870608644, 31.084672505431911 ], [ 76.725293310837799, 31.083711973728839 ], [ 76.723692424066201, 31.097159420271112 ], [ 76.751547848854329, 31.123253869070936 ], [ 76.763324300176521, 31.152010849821011 ], [ 76.746618641337307, 31.170447625357838 ] ] ] } },
{ "type": "Feature", "properties": { "pincode": "174103", "state": "Himachal Pradesh", "district": "Solan", "officename": "Barotiwala", "officetype": "S.O" }, "geometry": { "type": "Polygon", "coordinates": [ [ [ 76.827933999854338, 30.9176519996401 ], [ 76.847658309583323, 30.933666695861518 ], [ 76.874133400036442, 30.935989072737584 ], [ 76.89460729738903, 30.882903233597403 ], [ 76.865943999915714, 30.866908999650718 ], [ 76.829269000264333, 30.892309000060493 ], [ 76.823333999964177, 30.903114000111088 ], [ 76.827933999854338, 30.9176519996401 ] ] ] } },
{ "type": "Feature", "properties": { "pincode": "174201", "state": "Himachal Pradesh", "district": "Bilaspur", "officename": "Bhakra Dam", "officetype": "S.O" }, "geometry": { "type": "Polygon", "coordinates": [ [ [ 76.404541000167171, 31.39472599990512 ], [ 76.398811000327441, 31.426971000311596 ], [ 76.417289999933644, 31.412577000228566 ], [ 76.43499799995783, 31.411480000002086 ], [ 76.46650023050131, 31.424142789858024 ], [ 76.546749102789022, 31.347579002069324 ], [ 76.525198392292168, 31.335854886793584 ], [ 76.513540398770374, 31.34387783409494 ], [ 76.497449416657389, 31.329214300000046 ], [ 76.457635935050405, 31.375974875340432 ], [ 76.43232021280761, 31.369988551630399 ], [ 76.431930833341482, 31.355932590516829 ], [ 76.416962855351471, 31.358402950835625 ], [ 76.393387000209941, 31.388567000066985 ], [ 76.404541000167171, 31.39472599990512 ] ] ] } },
{ "type": "Feature", "properties": { "pincode": "174301", "state": "Himachal Pradesh", "district": "Una", "officename": "Santokhgarh", "officetype": "S.O" }, "geometry": { "type": "Polygon", "coordinates": [ [ [ 76.24882205779187, 31.351421168452248 ], [ 76.24463290598402, 31.372913340278501 ], [ 76.252737965884592, 31.390612942433449 ], [ 76.277408143970774, 31.401506050863645 ], [ 76.296233855607966, 31.370546425377427 ], [ 76.332862999727752, 31.385676999893747 ], [ 76.332313999591577, 31.378591999621278 ], [ 76.343650999893839, 31.37698400011169 ], [ 76.35069299998213, 31.350441000052285 ], [ 76.344092999592363, 31.342718000035745 ], [ 76.331841000262102, 31.349682000124176 ], [ 76.309959000207868, 31.3397119999089 ], [ 76.316216000068493, 31.323813999716492 ], [ 76.310042999584709, 31.31666900027426 ], [ 76.275070000180335, 31.303336999702822 ], [ 76.269507999994403, 31.312473000128875 ], [ 76.258040999992261, 31.311251000433458 ], [ 76.252464798611641, 31.339400123117287 ], [ 76.269320851076543, 31.341978744723292 ], [ 76.278669736319387, 31.352564375845361 ], [ 76.26239190746071, 31.358224306806449 ], [ 76.24882205779187, 31.351421168452248 ] ] ] } },
{ "type": "Feature", "properties": { "pincode": "174302", "state": "Himachal Pradesh", "district": "Una", "officename": "Dhussara", "officetype": "S.O" }, "geometry": { "type": "Polygon", "coordinates": [ [ [ 76.185778408746671, 31.529110028605032 ], [ 76.177590556359121, 31.558024862857337 ], [ 76.198578331724775, 31.584481788803544 ], [ 76.216870259754785, 31.577825794824662 ], [ 76.229745660134085, 31.583128523162827 ], [ 76.229307892645181, 31.55857979582089 ], [ 76.215255729368607, 31.543701034175569 ], [ 76.185778408746671, 31.529110028605032 ] ] ] } },
{ "type": "Feature", "properties": { "pincode": "174303", "state": "Himachal Pradesh", "district": "Una", "officename": "Una", "officetype": "H.O" }, "geometry": { "type": "Polygon", "coordinates": [ [ [ 76.317824512191635, 31.394897524900898 ], [ 76.316073225499053, 31.378741568568728 ], [ 76.296233855607966, 31.370546425377427 ], [ 76.262153077202925, 31.42157322442489 ], [ 76.24832128380018, 31.456830901524938 ], [ 76.224358325376556, 31.475643672817341 ], [ 76.214601167709873, 31.498968581135216 ], [ 76.185778408746671, 31.529110028605032 ], [ 76.223728357477739, 31.550520466446358 ], [ 76.229318334673565, 31.583651624622803 ], [ 76.243516957941438, 31.588248825822745 ], [ 76.268247696374203, 31.56912924451899 ], [ 76.26518370526378, 31.5528668156511 ], [ 76.284633062565888, 31.541221017835937 ], [ 76.287312519757108, 31.515952249196971 ], [ 76.302318526478984, 31.517583506074118 ], [ 76.314344876914674, 31.532340407783636 ], [ 76.337430004391308, 31.503268596868395 ], [ 76.338659255320408, 31.494582963433174 ], [ 76.299755173562517, 31.461849236353316 ], [ 76.29133440845618, 31.440228350857865 ], [ 76.29634134977357, 31.417241935666823 ], [ 76.317824512191635, 31.394897524900898 ] ] ] } },
{ "type": "Feature", "properties": { "pincode": "174304", "state": "Himachal Pradesh", "district": "Hamirpur", "officename": "Bani (Hamirpur(HP))", "officetype": "S.O" }, "geometry": { "type": "Polygon", "coordinates": [ [ [ 76.507964596688964, 31.585276367710378 ], [ 76.513499814165186, 31.56463164683322 ], [ 76.505930635990239, 31.540662583811184 ], [ 76.486957424745469, 31.52921632577295 ], [ 76.468643591029092, 31.545732943520704 ], [ 76.449407972000472, 31.585711203409403 ], [ 76.507964596688964, 31.585276367710378 ] ] ] } },
{ "type": "Feature", "properties": { "pincode": "174305", "state": "Himachal Pradesh", "district": "Hamirpur", "officename": "Barsar", "officetype": "H.O" }, "geometry": { "type": "Polygon", "coordinates": [ [ [ 76.486957424745469, 31.52921632577295 ], [ 76.497443567466746, 31.486122587687419 ], [ 76.517670000170369, 31.467910999692947 ], [ 76.513069000234168, 31.460309999906542 ], [ 76.458969000119396, 31.486038000153769 ], [ 76.435730000439207, 31.522166999807325 ], [ 76.439415000401993, 31.53679099970492 ], [ 76.448348201008798, 31.533803591262881 ], [ 76.468643591029092, 31.545732943520704 ], [ 76.486957424745469, 31.52921632577295 ] ] ] } },
{ "type": "Feature", "properties": { "pincode": "174306", "state": "Himachal Pradesh", "district": "Una", "officename": "Dehlan", "officetype": "S.O" }, "geometry": { "type": "Polygon", "coordinates": [ [ [ 76.317824512191635, 31.394897524900898 ], [ 76.29634134977357, 31.417241935666823 ], [ 76.29133440845618, 31.440228350857865 ], [ 76.299755173562517, 31.461849236353316 ], [ 76.338659255320408, 31.494582963433174 ], [ 76.363931198566092, 31.449139176331983 ], [ 76.321005273074945, 31.414777282445755 ], [ 76.317824512191635, 31.394897524900898 ] ] ] } },
{ "type": "Feature", "properties": { "pincode": "174307", "state": "Himachal Pradesh", "district": "Una", "officename": "Bangana", "officetype": "S.O" }, "geometry": { "type": "Polygon", "coordinates": [ [ [ 76.27929850632114, 31.576647692836787 ], [ 76.283585274141331, 31.603342563208741 ], [ 76.275401445320483, 31.619515367440215 ], [ 76.290083827406818, 31.629854556442808 ], [ 76.293990583998266, 31.647714016688553 ], [ 76.281571637221532, 31.669979423811412 ], [ 76.313881000308015, 31.721735000170213 ], [ 76.357056000234365, 31.652151000068727 ], [ 76.393805999747201, 31.614951999635196 ], [ 76.366507936991923, 31.604140010952847 ], [ 76.359877518832491, 31.588037567879553 ], [ 76.318326900466275, 31.59081602873681 ], [ 76.27929850632114, 31.576647692836787 ] ] ] } },
{ "type": "Feature", "properties": { "pincode": "174308", "state": "Himachal Pradesh", "district": "Una", "officename": "Lathiani", "officetype": "S.O" }, "geometry": { "type": "Polygon", "coordinates": [ [ [ 76.459747000024038, 31.422348000260229 ], [ 76.396060655874635, 31.506893883646001 ], [ 76.359877518832491, 31.588037567879553 ], [ 76.366507936991923, 31.604140010952847 ], [ 76.393805999747201, 31.614951999635196 ], [ 76.400062999607826, 31.610514000021169 ], [ 76.439415000401993, 31.53679099970492 ], [ 76.435730000439207, 31.522166999807325 ], [ 76.470482000444008, 31.458681000327942 ], [ 76.464531000305499, 31.446359999614401 ], [ 76.479218000410469, 31.441861999931461 ], [ 76.471892999862121, 31.424410000021567 ], [ 76.459747000024038, 31.422348000260229 ] ] ] } },
{ "type": "Feature", "properties": { "pincode": "174310", "state": "Himachal Pradesh", "district": "Bilaspur", "officename": "Naina Devi", "officetype": "S.O" }, "geometry": { "type": "Polygon", "coordinates": [ [ [ 76.5003568816648, 31.275033324928074 ], [ 76.507217273558467, 31.292805193005336 ], [ 76.520013873541529, 31.298267679609864 ], [ 76.518547864392588, 31.337210385451101 ], [ 76.554848591389373, 31.348970486199221 ], [ 76.572692884569165, 31.309856446018273 ], [ 76.587281279407648, 31.312062920967151 ], [ 76.59531188713396, 31.30502546964982 ], [ 76.59219740448674, 31.287835861336134 ], [ 76.614558843016368, 31.289399390269693 ], [ 76.615085593025867, 31.264396277766025 ], [ 76.629372009011036, 31.267211137783818 ], [ 76.660082307352695, 31.245066645409452 ], [ 76.654908011195801, 31.234629723483124 ], [ 76.626074856069749, 31.23770431490243 ], [ 76.584564000328385, 31.277143000449087 ], [ 76.559929000123418, 31.252880000311904 ], [ 76.548926999981234, 31.252376999598994 ], [ 76.55121600031822, 31.280996000065329 ], [ 76.532088999607652, 31.259366999987094 ], [ 76.528297000106591, 31.280161000230009 ], [ 76.512237999683975, 31.270383999921819 ], [ 76.5003568816648, 31.275033324928074 ] ] ] } },
{ "type": "Feature", "properties": { "pincode": "174312", "state": "Himachal Pradesh", "district": "Hamirpur", "officename": "Jaure Amb", "officetype": "S.O" }, "geometry": { "type": "Polygon", "coordinates": [ [ [ 76.449407972000472, 31.585711203409403 ], [ 76.468643591029092, 31.545732943520704 ], [ 76.444320107886824, 31.53388105526642 ], [ 76.395615000432088, 31.613674000055084 ], [ 76.417953235553512, 31.617819877385557 ], [ 76.433779528302694, 31.591625824172525 ], [ 76.449407972000472, 31.585711203409403 ] ] ] } },
{ "type": "Feature", "properties": { "pincode": "174314", "state": "Himachal Pradesh", "district": "Una", "officename": "Chowki Maniar", "officetype": "S.O" }, "geometry": { "type": "Polygon", "coordinates": [ [ [ 76.267999283839913, 31.565947203001031 ], [ 76.243516957941438, 31.588248825822745 ], [ 76.216870259754785, 31.577825794824662 ], [ 76.176962527398928, 31.598891763544088 ], [ 76.195755415579981, 31.611868096635533 ], [ 76.185504929409035, 31.642684771285133 ], [ 76.212406168110192, 31.649981576288781 ], [ 76.230712379172928, 31.643853093145935 ], [ 76.259102992309295, 31.664405807082346 ], [ 76.260787465669182, 31.627504342851239 ], [ 76.275401445320483, 31.619515367440215 ], [ 76.283585274141331, 31.603342563208741 ], [ 76.276375710570676, 31.567294746255641 ], [ 76.267999283839913, 31.565947203001031 ] ] ] } },
{ "type": "Feature", "properties": { "pincode": "174315", "state": "Himachal Pradesh", "district": "Una", "officename": "Mehatpur (Una)", "officetype": "S.O" }, "geometry": { "type": "Polygon", "coordinates": [ [ [ 76.316073225499053, 31.378741568568728 ], [ 76.321005273074945, 31.414777282445755 ], [ 76.363931198566092, 31.449139176331983 ], [ 76.365435532324057, 31.407936247559803 ], [ 76.329955999669664, 31.399899000138817 ], [ 76.332862999727752, 31.385676999893747 ], [ 76.316073225499053, 31.378741568568728 ] ] ] } },
{ "type": "Feature", "properties": { "pincode": "174320", "state": "Himachal Pradesh", "district": "Una", "officename": "Talmehra", "officetype": "S.O" }, "geometry": { "type": "Polygon", "coordinates": [ [ [ 76.281571637221532, 31.669979423811412 ], [ 76.29371153066279, 31.643528205862083 ], [ 76.290083827406818, 31.629854556442808 ], [ 76.275401445320483, 31.619515367440215 ], [ 76.260787465669182, 31.627504342851239 ], [ 76.259102992309295, 31.664405807082346 ], [ 76.281571637221532, 31.669979423811412 ] ] ] } },
{ "type": "Feature", "properties": { "pincode": "174321", "state": "Himachal Pradesh", "district": "Una", "officename": "Thanakalan", "officetype": "S.O" }, "geometry": { "type": "Polygon", "coordinates": [ [ [ 76.358937801038792, 31.467842511822482 ], [ 76.315606251627401, 31.531937358622258 ], [ 76.302318526478984, 31.517583506074118 ], [ 76.287312519757108, 31.515952249196971 ], [ 76.284633062565888, 31.541221017835937 ], [ 76.26518370526378, 31.5528668156511 ], [ 76.27929850632114, 31.576647692836787 ], [ 76.318326900466275, 31.59081602873681 ], [ 76.359877518832491, 31.588037567879553 ], [ 76.396060655874635, 31.506893883646001 ], [ 76.415004707501396, 31.483655847139744 ], [ 76.395980410267839, 31.48366002179273 ], [ 76.358937801038792, 31.467842511822482 ] ] ] } },
{ "type": "Feature", "properties": { "pincode": "174405", "state": "Himachal Pradesh", "district": "Hamirpur", "officename": "Hareta", "officetype": "S.O" }, "geometry": { "type": "Polygon", "coordinates": [ [ [ 76.439276756617232, 31.589796798283714 ], [ 76.472051217589751, 31.607476862667113 ], [ 76.47840412025414, 31.618326481681834 ], [ 76.484672501035334, 31.614540317881449 ], [ 76.485793845009994, 31.602115411297291 ], [ 76.459800592423392, 31.584118149732888 ], [ 76.439276756617232, 31.589796798283714 ] ] ] } },
{ "type": "Feature", "properties": { "pincode": "174505", "state": "Himachal Pradesh", "district": "Hamirpur", "officename": "Dhaned", "officetype": "S.O" }, "geometry": { "type": "Polygon", "coordinates": [ [ [ 76.475421508795705, 31.640414841072129 ], [ 76.507239082118076, 31.649677875233863 ], [ 76.526981035646372, 31.638365452503763 ], [ 76.506199160063261, 31.620597811240089 ], [ 76.484299946085798, 31.625496969709388 ], [ 76.478334312178902, 31.620154909521546 ], [ 76.475421508795705, 31.640414841072129 ] ] ] } },
{ "type": "Feature", "properties": { "pincode": "175001", "state": "Himachal Pradesh", "district": "Mandi", "officename": "Mandi", "officetype": "H.O" }, "geometry": { "type": "Polygon", "coordinates": [ [ [ 76.873158109559085, 31.673205659813505 ], [ 76.870520534694947, 31.693835487018248 ], [ 76.903035053824681, 31.691244306379815 ], [ 76.918349322963024, 31.700291698403305 ], [ 76.903061410255873, 31.733410434244206 ], [ 76.911320685001783, 31.750243550399716 ], [ 76.903767593000168, 31.763094777002436 ], [ 76.922137735068645, 31.773292937918882 ], [ 76.914130850558365, 31.783185532586401 ], [ 76.952461010167724, 31.792874923638919 ], [ 76.956288096718481, 31.775585781059135 ], [ 76.937578173693908, 31.755720391083287 ], [ 76.948383588332149, 31.746256480751981 ], [ 76.949570740197487, 31.721567184877927 ], [ 76.974168403249337, 31.720831307419019 ], [ 76.981213398979435, 31.727358622802171 ], [ 76.996721946860532, 31.711398368839809 ], [ 77.025067276433617, 31.719515704486298 ], [ 77.050757202982709, 31.679441443767587 ], [ 77.038322672753225, 31.671149565000519 ], [ 77.048104775814863, 31.653742341436043 ], [ 77.057882638572892, 31.651700607896828 ], [ 77.043953596081735, 31.63205683335633 ], [ 77.01200247163689, 31.624788490096819 ], [ 77.014500620107697, 31.637318238745934 ], [ 76.985878904587935, 31.63276145847459 ], [ 76.984765927006038, 31.651257094639277 ], [ 76.946136032352058, 31.664743995339336 ], [ 76.948591034049116, 31.655326910009137 ], [ 76.941683225400652, 31.65111902892022 ], [ 76.92173132603989, 31.659615217468286 ], [ 76.920119240910367, 31.647154071803072 ], [ 76.909180230183608, 31.654105571315142 ], [ 76.891664954873818, 31.639363557882007 ], [ 76.877318298700686, 31.652866543856021 ], [ 76.883887895709847, 31.669759014367116 ], [ 76.873158109559085, 31.673205659813505 ] ] ] } },
{ "type": "Feature", "properties": { "pincode": "175002", "state": "Himachal Pradesh", "district": "Mandi", "officename": "Bhojpur (Mandi)", "officetype": "S.O" }, "geometry": { "type": "Polygon", "coordinates": [ [ [ 76.885705528986989, 31.538172244153884 ], [ 76.863960294232299, 31.546532207895211 ], [ 76.881176089005521, 31.569008418803492 ], [ 76.894241170793521, 31.568731388043204 ], [ 76.901628206576561, 31.583422103247528 ], [ 76.931441283688343, 31.584528075110768 ], [ 76.927395162756682, 31.577162034000764 ], [ 76.937675181764291, 31.556515465016673 ], [ 76.932045147865324, 31.547016472132668 ], [ 76.904058385186374, 31.556474830948616 ], [ 76.897712440576754, 31.542052474342427 ], [ 76.885705528986989, 31.538172244153884 ] ] ] } },
{ "type": "Feature", "properties": { "pincode": "175003", "state": "Himachal Pradesh", "district": "Mandi", "officename": "Kotli", "officetype": "S.O" }, "geometry": { "type": "Polygon", "coordinates": [ [ [ 76.815530932406773, 31.777562626713916 ], [ 76.813126428541977, 31.815815484197344 ], [ 76.840391699317479, 31.826991265734478 ], [ 76.859621318968948, 31.823934616689314 ], [ 76.90111059457837, 31.78153361648333 ], [ 76.913564656283995, 31.782814618899636 ], [ 76.921555156945146, 31.774163648933268 ], [ 76.903767593000168, 31.763094777002436 ], [ 76.910084494004366, 31.74697469732439 ], [ 76.865100621996248, 31.745081059643269 ], [ 76.875076822137771, 31.730126441981895 ], [ 76.872768426122093, 31.717379757969582 ], [ 76.8815174113995, 31.717543998456904 ], [ 76.879268635938899, 31.702710573434217 ], [ 76.891830856409001, 31.705934995503696 ], [ 76.892964431163591, 31.692731582696524 ], [ 76.847363462353883, 31.699283385719809 ], [ 76.829807113207835, 31.722467083389176 ], [ 76.829141605001269, 31.751580490647314 ], [ 76.815530932406773, 31.777562626713916 ] ] ] } },
{ "type": "Feature", "properties": { "pincode": "175004", "state": "Himachal Pradesh", "district": "Mandi", "officename": "Bhambla", "officetype": "S.O" }, "geometry": { "type": "Polygon", "coordinates": [ [ [ 76.750449267619786, 31.581894208151425 ], [ 76.748067236014265, 31.600048627142428 ], [ 76.76756677368769, 31.602395229956016 ], [ 76.776314858743888, 31.617880145452375 ], [ 76.792966808271558, 31.614323476047673 ], [ 76.798362310672189, 31.583745892458978 ], [ 76.750449267619786, 31.581894208151425 ] ] ] } },
{ "type": "Feature", "properties": { "pincode": "175005", "state": "Himachal Pradesh", "district": "Mandi", "officename": "Kataula", "officetype": "S.O" }, "geometry": { "type": "Polygon", "coordinates": [ [ [ 76.938738771277315, 31.749098859125183 ], [ 76.956288096718481, 31.775585781059135 ], [ 76.952461010167724, 31.792874923638919 ], [ 76.966349537301426, 31.828873080928133 ], [ 76.983760006519219, 31.819297541348533 ], [ 76.996375248319168, 31.829132927442743 ], [ 77.014857126655215, 31.81630706801684 ], [ 77.026203947554222, 31.829453194009943 ], [ 77.053939369506224, 31.837740269497999 ], [ 77.07385038478759, 31.834490598062757 ], [ 77.089331715586241, 31.817693078872594 ], [ 77.089064695179729, 31.798907194611445 ], [ 77.103032032602414, 31.799261159674927 ], [ 77.122316279772519, 31.781864669518939 ], [ 77.143606553799486, 31.797762484451198 ], [ 77.188903999619868, 31.808175999722778 ], [ 77.210959999604313, 31.755335000110279 ], [ 77.047266877464494, 31.688207079992821 ], [ 77.025067276433617, 31.719515704486298 ], [ 76.996721946860532, 31.711398368839809 ], [ 76.981213398979435, 31.727358622802171 ], [ 76.974168403249337, 31.720831307419019 ], [ 76.949570740197487, 31.721567184877927 ], [ 76.948383588332149, 31.746256480751981 ], [ 76.938738771277315, 31.749098859125183 ] ] ] } },
{ "type": "Feature", "properties": { "pincode": "175006", "state": "Himachal Pradesh", "district": "Mandi", "officename": "Gagal", "officetype": "S.O" }, "geometry": { "type": "Polygon", "coordinates": [ [ [ 76.94813860131552, 31.592039488931334 ], [ 76.935347107683071, 31.600791476145901 ], [ 76.950761911133441, 31.604872265043127 ], [ 76.963984508278486, 31.623598014336892 ], [ 76.946136032352058, 31.664743995339336 ], [ 76.984765927006038, 31.651257094639277 ], [ 76.985878904587935, 31.63276145847459 ], [ 77.014500620107697, 31.637318238745934 ], [ 77.015032943215772, 31.606664319802633 ], [ 77.006776485146759, 31.605943061723053 ], [ 77.006617249386693, 31.596105175513571 ], [ 76.956627345275933, 31.59867022275273 ], [ 76.94813860131552, 31.592039488931334 ] ] ] } },
{ "type": "Feature", "properties": { "pincode": "175007", "state": "Himachal Pradesh", "district": "Mandi", "officename": "Gopalpur (Mandi)", "officetype": "S.O" }, "geometry": { "type": "Polygon", "coordinates": [ [ [ 76.721756628865478, 31.650632380580078 ], [ 76.753653065536525, 31.655269447826925 ], [ 76.756695812861608, 31.620784624710723 ], [ 76.772264671077892, 31.608768386252223 ], [ 76.748067236014265, 31.600048627142428 ], [ 76.747485107551825, 31.578618914131766 ], [ 76.737553849230892, 31.601713217391193 ], [ 76.726131348583124, 31.600624402793983 ], [ 76.716232000006869, 31.621076999703916 ], [ 76.721756628865478, 31.650632380580078 ] ] ] } },
{ "type": "Feature", "properties": { "pincode": "175008", "state": "Himachal Pradesh", "district": "Mandi", "officename": "Ner Chowk", "officetype": "S.O" }, "geometry": { "type": "Polygon", "coordinates": [ [ [ 76.833748488302035, 31.595172300661204 ], [ 76.856748526423416, 31.631248532593816 ], [ 76.857261690374742, 31.64307017664737 ], [ 76.869016443753935, 31.642748605164115 ], [ 76.875898270988557, 31.656556522465621 ], [ 76.891664954873818, 31.639363557882007 ], [ 76.909180230183608, 31.654105571315142 ], [ 76.920119240910367, 31.647154071803072 ], [ 76.92173132603989, 31.659615217468286 ], [ 76.932989919848978, 31.647148765803024 ], [ 76.909468458402671, 31.624237698511138 ], [ 76.926385060422319, 31.609643357355083 ], [ 76.920458153121331, 31.584633867758839 ], [ 76.899988885478876, 31.582710857320308 ], [ 76.895705585444546, 31.569959410498484 ], [ 76.881883690879704, 31.569427946242797 ], [ 76.869126152050228, 31.556404386153588 ], [ 76.860645958844088, 31.581214958303747 ], [ 76.833748488302035, 31.595172300661204 ] ] ] } },
{ "type": "Feature", "properties": { "pincode": "175009", "state": "Himachal Pradesh", "district": "Mandi", "officename": "Tattapani", "officetype": "S.O" }, "geometry": { "type": "Polygon", "coordinates": [ [ [ 77.226067000192074, 31.260994000372875 ], [ 77.204604999721028, 31.244591000274625 ], [ 77.190186000283745, 31.255151999865006 ], [ 77.161774000369917, 31.230787000419809 ], [ 77.139320000018074, 31.228426000359775 ], [ 77.127251000133583, 31.231261999841479 ], [ 77.121703999740021, 31.247047000219027 ], [ 77.083397000371349, 31.247904000169456 ], [ 77.062247767920326, 31.273870496126619 ], [ 77.071157674287349, 31.277607167536814 ], [ 77.068453179071128, 31.2891396363853 ], [ 77.049294420601086, 31.299519379415926 ], [ 77.047280538166433, 31.344642087862212 ], [ 77.091409091056789, 31.354493400949821 ], [ 77.144886048052797, 31.330944622596405 ], [ 77.210073472213082, 31.331739591808798 ], [ 77.221799259328407, 31.310474182237783 ], [ 77.215240768047181, 31.301332043039395 ], [ 77.226067000192074, 31.260994000372875 ] ] ] } },
{ "type": "Feature", "properties": { "pincode": "175010", "state": "Himachal Pradesh", "district": "Mandi", "officename": "Churag", "officetype": "S.O" }, "geometry": { "type": "Polygon", "coordinates": [ [ [ 77.210073472213082, 31.331739591808798 ], [ 77.144886048052797, 31.330944622596405 ], [ 77.087745517441874, 31.359641090663786 ], [ 77.109115426435892, 31.378422348812478 ], [ 77.162819667294002, 31.392634750593288 ], [ 77.176491861610202, 31.384272584412429 ], [ 77.210073472213082, 31.331739591808798 ] ] ] } },
{ "type": "Feature", "properties": { "pincode": "175011", "state": "Himachal Pradesh", "district": "Mandi", "officename": "Karsog", "officetype": "S.O" }, "geometry": { "type": "Polygon", "coordinates": [ [ [ 77.176491861610202, 31.384272584412429 ], [ 77.148623508168384, 31.41182656184634 ], [ 77.180424007861689, 31.425845805439735 ], [ 77.197716096620638, 31.425173710598301 ], [ 77.205827991368892, 31.441759543768114 ], [ 77.221907018794127, 31.438353614228106 ], [ 77.222886278878718, 31.446804703574287 ], [ 77.243074987720433, 31.446324720109942 ], [ 77.258993047291369, 31.431547404689013 ], [ 77.278497621168412, 31.430968231398879 ], [ 77.332324517862276, 31.455053690975149 ], [ 77.380782999735686, 31.417888999677587 ], [ 77.390769999835811, 31.371315000386971 ], [ 77.385428999948488, 31.358343000229524 ], [ 77.357895000054327, 31.351925000138692 ], [ 77.336700000204928, 31.298190999814722 ], [ 77.305564999725107, 31.271295999710787 ], [ 77.282744999582235, 31.265829000308088 ], [ 77.270575999582888, 31.275595000109263 ], [ 77.2483669997373, 31.254183000145417 ], [ 77.226067000192074, 31.260994000372875 ], [ 77.215240768047181, 31.301332043039395 ], [ 77.220010579724544, 31.315840220150108 ], [ 77.176491861610202, 31.384272584412429 ] ] ] } },
{ "type": "Feature", "properties": { "pincode": "175012", "state": "Himachal Pradesh", "district": "Mandi", "officename": "Padhar", "officetype": "S.O" }, "geometry": { "type": "Polygon", "coordinates": [ [ [ 76.90482252563919, 31.780392968560705 ], [ 76.848031536326346, 31.84002114086303 ], [ 76.871009627392311, 31.88492861186603 ], [ 76.885901535327775, 31.874082386892781 ], [ 76.897280363997822, 31.884793587653974 ], [ 76.900766942940152, 31.902985617192542 ], [ 76.917085628898803, 31.910841030689141 ], [ 76.910131095074064, 31.920363347490536 ], [ 76.923989528194227, 31.925563139427425 ], [ 76.904836756511145, 31.950672004109833 ], [ 76.983134998381502, 31.976246484687692 ], [ 77.024352999791176, 31.920536000236325 ], [ 77.030510000436323, 31.893374999556613 ], [ 77.061286999695312, 31.856087000414902 ], [ 77.059534944082543, 31.835038834674606 ], [ 77.026203947554222, 31.829453194009943 ], [ 77.014857126655215, 31.81630706801684 ], [ 76.996375248319168, 31.829132927442743 ], [ 76.983760006519219, 31.819297541348533 ], [ 76.966349537301426, 31.828873080928133 ], [ 76.953593521923722, 31.793497270682678 ], [ 76.90482252563919, 31.780392968560705 ] ] ] } },
{ "type": "Feature", "properties": { "pincode": "175013", "state": "Himachal Pradesh", "district": "Kangra, Mandi", "officename": "Barot", "officetype": "S.O" }, "geometry": { "type": "Polygon", "coordinates": [ [ [ 76.769629342720236, 32.064397595472769 ], [ 76.720980089459715, 32.099619265516822 ], [ 76.737454583862132, 32.124432853093822 ], [ 76.705485226562075, 32.166209182407954 ], [ 76.720228448684111, 32.195890774140139 ], [ 76.739745999778165, 32.188679000035847 ], [ 76.771309000210294, 32.221198999634282 ], [ 76.778229000068222, 32.248557999552133 ], [ 76.769858999892961, 32.254025000753188 ], [ 76.77972399976278, 32.268021000468821 ], [ 76.770744000235482, 32.281689000347228 ], [ 76.772133000437805, 32.308540000220887 ], [ 76.785706000431617, 32.316635000305155 ], [ 76.754066000045896, 32.35830299998355 ], [ 76.773239000179728, 32.35949300000209 ], [ 76.787932999708346, 32.374637999643994 ], [ 76.786879999712369, 32.406249999637907 ], [ 76.865340999987154, 32.461140000210946 ], [ 76.901320999964241, 32.470215000521989 ], [ 76.907936000146378, 32.460194000652791 ], [ 76.891457000140576, 32.438808000089296 ], [ 76.917792999647247, 32.435702999893635 ], [ 76.912148000130173, 32.419865000669347 ], [ 76.919151000218619, 32.416687000704655 ], [ 76.953690000293363, 32.424694000327975 ], [ 76.952576000182376, 32.403206000456635 ], [ 76.981400000209874, 32.404999000403734 ], [ 77.058776999958582, 32.429173000034041 ], [ 77.069015999988437, 32.416988000196113 ], [ 77.078505999652236, 32.417316000033566 ], [ 77.076118000145641, 32.39400899991557 ], [ 77.052429000398092, 32.366511999928946 ], [ 77.040908999750627, 32.339873999985343 ], [ 77.044952000034868, 32.322834000189061 ], [ 77.030716000043412, 32.306747000273958 ], [ 77.036651999490232, 32.290283000060469 ], [ 77.031677000293428, 32.247406000386718 ], [ 77.052406000236829, 32.226009000215242 ], [ 77.038566999667523, 32.20706900003438 ], [ 77.005469999540992, 32.20002699994609 ], [ 76.994964999834963, 32.186858999743151 ], [ 76.999526999771376, 32.182334999760485 ], [ 76.984611999943979, 32.131618000070773 ], [ 76.988670000020591, 32.110889000127372 ], [ 76.946182000299245, 32.112350000052515 ], [ 76.938728000097228, 32.092934000403943 ], [ 76.943969999915623, 32.044650999644091 ], [ 76.977179999857185, 32.023711999908926 ], [ 76.983134998381502, 31.976246484687692 ], [ 76.904793159177018, 31.950688544440879 ], [ 76.905690147482517, 31.960079183407743 ], [ 76.881034120228492, 31.975409947011599 ], [ 76.870847916698096, 31.972700161982857 ], [ 76.849145254050256, 32.006033560600372 ], [ 76.831913902804502, 32.017081496314233 ], [ 76.826771418366377, 32.035430132894476 ], [ 76.796776665610707, 32.042840258771093 ], [ 76.781151177085235, 32.067314378355945 ], [ 76.769629342720236, 32.064397595472769 ] ] ] } },
{ "type": "Feature", "properties": { "pincode": "175014", "state": "Himachal Pradesh", "district": "Mandi", "officename": "Drubbal", "officetype": "S.O" }, "geometry": { "type": "Polygon", "coordinates": [ [ [ 76.797312827025507, 31.838598927798387 ], [ 76.811434820860484, 31.864910798494691 ], [ 76.820951328041531, 31.868303720240533 ], [ 76.827557577820016, 31.852912962863002 ], [ 76.85632844500185, 31.855667821912505 ], [ 76.848041178857386, 31.838650011089214 ], [ 76.857150142964827, 31.823201294204466 ], [ 76.841174008773635, 31.827077802998247 ], [ 76.805531985712662, 31.818677336489884 ], [ 76.797312827025507, 31.838598927798387 ] ] ] } },
{ "type": "Feature", "properties": { "pincode": "175015", "state": "Himachal Pradesh", "district": "Mandi", "officename": "Joginder Nagar", "officetype": "S.O" }, "geometry": { "type": "Polygon", "coordinates": [ [ [ 76.799618296647111, 31.821890871366691 ], [ 76.786298453111272, 31.831786425703172 ], [ 76.772741387305302, 31.816121981244635 ], [ 76.75071642472335, 31.840862241699142 ], [ 76.75753738314387, 31.854277301856087 ], [ 76.752475826898092, 31.868763264812912 ], [ 76.768544204551574, 31.874346394570523 ], [ 76.778098229649572, 31.901082118445117 ], [ 76.804735287103881, 31.919926459538544 ], [ 76.800668402624751, 31.94501828206819 ], [ 76.777168630128301, 31.958309739403091 ], [ 76.763086194772143, 31.989106720698771 ], [ 76.776496478629724, 32.004534384454303 ], [ 76.769638741534777, 32.015986016841396 ], [ 76.79514416856864, 32.043829176675274 ], [ 76.826771418366377, 32.035430132894476 ], [ 76.831913902804502, 32.017081496314233 ], [ 76.849145254050256, 32.006033560600372 ], [ 76.870847916698096, 31.972700161982857 ], [ 76.881034120228492, 31.975409947011599 ], [ 76.905690147482517, 31.960079183407743 ], [ 76.900609517515306, 31.954803522864324 ], [ 76.923989528194227, 31.925563139427425 ], [ 76.910131095074064, 31.920363347490536 ], [ 76.917085628898803, 31.910841030689141 ], [ 76.900766942940152, 31.902985617192542 ], [ 76.897280363997822, 31.884793587653974 ], [ 76.885901535327775, 31.874082386892781 ], [ 76.871009627392311, 31.88492861186603 ], [ 76.85632844500185, 31.855667821912505 ], [ 76.829901593284035, 31.852126565988442 ], [ 76.823634160388167, 31.866992709246176 ], [ 76.811434820860484, 31.864910798494691 ], [ 76.797312827025507, 31.838598927798387 ], [ 76.799618296647111, 31.821890871366691 ] ] ] } },
{ "type": "Feature", "properties": { "pincode": "175016", "state": "Himachal Pradesh", "district": "Mandi", "officename": "Ladbharole", "officetype": "S.O" }, "geometry": { "type": "Polygon", "coordinates": [ [ [ 76.675376081840795, 31.887375155439088 ], [ 76.697350398202502, 31.93735979761658 ], [ 76.745603492906923, 31.929492007650197 ], [ 76.764843059959333, 31.933630743464164 ], [ 76.771997458216276, 31.906985812445271 ], [ 76.748443653551931, 31.906156668095832 ], [ 76.731206142849373, 31.89504053049609 ], [ 76.720613251500424, 31.896810358511289 ], [ 76.723037545846125, 31.902718282023272 ], [ 76.702295881649775, 31.902633604557366 ], [ 76.694023475003519, 31.89891428376734 ], [ 76.694719767903109, 31.888615081321063 ], [ 76.675376081840795, 31.887375155439088 ] ] ] } },
{ "type": "Feature", "properties": { "pincode": "175017", "state": "Himachal Pradesh", "district": "Mandi", "officename": "Slapper", "officetype": "S.O" }, "geometry": { "type": "Polygon", "coordinates": [ [ [ 76.908121183146136, 31.464140575826832 ], [ 76.916326461696997, 31.433218132810737 ], [ 76.935263370908046, 31.409132089574371 ], [ 76.924070051691615, 31.370329892910263 ], [ 76.875792999947123, 31.354411999714046 ], [ 76.865180999803385, 31.381081000187976 ], [ 76.883529999709936, 31.388317000229449 ], [ 76.880592000020897, 31.411845999793059 ], [ 76.834023000061507, 31.421587000240038 ], [ 76.892523954017292, 31.460350595303851 ], [ 76.908121183146136, 31.464140575826832 ] ] ] } },
{ "type": "Feature", "properties": { "pincode": "175018", "state": "Himachal Pradesh", "district": "Mandi", "officename": "Sunder Nagar-1", "officetype": "S.O" }, "geometry": { "type": "Polygon", "coordinates": [ [ [ 76.942320756597724, 31.514909229877162 ], [ 76.928820308510467, 31.473615528034372 ], [ 76.870658680453801, 31.450292568547297 ], [ 76.826975858549019, 31.419918614852179 ], [ 76.835536007780604, 31.444138457424003 ], [ 76.80613384260289, 31.492706855337076 ], [ 76.846080906808538, 31.502901610521121 ], [ 76.867384942261253, 31.540630845837029 ], [ 76.885694221810979, 31.538172472581664 ], [ 76.87861484320058, 31.520525453786775 ], [ 76.892042228566083, 31.521940193485307 ], [ 76.896984965483966, 31.533629255885614 ], [ 76.914701548637595, 31.525702656552482 ], [ 76.921612160472876, 31.510549930834713 ], [ 76.942320756597724, 31.514909229877162 ] ] ] } },
{ "type": "Feature", "properties": { "pincode": "175019", "state": "Himachal Pradesh", "district": "Mandi", "officename": "Sunder Nagar Town Ship", "officetype": "H.O" }, "geometry": { "type": "Polygon", "coordinates": [ [ [ 76.885694221810979, 31.538172472581664 ], [ 76.897712440576754, 31.542052474342427 ], [ 76.902458535333267, 31.555780730596325 ], [ 76.91695433237669, 31.55511622153648 ], [ 76.932045147865324, 31.547016472132668 ], [ 76.947212894059987, 31.521553116283371 ], [ 76.921612160472876, 31.510549930834713 ], [ 76.914701548637595, 31.525702656552482 ], [ 76.896984965483966, 31.533629255885614 ], [ 76.892042228566083, 31.521940193485307 ], [ 76.87861484320058, 31.520525453786775 ], [ 76.885694221810979, 31.538172472581664 ] ] ] } },
{ "type": "Feature", "properties": { "pincode": "175021", "state": "Himachal Pradesh", "district": "Mandi", "officename": "Bhangrotu", "officetype": "S.O" }, "geometry": { "type": "Polygon", "coordinates": [ [ [ 76.922278701101277, 31.614174422411793 ], [ 76.909468458402671, 31.624237698511138 ], [ 76.932193716766847, 31.641535311805228 ], [ 76.929106471886314, 31.652214439145155 ], [ 76.947887178750477, 31.654447865876534 ], [ 76.963130405044296, 31.631138694795084 ], [ 76.961709954650871, 31.617015901462764 ], [ 76.932506697925874, 31.595810957809476 ], [ 76.922744338580401, 31.596293703091987 ], [ 76.922278701101277, 31.614174422411793 ] ] ] } },
{ "type": "Feature", "properties": { "pincode": "175023", "state": "Himachal Pradesh", "district": "Mandi", "officename": "Rewalsar", "officetype": "S.O" }, "geometry": { "type": "Polygon", "coordinates": [ [ [ 76.798362310672189, 31.583745892458978 ], [ 76.805935986356815, 31.620800531919087 ], [ 76.836395104950213, 31.664338753630659 ], [ 76.830881783267785, 31.680206023988944 ], [ 76.847591077166726, 31.697680772249953 ], [ 76.860070457485733, 31.699598837316728 ], [ 76.871821588395676, 31.688066468292902 ], [ 76.873158109559085, 31.673205659813505 ], [ 76.883477954144382, 31.670587174858383 ], [ 76.880402477792188, 31.659432516597519 ], [ 76.845032334175016, 31.623975230472695 ], [ 76.835171255349337, 31.596341394140097 ], [ 76.824118799642974, 31.588185816622229 ], [ 76.827599149880996, 31.576237407730275 ], [ 76.810942788279192, 31.574441905869264 ], [ 76.798362310672189, 31.583745892458978 ] ] ] } },
{ "type": "Feature", "properties": { "pincode": "175024", "state": "Himachal Pradesh", "district": "Mandi", "officename": "Sarkaghat", "officetype": "S.O" }, "geometry": { "type": "Polygon", "coordinates": [ [ [ 76.721756628865478, 31.650632380580078 ], [ 76.727699000008897, 31.664874999581627 ], [ 76.716346398267717, 31.678238403579599 ], [ 76.71509556990469, 31.70346493465911 ], [ 76.697190575184948, 31.711691774455858 ], [ 76.686867000211919, 31.701433000133022 ], [ 76.688606000366804, 31.708803000058595 ], [ 76.680393618970356, 31.713237327740671 ], [ 76.706723965338824, 31.720241061675722 ], [ 76.743860562714929, 31.744697753298738 ], [ 76.751181038774064, 31.764222623075682 ], [ 76.769769064091065, 31.759853630240968 ], [ 76.774131994595962, 31.745190595269833 ], [ 76.807908556634629, 31.737078188807516 ], [ 76.824233069300874, 31.724933123365133 ], [ 76.795466282343227, 31.701833302764783 ], [ 76.780939169107455, 31.703863928777537 ], [ 76.789970139510444, 31.686609729355609 ], [ 76.777764286193019, 31.68546440136123 ], [ 76.775666273979482, 31.666088181424584 ], [ 76.721756628865478, 31.650632380580078 ] ] ] } },
{ "type": "Feature", "properties": { "pincode": "175025", "state": "Himachal Pradesh", "district": "Mandi", "officename": "Sajao Pipluso", "officetype": "S.O" }, "geometry": { "type": "Polygon", "coordinates": [ [ [ 76.655718294963549, 31.776305370896239 ], [ 76.656836506599518, 31.797450840583849 ], [ 76.686547696818934, 31.811523605530112 ], [ 76.693265629805012, 31.805340044307741 ], [ 76.700698833184788, 31.809682082662221 ], [ 76.713779839268227, 31.786109215967656 ], [ 76.757863838845083, 31.768981619506235 ], [ 76.74476848497784, 31.756887256941411 ], [ 76.743860562714929, 31.744697753298738 ], [ 76.691857131401605, 31.71423926782802 ], [ 76.688355478023141, 31.725341448848781 ], [ 76.672613780901315, 31.724414317067271 ], [ 76.672254824600543, 31.75365017601473 ], [ 76.655718294963549, 31.776305370896239 ] ] ] } },
{ "type": "Feature", "properties": { "pincode": "175026", "state": "Himachal Pradesh", "district": "Mandi", "officename": "Tihra", "officetype": "S.O" }, "geometry": { "type": "Polygon", "coordinates": [ [ [ 76.636741999943411, 31.749768999739615 ], [ 76.622920881493485, 31.784226554511974 ], [ 76.641406081925197, 31.782676783406941 ], [ 76.654804280693043, 31.793283076452894 ], [ 76.654702766119783, 31.777452061363647 ], [ 76.672254824600543, 31.75365017601473 ], [ 76.673269685247817, 31.73291138605174 ], [ 76.636741999943411, 31.749768999739615 ] ] ] } },
{ "type": "Feature", "properties": { "pincode": "175027", "state": "Himachal Pradesh", "district": "Mandi", "officename": "Baggi", "officetype": "S.O" }, "geometry": { "type": "Polygon", "coordinates": [ [ [ 76.930738991411545, 31.584766327104376 ], [ 76.920458153121331, 31.584633867758839 ], [ 76.922600202437422, 31.59576673274853 ], [ 76.951946150094898, 31.590663438966658 ], [ 76.956627345275933, 31.59867022275273 ], [ 76.998304116042334, 31.598898130744203 ], [ 76.996668685411578, 31.55990594330467 ], [ 77.014788152251583, 31.505869020738942 ], [ 77.000644078261701, 31.50172463268575 ], [ 76.945014149683345, 31.512118299020472 ], [ 76.946923579459792, 31.523955867369466 ], [ 76.932259982412234, 31.545689278737314 ], [ 76.937640621717378, 31.557689271842605 ], [ 76.927395162756682, 31.577162034000764 ], [ 76.930738991411545, 31.584766327104376 ] ] ] } },
{ "type": "Feature", "properties": { "pincode": "175028", "state": "Himachal Pradesh", "district": "Mandi", "officename": "Chachiot", "officetype": "S.O" }, "geometry": { "type": "Polygon", "coordinates": [ [ [ 77.034362892133913, 31.563416001747328 ], [ 77.05900540437608, 31.537242660820198 ], [ 77.067456099819253, 31.544559252707359 ], [ 77.063522297915824, 31.524464264014625 ], [ 77.070586511258625, 31.517805614337817 ], [ 77.060414080845248, 31.501968739266033 ], [ 77.039441105622586, 31.475551378093826 ], [ 77.01816514520533, 31.473022920671383 ], [ 76.978505759733082, 31.485051910617187 ], [ 76.97853922170782, 31.507738291289172 ], [ 77.005541506435463, 31.501299867594923 ], [ 77.014788152251583, 31.505869020738942 ], [ 77.004235035218926, 31.549917001568474 ], [ 77.034362892133913, 31.563416001747328 ] ] ] } },
{ "type": "Feature", "properties": { "pincode": "175029", "state": "Himachal Pradesh", "district": "Mandi", "officename": "Gohar", "officetype": "S.O" }, "geometry": { "type": "Polygon", "coordinates": [ [ [ 77.034122076172991, 31.565710344057209 ], [ 77.050289148125785, 31.58352365469301 ], [ 77.040973978466525, 31.57925141272267 ], [ 77.029197599989345, 31.60462083258551 ], [ 77.015032943215772, 31.606664319802633 ], [ 77.010867386021175, 31.624239804723402 ], [ 77.016263152822319, 31.628451848774034 ], [ 77.042732530781677, 31.631487052585499 ], [ 77.055285289484573, 31.61789549598052 ], [ 77.10260847440162, 31.611457936534634 ], [ 77.120950041411334, 31.63777069216394 ], [ 77.129895681440587, 31.622927519389691 ], [ 77.146622085840647, 31.620292579539012 ], [ 77.133299422030802, 31.615691380852581 ], [ 77.135689476488267, 31.609473539272471 ], [ 77.151404086029856, 31.61272787189381 ], [ 77.138052795899853, 31.604822762760477 ], [ 77.146068196989745, 31.604805339294956 ], [ 77.141945044628187, 31.598756015378001 ], [ 77.149159662388627, 31.591699719666508 ], [ 77.14414027535355, 31.576265206674009 ], [ 77.12956130451073, 31.562229402065327 ], [ 77.09965847955533, 31.553694897001947 ], [ 77.098631039191275, 31.53971174410168 ], [ 77.084388269103499, 31.540952138530429 ], [ 77.075857040270421, 31.53209547022982 ], [ 77.066914603626117, 31.535839070017119 ], [ 77.067456099819253, 31.544559252707359 ], [ 77.05900540437608, 31.537242660820198 ], [ 77.034122076172991, 31.565710344057209 ] ] ] } },
{ "type": "Feature", "properties": { "pincode": "175030", "state": "Himachal Pradesh", "district": "Mandi", "officename": "Dehar", "officetype": "S.O" }, "geometry": { "type": "Polygon", "coordinates": [ [ [ 76.80613384260289, 31.492706855337076 ], [ 76.835536007780604, 31.444138457424003 ], [ 76.8243259998452, 31.418279999722188 ], [ 76.804131000245491, 31.422644000420405 ], [ 76.798011999554262, 31.47616599996104 ], [ 76.78592699983119, 31.484096999676979 ], [ 76.788977542479586, 31.495171300815002 ], [ 76.80613384260289, 31.492706855337076 ] ] ] } },
{ "type": "Feature", "properties": { "pincode": "175031", "state": "Himachal Pradesh", "district": "Mandi", "officename": "Jaidevi", "officetype": "S.O" }, "geometry": { "type": "Polygon", "coordinates": [ [ [ 76.908121183146136, 31.464140575826832 ], [ 76.928820308510467, 31.473615528034372 ], [ 76.938222376961164, 31.490743325943754 ], [ 76.935890080562842, 31.502696342062734 ], [ 76.954285362279734, 31.511860922943356 ], [ 76.977948812287934, 31.505502853673931 ], [ 76.977805629426314, 31.485712162286518 ], [ 76.986253748311981, 31.480763436783207 ], [ 77.045750000861858, 31.475654149919194 ], [ 77.075271903575583, 31.46206444411888 ], [ 77.101895919061519, 31.464808352123839 ], [ 77.118787657524479, 31.457360778477209 ], [ 77.117203486451899, 31.436061745053621 ], [ 77.09060505847674, 31.406291661830892 ], [ 77.053861953166802, 31.430732036154723 ], [ 77.029468288730641, 31.427247227077885 ], [ 76.984985723112686, 31.446721161052778 ], [ 76.949335958687527, 31.432685592965811 ], [ 76.915239177745946, 31.446321111130487 ], [ 76.908121183146136, 31.464140575826832 ] ] ] } },
{ "type": "Feature", "properties": { "pincode": "175032", "state": "Himachal Pradesh", "district": "Mandi", "officename": "Chauntra", "officetype": "S.O" }, "geometry": { "type": "Polygon", "coordinates": [ [ [ 76.663031446943876, 32.028135172400312 ], [ 76.688514999767563, 32.051814999962403 ], [ 76.702941999573738, 32.048950000042623 ], [ 76.714141999853496, 32.035056999680876 ], [ 76.738136000176269, 32.030089999953645 ], [ 76.770225999730087, 32.065178000164622 ], [ 76.781151177085235, 32.067314378355945 ], [ 76.79514416856864, 32.043829176675274 ], [ 76.769638741534777, 32.015986016841396 ], [ 76.776496478629724, 32.004534384454303 ], [ 76.763086194772143, 31.989106720698771 ], [ 76.783414164532246, 31.952066712309033 ], [ 76.778842199208214, 31.935175907342284 ], [ 76.745603492906923, 31.929492007650197 ], [ 76.693576492161469, 31.934547752476931 ], [ 76.663031446943876, 32.028135172400312 ] ] ] } },
{ "type": "Feature", "properties": { "pincode": "175033", "state": "Himachal Pradesh", "district": "Mandi", "officename": "Baldwara", "officetype": "S.O" }, "geometry": { "type": "Polygon", "coordinates": [ [ [ 76.798362310672189, 31.583745892458978 ], [ 76.826643959251498, 31.572111659026007 ], [ 76.816256751847789, 31.543166683096103 ], [ 76.730263000437219, 31.546570000105476 ], [ 76.734940000280972, 31.562742000343121 ], [ 76.728354999683518, 31.563798999624282 ], [ 76.726131348583124, 31.600624402793983 ], [ 76.737553849230892, 31.601713217391193 ], [ 76.74643685237902, 31.578579494148414 ], [ 76.798362310672189, 31.583745892458978 ] ] ] } },
{ "type": "Feature", "properties": { "pincode": "175034", "state": "Himachal Pradesh", "district": "Mandi", "officename": "Samaila", "officetype": "S.O" }, "geometry": { "type": "Polygon", "coordinates": [ [ [ 76.732483321348127, 31.544040301618679 ], [ 76.813208782159734, 31.545869125160038 ], [ 76.809958969530953, 31.520113907830705 ], [ 76.822869359833192, 31.496571322208922 ], [ 76.788977542479586, 31.495171300815002 ], [ 76.767104999696016, 31.520090000253276 ], [ 76.732834000289131, 31.519899000438727 ], [ 76.739722999616788, 31.525010999658036 ], [ 76.732483321348127, 31.544040301618679 ] ] ] } },
{ "type": "Feature", "properties": { "pincode": "175035", "state": "Himachal Pradesh", "district": "Mandi", "officename": "Bagsaid", "officetype": "S.O" }, "geometry": { "type": "Polygon", "coordinates": [ [ [ 77.098119149579134, 31.549075330562175 ], [ 77.14414027535355, 31.576265206674009 ], [ 77.149159662388627, 31.591699719666508 ], [ 77.141945044628187, 31.598756015378001 ], [ 77.146068196989745, 31.604805339294956 ], [ 77.138052795899853, 31.604822762760477 ], [ 77.151404086029856, 31.61272787189381 ], [ 77.137018138476492, 31.608928640944043 ], [ 77.13319028030719, 31.615331587283094 ], [ 77.159411625246491, 31.634990842753382 ], [ 77.177391551478991, 31.637227425205594 ], [ 77.188817892232009, 31.648158831265221 ], [ 77.199781538087734, 31.633013215587539 ], [ 77.213534799991123, 31.633416417633669 ], [ 77.228953706148673, 31.620518164581711 ], [ 77.199337959179559, 31.589327747877405 ], [ 77.176715762222784, 31.589080547629237 ], [ 77.167582099134677, 31.575228194825343 ], [ 77.152150535918622, 31.569435317086288 ], [ 77.145010326265606, 31.534517116072095 ], [ 77.129396317585986, 31.515930419053632 ], [ 77.107136943115563, 31.53113532703378 ], [ 77.098119149579134, 31.549075330562175 ] ] ] } },
{ "type": "Feature", "properties": { "pincode": "175036", "state": "Himachal Pradesh", "district": "Mandi", "officename": "Gurkotha", "officetype": "S.O" }, "geometry": { "type": "Polygon", "coordinates": [ [ [ 76.81060634110986, 31.527181850661862 ], [ 76.828541152852097, 31.57725817152749 ], [ 76.824118799642974, 31.588185816622229 ], [ 76.838877691552284, 31.594274307813123 ], [ 76.860645958844088, 31.581214958303747 ], [ 76.867810725384686, 31.538433304753312 ], [ 76.855583492484186, 31.529424851575754 ], [ 76.846833393846225, 31.503524357762956 ], [ 76.823045569397664, 31.496090524858005 ], [ 76.81060634110986, 31.527181850661862 ] ] ] } },
{ "type": "Feature", "properties": { "pincode": "175037", "state": "Himachal Pradesh", "district": "Mandi", "officename": "Cholthra", "officetype": "S.O" }, "geometry": { "type": "Polygon", "coordinates": [ [ [ 76.691857131401605, 31.71423926782802 ], [ 76.67598700029987, 31.714761999666678 ], [ 76.672613780901315, 31.724414317067271 ], [ 76.688355478023141, 31.725341448848781 ], [ 76.691857131401605, 31.71423926782802 ] ] ] } },
{ "type": "Feature", "properties": { "pincode": "175038", "state": "Himachal Pradesh", "district": "Mandi", "officename": "Nihri", "officetype": "S.O" }, "geometry": { "type": "Polygon", "coordinates": [ [ [ 76.915239177745946, 31.446321111130487 ], [ 76.960273538593128, 31.432201930374731 ], [ 76.958369672022798, 31.441379006436136 ], [ 76.984985723112686, 31.446721161052778 ], [ 77.029468288730641, 31.427247227077885 ], [ 77.053861953166802, 31.430732036154723 ], [ 77.086578798173093, 31.407298226232342 ], [ 76.99913239074732, 31.346421170800625 ], [ 76.978439000359572, 31.310920999604491 ], [ 76.943466000055821, 31.334439999606275 ], [ 76.942650000197432, 31.348033999669497 ], [ 76.920906000211801, 31.367032999873118 ], [ 76.935263370908046, 31.409132089574371 ], [ 76.916326461696997, 31.433218132810737 ], [ 76.915239177745946, 31.446321111130487 ] ] ] } },
{ "type": "Feature", "properties": { "pincode": "175039", "state": "Himachal Pradesh", "district": "Mandi", "officename": "Jachh", "officetype": "S.O" }, "geometry": { "type": "Polygon", "coordinates": [ [ [ 77.039702881183075, 31.477793025527717 ], [ 77.070586511258625, 31.517805614337817 ], [ 77.063522297915824, 31.524464264014625 ], [ 77.066509680277534, 31.534600988644797 ], [ 77.075857040270421, 31.53209547022982 ], [ 77.084388269103499, 31.540952138530429 ], [ 77.099525245893574, 31.540414934801447 ], [ 77.131333477058433, 31.515204512378375 ], [ 77.146126204161078, 31.485459619166079 ], [ 77.140665391195, 31.470801776880535 ], [ 77.1218956857374, 31.457332469617938 ], [ 77.101895919061519, 31.464808352123839 ], [ 77.075271903575583, 31.46206444411888 ], [ 77.039702881183075, 31.477793025527717 ] ] ] } },
{ "type": "Feature", "properties": { "pincode": "175040", "state": "Himachal Pradesh", "district": "Mandi", "officename": "Dharampur (Mandi)", "officetype": "S.O" }, "geometry": { "type": "Polygon", "coordinates": [ [ [ 76.716572887129132, 31.843782970807638 ], [ 76.721338949532935, 31.866209751379131 ], [ 76.755622321812837, 31.852360116326281 ], [ 76.751041544032091, 31.839192204256733 ], [ 76.772741387305302, 31.816121981244635 ], [ 76.786298453111272, 31.831786425703172 ], [ 76.81244283496892, 31.818545042619803 ], [ 76.829626099465031, 31.725552395626664 ], [ 76.774131994595962, 31.745190595269833 ], [ 76.774264554665535, 31.756045608418276 ], [ 76.744874693112536, 31.77861240264042 ], [ 76.712407561959594, 31.787060254427388 ], [ 76.698442474640672, 31.810896986706609 ], [ 76.715915993528313, 31.815094980648951 ], [ 76.734876894852903, 31.844387958237746 ], [ 76.731347249176338, 31.849794798391315 ], [ 76.716572887129132, 31.843782970807638 ] ] ] } },
{ "type": "Feature", "properties": { "pincode": "175042", "state": "Himachal Pradesh", "district": "Mandi", "officename": "Rakhoh", "officetype": "S.O" }, "geometry": { "type": "Polygon", "coordinates": [ [ [ 76.687845057903075, 31.702447956108472 ], [ 76.697190575184948, 31.711691774455858 ], [ 76.71509556990469, 31.70346493465911 ], [ 76.719665007234539, 31.670835514547491 ], [ 76.693679999632366, 31.68223399969952 ], [ 76.687845057903075, 31.702447956108472 ] ] ] } },
{ "type": "Feature", "properties": { "pincode": "175045", "state": "Himachal Pradesh", "district": "Mandi", "officename": "ChailChowk", "officetype": "S.O" }, "geometry": { "type": "Polygon", "coordinates": [ [ [ 76.996476840233981, 31.562101935755834 ], [ 76.999433319192519, 31.596738477198983 ], [ 77.006617249386693, 31.596105175513571 ], [ 77.006776485146759, 31.605943061723053 ], [ 77.029197599989345, 31.60462083258551 ], [ 77.040973978466525, 31.57925141272267 ], [ 77.050289148125785, 31.58352365469301 ], [ 77.024831684634592, 31.555680681018828 ], [ 77.004235035218926, 31.549917001568474 ], [ 76.996476840233981, 31.562101935755834 ] ] ] } },
{ "type": "Feature", "properties": { "pincode": "175046", "state": "Himachal Pradesh", "district": "Mandi", "officename": "Pangna", "officetype": "S.O" }, "geometry": { "type": "Polygon", "coordinates": [ [ [ 76.978439000359572, 31.310920999604491 ], [ 77.009734023506383, 31.355443837763005 ], [ 77.073118257501676, 31.401233871046486 ], [ 77.093834765861857, 31.407158326795411 ], [ 77.117203486451899, 31.436061745053621 ], [ 77.118787657524479, 31.457360778477209 ], [ 77.140665391195, 31.470801776880535 ], [ 77.146737690991699, 31.48672530882601 ], [ 77.166898939934185, 31.480838525677598 ], [ 77.178992533578594, 31.425093941632269 ], [ 77.148623508168384, 31.41182656184634 ], [ 77.162819667294002, 31.392634750593288 ], [ 77.102013554881751, 31.374958303283108 ], [ 77.088451690293425, 31.361028578206401 ], [ 77.089472980193875, 31.352421686711637 ], [ 77.047280538166433, 31.344642087862212 ], [ 77.049294420601086, 31.299519379415926 ], [ 77.068726324760121, 31.288617402771081 ], [ 77.071157674287349, 31.277607167536814 ], [ 77.061987213639043, 31.274678367912486 ], [ 77.067882130256294, 31.259689273841104 ], [ 76.978439000359572, 31.310920999604491 ] ] ] } },
{ "type": "Feature", "properties": { "pincode": "175047", "state": "Himachal Pradesh", "district": "Mandi", "officename": "Janjehli", "officetype": "S.O" }, "geometry": { "type": "Polygon", "coordinates": [ [ [ 77.178992533578594, 31.425093941632269 ], [ 77.167829178873603, 31.478468794099683 ], [ 77.18464410354261, 31.474927885313775 ], [ 77.190602570752162, 31.492339077586394 ], [ 77.215547364919132, 31.499340472385086 ], [ 77.22319344412233, 31.525157112510897 ], [ 77.258636162129221, 31.534454777765973 ], [ 77.269985775423379, 31.516085587180328 ], [ 77.287613938132893, 31.506526170646396 ], [ 77.319279576391409, 31.52891429565841 ], [ 77.317870999746901, 31.50724599970323 ], [ 77.334231386369424, 31.453594380876098 ], [ 77.314776391217492, 31.452092695621388 ], [ 77.301429111164566, 31.437689329998705 ], [ 77.278497621168412, 31.430968231398879 ], [ 77.223654601179078, 31.447088952293427 ], [ 77.222677969812537, 31.438494511912381 ], [ 77.203228366995688, 31.440133467885232 ], [ 77.197716096620638, 31.425173710598301 ], [ 77.178992533578594, 31.425093941632269 ] ] ] } },
{ "type": "Feature", "properties": { "pincode": "175048", "state": "Himachal Pradesh", "district": "Mandi", "officename": "Thunag", "officetype": "S.O" }, "geometry": { "type": "Polygon", "coordinates": [ [ [ 77.131778960730628, 31.514691822369741 ], [ 77.145010326265606, 31.534517116072095 ], [ 77.152150535918622, 31.569435317086288 ], [ 77.167582099134677, 31.575228194825343 ], [ 77.176715762222784, 31.589080547629237 ], [ 77.20583532533999, 31.593818576366232 ], [ 77.222624318058024, 31.611439397010599 ], [ 77.220367737381423, 31.617472034007278 ], [ 77.237287233419238, 31.616057218765775 ], [ 77.256317032704885, 31.591123678714837 ], [ 77.254499074772639, 31.572135853486998 ], [ 77.268810870525385, 31.537113028943224 ], [ 77.264766300924009, 31.529359234341257 ], [ 77.258636162129221, 31.534454777765973 ], [ 77.22319344412233, 31.525157112510897 ], [ 77.215547364919132, 31.499340472385086 ], [ 77.190602570752162, 31.492339077586394 ], [ 77.18464410354261, 31.474927885313775 ], [ 77.146126204161078, 31.485459619166079 ], [ 77.131778960730628, 31.514691822369741 ] ] ] } },
{ "type": "Feature", "properties": { "pincode": "175049", "state": "Himachal Pradesh", "district": "Mandi", "officename": "Jamni", "officetype": "S.O" }, "geometry": { "type": "Polygon", "coordinates": [ [ [ 76.764790527860669, 31.611899386747382 ], [ 76.753653065536525, 31.655269447826925 ], [ 76.738890270569641, 31.660240320934179 ], [ 76.759199902253783, 31.657365168567651 ], [ 76.775666273979482, 31.666088181424584 ], [ 76.777764286193019, 31.68546440136123 ], [ 76.789970139510444, 31.686609729355609 ], [ 76.780939169107455, 31.703863928777537 ], [ 76.795466282343227, 31.701833302764783 ], [ 76.824233069300874, 31.724933123365133 ], [ 76.837833991445677, 31.718879410756244 ], [ 76.85033936486991, 31.698036858814135 ], [ 76.830881783267785, 31.680206023988944 ], [ 76.836395104950213, 31.664338753630659 ], [ 76.805935986356815, 31.620800531919087 ], [ 76.804170296122265, 31.591327827517432 ], [ 76.79441084158708, 31.592704733636708 ], [ 76.788524875922349, 31.618293748158067 ], [ 76.764790527860669, 31.611899386747382 ] ] ] } },
{ "type": "Feature", "properties": { "pincode": "175050", "state": "Himachal Pradesh", "district": "Mandi", "officename": "Marhi", "officetype": "S.O" }, "geometry": { "type": "Polygon", "coordinates": [ [ [ 76.686991076077391, 31.811383816709736 ], [ 76.696502421150001, 31.866309812647899 ], [ 76.714801053625933, 31.844564281116732 ], [ 76.731770466534044, 31.849797355163901 ], [ 76.734876894852903, 31.844387958237746 ], [ 76.715915993528313, 31.815094980648951 ], [ 76.704064666451245, 31.816717293768136 ], [ 76.694762360694483, 31.805464297339597 ], [ 76.686991076077391, 31.811383816709736 ] ] ] } },
{ "type": "Feature", "properties": { "pincode": "175051", "state": "Himachal Pradesh", "district": "Mandi", "officename": "Seoh", "officetype": "S.O" }, "geometry": { "type": "Polygon", "coordinates": [ [ [ 76.69632125991842, 31.866488755251908 ], [ 76.717318890954061, 31.87545663731413 ], [ 76.724218685743836, 31.858427042674066 ], [ 76.716572887129132, 31.843782970807638 ], [ 76.69632125991842, 31.866488755251908 ] ] ] } },
{ "type": "Feature", "properties": { "pincode": "175052", "state": "Himachal Pradesh", "district": "Mandi", "officename": "Saigaloo", "officetype": "S.O" }, "geometry": { "type": "Polygon", "coordinates": [ [ [ 76.865353943929449, 31.742693865029878 ], [ 76.905600574107325, 31.749525409370221 ], [ 76.903061410255873, 31.733410434244206 ], [ 76.912474540367896, 31.723396546213735 ], [ 76.915142821684128, 31.696775960742116 ], [ 76.895515506535503, 31.691507858101261 ], [ 76.891830856409001, 31.705934995503696 ], [ 76.879268635938899, 31.702710573434217 ], [ 76.8815174113995, 31.717543998456904 ], [ 76.872768426122093, 31.717379757969582 ], [ 76.875076822137771, 31.730126441981895 ], [ 76.865353943929449, 31.742693865029878 ] ] ] } },
{ "type": "Feature", "properties": { "pincode": "175101", "state": "Himachal Pradesh", "district": "Kullu", "officename": "Kullu", "officetype": "H.O" }, "geometry": { "type": "Polygon", "coordinates": [ [ [ 77.040169316360846, 31.881102046922024 ], [ 77.02588818029534, 31.914714953932105 ], [ 77.047088080550509, 31.92609398225153 ], [ 77.076541212107315, 31.960724723966905 ], [ 77.093146878026232, 31.959279594377904 ], [ 77.124019860128612, 31.972307605211995 ], [ 77.110557116118173, 31.945247316010921 ], [ 77.120454801847643, 31.925095086369254 ], [ 77.040169316360846, 31.881102046922024 ] ] ] } },
{ "type": "Feature", "properties": { "pincode": "175102", "state": "Himachal Pradesh", "district": "Kullu", "officename": "Bhutti", "officetype": "S.O" }, "geometry": { "type": "Polygon", "coordinates": [ [ [ 76.946182000299245, 32.112350000052515 ], [ 76.988561236911664, 32.112469106264371 ], [ 77.103207688184398, 31.990810670676126 ], [ 77.101209591549548, 31.962148545918808 ], [ 77.076541212107315, 31.960724723966905 ], [ 77.047088080550509, 31.92609398225153 ], [ 77.02588818029534, 31.914714953932105 ], [ 76.978569000059338, 31.983512999625361 ], [ 76.977179999857185, 32.023711999908926 ], [ 76.943969999915623, 32.044650999644091 ], [ 76.938728000097228, 32.092934000403943 ], [ 76.946182000299245, 32.112350000052515 ] ] ] } },
{ "type": "Feature", "properties": { "pincode": "175105", "state": "Himachal Pradesh", "district": "Kullu", "officename": "Jaree", "officetype": "S.O" }, "geometry": { "type": "Polygon", "coordinates": [ [ [ 77.213501282258505, 31.972903102096666 ], [ 77.239591292903924, 32.004863859179864 ], [ 77.269283770030029, 32.065628800628758 ], [ 77.232515101490833, 32.050196384855383 ], [ 77.223196408287777, 32.058066136243383 ], [ 77.30435472628983, 32.189097900647823 ], [ 77.295367519595459, 32.196245430782142 ], [ 77.329873235761397, 32.249627967057108 ], [ 77.348726308372534, 32.262117892826666 ], [ 77.345032000426613, 32.253857000200526 ], [ 77.35744499998691, 32.232650999843941 ], [ 77.384109000230239, 32.217082999580782 ], [ 77.39546200037114, 32.218731000035802 ], [ 77.422851999919885, 32.194538000428622 ], [ 77.46305100020362, 32.198894999904496 ], [ 77.473938000438466, 32.228058000276576 ], [ 77.500259000152823, 32.221153000210791 ], [ 77.514534000144124, 32.201862000031326 ], [ 77.525001999942504, 32.199904999716068 ], [ 77.532157999891865, 32.200141999853486 ], [ 77.533218000210695, 32.213557999801935 ], [ 77.545470999587053, 32.222766999997077 ], [ 77.56428500025271, 32.209194000003265 ], [ 77.573120000287929, 32.188674999851457 ], [ 77.652100000214887, 32.147754999593531 ], [ 77.687995999915586, 32.105747000423833 ], [ 77.744659000412582, 32.091613999786318 ], [ 77.746002000292208, 32.077564000278528 ], [ 77.765983999961691, 32.052005999777123 ], [ 77.764090999899793, 32.040779000050975 ], [ 77.791733000277816, 32.018325999745173 ], [ 77.775809999831836, 32.007522999786772 ], [ 77.801056000334256, 31.985809000285201 ], [ 77.769660999555583, 31.943193000057136 ], [ 77.783913000284826, 31.915216000418184 ], [ 77.806777999804922, 31.895649000101287 ], [ 77.869025999750079, 31.882689999643844 ], [ 77.850112999915211, 31.870833999689467 ], [ 77.839225999680195, 31.848648000005312 ], [ 77.849700999801371, 31.829498000032686 ], [ 77.848334999760482, 31.805743999985737 ], [ 77.866837000427324, 31.783346000417623 ], [ 77.855347000263919, 31.781224999734093 ], [ 77.849121000034188, 31.754777999604983 ], [ 77.810822000135431, 31.760664000343525 ], [ 77.779632999863225, 31.752109999776621 ], [ 77.767713258660081, 31.779271734303279 ], [ 77.73564949412895, 31.793730386648178 ], [ 77.728854574679133, 31.804881975522903 ], [ 77.730576184643382, 31.818086890197833 ], [ 77.718026453957805, 31.831536764909799 ], [ 77.726361834730994, 31.840346147756634 ], [ 77.685250358017527, 31.846551040897964 ], [ 77.641246147192135, 31.875381167107321 ], [ 77.584225218319318, 31.861206320115684 ], [ 77.495614083623195, 31.867231395612521 ], [ 77.462606955446745, 31.875486250190534 ], [ 77.418286935093988, 31.925377763972733 ], [ 77.385736525820107, 31.945998138403468 ], [ 77.353176097199196, 31.950564190684986 ], [ 77.306765162082684, 31.930410915131688 ], [ 77.280913255042719, 31.942826557799435 ], [ 77.235462720328371, 31.982950575308848 ], [ 77.213501282258505, 31.972903102096666 ] ] ] } },
{ "type": "Feature", "properties": { "pincode": "175106", "state": "Himachal Pradesh", "district": "Mandi", "officename": "Balichowki", "officetype": "S.O" }, "geometry": { "type": "Polygon", "coordinates": [ [ [ 77.225304000079745, 31.724802000412126 ], [ 77.273827000215874, 31.701160000133882 ], [ 77.305839999816214, 31.661831000400525 ], [ 77.298835999681671, 31.653303000133519 ], [ 77.307112677208522, 31.61078501251842 ], [ 77.301940999877331, 31.557460999625505 ], [ 77.319762999762759, 31.52974300023925 ], [ 77.301318645639128, 31.521847140633156 ], [ 77.290477580975733, 31.506822465784182 ], [ 77.265953969000634, 31.521037147346476 ], [ 77.268810870525385, 31.537113028943224 ], [ 77.254499074772639, 31.572135853486998 ], [ 77.256317032704885, 31.591123678714837 ], [ 77.237287233419238, 31.616057218765775 ], [ 77.213534799991123, 31.633416417633669 ], [ 77.194337992104693, 31.637335706277895 ], [ 77.194275008085242, 31.646328405131896 ], [ 77.170210452350489, 31.671643276616066 ], [ 77.181424067466935, 31.685969953450638 ], [ 77.16594704981668, 31.697553565844373 ], [ 77.204589206726723, 31.709181949187723 ], [ 77.225304000079745, 31.724802000412126 ] ] ] } },
{ "type": "Feature", "properties": { "pincode": "175121", "state": "Himachal Pradesh", "district": "Mandi", "officename": "Aut", "officetype": "S.O" }, "geometry": { "type": "Polygon", "coordinates": [ [ [ 77.210959999604313, 31.755335000110279 ], [ 77.218348188318316, 31.721425538058327 ], [ 77.204589206726723, 31.709181949187723 ], [ 77.16594704981668, 31.697553565844373 ], [ 77.156078322256917, 31.732906714073522 ], [ 77.210959999604313, 31.755335000110279 ] ] ] } },
{ "type": "Feature", "properties": { "pincode": "175122", "state": "Himachal Pradesh", "district": "Kullu", "officename": "Larji", "officetype": "S.O" }, "geometry": { "type": "Polygon", "coordinates": [ [ [ 77.231692078826427, 31.721290543523821 ], [ 77.252917508136591, 31.748935678938437 ], [ 77.295869113768731, 31.764861284720666 ], [ 77.331980215114868, 31.753841352096799 ], [ 77.342674766727328, 31.719895409045989 ], [ 77.292768740585132, 31.720274321303123 ], [ 77.29615229319387, 31.699050397457881 ], [ 77.283545471746322, 31.691460393682348 ], [ 77.231692078826427, 31.721290543523821 ] ] ] } },
{ "type": "Feature", "properties": { "pincode": "175123", "state": "Himachal Pradesh", "district": "Kullu", "officename": "Banjar", "officetype": "S.O" }, "geometry": { "type": "Polygon", "coordinates": [ [ [ 77.28510754827488, 31.689740332350596 ], [ 77.29615229319387, 31.699050397457881 ], [ 77.290801738009918, 31.717477623993318 ], [ 77.299189360400703, 31.722414678994369 ], [ 77.33434379802793, 31.716220128056591 ], [ 77.373902875817066, 31.723257936404764 ], [ 77.403033809063174, 31.709783905003405 ], [ 77.427587074384007, 31.723868579671375 ], [ 77.442663424277839, 31.716241004918629 ], [ 77.455586588550375, 31.719317323036194 ], [ 77.463334981824062, 31.732018999577122 ], [ 77.449898910806326, 31.765955058179486 ], [ 77.458566338365983, 31.810693813668593 ], [ 77.442051000353445, 31.87152477884564 ], [ 77.456607602358986, 31.876133222470401 ], [ 77.584225218319318, 31.861206320115684 ], [ 77.641246147192135, 31.875381167107321 ], [ 77.685250358017527, 31.846551040897964 ], [ 77.726361834730994, 31.840346147756634 ], [ 77.718026453957805, 31.831536764909799 ], [ 77.730576184643382, 31.818086890197833 ], [ 77.73564949412895, 31.793730386648178 ], [ 77.758705577100841, 31.786659366336835 ], [ 77.777154182319805, 31.765449656276587 ], [ 77.778483178855765, 31.752674338749898 ], [ 77.762954999673639, 31.762049000361174 ], [ 77.752647000059198, 31.751518000355588 ], [ 77.756186999630529, 31.719770000385324 ], [ 77.750778000204605, 31.713849999877709 ], [ 77.685875000131205, 31.703528999663774 ], [ 77.648962920302608, 31.660732446145516 ], [ 77.59990960254629, 31.638353023873037 ], [ 77.572608013549086, 31.636455434570792 ], [ 77.56296515251978, 31.628494056655484 ], [ 77.56805239520196, 31.610914845843638 ], [ 77.547946297184012, 31.596212482620047 ], [ 77.498388719663922, 31.601149680613275 ], [ 77.454472115395902, 31.59407439391822 ], [ 77.44827207049974, 31.583421080718438 ], [ 77.453108287217731, 31.561286613086907 ], [ 77.441637339191971, 31.561135590834908 ], [ 77.396142575819397, 31.597853160794898 ], [ 77.341156881984489, 31.597852524074881 ], [ 77.335860271734191, 31.589767544236906 ], [ 77.31636302283539, 31.615942471567905 ], [ 77.306706778994794, 31.615083584839624 ], [ 77.298835999681671, 31.653303000133519 ], [ 77.305839999816214, 31.661831000400525 ], [ 77.28510754827488, 31.689740332350596 ] ] ] } },
{ "type": "Feature", "properties": { "pincode": "175124", "state": "Himachal Pradesh", "district": "Mandi", "officename": "Pandoh", "officetype": "S.O" }, "geometry": { "type": "Polygon", "coordinates": [ [ [ 77.044934358034311, 31.633241955451922 ], [ 77.057913104006616, 31.651944114629316 ], [ 77.048104775814863, 31.653742341436043 ], [ 77.038322672753225, 31.671149565000519 ], [ 77.050710896890621, 31.675091489580666 ], [ 77.04574129812255, 31.688484969605838 ], [ 77.156078322256917, 31.732906714073522 ], [ 77.168360691692556, 31.691186434106783 ], [ 77.181424067466935, 31.685969953450638 ], [ 77.170210452350489, 31.671643276616066 ], [ 77.188817892232009, 31.648158831265221 ], [ 77.18411079207948, 31.641547101018034 ], [ 77.133252469326123, 31.622678980950241 ], [ 77.120950041411334, 31.63777069216394 ], [ 77.10260847440162, 31.611457936534634 ], [ 77.055285289484573, 31.61789549598052 ], [ 77.044934358034311, 31.633241955451922 ] ] ] } },
{ "type": "Feature", "properties": { "pincode": "175125", "state": "Himachal Pradesh", "district": "Kullu, Mandi", "officename": "Bhuntar", "officetype": "S.O" }, "geometry": { "type": "Polygon", "coordinates": [ [ [ 77.07385038478759, 31.834490598062757 ], [ 77.059531999702187, 31.834874999781391 ], [ 77.058767003994149, 31.841092132695849 ], [ 77.102998070604542, 31.849340593993304 ], [ 77.111146850147065, 31.861245717615873 ], [ 77.108458952818523, 31.880501896045814 ], [ 77.136335401058091, 31.90462776485964 ], [ 77.144217851772623, 31.894179048324474 ], [ 77.151434114392941, 31.904547347482207 ], [ 77.186624187656321, 31.853688328653618 ], [ 77.189513718383523, 31.841169030126707 ], [ 77.176055999784637, 31.82622500018374 ], [ 77.190590000028521, 31.814689999743791 ], [ 77.188903999619868, 31.808175999722778 ], [ 77.143606553799486, 31.797762484451198 ], [ 77.122316279772519, 31.781864669518939 ], [ 77.103032032602414, 31.799261159674927 ], [ 77.089064695179729, 31.798907194611445 ], [ 77.089331715586241, 31.817693078872594 ], [ 77.07385038478759, 31.834490598062757 ] ] ] } },
{ "type": "Feature", "properties": { "pincode": "175126", "state": "Himachal Pradesh", "district": "Kullu", "officename": "Shamshi", "officetype": "S.O" }, "geometry": { "type": "Polygon", "coordinates": [ [ [ 77.061286999695312, 31.856087000414902 ], [ 77.040169316360846, 31.881102046922024 ], [ 77.111771825009839, 31.921732731680379 ], [ 77.120454801847643, 31.925095086369254 ], [ 77.134766259455489, 31.90862854916827 ], [ 77.108458952818523, 31.880501896045814 ], [ 77.111146850147065, 31.861245717615873 ], [ 77.102998070604542, 31.849340593993304 ], [ 77.058767003994149, 31.841092132695849 ], [ 77.061286999695312, 31.856087000414902 ] ] ] } },
{ "type": "Feature", "properties": { "pincode": "175128", "state": "Himachal Pradesh", "district": "Kullu", "officename": "Raison", "officetype": "S.O" }, "geometry": { "type": "Polygon", "coordinates": [ [ [ 77.103207688184398, 31.990810670676126 ], [ 77.030155832126013, 32.069213392184224 ], [ 77.101318347463859, 32.096359817551615 ], [ 77.143938421620874, 32.095227850784681 ], [ 77.138759562304017, 32.07908623594119 ], [ 77.144879455122862, 32.055797078372507 ], [ 77.136087145905094, 32.057602382843925 ], [ 77.135192622641625, 32.028562934032266 ], [ 77.109960513067278, 32.006598790801718 ], [ 77.111887417570301, 31.992070269227611 ], [ 77.134615636502588, 31.988635618039439 ], [ 77.124019860128612, 31.972307605211995 ], [ 77.101209591549548, 31.962148545918808 ], [ 77.103207688184398, 31.990810670676126 ] ] ] } },
{ "type": "Feature", "properties": { "pincode": "175130", "state": "Himachal Pradesh", "district": "Kullu", "officename": "Naggar", "officetype": "S.O" }, "geometry": { "type": "Polygon", "coordinates": [ [ [ 77.227093768762472, 32.182048605258956 ], [ 77.278303801979121, 32.179089278147785 ], [ 77.295367519595459, 32.196245430782142 ], [ 77.30435472628983, 32.189097900647823 ], [ 77.257328401284724, 32.111906783571214 ], [ 77.249031775895901, 32.125629139373473 ], [ 77.234939309501726, 32.129913671478732 ], [ 77.163948635720999, 32.132096952012887 ], [ 77.165755588649631, 32.150084734722782 ], [ 77.178388077647753, 32.159834075482422 ], [ 77.23714756510816, 32.164018793632522 ], [ 77.227093768762472, 32.182048605258956 ] ] ] } },
{ "type": "Feature", "properties": { "pincode": "175131", "state": "Himachal Pradesh", "district": "Kullu", "officename": "Manali (Kullu)", "officetype": "S.O" }, "geometry": { "type": "Polygon", "coordinates": [ [ [ 77.171506372721126, 32.187317734925614 ], [ 77.042360790618034, 32.211356846141712 ], [ 77.052406000236829, 32.226009000215242 ], [ 77.031677000293428, 32.247406000386718 ], [ 77.035446880968777, 32.283015199991723 ], [ 77.198601998983122, 32.292565714136572 ], [ 77.281169741690292, 32.352274817328976 ], [ 77.283638000293479, 32.344524000382478 ], [ 77.326369999576002, 32.321590000378364 ], [ 77.347565000324607, 32.283954999623575 ], [ 77.345585621279383, 32.255141918264883 ], [ 77.324224908752626, 32.245187758708198 ], [ 77.30735620552457, 32.209987056357704 ], [ 77.278303801979121, 32.179089278147785 ], [ 77.216813800116938, 32.18242688709131 ], [ 77.20491960595507, 32.234996584624923 ], [ 77.189823559109982, 32.262370748910996 ], [ 77.166877568445102, 32.250696473163828 ], [ 77.171506372721126, 32.187317734925614 ] ] ] } },
{ "type": "Feature", "properties": { "pincode": "175132", "state": "Himachal Pradesh", "district": "Lahul & Spiti", "officename": "Keylong", "officetype": "H.O" }, "geometry": { "type": "Polygon", "coordinates": [ [ [ 76.96601759303752, 32.585386656768776 ], [ 77.191520999794477, 32.929237000187584 ], [ 77.206589000382223, 32.908119000291777 ], [ 77.245894999954317, 32.893547000094145 ], [ 77.242415999598791, 32.87798700019988 ], [ 77.25643899966019, 32.863087000165024 ], [ 77.275932000161788, 32.874287000444781 ], [ 77.298851000373418, 32.853507999994179 ], [ 77.322739000304807, 32.851871000046685 ], [ 77.339157000195598, 32.820148000329993 ], [ 77.353508000094223, 32.816649999997594 ], [ 77.341757394388367, 32.731185503208508 ], [ 77.297062661612586, 32.595313514707129 ], [ 77.221975510261586, 32.536316467730842 ], [ 77.062638786850584, 32.533411309484393 ], [ 77.003194791206738, 32.524919310877522 ], [ 76.953690000293363, 32.424694000327975 ], [ 76.926018000330487, 32.415585000247574 ], [ 76.912148000130173, 32.419865000669347 ], [ 76.917792999647247, 32.435702999893635 ], [ 76.891457000140576, 32.438808000089296 ], [ 76.908828999958416, 32.467193999703397 ], [ 76.865340999987154, 32.461140000210946 ], [ 76.855774000369934, 32.469554999763602 ], [ 76.85719300015694, 32.483012999850189 ], [ 76.879723000416334, 32.517071000226565 ], [ 76.927200266179398, 32.543136504346307 ], [ 76.96601759303752, 32.585386656768776 ] ] ] } },
{ "type": "Feature", "properties": { "pincode": "175133", "state": "Himachal Pradesh", "district": "Lahul & Spiti", "officename": "Lote (Lahul & Spiti)", "officetype": "S.O" }, "geometry": { "type": "Polygon", "coordinates": [ [ [ 77.175056000434324, 32.911339000394605 ], [ 76.96601759303752, 32.585386656768776 ], [ 76.927200266179398, 32.543136504346307 ], [ 76.883223999987649, 32.519936000146345 ], [ 76.865859999639326, 32.533398000417492 ], [ 76.839218000410369, 32.526385999914055 ], [ 76.827965000384495, 32.538502000167284 ], [ 76.804919891839688, 32.53398801053828 ], [ 76.866228583182533, 32.622358997469803 ], [ 76.897079456351946, 32.630188639094627 ], [ 76.891107448949526, 32.669833329644575 ], [ 76.915939522091264, 32.712949332246012 ], [ 76.919963489123745, 32.736795251999467 ], [ 76.914608218794342, 32.800438027593032 ], [ 76.952160859636081, 32.823663037419294 ], [ 76.944147779696436, 32.837238481770726 ], [ 76.953722140264574, 32.845744289467632 ], [ 76.959674240274069, 32.884040706513588 ], [ 76.971526412713843, 32.895731465934375 ], [ 76.951426019994869, 32.929188525829886 ], [ 76.988737361040421, 32.964267874562893 ], [ 77.004714093280768, 32.967578130626293 ], [ 77.00511508749139, 32.988759278218083 ], [ 77.053039999796169, 32.998074000015322 ], [ 77.083617999770922, 32.983867999608549 ], [ 77.092589999828817, 32.971644999817045 ], [ 77.114830000204392, 32.97585699980084 ], [ 77.1208950002042, 32.985485000432448 ], [ 77.154129000353237, 32.978682999720775 ], [ 77.152977000288445, 32.959140999657507 ], [ 77.163825999670166, 32.95457500043608 ], [ 77.166442999844605, 32.93953700033228 ], [ 77.163810999877796, 32.912139999561475 ], [ 77.175056000434324, 32.911339000394605 ] ] ] } },
{ "type": "Feature", "properties": { "pincode": "175134", "state": "Himachal Pradesh", "district": "Kullu", "officename": "Sainj", "officetype": "S.O" }, "geometry": { "type": "Polygon", "coordinates": [ [ [ 77.186624187656321, 31.853688328653618 ], [ 77.151434114392941, 31.904547347482207 ], [ 77.179881636628409, 31.915895269151349 ], [ 77.174491536455264, 31.951268710582667 ], [ 77.199527869915357, 31.97107670312738 ], [ 77.217594119373246, 31.971559011339366 ], [ 77.235462720328371, 31.982950575308848 ], [ 77.280913255042719, 31.942826557799435 ], [ 77.306765162082684, 31.930410915131688 ], [ 77.353176097199196, 31.950564190684986 ], [ 77.399381065983391, 31.94040834377023 ], [ 77.462606955446745, 31.875486250190534 ], [ 77.442051000353445, 31.87152477884564 ], [ 77.458746947413886, 31.808444481527772 ], [ 77.449898910806326, 31.765955058179486 ], [ 77.462917866366524, 31.729415216738914 ], [ 77.44830240193437, 31.716158106311696 ], [ 77.427587074384007, 31.723868579671375 ], [ 77.403033809063174, 31.709783905003405 ], [ 77.373902875817066, 31.723257936404764 ], [ 77.342674766727328, 31.719895409045989 ], [ 77.331980215114868, 31.753841352096799 ], [ 77.295869113768731, 31.764861284720666 ], [ 77.309278580142461, 31.777251416319928 ], [ 77.266988270292529, 31.779537574799349 ], [ 77.282947022387305, 31.794292129278517 ], [ 77.275052899371929, 31.821965117596278 ], [ 77.327561945727382, 31.845391986551078 ], [ 77.268180814493178, 31.865579417456274 ], [ 77.237861931682971, 31.88971087195921 ], [ 77.186624187656321, 31.853688328653618 ] ] ] } },
{ "type": "Feature", "properties": { "pincode": "175138", "state": "Himachal Pradesh", "district": "Kullu", "officename": "Babeli", "officetype": "S.O" }, "geometry": { "type": "Polygon", "coordinates": [ [ [ 77.179881636628409, 31.915895269151349 ], [ 77.153995596719483, 31.907329264434111 ], [ 77.144217851772623, 31.894179048324474 ], [ 77.110557116118173, 31.945247316010921 ], [ 77.134615636502588, 31.988635618039439 ], [ 77.111887417570301, 31.992070269227611 ], [ 77.109960513067278, 32.006598790801718 ], [ 77.135192622641625, 32.028562934032266 ], [ 77.136087145905094, 32.057602382843925 ], [ 77.188946635578816, 32.052751652866618 ], [ 77.221006503347553, 32.058738353392528 ], [ 77.232515101490833, 32.050196384855383 ], [ 77.269283770030029, 32.065628800628758 ], [ 77.239591292903924, 32.004863859179864 ], [ 77.213501282258505, 31.972903102096666 ], [ 77.199527869915357, 31.97107670312738 ], [ 77.174726389911086, 31.951772584537309 ], [ 77.179881636628409, 31.915895269151349 ] ] ] } },
{ "type": "Feature", "properties": { "pincode": "175139", "state": "Himachal Pradesh", "district": "Lahul & Spiti", "officename": "Jahalman", "officetype": "S.O" }, "geometry": { "type": "Polygon", "coordinates": [ [ [ 76.804919891839688, 32.53398801053828 ], [ 76.779152578628725, 32.579154626584796 ], [ 76.78996104646518, 32.6440054300067 ], [ 76.771046228200987, 32.666523070883045 ], [ 76.762639642705381, 32.694745179846279 ], [ 76.775249520948819, 32.734976696917158 ], [ 76.885135606123413, 32.828650081236333 ], [ 76.959534025175344, 32.868530260163539 ], [ 76.944147779696436, 32.837238481770726 ], [ 76.952160859636081, 32.823663037419294 ], [ 76.914608218794342, 32.800438027593032 ], [ 76.919963489123745, 32.736795251999467 ], [ 76.915939522091264, 32.712949332246012 ], [ 76.891107448949526, 32.669833329644575 ], [ 76.897079456351946, 32.630188639094627 ], [ 76.866228583182533, 32.622358997469803 ], [ 76.804919891839688, 32.53398801053828 ] ] ] } },
{ "type": "Feature", "properties": { "pincode": "175140", "state": "Himachal Pradesh", "district": "Lahul & Spiti", "officename": "Gondhla", "officetype": "S.O" }, "geometry": { "type": "Polygon", "coordinates": [ [ [ 77.074668999874575, 32.396957000065527 ], [ 77.078505999652236, 32.417316000033566 ], [ 77.069015999988437, 32.416988000196113 ], [ 77.058776999958582, 32.429173000034041 ], [ 76.981400000209874, 32.404999000403734 ], [ 76.952576000182376, 32.403206000456635 ], [ 76.953690000293363, 32.424694000327975 ], [ 77.003194791206738, 32.524919310877522 ], [ 77.062638786850584, 32.533411309484393 ], [ 77.221975510261586, 32.536316467730842 ], [ 77.297062661612586, 32.595313514707129 ], [ 77.341757394388367, 32.731185503208508 ], [ 77.353508000094223, 32.816649999997594 ], [ 77.374046000222904, 32.822982999765713 ], [ 77.377311999749224, 32.857345999818108 ], [ 77.397079000295832, 32.878596999551917 ], [ 77.413147000233892, 32.885082000034288 ], [ 77.427840999762509, 32.875942000323107 ], [ 77.443436000371207, 32.881378000094628 ], [ 77.45387299963943, 32.863556000209371 ], [ 77.472916000073383, 32.859383000225421 ], [ 77.502312000398547, 32.884174000429937 ], [ 77.512107999784405, 32.879130999895779 ], [ 77.537360999710415, 32.88498700015009 ], [ 77.595000633372706, 32.926686435630529 ], [ 77.598859423723582, 32.881074218100764 ], [ 77.621594511677529, 32.839256103586479 ], [ 77.61729181686394, 32.775696342612264 ], [ 77.60688362737767, 32.76062719448953 ], [ 77.580089446670797, 32.770969438489033 ], [ 77.550365581406538, 32.756766992202984 ], [ 77.539506444866731, 32.760864292653025 ], [ 77.536265886261788, 32.747269255671711 ], [ 77.561138856073399, 32.725625589449578 ], [ 77.585286032524493, 32.723214319085741 ], [ 77.593228007566552, 32.704517782469793 ], [ 77.580243535610805, 32.674106224522689 ], [ 77.631735013460343, 32.62603797467284 ], [ 77.626102383218495, 32.614342051344693 ], [ 77.63532816206515, 32.585996716375348 ], [ 77.589371140865524, 32.566047761395168 ], [ 77.590754979858616, 32.52536914636903 ], [ 77.62121093463702, 32.507155111319435 ], [ 77.634458594088926, 32.459321663664014 ], [ 77.624344262577779, 32.416522426568804 ], [ 77.609515289199294, 32.395745152816687 ], [ 77.639226617914119, 32.385431583700779 ], [ 77.653591836094449, 32.370578159554498 ], [ 77.688848129138023, 32.36787501781788 ], [ 77.75281372897058, 32.321122093010217 ], [ 77.746805185710855, 32.298571127755395 ], [ 77.725311866349557, 32.289159441055347 ], [ 77.695933381220698, 32.251694563253523 ], [ 77.690058252386564, 32.213155644017888 ], [ 77.741439507527332, 32.194024995657117 ], [ 77.798038111169888, 32.187836598780223 ], [ 77.805509751573879, 32.183160038704898 ], [ 77.798365950928087, 32.149711180626525 ], [ 77.764534465493284, 32.123580566490034 ], [ 77.770408943218172, 32.109121735180054 ], [ 77.764918035339178, 32.09478015837783 ], [ 77.744931093894877, 32.088767447659677 ], [ 77.683433999979343, 32.108765000204585 ], [ 77.652100000214887, 32.147754999593531 ], [ 77.573120000287929, 32.188674999851457 ], [ 77.56428500025271, 32.209194000003265 ], [ 77.545470999587053, 32.222766999997077 ], [ 77.533218000210695, 32.213557999801935 ], [ 77.532157999891865, 32.200141999853486 ], [ 77.525001999942504, 32.199904999716068 ], [ 77.514534000144124, 32.201862000031326 ], [ 77.500259000152823, 32.221153000210791 ], [ 77.473938000438466, 32.228058000276576 ], [ 77.46305100020362, 32.198894999904496 ], [ 77.422851999919885, 32.194538000428622 ], [ 77.39546200037114, 32.218731000035802 ], [ 77.384109000230239, 32.217082999580782 ], [ 77.35744499998691, 32.232650999843941 ], [ 77.345032000426613, 32.253857000200526 ], [ 77.347565000324607, 32.283954999623575 ], [ 77.326369999576002, 32.321590000378364 ], [ 77.283638000293479, 32.344524000382478 ], [ 77.276871000296467, 32.358448000374949 ], [ 77.246155000253111, 32.376369000329191 ], [ 77.229232999603312, 32.374420000382884 ], [ 77.19625899975307, 32.401359999864269 ], [ 77.15081000018148, 32.416012000153728 ], [ 77.109847999785416, 32.399300000194899 ], [ 77.074668999874575, 32.396957000065527 ] ] ] } },
{ "type": "Feature", "properties": { "pincode": "175141", "state": "Himachal Pradesh", "district": "Kullu", "officename": "Garsa", "officetype": "S.O" }, "geometry": { "type": "Polygon", "coordinates": [ [ [ 77.217452999556428, 31.720991000034758 ], [ 77.187583999901676, 31.821492999602356 ], [ 77.176055999784637, 31.82622500018374 ], [ 77.189513718383523, 31.841169030126707 ], [ 77.186624187656321, 31.853688328653618 ], [ 77.237861931682971, 31.88971087195921 ], [ 77.268180814493178, 31.865579417456274 ], [ 77.327561945727382, 31.845391986551078 ], [ 77.275052899371929, 31.821965117596278 ], [ 77.282947022387305, 31.794292129278517 ], [ 77.266988270292529, 31.779537574799349 ], [ 77.309278580142461, 31.777251416319928 ], [ 77.303325847909662, 31.767767238867123 ], [ 77.252917508136591, 31.748935678938437 ], [ 77.231692078826427, 31.721290543523821 ], [ 77.217452999556428, 31.720991000034758 ] ] ] } },
{ "type": "Feature", "properties": { "pincode": "175142", "state": "Himachal Pradesh", "district": "Lahul & Spiti", "officename": "Udaipur", "officetype": "S.O" }, "geometry": { "type": "Polygon", "coordinates": [ [ [ 76.959534025175344, 32.868530260163539 ], [ 76.885135606123413, 32.828650081236333 ], [ 76.775249520948819, 32.734976696917158 ], [ 76.762639642705381, 32.694745179846279 ], [ 76.771046228200987, 32.666523070883045 ], [ 76.78996104646518, 32.6440054300067 ], [ 76.779152578628725, 32.579154626584796 ], [ 76.804919891839688, 32.53398801053828 ], [ 76.781532000401739, 32.55250200006725 ], [ 76.767676999993625, 32.547343999625923 ], [ 76.757774000170059, 32.558387999906245 ], [ 76.739669999870671, 32.560711000012702 ], [ 76.714912000288621, 32.538157999592045 ], [ 76.700829000158308, 32.546364000298354 ], [ 76.709061000265137, 32.561366999687323 ], [ 76.705528000117226, 32.573257000310377 ], [ 76.680343999775914, 32.570015000092212 ], [ 76.649467000401899, 32.580353000190826 ], [ 76.629897999992806, 32.574180999753537 ], [ 76.624809000035384, 32.58618200009937 ], [ 76.631500000125016, 32.603031000080534 ], [ 76.608856000004323, 32.6062469999992 ], [ 76.593635999601929, 32.642464000113648 ], [ 76.575706000131902, 32.649520999994309 ], [ 76.516693000081887, 32.666907999604689 ], [ 76.464225999730274, 32.652702000097293 ], [ 76.442695999720797, 32.65956099984038 ], [ 76.446037000007721, 32.674355000383002 ], [ 76.426422000175364, 32.688247999845544 ], [ 76.425522000040303, 32.712395000029289 ], [ 76.403579999917156, 32.727576999578901 ], [ 76.384888000381068, 32.774695999720734 ], [ 76.38525400017204, 32.792361999606783 ], [ 76.375519000001987, 32.796851999820035 ], [ 76.37719700004169, 32.819762999662714 ], [ 76.443870999946796, 32.853755999739576 ], [ 76.455597000201521, 32.852066000045966 ], [ 76.473381000133202, 32.805309000410148 ], [ 76.513251999680165, 32.803162000326097 ], [ 76.546906000311765, 32.812919999758265 ], [ 76.612411000267571, 32.854228999968427 ], [ 76.640099000068915, 32.841793000246867 ], [ 76.670905999812135, 32.845753000300931 ], [ 76.717528999563683, 32.890255000268155 ], [ 76.71916200022622, 32.922828999658634 ], [ 76.773681999924349, 32.937660000109133 ], [ 76.791275000041367, 32.960831000250494 ], [ 76.779808000039168, 32.961226999626319 ], [ 76.776717999636105, 32.980689999643857 ], [ 76.787154999803477, 32.988350000352227 ], [ 76.774459999829219, 32.993988000445881 ], [ 76.775687999801505, 33.01478199978942 ], [ 76.756766999597403, 33.025664999839933 ], [ 76.735756000139418, 33.096973000303763 ], [ 76.747734000323987, 33.130535000290081 ], [ 76.748512000228686, 33.184440999552635 ], [ 76.777878000069734, 33.223834999585733 ], [ 76.780396000175415, 33.23873499962059 ], [ 76.773399000363668, 33.248695000274154 ], [ 76.796340999837355, 33.254894000158231 ], [ 76.820808000388979, 33.235774999816385 ], [ 76.832030999930794, 33.246548000190103 ], [ 76.846428000152116, 33.245482999640842 ], [ 76.829078999596334, 33.214527000220869 ], [ 76.836586000443731, 33.204617000074677 ], [ 76.821274000295034, 33.192898000142577 ], [ 76.82454700014398, 33.18376199971658 ], [ 76.816048000315106, 33.172321000014279 ], [ 76.821341999833464, 33.154681999574791 ], [ 76.84705400024211, 33.136639000289733 ], [ 76.862267000322049, 33.111153000410695 ], [ 76.886550999628923, 33.119052999596363 ], [ 76.895057999826918, 33.113045000426553 ], [ 76.902596000305323, 33.096214000375994 ], [ 76.912124999968967, 33.09389899973911 ], [ 76.908546000397735, 33.079498000232604 ], [ 76.935219000156849, 33.032309999606866 ], [ 77.012871748232669, 32.990023012751976 ], [ 77.00511508749139, 32.988759278218083 ], [ 77.004714093280768, 32.967578130626293 ], [ 76.988737361040421, 32.964267874562893 ], [ 76.952992176747614, 32.932331392879519 ], [ 76.971526412713843, 32.895731465934375 ], [ 76.959674240274069, 32.884040706513588 ], [ 76.959534025175344, 32.868530260163539 ] ] ] } },
{ "type": "Feature", "properties": { "pincode": "175143", "state": "Himachal Pradesh", "district": "Kullu", "officename": "Jagatsukh", "officetype": "S.O" }, "geometry": { "type": "Polygon", "coordinates": [ [ [ 77.171506372721126, 32.187317734925614 ], [ 77.166877568445102, 32.250696473163828 ], [ 77.189823559109982, 32.262370748910996 ], [ 77.20491960595507, 32.234996584624923 ], [ 77.216813800116938, 32.18242688709131 ], [ 77.186735231445937, 32.17934612992002 ], [ 77.171506372721126, 32.187317734925614 ] ] ] } },
{ "type": "Feature", "properties": { "pincode": "176001", "state": "Himachal Pradesh", "district": "Kangra", "officename": "Kangra", "officetype": "H.O" }, "geometry": { "type": "Polygon", "coordinates": [ [ [ 76.216551223460328, 32.047735568142116 ], [ 76.182445594089018, 32.084137521029902 ], [ 76.195020950956291, 32.093708741165642 ], [ 76.216010616696735, 32.09985620450027 ], [ 76.225506824380545, 32.093031983339472 ], [ 76.232767924500308, 32.100882879541416 ], [ 76.260714927252138, 32.105008582380151 ], [ 76.258929611112762, 32.125082103356476 ], [ 76.277507558627008, 32.127835804079211 ], [ 76.273363659805227, 32.135068755418899 ], [ 76.283551743818123, 32.142425842878538 ], [ 76.316843861755046, 32.148328745475283 ], [ 76.306429133297968, 32.13395546487294 ], [ 76.310777322115882, 32.127698123270022 ], [ 76.302576339626512, 32.125056250545697 ], [ 76.305974490030792, 32.099766597850191 ], [ 76.299044901601121, 32.09590849008481 ], [ 76.305445712949279, 32.089014071442421 ], [ 76.291150090604333, 32.081386747600391 ], [ 76.302155918261064, 32.068541350403109 ], [ 76.297129644217875, 32.050219563981727 ], [ 76.289496038611389, 32.068204373533035 ], [ 76.265482481631352, 32.072869150690849 ], [ 76.253951598287699, 32.067348057966683 ], [ 76.246095996832878, 32.073860321396864 ], [ 76.22917005715243, 32.06337194745754 ], [ 76.231462974037072, 32.04793680134253 ], [ 76.216551223460328, 32.047735568142116 ] ] ] } },
{ "type": "Feature", "properties": { "pincode": "176002", "state": "Himachal Pradesh", "district": "Kangra", "officename": "Tanda", "officetype": "S.O" }, "geometry": { "type": "Polygon", "coordinates": [ [ [ 76.302779871494124, 32.114832579459971 ], [ 76.318798566101009, 32.161526465574127 ], [ 76.342140707227998, 32.165839198620176 ], [ 76.353741854603015, 32.156937631666381 ], [ 76.34588680263397, 32.141185215525468 ], [ 76.332795386897772, 32.141990341681094 ], [ 76.343788456771904, 32.13398218283163 ], [ 76.33599119883479, 32.132778756834227 ], [ 76.330049628987297, 32.107471739129494 ], [ 76.305974490030792, 32.099766597850191 ], [ 76.302779871494124, 32.114832579459971 ] ] ] } },
{ "type": "Feature", "properties": { "pincode": "176021", "state": "Himachal Pradesh", "district": "Kangra", "officename": "Bharmar", "officetype": "S.O" }, "geometry": { "type": "Polygon", "coordinates": [ [ [ 75.921967876716224, 32.204715688278441 ], [ 75.938285365677132, 32.209140200759805 ], [ 75.945490403859196, 32.220540365845181 ], [ 75.965222263396811, 32.208480616387419 ], [ 75.961678791543079, 32.198636051812514 ], [ 75.980307616403366, 32.184173500007148 ], [ 75.975522274333571, 32.161149756656016 ], [ 75.956724287895725, 32.159434537274194 ], [ 75.942029000538071, 32.167237746025194 ], [ 75.921967876716224, 32.204715688278441 ] ] ] } },
{ "type": "Feature", "properties": { "pincode": "176022", "state": "Himachal Pradesh", "district": "Kangra", "officename": "Rehan", "officetype": "S.O" }, "geometry": { "type": "Polygon", "coordinates": [ [ [ 75.808606884899859, 32.167382976643125 ], [ 75.820110230103012, 32.185897070493638 ], [ 75.852875660982988, 32.182415375769096 ], [ 75.854404395146787, 32.197505491585218 ], [ 75.872292417860876, 32.21246389988903 ], [ 75.872116462804684, 32.201445468233828 ], [ 75.881379387249012, 32.208443955524274 ], [ 75.879843494481747, 32.197249506759533 ], [ 75.897751157490006, 32.186990796288399 ], [ 75.913116405597691, 32.189352482531206 ], [ 75.922029565712023, 32.202386925316432 ], [ 75.942029000538071, 32.167237746025194 ], [ 75.971132395643679, 32.149319448533902 ], [ 75.947471236208571, 32.130757813822129 ], [ 75.937015893468867, 32.13677163610231 ], [ 75.915815943750886, 32.125825393926903 ], [ 75.896522404785287, 32.1288487797475 ], [ 75.880997616047182, 32.105044270177075 ], [ 75.869606417202533, 32.103295310030603 ], [ 75.847995355900991, 32.125990347576533 ], [ 75.85354794378253, 32.144321635335245 ], [ 75.838923799993438, 32.145800113584414 ], [ 75.828242847929118, 32.135383826602435 ], [ 75.830583491834659, 32.148346291248458 ], [ 75.817783192040679, 32.142504274552834 ], [ 75.808606884899859, 32.167382976643125 ] ] ] } },
{ "type": "Feature", "properties": { "pincode": "176023", "state": "Himachal Pradesh", "district": "Kangra", "officename": "Jawali", "officetype": "S.O" }, "geometry": { "type": "Polygon", "coordinates": [ [ [ 75.977407185893014, 32.127988732893868 ], [ 75.977678596789985, 32.164371989775645 ], [ 75.990438068262279, 32.162291677119242 ], [ 75.995969478009044, 32.171142676993099 ], [ 75.995894542899009, 32.193047212259046 ], [ 76.032831850509638, 32.203574362266977 ], [ 76.055787972037422, 32.189981857776615 ], [ 76.060306160600987, 32.176270574427576 ], [ 76.050432690016748, 32.173361261313232 ], [ 76.058460509844849, 32.158256990168127 ], [ 76.092033211763408, 32.137827874556876 ], [ 76.088919996260984, 32.126381364708266 ], [ 76.07321840530517, 32.117946079148282 ], [ 76.074367574304233, 32.103564459132542 ], [ 76.066197288374326, 32.093318897649226 ], [ 76.054686780070995, 32.099260496275122 ], [ 76.038896474592718, 32.085694902198099 ], [ 76.028529540605916, 32.104834997936791 ], [ 76.011388629681676, 32.0601888708199 ], [ 75.977407185893014, 32.127988732893868 ] ] ] } },
{ "type": "Feature", "properties": { "pincode": "176025", "state": "Himachal Pradesh", "district": "Kangra", "officename": "Dhameta", "officetype": "S.O" }, "geometry": { "type": "Polygon", "coordinates": [ [ [ 75.9071926081524, 31.950352963318721 ], [ 75.882346331118526, 31.966787798518112 ], [ 75.885150217608611, 31.992824558506697 ], [ 75.922763416998237, 31.994500345314634 ], [ 75.931461745263334, 32.019839391474818 ], [ 75.919367050848848, 32.038970505684233 ], [ 75.907504729559662, 32.041608800905635 ], [ 75.915743388246881, 32.05718281673353 ], [ 75.910048157996243, 32.066153874302017 ], [ 75.993324634824035, 32.091544535252126 ], [ 76.011524717791531, 32.057463751450996 ], [ 76.002008938162021, 32.053723725569455 ], [ 76.004643579437811, 32.060209910459093 ], [ 75.989787433943036, 32.063312817932285 ], [ 75.990845447659524, 32.023323614193487 ], [ 75.979957989669572, 32.021827202563372 ], [ 75.983998997056062, 32.004746476968535 ], [ 75.969101964783988, 31.989669270020897 ], [ 75.971780348184723, 31.980076768328388 ], [ 75.937136974591795, 31.975616249690177 ], [ 75.9071926081524, 31.950352963318721 ] ] ] } },
{ "type": "Feature", "properties": { "pincode": "176026", "state": "Himachal Pradesh", "district": "Kangra", "officename": "Lanj", "officetype": "S.O" }, "geometry": { "type": "Polygon", "coordinates": [ [ [ 76.096830915914154, 32.089252899002133 ], [ 76.120332308988964, 32.098455415984688 ], [ 76.168598577862213, 32.085540778184452 ], [ 76.196791184565598, 32.027156147038738 ], [ 76.193790911321514, 32.020748792223117 ], [ 76.160342330234414, 32.006233196604853 ], [ 76.158495046309497, 32.024134536479835 ], [ 76.141262541233402, 32.042644633742952 ], [ 76.117093549927517, 32.047077208646328 ], [ 76.096830915914154, 32.089252899002133 ] ] ] } },
{ "type": "Feature", "properties": { "pincode": "176027", "state": "Himachal Pradesh", "district": "Kangra", "officename": "Nagrota Surian", "officetype": "S.O" }, "geometry": { "type": "Polygon", "coordinates": [ [ [ 76.038896474592718, 32.085694902198099 ], [ 76.054686780070995, 32.099260496275122 ], [ 76.066197288374326, 32.093318897649226 ], [ 76.076373357444538, 32.122864439942134 ], [ 76.088919996260984, 32.126381364708266 ], [ 76.103909310666268, 32.096964757317778 ], [ 76.098943657224083, 32.080209121353903 ], [ 76.117093549927517, 32.047077208646328 ], [ 76.131947453412351, 32.041320451277727 ], [ 76.118048839482526, 32.006948585708699 ], [ 76.100746285312994, 31.998316233507467 ], [ 76.08627002514163, 32.017182076491622 ], [ 76.057538407971208, 32.026240894401838 ], [ 76.043679389392423, 32.041889321035455 ], [ 76.011309212350284, 32.056861419718757 ], [ 76.028529540605916, 32.104834997936791 ], [ 76.038896474592718, 32.085694902198099 ] ] ] } },
{ "type": "Feature", "properties": { "pincode": "176028", "state": "Himachal Pradesh", "district": "Kangra", "officename": "Haripur (Kangra)", "officetype": "S.O" }, "geometry": { "type": "Polygon", "coordinates": [ [ [ 76.100746285312994, 31.998316233507467 ], [ 76.111595962783611, 31.999995187727905 ], [ 76.119216164894169, 31.990186906300664 ], [ 76.146209256751888, 31.982558335998476 ], [ 76.160390724552485, 32.00628276543722 ], [ 76.20104923253615, 32.023618347209094 ], [ 76.209882692932013, 32.004525181692031 ], [ 76.204401474348685, 31.991519592755026 ], [ 76.212422885607793, 31.982737626640187 ], [ 76.201620484597811, 31.973798271972839 ], [ 76.236776875552493, 31.914710826044029 ], [ 76.226295353547869, 31.911688757730076 ], [ 76.21850971754958, 31.919596308522898 ], [ 76.194803791661684, 31.911279268523572 ], [ 76.16775439055283, 31.939622199605026 ], [ 76.151094493715959, 31.926217170486098 ], [ 76.117105044162599, 31.937805072646029 ], [ 76.111815367685324, 31.933602503852626 ], [ 76.102967017214326, 31.939051404399038 ], [ 76.09597111547464, 31.96986007058598 ], [ 76.100746285312994, 31.998316233507467 ] ] ] } },
{ "type": "Feature", "properties": { "pincode": "176029", "state": "Himachal Pradesh", "district": "Kangra", "officename": "Ranital (Kangra)", "officetype": "S.O" }, "geometry": { "type": "Polygon", "coordinates": [ [ [ 76.182267791825268, 32.069028493370297 ], [ 76.204685107032219, 32.063605792773274 ], [ 76.216551223460328, 32.047735568142116 ], [ 76.231462974037072, 32.04793680134253 ], [ 76.251934865002113, 32.01241604466486 ], [ 76.262265076971858, 32.014743329141425 ], [ 76.274463007262227, 31.99556462280907 ], [ 76.281468752980686, 31.969027250707143 ], [ 76.298731119145998, 31.967224868133258 ], [ 76.305297072102235, 31.957591895149903 ], [ 76.283950143484446, 31.943530352843538 ], [ 76.265236599789318, 31.941464326817368 ], [ 76.25722236062353, 31.92241640349431 ], [ 76.236783745473474, 31.920014986102785 ], [ 76.214725846121098, 31.944265460482825 ], [ 76.222300245759811, 31.97410367274648 ], [ 76.211418335687767, 31.977107817571834 ], [ 76.204401474348685, 31.991519592755026 ], [ 76.208294936262234, 32.012010018747446 ], [ 76.20104923253615, 32.023618347209094 ], [ 76.193056451194309, 32.020607882847571 ], [ 76.196791184565598, 32.027156147038738 ], [ 76.182267791825268, 32.069028493370297 ] ] ] } },
{ "type": "Feature", "properties": { "pincode": "176030", "state": "Himachal Pradesh", "district": "Kangra", "officename": "Khundian", "officetype": "S.O" }, "geometry": { "type": "Polygon", "coordinates": [ [ [ 76.342988172566265, 31.93506226990786 ], [ 76.342339192999475, 31.961029116600457 ], [ 76.37592536856107, 31.965947560131895 ], [ 76.379544164031984, 31.941313143586797 ], [ 76.390367350173051, 31.927791288037611 ], [ 76.412493000851441, 31.932785847488958 ], [ 76.430138507885999, 31.902131446509202 ], [ 76.450560924447245, 31.886185441405132 ], [ 76.453373389570402, 31.868925030366029 ], [ 76.448239407322887, 31.8735759309846 ], [ 76.438800790424182, 31.866757434907868 ], [ 76.431287738938181, 31.846226803823981 ], [ 76.400943735365217, 31.852936263398021 ], [ 76.378938845651305, 31.897877517433585 ], [ 76.367763927463329, 31.899675435772906 ], [ 76.371623799698682, 31.909557787162214 ], [ 76.345951659042044, 31.918832645610223 ], [ 76.344954273121346, 31.930282378628988 ], [ 76.336057506748659, 31.925318526528827 ], [ 76.342988172566265, 31.93506226990786 ] ] ] } },
{ "type": "Feature", "properties": { "pincode": "176031", "state": "Himachal Pradesh", "district": "Kangra", "officename": "Jawalamukhi", "officetype": "S.O" }, "geometry": { "type": "Polygon", "coordinates": [ [ [ 76.245579447833393, 31.85235555046836 ], [ 76.251649379715275, 31.870833873784306 ], [ 76.271847777852827, 31.85941440924762 ], [ 76.283694908693235, 31.881810571500921 ], [ 76.265689326601262, 31.901642773795004 ], [ 76.276944033540474, 31.912698317773277 ], [ 76.260843666102289, 31.917594010255414 ], [ 76.256156145989451, 31.930742947528984 ], [ 76.30271046901305, 31.957574945627414 ], [ 76.329972429384327, 31.959163773389548 ], [ 76.342969785927039, 31.944585349334432 ], [ 76.336057506748659, 31.925318526528827 ], [ 76.344954273121346, 31.930282378628988 ], [ 76.345951659042044, 31.918832645610223 ], [ 76.371623799698682, 31.909557787162214 ], [ 76.367763927463329, 31.899675435772906 ], [ 76.378938845651305, 31.897877517433585 ], [ 76.401916920529516, 31.853322821690938 ], [ 76.364342124889276, 31.843571211941935 ], [ 76.367265256986173, 31.835243466413033 ], [ 76.349358654278547, 31.827453293334827 ], [ 76.318515544956483, 31.83983189382684 ], [ 76.291139378779349, 31.826568868558581 ], [ 76.245579447833393, 31.85235555046836 ] ] ] } },
{ "type": "Feature", "properties": { "pincode": "176032", "state": "Himachal Pradesh", "district": "Kangra", "officename": "Tihri", "officetype": "S.O" }, "geometry": { "type": "Polygon", "coordinates": [ [ [ 76.41272699995119, 31.784725000158687 ], [ 76.364342124889276, 31.843571211941935 ], [ 76.395044010072922, 31.852957913676732 ], [ 76.431287738938181, 31.846226803823981 ], [ 76.439598420730704, 31.852982042487326 ], [ 76.427855692186483, 31.83655312932359 ], [ 76.435609315017928, 31.833127627837939 ], [ 76.431860799536423, 31.823140622341896 ], [ 76.440411597617242, 31.814185582598725 ], [ 76.436562000136291, 31.796875000181274 ], [ 76.414519999898062, 31.795958000161534 ], [ 76.41272699995119, 31.784725000158687 ] ] ] } },
{ "type": "Feature", "properties": { "pincode": "176033", "state": "Himachal Pradesh", "district": "Kangra", "officename": "Guler", "officetype": "S.O" }, "geometry": { "type": "Polygon", "coordinates": [ [ [ 76.143387597859373, 31.982833254251432 ], [ 76.100746285312994, 31.998316233507467 ], [ 76.118048839482526, 32.006948585708699 ], [ 76.131954387185374, 32.041179408802805 ], [ 76.141262541233402, 32.042644633742952 ], [ 76.158495046309497, 32.024134536479835 ], [ 76.160342330234414, 32.006233196604853 ], [ 76.151243469111023, 31.989501223602701 ], [ 76.143387597859373, 31.982833254251432 ] ] ] } },
{ "type": "Feature", "properties": { "pincode": "176036", "state": "Himachal Pradesh", "district": "Kangra", "officename": "Kohala", "officetype": "S.O" }, "geometry": { "type": "Polygon", "coordinates": [ [ [ 76.296925275081492, 31.815293488004215 ], [ 76.282245555887812, 31.828160519292624 ], [ 76.295778112469975, 31.826541592120748 ], [ 76.318515544956483, 31.83983189382684 ], [ 76.344310582467642, 31.82693793773575 ], [ 76.367088649921357, 31.835740668297319 ], [ 76.404577688010022, 31.793792177267164 ], [ 76.399223000441282, 31.797571000801099 ], [ 76.370055999884471, 31.777592000370703 ], [ 76.352646000112998, 31.793421000079206 ], [ 76.314407000282984, 31.778089999953579 ], [ 76.306792999897027, 31.782232000306635 ], [ 76.296925275081492, 31.815293488004215 ] ] ] } },
{ "type": "Feature", "properties": { "pincode": "176037", "state": "Himachal Pradesh", "district": "Kangra", "officename": "Sunhi", "officetype": "S.O" }, "geometry": { "type": "Polygon", "coordinates": [ [ [ 76.262265076971858, 32.014743329141425 ], [ 76.268355709448599, 32.029577699351535 ], [ 76.290709515431899, 32.038015104613635 ], [ 76.302779170022689, 32.069791994405136 ], [ 76.315224132388039, 32.072486745467074 ], [ 76.320413832132829, 32.052906050273975 ], [ 76.355055423269278, 32.061268596868388 ], [ 76.361215548159123, 32.054910676886436 ], [ 76.347997171532427, 32.020498374200827 ], [ 76.362902360655539, 32.024777356589823 ], [ 76.370155884886231, 32.011787566043324 ], [ 76.347679578649775, 32.001927862281093 ], [ 76.297241987527798, 32.007317007374127 ], [ 76.274383025156624, 31.995673170080863 ], [ 76.262265076971858, 32.014743329141425 ] ] ] } },
{ "type": "Feature", "properties": { "pincode": "176038", "state": "Himachal Pradesh", "district": "Kangra", "officename": "Daulatpur (Kangra)", "officetype": "S.O" }, "geometry": { "type": "Polygon", "coordinates": [ [ [ 76.252985314520743, 32.011857401098268 ], [ 76.22917005715243, 32.06337194745754 ], [ 76.246095996832878, 32.073860321396864 ], [ 76.253951598287699, 32.067348057966683 ], [ 76.265482481631352, 32.072869150690849 ], [ 76.289496038611389, 32.068204373533035 ], [ 76.294777890087744, 32.049245753788512 ], [ 76.290709515431899, 32.038015104613635 ], [ 76.270153690740244, 32.0308730540483 ], [ 76.252985314520743, 32.011857401098268 ] ] ] } },
{ "type": "Feature", "properties": { "pincode": "176039", "state": "Himachal Pradesh", "district": "Hamirpur", "officename": "Chakmoh", "officetype": "S.O" }, "geometry": { "type": "Polygon", "coordinates": [ [ [ 76.616179999607425, 31.431310999902792 ], [ 76.614227000375934, 31.418706999628341 ], [ 76.560516000213397, 31.429331000325476 ], [ 76.53294400036549, 31.461273000248809 ], [ 76.521862129633689, 31.464294270864002 ], [ 76.536553774737001, 31.467097687908108 ], [ 76.532289929736578, 31.501687404350321 ], [ 76.589233176969628, 31.466787749155401 ], [ 76.616179999607425, 31.431310999902792 ] ] ] } },
{ "type": "Feature", "properties": { "pincode": "176040", "state": "Himachal Pradesh", "district": "Hamirpur", "officename": "Bijhari", "officetype": "S.O" }, "geometry": { "type": "Polygon", "coordinates": [ [ [ 76.573146533185991, 31.574150754853633 ], [ 76.579580817301064, 31.544937120851614 ], [ 76.606272409644021, 31.537547299868038 ], [ 76.573944918922848, 31.51328820548639 ], [ 76.575412779776002, 31.493939136082417 ], [ 76.558246803847112, 31.485023092741642 ], [ 76.520735229647187, 31.510027332995037 ], [ 76.520365155027889, 31.552691975754215 ], [ 76.56566403976376, 31.56429128311629 ], [ 76.573146533185991, 31.574150754853633 ] ] ] } },
{ "type": "Feature", "properties": { "pincode": "176041", "state": "Himachal Pradesh", "district": "Hamirpur", "officename": "Bhota", "officetype": "S.O" }, "geometry": { "type": "Polygon", "coordinates": [ [ [ 76.467743913750837, 31.589776093192199 ], [ 76.485793845009994, 31.602115411297291 ], [ 76.474891455576426, 31.622637714658879 ], [ 76.506199160063261, 31.620597811240089 ], [ 76.526498127586706, 31.635972509423823 ], [ 76.524063911920109, 31.645447739521558 ], [ 76.534714572119981, 31.653478328362269 ], [ 76.553367285671811, 31.635972361935046 ], [ 76.579705966057531, 31.589135381992378 ], [ 76.56566403976376, 31.56429128311629 ], [ 76.552742888173839, 31.56540739843274 ], [ 76.521247300022992, 31.60119452800518 ], [ 76.50385328480121, 31.583273421031663 ], [ 76.467743913750837, 31.589776093192199 ] ] ] } },
{ "type": "Feature", "properties": { "pincode": "176042", "state": "Himachal Pradesh", "district": "Hamirpur", "officename": "Mair", "officetype": "S.O" }, "geometry": { "type": "MultiPolygon", "coordinates": [ [ [ [ 76.6321140229702, 31.575509995222092 ], [ 76.632114018189327, 31.575509998533391 ], [ 76.632560998201427, 31.575599998235816 ], [ 76.6321140229702, 31.575509995222092 ] ] ], [ [ [ 76.616874992847443, 31.532669007778281 ], [ 76.57958081364643, 31.544937133789176 ], [ 76.573146536946354, 31.574150741100368 ], [ 76.57958081364643, 31.587621599435863 ], [ 76.615706786513442, 31.595838069915828 ], [ 76.622770816087723, 31.577137440442982 ], [ 76.632114018189327, 31.575509998533391 ], [ 76.616782993078175, 31.565723001956997 ], [ 76.616874992847443, 31.532669007778281 ] ] ] ] } },
{ "type": "Feature", "properties": { "pincode": "176043", "state": "Himachal Pradesh", "district": "Hamirpur", "officename": "Ladraur", "officetype": "S.O" }, "geometry": { "type": "Polygon", "coordinates": [ [ [ 76.615706787138549, 31.595838067872648 ], [ 76.631231993162089, 31.615154341699679 ], [ 76.665297207000606, 31.626265742570013 ], [ 76.68421019604375, 31.614341122544943 ], [ 76.690688402148112, 31.599084916335983 ], [ 76.68119000011859, 31.587133000087817 ], [ 76.644675999797641, 31.587325999995073 ], [ 76.63211401854727, 31.575510000985844 ], [ 76.622770812523072, 31.577137436643511 ], [ 76.615706787138549, 31.595838067872648 ] ] ] } },
{ "type": "Feature", "properties": { "pincode": "176044", "state": "Himachal Pradesh", "district": "Hamirpur", "officename": "Mundkhar", "officetype": "S.O" }, "geometry": { "type": "Polygon", "coordinates": [ [ [ 76.71915289369133, 31.592099305538625 ], [ 76.705391000094721, 31.598989000042423 ], [ 76.686870052510926, 31.593688321259037 ], [ 76.699050154641043, 31.607674199105134 ], [ 76.71915289369133, 31.592099305538625 ] ] ] } },
{ "type": "Feature", "properties": { "pincode": "176045", "state": "Himachal Pradesh", "district": "Hamirpur", "officename": "Bhoranj", "officetype": "S.O" }, "geometry": { "type": "Polygon", "coordinates": [ [ [ 76.631231993162089, 31.615154341699679 ], [ 76.629245105677114, 31.649924534090076 ], [ 76.650376791455756, 31.673401364881272 ], [ 76.672807257449165, 31.670016838306537 ], [ 76.681954606420049, 31.639177206662737 ], [ 76.662785180192031, 31.643657210012407 ], [ 76.659156696324487, 31.625680931429883 ], [ 76.631231993162089, 31.615154341699679 ] ] ] } },
{ "type": "Feature", "properties": { "pincode": "176047", "state": "Himachal Pradesh", "district": "Kangra", "officename": "Nagrota Bagwan", "officetype": "S.O" }, "geometry": { "type": "Polygon", "coordinates": [ [ [ 76.348608594511177, 32.019978943773424 ], [ 76.37283361268112, 32.081706217368207 ], [ 76.364751712122029, 32.089906273555869 ], [ 76.373991239803956, 32.099219512370837 ], [ 76.375133133287591, 32.125882610594033 ], [ 76.407971675452529, 32.140502369289038 ], [ 76.437129951686074, 32.135568235285973 ], [ 76.443938730588002, 32.111263056045175 ], [ 76.42485760789242, 32.10287887715856 ], [ 76.421817663754211, 32.074299721155398 ], [ 76.408050220441396, 32.08114329662601 ], [ 76.400655848888448, 32.075832309813336 ], [ 76.395850415064785, 32.041675380414517 ], [ 76.348608594511177, 32.019978943773424 ] ] ] } },
{ "type": "Feature", "properties": { "pincode": "176048", "state": "Himachal Pradesh", "district": "Hamirpur", "officename": "Jahu", "officetype": "S.O" }, "geometry": { "type": "Polygon", "coordinates": [ [ [ 76.692278041998122, 31.633950149979626 ], [ 76.715667232057172, 31.629173966605322 ], [ 76.729796999631958, 31.585431999887078 ], [ 76.705193483792357, 31.606934724358098 ], [ 76.694328892864291, 31.607276020671975 ], [ 76.690688402148112, 31.599084916335983 ], [ 76.686573351778861, 31.603858406240533 ], [ 76.692278041998122, 31.633950149979626 ] ] ] } },
{ "type": "Feature", "properties": { "pincode": "176049", "state": "Himachal Pradesh", "district": "Hamirpur", "officename": "Maharal", "officetype": "S.O" }, "geometry": { "type": "Polygon", "coordinates": [ [ [ 76.558246803847112, 31.485023092741642 ], [ 76.575412779776002, 31.493939136082417 ], [ 76.573944918922848, 31.51328820548639 ], [ 76.606272409644021, 31.537547299868038 ], [ 76.616875000181267, 31.532669000274268 ], [ 76.619316000333185, 31.51475299965125 ], [ 76.607970999661973, 31.490646000412653 ], [ 76.625282000264235, 31.438838999919881 ], [ 76.616179999607425, 31.431310999902792 ], [ 76.589233176969628, 31.466787749155401 ], [ 76.558246803847112, 31.485023092741642 ] ] ] } },
{ "type": "Feature", "properties": { "pincode": "176051", "state": "Himachal Pradesh", "district": "Kangra", "officename": "Raja Ka Talab", "officetype": "S.O" }, "geometry": { "type": "Polygon", "coordinates": [ [ [ 75.853203317279394, 32.244677203690173 ], [ 75.876345720778545, 32.262402920358511 ], [ 75.913239615415989, 32.264326225774823 ], [ 75.921943605812885, 32.293228351707171 ], [ 75.948154162484798, 32.285754461199588 ], [ 75.950792749985453, 32.276748425399489 ], [ 75.975708093154026, 32.261483494867434 ], [ 75.962636287135069, 32.24280506789961 ], [ 75.948182501021847, 32.253267245487166 ], [ 75.940845991849017, 32.249658530516797 ], [ 75.949308049327044, 32.23104590514447 ], [ 75.943296252320181, 32.215048635086475 ], [ 75.92149977779269, 32.208530932556641 ], [ 75.905404465443837, 32.186593293246005 ], [ 75.881283215548024, 32.195574720896843 ], [ 75.881379387249012, 32.208443955524274 ], [ 75.871229167392244, 32.202403759725826 ], [ 75.87418200139831, 32.21215236753784 ], [ 75.865873642554561, 32.210225229211062 ], [ 75.864534303815105, 32.224390448960037 ], [ 75.871071128629865, 32.227175248239234 ], [ 75.868527300894414, 32.240692937229426 ], [ 75.853203317279394, 32.244677203690173 ] ] ] } },
{ "type": "Feature", "properties": { "pincode": "176052", "state": "Himachal Pradesh", "district": "Kangra", "officename": "Yol Camp", "officetype": "S.O" }, "geometry": { "type": "Polygon", "coordinates": [ [ [ 76.374022536211214, 32.195064428480691 ], [ 76.388979550565921, 32.20351220922123 ], [ 76.423259417288364, 32.268509028369067 ], [ 76.449637999694062, 32.262024000007784 ], [ 76.468243536609975, 32.248075721017869 ], [ 76.471994081861624, 32.20186022297105 ], [ 76.453954647489184, 32.185785746115471 ], [ 76.447922777614167, 32.154302829412188 ], [ 76.416732012872274, 32.136189907838002 ], [ 76.410403184159804, 32.140863946214267 ], [ 76.389369716938916, 32.134640208678775 ], [ 76.401657451729989, 32.14660271084648 ], [ 76.398447929628389, 32.15341032872368 ], [ 76.377538240597517, 32.144856434277244 ], [ 76.379340195993223, 32.172861338080281 ], [ 76.368181189510324, 32.179701692179435 ], [ 76.374022536211214, 32.195064428480691 ] ] ] } },
{ "type": "Feature", "properties": { "pincode": "176053", "state": "Himachal Pradesh", "district": "Kangra", "officename": "Fatehpur (Kangra)", "officetype": "S.O" }, "geometry": { "type": "Polygon", "coordinates": [ [ [ 75.909481643563197, 32.073343802074987 ], [ 75.872702999743694, 32.10001306874824 ], [ 75.896522404785287, 32.1288487797475 ], [ 75.915815943750886, 32.125825393926903 ], [ 75.937015893468867, 32.13677163610231 ], [ 75.947471236208571, 32.130757813822129 ], [ 75.946079395947379, 32.121311648014171 ], [ 75.978847747825341, 32.125021182381715 ], [ 75.993324634824035, 32.091544535252126 ], [ 75.910048157996243, 32.066153874302017 ], [ 75.909481643563197, 32.073343802074987 ] ] ] } },
{ "type": "Feature", "properties": { "pincode": "176054", "state": "Himachal Pradesh", "district": "Kangra", "officename": "Baroh", "officetype": "S.O" }, "geometry": { "type": "Polygon", "coordinates": [ [ [ 76.282244866107874, 31.968240861926404 ], [ 76.279344388832612, 32.000630544364185 ], [ 76.297241987527798, 32.007317007374127 ], [ 76.347679578649775, 32.001927862281093 ], [ 76.393206588113628, 32.012340314553967 ], [ 76.406361226189745, 32.008532595802819 ], [ 76.423849778144927, 31.9787580438487 ], [ 76.400513944862837, 31.96619058752583 ], [ 76.314330075872476, 31.95682029482083 ], [ 76.282244866107874, 31.968240861926404 ] ] ] } },
{ "type": "Feature", "properties": { "pincode": "176055", "state": "Himachal Pradesh", "district": "Kangra", "officename": "Thill", "officetype": "S.O" }, "geometry": { "type": "Polygon", "coordinates": [ [ [ 76.376964000987869, 31.962586167717518 ], [ 76.411214222458568, 31.971025264604407 ], [ 76.40739972461779, 31.963192276602342 ], [ 76.419209808785808, 31.954895464154447 ], [ 76.41252738373197, 31.952488131921882 ], [ 76.412493000851441, 31.932785847488958 ], [ 76.390367350173051, 31.927791288037611 ], [ 76.379544164031984, 31.941313143586797 ], [ 76.376964000987869, 31.962586167717518 ] ] ] } },
{ "type": "Feature", "properties": { "pincode": "176056", "state": "Himachal Pradesh", "district": "Kangra", "officename": "Sunehar", "officetype": "S.O" }, "geometry": { "type": "Polygon", "coordinates": [ [ [ 76.302155918261064, 32.068541350403109 ], [ 76.293913816069903, 32.086670538015028 ], [ 76.305723269813143, 32.090871592350197 ], [ 76.299044901601121, 32.09590849008481 ], [ 76.334302505856101, 32.111102625086176 ], [ 76.33599119883479, 32.132778756834227 ], [ 76.343788456771904, 32.13398218283163 ], [ 76.332795386897772, 32.141990341681094 ], [ 76.34588680263397, 32.141185215525468 ], [ 76.359792930399522, 32.16318000765142 ], [ 76.379643494152106, 32.167195723404063 ], [ 76.377538240597517, 32.144856434277244 ], [ 76.400798282614801, 32.151505350591492 ], [ 76.371298087736591, 32.120143891827183 ], [ 76.374988168868981, 32.103772084714137 ], [ 76.364751712122029, 32.089906273555869 ], [ 76.373534130595715, 32.084925977351986 ], [ 76.360119295269385, 32.055622360783502 ], [ 76.355055423269278, 32.061268596868388 ], [ 76.320413832132829, 32.052906050273975 ], [ 76.315224132388039, 32.072486745467074 ], [ 76.302155918261064, 32.068541350403109 ] ] ] } },
{ "type": "Feature", "properties": { "pincode": "176057", "state": "Himachal Pradesh", "district": "Kangra", "officename": "Dari", "officetype": "S.O" }, "geometry": { "type": "Polygon", "coordinates": [ [ [ 76.319515846479192, 32.162094026817954 ], [ 76.319386872906023, 32.189801370137218 ], [ 76.329830187213418, 32.201318809515612 ], [ 76.33289432851052, 32.222621397959244 ], [ 76.346417306413684, 32.226011169380001 ], [ 76.372113203561526, 32.204615644996125 ], [ 76.382787160699081, 32.204794432916799 ], [ 76.368394867529219, 32.185872033367673 ], [ 76.377456867240767, 32.167913893211789 ], [ 76.353741854603015, 32.156937631666381 ], [ 76.342140707227998, 32.165839198620176 ], [ 76.319515846479192, 32.162094026817954 ] ] ] } },
{ "type": "Feature", "properties": { "pincode": "176058", "state": "Himachal Pradesh", "district": "Kangra", "officename": "Rey", "officetype": "S.O" }, "geometry": { "type": "Polygon", "coordinates": [ [ [ 75.754175964849026, 32.034339886576731 ], [ 75.801695089556858, 32.068857355082912 ], [ 75.840639982549135, 32.081525998626034 ], [ 75.82536619459438, 32.098333620800076 ], [ 75.858793256703621, 32.116557151791142 ], [ 75.867081008481819, 32.104185532736267 ], [ 75.876515231293126, 32.103860228167036 ], [ 75.872011870751408, 32.096562329587869 ], [ 75.885452299883923, 32.081757434657959 ], [ 75.909481643563197, 32.073343802074987 ], [ 75.90911370843088, 32.060308070561177 ], [ 75.915743388246881, 32.05718281673353 ], [ 75.907504729559662, 32.041608800905635 ], [ 75.919367050848848, 32.038970505684233 ], [ 75.931461745263334, 32.019839391474818 ], [ 75.922763416998237, 31.994500345314634 ], [ 75.885150217608611, 31.992824558506697 ], [ 75.882346331118526, 31.966787798518112 ], [ 75.871665999586298, 31.96848499998282 ], [ 75.78919200041048, 32.000018999976987 ], [ 75.754175964849026, 32.034339886576731 ] ] ] } },
{ "type": "Feature", "properties": { "pincode": "176059", "state": "Himachal Pradesh", "district": "Kangra", "officename": "Chachian", "officetype": "S.O" }, "geometry": { "type": "Polygon", "coordinates": [ [ [ 76.451857811588923, 32.087614558165399 ], [ 76.441784534129113, 32.099166076453287 ], [ 76.438542245228632, 32.133560395396103 ], [ 76.418937448204815, 32.13779492159847 ], [ 76.447922777614167, 32.154302829412188 ], [ 76.453954647489184, 32.185785746115471 ], [ 76.471994081861624, 32.20186022297105 ], [ 76.468243536609975, 32.248075721017869 ], [ 76.482131999892033, 32.251914999677638 ], [ 76.504433000382733, 32.233303000233434 ], [ 76.524482999590816, 32.237690000193538 ], [ 76.542418023573077, 32.229787754501388 ], [ 76.535000700422017, 32.195490872605831 ], [ 76.516794856397667, 32.176972728208909 ], [ 76.500595113873487, 32.139054657746385 ], [ 76.512517271554884, 32.12325190115439 ], [ 76.504653091467105, 32.110927240199999 ], [ 76.451857811588923, 32.087614558165399 ] ] ] } },
{ "type": "Feature", "properties": { "pincode": "176060", "state": "Himachal Pradesh", "district": "Kangra", "officename": "Darang", "officetype": "S.O" }, "geometry": { "type": "Polygon", "coordinates": [ [ [ 76.443178156846614, 32.046781102366026 ], [ 76.42709703939704, 32.058569512872793 ], [ 76.421817663754211, 32.074299721155398 ], [ 76.42485760789242, 32.10287887715856 ], [ 76.438851135371578, 32.109453034629951 ], [ 76.459667345271725, 32.076453210747218 ], [ 76.443178156846614, 32.046781102366026 ] ] ] } },
{ "type": "Feature", "properties": { "pincode": "176062", "state": "Himachal Pradesh", "district": "Kangra", "officename": "Auc Palampur", "officetype": "S.O" }, "geometry": { "type": "Polygon", "coordinates": [ [ [ 76.552689589852719, 32.087113438834308 ], [ 76.541564691957035, 32.108274339988839 ], [ 76.56307893584443, 32.114954747863408 ], [ 76.566718913047623, 32.102047483604565 ], [ 76.579519311766887, 32.106129965025957 ], [ 76.596024829182682, 32.071523754118004 ], [ 76.565192664609924, 32.067282787870511 ], [ 76.548537370503368, 32.078842256165217 ], [ 76.552689589852719, 32.087113438834308 ] ] ] } },
{ "type": "Feature", "properties": { "pincode": "176063", "state": "Himachal Pradesh", "district": "Kangra", "officename": "Majherna", "officetype": "S.O" }, "geometry": { "type": "Polygon", "coordinates": [ [ [ 76.574462623551369, 32.026803300731899 ], [ 76.575392222173434, 32.062635310071641 ], [ 76.610552782385071, 32.04487160424128 ], [ 76.610518915715431, 32.013159940478943 ], [ 76.602657974985618, 32.004737158193279 ], [ 76.574462623551369, 32.026803300731899 ] ] ] } },
{ "type": "Feature", "properties": { "pincode": "176064", "state": "Himachal Pradesh", "district": "Kangra", "officename": "Paraur", "officetype": "S.O" }, "geometry": { "type": "Polygon", "coordinates": [ [ [ 76.445289432261688, 32.045390097575023 ], [ 76.459652496565468, 32.076305645489242 ], [ 76.453865146059798, 32.089985386916169 ], [ 76.463671627943427, 32.087639553022996 ], [ 76.482117819381926, 32.101936894871926 ], [ 76.488463765790243, 32.094122221563282 ], [ 76.497560938886352, 32.099806058303045 ], [ 76.486691105809882, 32.089151075961468 ], [ 76.485686244724491, 32.074745201230087 ], [ 76.475271862506588, 32.067935889030139 ], [ 76.463296301283378, 32.071740025781708 ], [ 76.454640194389526, 32.048972943546573 ], [ 76.466987422031934, 32.037325044915008 ], [ 76.445289432261688, 32.045390097575023 ] ] ] } },
{ "type": "Feature", "properties": { "pincode": "176065", "state": "Himachal Pradesh", "district": "Kangra", "officename": "Rajhoon", "officetype": "S.O" }, "geometry": { "type": "Polygon", "coordinates": [ [ [ 76.400447314991823, 32.075372376733981 ], [ 76.41220561979361, 32.080151481105986 ], [ 76.439554448379226, 32.052362493734336 ], [ 76.422198746974686, 32.044798123334715 ], [ 76.427606761642778, 32.035766486534328 ], [ 76.408450803661822, 32.025335673702386 ], [ 76.400732307450085, 32.032805072995757 ], [ 76.403461489056667, 32.043113104985878 ], [ 76.395781129495674, 32.042918178731043 ], [ 76.400447314991823, 32.075372376733981 ] ] ] } },
{ "type": "Feature", "properties": { "pincode": "176066", "state": "Himachal Pradesh", "district": "Kangra", "officename": "Ghallour", "officetype": "S.O" }, "geometry": { "type": "Polygon", "coordinates": [ [ [ 75.956724287895725, 32.159434537274194 ], [ 75.974875262483465, 32.16298185912558 ], [ 75.977111552656197, 32.123474152410381 ], [ 75.943155043470597, 32.122206388913867 ], [ 75.947736927417338, 32.133794423274026 ], [ 75.971132395643679, 32.149319448533902 ], [ 75.956724287895725, 32.159434537274194 ] ] ] } },
{ "type": "Feature", "properties": { "pincode": "176071", "state": "Himachal Pradesh", "district": "Kangra", "officename": "Bhullanaso", "officetype": "S.O" }, "geometry": { "type": "Polygon", "coordinates": [ [ [ 76.615402286586288, 31.945327124547248 ], [ 76.605002294420387, 31.984288313255206 ], [ 76.616730933285965, 31.991841835132732 ], [ 76.62538397618971, 31.981010914822036 ], [ 76.642384975086543, 31.991391380008281 ], [ 76.642060088702294, 31.977532424381991 ], [ 76.651671495942878, 31.974809612673425 ], [ 76.656557044072485, 31.962530648970414 ], [ 76.644184767613126, 31.951245295833758 ], [ 76.636116869498039, 31.960304538223966 ], [ 76.615402286586288, 31.945327124547248 ] ] ] } },
{ "type": "Feature", "properties": { "pincode": "176073", "state": "Himachal Pradesh", "district": "Kangra", "officename": "Bairhgat", "officetype": "S.O" }, "geometry": { "type": "Polygon", "coordinates": [ [ [ 76.480574464939821, 31.880274550130366 ], [ 76.484842704027642, 31.908326090077082 ], [ 76.502258932503935, 31.928532594703597 ], [ 76.503058169898793, 31.910100648526281 ], [ 76.495932234285306, 31.908319217458029 ], [ 76.499274477435279, 31.870539660576867 ], [ 76.480574464939821, 31.880274550130366 ] ] ] } },
{ "type": "Feature", "properties": { "pincode": "176075", "state": "Himachal Pradesh", "district": "Kangra", "officename": "Duhak", "officetype": "S.O" }, "geometry": { "type": "Polygon", "coordinates": [ [ [ 76.457002057798888, 31.872548294568276 ], [ 76.424018499953888, 31.91115381489675 ], [ 76.457565785232873, 31.906222140539512 ], [ 76.463070218915618, 31.894039474442422 ], [ 76.483029732835973, 31.889415369124038 ], [ 76.457002057798888, 31.872548294568276 ] ] ] } },
{ "type": "Feature", "properties": { "pincode": "176076", "state": "Himachal Pradesh", "district": "Kangra", "officename": "Bhawana", "officetype": "S.O" }, "geometry": { "type": "Polygon", "coordinates": [ [ [ 76.569085303643988, 31.994083415117643 ], [ 76.584053232171016, 32.015618826347918 ], [ 76.616436422403126, 31.995944533313718 ], [ 76.605002294420387, 31.984288313255206 ], [ 76.616265851588025, 31.958035591869077 ], [ 76.569085303643988, 31.994083415117643 ] ] ] } },
{ "type": "Feature", "properties": { "pincode": "176077", "state": "Himachal Pradesh", "district": "Kangra", "officename": "Bir (Kangra)", "officetype": "S.O" }, "geometry": { "type": "Polygon", "coordinates": [ [ [ 76.707496798638431, 32.038751055816533 ], [ 76.694255926370147, 32.050674932102538 ], [ 76.707950716152652, 32.046806376912912 ], [ 76.712855148246547, 32.052267501943675 ], [ 76.708744107054997, 32.06910047510695 ], [ 76.749166208453858, 32.079420908747977 ], [ 76.769629342720236, 32.064397595472769 ], [ 76.738136000176269, 32.030089999953645 ], [ 76.707496798638431, 32.038751055816533 ] ] ] } },
{ "type": "Feature", "properties": { "pincode": "176081", "state": "Himachal Pradesh", "district": "Kangra", "officename": "Taragarh (Kangra)", "officetype": "S.O" }, "geometry": { "type": "Polygon", "coordinates": [ [ [ 76.567760340567304, 32.06691980170757 ], [ 76.596024829182682, 32.071523754118004 ], [ 76.586287113959145, 32.090133539431292 ], [ 76.592014283632409, 32.094305373893917 ], [ 76.624511542074174, 32.078959498981931 ], [ 76.621836515842517, 32.057217792267465 ], [ 76.610552782385071, 32.04487160424128 ], [ 76.567760340567304, 32.06691980170757 ] ] ] } },
{ "type": "Feature", "properties": { "pincode": "176082", "state": "Himachal Pradesh", "district": "Kangra", "officename": "Alampur (Kangra)", "officetype": "S.O" }, "geometry": { "type": "Polygon", "coordinates": [ [ [ 76.45504848929653, 31.835346834488917 ], [ 76.448734261077334, 31.85825157505019 ], [ 76.458585718056554, 31.863407724686851 ], [ 76.452517208002803, 31.87207086697714 ], [ 76.47981890132138, 31.887308628990183 ], [ 76.499274477435279, 31.870539660576867 ], [ 76.498074708081333, 31.882163351257816 ], [ 76.521408690558758, 31.883422910239176 ], [ 76.528963272736917, 31.86705994526028 ], [ 76.516876000427089, 31.858250000337364 ], [ 76.519942999769796, 31.843964000738083 ], [ 76.470115005103594, 31.829115636177789 ], [ 76.45504848929653, 31.835346834488917 ] ] ] } },
{ "type": "Feature", "properties": { "pincode": "176083", "state": "Himachal Pradesh", "district": "Kangra", "officename": "Bhawarna", "officetype": "S.O" }, "geometry": { "type": "Polygon", "coordinates": [ [ [ 76.46004434017425, 32.017725571877747 ], [ 76.471541304687435, 32.023219585115896 ], [ 76.468732577146795, 32.035153794612086 ], [ 76.482178052375275, 32.047655702948362 ], [ 76.483863926878882, 32.079818547587877 ], [ 76.499806264547544, 32.081828675353108 ], [ 76.521859866040131, 32.054562770555492 ], [ 76.531655010170766, 32.056812186333389 ], [ 76.534033769143321, 32.034336223637979 ], [ 76.521814200265283, 32.01600406713402 ], [ 76.503820337238892, 32.021372633940075 ], [ 76.467663426226295, 32.001463526121029 ], [ 76.46004434017425, 32.017725571877747 ] ] ] } },
{ "type": "Feature", "properties": { "pincode": "176084", "state": "Himachal Pradesh", "district": "Kangra", "officename": "Noura", "officetype": "S.O" }, "geometry": { "type": "Polygon", "coordinates": [ [ [ 76.408679659538848, 31.96191800830951 ], [ 76.422872888672885, 31.981734955404022 ], [ 76.430739331455015, 31.977147580196686 ], [ 76.451481187207094, 31.985160845396877 ], [ 76.447660540701634, 31.976664841209583 ], [ 76.455988302418291, 31.963253142718429 ], [ 76.429458775102489, 31.936315353770681 ], [ 76.414823547169135, 31.937979131931627 ], [ 76.41252738373197, 31.952488131921882 ], [ 76.419209808785808, 31.954895464154447 ], [ 76.408679659538848, 31.96191800830951 ] ] ] } },
{ "type": "Feature", "properties": { "pincode": "176085", "state": "Himachal Pradesh", "district": "Kangra", "officename": "Sullah", "officetype": "S.O" }, "geometry": { "type": "Polygon", "coordinates": [ [ [ 76.456218143952185, 32.045868679895818 ], [ 76.463296301283378, 32.071740025781708 ], [ 76.475271862506588, 32.067935889030139 ], [ 76.484912000388647, 32.07413259294492 ], [ 76.477179847072478, 32.041761376286615 ], [ 76.468732577146795, 32.035153794612086 ], [ 76.456218143952185, 32.045868679895818 ] ] ] } },
{ "type": "Feature", "properties": { "pincode": "176086", "state": "Himachal Pradesh", "district": "Kangra", "officename": "Khera", "officetype": "S.O" }, "geometry": { "type": "Polygon", "coordinates": [ [ [ 76.500702052258077, 31.943147238953941 ], [ 76.513878384679629, 31.982015487225055 ], [ 76.545369740621084, 31.967085935467537 ], [ 76.547796044052291, 31.95989580444791 ], [ 76.519122772198216, 31.934513449636142 ], [ 76.508359899989443, 31.932963439311436 ], [ 76.500702052258077, 31.943147238953941 ] ] ] } },
{ "type": "Feature", "properties": { "pincode": "176087", "state": "Himachal Pradesh", "district": "Kangra", "officename": "Pahra", "officetype": "S.O" }, "geometry": { "type": "Polygon", "coordinates": [ [ [ 76.468834032364896, 31.997878227698038 ], [ 76.503820337238892, 32.021372633940075 ], [ 76.521814200265283, 32.01600406713402 ], [ 76.533292399524782, 32.031758599379941 ], [ 76.544069213023818, 32.023484449847615 ], [ 76.535322061464115, 32.017051544393439 ], [ 76.544245397407167, 32.013471489917492 ], [ 76.53032302248954, 32.003568723917567 ], [ 76.53376506880312, 31.982167251417593 ], [ 76.527178652672717, 31.97659539196394 ], [ 76.513878384679629, 31.982015487225055 ], [ 76.496457262093031, 31.93496237681228 ], [ 76.477494018933953, 31.938048591069787 ], [ 76.489313884128478, 31.943668864626375 ], [ 76.487386410354645, 31.965739058610779 ], [ 76.495791962529097, 31.975120185448247 ], [ 76.468834032364896, 31.997878227698038 ] ] ] } },
{ "type": "Feature", "properties": { "pincode": "176088", "state": "Himachal Pradesh", "district": "Kangra", "officename": "Chadhiar", "officetype": "S.O" }, "geometry": { "type": "Polygon", "coordinates": [ [ [ 76.619502012508065, 31.921964025619388 ], [ 76.611392885872988, 31.941621914120219 ], [ 76.636116869498039, 31.960304538223966 ], [ 76.644184767613126, 31.951245295833758 ], [ 76.656557044072485, 31.962530648970414 ], [ 76.678394173352615, 31.929595822689066 ], [ 76.688657616056332, 31.930116652461663 ], [ 76.683846883427009, 31.912994299947115 ], [ 76.674529824292108, 31.916611882232587 ], [ 76.664854797211262, 31.907102148745196 ], [ 76.663736092746603, 31.921016766110881 ], [ 76.619502012508065, 31.921964025619388 ] ] ] } },
{ "type": "Feature", "properties": { "pincode": "176089", "state": "Himachal Pradesh", "district": "Kangra", "officename": "Molag", "officetype": "S.O" }, "geometry": { "type": "Polygon", "coordinates": [ [ [ 76.65466445500067, 31.909006795926814 ], [ 76.641872073737431, 31.912384042489577 ], [ 76.645729992645158, 31.919154795357656 ], [ 76.659662834772121, 31.922114399460042 ], [ 76.667266817609629, 31.917517345748877 ], [ 76.664854797211262, 31.907102148745196 ], [ 76.674529824292108, 31.916611882232587 ], [ 76.683846883427009, 31.912994299947115 ], [ 76.675216999864745, 31.894459000082918 ], [ 76.678199999830156, 31.873442000348234 ], [ 76.661111674963934, 31.871235890524019 ], [ 76.663418308308337, 31.893666008479727 ], [ 76.649547365618616, 31.899048768386137 ], [ 76.65466445500067, 31.909006795926814 ] ] ] } },
{ "type": "Feature", "properties": { "pincode": "176090", "state": "Himachal Pradesh", "district": "Mandi", "officename": "Sandhole", "officetype": "S.O" }, "geometry": { "type": "Polygon", "coordinates": [ [ [ 76.622920881493485, 31.784226554511974 ], [ 76.628204000114636, 31.842701000051136 ], [ 76.640709000320328, 31.874653000435842 ], [ 76.678199999830156, 31.873442000348234 ], [ 76.675376081840795, 31.887375155439088 ], [ 76.694719767903109, 31.888615081321063 ], [ 76.694023475003519, 31.89891428376734 ], [ 76.702295881649775, 31.902633604557366 ], [ 76.723037545846125, 31.902718282023272 ], [ 76.720613251500424, 31.896810358511289 ], [ 76.731206142849373, 31.89504053049609 ], [ 76.749179820592303, 31.906365792847112 ], [ 76.770099262770827, 31.90415409013923 ], [ 76.764932386020917, 31.931931137212189 ], [ 76.778842199208214, 31.935175907342284 ], [ 76.783414164532246, 31.952066712309033 ], [ 76.800668402624751, 31.94501828206819 ], [ 76.804735287103881, 31.919926459538544 ], [ 76.778098229649572, 31.901082118445117 ], [ 76.768544204551574, 31.874346394570523 ], [ 76.752475826898092, 31.868763264812912 ], [ 76.756585818580675, 31.850743290870184 ], [ 76.71285668878528, 31.876732141275227 ], [ 76.694490353547167, 31.865025326257921 ], [ 76.686991076077391, 31.811383816709736 ], [ 76.641406081925197, 31.782676783406941 ], [ 76.622920881493485, 31.784226554511974 ] ] ] } },
{ "type": "Feature", "properties": { "pincode": "176092", "state": "Himachal Pradesh", "district": "Kangra", "officename": "Daroh", "officetype": "S.O" }, "geometry": { "type": "Polygon", "coordinates": [ [ [ 76.448306290802805, 31.97738508035718 ], [ 76.467252356910819, 32.001914040600582 ], [ 76.495791962529097, 31.975120185448247 ], [ 76.487386410354645, 31.965739058610779 ], [ 76.485939215922087, 31.972276799834503 ], [ 76.474265847590914, 31.97021620841133 ], [ 76.47235055153692, 31.954376009445525 ], [ 76.449863299651611, 31.948761052680538 ], [ 76.456002524297219, 31.966093668488043 ], [ 76.448306290802805, 31.97738508035718 ] ] ] } },
{ "type": "Feature", "properties": { "pincode": "176093", "state": "Himachal Pradesh", "district": "Kangra", "officename": "Malkher", "officetype": "S.O" }, "geometry": { "type": "Polygon", "coordinates": [ [ [ 76.458219206551348, 31.951877178389111 ], [ 76.47235055153692, 31.954376009445525 ], [ 76.474265847590914, 31.97021620841133 ], [ 76.487197255948729, 31.971762242833222 ], [ 76.489313884128478, 31.943668864626375 ], [ 76.47040911488881, 31.935216005414532 ], [ 76.454024338652232, 31.943291525283655 ], [ 76.458219206551348, 31.951877178389111 ] ] ] } },
{ "type": "Feature", "properties": { "pincode": "176094", "state": "Himachal Pradesh", "district": "Kangra", "officename": "Jalag", "officetype": "S.O" }, "geometry": { "type": "Polygon", "coordinates": [ [ [ 76.533946988163223, 31.982902586585283 ], [ 76.53032302248954, 32.003568723917567 ], [ 76.569001080335624, 32.012387241178317 ], [ 76.568025452612687, 31.990531997753521 ], [ 76.59089510162778, 31.977196366619239 ], [ 76.577967768098233, 31.966405288073645 ], [ 76.567028939034344, 31.982623803945444 ], [ 76.547796044052291, 31.95989580444791 ], [ 76.52587807201553, 31.974656529175547 ], [ 76.533946988163223, 31.982902586585283 ] ] ] } },
{ "type": "Feature", "properties": { "pincode": "176095", "state": "Himachal Pradesh", "district": "Kangra", "officename": "Jaisinghpur (Kangra)", "officetype": "S.O" }, "geometry": { "type": "Polygon", "coordinates": [ [ [ 76.584209994795572, 31.894046237344128 ], [ 76.578150222554768, 31.937179032986137 ], [ 76.586633611052434, 31.948638215181631 ], [ 76.577967768098233, 31.966405288073645 ], [ 76.59089510162778, 31.977196366619239 ], [ 76.616265851588025, 31.958035591869077 ], [ 76.609730394642099, 31.937054889671629 ], [ 76.613905650125844, 31.918792108668981 ], [ 76.600884146786086, 31.894806824575539 ], [ 76.584209994795572, 31.894046237344128 ] ] ] } },
{ "type": "Feature", "properties": { "pincode": "176096", "state": "Himachal Pradesh", "district": "Kangra", "officename": "Lambagaon", "officetype": "S.O" }, "geometry": { "type": "Polygon", "coordinates": [ [ [ 76.514929881009323, 31.914413054219267 ], [ 76.514920461510144, 31.934089264607906 ], [ 76.557158179906082, 31.964510710600791 ], [ 76.567028939034344, 31.982623803945444 ], [ 76.586633611052434, 31.948638215181631 ], [ 76.574869967874804, 31.914018587288126 ], [ 76.584209994795572, 31.894046237344128 ], [ 76.528963272736917, 31.86705994526028 ], [ 76.520185648549045, 31.887686029486645 ], [ 76.524117539393103, 31.902983649475914 ], [ 76.514929881009323, 31.914413054219267 ] ] ] } },
{ "type": "Feature", "properties": { "pincode": "176097", "state": "Himachal Pradesh", "district": "Kangra", "officename": "Marera", "officetype": "S.O" }, "geometry": { "type": "Polygon", "coordinates": [ [ [ 76.494635128608365, 31.927183385005321 ], [ 76.500658999013694, 31.943004601980988 ], [ 76.514920461510144, 31.934089264607906 ], [ 76.514529087347569, 31.915072547759905 ], [ 76.524117539393103, 31.902983649475914 ], [ 76.51779151746473, 31.880550668078968 ], [ 76.498074708081333, 31.882163351257816 ], [ 76.502258932503935, 31.928532594703597 ], [ 76.494635128608365, 31.927183385005321 ] ] ] } },
{ "type": "Feature", "properties": { "pincode": "176098", "state": "Himachal Pradesh", "district": "Kangra", "officename": "Lahru", "officetype": "S.O" }, "geometry": { "type": "Polygon", "coordinates": [ [ [ 76.428076562083788, 31.835142322360412 ], [ 76.439957946302343, 31.846059145912932 ], [ 76.433600650449762, 31.854685741553794 ], [ 76.438800790424182, 31.866757434907868 ], [ 76.450002478731449, 31.873470128443842 ], [ 76.458585718056554, 31.863407724686851 ], [ 76.444440367928735, 31.850965463885132 ], [ 76.456367619370326, 31.834200421012724 ], [ 76.470115005103594, 31.829115636177789 ], [ 76.474083000130349, 31.810785000427529 ], [ 76.459159999934116, 31.81817200023778 ], [ 76.461455999694749, 31.805327999687506 ], [ 76.444946000057939, 31.802912000688423 ], [ 76.446250999983704, 31.810169000798794 ], [ 76.431860799536423, 31.823140622341896 ], [ 76.436567398766613, 31.830407063535176 ], [ 76.428076562083788, 31.835142322360412 ] ] ] } },
{ "type": "Feature", "properties": { "pincode": "176101", "state": "Himachal Pradesh", "district": "Kangra", "officename": "Dheera", "officetype": "S.O" }, "geometry": { "type": "Polygon", "coordinates": [ [ [ 76.362902360655539, 32.024777356589823 ], [ 76.403461489056667, 32.043113104985878 ], [ 76.400732307450085, 32.032805072995757 ], [ 76.408450803661822, 32.025335673702386 ], [ 76.427606761642778, 32.035766486534328 ], [ 76.421993942566587, 32.044404886676205 ], [ 76.433842713770389, 32.052547732491973 ], [ 76.456194972919775, 32.036351998246175 ], [ 76.466987422031934, 32.037325044915008 ], [ 76.471541304687435, 32.023219585115896 ], [ 76.459731907601622, 32.018611644212228 ], [ 76.467252356910819, 32.001914040600582 ], [ 76.455077597653144, 31.991724278452921 ], [ 76.454482502765472, 31.981171295419017 ], [ 76.430569657263902, 31.977203714979566 ], [ 76.406361226189745, 32.008532595802819 ], [ 76.367066108414235, 32.012640272630449 ], [ 76.362902360655539, 32.024777356589823 ] ] ] } },
{ "type": "Feature", "properties": { "pincode": "176102", "state": "Himachal Pradesh", "district": "Hamirpur", "officename": "Maranda", "officetype": "S.O" }, "geometry": { "type": "Polygon", "coordinates": [ [ [ 76.496526502695929, 31.777695389130997 ], [ 76.47472590297815, 31.794207057010169 ], [ 76.489817683439355, 31.820448735620744 ], [ 76.502270831433805, 31.805032831400183 ], [ 76.496526502695929, 31.777695389130997 ] ] ] } },
{ "type": "Feature", "properties": { "pincode": "176103", "state": "Himachal Pradesh", "district": "Kangra", "officename": "Panchrukhi", "officetype": "S.O" }, "geometry": { "type": "Polygon", "coordinates": [ [ [ 76.544069213023818, 32.023484449847615 ], [ 76.529822735031303, 32.047056812921767 ], [ 76.5567091340194, 32.0743497972054 ], [ 76.574688341693673, 32.065745520939174 ], [ 76.573422947910842, 32.02249784859697 ], [ 76.584053232171016, 32.015618826347918 ], [ 76.569568068711533, 31.998712304828985 ], [ 76.569001080335624, 32.012387241178317 ], [ 76.537628902551887, 32.005022153349842 ], [ 76.544245397407167, 32.013471489917492 ], [ 76.535322061464115, 32.017051544393439 ], [ 76.544069213023818, 32.023484449847615 ] ] ] } },
{ "type": "Feature", "properties": { "pincode": "176107", "state": "Himachal Pradesh", "district": "Kangra", "officename": "Thural", "officetype": "S.O" }, "geometry": { "type": "Polygon", "coordinates": [ [ [ 76.487173215271753, 31.897953582092327 ], [ 76.468541097093976, 31.890707853184949 ], [ 76.459806283333535, 31.905294763242921 ], [ 76.424018499953888, 31.91115381489675 ], [ 76.411098941063472, 31.936990088122116 ], [ 76.429458775102489, 31.936315353770681 ], [ 76.448906053171811, 31.956466564480536 ], [ 76.454024338652232, 31.943291525283655 ], [ 76.47040911488881, 31.935216005414532 ], [ 76.499525463829229, 31.934962425375772 ], [ 76.484842704027642, 31.908326090077082 ], [ 76.487173215271753, 31.897953582092327 ] ] ] } },
{ "type": "Feature", "properties": { "pincode": "176108", "state": "Himachal Pradesh", "district": "Hamirpur", "officename": "Bhaleth", "officetype": "S.O" }, "geometry": { "type": "Polygon", "coordinates": [ [ [ 76.47472590297815, 31.794207057010169 ], [ 76.455368000432827, 31.813968999769543 ], [ 76.474083000130349, 31.810785000427529 ], [ 76.467818999946928, 31.82703399971939 ], [ 76.48681636698177, 31.834470590845228 ], [ 76.490042933934433, 31.813916472167534 ], [ 76.47472590297815, 31.794207057010169 ] ] ] } },
{ "type": "Feature", "properties": { "pincode": "176109", "state": "Himachal Pradesh", "district": "Hamirpur", "officename": "Jangal Beri", "officetype": "S.O" }, "geometry": { "type": "Polygon", "coordinates": [ [ [ 76.594201253185417, 31.835997854617347 ], [ 76.572086211809335, 31.848272201201326 ], [ 76.520317515241231, 31.861411609258539 ], [ 76.592087000115043, 31.896158000191519 ], [ 76.640709000320328, 31.874653000435842 ], [ 76.628204000114636, 31.842701000051136 ], [ 76.621686036781171, 31.792012688734644 ], [ 76.610778539198293, 31.815627843350285 ], [ 76.598916728724191, 31.817875043198683 ], [ 76.594201253185417, 31.835997854617347 ] ] ] } },
{ "type": "Feature", "properties": { "pincode": "176110", "state": "Himachal Pradesh", "district": "Hamirpur", "officename": "Sujanpur Tira", "officetype": "S.O" }, "geometry": { "type": "Polygon", "coordinates": [ [ [ 76.574562646149388, 31.811275477181653 ], [ 76.532061300488749, 31.812781095171431 ], [ 76.502929564148189, 31.799689781058646 ], [ 76.48681636698177, 31.834470590845228 ], [ 76.519942999769796, 31.843964000738083 ], [ 76.520317515241231, 31.861411609258539 ], [ 76.542896367573348, 31.856867983370933 ], [ 76.576189758050987, 31.845312494576092 ], [ 76.573131615232001, 31.832707315290463 ], [ 76.580061603860088, 31.821025510419133 ], [ 76.574562646149388, 31.811275477181653 ] ] ] } },
{ "type": "Feature", "properties": { "pincode": "176111", "state": "Himachal Pradesh", "district": "Hamirpur", "officename": "Patlander", "officetype": "S.O" }, "geometry": { "type": "Polygon", "coordinates": [ [ [ 76.502929564148189, 31.799689781058646 ], [ 76.532061300488749, 31.812781095171431 ], [ 76.574562646149388, 31.811275477181653 ], [ 76.573680579395386, 31.766451522619718 ], [ 76.593063048720921, 31.754425849373547 ], [ 76.597247764173119, 31.740414450566504 ], [ 76.552935463600932, 31.729707646590782 ], [ 76.545670461322914, 31.740205000260687 ], [ 76.509238643748631, 31.742529594864948 ], [ 76.511324105023618, 31.755240832098934 ], [ 76.50338918516286, 31.753903225453598 ], [ 76.496526502695929, 31.777695389130997 ], [ 76.502929564148189, 31.799689781058646 ] ] ] } },
{ "type": "Feature", "properties": { "pincode": "176115", "state": "Himachal Pradesh", "district": "Kangra", "officename": "Paprola", "officetype": "S.O" }, "geometry": { "type": "Polygon", "coordinates": [ [ [ 76.594995489450469, 32.111030418519078 ], [ 76.618723756296447, 32.165618067020205 ], [ 76.639125688999513, 32.179872719850209 ], [ 76.653711129565011, 32.172820248055928 ], [ 76.657568547550625, 32.147215129374786 ], [ 76.640770653343054, 32.119666725039451 ], [ 76.657652832012673, 32.101768627220338 ], [ 76.643264738676919, 32.062595475500984 ], [ 76.622322589515932, 32.056709946906722 ], [ 76.622722897543724, 32.083431777154829 ], [ 76.603787488401906, 32.091144803689758 ], [ 76.599892164891571, 32.095666877324618 ], [ 76.609669662524993, 32.102256510329937 ], [ 76.594995489450469, 32.111030418519078 ] ] ] } },
{ "type": "Feature", "properties": { "pincode": "176125", "state": "Himachal Pradesh", "district": "Kangra", "officename": "Baijnath (Kangra)", "officetype": "S.O" }, "geometry": { "type": "Polygon", "coordinates": [ [ [ 76.604488999168041, 32.008721954354769 ], [ 76.610518915715431, 32.013159940478943 ], [ 76.611680943221131, 32.050537414070391 ], [ 76.643264738676919, 32.062595475500984 ], [ 76.654708792476981, 32.080675824529749 ], [ 76.657652832012673, 32.101768627220338 ], [ 76.640770653343054, 32.119666725039451 ], [ 76.657568547550625, 32.147215129374786 ], [ 76.651743492068533, 32.173105217132218 ], [ 76.682448999721657, 32.179667999978221 ], [ 76.698379999637382, 32.196831000050793 ], [ 76.720228448684111, 32.195890774140139 ], [ 76.70559121526253, 32.162603471173327 ], [ 76.737454583862132, 32.124432853093822 ], [ 76.72508536689628, 32.11408168152451 ], [ 76.72080367574921, 32.097129348540591 ], [ 76.749166208453858, 32.079420908747977 ], [ 76.708744107054997, 32.06910047510695 ], [ 76.705169165224788, 32.064808438158877 ], [ 76.713969260772842, 32.059336266755395 ], [ 76.707950716152652, 32.046806376912912 ], [ 76.688514999767563, 32.051814999962403 ], [ 76.676307999814469, 32.045326000194848 ], [ 76.66277299977429, 32.030654999928288 ], [ 76.666130180663288, 32.008445377752082 ], [ 76.643010660413779, 32.002670403716195 ], [ 76.634034322925686, 31.983425883198095 ], [ 76.62538397618971, 31.981010914822036 ], [ 76.604488999168041, 32.008721954354769 ] ] ] } },
{ "type": "Feature", "properties": { "pincode": "176128", "state": "Himachal Pradesh", "district": "Kangra", "officename": "Chobin", "officetype": "S.O" }, "geometry": { "type": "Polygon", "coordinates": [ [ [ 76.643010660413779, 32.002670403716195 ], [ 76.666130180663288, 32.008445377752082 ], [ 76.68447100033643, 31.97704700001907 ], [ 76.694076999953666, 31.932604000074662 ], [ 76.678394173352615, 31.929595822689066 ], [ 76.660207943541764, 31.950318028254628 ], [ 76.652670652628615, 31.973474785832934 ], [ 76.642060088702294, 31.977532424381991 ], [ 76.643010660413779, 32.002670403716195 ] ] ] } },
{ "type": "Feature", "properties": { "pincode": "176200", "state": "Himachal Pradesh", "district": "Kangra", "officename": "Bhadwar", "officetype": "S.O" }, "geometry": { "type": "Polygon", "coordinates": [ [ [ 75.933778339498929, 32.292904816104567 ], [ 75.93231826767402, 32.307366986597231 ], [ 75.950451409604966, 32.3104608765683 ], [ 75.964523048599972, 32.323745017918441 ], [ 76.007899838406956, 32.321545799599164 ], [ 76.019970532614138, 32.327543600456863 ], [ 76.015739000254769, 32.318150000022513 ], [ 76.023621000408866, 32.320819999943012 ], [ 76.016506047316398, 32.285202428549269 ], [ 75.991238855189181, 32.285494713610319 ], [ 75.986721272768648, 32.263865907785544 ], [ 75.970216674460005, 32.264303429759593 ], [ 75.933778339498929, 32.292904816104567 ] ] ] } },
{ "type": "Feature", "properties": { "pincode": "176201", "state": "Himachal Pradesh", "district": "Kangra", "officename": "Jassur", "officetype": "S.O" }, "geometry": { "type": "Polygon", "coordinates": [ [ [ 75.739076425936503, 32.262904093649126 ], [ 75.770111000022723, 32.285747999570674 ], [ 75.825150783581989, 32.346275341933733 ], [ 75.833647756339019, 32.332817923708262 ], [ 75.851577913190226, 32.330327659593877 ], [ 75.860150714084284, 32.315934666751559 ], [ 75.876629429904426, 32.309600101263754 ], [ 75.877445456742521, 32.29918443661262 ], [ 75.867770731833843, 32.291852348507234 ], [ 75.888640336282492, 32.299497807178227 ], [ 75.917120278178345, 32.274806837665494 ], [ 75.913239615415989, 32.264326225774823 ], [ 75.876345720778545, 32.262402920358511 ], [ 75.853203317279394, 32.244677203690173 ], [ 75.845464407356701, 32.262065643115079 ], [ 75.800581702783518, 32.248685357043769 ], [ 75.796488599469285, 32.239859772910222 ], [ 75.786858277687486, 32.241164815104185 ], [ 75.786509312854434, 32.227453274549134 ], [ 75.772099946055846, 32.227595022092771 ], [ 75.769828300835457, 32.248587230216572 ], [ 75.739076425936503, 32.262904093649126 ] ] ] } },
{ "type": "Feature", "properties": { "pincode": "176202", "state": "Himachal Pradesh", "district": "Kangra", "officename": "Nurpur", "officetype": "S.O" }, "geometry": { "type": "Polygon", "coordinates": [ [ [ 75.962725951341611, 32.338077152738492 ], [ 75.973685190519291, 32.324197609831856 ], [ 75.932708235296843, 32.307668218113918 ], [ 75.932173975948444, 32.292051075296911 ], [ 75.921326712258008, 32.292845287280215 ], [ 75.912182627826098, 32.276786270670016 ], [ 75.888640336282492, 32.299497807178227 ], [ 75.867770731833843, 32.291852348507234 ], [ 75.877445456742521, 32.29918443661262 ], [ 75.876629429904426, 32.309600101263754 ], [ 75.860150714084284, 32.315934666751559 ], [ 75.851577913190226, 32.330327659593877 ], [ 75.833647756339019, 32.332817923708262 ], [ 75.825150783581989, 32.346275341933733 ], [ 75.858114991613661, 32.374811988782312 ], [ 75.893956892596634, 32.337784846093825 ], [ 75.905271264157705, 32.348431156272909 ], [ 75.896188661877318, 32.353551863627729 ], [ 75.908208537194412, 32.360925883522896 ], [ 75.910001821327171, 32.353500587881967 ], [ 75.926235059100748, 32.358578282461792 ], [ 75.932475680508446, 32.344117085035577 ], [ 75.94904483395203, 32.342105849305597 ], [ 75.953461450385703, 32.333034028997304 ], [ 75.962725951341611, 32.338077152738492 ] ] ] } },
{ "type": "Feature", "properties": { "pincode": "176203", "state": "Himachal Pradesh", "district": "Kangra", "officename": "Ladori", "officetype": "S.O" }, "geometry": { "type": "Polygon", "coordinates": [ [ [ 75.909424727269482, 32.359950735138284 ], [ 75.940676328449968, 32.375356449140895 ], [ 75.965408114592947, 32.345599580556382 ], [ 75.953461450385703, 32.333034028997304 ], [ 75.94904483395203, 32.342105849305597 ], [ 75.932475680508446, 32.344117085035577 ], [ 75.926235059100748, 32.358578282461792 ], [ 75.910001821327171, 32.353500587881967 ], [ 75.909424727269482, 32.359950735138284 ] ] ] } },
{ "type": "Feature", "properties": { "pincode": "176204", "state": "Himachal Pradesh", "district": "Kangra", "officename": "Gangtha", "officetype": "S.O" }, "geometry": { "type": "Polygon", "coordinates": [ [ [ 75.692385775583205, 32.239537056589882 ], [ 75.686189085158219, 32.261884147335593 ], [ 75.739730694416096, 32.270975798594293 ], [ 75.739076425936503, 32.262904093649126 ], [ 75.769828300835457, 32.248587230216572 ], [ 75.772099946055846, 32.227595022092771 ], [ 75.786509312854434, 32.227453274549134 ], [ 75.786858277687486, 32.241164815104185 ], [ 75.796488599469285, 32.239859772910222 ], [ 75.800581702783518, 32.248685357043769 ], [ 75.845464407356701, 32.262065643115079 ], [ 75.850760721730126, 32.242835319294613 ], [ 75.868111682808149, 32.241244953691648 ], [ 75.871071128629865, 32.227175248239234 ], [ 75.864529154297145, 32.225130508266318 ], [ 75.868726604149572, 32.216483238110925 ], [ 75.852875660982988, 32.182415375769096 ], [ 75.823758904649878, 32.186706716641822 ], [ 75.764781524947466, 32.169789002160769 ], [ 75.734597097977826, 32.170510568707925 ], [ 75.742140415248002, 32.186653444401145 ], [ 75.718204247628137, 32.209038381316418 ], [ 75.73720224778549, 32.223783802280707 ], [ 75.733911060047376, 32.239406226816016 ], [ 75.709786790228236, 32.237809726937428 ], [ 75.699636791604746, 32.229480386011119 ], [ 75.699834008432902, 32.239376067151909 ], [ 75.692385775583205, 32.239537056589882 ] ] ] } },
{ "type": "Feature", "properties": { "pincode": "176205", "state": "Himachal Pradesh", "district": "Kangra", "officename": "Kotla (Kangra)", "officetype": "S.O" }, "geometry": { "type": "Polygon", "coordinates": [ [ [ 75.942533221631038, 32.251238295810822 ], [ 75.966065076542122, 32.243986848114673 ], [ 75.976830170975745, 32.26382504618914 ], [ 75.992594308880314, 32.27186483599337 ], [ 75.991238855189181, 32.285494713610319 ], [ 76.012786048437476, 32.282276094866006 ], [ 76.018479745344166, 32.28895817278152 ], [ 76.03108999950399, 32.270477000413393 ], [ 76.045195783059057, 32.266086760196004 ], [ 76.051442492876902, 32.250776080252024 ], [ 76.038994950356823, 32.232908725757227 ], [ 76.023788437086864, 32.235669750558543 ], [ 76.030099562644864, 32.204688282338509 ], [ 75.995894542899009, 32.193047212259046 ], [ 75.995969478009044, 32.171142676993099 ], [ 75.98120986394423, 32.161637172117935 ], [ 75.978678554771477, 32.187207063455389 ], [ 75.961678791543079, 32.198636051812514 ], [ 75.965222263396811, 32.208480616387419 ], [ 75.946106585150972, 32.219002895667131 ], [ 75.942533221631038, 32.251238295810822 ] ] ] } },
{ "type": "Feature", "properties": { "pincode": "176206", "state": "Himachal Pradesh", "district": "Kangra", "officename": "Shahpur (Kangra)", "officetype": "S.O" }, "geometry": { "type": "Polygon", "coordinates": [ [ [ 76.135524369254426, 32.21027570815744 ], [ 76.133059103594917, 32.228326528846424 ], [ 76.143737999808991, 32.225436999917804 ], [ 76.168617000474285, 32.237026000149967 ], [ 76.176857000050632, 32.224944999712022 ], [ 76.184235000345041, 32.232371999568215 ], [ 76.186561999736625, 32.272678000289602 ], [ 76.167992000430729, 32.28368399971697 ], [ 76.162781000243115, 32.298183000145514 ], [ 76.16043900015984, 32.317944000415423 ], [ 76.173491999556177, 32.34026700012214 ], [ 76.166466000205901, 32.353789999608921 ], [ 76.205780000146888, 32.37398900029234 ], [ 76.22324399971086, 32.395519000301647 ], [ 76.259475999617678, 32.39300899966571 ], [ 76.261749000116254, 32.379684000316445 ], [ 76.272241397622508, 32.37513071391129 ], [ 76.27046478692057, 32.347828568234036 ], [ 76.243804168127895, 32.31799976108033 ], [ 76.252012584413421, 32.282153053221009 ], [ 76.231680436403224, 32.275003415075673 ], [ 76.229084337372399, 32.240208257505174 ], [ 76.220996977029017, 32.234981434645476 ], [ 76.229121346273189, 32.226098248035896 ], [ 76.245984805554428, 32.225691177106228 ], [ 76.243901654637796, 32.220607811401521 ], [ 76.229072410563333, 32.202912952271049 ], [ 76.206946841723493, 32.205716731741859 ], [ 76.180631561697339, 32.169538791881791 ], [ 76.172496622721042, 32.177871451306487 ], [ 76.153515030694109, 32.167639463290641 ], [ 76.133297575023107, 32.179609244571111 ], [ 76.146330142722093, 32.207303771651823 ], [ 76.145080719100122, 32.214708301047324 ], [ 76.135524369254426, 32.21027570815744 ] ] ] } },
{ "type": "Feature", "properties": { "pincode": "176207", "state": "Himachal Pradesh", "district": "Chamba", "officename": "Sihunta", "officetype": "S.O" }, "geometry": { "type": "Polygon", "coordinates": [ [ [ 75.983471361214413, 32.381823052192146 ], [ 75.995340908556216, 32.405036735956742 ], [ 76.010982539912391, 32.391610623131839 ], [ 76.038273893725318, 32.388399405808116 ], [ 76.070765884837726, 32.394349722461925 ], [ 76.072434775644467, 32.38608544838479 ], [ 76.090487419259091, 32.393301155224265 ], [ 76.121147002132489, 32.382142325008317 ], [ 76.133879530815818, 32.401406493914635 ], [ 76.131557817639248, 32.410525636548869 ], [ 76.156291162307411, 32.427334047428417 ], [ 76.217485337578296, 32.401691284025617 ], [ 76.223811772295562, 32.395459394135798 ], [ 76.211395000079278, 32.378902000227242 ], [ 76.166466000205901, 32.353789999608921 ], [ 76.173491999556177, 32.34026700012214 ], [ 76.16043900015984, 32.317944000415423 ], [ 76.162781000243115, 32.298183000145514 ], [ 76.167992000430729, 32.28368399971697 ], [ 76.186561999736625, 32.272678000289602 ], [ 76.1817320000319, 32.227375000256131 ], [ 76.173324999948818, 32.224830999850781 ], [ 76.168617000474285, 32.237026000149967 ], [ 76.143737999808991, 32.225436999917804 ], [ 76.12261200044361, 32.228394000482922 ], [ 76.119803999555074, 32.256805000350482 ], [ 76.086577999774988, 32.271106999788344 ], [ 76.047400999856279, 32.264358999768092 ], [ 76.03108999950399, 32.270477000413393 ], [ 76.016991000434416, 32.290843999850779 ], [ 76.023627999832456, 32.318316999630042 ], [ 76.015739000254769, 32.318150000022513 ], [ 76.019753000100877, 32.337910000246495 ], [ 75.983471361214413, 32.381823052192146 ] ] ] } },
{ "type": "Feature", "properties": { "pincode": "176208", "state": "Himachal Pradesh", "district": "Kangra", "officename": "Rait", "officetype": "S.O" }, "geometry": { "type": "Polygon", "coordinates": [ [ [ 76.133830143646435, 32.168264108102278 ], [ 76.156512889258522, 32.168298117764039 ], [ 76.172496622721042, 32.177871451306487 ], [ 76.180631561697339, 32.169538791881791 ], [ 76.206946841723493, 32.205716731741859 ], [ 76.229072410563333, 32.202912952271049 ], [ 76.228004486318127, 32.191749452775184 ], [ 76.259962110163315, 32.188714066401133 ], [ 76.251153387418981, 32.166209165320822 ], [ 76.238106303762891, 32.15652724313793 ], [ 76.237979439099945, 32.143809628811482 ], [ 76.21874986531418, 32.138893850870488 ], [ 76.202165089747268, 32.144915583587419 ], [ 76.171880414449561, 32.116922263052231 ], [ 76.166381581744702, 32.14669096851344 ], [ 76.143737424242886, 32.132849820362935 ], [ 76.133951181601901, 32.141635122962668 ], [ 76.131780448409074, 32.156325419982238 ], [ 76.141523946273082, 32.149660593761325 ], [ 76.146873986145692, 32.156627144327445 ], [ 76.133830143646435, 32.168264108102278 ] ] ] } },
{ "type": "Feature", "properties": { "pincode": "176209", "state": "Himachal Pradesh", "district": "Kangra", "officename": "Gaggal", "officetype": "S.O" }, "geometry": { "type": "Polygon", "coordinates": [ [ [ 76.238152862564675, 32.156574507007861 ], [ 76.251682066474189, 32.167053225825896 ], [ 76.267148528781718, 32.203846043859926 ], [ 76.319848409476606, 32.191095025115374 ], [ 76.319495447157294, 32.162095332633726 ], [ 76.304285819535039, 32.144977629613834 ], [ 76.274797387789192, 32.136263137833737 ], [ 76.275134425813349, 32.126339630769507 ], [ 76.253859188450917, 32.129110336772783 ], [ 76.251076901877525, 32.13905243192437 ], [ 76.237979439099945, 32.143809628811482 ], [ 76.238152862564675, 32.156574507007861 ] ] ] } },
{ "type": "Feature", "properties": { "pincode": "176210", "state": "Himachal Pradesh", "district": "Kangra", "officename": "Harchakian", "officetype": "S.O" }, "geometry": { "type": "Polygon", "coordinates": [ [ [ 76.092033211763408, 32.137827874556876 ], [ 76.058460509844849, 32.158256990168127 ], [ 76.050432690016748, 32.173361261313232 ], [ 76.102682867420469, 32.152545294230038 ], [ 76.13047556179788, 32.167459948717692 ], [ 76.144011250718677, 32.154314604235765 ], [ 76.130737682697941, 32.152426232984396 ], [ 76.143737424242886, 32.132849820362935 ], [ 76.166381581744702, 32.14669096851344 ], [ 76.170618589176684, 32.117010104332962 ], [ 76.185727443267012, 32.112410542412647 ], [ 76.194596515916487, 32.095490702833786 ], [ 76.193933668803822, 32.087704792542183 ], [ 76.182445594089018, 32.084137521029902 ], [ 76.18994530323323, 32.071989633514931 ], [ 76.178642778441542, 32.067878573437497 ], [ 76.168598577862213, 32.085540778184452 ], [ 76.143689761973008, 32.095006315389128 ], [ 76.130025468200984, 32.09118380368983 ], [ 76.118444325345422, 32.098364568270426 ], [ 76.105093010933899, 32.090866022848672 ], [ 76.086464969382973, 32.129600574307119 ], [ 76.092033211763408, 32.137827874556876 ] ] ] } },
{ "type": "Feature", "properties": { "pincode": "176211", "state": "Himachal Pradesh", "district": "Kangra", "officename": "Saliali", "officetype": "S.O" }, "geometry": { "type": "Polygon", "coordinates": [ [ [ 75.893956892596634, 32.337784846093825 ], [ 75.854644549206625, 32.374156882134628 ], [ 75.887679999732313, 32.398033000222938 ], [ 75.926902999973493, 32.40870699962835 ], [ 75.937743999885811, 32.395527000670711 ], [ 75.974625000043886, 32.390896000250223 ], [ 76.021957000115549, 32.330677000343314 ], [ 76.007899838406956, 32.321545799599164 ], [ 75.966277485617525, 32.32730212799089 ], [ 75.964947705772147, 32.346913632158532 ], [ 75.940676328449968, 32.375356449140895 ], [ 75.89761151705801, 32.354938870932301 ], [ 75.905271264157705, 32.348431156272909 ], [ 75.893956892596634, 32.337784846093825 ] ] ] } },
{ "type": "Feature", "properties": { "pincode": "176213", "state": "Himachal Pradesh", "district": "Kangra", "officename": "Hpbose Dharamsala", "officetype": "S.O" }, "geometry": { "type": "Polygon", "coordinates": [ [ [ 76.314894870801709, 32.191126949249281 ], [ 76.316331003572998, 32.208611143089968 ], [ 76.329853257521904, 32.208078909014489 ], [ 76.323925304309512, 32.19198398607233 ], [ 76.314894870801709, 32.191126949249281 ] ] ] } },
{ "type": "Feature", "properties": { "pincode": "176214", "state": "Himachal Pradesh", "district": "Kangra", "officename": "Tiara", "officetype": "S.O" }, "geometry": { "type": "Polygon", "coordinates": [ [ [ 76.171880414449561, 32.116922263052231 ], [ 76.206081525741979, 32.146490719171481 ], [ 76.21874986531418, 32.138893850870488 ], [ 76.242107458592386, 32.143256090696241 ], [ 76.258411874108901, 32.127484763611051 ], [ 76.261802337108179, 32.105673851367271 ], [ 76.232767924500308, 32.100882879541416 ], [ 76.225506824380545, 32.093031983339472 ], [ 76.216010616696735, 32.09985620450027 ], [ 76.195020950956291, 32.093708741165642 ], [ 76.185727443267012, 32.112410542412647 ], [ 76.171880414449561, 32.116922263052231 ] ] ] } },
{ "type": "Feature", "properties": { "pincode": "176215", "state": "Himachal Pradesh", "district": "Kangra", "officename": "Dharamsala", "officetype": "H.O" }, "geometry": { "type": "Polygon", "coordinates": [ [ [ 76.329853257521904, 32.208078909014489 ], [ 76.316331003572998, 32.208611143089968 ], [ 76.314894870801709, 32.191126949249281 ], [ 76.27951924581663, 32.196682727026314 ], [ 76.280056309251222, 32.245116618737143 ], [ 76.298420641699408, 32.250216468115639 ], [ 76.318501534418374, 32.241487776040231 ], [ 76.33289432851052, 32.222621397959244 ], [ 76.329853257521904, 32.208078909014489 ] ] ] } },
{ "type": "Feature", "properties": { "pincode": "176216", "state": "Himachal Pradesh", "district": "Kangra", "officename": "Dharamsala Cantt", "officetype": "S.O" }, "geometry": { "type": "Polygon", "coordinates": [ [ [ 76.274075856315903, 32.24969793611092 ], [ 76.280288251601746, 32.274377406891915 ], [ 76.267069136631449, 32.277868657812235 ], [ 76.273842752041503, 32.287168427481106 ], [ 76.248186964656838, 32.286803052718824 ], [ 76.243560864642291, 32.314562160115713 ], [ 76.27046478692057, 32.347828568234036 ], [ 76.273415000302066, 32.37542700005622 ], [ 76.284019000077024, 32.367915999923639 ], [ 76.294898999988902, 32.340134000283967 ], [ 76.355827000215982, 32.326641000381869 ], [ 76.362606680653982, 32.318792660053305 ], [ 76.351781025873777, 32.308000611139391 ], [ 76.355886227767371, 32.291861736530052 ], [ 76.336984665509988, 32.280919107830698 ], [ 76.320214521682942, 32.25040905883111 ], [ 76.280787412209349, 32.244193656212417 ], [ 76.274075856315903, 32.24969793611092 ] ] ] } },
{ "type": "Feature", "properties": { "pincode": "176217", "state": "Himachal Pradesh", "district": "Kangra", "officename": "Charri", "officetype": "S.O" }, "geometry": { "type": "Polygon", "coordinates": [ [ [ 76.227359604961975, 32.254481068546511 ], [ 76.235995826945896, 32.268856571373703 ], [ 76.231680436403224, 32.275003415075673 ], [ 76.251234258054694, 32.286805120260169 ], [ 76.273842752041503, 32.287168427481106 ], [ 76.266862412170781, 32.279460693456372 ], [ 76.281689782957244, 32.270444256996882 ], [ 76.274073349905166, 32.2507098460826 ], [ 76.280111967393509, 32.245599594245959 ], [ 76.278992130682525, 32.199735201418321 ], [ 76.267148528781718, 32.203846043859926 ], [ 76.259962110163315, 32.188714066401133 ], [ 76.223920480545814, 32.195804848415094 ], [ 76.245984805554428, 32.225691177106228 ], [ 76.220813035093727, 32.230811781938314 ], [ 76.229084337372399, 32.240208257505174 ], [ 76.227359604961975, 32.254481068546511 ] ] ] } },
{ "type": "Feature", "properties": { "pincode": "176218", "state": "Himachal Pradesh", "district": "Kangra", "officename": "Khaniara", "officetype": "S.O" }, "geometry": { "type": "Polygon", "coordinates": [ [ [ 76.346554348704444, 32.222200920835917 ], [ 76.36597070178658, 32.258716574110736 ], [ 76.360529868158892, 32.270472493910461 ], [ 76.365002054601177, 32.310521909958368 ], [ 76.419678000339616, 32.279915000377002 ], [ 76.420089269304469, 32.259983647827084 ], [ 76.388979550565921, 32.20351220922123 ], [ 76.356399092244487, 32.214170478584833 ], [ 76.346554348704444, 32.222200920835917 ] ] ] } },
{ "type": "Feature", "properties": { "pincode": "176219", "state": "Himachal Pradesh", "district": "Kangra", "officename": "Mcleodganj", "officetype": "S.O" }, "geometry": { "type": "Polygon", "coordinates": [ [ [ 76.320214521682942, 32.25040905883111 ], [ 76.336984665509988, 32.280919107830698 ], [ 76.355886227767371, 32.291861736530052 ], [ 76.351781025873777, 32.308000611139391 ], [ 76.362606680653982, 32.318792660053305 ], [ 76.367355383444306, 32.311806538441033 ], [ 76.360529868158892, 32.270472493910461 ], [ 76.366466224636724, 32.261415041171347 ], [ 76.359321611003566, 32.244158623122019 ], [ 76.346417306413684, 32.226011169380001 ], [ 76.33289432851052, 32.222621397959244 ], [ 76.308902593579887, 32.245833447655457 ], [ 76.320214521682942, 32.25040905883111 ] ] ] } },
{ "type": "Feature", "properties": { "pincode": "176225", "state": "Himachal Pradesh", "district": "Kangra", "officename": "Tilokpur (Kangra)", "officetype": "S.O" }, "geometry": { "type": "Polygon", "coordinates": [ [ [ 76.025928650886669, 32.23464644257939 ], [ 76.03666201903701, 32.231728269344273 ], [ 76.048563303453875, 32.239630133723779 ], [ 76.045195783059057, 32.266086760196004 ], [ 76.086577999774988, 32.271106999788344 ], [ 76.119803999555074, 32.256805000350482 ], [ 76.12261200044361, 32.228394000482922 ], [ 76.133059103594917, 32.228326528846424 ], [ 76.128309499683837, 32.220892115878542 ], [ 76.134028570062526, 32.210943398119412 ], [ 76.145080719100122, 32.214708301047324 ], [ 76.133297575023107, 32.179609244571111 ], [ 76.141630715585222, 32.169851310789397 ], [ 76.133830143646435, 32.168264108102278 ], [ 76.146873986145692, 32.156627144327445 ], [ 76.13047556179788, 32.167459948717692 ], [ 76.102682867420469, 32.152545294230038 ], [ 76.058778918412429, 32.172026256406639 ], [ 76.053802518071905, 32.192358374739229 ], [ 76.028291905547064, 32.203128691535881 ], [ 76.032827734312491, 32.212908858357196 ], [ 76.020535004686792, 32.226907262859925 ], [ 76.025928650886669, 32.23464644257939 ] ] ] } },
{ "type": "Feature", "properties": { "pincode": "176301", "state": "Himachal Pradesh", "district": "Chamba", "officename": "Bakloh", "officetype": "S.O" }, "geometry": { "type": "Polygon", "coordinates": [ [ [ 75.846519000051842, 32.524364000198489 ], [ 75.865732288913989, 32.55065269716431 ], [ 75.887775064367759, 32.54294514120528 ], [ 75.891298679190811, 32.533315116199788 ], [ 75.910153079201336, 32.535178454822017 ], [ 75.92676450797569, 32.509677274386831 ], [ 75.944615067631332, 32.507996244531228 ], [ 75.986603797027726, 32.530975281683936 ], [ 76.028212059239195, 32.530045241494747 ], [ 76.005812934619371, 32.507051246817525 ], [ 75.965717168412766, 32.484657774436926 ], [ 75.963501823450542, 32.470893764735536 ], [ 75.950965552018772, 32.461211712150771 ], [ 75.931951783148293, 32.461709297146399 ], [ 75.928268541360126, 32.45031188488565 ], [ 75.871208000049307, 32.499340000041116 ], [ 75.854395551213884, 32.52509600247862 ], [ 75.846519000051842, 32.524364000198489 ] ] ] } },
{ "type": "Feature", "properties": { "pincode": "176302", "state": "Himachal Pradesh", "district": "Chamba", "officename": "Chowari", "officetype": "S.O" }, "geometry": { "type": "Polygon", "coordinates": [ [ [ 75.950454999698536, 32.424263000237431 ], [ 75.931614422267899, 32.448002571561631 ], [ 75.988706601728381, 32.439631522776665 ], [ 76.010211116749701, 32.45167415633739 ], [ 76.026496753522338, 32.442680463732529 ], [ 76.038652326643557, 32.448296665158921 ], [ 76.045079029473754, 32.4834067689074 ], [ 76.084114660463399, 32.490577158009557 ], [ 76.117478569480625, 32.486716097769886 ], [ 76.123323526959382, 32.458100603759988 ], [ 76.13880227940183, 32.452339442411471 ], [ 76.154535631714168, 32.424343990482896 ], [ 76.131557817639248, 32.410525636548869 ], [ 76.133879530815818, 32.401406493914635 ], [ 76.121147002132489, 32.382142325008317 ], [ 76.090487419259091, 32.393301155224265 ], [ 76.074100796714333, 32.386091088033368 ], [ 76.070765884837726, 32.394349722461925 ], [ 76.010982539912391, 32.391610623131839 ], [ 75.995340908556216, 32.405036735956742 ], [ 75.983471361214413, 32.381823052192146 ], [ 75.974625000043886, 32.390896000250223 ], [ 75.937743999885811, 32.395527000670711 ], [ 75.926902999973493, 32.40870699962835 ], [ 75.941734000423821, 32.411278000379525 ], [ 75.950454999698536, 32.424263000237431 ] ] ] } },
{ "type": "Feature", "properties": { "pincode": "176303", "state": "Himachal Pradesh", "district": "Chamba", "officename": "Banikhet", "officetype": "S.O" }, "geometry": { "type": "Polygon", "coordinates": [ [ [ 75.942082329436005, 32.608579383631707 ], [ 75.953353483176841, 32.582521649654382 ], [ 75.948506363078309, 32.567665377355468 ], [ 75.965782604883429, 32.560055039008944 ], [ 75.983345474114344, 32.564250346676261 ], [ 75.977401816940471, 32.550552861625363 ], [ 75.966535064941411, 32.547855449469637 ], [ 75.974135909145048, 32.547022948850099 ], [ 75.979050659160748, 32.523742258398556 ], [ 75.963376289784094, 32.521547962068894 ], [ 75.957291867126116, 32.510827264466684 ], [ 75.92676450797569, 32.509677274386831 ], [ 75.910153079201336, 32.535178454822017 ], [ 75.891298679190811, 32.533315116199788 ], [ 75.887775064367759, 32.54294514120528 ], [ 75.865732288913989, 32.55065269716431 ], [ 75.919436969540641, 32.613358866618512 ], [ 75.927551530778715, 32.590455119808098 ], [ 75.929626833311715, 32.605498033807351 ], [ 75.942575667832784, 32.594772068876011 ], [ 75.942082329436005, 32.608579383631707 ] ] ] } },
{ "type": "Feature", "properties": { "pincode": "176304", "state": "Himachal Pradesh", "district": "Chamba", "officename": "Dalhousie", "officetype": "S.O" }, "geometry": { "type": "Polygon", "coordinates": [ [ [ 75.980398021651467, 32.528901336227875 ], [ 75.974135909145048, 32.547022948850099 ], [ 75.992295861664786, 32.559423702342087 ], [ 75.985927337776616, 32.570370626203498 ], [ 76.032491205305121, 32.560403808688932 ], [ 76.028212059239195, 32.530045241494747 ], [ 75.980398021651467, 32.528901336227875 ] ] ] } },
{ "type": "Feature", "properties": { "pincode": "176305", "state": "Himachal Pradesh", "district": "Chamba", "officename": "Dalhousie Cantt", "officetype": "S.O" }, "geometry": { "type": "Polygon", "coordinates": [ [ [ 75.982122270226682, 32.560927022564158 ], [ 75.992295861664786, 32.559423702342087 ], [ 75.988075075304721, 32.552287864293476 ], [ 75.966906614448874, 32.547123052387121 ], [ 75.982122270226682, 32.560927022564158 ] ] ] } },
{ "type": "Feature", "properties": { "pincode": "176306", "state": "Himachal Pradesh", "district": "Chamba", "officename": "Bathri-bazar", "officetype": "S.O" }, "geometry": { "type": "Polygon", "coordinates": [ [ [ 75.953202847633349, 32.581555710327848 ], [ 75.952456726896571, 32.602770888265979 ], [ 75.961971746599033, 32.590638346782328 ], [ 75.963319625300642, 32.597509997288739 ], [ 75.991619557097067, 32.608826928320127 ], [ 76.007148787586459, 32.608037228235617 ], [ 76.011235690075068, 32.593372971985218 ], [ 76.030155726205976, 32.58220167356842 ], [ 76.028741476638004, 32.565591375241752 ], [ 75.985927337776616, 32.570370626203498 ], [ 75.983554243633534, 32.564153930359737 ], [ 75.959998580969909, 32.561238952415692 ], [ 75.946068561814684, 32.574110410167464 ], [ 75.953202847633349, 32.581555710327848 ] ] ] } },
{ "type": "Feature", "properties": { "pincode": "176308", "state": "Himachal Pradesh", "district": "Chamba", "officename": "Bhalei", "officetype": "S.O" }, "geometry": { "type": "Polygon", "coordinates": [ [ [ 75.91300008008966, 32.690643736219613 ], [ 75.922766995400707, 32.712862455038362 ], [ 75.93537479081408, 32.7149593817702 ], [ 75.971776711326299, 32.687924620724743 ], [ 76.007267421654376, 32.682631399119884 ], [ 75.988685389419174, 32.665073655125184 ], [ 76.00184440809295, 32.665940568302688 ], [ 76.027867342803745, 32.650935540942498 ], [ 76.027856264055515, 32.625742066243333 ], [ 76.016983304036387, 32.621814321274087 ], [ 76.010031070677428, 32.607420777147183 ], [ 75.991619557097067, 32.608826928320127 ], [ 75.958521859995983, 32.591564060333326 ], [ 75.940830174573023, 32.616901303352506 ], [ 75.946898363568721, 32.640949960871922 ], [ 75.962563637202209, 32.640271577970964 ], [ 75.953481677037871, 32.649027224526833 ], [ 75.959618612908798, 32.658934278494257 ], [ 75.940568461964972, 32.657472788438554 ], [ 75.921722000270279, 32.672172999584291 ], [ 75.91300008008966, 32.690643736219613 ] ] ] } },
{ "type": "Feature", "properties": { "pincode": "176309", "state": "Himachal Pradesh", "district": "Chamba", "officename": "Garola", "officetype": "S.O" }, "geometry": { "type": "Polygon", "coordinates": [ [ [ 76.387663621179115, 32.352430886576315 ], [ 76.425917989523612, 32.39295129106938 ], [ 76.459655949062778, 32.407079701567113 ], [ 76.42676618151404, 32.438005654637323 ], [ 76.425959054366899, 32.458999366427804 ], [ 76.458027533144218, 32.476421048392808 ], [ 76.468937119852228, 32.469955771841512 ], [ 76.480212051645026, 32.48795006564319 ], [ 76.518045464426677, 32.459291956358754 ], [ 76.517642931476246, 32.441001430371841 ], [ 76.53766696276017, 32.419698459716244 ], [ 76.533512498702976, 32.40156233653272 ], [ 76.494485362709497, 32.402033947308951 ], [ 76.498888883215443, 32.391722364795385 ], [ 76.491938309105933, 32.385403389954604 ], [ 76.502078471844186, 32.384957953047149 ], [ 76.50050313301324, 32.378696892747428 ], [ 76.477194459256964, 32.380046042191339 ], [ 76.50138680235915, 32.371344163402568 ], [ 76.489774777683976, 32.361726299928932 ], [ 76.493482895619195, 32.33436640338698 ], [ 76.501741733294409, 32.331535921245859 ], [ 76.454625473387125, 32.258112011160449 ], [ 76.424521999790556, 32.26448800032108 ], [ 76.419678000339616, 32.279915000377002 ], [ 76.373313999941217, 32.302352999991058 ], [ 76.359638619326972, 32.322228567594323 ], [ 76.381763191717994, 32.327990017625382 ], [ 76.38862651450205, 32.319950219726991 ], [ 76.398921616039729, 32.322935723405067 ], [ 76.383635632378684, 32.33892303257187 ], [ 76.387663621179115, 32.352430886576315 ] ] ] } },
{ "type": "Feature", "properties": { "pincode": "176310", "state": "Himachal Pradesh", "district": "Chamba", "officename": "Chamba", "officetype": "H.O" }, "geometry": { "type": "Polygon", "coordinates": [ [ [ 76.005771730381127, 32.604933474500342 ], [ 76.018161841295978, 32.622958034985402 ], [ 76.039258266456045, 32.628307824846274 ], [ 76.03923311511619, 32.646797424761417 ], [ 76.063591025205824, 32.645705359115141 ], [ 76.082905848426265, 32.630253760802475 ], [ 76.090960129006874, 32.631752618588621 ], [ 76.096050748643108, 32.644985257563576 ], [ 76.119166934206703, 32.637692953666829 ], [ 76.138737961687639, 32.653536486419796 ], [ 76.145455023230909, 32.647473612417286 ], [ 76.165723849975734, 32.651203671112626 ], [ 76.135822367708272, 32.609453919463022 ], [ 76.142551194182374, 32.56858573814128 ], [ 76.15067317033072, 32.575694377093953 ], [ 76.145121339678269, 32.563440917264586 ], [ 76.154824680114871, 32.550946899579799 ], [ 76.147145674033709, 32.535044233704639 ], [ 76.098947352538346, 32.543311057359574 ], [ 76.025973277045239, 32.523854797760748 ], [ 76.033514141864259, 32.552953762805942 ], [ 76.026016516449147, 32.569294192573125 ], [ 76.030155726205976, 32.58220167356842 ], [ 76.005771730381127, 32.604933474500342 ] ] ] } },
{ "type": "Feature", "properties": { "pincode": "176311", "state": "Himachal Pradesh", "district": "Chamba", "officename": "Mehla", "officetype": "S.O" }, "geometry": { "type": "Polygon", "coordinates": [ [ [ 76.150437285352496, 32.464524029460449 ], [ 76.170680699954346, 32.497012301876225 ], [ 76.169739169127354, 32.555763934657989 ], [ 76.204586823723105, 32.558443842409531 ], [ 76.20925341841064, 32.572171405286326 ], [ 76.226871736241776, 32.550306010314216 ], [ 76.234677525147731, 32.560224941627837 ], [ 76.241092459449533, 32.553218954890951 ], [ 76.250032414864222, 32.571322741151619 ], [ 76.277254231297775, 32.568204301487469 ], [ 76.297219549442787, 32.586331540268418 ], [ 76.33018493828439, 32.591675022284562 ], [ 76.357501827447379, 32.63374776454782 ], [ 76.383083374897865, 32.641661063807078 ], [ 76.392618734567009, 32.620854674503676 ], [ 76.418154187265998, 32.618046956901651 ], [ 76.438681581689764, 32.626666146625325 ], [ 76.442695999720797, 32.65956099984038 ], [ 76.46548608661368, 32.653123939518252 ], [ 76.473435253534262, 32.620196424725293 ], [ 76.456983527268164, 32.60458463827058 ], [ 76.460117489230811, 32.570350145942484 ], [ 76.450100837583705, 32.554471205082166 ], [ 76.448363890581277, 32.527888519739577 ], [ 76.41710454084199, 32.503963090024683 ], [ 76.399897090878085, 32.478542122820897 ], [ 76.377958556742044, 32.474318655581669 ], [ 76.359414793358212, 32.487450969786607 ], [ 76.289010881347167, 32.450555638931576 ], [ 76.279603184039729, 32.424338575664763 ], [ 76.262250665336012, 32.422107076180737 ], [ 76.259932848921835, 32.39033081771322 ], [ 76.223811772295562, 32.395459394135798 ], [ 76.1946500921282, 32.414376618985841 ], [ 76.154535631714168, 32.424343990482896 ], [ 76.145980952159391, 32.43597283607761 ], [ 76.150437285352496, 32.464524029460449 ] ] ] } },
{ "type": "Feature", "properties": { "pincode": "176312", "state": "Himachal Pradesh", "district": "Chamba", "officename": "Sundla", "officetype": "S.O" }, "geometry": { "type": "Polygon", "coordinates": [ [ [ 76.0774446118794, 32.737980080016712 ], [ 76.082914271476625, 32.730730995738952 ], [ 76.0776193690387, 32.727439031885979 ], [ 76.096043251894685, 32.719179054769654 ], [ 76.043625171064832, 32.66787616115613 ], [ 76.039258266456045, 32.628307824846274 ], [ 76.031093463692571, 32.628786511488443 ], [ 76.027867342803745, 32.650935540942498 ], [ 76.00184440809295, 32.665940568302688 ], [ 75.988685389419174, 32.665073655125184 ], [ 76.007267421654376, 32.682631399119884 ], [ 75.971776711326299, 32.687924620724743 ], [ 75.93537479081408, 32.7149593817702 ], [ 75.922766995400707, 32.712862455038362 ], [ 75.929855827684378, 32.738748273713952 ], [ 75.957730792941788, 32.727313985651961 ], [ 76.018434637148914, 32.740775544355984 ], [ 76.063831841166575, 32.731015380255769 ], [ 76.0774446118794, 32.737980080016712 ] ] ] } },
{ "type": "Feature", "properties": { "pincode": "176313", "state": "Himachal Pradesh", "district": "Chamba", "officename": "Kakira", "officetype": "S.O" }, "geometry": { "type": "Polygon", "coordinates": [ [ [ 75.933468617482902, 32.462063389913624 ], [ 75.950965552018772, 32.461211712150771 ], [ 75.963501823450542, 32.470893764735536 ], [ 75.965717168412766, 32.484657774436926 ], [ 76.025973277045239, 32.523854797760748 ], [ 76.046385379282015, 32.526228966593692 ], [ 76.067941916486348, 32.491558964075011 ], [ 76.045079029473754, 32.4834067689074 ], [ 76.038652326643557, 32.448296665158921 ], [ 76.026496753522338, 32.442680463732529 ], [ 76.010211116749701, 32.45167415633739 ], [ 75.988706601728381, 32.439631522776665 ], [ 75.970570163782099, 32.437938098464599 ], [ 75.966712609999036, 32.446924972409704 ], [ 75.947104592503138, 32.442681765950795 ], [ 75.928268541360126, 32.45031188488565 ], [ 75.933468617482902, 32.462063389913624 ] ] ] } },
{ "type": "Feature", "properties": { "pincode": "176314", "state": "Himachal Pradesh", "district": "Chamba", "officename": "Sultanpur (Chamba)", "officetype": "S.O" }, "geometry": { "type": "Polygon", "coordinates": [ [ [ 76.142551194182374, 32.56858573814128 ], [ 76.135822367708272, 32.609453919463022 ], [ 76.146542719970682, 32.632973127208118 ], [ 76.154894111374347, 32.633440619089413 ], [ 76.163482989448539, 32.650118655251845 ], [ 76.192397650131568, 32.661149992178423 ], [ 76.195359306486921, 32.670099425548131 ], [ 76.186744334583409, 32.680402042720289 ], [ 76.20184722077272, 32.692776230239019 ], [ 76.28409212035524, 32.681018311246078 ], [ 76.323214186985183, 32.643450095045921 ], [ 76.357501827447379, 32.63374776454782 ], [ 76.33018493828439, 32.591675022284562 ], [ 76.297219549442787, 32.586331540268418 ], [ 76.277254231297775, 32.568204301487469 ], [ 76.250032414864222, 32.571322741151619 ], [ 76.244106047156379, 32.554262810580326 ], [ 76.234677525147731, 32.560224941627837 ], [ 76.226871736241776, 32.550306010314216 ], [ 76.20925341841064, 32.572171405286326 ], [ 76.204586823723105, 32.558443842409531 ], [ 76.171545833373671, 32.555393666684381 ], [ 76.153204687246671, 32.565438974329425 ], [ 76.152602616317722, 32.576688827627436 ], [ 76.142551194182374, 32.56858573814128 ] ] ] } },
{ "type": "Feature", "properties": { "pincode": "176315", "state": "Himachal Pradesh", "district": "Chamba", "officename": "Bharmour", "officetype": "S.O" }, "geometry": { "type": "Polygon", "coordinates": [ [ [ 76.450216743108342, 32.536909308917643 ], [ 76.460117489230811, 32.570350145942484 ], [ 76.456983527268164, 32.60458463827058 ], [ 76.473435253534262, 32.620196424725293 ], [ 76.461763685645565, 32.649040282683018 ], [ 76.516693000081887, 32.666907999604689 ], [ 76.593635999601929, 32.642464000113648 ], [ 76.604469000044389, 32.610377999844843 ], [ 76.631500000125016, 32.603031000080534 ], [ 76.624809000035384, 32.58618200009937 ], [ 76.629897999992806, 32.574180999753537 ], [ 76.649467000401899, 32.580353000190826 ], [ 76.680343999775914, 32.570015000092212 ], [ 76.705528000117226, 32.573257000310377 ], [ 76.709061000265137, 32.561366999687323 ], [ 76.700829000158308, 32.546364000298354 ], [ 76.714912000288621, 32.538157999592045 ], [ 76.739669999870671, 32.560711000012702 ], [ 76.757774000170059, 32.558387999906245 ], [ 76.767676999993625, 32.547343999625923 ], [ 76.781532000401739, 32.55250200006725 ], [ 76.80204000004602, 32.534172000137801 ], [ 76.827965000384495, 32.538502000167284 ], [ 76.839218000410369, 32.526385999914055 ], [ 76.865859999639326, 32.533398000417492 ], [ 76.883223999987649, 32.519936000146345 ], [ 76.853798000077688, 32.476302999783684 ], [ 76.865340999987154, 32.461140000210946 ], [ 76.786879999712369, 32.406249999637907 ], [ 76.787932999708346, 32.374637999643994 ], [ 76.77821400027608, 32.362060999715368 ], [ 76.75645037798256, 32.359143591803502 ], [ 76.744372922672426, 32.374065310465824 ], [ 76.678896995100388, 32.373224456043999 ], [ 76.665025268201703, 32.367089343998202 ], [ 76.652425244729443, 32.338505190462342 ], [ 76.630575345975501, 32.379384705939572 ], [ 76.618605445984656, 32.383431236062677 ], [ 76.597535519348867, 32.373828998309648 ], [ 76.590271214045288, 32.382041727743569 ], [ 76.601134314797036, 32.396948907965907 ], [ 76.598416504218449, 32.406262382403099 ], [ 76.556128433680385, 32.409609304725677 ], [ 76.517642931476246, 32.441001430371841 ], [ 76.522131254453882, 32.45306405406302 ], [ 76.497847966510562, 32.478676935692135 ], [ 76.480212051645026, 32.48795006564319 ], [ 76.468937119852228, 32.469955771841512 ], [ 76.462574379504133, 32.472745004778233 ], [ 76.469266198875971, 32.494901134379973 ], [ 76.498118690325327, 32.50670523715695 ], [ 76.49960616269442, 32.522460668724932 ], [ 76.484795623619277, 32.54498658606218 ], [ 76.476213408622129, 32.547249840607776 ], [ 76.475035473008745, 32.536612486776903 ], [ 76.46456808474943, 32.543434936273286 ], [ 76.450216743108342, 32.536909308917643 ] ] ] } },
{ "type": "Feature", "properties": { "pincode": "176316", "state": "Himachal Pradesh", "district": "Chamba", "officename": "Bhanjraru-Tissa", "officetype": "S.O" }, "geometry": { "type": "Polygon", "coordinates": [ [ [ 75.950553999767465, 32.884490999759976 ], [ 76.034073000368778, 32.917701999747578 ], [ 76.045006000026888, 32.937511000432323 ], [ 76.067360000263932, 32.944304999875897 ], [ 76.099228000372023, 32.968807000243032 ], [ 76.110794000442809, 33.004870999597017 ], [ 76.205520999894361, 33.027470000340259 ], [ 76.229113781176238, 33.028260233722847 ], [ 76.228211665835943, 33.017804843318913 ], [ 76.24808923173282, 32.992332466370385 ], [ 76.335120699161052, 32.977169729399463 ], [ 76.344296475701924, 32.957790309675033 ], [ 76.328124742563034, 32.947715893673717 ], [ 76.330513129677229, 32.941304021563496 ], [ 76.374796163612132, 32.909921444019517 ], [ 76.36413023022601, 32.880639542480822 ], [ 76.349534877332815, 32.869022161443581 ], [ 76.36492891633651, 32.859145186201431 ], [ 76.358415384862326, 32.840603010120844 ], [ 76.248721824752579, 32.822151287851625 ], [ 76.230970641082422, 32.837739433827778 ], [ 76.203225498358108, 32.838226922134936 ], [ 76.159663383458621, 32.82859957441093 ], [ 76.142776162290204, 32.815814859867885 ], [ 76.1285544354389, 32.832697309233481 ], [ 76.101009785773044, 32.836990544977823 ], [ 76.084294512281986, 32.83094686520576 ], [ 76.085731608227206, 32.805683015858619 ], [ 76.032661240124241, 32.800513827851034 ], [ 76.001048979327095, 32.805545308069611 ], [ 76.009510001685385, 32.818894491987351 ], [ 76.004849690560832, 32.835619459270674 ], [ 75.935091622180778, 32.888327440159287 ], [ 75.930957771484032, 32.905971144952503 ], [ 75.950553999767465, 32.884490999759976 ] ] ] } },
{ "type": "Feature", "properties": { "pincode": "176317", "state": "Himachal Pradesh", "district": "Chamba", "officename": "Surangani", "officetype": "S.O" }, "geometry": { "type": "Polygon", "coordinates": [ [ [ 76.0774446118794, 32.737980080016712 ], [ 76.092394324638462, 32.745530161088141 ], [ 76.119235410386125, 32.747083355912253 ], [ 76.097375639773986, 32.723979702401436 ], [ 76.0776193690387, 32.727439031885979 ], [ 76.082914271476625, 32.730730995738952 ], [ 76.0774446118794, 32.737980080016712 ] ] ] } },
{ "type": "Feature", "properties": { "pincode": "176318", "state": "Himachal Pradesh", "district": "Chamba", "officename": "Hardaspura", "officetype": "S.O" }, "geometry": { "type": "Polygon", "coordinates": [ [ [ 76.067941916486348, 32.491558964075011 ], [ 76.041082731882625, 32.529488254479475 ], [ 76.105155547990307, 32.543649456956985 ], [ 76.147145674033709, 32.535044233704639 ], [ 76.155647159588909, 32.544857312115255 ], [ 76.145121339678269, 32.563440917264586 ], [ 76.151515648028806, 32.576775575332647 ], [ 76.153204687246671, 32.565438974329425 ], [ 76.169345914482335, 32.55804454252177 ], [ 76.170680699954346, 32.497012301876225 ], [ 76.151384169843709, 32.473836925633805 ], [ 76.145980952159391, 32.43597283607761 ], [ 76.13880227940183, 32.452339442411471 ], [ 76.123323526959382, 32.458100603759988 ], [ 76.117478569480625, 32.486716097769886 ], [ 76.067941916486348, 32.491558964075011 ] ] ] } },
{ "type": "Feature", "properties": { "pincode": "176319", "state": "Himachal Pradesh", "district": "Chamba", "officename": "Pukhri", "officetype": "S.O" }, "geometry": { "type": "Polygon", "coordinates": [ [ [ 76.040681784437027, 32.661788867862015 ], [ 76.123392870085127, 32.751181619536226 ], [ 76.163815497587223, 32.749241893398789 ], [ 76.173539678913187, 32.743634169881091 ], [ 76.169842594760041, 32.739332107291034 ], [ 76.193694604722396, 32.734076650017357 ], [ 76.207347337709564, 32.737994700295189 ], [ 76.226291995479187, 32.723928524681753 ], [ 76.227351261951242, 32.691067859194391 ], [ 76.196346774683889, 32.68927866967482 ], [ 76.186744334583409, 32.680402042720289 ], [ 76.195359306486921, 32.670099425548131 ], [ 76.192397650131568, 32.661149992178423 ], [ 76.170366667487826, 32.650961302022495 ], [ 76.145455023230909, 32.647473612417286 ], [ 76.138737961687639, 32.653536486419796 ], [ 76.119166934206703, 32.637692953666829 ], [ 76.096050748643108, 32.644985257563576 ], [ 76.090960129006874, 32.631752618588621 ], [ 76.082905848426265, 32.630253760802475 ], [ 76.063591025205824, 32.645705359115141 ], [ 76.045204798762597, 32.647082677123933 ], [ 76.040681784437027, 32.661788867862015 ] ] ] } },
{ "type": "Feature", "properties": { "pincode": "176320", "state": "Himachal Pradesh", "district": "Chamba", "officename": "Salooni", "officetype": "S.O" }, "geometry": { "type": "Polygon", "coordinates": [ [ [ 75.804212183145921, 32.893229733665351 ], [ 75.816704000189418, 32.904418999637301 ], [ 75.815040999942426, 32.919948999946484 ], [ 75.838225999830172, 32.933963999638991 ], [ 75.883926000184829, 32.930607000412863 ], [ 75.916908000404135, 32.91600000039972 ], [ 75.95863981777336, 32.866632354299782 ], [ 75.97344797454457, 32.864886514800844 ], [ 76.004849690560832, 32.835619459270674 ], [ 76.009510001685385, 32.818894491987351 ], [ 76.002133942127784, 32.804536893762702 ], [ 76.061110404521685, 32.805197260545299 ], [ 76.068616491657849, 32.755625186853138 ], [ 76.046245826983409, 32.739115905774611 ], [ 75.968735817504012, 32.734204694591085 ], [ 75.957730792941788, 32.727313985651961 ], [ 75.942289053896843, 32.731983834086691 ], [ 75.929855827684378, 32.738748273713952 ], [ 75.928955000173289, 32.757140999557464 ], [ 75.890366000390827, 32.81389599980065 ], [ 75.824927999927354, 32.853599999740311 ], [ 75.804212183145921, 32.893229733665351 ] ] ] } },
{ "type": "Feature", "properties": { "pincode": "176321", "state": "Himachal Pradesh", "district": "Chamba", "officename": "Nakror", "officetype": "S.O" }, "geometry": { "type": "Polygon", "coordinates": [ [ [ 76.046619452126151, 32.737802524167193 ], [ 76.068616491657849, 32.755625186853138 ], [ 76.069978545473532, 32.767392002838733 ], [ 76.061110404521685, 32.805197260545299 ], [ 76.085731608227206, 32.805683015858619 ], [ 76.084294512281986, 32.83094686520576 ], [ 76.09701569421901, 32.836326660946725 ], [ 76.1285544354389, 32.832697309233481 ], [ 76.142776162290204, 32.815814859867885 ], [ 76.159663383458621, 32.82859957441093 ], [ 76.203225498358108, 32.838226922134936 ], [ 76.230970641082422, 32.837739433827778 ], [ 76.248721824752579, 32.822151287851625 ], [ 76.358415384862326, 32.840603010120844 ], [ 76.369406844050673, 32.831051591258074 ], [ 76.375519000001987, 32.796851999820035 ], [ 76.38525400017204, 32.792361999606783 ], [ 76.384888000381068, 32.774695999720734 ], [ 76.403579999917156, 32.727576999578901 ], [ 76.425522000040303, 32.712395000029289 ], [ 76.426422000175364, 32.688247999845544 ], [ 76.446037000007721, 32.674355000383002 ], [ 76.44181881448668, 32.632455497223532 ], [ 76.433017718892643, 32.622347353047815 ], [ 76.400726582366019, 32.615974033974624 ], [ 76.383083374897865, 32.641661063807078 ], [ 76.365929033498219, 32.632666120245347 ], [ 76.323214186985183, 32.643450095045921 ], [ 76.28409212035524, 32.681018311246078 ], [ 76.227351261951242, 32.691067859194391 ], [ 76.226291995479187, 32.723928524681753 ], [ 76.207347337709564, 32.737994700295189 ], [ 76.193694604722396, 32.734076650017357 ], [ 76.169842594760041, 32.739332107291034 ], [ 76.173539678913187, 32.743634169881091 ], [ 76.163815497587223, 32.749241893398789 ], [ 76.123392870085127, 32.751181619536226 ], [ 76.063831841166575, 32.731015380255769 ], [ 76.046619452126151, 32.737802524167193 ] ] ] } },
{ "type": "Feature", "properties": { "pincode": "176323", "state": "Himachal Pradesh", "district": "Chamba", "officename": "Killar Pangi", "officetype": "S.O" }, "geometry": { "type": "Polygon", "coordinates": [ [ [ 76.299482704163495, 33.10878634901087 ], [ 76.373383000425292, 33.154369000429085 ], [ 76.409378000194522, 33.186443000144436 ], [ 76.486778000104835, 33.179507999594421 ], [ 76.513748000070223, 33.19560600001688 ], [ 76.551979000430549, 33.198859999889123 ], [ 76.565307999964375, 33.20903000033428 ], [ 76.59973899955537, 33.206321999560771 ], [ 76.61737799999463, 33.173118999941892 ], [ 76.64478300023552, 33.161780999593532 ], [ 76.714591999920913, 33.180682999820647 ], [ 76.747749000116357, 33.178573999690514 ], [ 76.747734000323987, 33.130535000290081 ], [ 76.735916000323186, 33.083050000357389 ], [ 76.755561999786494, 33.044628000182172 ], [ 76.756766999597403, 33.025664999839933 ], [ 76.775687999801505, 33.01478199978942 ], [ 76.774459999829219, 32.993988000445881 ], [ 76.787154999803477, 32.988350000352227 ], [ 76.776717999636105, 32.980689999643857 ], [ 76.779808000039168, 32.961226999626319 ], [ 76.791275000041367, 32.960831000250494 ], [ 76.763252000079774, 32.929707000277972 ], [ 76.71916200022622, 32.922828999658634 ], [ 76.717528999563683, 32.890255000268155 ], [ 76.670905999812135, 32.845753000300931 ], [ 76.640099000068915, 32.841793000246867 ], [ 76.612411000267571, 32.854228999968427 ], [ 76.546906000311765, 32.812919999758265 ], [ 76.513251999680165, 32.803162000326097 ], [ 76.473381000133202, 32.805309000410148 ], [ 76.455597000201521, 32.852066000045966 ], [ 76.443870999946796, 32.853755999739576 ], [ 76.410355000283175, 32.841499000178828 ], [ 76.393158000441474, 32.823173999580433 ], [ 76.37719700004169, 32.819762999662714 ], [ 76.371412466212519, 32.806793899818729 ], [ 76.369406844050673, 32.831051591258074 ], [ 76.358123080915618, 32.836550176649382 ], [ 76.35602729722217, 32.848120584297703 ], [ 76.36492891633651, 32.859145186201431 ], [ 76.349048890893641, 32.866168268151227 ], [ 76.36413023022601, 32.880639542480822 ], [ 76.374392716950467, 32.913450038388589 ], [ 76.330513129677229, 32.941304021563496 ], [ 76.328124742563034, 32.947715893673717 ], [ 76.344296475701924, 32.957790309675033 ], [ 76.335120699161052, 32.977169729399463 ], [ 76.24808923173282, 32.992332466370385 ], [ 76.228211665835943, 33.017804843318913 ], [ 76.229113781176238, 33.028260233722847 ], [ 76.254555000213088, 33.032393999883311 ], [ 76.272560000443775, 33.052078000199629 ], [ 76.299482704163495, 33.10878634901087 ] ] ] } },
{ "type": "Feature", "properties": { "pincode": "176324", "state": "Himachal Pradesh", "district": "Chamba", "officename": "Gehra", "officetype": "S.O" }, "geometry": { "type": "Polygon", "coordinates": [ [ [ 76.26377583278844, 32.377187734126778 ], [ 76.262250665336012, 32.422107076180737 ], [ 76.279603184039729, 32.424338575664763 ], [ 76.289010881347167, 32.450555638931576 ], [ 76.359414793358212, 32.487450969786607 ], [ 76.377958556742044, 32.474318655581669 ], [ 76.399897090878085, 32.478542122820897 ], [ 76.450216743108342, 32.536909308917643 ], [ 76.46456808474943, 32.543434936273286 ], [ 76.475035473008745, 32.536612486776903 ], [ 76.476213408622129, 32.547249840607776 ], [ 76.484795623619277, 32.54498658606218 ], [ 76.49960616269442, 32.522460668724932 ], [ 76.498118690325327, 32.50670523715695 ], [ 76.469266198875971, 32.494901134379973 ], [ 76.462574379504133, 32.472745004778233 ], [ 76.443835572054184, 32.471485055491087 ], [ 76.424295626042408, 32.457469446058212 ], [ 76.42676618151404, 32.438005654637323 ], [ 76.459655949062778, 32.407079701567113 ], [ 76.425917989523612, 32.39295129106938 ], [ 76.411920360236479, 32.371819020731323 ], [ 76.391608642125334, 32.363649200650229 ], [ 76.383635632378684, 32.33892303257187 ], [ 76.398921616039729, 32.322935723405067 ], [ 76.38862651450205, 32.319950219726991 ], [ 76.381763191717994, 32.327990017625382 ], [ 76.359638619326972, 32.322228567594323 ], [ 76.294898999988902, 32.340134000283967 ], [ 76.284019000077024, 32.367915999923639 ], [ 76.26377583278844, 32.377187734126778 ] ] ] } },
{ "type": "Feature", "properties": { "pincode": "176325", "state": "Himachal Pradesh", "district": "Chamba", "officename": "Samleu", "officetype": "S.O" }, "geometry": { "type": "Polygon", "coordinates": [ [ [ 75.919436969540641, 32.613358866618512 ], [ 75.940568461964972, 32.657472788438554 ], [ 75.95828328154829, 32.661448973591405 ], [ 75.953481677037871, 32.649027224526833 ], [ 75.962563637202209, 32.640271577970964 ], [ 75.946898363568721, 32.640949960871922 ], [ 75.940862849640837, 32.618087651224187 ], [ 75.95063714119118, 32.608789765635265 ], [ 75.942082329436005, 32.608579383631707 ], [ 75.942575667832784, 32.594772068876011 ], [ 75.929626833311715, 32.605498033807351 ], [ 75.928753163527745, 32.590141428184495 ], [ 75.919436969540641, 32.613358866618512 ] ] ] } },
{ "type": "Feature", "properties": { "pincode": "176326", "state": "Himachal Pradesh", "district": "Chamba", "officename": "Holi", "officetype": "B.O" }, "geometry": { "type": "Polygon", "coordinates": [ [ [ 76.483662074045412, 32.250544691884159 ], [ 76.46376800019317, 32.248726000104966 ], [ 76.454625473387125, 32.258112011160449 ], [ 76.501741733294409, 32.331535921245859 ], [ 76.493482895619195, 32.33436640338698 ], [ 76.489774777683976, 32.361726299928932 ], [ 76.50138680235915, 32.371344163402568 ], [ 76.477194459256964, 32.380046042191339 ], [ 76.50050313301324, 32.378696892747428 ], [ 76.502078471844186, 32.384957953047149 ], [ 76.491938309105933, 32.385403389954604 ], [ 76.498888883215443, 32.391722364795385 ], [ 76.494485362709497, 32.402033947308951 ], [ 76.533512498702976, 32.40156233653272 ], [ 76.53766696276017, 32.419698459716244 ], [ 76.525518852213338, 32.433923028425113 ], [ 76.558042386147292, 32.408850599775405 ], [ 76.59650428654362, 32.40814748821623 ], [ 76.601134314797036, 32.396948907965907 ], [ 76.590643830148736, 32.379751046573688 ], [ 76.601732059986716, 32.37204424784386 ], [ 76.618605445984656, 32.383431236062677 ], [ 76.630575345975501, 32.379384705939572 ], [ 76.652425244729443, 32.338505190462342 ], [ 76.665025268201703, 32.367089343998202 ], [ 76.678896995100388, 32.373224456043999 ], [ 76.744372922672426, 32.374065310465824 ], [ 76.785706000431617, 32.316635000305155 ], [ 76.772133000437805, 32.308540000220887 ], [ 76.770744000235482, 32.281689000347228 ], [ 76.77972399976278, 32.268021000468821 ], [ 76.769858999892961, 32.254025000753188 ], [ 76.778229000068222, 32.248557999552133 ], [ 76.771309000210294, 32.221198999634282 ], [ 76.737122000180307, 32.187691000339385 ], [ 76.709342999779722, 32.198704000089549 ], [ 76.682448999721657, 32.179667999978221 ], [ 76.665939000084904, 32.180248000644781 ], [ 76.625031000380432, 32.192482000044436 ], [ 76.590103000353224, 32.221084999772984 ], [ 76.524482999590816, 32.237690000193538 ], [ 76.504433000382733, 32.233303000233434 ], [ 76.483662074045412, 32.250544691884159 ] ] ] } },
{ "type": "Feature", "properties": { "pincode": "176401", "state": "Himachal Pradesh", "district": "Kangra", "officename": "Indora", "officetype": "S.O" }, "geometry": { "type": "Polygon", "coordinates": [ [ [ 75.613410999817972, 32.065696999816737 ], [ 75.593643000124416, 32.081435999871474 ], [ 75.646202000222218, 32.11918999981873 ], [ 75.676228276913548, 32.162259904970767 ], [ 75.710100227343787, 32.178080955571772 ], [ 75.727264092563928, 32.171348877149057 ], [ 75.742426800756391, 32.185784697505937 ], [ 75.734597097977826, 32.170510568707925 ], [ 75.762798919134923, 32.169439755840187 ], [ 75.814650802992276, 32.183652219674286 ], [ 75.806172580200553, 32.162642473871074 ], [ 75.817783192040679, 32.142504274552834 ], [ 75.830583491834659, 32.148346291248458 ], [ 75.826804529805315, 32.137793533944546 ], [ 75.833424661519075, 32.134461543065811 ], [ 75.838923799993438, 32.145800113584414 ], [ 75.85354794378253, 32.144321635335245 ], [ 75.847995355900991, 32.125990347576533 ], [ 75.858793256703621, 32.116557151791142 ], [ 75.82536619459438, 32.098333620800076 ], [ 75.840639982549135, 32.081525998626034 ], [ 75.801695089556858, 32.068857355082912 ], [ 75.754175964849026, 32.034339886576731 ], [ 75.725395000079232, 32.035426999656465 ], [ 75.704757999881792, 32.061024000157488 ], [ 75.66429900019881, 32.076767000396785 ], [ 75.613410999817972, 32.065696999816737 ] ] ] } },
{ "type": "Feature", "properties": { "pincode": "176402", "state": "Himachal Pradesh", "district": "Kangra", "officename": "Kandrori", "officetype": "S.O" }, "geometry": { "type": "Polygon", "coordinates": [ [ [ 75.680845461948707, 32.162436839388647 ], [ 75.672674268602748, 32.186175017663118 ], [ 75.686247260502796, 32.183533123355005 ], [ 75.699292712788463, 32.201292354158966 ], [ 75.718417819526792, 32.208664144634611 ], [ 75.742426800756391, 32.185784697505937 ], [ 75.727264092563928, 32.171348877149057 ], [ 75.710100227343787, 32.178080955571772 ], [ 75.680845461948707, 32.162436839388647 ] ] ] } },
{ "type": "Feature", "properties": { "pincode": "176403", "state": "Himachal Pradesh", "district": "Kangra", "officename": "Damtal", "officetype": "S.O" }, "geometry": { "type": "Polygon", "coordinates": [ [ [ 75.628289448499402, 32.192272519161463 ], [ 75.627311141695998, 32.215510466634782 ], [ 75.637186937027593, 32.231074085400792 ], [ 75.617857678788937, 32.238140681947129 ], [ 75.639639267738175, 32.252639332539218 ], [ 75.658549012926699, 32.24887684339177 ], [ 75.686189085158219, 32.261884147335593 ], [ 75.688222231071222, 32.241107711751738 ], [ 75.699834008432902, 32.239376067151909 ], [ 75.699636791604746, 32.229480386011119 ], [ 75.713189080212032, 32.238434272823554 ], [ 75.73600564134739, 32.235135326634236 ], [ 75.734057072176313, 32.21875287064853 ], [ 75.699292712788463, 32.201292354158966 ], [ 75.686247260502796, 32.183533123355005 ], [ 75.672674268602748, 32.186175017663118 ], [ 75.670573396545137, 32.176684310232815 ], [ 75.628289448499402, 32.192272519161463 ] ] ] } },
{ "type": "Feature", "properties": { "pincode": "176501", "state": "Himachal Pradesh", "district": "Kangra", "officename": "Sansarpur Terrace", "officetype": "S.O" }, "geometry": { "type": "Polygon", "coordinates": [ [ [ 75.958976999688844, 31.856227999722591 ], [ 75.9071926081524, 31.950352963318721 ], [ 75.932074383226279, 31.971471672779558 ], [ 75.949947377369824, 31.949820252602649 ], [ 75.969585490677957, 31.948616851786312 ], [ 75.989485005428833, 31.913602181395618 ], [ 75.985636488932926, 31.888364098524391 ], [ 75.974290120392766, 31.873108428311411 ], [ 75.979982492597969, 31.870981939964565 ], [ 75.958976999688844, 31.856227999722591 ] ] ] } },
{ "type": "Feature", "properties": { "pincode": "176502", "state": "Himachal Pradesh", "district": "Kangra", "officename": "Ghamroor", "officetype": "S.O" }, "geometry": { "type": "Polygon", "coordinates": [ [ [ 75.932074383226279, 31.971471672779558 ], [ 75.971780348184723, 31.980076768328388 ], [ 75.969101964783988, 31.989669270020897 ], [ 75.983998997056062, 32.004746476968535 ], [ 75.979957989669572, 32.021827202563372 ], [ 75.990845447659524, 32.023323614193487 ], [ 75.989787433943036, 32.063312817932285 ], [ 76.043679389392423, 32.041889321035455 ], [ 76.02070361318124, 31.942785048691121 ], [ 76.026454250663335, 31.888180134105937 ], [ 75.988266782885887, 31.90277122331338 ], [ 75.9837479144349, 31.931234021433056 ], [ 75.971864549909242, 31.946513733222389 ], [ 75.949947377369824, 31.949820252602649 ], [ 75.945411584577073, 31.960515402263979 ], [ 75.937210023823695, 31.960431675381699 ], [ 75.932074383226279, 31.971471672779558 ] ] ] } },
{ "type": "Feature", "properties": { "pincode": "176601", "state": "Himachal Pradesh", "district": "Una", "officename": "Dulehar", "officetype": "S.O" }, "geometry": { "type": "Polygon", "coordinates": [ [ [ 76.252737965884592, 31.390612942433449 ], [ 76.244450768987861, 31.364899309755401 ], [ 76.258040999992261, 31.311251000433458 ], [ 76.186660999805383, 31.304389999698799 ], [ 76.180113440682817, 31.33351993020068 ], [ 76.230899716049066, 31.385242880954365 ], [ 76.252737965884592, 31.390612942433449 ] ] ] } },
{ "type": "Feature", "properties": { "pincode": "177001", "state": "Himachal Pradesh", "district": "Hamirpur", "officename": "Hamirpur", "officetype": "H.O" }, "geometry": { "type": "Polygon", "coordinates": [ [ [ 76.44545762886662, 31.652701474193691 ], [ 76.445639371060338, 31.686512797727573 ], [ 76.452347559892132, 31.696439862509692 ], [ 76.44642363654151, 31.699559211388589 ], [ 76.462752719562388, 31.695777315770613 ], [ 76.468204935009851, 31.707029082826125 ], [ 76.494996846727133, 31.713459078073981 ], [ 76.503348309177227, 31.711397721327899 ], [ 76.506512702399391, 31.696266242093486 ], [ 76.564381583143586, 31.694748089352913 ], [ 76.553367285671811, 31.635972361935046 ], [ 76.534714572119981, 31.653478328362269 ], [ 76.524063911920109, 31.645447739521558 ], [ 76.501625460846412, 31.649764238928583 ], [ 76.459972165982833, 31.636623832623968 ], [ 76.44545762886662, 31.652701474193691 ] ] ] } },
{ "type": "Feature", "properties": { "pincode": "177005", "state": "Himachal Pradesh", "district": "Hamirpur", "officename": "Govt Degree College Hamirpur", "officetype": "S.O" }, "geometry": { "type": "Polygon", "coordinates": [ [ [ 76.534398660070224, 31.696969684603232 ], [ 76.502831498474904, 31.697405591394954 ], [ 76.503348309177227, 31.711397721327899 ], [ 76.53075501453236, 31.719091819831647 ], [ 76.534398660070224, 31.696969684603232 ] ] ] } },
{ "type": "Feature", "properties": { "pincode": "177007", "state": "Himachal Pradesh", "district": "Hamirpur", "officename": "Chabutra", "officetype": "S.O" }, "geometry": { "type": "Polygon", "coordinates": [ [ [ 76.50338918516286, 31.753903225453598 ], [ 76.48262544710667, 31.746233470698201 ], [ 76.47269225704224, 31.748809893461839 ], [ 76.47529252173274, 31.755877811112271 ], [ 76.463215239991428, 31.751067282628981 ], [ 76.438486348766048, 31.77493106111973 ], [ 76.479605805163942, 31.792822648746437 ], [ 76.496526502695929, 31.777695389130997 ], [ 76.50338918516286, 31.753903225453598 ] ] ] } },
{ "type": "Feature", "properties": { "pincode": "177020", "state": "Himachal Pradesh", "district": "Hamirpur", "officename": "Kuthera", "officetype": "S.O" }, "geometry": { "type": "Polygon", "coordinates": [ [ [ 76.53075501453236, 31.719091819831647 ], [ 76.468204935009851, 31.707029082826125 ], [ 76.451953299804984, 31.744801189723319 ], [ 76.473409126430226, 31.756063754039133 ], [ 76.47269225704224, 31.748809893461839 ], [ 76.48262544710667, 31.746233470698201 ], [ 76.510869722559846, 31.755410380384717 ], [ 76.509238643748631, 31.742529594864948 ], [ 76.531898626620432, 31.741525495505186 ], [ 76.53075501453236, 31.719091819831647 ] ] ] } },
{ "type": "Feature", "properties": { "pincode": "177022", "state": "Himachal Pradesh", "district": "Hamirpur", "officename": "Uhal", "officetype": "S.O" }, "geometry": { "type": "Polygon", "coordinates": [ [ [ 76.636741999943411, 31.749768999739615 ], [ 76.599001986252688, 31.746077950037488 ], [ 76.575161688161472, 31.76453309242828 ], [ 76.575866515627183, 31.801676753979052 ], [ 76.602812626901425, 31.802386877552522 ], [ 76.621686036781171, 31.792012688734644 ], [ 76.636741999943411, 31.749768999739615 ] ] ] } },
{ "type": "Feature", "properties": { "pincode": "177023", "state": "Himachal Pradesh", "district": "Hamirpur", "officename": "Tauni Devi", "officetype": "S.O" }, "geometry": { "type": "Polygon", "coordinates": [ [ [ 76.621328393490728, 31.705046869117893 ], [ 76.577976857546048, 31.691621176276328 ], [ 76.563022055523504, 31.696923333544987 ], [ 76.569709976334423, 31.732001129148784 ], [ 76.599001986252688, 31.746077950037488 ], [ 76.636741999943411, 31.749768999739615 ], [ 76.64664757812335, 31.743326297970384 ], [ 76.644150989076877, 31.734850834298697 ], [ 76.621328393490728, 31.705046869117893 ] ] ] } },
{ "type": "Feature", "properties": { "pincode": "177024", "state": "Himachal Pradesh", "district": "Hamirpur", "officename": "Bhareri", "officetype": "S.O" }, "geometry": { "type": "Polygon", "coordinates": [ [ [ 76.715667232057172, 31.629173966605322 ], [ 76.681954606420049, 31.639177206662737 ], [ 76.670716676333655, 31.681204701335957 ], [ 76.686170225275873, 31.684548451749777 ], [ 76.727699000008897, 31.664874999581627 ], [ 76.715667232057172, 31.629173966605322 ] ] ] } },
{ "type": "Feature", "properties": { "pincode": "177025", "state": "Himachal Pradesh", "district": "Hamirpur", "officename": "Kanjian", "officetype": "S.O" }, "geometry": { "type": "Polygon", "coordinates": [ [ [ 76.645187651988692, 31.665867080401597 ], [ 76.643524082470606, 31.67473945356312 ], [ 76.615901215169004, 31.693835379099596 ], [ 76.63024822207791, 31.720292285260939 ], [ 76.651261057052182, 31.680573743283787 ], [ 76.645187651988692, 31.665867080401597 ] ] ] } },
{ "type": "Feature", "properties": { "pincode": "177026", "state": "Himachal Pradesh", "district": "Hamirpur", "officename": "Galore", "officetype": "S.O" }, "geometry": { "type": "Polygon", "coordinates": [ [ [ 76.47840412025414, 31.618326481681834 ], [ 76.472051217589751, 31.607476862667113 ], [ 76.439276756617232, 31.589796798283714 ], [ 76.417953235553512, 31.617819877385557 ], [ 76.410161971597745, 31.618073122876467 ], [ 76.42107842822702, 31.625276884021048 ], [ 76.447239066230111, 31.617995057226324 ], [ 76.457292559504083, 31.637293734018783 ], [ 76.475421508795705, 31.640414841072129 ], [ 76.47840412025414, 31.618326481681834 ] ] ] } },
{ "type": "Feature", "properties": { "pincode": "177027", "state": "Himachal Pradesh", "district": "Hamirpur", "officename": "Kot (Hamirpur(HP))", "officetype": "S.O" }, "geometry": { "type": "Polygon", "coordinates": [ [ [ 76.563022055523504, 31.696923333544987 ], [ 76.534919181375187, 31.694367080776203 ], [ 76.531898626620432, 31.741525495505186 ], [ 76.545670461322914, 31.740205000260687 ], [ 76.552935463600932, 31.729707646590782 ], [ 76.569709976334423, 31.732001129148784 ], [ 76.563022055523504, 31.696923333544987 ] ] ] } },
{ "type": "Feature", "properties": { "pincode": "177028", "state": "Himachal Pradesh", "district": "Hamirpur", "officename": "Kakkar", "officetype": "S.O" }, "geometry": { "type": "Polygon", "coordinates": [ [ [ 76.621686036781171, 31.792012688734644 ], [ 76.602812626901425, 31.802386877552522 ], [ 76.575866515627183, 31.801676753979052 ], [ 76.576189758050987, 31.845312494576092 ], [ 76.594201253185417, 31.835997854617347 ], [ 76.598916728724191, 31.817875043198683 ], [ 76.610778539198293, 31.815627843350285 ], [ 76.621686036781171, 31.792012688734644 ] ] ] } },
{ "type": "Feature", "properties": { "pincode": "177029", "state": "Himachal Pradesh", "district": "Hamirpur", "officename": "Lambloo", "officetype": "S.O" }, "geometry": { "type": "Polygon", "coordinates": [ [ [ 76.585578752157801, 31.627084551011365 ], [ 76.556252082367905, 31.625374992861737 ], [ 76.553367285671811, 31.635972361935046 ], [ 76.563499436350128, 31.693429191304176 ], [ 76.621328393490728, 31.705046869117893 ], [ 76.613267580234719, 31.671434804772389 ], [ 76.583392456196975, 31.649600784448751 ], [ 76.590014085282007, 31.643164675609285 ], [ 76.585578752157801, 31.627084551011365 ] ] ] } },
{ "type": "Feature", "properties": { "pincode": "177031", "state": "Himachal Pradesh", "district": "Una", "officename": "Raipur (Una)", "officetype": "S.O" }, "geometry": { "type": "Polygon", "coordinates": [ [ [ 76.415004707501396, 31.483655847139744 ], [ 76.459747000024038, 31.422348000260229 ], [ 76.43499799995783, 31.411480000002086 ], [ 76.417289999933644, 31.412577000228566 ], [ 76.398811000327441, 31.426971000311596 ], [ 76.395812999670284, 31.408049000061396 ], [ 76.387214999772425, 31.411084999773095 ], [ 76.377364999694976, 31.438834999735548 ], [ 76.373337000102481, 31.413093999788316 ], [ 76.365435532324057, 31.407936247559803 ], [ 76.367838557703465, 31.435136175394177 ], [ 76.358937801038792, 31.467842511822482 ], [ 76.395980410267839, 31.48366002179273 ], [ 76.415004707501396, 31.483655847139744 ] ] ] } },
{ "type": "Feature", "properties": { "pincode": "177033", "state": "Himachal Pradesh", "district": "Hamirpur", "officename": "Nadaun", "officetype": "S.O" }, "geometry": { "type": "Polygon", "coordinates": [ [ [ 76.373126598314002, 31.763078666547415 ], [ 76.353194810492198, 31.764526681161385 ], [ 76.350268555049809, 31.752821660291318 ], [ 76.310671030343883, 31.749711885595104 ], [ 76.312828000312038, 31.768587000589832 ], [ 76.301285000402515, 31.787924000192618 ], [ 76.314407000282984, 31.778089999953579 ], [ 76.352646000112998, 31.793421000079206 ], [ 76.367645000216783, 31.781384999918032 ], [ 76.373126598314002, 31.763078666547415 ] ] ] } },
{ "type": "Feature", "properties": { "pincode": "177034", "state": "Himachal Pradesh", "district": "Kangra", "officename": "Pirsaluhi", "officetype": "S.O" }, "geometry": { "type": "Polygon", "coordinates": [ [ [ 76.289635000055341, 31.68661700037444 ], [ 76.267494095975735, 31.708010476102629 ], [ 76.274117110915995, 31.7353533628675 ], [ 76.285189881407916, 31.743585630072857 ], [ 76.281412032739183, 31.752685820394333 ], [ 76.289292562501828, 31.76482188092524 ], [ 76.281588189243678, 31.793191310530574 ], [ 76.302116849912863, 31.805193856811172 ], [ 76.30114000001106, 31.782573999890303 ], [ 76.312828000312038, 31.768587000589832 ], [ 76.30796099980023, 31.757813000169847 ], [ 76.319557000355417, 31.731270000110442 ], [ 76.289635000055341, 31.68661700037444 ] ] ] } },
{ "type": "Feature", "properties": { "pincode": "177038", "state": "Himachal Pradesh", "district": "Hamirpur", "officename": "Sera", "officetype": "S.O" }, "geometry": { "type": "Polygon", "coordinates": [ [ [ 76.363337788108595, 31.694948092280754 ], [ 76.344239281517787, 31.68647069416744 ], [ 76.344466999752285, 31.675353999887307 ], [ 76.335731999832092, 31.682843999950705 ], [ 76.314879999612288, 31.718648999951483 ], [ 76.319557000355417, 31.731270000110442 ], [ 76.310671030343883, 31.749711885595104 ], [ 76.353263192242594, 31.751304852936585 ], [ 76.359213915389887, 31.743100942254785 ], [ 76.338270834531386, 31.736716913155135 ], [ 76.333186720590675, 31.727704166614046 ], [ 76.363337788108595, 31.694948092280754 ] ] ] } },
{ "type": "Feature", "properties": { "pincode": "177039", "state": "Himachal Pradesh", "district": "Una", "officename": "Sohari", "officetype": "S.O" }, "geometry": { "type": "Polygon", "coordinates": [ [ [ 76.212406168110192, 31.649981576288781 ], [ 76.216229479307231, 31.669612112808807 ], [ 76.232668517038519, 31.683125682004743 ], [ 76.213093743881245, 31.711402696377434 ], [ 76.234985973723894, 31.733617978886798 ], [ 76.279221000049347, 31.698643000074526 ], [ 76.289235361123247, 31.678514026001722 ], [ 76.230712379172928, 31.643853093145935 ], [ 76.212406168110192, 31.649981576288781 ] ] ] } },
{ "type": "Feature", "properties": { "pincode": "177040", "state": "Himachal Pradesh", "district": "Hamirpur", "officename": "Kangoo", "officetype": "S.O" }, "geometry": { "type": "Polygon", "coordinates": [ [ [ 76.373958896585918, 31.689783700357566 ], [ 76.390928335574301, 31.724680577546735 ], [ 76.423314716600885, 31.719053156178404 ], [ 76.451739997702816, 31.70203221031835 ], [ 76.44545762886662, 31.652701474193691 ], [ 76.393676484782077, 31.651251633056575 ], [ 76.400308441681432, 31.661430090726185 ], [ 76.393782879076696, 31.674197494219015 ], [ 76.373958896585918, 31.689783700357566 ] ] ] } },
{ "type": "Feature", "properties": { "pincode": "177041", "state": "Himachal Pradesh", "district": "Hamirpur", "officename": "Dhaneta", "officetype": "S.O" }, "geometry": { "type": "Polygon", "coordinates": [ [ [ 76.393676484782077, 31.651251633056575 ], [ 76.373470509856304, 31.651228639190435 ], [ 76.367652999686186, 31.640580999813267 ], [ 76.344239281517787, 31.68647069416744 ], [ 76.363337788108595, 31.694948092280754 ], [ 76.388964865536195, 31.6799421224311 ], [ 76.400308441681432, 31.661430090726185 ], [ 76.393676484782077, 31.651251633056575 ] ] ] } },
{ "type": "Feature", "properties": { "pincode": "177042", "state": "Himachal Pradesh", "district": "Hamirpur", "officename": "Jalari", "officetype": "S.O" }, "geometry": { "type": "Polygon", "coordinates": [ [ [ 76.350268555049809, 31.752821660291318 ], [ 76.353194810492198, 31.764526681161385 ], [ 76.392190140162938, 31.755628500155183 ], [ 76.403791011446117, 31.726862638599982 ], [ 76.38863142929722, 31.720316455440184 ], [ 76.365635327508357, 31.724832149284282 ], [ 76.350268555049809, 31.752821660291318 ] ] ] } },
{ "type": "Feature", "properties": { "pincode": "177043", "state": "Himachal Pradesh", "district": "Kangra", "officename": "Rakkar", "officetype": "S.O" }, "geometry": { "type": "Polygon", "coordinates": [ [ [ 76.223929999869767, 31.74266600043569 ], [ 76.200183806837231, 31.779660963582842 ], [ 76.213689413435816, 31.792623742092076 ], [ 76.227467437272537, 31.789470588596828 ], [ 76.258972913469108, 31.799623630526298 ], [ 76.278333248680553, 31.830352116756842 ], [ 76.29047262681047, 31.825218031986765 ], [ 76.302116849912863, 31.805193856811172 ], [ 76.281588189243678, 31.793191310530574 ], [ 76.289292562501828, 31.76482188092524 ], [ 76.267494095975735, 31.708010476102629 ], [ 76.223929999869767, 31.74266600043569 ] ] ] } },
{ "type": "Feature", "properties": { "pincode": "177044", "state": "Himachal Pradesh", "district": "Hamirpur", "officename": "Bara (Hamirpur(HP))", "officetype": "S.O" }, "geometry": { "type": "Polygon", "coordinates": [ [ [ 76.439663042415589, 31.777756989093803 ], [ 76.392190140162938, 31.755628500155183 ], [ 76.378498197633689, 31.758497008330323 ], [ 76.366333106088007, 31.775559733095179 ], [ 76.399223000441282, 31.797571000801099 ], [ 76.41272699995119, 31.784725000158687 ], [ 76.414519999898062, 31.795958000161534 ], [ 76.437366190997011, 31.799704580302262 ], [ 76.439663042415589, 31.777756989093803 ] ] ] } },
{ "type": "Feature", "properties": { "pincode": "177045", "state": "Himachal Pradesh", "district": "Hamirpur", "officename": "Rail", "officetype": "S.O" }, "geometry": { "type": "Polygon", "coordinates": [ [ [ 76.439663042415589, 31.777756989093803 ], [ 76.455195186708636, 31.759006910440576 ], [ 76.43366058756618, 31.735464732211824 ], [ 76.411467989556229, 31.738211340880866 ], [ 76.393858822326933, 31.75013166304592 ], [ 76.407502758145768, 31.766131386454504 ], [ 76.439663042415589, 31.777756989093803 ] ] ] } },
{ "type": "Feature", "properties": { "pincode": "177101", "state": "Himachal Pradesh", "district": "Kangra", "officename": "Dehra", "officetype": "H.O" }, "geometry": { "type": "Polygon", "coordinates": [ [ [ 76.202434632752215, 31.892259538946689 ], [ 76.194803791661684, 31.911279268523572 ], [ 76.21850971754958, 31.919596308522898 ], [ 76.226295353547869, 31.911688757730076 ], [ 76.237426558389132, 31.914635764129343 ], [ 76.251737766884503, 31.891162936220724 ], [ 76.279185582049081, 31.875964311803614 ], [ 76.279611200596605, 31.866639089522494 ], [ 76.271847777852827, 31.85941440924762 ], [ 76.251649379715275, 31.870833873784306 ], [ 76.250681636348588, 31.85881181041691 ], [ 76.227203196670303, 31.859239150266603 ], [ 76.219028123648968, 31.870528871410329 ], [ 76.221845576412306, 31.882502624996334 ], [ 76.202434632752215, 31.892259538946689 ] ] ] } },
{ "type": "Feature", "properties": { "pincode": "177103", "state": "Himachal Pradesh", "district": "Kangra", "officename": "Dhaliara", "officetype": "S.O" }, "geometry": { "type": "Polygon", "coordinates": [ [ [ 76.129911641009585, 31.826705963009772 ], [ 76.119841774678207, 31.848073448330979 ], [ 76.133012526806795, 31.843388174724566 ], [ 76.165260300722309, 31.877579182133672 ], [ 76.200720025808721, 31.897218302682688 ], [ 76.199767373965244, 31.858197653499019 ], [ 76.182701061804607, 31.827546857901268 ], [ 76.189810721487618, 31.814320496194057 ], [ 76.171478618943183, 31.796941906144184 ], [ 76.142789233936185, 31.798615309748868 ], [ 76.139884877885038, 31.807341660889051 ], [ 76.124980440594982, 31.811812554106268 ], [ 76.129911641009585, 31.826705963009772 ] ] ] } },
{ "type": "Feature", "properties": { "pincode": "177104", "state": "Himachal Pradesh", "district": "Kangra", "officename": "Nehran Pukhar", "officetype": "S.O" }, "geometry": { "type": "Polygon", "coordinates": [ [ [ 76.182701061804607, 31.827546857901268 ], [ 76.204429031374843, 31.891342401330917 ], [ 76.221845576412306, 31.882502624996334 ], [ 76.219028123648968, 31.870528871410329 ], [ 76.227203196670303, 31.859239150266603 ], [ 76.246124455878999, 31.856942495799672 ], [ 76.255883738643661, 31.844275246205711 ], [ 76.224697700738375, 31.82230297760043 ], [ 76.220046804616459, 31.834564191384459 ], [ 76.190308078954672, 31.818089663707099 ], [ 76.182701061804607, 31.827546857901268 ] ] ] } },
{ "type": "Feature", "properties": { "pincode": "177105", "state": "Himachal Pradesh", "district": "Kangra", "officename": "Thore", "officetype": "S.O" }, "geometry": { "type": "Polygon", "coordinates": [ [ [ 76.102722603065672, 31.861343162756896 ], [ 76.140001065796582, 31.865600068588321 ], [ 76.142368423164328, 31.884811671221826 ], [ 76.184043004081389, 31.925521265194277 ], [ 76.198056438953415, 31.906764136755555 ], [ 76.199568541954818, 31.898311443917976 ], [ 76.165260300722309, 31.877579182133672 ], [ 76.133012526806795, 31.843388174724566 ], [ 76.102722603065672, 31.861343162756896 ] ] ] } },
{ "type": "Feature", "properties": { "pincode": "177106", "state": "Himachal Pradesh", "district": "Kangra", "officename": "Dadasiba", "officetype": "S.O" }, "geometry": { "type": "Polygon", "coordinates": [ [ [ 76.02356186638707, 31.906395921035084 ], [ 76.02070361318124, 31.942785048691121 ], [ 76.043679389392423, 32.041889321035455 ], [ 76.057538407971208, 32.026240894401838 ], [ 76.08627002514163, 32.017182076491622 ], [ 76.100746285312994, 31.998316233507467 ], [ 76.09597111547464, 31.96986007058598 ], [ 76.102967017214326, 31.939051404399038 ], [ 76.111815367685324, 31.933602503852626 ], [ 76.097940804324708, 31.929970277906136 ], [ 76.10665434462237, 31.917853443981301 ], [ 76.099208552532787, 31.89288107929849 ], [ 76.079743102762166, 31.88062326854913 ], [ 76.058485092812816, 31.898116184014839 ], [ 76.033869494581609, 31.891430254302918 ], [ 76.02356186638707, 31.906395921035084 ] ] ] } },
{ "type": "Feature", "properties": { "pincode": "177108", "state": "Himachal Pradesh", "district": "Kangra", "officename": "Garli", "officetype": "S.O" }, "geometry": { "type": "Polygon", "coordinates": [ [ [ 76.211496017327534, 31.806716555624575 ], [ 76.255883738643661, 31.844275246205711 ], [ 76.278333248680553, 31.830352116756842 ], [ 76.258972913469108, 31.799623630526298 ], [ 76.227467437272537, 31.789470588596828 ], [ 76.213689413435816, 31.792623742092076 ], [ 76.200183806837231, 31.779660963582842 ], [ 76.211496017327534, 31.806716555624575 ] ] ] } },
{ "type": "Feature", "properties": { "pincode": "177109", "state": "Himachal Pradesh", "district": "Una", "officename": "Bharwain", "officetype": "S.O" }, "geometry": { "type": "Polygon", "coordinates": [ [ [ 76.101362837125293, 31.751400325864495 ], [ 76.083226965751919, 31.778350940943312 ], [ 76.114928999573806, 31.80548999996364 ], [ 76.166054000092231, 31.793600000239849 ], [ 76.180259999599286, 31.784042000138243 ], [ 76.182677999590055, 31.770010000561172 ], [ 76.203780999693379, 31.772905000065691 ], [ 76.213007664372242, 31.758788851824079 ], [ 76.164367324292641, 31.750533436069134 ], [ 76.143467098827671, 31.725382318539175 ], [ 76.129297455313349, 31.734415466201028 ], [ 76.096412491043793, 31.733591957003341 ], [ 76.101362837125293, 31.751400325864495 ] ] ] } },
{ "type": "Feature", "properties": { "pincode": "177110", "state": "Himachal Pradesh", "district": "Kangra, Una", "officename": "Chintpurni", "officetype": "S.O" }, "geometry": { "type": "Polygon", "coordinates": [ [ [ 75.995992513243948, 31.850468776412981 ], [ 76.008605999567237, 31.863107999534577 ], [ 76.047508000293988, 31.861550999679139 ], [ 76.072753999897373, 31.839081000387864 ], [ 76.082664000043565, 31.844423000321285 ], [ 76.085013999596526, 31.831305000625377 ], [ 76.097655228206406, 31.820753914261843 ], [ 76.119472754963681, 31.837552529725485 ], [ 76.129911641009585, 31.826705963009772 ], [ 76.123411405112279, 31.813342446596835 ], [ 76.139884877885038, 31.807341660889051 ], [ 76.142789233936185, 31.798615309748868 ], [ 76.114928999573806, 31.80548999996364 ], [ 76.083226965751919, 31.778350940943312 ], [ 76.060619532065914, 31.78370290086832 ], [ 76.005196904413708, 31.82399657907888 ], [ 75.995992513243948, 31.850468776412981 ] ] ] } },
{ "type": "Feature", "properties": { "pincode": "177111", "state": "Himachal Pradesh", "district": "Kangra", "officename": "Qusba Kotla", "officetype": "S.O" }, "geometry": { "type": "Polygon", "coordinates": [ [ [ 75.959248294573172, 31.856157001844281 ], [ 75.979982492597969, 31.870981939964565 ], [ 75.974290120392766, 31.873108428311411 ], [ 75.988266782885887, 31.90277122331338 ], [ 76.026454250663335, 31.888180134105937 ], [ 76.028405846952353, 31.902423200969963 ], [ 76.046928912439512, 31.87839368372164 ], [ 76.043947274946845, 31.86245447299558 ], [ 76.008605999567237, 31.863107999534577 ], [ 76.000030999830869, 31.851013000249793 ], [ 75.959248294573172, 31.856157001844281 ] ] ] } },
{ "type": "Feature", "properties": { "pincode": "177112", "state": "Himachal Pradesh", "district": "Kangra", "officename": "Tipri", "officetype": "S.O" }, "geometry": { "type": "Polygon", "coordinates": [ [ [ 76.033956386178318, 31.889460634700526 ], [ 76.058485092812816, 31.898116184014839 ], [ 76.08554101850325, 31.881356957058017 ], [ 76.079468670143115, 31.865193721613025 ], [ 76.096454853608805, 31.875994468769932 ], [ 76.103149931224493, 31.858730876828531 ], [ 76.119841774678207, 31.848073448330979 ], [ 76.118584283238192, 31.835008868364639 ], [ 76.097655228206406, 31.820753914261843 ], [ 76.088067828367571, 31.826942923577178 ], [ 76.082664000043565, 31.844423000321285 ], [ 76.072753999897373, 31.839081000387864 ], [ 76.043947274946845, 31.86245447299558 ], [ 76.046928912439512, 31.87839368372164 ], [ 76.033956386178318, 31.889460634700526 ] ] ] } },
{ "type": "Feature", "properties": { "pincode": "177113", "state": "Himachal Pradesh", "district": "Kangra", "officename": "Chanour", "officetype": "S.O" }, "geometry": { "type": "Polygon", "coordinates": [ [ [ 76.096454853608805, 31.875994468769932 ], [ 76.079468670143115, 31.865193721613025 ], [ 76.10637675538311, 31.914096669126025 ], [ 76.097940804324708, 31.929970277906136 ], [ 76.117105044162599, 31.937805072646029 ], [ 76.151094493715959, 31.926217170486098 ], [ 76.16775439055283, 31.939622199605026 ], [ 76.182644296597118, 31.930400311225469 ], [ 76.170934958981206, 31.906037621239363 ], [ 76.165803820390181, 31.911676135745154 ], [ 76.138763081551019, 31.879417117606124 ], [ 76.140001065796582, 31.865600068588321 ], [ 76.102722603065672, 31.861343162756896 ], [ 76.096454853608805, 31.875994468769932 ] ] ] } },
{ "type": "Feature", "properties": { "pincode": "177114", "state": "Himachal Pradesh", "district": "Kangra", "officename": "Bankhandi", "officetype": "S.O" }, "geometry": { "type": "Polygon", "coordinates": [ [ [ 76.2144646011605, 31.94925681385098 ], [ 76.201619381129603, 31.974134993435314 ], [ 76.210767592550496, 31.982176460475443 ], [ 76.222300245759811, 31.97410367274648 ], [ 76.2144646011605, 31.94925681385098 ] ] ] } },
{ "type": "Feature", "properties": { "pincode": "177117", "state": "Himachal Pradesh", "district": "Kangra", "officename": "Muhal", "officetype": "S.O" }, "geometry": { "type": "Polygon", "coordinates": [ [ [ 76.251801359745116, 31.891107416574073 ], [ 76.236776875552493, 31.914710826044029 ], [ 76.238326136741875, 31.922991254642682 ], [ 76.274941042794978, 31.915017888764737 ], [ 76.265689326601262, 31.901642773795004 ], [ 76.283694908693235, 31.881810571500921 ], [ 76.27688402178029, 31.876916101197196 ], [ 76.251801359745116, 31.891107416574073 ] ] ] } },
{ "type": "Feature", "properties": { "pincode": "177118", "state": "Himachal Pradesh", "district": "Hamirpur", "officename": "Bahanwin", "officetype": "S.O" }, "geometry": { "type": "Polygon", "coordinates": [ [ [ 76.659156696324487, 31.625680931429883 ], [ 76.662785180192031, 31.643657210012407 ], [ 76.692278041998122, 31.633950149979626 ], [ 76.68421019604375, 31.614341122544943 ], [ 76.659156696324487, 31.625680931429883 ] ] ] } },
{ "type": "Feature", "properties": { "pincode": "177119", "state": "Himachal Pradesh", "district": "Hamirpur", "officename": "Bumbloo", "officetype": "S.O" }, "geometry": { "type": "Polygon", "coordinates": [ [ [ 76.461455999694749, 31.805327999687506 ], [ 76.47472590297815, 31.794207057010169 ], [ 76.439663042415589, 31.777756989093803 ], [ 76.440314999637678, 31.810116000153471 ], [ 76.446250999983704, 31.810169000798794 ], [ 76.444946000057939, 31.802912000688423 ], [ 76.461455999694749, 31.805327999687506 ] ] ] } },
{ "type": "Feature", "properties": { "pincode": "177201", "state": "Himachal Pradesh", "district": "Una", "officename": "Gagret", "officetype": "S.O" }, "geometry": { "type": "Polygon", "coordinates": [ [ [ 76.054291000129581, 31.606695000174284 ], [ 76.037490999709917, 31.613733000078071 ], [ 76.018172027916819, 31.64309663380277 ], [ 76.047842033683025, 31.661340793442832 ], [ 76.047759628803988, 31.684430528146436 ], [ 76.082291838098001, 31.674747367596979 ], [ 76.08591217950368, 31.657777020293395 ], [ 76.054291000129581, 31.606695000174284 ] ] ] } },
{ "type": "Feature", "properties": { "pincode": "177202", "state": "Himachal Pradesh", "district": "Una", "officename": "Mubarikpur", "officetype": "S.O" }, "geometry": { "type": "Polygon", "coordinates": [ [ [ 76.148072233846619, 31.72679928226114 ], [ 76.152539425454165, 31.71036446774599 ], [ 76.12784819244024, 31.685493519610361 ], [ 76.119293749407177, 31.710749494493712 ], [ 76.131600021923589, 31.73069593496939 ], [ 76.148072233846619, 31.72679928226114 ] ] ] } },
{ "type": "Feature", "properties": { "pincode": "177203", "state": "Himachal Pradesh", "district": "Una", "officename": "Amb", "officetype": "S.O" }, "geometry": { "type": "Polygon", "coordinates": [ [ [ 76.131600021923589, 31.73069593496939 ], [ 76.118682717633362, 31.705250209429778 ], [ 76.140272502773826, 31.667569925111991 ], [ 76.119701103623129, 31.648220589508696 ], [ 76.115965491614247, 31.622653846697688 ], [ 76.083196923898981, 31.648273626127036 ], [ 76.082291838098001, 31.674747367596979 ], [ 76.055388126261164, 31.684261005940755 ], [ 76.096412491043793, 31.733591957003341 ], [ 76.131600021923589, 31.73069593496939 ] ] ] } },
{ "type": "Feature", "properties": { "pincode": "177204", "state": "Himachal Pradesh", "district": "Una", "officename": "Daulatpurchowk", "officetype": "S.O" }, "geometry": { "type": "Polygon", "coordinates": [ [ [ 75.975510000386407, 31.735303999979692 ], [ 75.959633000262897, 31.779899999785187 ], [ 76.013809087519405, 31.816957641182114 ], [ 76.048426932956716, 31.788724319471896 ], [ 76.013304826856313, 31.739278401777028 ], [ 75.975510000386407, 31.735303999979692 ] ] ] } },
{ "type": "Feature", "properties": { "pincode": "177205", "state": "Himachal Pradesh", "district": "Una", "officename": "Ambota", "officetype": "S.O" }, "geometry": { "type": "Polygon", "coordinates": [ [ [ 76.047759628803988, 31.684430528146436 ], [ 76.047842033683025, 31.661340793442832 ], [ 76.018172027916819, 31.64309663380277 ], [ 76.011832999993089, 31.674387000259912 ], [ 76.038471117748031, 31.68965975579323 ], [ 76.047759628803988, 31.684430528146436 ] ] ] } },
{ "type": "Feature", "properties": { "pincode": "177206", "state": "Himachal Pradesh", "district": "Una", "officename": "Oel (Una)", "officetype": "S.O" }, "geometry": { "type": "Polygon", "coordinates": [ [ [ 76.086128800104063, 31.56016361525883 ], [ 76.057434000278931, 31.590174000030174 ], [ 76.054291000129581, 31.606695000174284 ], [ 76.083196923898981, 31.648273626127036 ], [ 76.115965491614247, 31.622653846697688 ], [ 76.124590892955325, 31.600644201368823 ], [ 76.099606971084995, 31.584434394531741 ], [ 76.086128800104063, 31.56016361525883 ] ] ] } },
{ "type": "Feature", "properties": { "pincode": "177207", "state": "Himachal Pradesh", "district": "Una", "officename": "Pandogha", "officetype": "S.O" }, "geometry": { "type": "Polygon", "coordinates": [ [ [ 76.183126539158593, 31.553561653447616 ], [ 76.185778408746671, 31.529110028605032 ], [ 76.205558733648786, 31.504996870809066 ], [ 76.155636962176231, 31.490679683620726 ], [ 76.1288149996127, 31.471470000140528 ], [ 76.108704000289379, 31.512221999845622 ], [ 76.183126539158593, 31.553561653447616 ] ] ] } },
{ "type": "Feature", "properties": { "pincode": "177208", "state": "Himachal Pradesh", "district": "Una", "officename": "Panjawar", "officetype": "S.O" }, "geometry": { "type": "Polygon", "coordinates": [ [ [ 76.086128800104063, 31.56016361525883 ], [ 76.109570797454467, 31.593357223257271 ], [ 76.138822327988066, 31.600612848304536 ], [ 76.15119681318248, 31.566581606356124 ], [ 76.183126539158593, 31.553561653447616 ], [ 76.108704000289379, 31.512221999845622 ], [ 76.078181176420287, 31.561347413552539 ], [ 76.086128800104063, 31.56016361525883 ] ] ] } },
{ "type": "Feature", "properties": { "pincode": "177209", "state": "Himachal Pradesh", "district": "Una", "officename": "Saloh", "officetype": "S.O" }, "geometry": { "type": "Polygon", "coordinates": [ [ [ 76.149132000341581, 31.435373000163906 ], [ 76.168557240524365, 31.46454282549098 ], [ 76.200847519997069, 31.481537709897623 ], [ 76.221194609343797, 31.485404930493303 ], [ 76.249109152865287, 31.455084404621743 ], [ 76.224321391119531, 31.448583371925224 ], [ 76.182904020804074, 31.418708548261066 ], [ 76.16108678452747, 31.41664485057953 ], [ 76.149132000341581, 31.435373000163906 ] ] ] } },
{ "type": "Feature", "properties": { "pincode": "177210", "state": "Himachal Pradesh", "district": "Una", "officename": "Nehri Nauranga", "officetype": "S.O" }, "geometry": { "type": "Polygon", "coordinates": [ [ [ 76.234985973723894, 31.733617978886798 ], [ 76.213093743881245, 31.711402696377434 ], [ 76.232668517038519, 31.683125682004743 ], [ 76.216229479307231, 31.669612112808807 ], [ 76.216170481982203, 31.658655344968224 ], [ 76.170109661931463, 31.706178676704553 ], [ 76.152539425454165, 31.71036446774599 ], [ 76.148072233846619, 31.72679928226114 ], [ 76.164367324292641, 31.750533436069134 ], [ 76.213007664372242, 31.758788851824079 ], [ 76.234985973723894, 31.733617978886798 ] ] ] } },
{ "type": "Feature", "properties": { "pincode": "177211", "state": "Himachal Pradesh", "district": "Una", "officename": "Thathal", "officetype": "S.O" }, "geometry": { "type": "Polygon", "coordinates": [ [ [ 76.176687646018138, 31.599912922143744 ], [ 76.124590892955325, 31.600644201368823 ], [ 76.115965491614247, 31.622653846697688 ], [ 76.119701103623129, 31.648220589508696 ], [ 76.140272502773826, 31.667569925111991 ], [ 76.12784819244024, 31.685493519610361 ], [ 76.158188925178877, 31.711562235208987 ], [ 76.216170481982203, 31.658655344968224 ], [ 76.211498233257032, 31.649388095684174 ], [ 76.184831444215888, 31.641882181217682 ], [ 76.195755415579981, 31.611868096635533 ], [ 76.176687646018138, 31.599912922143744 ] ] ] } },
{ "type": "Feature", "properties": { "pincode": "177212", "state": "Himachal Pradesh", "district": "Una", "officename": "Ghanari", "officetype": "S.O" }, "geometry": { "type": "Polygon", "coordinates": [ [ [ 76.011832999993089, 31.674387000259912 ], [ 75.990234000399028, 31.693778999701181 ], [ 75.975510000386407, 31.735303999979692 ], [ 76.013304826856313, 31.739278401777028 ], [ 76.024549339980126, 31.75427108594198 ], [ 76.022586012034935, 31.719823608972376 ], [ 76.038471117748031, 31.68965975579323 ], [ 76.011832999993089, 31.674387000259912 ] ] ] } },
{ "type": "Feature", "properties": { "pincode": "177219", "state": "Himachal Pradesh", "district": "Una", "officename": "Sunkali", "officetype": "S.O" }, "geometry": { "type": "Polygon", "coordinates": [ [ [ 76.023121464783912, 31.736244167434506 ], [ 76.051731931583504, 31.727438781174897 ], [ 76.038471117748031, 31.68965975579323 ], [ 76.022586012034935, 31.719823608972376 ], [ 76.023121464783912, 31.736244167434506 ] ] ] } },
{ "type": "Feature", "properties": { "pincode": "177220", "state": "Himachal Pradesh", "district": "Una", "officename": "Haroli", "officetype": "S.O" }, "geometry": { "type": "Polygon", "coordinates": [ [ [ 76.167006999973182, 31.395038999950032 ], [ 76.170753000050922, 31.402291999876013 ], [ 76.16108678452747, 31.41664485057953 ], [ 76.194955796872591, 31.423121874075377 ], [ 76.237052140044227, 31.455373104984915 ], [ 76.249109152865287, 31.455084404621743 ], [ 76.277408143970774, 31.401506050863645 ], [ 76.230899716049066, 31.385242880954365 ], [ 76.204765417390036, 31.395266995175746 ], [ 76.167006999973182, 31.395038999950032 ] ] ] } },
{ "type": "Feature", "properties": { "pincode": "177301", "state": "Himachal Pradesh", "district": "Hamirpur", "officename": "Basaral", "officetype": "S.O" }, "geometry": { "type": "Polygon", "coordinates": [ [ [ 76.352945434784033, 31.741223286425736 ], [ 76.365635327508357, 31.724832149284282 ], [ 76.38863142929722, 31.720316455440184 ], [ 76.373958896585918, 31.689783700357566 ], [ 76.334688845613812, 31.720886832461531 ], [ 76.333186720590675, 31.733366020325604 ], [ 76.352945434784033, 31.741223286425736 ] ] ] } },
{ "type": "Feature", "properties": { "pincode": "177401", "state": "Himachal Pradesh", "district": "Hamirpur", "officename": "Didwin", "officetype": "S.O" }, "geometry": { "type": "Polygon", "coordinates": [ [ [ 76.561472661234347, 31.623931768036755 ], [ 76.58356472313352, 31.624858518506016 ], [ 76.590014085282007, 31.643164675609285 ], [ 76.602967887657826, 31.637874969454401 ], [ 76.627442904766326, 31.644102038978076 ], [ 76.631151090150865, 31.637999105574238 ], [ 76.625091482486141, 31.604920157539311 ], [ 76.592977010580739, 31.589714638919418 ], [ 76.579580817301064, 31.587621609849577 ], [ 76.561472661234347, 31.623931768036755 ] ] ] } },
{ "type": "Feature", "properties": { "pincode": "177501", "state": "Himachal Pradesh", "district": "Hamirpur", "officename": "Parol", "officetype": "S.O" }, "geometry": { "type": "Polygon", "coordinates": [ [ [ 76.613267580234719, 31.671434804772389 ], [ 76.615901215169004, 31.693835379099596 ], [ 76.643524082470606, 31.67473945356312 ], [ 76.643939974850014, 31.660183215782808 ], [ 76.625086180982521, 31.641606683801513 ], [ 76.602967887657826, 31.637874969454401 ], [ 76.585070865428293, 31.644637498921441 ], [ 76.584264897507126, 31.650847128792009 ], [ 76.602965141128436, 31.659023387119646 ], [ 76.602193864555318, 31.668375354339332 ], [ 76.613267580234719, 31.671434804772389 ] ] ] } },
{ "type": "Feature", "properties": { "pincode": "177601", "state": "Himachal Pradesh", "district": "Hamirpur", "officename": "Awah Devi", "officetype": "S.O" }, "geometry": { "type": "Polygon", "coordinates": [ [ [ 76.693722446733659, 31.682216195820786 ], [ 76.673066338640695, 31.683012133603143 ], [ 76.661589142125365, 31.669275646753817 ], [ 76.650376791455756, 31.673401364881272 ], [ 76.646839728171017, 31.695213256486682 ], [ 76.63024822207791, 31.720292285260939 ], [ 76.64664757812335, 31.743326297970384 ], [ 76.673110218362069, 31.732790307626772 ], [ 76.656426420243179, 31.704742784052314 ], [ 76.686867000211919, 31.701433000133022 ], [ 76.693722446733659, 31.682216195820786 ] ] ] } }
]
}
