{
"type": "FeatureCollection",
"name": "jammu_and_kashmir",
"crs": { "type": "name", "properties": { "name": "urn:ogc:def:crs:OGC:1.3:CRS84" } },
"features": [
{ "type": "Feature", "properties": { "pincode": "180001", "officename": "Jammu H.O", "officetype": "H.O", "circle": "Jammu And Kashmir", "region": "Div Reporting", "division": "Jammu", "state": "Jammu And Kashmir", "district": "Jammu" }, "geometry": { "type": "Polygon", "coordinates": [ [ [ 74.858755999659436, 32.724128999811278 ], [ 74.860707000319351, 32.723942999757966 ], [ 74.861780000196987, 32.726261999707916 ], [ 74.859666000228756, 32.726405999670185 ], [ 74.859375999800548, 32.727128000141377 ], [ 74.8609220004045, 32.73155800004475 ], [ 74.859816000016593, 32.733327000058601 ], [ 74.85948600030369, 32.736882999644124 ], [ 74.857849000361426, 32.736269999957784 ], [ 74.85785100001128, 32.737140999873525 ], [ 74.855131000145633, 32.737330000182666 ], [ 74.852828999856428, 32.736541000350151 ], [ 74.852253999921174, 32.733425999721277 ], [ 74.850889999790397, 32.733467000243998 ], [ 74.850391000023123, 32.732722000318468 ], [ 74.845893999574812, 32.734405000120994 ], [ 74.843116999807776, 32.731768000251854 ], [ 74.838565999831161, 32.734258000296286 ], [ 74.832220999553414, 32.742124999732994 ], [ 74.829043999753296, 32.744111000245461 ], [ 74.831552999731727, 32.743685999706095 ], [ 74.83989700034995, 32.745386999879727 ], [ 74.843741999971769, 32.748560000043007 ], [ 74.842593999751045, 32.745186999853921 ], [ 74.846184000003049, 32.742735999925955 ], [ 74.848749999882884, 32.74292600008787 ], [ 74.847682999853049, 32.741554999707986 ], [ 74.848729999791416, 32.740960999858508 ], [ 74.848299999621119, 32.73978799988231 ], [ 74.851143000408698, 32.740611000077607 ], [ 74.852023999767397, 32.739918999746308 ], [ 74.853217000193965, 32.741316000282779 ], [ 74.855162999932702, 32.73768200013776 ], [ 74.857902999889831, 32.737616999941586 ], [ 74.859431000052098, 32.738625999816435 ], [ 74.860175000041792, 32.737372000112941 ], [ 74.865319000395345, 32.742149000131256 ], [ 74.867004000018184, 32.742023000235015 ], [ 74.867547999991316, 32.743253999755893 ], [ 74.868189999873721, 32.742950000270369 ], [ 74.869312999980068, 32.744084999630644 ], [ 74.868599999952551, 32.744709999812251 ], [ 74.871332000412067, 32.748716000315078 ], [ 74.871287000206237, 32.751777999804297 ], [ 74.878472999659678, 32.763930999837136 ], [ 74.879861999904819, 32.762584000369685 ], [ 74.88760300010037, 32.760798000185503 ], [ 74.883292000323237, 32.746824999728098 ], [ 74.885720999935728, 32.740390000285068 ], [ 74.884446000391748, 32.732932999792354 ], [ 74.88042000012166, 32.727589999778324 ], [ 74.87900300028744, 32.727680999848296 ], [ 74.874860999666382, 32.724556000330828 ], [ 74.870877999952285, 32.723153000229942 ], [ 74.870021999809651, 32.724740000193286 ], [ 74.865203000044389, 32.723651999664114 ], [ 74.858364000022263, 32.723541999895488 ], [ 74.858755999659436, 32.724128999811278 ] ] ] } },
{ "type": "Feature", "properties": { "pincode": "180002", "officename": "Talab Tillo S.O", "officetype": "S.O", "circle": "Jammu And Kashmir", "region": "Div Reporting", "division": "Jammu", "state": "Jammu And Kashmir", "district": "Jammu" }, "geometry": { "type": "Polygon", "coordinates": [ [ [ 74.726034999996941, 32.759795000285038 ], [ 74.743231000323206, 32.741937000167482 ], [ 74.765983999658275, 32.744392999742203 ], [ 74.802645999914617, 32.74099799981974 ], [ 74.8040590004492, 32.742341999698823 ], [ 74.809211000300365, 32.740030000126389 ], [ 74.810293000398858, 32.742143000032279 ], [ 74.81160800012583, 32.742084000171026 ], [ 74.811304000352223, 32.743015999983363 ], [ 74.812533999690402, 32.74362300011142 ], [ 74.814275000288021, 32.743842000201795 ], [ 74.814384999892866, 32.743184999826958 ], [ 74.81600400029177, 32.743320999624792 ], [ 74.819530000071353, 32.74188000020883 ], [ 74.817282000208834, 32.748481000236929 ], [ 74.820146000014518, 32.749364000148255 ], [ 74.830316999647465, 32.744137000097041 ], [ 74.829043999753296, 32.744111000245461 ], [ 74.832220999553414, 32.742124999732994 ], [ 74.837430000204307, 32.735666000258952 ], [ 74.832111768008119, 32.734209776859359 ], [ 74.81526799979973, 32.724531999729301 ], [ 74.810071999567612, 32.720512999658659 ], [ 74.817894999778943, 32.718654999761362 ], [ 74.827606000002689, 32.718297999965358 ], [ 74.847820000120365, 32.720493999644049 ], [ 74.857702000048349, 32.722372999865478 ], [ 74.859113999859701, 32.719148999942071 ], [ 74.853268000247567, 32.717393000182973 ], [ 74.839674999693784, 32.71072599987022 ], [ 74.83682599995673, 32.713283000046928 ], [ 74.83598900008063, 32.712668999866011 ], [ 74.835860000209209, 32.71416700020665 ], [ 74.829248999792711, 32.714258000370464 ], [ 74.805597999583838, 32.708770999728912 ], [ 74.799447000373206, 32.70938800030202 ], [ 74.797503000284308, 32.710791000020514 ], [ 74.796078999879057, 32.708878000295861 ], [ 74.773797999648778, 32.692450999653417 ], [ 74.74374699980892, 32.704879999750503 ], [ 74.710003999609853, 32.695053000337374 ], [ 74.66111288214951, 32.686661497688014 ], [ 74.656249056451585, 32.691803090390479 ], [ 74.65349777455279, 32.696685252167832 ], [ 74.654266290464903, 32.700065645918876 ], [ 74.657889828419684, 32.706979300162601 ], [ 74.657907568349941, 32.711887421822524 ], [ 74.658380000442691, 32.711400000360996 ], [ 74.663960999740951, 32.712518999814634 ], [ 74.672161000419123, 32.712339000327091 ], [ 74.673190999740768, 32.713567000249725 ], [ 74.677785000273417, 32.710279999724314 ], [ 74.690355000279951, 32.719164999798124 ], [ 74.689883000276865, 32.721584999770116 ], [ 74.687908000225789, 32.723716000373912 ], [ 74.69177200011417, 32.730903999835803 ], [ 74.695121000341757, 32.730939999673971 ], [ 74.696194000219378, 32.732060000055938 ], [ 74.713769999588919, 32.739470000011131 ], [ 74.708791999815048, 32.756118000343541 ], [ 74.726034999996941, 32.759795000285038 ] ] ] } },
{ "type": "Feature", "properties": { "pincode": "180003", "officename": "Jammu Cantt S.O", "officetype": "S.O", "circle": "Jammu And Kashmir", "region": "Div Reporting", "division": "Jammu", "state": "Jammu And Kashmir", "district": "Jammu" }, "geometry": { "type": "Polygon", "coordinates": [ [ [ 74.848282000077745, 32.714625999886593 ], [ 74.850067999982926, 32.712125999784043 ], [ 74.852592999854906, 32.71330599993469 ], [ 74.854126000040054, 32.712259000186329 ], [ 74.855111000054151, 32.712936000331055 ], [ 74.855885000181047, 32.712361999702402 ], [ 74.855277999560428, 32.711570999641992 ], [ 74.854504000331829, 32.7122469997433 ], [ 74.852227000156986, 32.707956999825882 ], [ 74.857056999792903, 32.706043999804947 ], [ 74.851493000213068, 32.6967529999121 ], [ 74.853422000233351, 32.696747999929713 ], [ 74.854387999980872, 32.693837000273589 ], [ 74.851544000266699, 32.692140000195458 ], [ 74.854129000413096, 32.689266999701331 ], [ 74.852833999879309, 32.688312000302844 ], [ 74.852994388683413, 32.68636384213584 ], [ 74.851641000351066, 32.684231999980696 ], [ 74.846967000350773, 32.682673999770515 ], [ 74.848393000405821, 32.681181000144612 ], [ 74.838919000008573, 32.675120000199826 ], [ 74.837944999865144, 32.676311000004048 ], [ 74.835296000144609, 32.674453999622855 ], [ 74.835660000192661, 32.673509000154468 ], [ 74.832382000110201, 32.674402999755515 ], [ 74.831485999784576, 32.673827999681137 ], [ 74.829931999683012, 32.6751650003458 ], [ 74.818049999589647, 32.676545000118153 ], [ 74.813460999978162, 32.676069000023354 ], [ 74.814169999807717, 32.677188999722937 ], [ 74.812388000100498, 32.677441999917711 ], [ 74.81161499979855, 32.679698000119018 ], [ 74.809459999822423, 32.680596000340579 ], [ 74.808231000309192, 32.682740999790965 ], [ 74.806409000418981, 32.683597000131357 ], [ 74.80718299964758, 32.68535899980494 ], [ 74.805732000376466, 32.685481000041023 ], [ 74.79362599997711, 32.677248000173151 ], [ 74.782015999870296, 32.672802000014286 ], [ 74.763923000291825, 32.664221000112555 ], [ 74.757123999554324, 32.650837999682714 ], [ 74.748016999578184, 32.646240000062306 ], [ 74.740730999667292, 32.649408000170766 ], [ 74.734902999598503, 32.648999000355637 ], [ 74.716324999598143, 32.652881000248037 ], [ 74.709040000410468, 32.649509999663131 ], [ 74.694832999563346, 32.637452999685948 ], [ 74.66981999977186, 32.638270000122915 ], [ 74.671262580032106, 32.645219127533686 ], [ 74.67495522448344, 32.647479507592394 ], [ 74.678093136788902, 32.650646422282989 ], [ 74.680720932675456, 32.652524539877369 ], [ 74.687782627751474, 32.651272338796858 ], [ 74.691747406936642, 32.654395007092717 ], [ 74.696005993610214, 32.664256433960567 ], [ 74.695264052559168, 32.665436263799194 ], [ 74.692778408778139, 32.665480711477962 ], [ 74.688175907487917, 32.66774287515927 ], [ 74.682552683778056, 32.668830962244897 ], [ 74.682392292279019, 32.672260550283539 ], [ 74.678363332060073, 32.672474326521304 ], [ 74.666954575238151, 32.675271947436137 ], [ 74.662758056760822, 32.681634398952895 ], [ 74.661170999555125, 32.686687000174082 ], [ 74.710003999609853, 32.695053000337374 ], [ 74.74374699980892, 32.704879999750503 ], [ 74.773797999648778, 32.692450999653417 ], [ 74.796078999879057, 32.708878000295861 ], [ 74.797503000284308, 32.710791000020514 ], [ 74.799447000373206, 32.70938800030202 ], [ 74.805597999583838, 32.708770999728912 ], [ 74.827252000000357, 32.714149000304474 ], [ 74.835860000209209, 32.71416700020665 ], [ 74.83598900008063, 32.712668999866011 ], [ 74.83682599995673, 32.713283000046928 ], [ 74.839674999693784, 32.71072599987022 ], [ 74.847066000084993, 32.71454199973639 ], [ 74.848282000077745, 32.714625999886593 ] ] ] } },
{ "type": "Feature", "properties": { "pincode": "180004", "officename": "Gandhinagar H.O", "officetype": "H.O", "circle": "Jammu And Kashmir", "region": "Div Reporting", "division": "Jammu", "state": "Jammu And Kashmir", "district": "Jammu" }, "geometry": { "type": "Polygon", "coordinates": [ [ [ 74.865740000344829, 32.714569999795231 ], [ 74.867611999565412, 32.712282000338064 ], [ 74.869441999851517, 32.713649999848123 ], [ 74.869848999557291, 32.711337999851182 ], [ 74.872031000195904, 32.709446999883347 ], [ 74.871190999946762, 32.706329999701126 ], [ 74.877513999584878, 32.703346999634618 ], [ 74.873297000417381, 32.702090000121295 ], [ 74.874274000035541, 32.70013100005626 ], [ 74.872288000113841, 32.69927400012029 ], [ 74.872362999558604, 32.698236000172422 ], [ 74.874048000079725, 32.695951999764119 ], [ 74.871772999554722, 32.695310999880739 ], [ 74.871965999898549, 32.693027000226863 ], [ 74.871129000022492, 32.692883000053918 ], [ 74.87171900002636, 32.690824999795581 ], [ 74.869733999929579, 32.689859000224303 ], [ 74.870862999883698, 32.685902000207676 ], [ 74.866322999777694, 32.686001000342934 ], [ 74.866354999564763, 32.687088999623086 ], [ 74.864257000388378, 32.687029999625437 ], [ 74.864380000412012, 32.688434000284516 ], [ 74.861107000352447, 32.688994000341999 ], [ 74.86098400032877, 32.690103000329344 ], [ 74.858764000055345, 32.690345000084761 ], [ 74.858691000260407, 32.689626999914942 ], [ 74.854129000413096, 32.689266999701331 ], [ 74.851544000266699, 32.692140000195458 ], [ 74.854387999980872, 32.693837000273589 ], [ 74.853422000233351, 32.696747999929713 ], [ 74.851493000213068, 32.6967529999121 ], [ 74.857056999792903, 32.706043999804947 ], [ 74.852227000156986, 32.707956999825882 ], [ 74.854504000331829, 32.7122469997433 ], [ 74.855277999560428, 32.711570999641992 ], [ 74.855885000181047, 32.712361999702402 ], [ 74.855111000054151, 32.712936000331055 ], [ 74.854126000040054, 32.712259000186329 ], [ 74.852592999854906, 32.71330599993469 ], [ 74.850067999982926, 32.712125999784043 ], [ 74.848075000388505, 32.714689000325215 ], [ 74.853268000247567, 32.717393000182973 ], [ 74.859113999859701, 32.719148999942071 ], [ 74.865740000344829, 32.714569999795231 ] ] ] } },
{ "type": "Feature", "properties": { "pincode": "180005", "officename": "Rehari Mohalla S.O", "officetype": "S.O", "circle": "Jammu And Kashmir", "region": "Div Reporting", "division": "Jammu", "state": "Jammu And Kashmir", "district": "Jammu" }, "geometry": { "type": "Polygon", "coordinates": [ [ [ 74.871287000206237, 32.751777999804297 ], [ 74.871332000412067, 32.748716000315078 ], [ 74.868599999952551, 32.744709999812251 ], [ 74.869312999980068, 32.744084999630644 ], [ 74.868189999873721, 32.742950000270369 ], [ 74.867547999991316, 32.743253999755893 ], [ 74.867004000018184, 32.742023000235015 ], [ 74.865319000395345, 32.742149000131256 ], [ 74.860175000041792, 32.737372000112941 ], [ 74.859431000052098, 32.738625999816435 ], [ 74.857902999889831, 32.737616999941586 ], [ 74.855162999932702, 32.73768200013776 ], [ 74.853217000193965, 32.741316000282779 ], [ 74.852023999767397, 32.739918999746308 ], [ 74.851143000408698, 32.740611000077607 ], [ 74.848299999621119, 32.73978799988231 ], [ 74.848729999791416, 32.740960999858508 ], [ 74.847682999853049, 32.741554999707986 ], [ 74.848749999882884, 32.74292600008787 ], [ 74.846184000003049, 32.742735999925955 ], [ 74.842593999751045, 32.745186999853921 ], [ 74.843741999971769, 32.748560000043007 ], [ 74.847302000086515, 32.75002699985577 ], [ 74.848672999890013, 32.754022999647823 ], [ 74.850067999982926, 32.754328999636854 ], [ 74.850550999856679, 32.753243999989479 ], [ 74.853207000148203, 32.755922999923008 ], [ 74.855578000034399, 32.755755999796769 ], [ 74.85680700044594, 32.753609000211206 ], [ 74.861688000135473, 32.756149000142479 ], [ 74.864460999704576, 32.755718999920994 ], [ 74.871287000206237, 32.751777999804297 ] ] ] } },
{ "type": "Feature", "properties": { "pincode": "180006", "officename": "New University Campus S.O", "officetype": "S.O", "circle": "Jammu And Kashmir", "region": "Div Reporting", "division": "Jammu", "state": "Jammu And Kashmir", "district": "Jammu" }, "geometry": { "type": "Polygon", "coordinates": [ [ [ 74.888840999834471, 32.72418900006263 ], [ 74.892604000338793, 32.711945001793588 ], [ 74.887094000287362, 32.70705300022432 ], [ 74.883072000215222, 32.709453999920768 ], [ 74.883816000204874, 32.713477000096994 ], [ 74.880673999666527, 32.712723999670459 ], [ 74.878879000438843, 32.716269000252602 ], [ 74.875303000430577, 32.715242000082263 ], [ 74.872985000247823, 32.713604000244118 ], [ 74.872401999916661, 32.712853000068307 ], [ 74.873915000010342, 32.7116859997167 ], [ 74.872031000195904, 32.709446999883347 ], [ 74.869848999557291, 32.711337999851182 ], [ 74.869441999851517, 32.713649999848123 ], [ 74.867611999565412, 32.712282000338064 ], [ 74.865740000344829, 32.714569999795231 ], [ 74.859691000343119, 32.718281000047426 ], [ 74.857518999750255, 32.723510000239607 ], [ 74.865203000044389, 32.723651999664114 ], [ 74.870021999809651, 32.724740000193286 ], [ 74.870877999952285, 32.723153000229942 ], [ 74.874860999666382, 32.724556000330828 ], [ 74.87900300028744, 32.727680999848296 ], [ 74.888840999834471, 32.72418900006263 ] ] ] } },
{ "type": "Feature", "properties": { "pincode": "180007", "officename": "Janipur S.O", "officetype": "S.O", "circle": "Jammu And Kashmir", "region": "Div Reporting", "division": "Jammu", "state": "Jammu And Kashmir", "district": "Jammu" }, "geometry": { "type": "Polygon", "coordinates": [ [ [ 74.849183000426251, 32.770706000332972 ], [ 74.855604999798558, 32.773779000196839 ], [ 74.878472999659678, 32.763930999837136 ], [ 74.871287000206237, 32.751777999804297 ], [ 74.864460999704576, 32.755718999920994 ], [ 74.861688000135473, 32.756149000142479 ], [ 74.85680700044594, 32.753609000211206 ], [ 74.855578000034399, 32.755755999796769 ], [ 74.853207000148203, 32.755922999923008 ], [ 74.850550999856679, 32.753243999989479 ], [ 74.850067999982926, 32.754328999636854 ], [ 74.848672999890013, 32.754022999647823 ], [ 74.847302000086515, 32.75002699985577 ], [ 74.843948999661009, 32.748288999937913 ], [ 74.842997000157183, 32.75046999973852 ], [ 74.841289000069835, 32.750068000295613 ], [ 74.84019600010069, 32.751504000311179 ], [ 74.84440999979347, 32.754036000016832 ], [ 74.842510000085454, 32.754577999940892 ], [ 74.839831000227704, 32.756978000145423 ], [ 74.841170000244134, 32.758448999647165 ], [ 74.840736999700766, 32.760535000292208 ], [ 74.838308000088276, 32.760586000033534 ], [ 74.840210000344427, 32.761995000338423 ], [ 74.842125000121001, 32.760955999785246 ], [ 74.84349199972651, 32.761510999929293 ], [ 74.84474399970432, 32.762634999692793 ], [ 74.840468999912162, 32.765454000155451 ], [ 74.848088999733918, 32.768530000351447 ], [ 74.847581999570707, 32.769155999797547 ], [ 74.849183000426251, 32.770706000332972 ] ] ] } },
{ "type": "Feature", "properties": { "pincode": "180009", "officename": "Skuastchatha S.O", "officetype": "S.O", "circle": "Jammu And Kashmir", "region": "Div Reporting", "division": "Jammu", "state": "Jammu And Kashmir", "district": "Jammu" }, "geometry": { "type": "Polygon", "coordinates": [ [ [ 74.814169999807717, 32.677188999722937 ], [ 74.813460999978162, 32.676069000023354 ], [ 74.818049999589647, 32.676545000118153 ], [ 74.816549999914741, 32.668859999790278 ], [ 74.811951000257537, 32.660316000376604 ], [ 74.81021100038312, 32.650672000097039 ], [ 74.806082000180851, 32.652000000254993 ], [ 74.79302900030055, 32.651897999821287 ], [ 74.788719000348323, 32.655474000097826 ], [ 74.787565000279812, 32.653022000223203 ], [ 74.783600999934023, 32.654518000317758 ], [ 74.784072999937123, 32.658166000346519 ], [ 74.785575999985085, 32.660911000070868 ], [ 74.789138999574561, 32.664341999971654 ], [ 74.792102999837681, 32.674528999908667 ], [ 74.774672000233096, 32.66942599977564 ], [ 74.79362599997711, 32.677248000173151 ], [ 74.805732000376466, 32.685481000041023 ], [ 74.80718299964758, 32.68535899980494 ], [ 74.806409000418981, 32.683597000131357 ], [ 74.808231000309192, 32.682740999790965 ], [ 74.809459999822423, 32.680596000340579 ], [ 74.81161499979855, 32.679698000119018 ], [ 74.812388000100498, 32.677441999917711 ], [ 74.814169999807717, 32.677188999722937 ] ] ] } },
{ "type": "Feature", "properties": { "pincode": "180010", "officename": "Gangyal S.O", "officetype": "S.O", "circle": "Jammu And Kashmir", "region": "Div Reporting", "division": "Jammu", "state": "Jammu And Kashmir", "district": "Jammu" }, "geometry": { "type": "Polygon", "coordinates": [ [ [ 74.858764000055345, 32.690345000084761 ], [ 74.86098400032877, 32.690103000329344 ], [ 74.861107000352447, 32.688994000341999 ], [ 74.863672000407362, 32.689048000140254 ], [ 74.864380000412012, 32.688434000284516 ], [ 74.864257000388378, 32.687029999625437 ], [ 74.866354999564763, 32.687088999623086 ], [ 74.866322999777694, 32.686001000342934 ], [ 74.870862999883698, 32.685902000207676 ], [ 74.870872999929446, 32.686708999852215 ], [ 74.875176000208953, 32.687003000254265 ], [ 74.875298000407696, 32.686077000273045 ], [ 74.874539000349429, 32.685675000048334 ], [ 74.876603000088949, 32.685374999671879 ], [ 74.87675799989961, 32.682221000164176 ], [ 74.880106000302291, 32.682476999881892 ], [ 74.881287999959866, 32.677643000260979 ], [ 74.883167999576372, 32.679130000249842 ], [ 74.884140000069962, 32.676320000368776 ], [ 74.890640999983304, 32.666938000041085 ], [ 74.906092000412301, 32.652966000061213 ], [ 74.903457000037164, 32.651434000339457 ], [ 74.899178000047073, 32.6511649999334 ], [ 74.898995999573899, 32.654129000074533 ], [ 74.887418999977356, 32.660224999673744 ], [ 74.886466999575234, 32.654412000269566 ], [ 74.86998199962666, 32.649065999911642 ], [ 74.860278999798851, 32.657157000311223 ], [ 74.852809999589851, 32.665464999953954 ], [ 74.851836000344747, 32.667453000047807 ], [ 74.851411000197288, 32.673223999865179 ], [ 74.850165999892212, 32.67426600032347 ], [ 74.850895999638169, 32.67492500031333 ], [ 74.853536000036172, 32.674364999746416 ], [ 74.852740000167969, 32.676123999698461 ], [ 74.853845999657565, 32.679469000141779 ], [ 74.852527999557552, 32.680796000064888 ], [ 74.853016000352511, 32.684167999676596 ], [ 74.854089000230147, 32.684489000267362 ], [ 74.853260999676564, 32.687009999783967 ], [ 74.852994388683413, 32.68636384213584 ], [ 74.852718000426677, 32.686882000087692 ], [ 74.852833999879309, 32.688312000302844 ], [ 74.854449000080251, 32.689503000349667 ], [ 74.858691000260407, 32.689626999914942 ], [ 74.858764000055345, 32.690345000084761 ] ] ] } },
{ "type": "Feature", "properties": { "pincode": "180011", "officename": "Sainik Colony S.O", "officetype": "S.O", "circle": "Jammu And Kashmir", "region": "Div Reporting", "division": "Jammu", "state": "Jammu And Kashmir", "district": "Jammu" }, "geometry": { "type": "Polygon", "coordinates": [ [ [ 74.929281999590387, 32.711477999795221 ], [ 74.928937999633789, 32.697471000222727 ], [ 74.934090000383279, 32.691694000144103 ], [ 74.928252000268742, 32.684328000350845 ], [ 74.929281999590387, 32.682160999663452 ], [ 74.93185800041428, 32.681583999746366 ], [ 74.936493999881421, 32.683749999775685 ], [ 74.94336300004079, 32.681149999983589 ], [ 74.940100000026945, 32.677683999959484 ], [ 74.940614999687753, 32.67522799990725 ], [ 74.933917999955838, 32.671472000273539 ], [ 74.93185800041428, 32.667860999661087 ], [ 74.945767000437243, 32.652546000375558 ], [ 74.929968999678621, 32.64561000005866 ], [ 74.910736000275335, 32.648067000163358 ], [ 74.904568000447938, 32.654572999644003 ], [ 74.890640999983304, 32.666938000041085 ], [ 74.884140000069962, 32.676320000368776 ], [ 74.883167999576372, 32.679130000249842 ], [ 74.887767000131902, 32.680667999778755 ], [ 74.890035999910836, 32.679270000057848 ], [ 74.895749000351884, 32.67975200024604 ], [ 74.905054999621356, 32.685180999768896 ], [ 74.907146000023374, 32.687578999686153 ], [ 74.902157000378793, 32.696780000114622 ], [ 74.901203000326859, 32.701175999817686 ], [ 74.897875999840593, 32.700951000143185 ], [ 74.893276001256766, 32.710773999427595 ], [ 74.898890000167, 32.710028000364311 ], [ 74.899748999784379, 32.712303999754688 ], [ 74.910738999750095, 32.71197800028532 ], [ 74.911296999966936, 32.711291999810804 ], [ 74.914344999895604, 32.711220000127184 ], [ 74.914989000326173, 32.710100000254094 ], [ 74.916529000184056, 32.710275999740013 ], [ 74.917730999933099, 32.709373000210022 ], [ 74.923183000258277, 32.711034000360712 ], [ 74.924127000264477, 32.714069000275309 ], [ 74.929281999590387, 32.711477999795221 ] ] ] } },
{ "type": "Feature", "properties": { "pincode": "180012", "officename": "Railway Station S.O", "officetype": "S.O", "circle": "Jammu And Kashmir", "region": "Div Reporting", "division": "Jammu", "state": "Jammu And Kashmir", "district": "Jammu" }, "geometry": { "type": "Polygon", "coordinates": [ [ [ 74.892604000338793, 32.711945001793588 ], [ 74.893276001256766, 32.710773999427595 ], [ 74.891410999912267, 32.709151000065951 ], [ 74.884693000263923, 32.704873000110126 ], [ 74.88331900008744, 32.705162000140511 ], [ 74.882847000084311, 32.704078999973881 ], [ 74.880922000261975, 32.704516999641335 ], [ 74.877513999584878, 32.703346999634618 ], [ 74.871190999946762, 32.706329999701126 ], [ 74.871800000217206, 32.709135999934162 ], [ 74.873915000010342, 32.7116859997167 ], [ 74.872401999916661, 32.712853000068307 ], [ 74.876418999965892, 32.715693000038421 ], [ 74.878879000438843, 32.716269000252602 ], [ 74.880673999666527, 32.712723999670459 ], [ 74.883816000204874, 32.713477000096994 ], [ 74.883072000215222, 32.709453999920768 ], [ 74.887094000287362, 32.70705300022432 ], [ 74.892604000338793, 32.711945001793588 ] ] ] } },
{ "type": "Feature", "properties": { "pincode": "180013", "officename": "Roopnagar Jammu Tawi S.O", "officetype": "S.O", "circle": "Jammu And Kashmir", "region": "Div Reporting", "division": "Jammu", "state": "Jammu And Kashmir", "district": "Jammu" }, "geometry": { "type": "Polygon", "coordinates": [ [ [ 74.841499000132089, 32.780813000133833 ], [ 74.846836131085254, 32.781911103431661 ], [ 74.855604999798558, 32.773779000196839 ], [ 74.849183000426251, 32.770706000332972 ], [ 74.847581999570707, 32.769155999797547 ], [ 74.848088999733918, 32.768530000351447 ], [ 74.840468999912162, 32.765454000155451 ], [ 74.84474399970432, 32.762634999692793 ], [ 74.842125000121001, 32.760955999785246 ], [ 74.838343000248386, 32.763724999747417 ], [ 74.839936999634617, 32.765359000357357 ], [ 74.837058999585224, 32.766811999791251 ], [ 74.835691000154796, 32.764613999698405 ], [ 74.832274000155167, 32.766572000029946 ], [ 74.83086700036668, 32.765919000129685 ], [ 74.831720000136301, 32.765111000120513 ], [ 74.828087000226617, 32.761785000362309 ], [ 74.834146000274089, 32.760572999865261 ], [ 74.827647000010543, 32.75995199995937 ], [ 74.827036000090274, 32.759311000004033 ], [ 74.829945000101802, 32.756777999702805 ], [ 74.826364999895546, 32.755352000299901 ], [ 74.822184999639688, 32.758603000310863 ], [ 74.820606000322059, 32.757996999732292 ], [ 74.823419999899002, 32.761423000190319 ], [ 74.826687000110823, 32.763502000334157 ], [ 74.825580999722888, 32.766418000308072 ], [ 74.82428199988945, 32.766201000076194 ], [ 74.824153999842935, 32.767328999993396 ], [ 74.828006999860676, 32.769432000293087 ], [ 74.827460000412813, 32.770227000090308 ], [ 74.826086000236288, 32.769784000296347 ], [ 74.825259000405936, 32.770487999903487 ], [ 74.822459999999296, 32.769901000212371 ], [ 74.821725000230458, 32.771401999675753 ], [ 74.822641999574159, 32.771606000001448 ], [ 74.822018999958303, 32.773411000198521 ], [ 74.824257999600007, 32.773670999698311 ], [ 74.824970999627539, 32.77490299989924 ], [ 74.82872599973598, 32.775240999854283 ], [ 74.826913000066639, 32.776901999902563 ], [ 74.828843999736748, 32.778146999803759 ], [ 74.829252000165752, 32.777415999658636 ], [ 74.832494000263182, 32.778218999802085 ], [ 74.835515000427691, 32.779470999983296 ], [ 74.835804999957617, 32.780508999711891 ], [ 74.839109999804265, 32.781167000349562 ], [ 74.838922000381615, 32.782678000261058 ], [ 74.840133000351514, 32.78277800014353 ], [ 74.841499000132089, 32.780813000133833 ] ] ] } },
{ "type": "Feature", "properties": { "pincode": "180015", "officename": "Chani Himat S.O", "officetype": "S.O", "circle": "Jammu And Kashmir", "region": "Div Reporting", "division": "Jammu", "state": "Jammu And Kashmir", "district": "Jammu" }, "geometry": { "type": "Polygon", "coordinates": [ [ [ 74.893276001256766, 32.710773999427595 ], [ 74.897875999840593, 32.700951000143185 ], [ 74.901203000326859, 32.701175999817686 ], [ 74.902157000378793, 32.696780000114622 ], [ 74.907146000023374, 32.687578999686153 ], [ 74.905054999621356, 32.685180999768896 ], [ 74.900233000381363, 32.681974999820888 ], [ 74.897494000249182, 32.681311000336777 ], [ 74.895749000351884, 32.67975200024604 ], [ 74.891297999934338, 32.679485999892769 ], [ 74.886391000305551, 32.685368000014009 ], [ 74.884328000390951, 32.69687800013714 ], [ 74.880922000261975, 32.704516999641335 ], [ 74.882847000084311, 32.704078999973881 ], [ 74.88331900008744, 32.705162000140511 ], [ 74.884693000263923, 32.704873000110126 ], [ 74.893276001256766, 32.710773999427595 ] ] ] } },
{ "type": "Feature", "properties": { "pincode": "180016", "officename": "Vinaik Bazar S.O", "officetype": "S.O", "circle": "Jammu And Kashmir", "region": "Div Reporting", "division": "Jammu", "state": "Jammu And Kashmir", "district": "Jammu" }, "geometry": { "type": "Polygon", "coordinates": [ [ [ 74.855131000145633, 32.737330000182666 ], [ 74.85785100001128, 32.737140999873525 ], [ 74.857849000361426, 32.736269999957784 ], [ 74.85948600030369, 32.736882999644124 ], [ 74.859816000016593, 32.733327000058601 ], [ 74.8609220004045, 32.73155800004475 ], [ 74.859375999800548, 32.727128000141377 ], [ 74.859666000228756, 32.726405999670185 ], [ 74.861780000196987, 32.726261999707916 ], [ 74.860707000319351, 32.723942999757966 ], [ 74.85756200030626, 32.723807999707844 ], [ 74.857702000048349, 32.722372999865478 ], [ 74.847820000120365, 32.720493999644049 ], [ 74.827606000002689, 32.718297999965358 ], [ 74.817894999778943, 32.718654999761362 ], [ 74.810071999567612, 32.720512999658659 ], [ 74.81526799979973, 32.724531999729301 ], [ 74.832111768008119, 32.734209776859359 ], [ 74.837430000204307, 32.735666000258952 ], [ 74.838565999831161, 32.734258000296286 ], [ 74.843717999682326, 32.731731999992405 ], [ 74.845893999574812, 32.734405000120994 ], [ 74.850391000023123, 32.732722000318468 ], [ 74.850889999790397, 32.733467000243998 ], [ 74.852253999921174, 32.733425999721277 ], [ 74.852828999856428, 32.736541000350151 ], [ 74.855131000145633, 32.737330000182666 ] ] ] } },
{ "type": "Feature", "properties": { "pincode": "180017", "officename": "Majeen S.O", "officetype": "S.O", "circle": "Jammu And Kashmir", "region": "Div Reporting", "division": "Jammu", "state": "Jammu And Kashmir", "district": "Jammu" }, "geometry": { "type": "Polygon", "coordinates": [ [ [ 74.99782699962249, 32.781036999939033 ], [ 75.005129000325226, 32.774092999796885 ], [ 75.024067000175705, 32.776541000034385 ], [ 75.039311000017136, 32.782520999886515 ], [ 75.055525999628941, 32.770239000280853 ], [ 75.079687000374051, 32.763172000123348 ], [ 75.095107999767478, 32.745006000217977 ], [ 75.094318999571954, 32.738422999929895 ], [ 75.098508000048682, 32.732554000025623 ], [ 75.112843000043966, 32.750219000186334 ], [ 75.130785000009723, 32.728863000073893 ], [ 75.089355000041778, 32.715781000353893 ], [ 75.071013000042925, 32.705020000001873 ], [ 74.989328000091874, 32.705086999882504 ], [ 74.954296999930008, 32.694465000174006 ], [ 74.947428999595544, 32.695981999921884 ], [ 74.953095000180909, 32.712457000082559 ], [ 74.976019999943432, 32.71859800002953 ], [ 74.96705000023465, 32.74327999985762 ], [ 74.961898000383471, 32.743605000111124 ], [ 74.937471000397892, 32.735190000349597 ], [ 74.90342799972484, 32.733710999739202 ], [ 74.903217999662573, 32.728764999666424 ], [ 74.896448999960612, 32.726899000178115 ], [ 74.895144000279402, 32.725825999894475 ], [ 74.89326200011476, 32.726132999811902 ], [ 74.888840999834471, 32.72418900006263 ], [ 74.88042000012166, 32.727589999778324 ], [ 74.884446000391748, 32.732932999792354 ], [ 74.885720999935728, 32.740390000285068 ], [ 74.883292000323237, 32.746824999728098 ], [ 74.90374099971929, 32.750757000237968 ], [ 74.899705000301779, 32.754585000212451 ], [ 74.904341999593839, 32.759279000348506 ], [ 74.917667000359017, 32.760165999738426 ], [ 74.916617999872514, 32.761004000248754 ], [ 74.956863999634734, 32.762745000310609 ], [ 74.974987000248788, 32.783740000098398 ], [ 74.986417000430549, 32.794777999831943 ], [ 74.990787999583802, 32.806695000257029 ], [ 75.009969000006862, 32.788785000197137 ], [ 74.99782699962249, 32.781036999939033 ] ] ] } },
{ "type": "Feature", "properties": { "pincode": "180018", "officename": "Udheywala S.O", "officetype": "S.O", "circle": "Jammu And Kashmir", "region": "Div Reporting", "division": "Jammu", "state": "Jammu And Kashmir", "district": "Jammu" }, "geometry": { "type": "Polygon", "coordinates": [ [ [ 74.809212000125314, 32.749536999772879 ], [ 74.80729200032583, 32.747912999979569 ], [ 74.809340999996735, 32.747724000206873 ], [ 74.809663000212026, 32.748607999632775 ], [ 74.811659000179475, 32.749041999943607 ], [ 74.815211999723203, 32.747236999800393 ], [ 74.816122000292566, 32.743762999989741 ], [ 74.817756999686651, 32.74355500009117 ], [ 74.816807999657613, 32.743380000178121 ], [ 74.819530000071353, 32.74188000020883 ], [ 74.81600400029177, 32.743320999624792 ], [ 74.814384999892866, 32.743184999826958 ], [ 74.814275000288021, 32.743842000201795 ], [ 74.811304000352223, 32.743015999983363 ], [ 74.81160800012583, 32.742084000171026 ], [ 74.810273000307376, 32.741834999698703 ], [ 74.810971000266306, 32.742090999913323 ], [ 74.810582999928769, 32.742965000003387 ], [ 74.805955999784146, 32.747218999774702 ], [ 74.800921000108829, 32.744833000105388 ], [ 74.799712999613675, 32.745121000237972 ], [ 74.800398999877004, 32.745779999888057 ], [ 74.800141000134161, 32.748416000363029 ], [ 74.801631999588224, 32.749952000310749 ], [ 74.802967000305003, 32.749301000035594 ], [ 74.807186000020621, 32.751548000181806 ], [ 74.809212000125314, 32.749536999772879 ] ] ] } },
{ "type": "Feature", "properties": { "pincode": "180019", "officename": "Sidhra H.Ousing colony", "officetype": "S.O", "circle": "Jammu And Kashmir", "region": "Div Reporting", "division": "Jammu", "state": "Jammu And Kashmir", "district": "Jammu" }, "geometry": { "type": "Polygon", "coordinates": [ [ [ 74.900777000354509, 32.772098999676402 ], [ 74.917667000359017, 32.760165999738426 ], [ 74.904341999593839, 32.759279000348506 ], [ 74.899705000301779, 32.754585000212451 ], [ 74.90374099971929, 32.750757000237968 ], [ 74.883292000323237, 32.746824999728098 ], [ 74.88760300010037, 32.760798000185503 ], [ 74.879861999904819, 32.762584000369685 ], [ 74.878472999659678, 32.763930999837136 ], [ 74.880237999648458, 32.763170999965212 ], [ 74.888392000295894, 32.763012999763681 ], [ 74.889529999572531, 32.76968099990733 ], [ 74.895024999555361, 32.77285700027047 ], [ 74.900777000354509, 32.772098999676402 ] ] ] } },
{ "type": "Feature", "properties": { "pincode": "180020", "officename": "Trikuta Nagar", "officetype": "S.O", "circle": "Jammu And Kashmir", "region": "Div Reporting", "division": "Jammu", "state": "Jammu And Kashmir", "district": "Jammu" }, "geometry": { "type": "Polygon", "coordinates": [ [ [ 74.870872999929446, 32.686708999852215 ], [ 74.869733999929579, 32.689859000224303 ], [ 74.87171900002636, 32.690824999795581 ], [ 74.871129000022492, 32.692883000053918 ], [ 74.871965999898549, 32.693027000226863 ], [ 74.871772999554722, 32.695310999880739 ], [ 74.874048000079725, 32.695951999764119 ], [ 74.872362999558604, 32.698236000172422 ], [ 74.872288000113841, 32.69927400012029 ], [ 74.874274000035541, 32.70013100005626 ], [ 74.873297000417381, 32.702090000121295 ], [ 74.880922000261975, 32.704516999641335 ], [ 74.884328000390951, 32.69687800013714 ], [ 74.886391000305551, 32.685368000014009 ], [ 74.891297999934338, 32.679485999892769 ], [ 74.890035999910836, 32.679270000057848 ], [ 74.887767000131902, 32.680667999778755 ], [ 74.883167999576372, 32.679130000249842 ], [ 74.881287999959866, 32.677643000260979 ], [ 74.880277999831407, 32.682260999719539 ], [ 74.87675799989961, 32.682221000164176 ], [ 74.876603000088949, 32.685374999671879 ], [ 74.874539000349429, 32.685675000048334 ], [ 74.875298000407696, 32.686077000273045 ], [ 74.875176000208953, 32.687003000254265 ], [ 74.870872999929446, 32.686708999852215 ] ] ] } },
{ "type": "Feature", "properties": { "pincode": "181101", "officename": "Miran Sahib S.O", "officetype": "S.O", "circle": "Jammu And Kashmir", "region": "Div Reporting", "division": "Jammu", "state": "Jammu And Kashmir", "district": "Jammu" }, "geometry": { "type": "Polygon", "coordinates": [ [ [ 74.852740000167969, 32.676123999698461 ], [ 74.853536000036172, 32.674364999746416 ], [ 74.850895999638169, 32.67492500031333 ], [ 74.850165999892212, 32.67426600032347 ], [ 74.851411000197288, 32.673223999865179 ], [ 74.851836000344747, 32.667453000047807 ], [ 74.852809999589851, 32.665464999953954 ], [ 74.860278999798851, 32.657157000311223 ], [ 74.844101999821874, 32.653779999856518 ], [ 74.845080999988198, 32.647536999758245 ], [ 74.843622000321176, 32.644572999706341 ], [ 74.827175000007458, 32.634494000279574 ], [ 74.827281000312652, 32.632282000301004 ], [ 74.825374999858568, 32.63168200014843 ], [ 74.826740999639185, 32.627232999710806 ], [ 74.831264000026721, 32.623729999987276 ], [ 74.823561000364307, 32.612685000037906 ], [ 74.823188999920319, 32.590190999975533 ], [ 74.816234000445547, 32.583389999772628 ], [ 74.809320000080348, 32.581173000233491 ], [ 74.802732000128387, 32.586687999903411 ], [ 74.789948999686473, 32.593006999934723 ], [ 74.782574999912043, 32.586871000041739 ], [ 74.776991000240741, 32.590552999909555 ], [ 74.76679499959512, 32.595206000033265 ], [ 74.762970999889703, 32.590296999655997 ], [ 74.758783999961125, 32.588098000202528 ], [ 74.768372999986127, 32.58053000033582 ], [ 74.774623999654196, 32.57776800013152 ], [ 74.773288999835742, 32.574904000024901 ], [ 74.768191000411264, 32.574647999744428 ], [ 74.754413999734439, 32.576183000323738 ], [ 74.752411000094298, 32.571834999997954 ], [ 74.74458200003518, 32.564571999852369 ], [ 74.742000000261825, 32.563942999937844 ], [ 74.733993999752414, 32.571168000353644 ], [ 74.735968999803447, 32.580973000268507 ], [ 74.734853000268089, 32.584698999789659 ], [ 74.729914999778885, 32.587701000011499 ], [ 74.732448000046759, 32.589329000318344 ], [ 74.742449999625293, 32.589112000108173 ], [ 74.748977000376229, 32.592005999947759 ], [ 74.756317999640387, 32.590304999769572 ], [ 74.765890999771855, 32.600072000268142 ], [ 74.774822999845838, 32.612947000344825 ], [ 74.784739999933919, 32.621047999895787 ], [ 74.789453000292255, 32.627286000347389 ], [ 74.772519999731728, 32.630231000182413 ], [ 74.773467000110969, 32.633818000151372 ], [ 74.763351999656194, 32.634421999953872 ], [ 74.744704000233924, 32.61965400015302 ], [ 74.737411999576949, 32.616637000094109 ], [ 74.776688000292026, 32.646017000327085 ], [ 74.764880999643395, 32.645951999919767 ], [ 74.748744999674315, 32.639591999683972 ], [ 74.741477000205094, 32.632765999923329 ], [ 74.720699000022762, 32.63609199982325 ], [ 74.694832999563346, 32.637452999685948 ], [ 74.709040000410468, 32.649509999663131 ], [ 74.716324999598143, 32.652881000248037 ], [ 74.734902999598503, 32.648999000355637 ], [ 74.740730999667292, 32.649408000170766 ], [ 74.748016999578184, 32.646240000062306 ], [ 74.757123999554324, 32.650837999682714 ], [ 74.763923000291825, 32.664221000112555 ], [ 74.774672000233096, 32.66942599977564 ], [ 74.792102999837681, 32.674528999908667 ], [ 74.789138999574561, 32.664341999971654 ], [ 74.785575999985085, 32.660911000070868 ], [ 74.784072999937123, 32.658166000346519 ], [ 74.783600999934023, 32.654518000317758 ], [ 74.787565000279812, 32.653022000223203 ], [ 74.788719000348323, 32.655474000097826 ], [ 74.79302900030055, 32.651897999821287 ], [ 74.806082000180851, 32.652000000254993 ], [ 74.81021100038312, 32.650672000097039 ], [ 74.811951000257537, 32.660316000376604 ], [ 74.816549999914741, 32.668859999790278 ], [ 74.818049999589647, 32.676545000118153 ], [ 74.829931999683012, 32.6751650003458 ], [ 74.831485999784576, 32.673827999681137 ], [ 74.832382000110201, 32.674402999755515 ], [ 74.835660000192661, 32.673509000154468 ], [ 74.835296000144609, 32.674453999622855 ], [ 74.837944999865144, 32.676311000004048 ], [ 74.838919000008573, 32.675120000199826 ], [ 74.848393000405821, 32.681181000144612 ], [ 74.846967000350773, 32.682673999770515 ], [ 74.851641000351066, 32.684231999980696 ], [ 74.853260999676564, 32.687009999783967 ], [ 74.854089000230147, 32.684489000267362 ], [ 74.853016000352511, 32.684167999676596 ], [ 74.852527999557552, 32.680796000064888 ], [ 74.853845999657565, 32.679469000141779 ], [ 74.852740000167969, 32.676123999698461 ] ] ] } },
{ "type": "Feature", "properties": { "pincode": "181102", "officename": "RSPura S.O", "officetype": "S.O", "circle": "Jammu And Kashmir", "region": "Div Reporting", "division": "Jammu", "state": "Jammu And Kashmir", "district": "Jammu" }, "geometry": { "type": "Polygon", "coordinates": [ [ [ 74.776688000292026, 32.646017000327085 ], [ 74.737411999576949, 32.616637000094109 ], [ 74.744704000233924, 32.61965400015302 ], [ 74.763351999656194, 32.634421999953872 ], [ 74.773467000110969, 32.633818000151372 ], [ 74.772519999731728, 32.630231000182413 ], [ 74.789453000292255, 32.627286000347389 ], [ 74.784739999933919, 32.621047999895787 ], [ 74.774822999845838, 32.612947000344825 ], [ 74.765890999771855, 32.600072000268142 ], [ 74.756317999640387, 32.590304999769572 ], [ 74.748977000376229, 32.592005999947759 ], [ 74.742449999625293, 32.589112000108173 ], [ 74.732448000046759, 32.589329000318344 ], [ 74.729914999778885, 32.587701000011499 ], [ 74.734853000268089, 32.584698999789659 ], [ 74.735968999803447, 32.580973000268507 ], [ 74.733993999752414, 32.571168000353644 ], [ 74.742000000261825, 32.563942999937844 ], [ 74.72018400036194, 32.555006999678469 ], [ 74.717331000426952, 32.548203000228028 ], [ 74.720972999659153, 32.543904999791934 ], [ 74.720244999563022, 32.538636000235918 ], [ 74.708835000371039, 32.530090999713458 ], [ 74.70325099980144, 32.544008000149148 ], [ 74.69408699992384, 32.533775000048848 ], [ 74.700762999739382, 32.530705000037166 ], [ 74.69766700013011, 32.525382999839785 ], [ 74.711747999682217, 32.515505999904789 ], [ 74.716785007990495, 32.513313889405183 ], [ 74.709606000124893, 32.512512000192672 ], [ 74.707031000024216, 32.511498999651153 ], [ 74.705486000143466, 32.507518000067911 ], [ 74.701796000332351, 32.501979999990162 ], [ 74.697160999791805, 32.498034999846624 ], [ 74.694599999934852, 32.487659000313101 ], [ 74.693580898974247, 32.486485041580764 ], [ 74.68791721783893, 32.486874377828613 ], [ 74.682100702731049, 32.493587623548343 ], [ 74.684815539080432, 32.499496093165448 ], [ 74.685655698331374, 32.506644662244355 ], [ 74.68256949664692, 32.509703658189984 ], [ 74.682776585269366, 32.512499767661915 ], [ 74.684234154818441, 32.515404819711847 ], [ 74.690734413621655, 32.523480325667961 ], [ 74.69060917589465, 32.53296104170515 ], [ 74.688798404047205, 32.535075024843543 ], [ 74.68249980894042, 32.535322287071551 ], [ 74.662882443783275, 32.544521644674255 ], [ 74.661805847051241, 32.546771719810387 ], [ 74.661709329362168, 32.549671623251683 ], [ 74.662741340910031, 32.553827540454449 ], [ 74.673271300144009, 32.553356831408564 ], [ 74.674490246610901, 32.554432509724066 ], [ 74.67383526697094, 32.567976359343199 ], [ 74.67193288582915, 32.568866794729786 ], [ 74.669340237426397, 32.568828877078403 ], [ 74.662729328638036, 32.564880993774096 ], [ 74.660252890792023, 32.565012180502066 ], [ 74.655648239833354, 32.562975246794025 ], [ 74.652539851558004, 32.562964289278391 ], [ 74.651733603709033, 32.566077143533448 ], [ 74.652113964773392, 32.569828988188959 ], [ 74.654687186209784, 32.580833301520663 ], [ 74.654048596332203, 32.582007447753924 ], [ 74.649830076316931, 32.582405993089154 ], [ 74.648643049687024, 32.584574017553074 ], [ 74.648894369557411, 32.587981798837696 ], [ 74.650158611775893, 32.589669357865127 ], [ 74.657112678799407, 32.592634871150025 ], [ 74.658770752319938, 32.59684539029633 ], [ 74.65429992608405, 32.599450397276719 ], [ 74.652235426881262, 32.599559583449079 ], [ 74.650971006796354, 32.597872048707089 ], [ 74.648861424742691, 32.597369528977637 ], [ 74.646816296810684, 32.597740762474835 ], [ 74.646609712143118, 32.599155186412453 ], [ 74.641841824720899, 32.60054735373194 ], [ 74.641589870639905, 32.602753631234549 ], [ 74.639467104911134, 32.60347971138782 ], [ 74.640337300231906, 32.6082583214369 ], [ 74.639045701618087, 32.614642230117127 ], [ 74.643336625845251, 32.615205215231477 ], [ 74.652499448929774, 32.614370212723692 ], [ 74.654944982933415, 32.615205800885839 ], [ 74.655803193829982, 32.617002515227838 ], [ 74.655015912111608, 32.624588022672199 ], [ 74.657003638595285, 32.630447798651232 ], [ 74.653099099534742, 32.630917440999291 ], [ 74.656035587993983, 32.632779703361805 ], [ 74.655099750080453, 32.636951995641354 ], [ 74.662321889656084, 32.635078649765951 ], [ 74.667782562317001, 32.638824558690352 ], [ 74.670383690816024, 32.638949884312453 ], [ 74.66981999977186, 32.638270000122915 ], [ 74.720699000022762, 32.63609199982325 ], [ 74.741477000205094, 32.632765999923329 ], [ 74.748744999674315, 32.639591999683972 ], [ 74.764880999643395, 32.645951999919767 ], [ 74.776688000292026, 32.646017000327085 ] ] ] } },
{ "type": "Feature", "properties": { "pincode": "181111", "officename": "Dablehar S.O", "officetype": "S.O", "circle": "Jammu And Kashmir", "region": "Div Reporting", "division": "Jammu", "state": "Jammu And Kashmir", "district": "Jammu" }, "geometry": { "type": "Polygon", "coordinates": [ [ [ 74.776991000240741, 32.590552999909555 ], [ 74.782574999912043, 32.586871000041739 ], [ 74.789948999686473, 32.593006999934723 ], [ 74.802732000128387, 32.586687999903411 ], [ 74.809320000080348, 32.581173000233491 ], [ 74.805395000092588, 32.580555000195545 ], [ 74.800994999728672, 32.582114999753564 ], [ 74.799567999848719, 32.57991600017084 ], [ 74.799356000136612, 32.57536400036031 ], [ 74.812192000281925, 32.566182999868523 ], [ 74.819627000155734, 32.563778999969564 ], [ 74.825028000427267, 32.554035000074599 ], [ 74.831431000431323, 32.550582000324567 ], [ 74.821690000070333, 32.542243000219145 ], [ 74.817169000230919, 32.544314999836487 ], [ 74.812646999668274, 32.544595999624185 ], [ 74.809170000292511, 32.546306999887697 ], [ 74.806941999623135, 32.549404999933373 ], [ 74.81492300001824, 32.558894000158524 ], [ 74.809915999931988, 32.56060800015625 ], [ 74.804119999650283, 32.565965999660328 ], [ 74.796124000084887, 32.56958299972252 ], [ 74.79831199967299, 32.574103999844588 ], [ 74.793634000373032, 32.578895000281122 ], [ 74.787498000332675, 32.583035999678252 ], [ 74.784879999675994, 32.579600000148375 ], [ 74.782562000391579, 32.579420000145575 ], [ 74.781360999569102, 32.578244000267659 ], [ 74.77911500025472, 32.571886000046966 ], [ 74.778873000405383, 32.563267999650968 ], [ 74.781695000378249, 32.557717999928926 ], [ 74.782635000186517, 32.553907000155604 ], [ 74.78148199994294, 32.549404999933373 ], [ 74.783000000059488, 32.547588999890678 ], [ 74.767198999826149, 32.543701999756529 ], [ 74.76440899964031, 32.544135999796097 ], [ 74.76376500010808, 32.541133000336679 ], [ 74.755224999671256, 32.541531000285616 ], [ 74.752735999784321, 32.535381000106682 ], [ 74.760057999680214, 32.528043999962762 ], [ 74.75587099975165, 32.525791999826978 ], [ 74.750832999703277, 32.526867000282166 ], [ 74.749255000210582, 32.526098999677501 ], [ 74.747799000018304, 32.512794000168974 ], [ 74.750439000416293, 32.511361000235176 ], [ 74.753144000213297, 32.511661999725959 ], [ 74.758916000205588, 32.508675999825577 ], [ 74.759573000156621, 32.504296999986359 ], [ 74.744753999564338, 32.503174999760226 ], [ 74.726738999803644, 32.507163999924828 ], [ 74.725312999748596, 32.509237000321143 ], [ 74.721150000109475, 32.508476999637779 ], [ 74.71927399979262, 32.512231000026716 ], [ 74.711747999682217, 32.515505999904789 ], [ 74.69766700013011, 32.525382999839785 ], [ 74.700762999739382, 32.530705000037166 ], [ 74.69408699992384, 32.533775000048848 ], [ 74.70325099980144, 32.544008000149148 ], [ 74.708835000371039, 32.530090999713458 ], [ 74.720244999563022, 32.538636000235918 ], [ 74.720972999659153, 32.543904999791934 ], [ 74.717331000426952, 32.548203000228028 ], [ 74.72018400036194, 32.555006999678469 ], [ 74.736024000055053, 32.561299000117685 ], [ 74.739119999664283, 32.563242000145117 ], [ 74.74458200003518, 32.564571999852369 ], [ 74.752411000094298, 32.571834999997954 ], [ 74.754413999734439, 32.576183000323738 ], [ 74.768191000411264, 32.574647999744428 ], [ 74.773288999835742, 32.574904000024901 ], [ 74.774623999654196, 32.57776800013152 ], [ 74.768372999986127, 32.58053000033582 ], [ 74.758783999961125, 32.588098000202528 ], [ 74.762970999889703, 32.590296999655997 ], [ 74.76679499959512, 32.595206000033265 ], [ 74.776991000240741, 32.590552999909555 ] ] ] } },
{ "type": "Feature", "properties": { "pincode": "181121", "officename": "Paloura S.O", "officetype": "S.O", "circle": "Jammu And Kashmir", "region": "Div Reporting", "division": "Jammu", "state": "Jammu And Kashmir", "district": "Jammu" }, "geometry": { "type": "Polygon", "coordinates": [ [ [ 74.843741999971769, 32.748560000043007 ], [ 74.83989700034995, 32.745386999879727 ], [ 74.831552999731727, 32.743685999706095 ], [ 74.830316999647465, 32.744137000097041 ], [ 74.833622000392438, 32.745634999892637 ], [ 74.832613999913804, 32.746990000053664 ], [ 74.833788999898687, 32.748638999779075 ], [ 74.831498000378474, 32.751194000022785 ], [ 74.832735000287627, 32.751861000093811 ], [ 74.831752999748275, 32.752729000143987 ], [ 74.830484999876973, 32.752560000273377 ], [ 74.831006000283864, 32.754269000032949 ], [ 74.828736999606633, 32.755245999847872 ], [ 74.827426999902514, 32.754443000208326 ], [ 74.826364999895546, 32.755352000299901 ], [ 74.829945000101802, 32.756777999702805 ], [ 74.827036000090274, 32.759311000004033 ], [ 74.827647000010543, 32.75995199995937 ], [ 74.834146000274089, 32.760572999865261 ], [ 74.828087000226617, 32.761785000362309 ], [ 74.831720000136301, 32.765111000120513 ], [ 74.831147999675792, 32.766179999733261 ], [ 74.832274000155167, 32.766572000029946 ], [ 74.835691000154796, 32.764613999698405 ], [ 74.837058999585224, 32.766811999791251 ], [ 74.839936999634617, 32.765359000357357 ], [ 74.838343000248386, 32.763724999747417 ], [ 74.840210000344427, 32.761995000338423 ], [ 74.838308000088276, 32.760586000033534 ], [ 74.840736999700766, 32.760535000292208 ], [ 74.841170000244134, 32.758448999647165 ], [ 74.839831000227704, 32.756978000145423 ], [ 74.842510000085454, 32.754577999940892 ], [ 74.84440999979347, 32.754036000016832 ], [ 74.84019600010069, 32.751504000311179 ], [ 74.841289000069835, 32.750068000295613 ], [ 74.842997000157183, 32.75046999973852 ], [ 74.843741999971769, 32.748560000043007 ] ] ] } },
{ "type": "Feature", "properties": { "pincode": "181122", "officename": "Bhalwal S.O", "officetype": "S.O", "circle": "Jammu And Kashmir", "region": "Div Reporting", "division": "Jammu", "state": "Jammu And Kashmir", "district": "Jammu" }, "geometry": { "type": "Polygon", "coordinates": [ [ [ 74.882857999954965, 32.911436999723243 ], [ 74.901347000266881, 32.882925000001222 ], [ 74.83526400035754, 32.896739999751254 ], [ 74.828996000072721, 32.865026999708249 ], [ 74.8243610004305, 32.85291600028107 ], [ 74.852008999698796, 32.850609999875758 ], [ 74.844275999899168, 32.834525999708667 ], [ 74.844541000213027, 32.823962000154509 ], [ 74.829206999959922, 32.821604999976529 ], [ 74.816298999844577, 32.809242000158328 ], [ 74.811239999879803, 32.807744999794124 ], [ 74.804759999882876, 32.806388000188804 ], [ 74.79791300036311, 32.806136000090461 ], [ 74.792719999605723, 32.804135000008415 ], [ 74.789228999986264, 32.806150999747814 ], [ 74.787739000357107, 32.805539000197342 ], [ 74.787524000271958, 32.807162999624204 ], [ 74.785678000092332, 32.809779999798785 ], [ 74.769594999826666, 32.806832000097785 ], [ 74.76747800038369, 32.789459000107101 ], [ 74.762621000085332, 32.787007999922977 ], [ 74.758978000129886, 32.801095999864316 ], [ 74.753176999825271, 32.813102999717067 ], [ 74.771148000103338, 32.814328000242469 ], [ 74.711893000345498, 32.845757000043342 ], [ 74.743463000126823, 32.874726999838252 ], [ 74.737634000233101, 32.889005000190842 ], [ 74.757061999630054, 32.900017999866257 ], [ 74.777462000418922, 32.906134999666143 ], [ 74.781395999729213, 32.925665000291758 ], [ 74.7832899995894, 32.942831999843321 ], [ 74.79640399956908, 32.953838000168652 ], [ 74.801746000289342, 32.984401999677878 ], [ 74.820202999915921, 32.988883999662981 ], [ 74.827002999580003, 32.968509999963118 ], [ 74.846430999875238, 32.953838000168652 ], [ 74.882857999954965, 32.911436999723243 ] ] ] } },
{ "type": "Feature", "properties": { "pincode": "181123", "officename": "Bantalab S.O", "officetype": "S.O", "circle": "Jammu And Kashmir", "region": "Div Reporting", "division": "Jammu", "state": "Jammu And Kashmir", "district": "Jammu" }, "geometry": { "type": "Polygon", "coordinates": [ [ [ 74.845568000059913, 32.783087000036808 ], [ 74.846836131085254, 32.781911103431661 ], [ 74.841499000132089, 32.780813000133833 ], [ 74.840133000351514, 32.78277800014353 ], [ 74.838922000381615, 32.782678000261058 ], [ 74.839109999804265, 32.781167000349562 ], [ 74.835804999957617, 32.780508999711891 ], [ 74.835515000427691, 32.779470999983296 ], [ 74.832494000263182, 32.778218999802085 ], [ 74.829252000165752, 32.777415999658636 ], [ 74.828843999736748, 32.778146999803759 ], [ 74.826913000066639, 32.776901999902563 ], [ 74.82872599973598, 32.775240999854283 ], [ 74.824970999627539, 32.77490299989924 ], [ 74.824257999600007, 32.773670999698311 ], [ 74.822018999958303, 32.773411000198521 ], [ 74.821266999572728, 32.774967000051809 ], [ 74.806873999851092, 32.781704999947635 ], [ 74.801593000128477, 32.788708000331617 ], [ 74.804340999583204, 32.79625100017936 ], [ 74.804759999882876, 32.806388000188804 ], [ 74.816298999844577, 32.809242000158328 ], [ 74.829206999959922, 32.821604999976529 ], [ 74.844541000213027, 32.823962000154509 ], [ 74.845568000059913, 32.783087000036808 ] ] ] } },
{ "type": "Feature", "properties": { "pincode": "181124", "officename": "Bsf Camp Paloura S.O", "officetype": "S.O", "circle": "Jammu And Kashmir", "region": "Div Reporting", "division": "Jammu", "state": "Jammu And Kashmir", "district": "Jammu" }, "geometry": { "type": "Polygon", "coordinates": [ [ [ 74.830316999647465, 32.744137000097041 ], [ 74.816918999985688, 32.751265000376598 ], [ 74.818390000246566, 32.755450000177888 ], [ 74.822184999639688, 32.758603000310863 ], [ 74.827426999902514, 32.754443000208326 ], [ 74.828736999606633, 32.755245999847872 ], [ 74.831006000283864, 32.754269000032949 ], [ 74.830484999876973, 32.752560000273377 ], [ 74.831752999748275, 32.752729000143987 ], [ 74.832735000287627, 32.751861000093811 ], [ 74.831498000378474, 32.751194000022785 ], [ 74.833788999898687, 32.748638999779075 ], [ 74.832613999913804, 32.746990000053664 ], [ 74.833622000392438, 32.745634999892637 ], [ 74.830316999647465, 32.744137000097041 ] ] ] } },
{ "type": "Feature", "properties": { "pincode": "181131", "officename": "Arnia S.O", "officetype": "S.O", "circle": "Jammu And Kashmir", "region": "Div Reporting", "division": "Jammu", "state": "Jammu And Kashmir", "district": "Jammu" }, "geometry": { "type": "Polygon", "coordinates": [ [ [ 74.818364000307312, 32.543767000164728 ], [ 74.821690000070333, 32.542243000219145 ], [ 74.825640999997361, 32.545742999655488 ], [ 74.835854000361437, 32.545898999735833 ], [ 74.841171999893959, 32.548228000010965 ], [ 74.84966899977475, 32.550415000115542 ], [ 74.855465000056483, 32.546719000186243 ], [ 74.85817900007433, 32.54341299969029 ], [ 74.852470999656163, 32.536105000182424 ], [ 74.852986000215267, 32.534222999840615 ], [ 74.842342999680881, 32.530026000009599 ], [ 74.840239999583318, 32.527890999965024 ], [ 74.840454999668466, 32.524309000367474 ], [ 74.83663599998593, 32.517542000304225 ], [ 74.834446999674626, 32.517216999856387 ], [ 74.833331000139296, 32.515842000107888 ], [ 74.834942000142263, 32.506967000170384 ], [ 74.824390999669404, 32.505423999915266 ], [ 74.81996100006657, 32.499691000034154 ], [ 74.813771747896183, 32.486779006099582 ], [ 74.812818564412837, 32.47963686437236 ], [ 74.800497411214721, 32.482322227782163 ], [ 74.799536632475636, 32.477812324713042 ], [ 74.797679035944014, 32.476509193700259 ], [ 74.7947731809343, 32.476403218795376 ], [ 74.771128012588278, 32.481276779659915 ], [ 74.765482932867528, 32.480528186236938 ], [ 74.754628072758209, 32.482077284057262 ], [ 74.753052621785983, 32.479003823141845 ], [ 74.7515506610888, 32.47829501349905 ], [ 74.748530101098808, 32.479422304344901 ], [ 74.740501397467199, 32.478625178907002 ], [ 74.738156609522704, 32.47910187210875 ], [ 74.737802981422874, 32.479910370944211 ], [ 74.728345327668833, 32.480768161537753 ], [ 74.727458683296874, 32.475815301344326 ], [ 74.716765339377346, 32.478142002342707 ], [ 74.716274989487943, 32.477115521748104 ], [ 74.714496607296383, 32.476859689046549 ], [ 74.714194772462619, 32.478367139196017 ], [ 74.711179375988834, 32.478177365796306 ], [ 74.713672682399263, 32.488044737558042 ], [ 74.712314728828659, 32.490661300832492 ], [ 74.710183022167882, 32.492617374075934 ], [ 74.703674005688939, 32.491385790749177 ], [ 74.703320022754582, 32.492194191348368 ], [ 74.701097249381888, 32.492926824707112 ], [ 74.700258081870999, 32.489988970795252 ], [ 74.696082327053176, 32.489509796141682 ], [ 74.695946189168481, 32.487674858197529 ], [ 74.69459991818816, 32.487658904838412 ], [ 74.697160999791805, 32.498034999846624 ], [ 74.701796000332351, 32.501979999990162 ], [ 74.705486000143466, 32.507518000067911 ], [ 74.707031000024216, 32.511498999651153 ], [ 74.709606000124893, 32.512512000192672 ], [ 74.716785999730561, 32.513314000003 ], [ 74.71927399979262, 32.512231000026716 ], [ 74.721150000109475, 32.508476999637779 ], [ 74.725312999748596, 32.509237000321143 ], [ 74.726738999803644, 32.507163999924828 ], [ 74.744753999564338, 32.503174999760226 ], [ 74.759573000156621, 32.504296999986359 ], [ 74.758916000205588, 32.508675999825577 ], [ 74.753144000213297, 32.511661999725959 ], [ 74.750439000416293, 32.511361000235176 ], [ 74.747799000018304, 32.512794000168974 ], [ 74.749255000210582, 32.526098999677501 ], [ 74.750832999703277, 32.526867000282166 ], [ 74.75587099975165, 32.525791999826978 ], [ 74.760057999680214, 32.528043999962762 ], [ 74.752735999784321, 32.535381000106682 ], [ 74.755224999671256, 32.541531000285616 ], [ 74.76376500010808, 32.541133000336679 ], [ 74.76440899964031, 32.544135999796097 ], [ 74.767198999826149, 32.543701999756529 ], [ 74.783000000059488, 32.547588999890678 ], [ 74.78148199994294, 32.549404999933373 ], [ 74.782635000186517, 32.553907000155604 ], [ 74.781695000378249, 32.557717999928926 ], [ 74.778873000405383, 32.563267999650968 ], [ 74.77911500025472, 32.571886000046966 ], [ 74.781360999569102, 32.578244000267659 ], [ 74.782562000391579, 32.579420000145575 ], [ 74.784879999675994, 32.579600000148375 ], [ 74.787498000332675, 32.583035999678252 ], [ 74.793634000373032, 32.578895000281122 ], [ 74.79831199967299, 32.574103999844588 ], [ 74.796124000084887, 32.56958299972252 ], [ 74.804119999650283, 32.565965999660328 ], [ 74.809915999931988, 32.56060800015625 ], [ 74.81492300001824, 32.558894000158524 ], [ 74.806941999623135, 32.549404999933373 ], [ 74.809170000292511, 32.546306999887697 ], [ 74.812646999668274, 32.544595999624185 ], [ 74.818364000307312, 32.543767000164728 ] ] ] } },
{ "type": "Feature", "properties": { "pincode": "181132", "officename": "Bishnah Adda S.O", "officetype": "S.O", "circle": "Jammu And Kashmir", "region": "Div Reporting", "division": "Jammu", "state": "Jammu And Kashmir", "district": "Jammu" }, "geometry": { "type": "Polygon", "coordinates": [ [ [ 74.870448999606907, 32.637744000117493 ], [ 74.885838999936524, 32.632600000082128 ], [ 74.895708000344001, 32.633123999863344 ], [ 74.890326000339044, 32.621796999822891 ], [ 74.906983999641639, 32.615277000236333 ], [ 74.921923999709463, 32.61382999967315 ], [ 74.930909000385185, 32.61087899990801 ], [ 74.934654000447878, 32.607134000035572 ], [ 74.934654000447878, 32.603554999742812 ], [ 74.935963000327064, 32.599904000150822 ], [ 74.931086999762115, 32.598944999976815 ], [ 74.928477000399653, 32.599710999911039 ], [ 74.921680000210316, 32.595060000155961 ], [ 74.918160000278519, 32.594395000286795 ], [ 74.908085000006693, 32.585040000128778 ], [ 74.911118999691695, 32.583863999788363 ], [ 74.909722999773848, 32.581973000173384 ], [ 74.90589999989335, 32.580182999867965 ], [ 74.902015999913488, 32.576450999761512 ], [ 74.90055899989629, 32.576195000112342 ], [ 74.898916000106254, 32.571090000355071 ], [ 74.883118000245986, 32.558208000004697 ], [ 74.851519999977228, 32.549379000196978 ], [ 74.84966899977475, 32.550415000115542 ], [ 74.841171999893959, 32.548228000010965 ], [ 74.835854000361437, 32.545898999735833 ], [ 74.825640999997361, 32.545742999655488 ], [ 74.831431000431323, 32.550582000324567 ], [ 74.825028000427267, 32.554035000074599 ], [ 74.819627000155734, 32.563778999969564 ], [ 74.812192000281925, 32.566182999868523 ], [ 74.799356000136612, 32.57536400036031 ], [ 74.799567999848719, 32.57991600017084 ], [ 74.800994999728672, 32.582114999753564 ], [ 74.805395000092588, 32.580555000195545 ], [ 74.816234000445547, 32.583389999772628 ], [ 74.823188999920319, 32.590190999975533 ], [ 74.823561000364307, 32.612685000037906 ], [ 74.831264000026721, 32.623729999987276 ], [ 74.826740999639185, 32.627232999710806 ], [ 74.825374999858568, 32.63168200014843 ], [ 74.827281000312652, 32.632282000301004 ], [ 74.827175000007458, 32.634494000279574 ], [ 74.843622000321176, 32.644572999706341 ], [ 74.845080999988198, 32.647536999758245 ], [ 74.844101999821874, 32.653779999856518 ], [ 74.860278999798851, 32.657157000311223 ], [ 74.86998199962666, 32.649065999911642 ], [ 74.870448999606907, 32.637744000117493 ] ] ] } },
{ "type": "Feature", "properties": { "pincode": "181133", "officename": "Bari Brahmna Icomplex S.O", "officetype": "S.O", "circle": "Jammu And Kashmir", "region": "Div Reporting", "division": "Jammu", "state": "Jammu And Kashmir", "district": "Jammu" }, "geometry": { "type": "Polygon", "coordinates": [ [ [ 74.898995999573899, 32.654129000074533 ], [ 74.899178000047073, 32.6511649999334 ], [ 74.903457000037164, 32.651434000339457 ], [ 74.906092000412301, 32.652966000061213 ], [ 74.910736000275335, 32.648067000163358 ], [ 74.929968999678621, 32.64561000005866 ], [ 74.945767000437243, 32.652546000375558 ], [ 74.964633000317704, 32.636518000016494 ], [ 74.978985999856391, 32.621645999758094 ], [ 74.970059999630195, 32.617363000232345 ], [ 74.966584999904242, 32.617177999763832 ], [ 74.955666000083625, 32.612282000073762 ], [ 74.957614000370512, 32.605110000241716 ], [ 74.955876000145921, 32.598188000208509 ], [ 74.948666000403023, 32.597861999838599 ], [ 74.935963000327064, 32.599904000150822 ], [ 74.934654000447878, 32.603554999742812 ], [ 74.934654000447878, 32.607134000035572 ], [ 74.930909000385185, 32.61087899990801 ], [ 74.921923999709463, 32.61382999967315 ], [ 74.906983999641639, 32.615277000236333 ], [ 74.890326000339044, 32.621796999822891 ], [ 74.895708000344001, 32.633123999863344 ], [ 74.885838999936524, 32.632600000082128 ], [ 74.870448999606907, 32.637744000117493 ], [ 74.86998199962666, 32.649065999911642 ], [ 74.886466999575234, 32.654412000269566 ], [ 74.887418999977356, 32.660224999673744 ], [ 74.898995999573899, 32.654129000074533 ] ] ] } },
{ "type": "Feature", "properties": { "pincode": "181141", "officename": "Ramgarh S.O Jammu", "officetype": "S.O", "circle": "Jammu And Kashmir", "region": "Div Reporting", "division": "Jammu", "state": "Jammu And Kashmir", "district": "Jammu" }, "geometry": { "type": "Polygon", "coordinates": [ [ [ 74.880237999648458, 32.523378000122555 ], [ 74.899548999767845, 32.518964000168722 ], [ 74.913025000145751, 32.519541000058517 ], [ 74.926758000441652, 32.518454999758355 ], [ 74.941691999763364, 32.512011999822079 ], [ 74.951562999820652, 32.512302000103041 ], [ 74.96246300027299, 32.508249000301163 ], [ 74.975510000305505, 32.508610999782221 ], [ 74.989157000387664, 32.513242000042261 ], [ 74.985500000188509, 32.492471999831295 ], [ 75.000920999581936, 32.488846000095791 ], [ 74.980247000055002, 32.467084999747208 ], [ 74.971458999921055, 32.459644999668036 ], [ 74.968578896915588, 32.459335479326 ], [ 74.960712984183147, 32.455297062832791 ], [ 74.952661501970894, 32.44749575174216 ], [ 74.951212313703408, 32.447488244540885 ], [ 74.94704172869001, 32.448420943748644 ], [ 74.941632023743409, 32.462845746752677 ], [ 74.936196796761251, 32.467532861971556 ], [ 74.935912118851064, 32.469215574551747 ], [ 74.937935054802324, 32.471297262371344 ], [ 74.930996397479205, 32.471241652655713 ], [ 74.919283022842748, 32.464254463059568 ], [ 74.917421350654664, 32.464269275331304 ], [ 74.913948277814981, 32.466215218144541 ], [ 74.908309213213414, 32.472316013914835 ], [ 74.906597234487649, 32.472936567942831 ], [ 74.900790312488695, 32.467377513330618 ], [ 74.879251601855785, 32.476718233078159 ], [ 74.878347400809901, 32.478434679308613 ], [ 74.879135784761161, 32.481988570431277 ], [ 74.883895039373456, 32.488746535704138 ], [ 74.883539557150925, 32.490871613629068 ], [ 74.877281320654916, 32.492969003840109 ], [ 74.872858296470298, 32.489263061783269 ], [ 74.870743335304709, 32.485957169681285 ], [ 74.865286622417571, 32.486343214289363 ], [ 74.863015379545374, 32.487783293833211 ], [ 74.858638677886674, 32.492847567162251 ], [ 74.854977408893305, 32.492345526835742 ], [ 74.853600980570576, 32.490578252737862 ], [ 74.84707690563252, 32.48917935014849 ], [ 74.844000467736905, 32.490926138302846 ], [ 74.841423232627776, 32.491066505089051 ], [ 74.837744141059162, 32.494425102247398 ], [ 74.835522404342285, 32.495160109408673 ], [ 74.828233031257511, 32.494591432956661 ], [ 74.8242321613575, 32.495071991331571 ], [ 74.822100185202117, 32.495626419067882 ], [ 74.819108853696491, 32.497921657152851 ], [ 74.824390999669404, 32.505423999915266 ], [ 74.834942000142263, 32.506967000170384 ], [ 74.833331000139296, 32.515842000107888 ], [ 74.834446999674626, 32.517216999856387 ], [ 74.83663599998593, 32.517542000304225 ], [ 74.840454999668466, 32.524309000367474 ], [ 74.840239999583318, 32.527890999965024 ], [ 74.842342999680881, 32.530026000009599 ], [ 74.852986000215267, 32.534222999840615 ], [ 74.852470999656163, 32.536105000182424 ], [ 74.85817900007433, 32.54341299969029 ], [ 74.855465000056483, 32.546719000186243 ], [ 74.851519999977228, 32.549379000196978 ], [ 74.883118000245986, 32.558208000004697 ], [ 74.886925000232949, 32.549995999715222 ], [ 74.885896999662819, 32.5453710003504 ], [ 74.880749000009629, 32.536686999647721 ], [ 74.880237999648458, 32.523378000122555 ] ] ] } },
{ "type": "Feature", "properties": { "pincode": "181143", "officename": "Gurah Salathia S.O", "officetype": "S.O", "circle": "Jammu And Kashmir", "region": "Div Reporting", "division": "Jammu", "state": "Jammu And Kashmir", "district": "Jammu" }, "geometry": { "type": "Polygon", "coordinates": [ [ [ 75.069848000103789, 32.629375000111807 ], [ 75.051821999574145, 32.595781000046593 ], [ 75.074660000196332, 32.585217999681788 ], [ 75.069165000213502, 32.559746000014457 ], [ 75.043123000026981, 32.566444999873937 ], [ 75.028810999597894, 32.572405999945161 ], [ 75.022030000200388, 32.572188999651054 ], [ 75.022801999779148, 32.576165999863534 ], [ 75.028038000194215, 32.581082999963797 ], [ 75.032501000307292, 32.587518000053961 ], [ 75.018081999748077, 32.58990300036784 ], [ 75.010098999703189, 32.584770000098146 ], [ 75.001246000170255, 32.58416200032606 ], [ 74.994023999833459, 32.579407000085126 ], [ 74.987096999947809, 32.569598999860709 ], [ 74.9812620002063, 32.566487999992411 ], [ 74.976968999972527, 32.565331999917554 ], [ 74.972161999902852, 32.566779000129408 ], [ 74.965723999738714, 32.57162500006956 ], [ 74.960520000008998, 32.57929899974291 ], [ 74.955876000145921, 32.598188000208509 ], [ 74.957614000370512, 32.605110000241716 ], [ 74.955666000083625, 32.612282000073762 ], [ 74.966584999904242, 32.617177999763832 ], [ 74.970059999630195, 32.617363000232345 ], [ 74.978985999856391, 32.621645999758094 ], [ 74.993653999937607, 32.606446999982197 ], [ 74.995526000056529, 32.616896000089319 ], [ 74.997886999896963, 32.618775999805443 ], [ 74.992863999917205, 32.619969999663425 ], [ 75.001486000369781, 32.637271000063144 ], [ 75.031364999782156, 32.64826099972322 ], [ 75.069848000103789, 32.629375000111807 ] ] ] } },
{ "type": "Feature", "properties": { "pincode": "181145", "officename": "Purmandal S.O", "officetype": "S.O", "circle": "Jammu And Kashmir", "region": "Div Reporting", "division": "Jammu", "state": "Jammu And Kashmir", "district": "Jammu" }, "geometry": { "type": "Polygon", "coordinates": [ [ [ 74.947428999595544, 32.695981999921884 ], [ 74.954296999930008, 32.694465000174006 ], [ 74.989328000091874, 32.705086999882504 ], [ 75.071013000042925, 32.705020000001873 ], [ 75.047141999726065, 32.672861000337299 ], [ 75.071382000113871, 32.644598999822037 ], [ 75.031364999782156, 32.64826099972322 ], [ 75.001486000369781, 32.637271000063144 ], [ 74.992863999917205, 32.619969999663425 ], [ 74.997886999896963, 32.618775999805443 ], [ 74.995526000056529, 32.616896000089319 ], [ 74.993653999937607, 32.606446999982197 ], [ 74.964633000317704, 32.636518000016494 ], [ 74.945767000437243, 32.652546000375558 ], [ 74.93185800041428, 32.667860999661087 ], [ 74.933917999955838, 32.671472000273539 ], [ 74.940614999687753, 32.67522799990725 ], [ 74.940100000026945, 32.677683999959484 ], [ 74.94336300004079, 32.681149999983589 ], [ 74.936493999881421, 32.683749999775685 ], [ 74.93185800041428, 32.681583999746366 ], [ 74.929281999590387, 32.682160999663452 ], [ 74.928252000268742, 32.684328000350845 ], [ 74.934090000383279, 32.691694000144103 ], [ 74.928937999633789, 32.697471000222727 ], [ 74.929281999590387, 32.711477999795221 ], [ 74.924127000264477, 32.714069000275309 ], [ 74.924083999708444, 32.717212000031488 ], [ 74.93743500041289, 32.719126000049457 ], [ 74.947094999684694, 32.72320800037113 ], [ 74.959615000360841, 32.714203999952218 ], [ 74.953095000180909, 32.712457000082559 ], [ 74.947428999595544, 32.695981999921884 ] ] ] } },
{ "type": "Feature", "properties": { "pincode": "181152", "officename": "Bathindi S.O", "officetype": "S.O", "circle": "Jammu And Kashmir", "region": "Div Reporting", "division": "Jammu", "state": "Jammu And Kashmir", "district": "Jammu" }, "geometry": { "type": "Polygon", "coordinates": [ [ [ 74.96705000023465, 32.74327999985762 ], [ 74.976019999943432, 32.71859800002953 ], [ 74.959615000360841, 32.714203999952218 ], [ 74.947094999684694, 32.72320800037113 ], [ 74.93743500041289, 32.719126000049457 ], [ 74.924083999708444, 32.717212000031488 ], [ 74.923183000258277, 32.711034000360712 ], [ 74.917730999933099, 32.709373000210022 ], [ 74.916529000184056, 32.710275999740013 ], [ 74.914989000326173, 32.710100000254094 ], [ 74.914344999895604, 32.711220000127184 ], [ 74.911296999966936, 32.711291999810804 ], [ 74.910738999750095, 32.71197800028532 ], [ 74.899748999784379, 32.712303999754688 ], [ 74.898890000167, 32.710028000364311 ], [ 74.893276001256766, 32.710773999427595 ], [ 74.892604000338793, 32.711945001793588 ], [ 74.888840999834471, 32.72418900006263 ], [ 74.89326200011476, 32.726132999811902 ], [ 74.895144000279402, 32.725825999894475 ], [ 74.896448999960612, 32.726899000178115 ], [ 74.903217999662573, 32.728764999666424 ], [ 74.90342799972484, 32.733710999739202 ], [ 74.937471000397892, 32.735190000349597 ], [ 74.961898000383471, 32.743605000111124 ], [ 74.96705000023465, 32.74327999985762 ] ] ] } },
{ "type": "Feature", "properties": { "pincode": "181201", "officename": "Akhnoor S.O", "officetype": "S.O", "circle": "Jammu And Kashmir", "region": "Div Reporting", "division": "Jammu", "state": "Jammu And Kashmir", "district": "Jammu" }, "geometry": { "type": "Polygon", "coordinates": [ [ [ 74.702984999662647, 33.044344000274783 ], [ 74.72047300006696, 33.042716000281779 ], [ 74.757391000416348, 33.042716000281779 ], [ 74.776190000349644, 33.033190000307698 ], [ 74.76697700006828, 33.020735000279679 ], [ 74.753868000111481, 33.015441999723116 ], [ 74.767463000315104, 33.007502999964892 ], [ 74.776211000266073, 32.989515999937282 ], [ 74.784107000272328, 32.981019999721845 ], [ 74.784107000272328, 32.976556000151767 ], [ 74.774666000385309, 32.968635000311082 ], [ 74.769343999756501, 32.966619000120161 ], [ 74.770717999933041, 32.962442000061152 ], [ 74.758530000416229, 32.964890999730478 ], [ 74.754238000007348, 32.962730000155972 ], [ 74.756994999682902, 32.95840999965975 ], [ 74.763866000390408, 32.95322399983236 ], [ 74.775703000277929, 32.946742000105708 ], [ 74.78084599990828, 32.947893999747542 ], [ 74.7832899995894, 32.942831999843321 ], [ 74.781395999729213, 32.925665000291758 ], [ 74.777462000418922, 32.906134999666143 ], [ 74.757061999630054, 32.900017999866257 ], [ 74.737634000233101, 32.889005000190842 ], [ 74.7348110004353, 32.889650999955073 ], [ 74.715995999710159, 32.881803000336497 ], [ 74.701793999784229, 32.880273999855291 ], [ 74.674362000426015, 32.867529999648802 ], [ 74.660045999798953, 32.857067000269922 ], [ 74.655709999907472, 32.86052900003012 ], [ 74.649578999889982, 32.861349999659815 ], [ 74.640229000239572, 32.85961599962797 ], [ 74.638408000174294, 32.85732099970943 ], [ 74.633550999875894, 32.854617000026224 ], [ 74.627357999934134, 32.854005000092705 ], [ 74.622561999735126, 32.856147999745609 ], [ 74.60422700030729, 32.859004000223472 ], [ 74.591495999743969, 32.859877000353421 ], [ 74.588096000361077, 32.86181499987034 ], [ 74.581481999571508, 32.873640999950531 ], [ 74.580874000024281, 32.87624199994454 ], [ 74.56884399979289, 32.890470999737978 ], [ 74.557415000334373, 32.924033999643328 ], [ 74.59622400017092, 32.930088000209132 ], [ 74.60463800021104, 32.939025000183833 ], [ 74.620950999732131, 32.944502000339554 ], [ 74.619231999774129, 32.949113000183807 ], [ 74.641898999793767, 32.969575000155146 ], [ 74.648404999729991, 32.983578000274875 ], [ 74.651514999582957, 32.988296000227471 ], [ 74.652201999671234, 33.003707999855308 ], [ 74.661645999931281, 33.018542000240302 ], [ 74.660788000138766, 33.026462000235007 ], [ 74.647049999820027, 33.03293500015139 ], [ 74.670070000017134, 33.034574999977735 ], [ 74.681243000280929, 33.036610000146567 ], [ 74.686586999752734, 33.040681000335489 ], [ 74.689987000033923, 33.04678599994191 ], [ 74.699099000032973, 33.052889999630189 ], [ 74.702984999662647, 33.044344000274783 ] ] ] } },
{ "type": "Feature", "properties": { "pincode": "181202", "officename": "Jourian S.O", "officetype": "S.O", "circle": "Jammu And Kashmir", "region": "Div Reporting", "division": "Jammu", "state": "Jammu And Kashmir", "district": "Jammu" }, "geometry": { "type": "Polygon", "coordinates": [ [ [ 74.580874000024281, 32.87624199994454 ], [ 74.581481999571508, 32.873640999950531 ], [ 74.588096000361077, 32.86181499987034 ], [ 74.591495999743969, 32.859877000353421 ], [ 74.60422700030729, 32.859004000223472 ], [ 74.622561999735126, 32.856147999745609 ], [ 74.627357999934134, 32.854005000092705 ], [ 74.633550999875894, 32.854617000026224 ], [ 74.638408000174294, 32.85732099970943 ], [ 74.640229000239572, 32.85961599962797 ], [ 74.649578999889982, 32.861349999659815 ], [ 74.655709999907472, 32.86052900003012 ], [ 74.664252999819013, 32.854361999749422 ], [ 74.6557960001212, 32.84877099973329 ], [ 74.642744999890695, 32.846137999950798 ], [ 74.635059999771627, 32.840691000288871 ], [ 74.631841000138721, 32.836541999770532 ], [ 74.623039999585998, 32.832934999697486 ], [ 74.614281999589295, 32.831564000103704 ], [ 74.611277000216631, 32.827343000143173 ], [ 74.607886000156256, 32.824384000162624 ], [ 74.608015000027692, 32.822687999737944 ], [ 74.602841000435191, 32.821018000187621 ], [ 74.597475000323783, 32.816472000049977 ], [ 74.592752999744619, 32.814487000247055 ], [ 74.604921000068245, 32.813786999923842 ], [ 74.610267000088186, 32.811643000259217 ], [ 74.610026999888674, 32.806236999697362 ], [ 74.607088999564837, 32.802070999667563 ], [ 74.585874000437812, 32.798276999649453 ], [ 74.585752000239083, 32.795317999767136 ], [ 74.581382999837317, 32.793380000028158 ], [ 74.577740999706791, 32.794196000098083 ], [ 74.571792999987409, 32.792052999686447 ], [ 74.568273000055584, 32.78990999974134 ], [ 74.562690000209187, 32.78429799992454 ], [ 74.55698500016409, 32.781032000151832 ], [ 74.549943999577224, 32.781236000304403 ], [ 74.548366000084542, 32.778481000332341 ], [ 74.542539999665564, 32.773480000125254 ], [ 74.533678999736708, 32.770724000143609 ], [ 74.525545999903983, 32.770417999846416 ], [ 74.522512000219024, 32.767457999924922 ], [ 74.524211000085543, 32.761741999680197 ], [ 74.5220259999722, 32.75878199985484 ], [ 74.516079000077724, 32.756843000273626 ], [ 74.51524234066315, 32.75584240807563 ], [ 74.514084500296818, 32.758440993424493 ], [ 74.512486771105515, 32.759312949792658 ], [ 74.510432887294414, 32.762488888729706 ], [ 74.510198493480587, 32.763553507517791 ], [ 74.511618856607257, 32.764532646724945 ], [ 74.507804856947573, 32.764905047329343 ], [ 74.505314039768791, 32.766349263066317 ], [ 74.504632668524096, 32.764103994582825 ], [ 74.502551587319488, 32.764035958075517 ], [ 74.502116564668412, 32.765198615498115 ], [ 74.497907731186856, 32.765854207116362 ], [ 74.496681724860139, 32.764689484700426 ], [ 74.486075766356493, 32.764446332238599 ], [ 74.484278070386324, 32.768310267833044 ], [ 74.474761099975751, 32.775991485666438 ], [ 74.475316000106545, 32.776485000327405 ], [ 74.472888000318946, 32.777352999755657 ], [ 74.47531199990857, 32.780797999978347 ], [ 74.475054000165727, 32.782530000107869 ], [ 74.472135000108452, 32.787583999816405 ], [ 74.474711000034034, 32.793503000293065 ], [ 74.485100000125229, 32.796462999947281 ], [ 74.490595000108058, 32.798917000093368 ], [ 74.5039030002565, 32.798339999836202 ], [ 74.507767000144867, 32.806063000363004 ], [ 74.513690999574791, 32.814074000081618 ], [ 74.521332000211245, 32.818619999862342 ], [ 74.526227000144473, 32.82497000013668 ], [ 74.537217000110189, 32.833556999713736 ], [ 74.54193299994327, 32.832809000020227 ], [ 74.543754000008533, 32.835459999973537 ], [ 74.541326000220948, 32.837500000305255 ], [ 74.538231000436568, 32.844485999861448 ], [ 74.532101000244026, 32.847571000164265 ], [ 74.528095000065406, 32.84739199970069 ], [ 74.525121999581486, 32.849865000298578 ], [ 74.514598999596018, 32.849162999688673 ], [ 74.523524999822186, 32.854499000024767 ], [ 74.543829000351607, 32.86330200022104 ], [ 74.549086999609685, 32.861675000160773 ], [ 74.551942000092822, 32.862128000318783 ], [ 74.557169000287104, 32.866612999884332 ], [ 74.554861000150112, 32.874514999760279 ], [ 74.553221999659712, 32.875889999816081 ], [ 74.549735000238201, 32.875729999981473 ], [ 74.547914000172938, 32.88052400009235 ], [ 74.549249999816283, 32.889548999948126 ], [ 74.569770000255772, 32.889752999844603 ], [ 74.580874000024281, 32.87624199994454 ] ] ] } },
{ "type": "Feature", "properties": { "pincode": "181203", "officename": "Khour S.O", "officetype": "S.O", "circle": "Jammu And Kashmir", "region": "Div Reporting", "division": "Jammu", "state": "Jammu And Kashmir", "district": "Jammu" }, "geometry": { "type": "Polygon", "coordinates": [ [ [ 74.457263999637618, 32.951062999868945 ], [ 74.506218999891075, 32.916451999824268 ], [ 74.557415000334373, 32.924033999643328 ], [ 74.56884399979289, 32.890470999737978 ], [ 74.569770000255772, 32.889752999844603 ], [ 74.549249999816283, 32.889548999948126 ], [ 74.547914000172938, 32.88052400009235 ], [ 74.549735000238201, 32.875729999981473 ], [ 74.553221999659712, 32.875889999816081 ], [ 74.554861000150112, 32.874514999760279 ], [ 74.557169000287104, 32.866612999884332 ], [ 74.551942000092822, 32.862128000318783 ], [ 74.549086999609685, 32.861675000160773 ], [ 74.543829000351607, 32.86330200022104 ], [ 74.523524999822186, 32.854499000024767 ], [ 74.514598999596018, 32.849162999688673 ], [ 74.525121999581486, 32.849865000298578 ], [ 74.528095000065406, 32.84739199970069 ], [ 74.532101000244026, 32.847571000164265 ], [ 74.538231000436568, 32.844485999861448 ], [ 74.541326000220948, 32.837500000305255 ], [ 74.543754000008533, 32.835459999973537 ], [ 74.54193299994327, 32.832809000020227 ], [ 74.537217000110189, 32.833556999713736 ], [ 74.526227000144473, 32.82497000013668 ], [ 74.521332000211245, 32.818619999862342 ], [ 74.513690999574791, 32.814074000081618 ], [ 74.507767000144867, 32.806063000363004 ], [ 74.5039030002565, 32.798339999836202 ], [ 74.490595000108058, 32.798917000093368 ], [ 74.485100000125229, 32.796462999947281 ], [ 74.474711000034034, 32.793503000293065 ], [ 74.472135000108452, 32.787583999816405 ], [ 74.475054000165727, 32.782530000107869 ], [ 74.47531199990857, 32.780797999978347 ], [ 74.472888000318946, 32.777352999755657 ], [ 74.475316000106545, 32.776485000327405 ], [ 74.474761099975751, 32.775991485666438 ], [ 74.464580180247083, 32.775900043996394 ], [ 74.459408905244871, 32.787742365715687 ], [ 74.453750378642638, 32.785576377345365 ], [ 74.44446517896526, 32.783507883803601 ], [ 74.426107381193845, 32.785234282581321 ], [ 74.426104713197475, 32.783743440179613 ], [ 74.424631453673626, 32.783467708373799 ], [ 74.415261134131498, 32.784558794584854 ], [ 74.410019088952879, 32.779475487031164 ], [ 74.407596267054586, 32.778984728328524 ], [ 74.407053313618761, 32.774276315018632 ], [ 74.402929165217373, 32.767381853299604 ], [ 74.401170816354963, 32.767471159226318 ], [ 74.394234821638335, 32.772120658026481 ], [ 74.392033473085149, 32.764514413000633 ], [ 74.39100329859204, 32.763163396043382 ], [ 74.386197989151711, 32.764196281575991 ], [ 74.384992052086744, 32.763292641474727 ], [ 74.382189021837718, 32.764750143539857 ], [ 74.379973609260446, 32.764248378323231 ], [ 74.376227196147823, 32.765578082974926 ], [ 74.374504189703629, 32.764700502870546 ], [ 74.370556999531729, 32.766127889008786 ], [ 74.364897442561855, 32.765361370009217 ], [ 74.361448705981573, 32.766500187762368 ], [ 74.355048147598453, 32.766998444416458 ], [ 74.353135171726208, 32.770778331148726 ], [ 74.352711982582377, 32.773606099785376 ], [ 74.351331648384772, 32.774640364193381 ], [ 74.347400787788104, 32.774838348625579 ], [ 74.344377574174757, 32.776130643110967 ], [ 74.34223113514328, 32.778080359969024 ], [ 74.333670660304534, 32.780352428274099 ], [ 74.327803721861429, 32.788452317646893 ], [ 74.327227016025432, 32.790586050484997 ], [ 74.318337043632027, 32.794101316427806 ], [ 74.314479697564977, 32.796837810929304 ], [ 74.315141495417933, 32.804785260983003 ], [ 74.309949823268852, 32.806272916228316 ], [ 74.308276436167731, 32.807584408959961 ], [ 74.309143286162382, 32.812539850430312 ], [ 74.312831514495741, 32.822177503968575 ], [ 74.327144000015096, 32.827309999856361 ], [ 74.355897999671299, 32.831855000004943 ], [ 74.419578999732337, 32.838368999651522 ], [ 74.426498000120418, 32.834083000178765 ], [ 74.43709399990081, 32.824716000205235 ], [ 74.438757999607262, 32.820824000340821 ], [ 74.437995000249316, 32.812706000331332 ], [ 74.439243000029137, 32.811337000289164 ], [ 74.441913500027695, 32.811438999641226 ], [ 74.46671154734473, 32.83381959726912 ], [ 74.478236999813632, 32.831890999778643 ], [ 74.485398999875954, 32.831864999901597 ], [ 74.489738000140477, 32.834236999730933 ], [ 74.496475000055383, 32.840661999845459 ], [ 74.499813000412303, 32.849176999681994 ], [ 74.499749999764802, 32.85017300022372 ], [ 74.492582999679598, 32.853831999892336 ], [ 74.494654999815026, 32.85970500011198 ], [ 74.495535000247116, 32.870996999950421 ], [ 74.496049999907939, 32.872499999704374 ], [ 74.500571999572273, 32.872601999717695 ], [ 74.503000000258155, 32.87502400023363 ], [ 74.496917999746174, 32.877424999750751 ], [ 74.485244999890185, 32.878649999977625 ], [ 74.475203000128616, 32.872667000116174 ], [ 74.446525999567001, 32.876706000138761 ], [ 74.44179200019056, 32.897498999915037 ], [ 74.419458000256839, 32.917575000195271 ], [ 74.412174999820678, 32.930310999882472 ], [ 74.417847000253829, 32.939276999799702 ], [ 74.432716000176541, 32.939178999908741 ], [ 74.449883000190496, 32.936874000060648 ], [ 74.444213000305439, 32.948979000181467 ], [ 74.45194199990712, 32.945300999994572 ], [ 74.457263999637618, 32.951062999868945 ] ] ] } },
{ "type": "Feature", "properties": { "pincode": "181204", "officename": "Pallanwala S.O", "officetype": "S.O", "circle": "Jammu And Kashmir", "region": "Div Reporting", "division": "Jammu", "state": "Jammu And Kashmir", "district": "Jammu" }, "geometry": { "type": "Polygon", "coordinates": [ [ [ 74.339344999950697, 32.951601999729931 ], [ 74.367742999954771, 32.936801999795101 ], [ 74.389973000131448, 32.938458000118928 ], [ 74.417847000253829, 32.939276999799702 ], [ 74.412174999820678, 32.930310999882472 ], [ 74.419458000256839, 32.917575000195271 ], [ 74.44179200019056, 32.897498999915037 ], [ 74.446525999567001, 32.876706000138761 ], [ 74.475203000128616, 32.872667000116174 ], [ 74.485244999890185, 32.878649999977625 ], [ 74.496917999746174, 32.877424999750751 ], [ 74.503000000258155, 32.87502400023363 ], [ 74.500571999572273, 32.872601999717695 ], [ 74.496049999907939, 32.872499999704374 ], [ 74.495535000247116, 32.870996999950421 ], [ 74.494654999815026, 32.85970500011198 ], [ 74.492582999679598, 32.853831999892336 ], [ 74.499749999764802, 32.85017300022372 ], [ 74.499813000412303, 32.849176999681994 ], [ 74.496475000055383, 32.840661999845459 ], [ 74.489738000140477, 32.834236999730933 ], [ 74.485398999875954, 32.831864999901597 ], [ 74.478236999813632, 32.831890999778643 ], [ 74.46671154734473, 32.83381959726912 ], [ 74.441913500027695, 32.811438999641226 ], [ 74.439243000029137, 32.811337000289164 ], [ 74.437995000249316, 32.812706000331332 ], [ 74.438757999607262, 32.820824000340821 ], [ 74.43709399990081, 32.824716000205235 ], [ 74.426498000120418, 32.834083000178765 ], [ 74.419578999732337, 32.838368999651522 ], [ 74.355897999671299, 32.831855000004943 ], [ 74.327144000015096, 32.827309999856361 ], [ 74.312831514495741, 32.822177503968575 ], [ 74.308924477220415, 32.825705510017357 ], [ 74.304419932720378, 32.828123170244247 ], [ 74.303397745148473, 32.829840508880913 ], [ 74.294301083882942, 32.830470129496931 ], [ 74.293997150584644, 32.832063842721503 ], [ 74.284784466510246, 32.832523158648875 ], [ 74.278238883209355, 32.833989141734044 ], [ 74.276655641148665, 32.833629443957946 ], [ 74.276722357228167, 32.831609111491353 ], [ 74.271516202440111, 32.831429564046978 ], [ 74.27023147054831, 32.832370388743293 ], [ 74.267728843218492, 32.832231668794677 ], [ 74.266298004837338, 32.838529143115998 ], [ 74.263429782051489, 32.842091695934755 ], [ 74.244106276485013, 32.845066496654894 ], [ 74.244087723579469, 32.846295135502743 ], [ 74.24095142464823, 32.846011837883523 ], [ 74.234446571860659, 32.848087305169877 ], [ 74.219641003776772, 32.848817997376216 ], [ 74.218196765226523, 32.850467655096104 ], [ 74.218007047326708, 32.852230864577656 ], [ 74.219710566617451, 32.855830010536948 ], [ 74.219847406984655, 32.862312537473287 ], [ 74.214158083439585, 32.862680514253299 ], [ 74.212938754290349, 32.864582092514603 ], [ 74.212599597151467, 32.871701865334664 ], [ 74.211264467077285, 32.873433730817474 ], [ 74.19996267085962, 32.875304791708857 ], [ 74.197574580525171, 32.875334387409566 ], [ 74.195480268034714, 32.873595690377918 ], [ 74.194255543603887, 32.873918877534138 ], [ 74.192457580834073, 32.874971708119332 ], [ 74.191831330215223, 32.880965424170412 ], [ 74.190720880471702, 32.882949092156665 ], [ 74.178803719419776, 32.889495938686281 ], [ 74.174405080901863, 32.889009639363103 ], [ 74.172768782543841, 32.886371274955678 ], [ 74.171197044308684, 32.886185054352694 ], [ 74.168709479031236, 32.88779736785709 ], [ 74.165633578328141, 32.886895366108128 ], [ 74.156311639352268, 32.891910169038063 ], [ 74.144255331059469, 32.894952811733248 ], [ 74.137063441352694, 32.896179509669402 ], [ 74.116788260574253, 32.897601914741905 ], [ 74.106133447193855, 32.902940440416749 ], [ 74.09932815375781, 32.905286185938166 ], [ 74.111021999918279, 32.919369000214765 ], [ 74.133997999734433, 32.928872000042688 ], [ 74.17039499967693, 32.937521000109754 ], [ 74.28508100038556, 32.953085000136433 ], [ 74.304995999854228, 32.953659000282762 ], [ 74.328000999982677, 32.95596300024809 ], [ 74.339344999950697, 32.951601999729931 ] ] ] } },
{ "type": "Feature", "properties": { "pincode": "181205", "officename": "Muthi S.O", "officetype": "S.O", "circle": "Jammu And Kashmir", "region": "Div Reporting", "division": "Jammu", "state": "Jammu And Kashmir", "district": "Jammu" }, "geometry": { "type": "Polygon", "coordinates": [ [ [ 74.821725000230458, 32.771401999675753 ], [ 74.822459999999296, 32.769901000212371 ], [ 74.827460000412813, 32.770227000090308 ], [ 74.828006999860676, 32.769432000293087 ], [ 74.824153999842935, 32.767328999993396 ], [ 74.82428199988945, 32.766201000076194 ], [ 74.825580999722888, 32.766418000308072 ], [ 74.826975999815815, 32.763959999639155 ], [ 74.823419999899002, 32.761423000190319 ], [ 74.820606000322059, 32.757996999732292 ], [ 74.821026000446622, 32.757640000370721 ], [ 74.818390000246566, 32.755450000177888 ], [ 74.816918999985688, 32.751265000376598 ], [ 74.820146000014518, 32.749364000148255 ], [ 74.817282000208834, 32.748481000236929 ], [ 74.819530000071353, 32.74188000020883 ], [ 74.816807999657613, 32.743380000178121 ], [ 74.817756999686651, 32.74355500009117 ], [ 74.816122000292566, 32.743762999989741 ], [ 74.815211999723203, 32.747236999800393 ], [ 74.811659000179475, 32.749041999943607 ], [ 74.809663000212026, 32.748607999632775 ], [ 74.809340999996735, 32.747724000206873 ], [ 74.80729200032583, 32.747912999979569 ], [ 74.809212000125314, 32.749536999772879 ], [ 74.807186000020621, 32.751548000181806 ], [ 74.802967000305003, 32.749301000035594 ], [ 74.789558999699139, 32.755340000369102 ], [ 74.781511000255236, 32.75990499987897 ], [ 74.764017000003136, 32.755567000045239 ], [ 74.75599200012546, 32.751228000146071 ], [ 74.750334999760895, 32.751082999952068 ], [ 74.750978000366558, 32.751909999700437 ], [ 74.751084999598362, 32.765691000275268 ], [ 74.763318000219314, 32.764925000244851 ], [ 74.790126000136794, 32.779849000308509 ], [ 74.806873999851092, 32.781704999947635 ], [ 74.821266999572728, 32.774967000051809 ], [ 74.822641999574159, 32.771606000001448 ], [ 74.821725000230458, 32.771401999675753 ] ] ] } },
{ "type": "Feature", "properties": { "pincode": "181206", "officename": "Dumana S.O", "officetype": "S.O", "circle": "Jammu And Kashmir", "region": "Div Reporting", "division": "Jammu", "state": "Jammu And Kashmir", "district": "Jammu" }, "geometry": { "type": "Polygon", "coordinates": [ [ [ 74.711893000345498, 32.845757000043342 ], [ 74.771148000103338, 32.814328000242469 ], [ 74.753176999825271, 32.813102999717067 ], [ 74.758978000129886, 32.801095999864316 ], [ 74.762621000085332, 32.787007999922977 ], [ 74.76747800038369, 32.789459000107101 ], [ 74.769594999826666, 32.806832000097785 ], [ 74.785678000092332, 32.809779999798785 ], [ 74.787524000271958, 32.807162999624204 ], [ 74.787739000357107, 32.805539000197342 ], [ 74.789228999986264, 32.806150999747814 ], [ 74.792719999605723, 32.804135000008415 ], [ 74.79791300036311, 32.806136000090461 ], [ 74.804759999882876, 32.806388000188804 ], [ 74.804340999583204, 32.79625100017936 ], [ 74.801593000128477, 32.788708000331617 ], [ 74.806873999851092, 32.781704999947635 ], [ 74.790126000136794, 32.779849000308509 ], [ 74.763318000219314, 32.764925000244851 ], [ 74.751084999598362, 32.765691000275268 ], [ 74.750978000366558, 32.751909999700437 ], [ 74.750334999760895, 32.751082999952068 ], [ 74.75599200012546, 32.751228000146071 ], [ 74.764017000003136, 32.755567000045239 ], [ 74.781511000255236, 32.75990499987897 ], [ 74.789558999699139, 32.755340000369102 ], [ 74.801631999588224, 32.749952000310749 ], [ 74.800141000134161, 32.748416000363029 ], [ 74.800398999877004, 32.745779999888057 ], [ 74.799712999613675, 32.745121000237972 ], [ 74.800921000108829, 32.744833000105388 ], [ 74.805955999784146, 32.747218999774702 ], [ 74.808554000349375, 32.744400000058633 ], [ 74.809241000437609, 32.74462600004891 ], [ 74.810971000266306, 32.742090999913323 ], [ 74.810293000398858, 32.742143000032279 ], [ 74.809211000300365, 32.740030000126389 ], [ 74.8040590004492, 32.742341999698823 ], [ 74.802645999914617, 32.74099799981974 ], [ 74.765983999658275, 32.744392999742203 ], [ 74.743231000323206, 32.741937000167482 ], [ 74.726034999996941, 32.759795000285038 ], [ 74.708791999815048, 32.756118000343541 ], [ 74.713769999588919, 32.739470000011131 ], [ 74.696194000219378, 32.732060000055938 ], [ 74.695121000341757, 32.730939999673971 ], [ 74.69177200011417, 32.730903999835803 ], [ 74.687908000225789, 32.723716000373912 ], [ 74.689883000276865, 32.721584999770116 ], [ 74.690355000279951, 32.719164999798124 ], [ 74.677785000273417, 32.710279999724314 ], [ 74.673190999740768, 32.713567000249725 ], [ 74.672161000419123, 32.712339000327091 ], [ 74.663960999740951, 32.712518999814634 ], [ 74.658380000442691, 32.711400000360996 ], [ 74.657967560539561, 32.715045233810692 ], [ 74.663711150412666, 32.72395190689889 ], [ 74.663633783008819, 32.725710356037226 ], [ 74.661863676097653, 32.727032022381657 ], [ 74.655913397352407, 32.727960552219663 ], [ 74.659447550241495, 32.730843901330935 ], [ 74.661812532313576, 32.734753880225597 ], [ 74.664572266460851, 32.74259023561752 ], [ 74.674907559874455, 32.755990308315326 ], [ 74.677067392786782, 32.761314400002838 ], [ 74.677656458542785, 32.765055055919021 ], [ 74.676791243481944, 32.76878503629549 ], [ 74.678421048817071, 32.772558267508273 ], [ 74.681828698252914, 32.776500405291912 ], [ 74.684158235498856, 32.78409606177091 ], [ 74.687185296596581, 32.788496847525515 ], [ 74.691423721481897, 32.798008634452643 ], [ 74.696205099803052, 32.805035374262928 ], [ 74.697487600279672, 32.80970402454431 ], [ 74.703951662366833, 32.816992001712428 ], [ 74.705020493163232, 32.820180743877586 ], [ 74.70543750549119, 32.825772519529067 ], [ 74.704708923286745, 32.829933990516864 ], [ 74.704773710683341, 32.841947858961291 ], [ 74.696687027088359, 32.840798514836784 ], [ 74.690203958446418, 32.837458418221779 ], [ 74.683502269508708, 32.836761091962607 ], [ 74.672549574780092, 32.829183363634399 ], [ 74.672329370754511, 32.827616124470211 ], [ 74.667879105158889, 32.825044567317732 ], [ 74.66348114486901, 32.825978731474585 ], [ 74.65943897312718, 32.830314853777111 ], [ 74.659044486054967, 32.832002272674686 ], [ 74.655622802239435, 32.832095157990736 ], [ 74.65066842546257, 32.826918161558645 ], [ 74.640521703698482, 32.818944482688458 ], [ 74.634836753152157, 32.810358847292541 ], [ 74.63356000009675, 32.809568000076716 ], [ 74.623088999989804, 32.811516000207106 ], [ 74.616222000378571, 32.803579999924672 ], [ 74.607088999564837, 32.802070999667563 ], [ 74.610026999888674, 32.806236999697362 ], [ 74.610267000088186, 32.811643000259217 ], [ 74.604921000068245, 32.813786999923842 ], [ 74.592752999744619, 32.814487000247055 ], [ 74.597475000323783, 32.816472000049977 ], [ 74.602841000435191, 32.821018000187621 ], [ 74.608015000027692, 32.822687999737944 ], [ 74.607886000156256, 32.824384000162624 ], [ 74.611277000216631, 32.827343000143173 ], [ 74.614281999589295, 32.831564000103704 ], [ 74.623039999585998, 32.832934999697486 ], [ 74.631841000138721, 32.836541999770532 ], [ 74.635059999771627, 32.840691000288871 ], [ 74.642744999890695, 32.846137999950798 ], [ 74.647337999700142, 32.847471999935664 ], [ 74.653605999984975, 32.847941000277466 ], [ 74.658413999879571, 32.850393999771022 ], [ 74.659788000056068, 32.851980999641924 ], [ 74.664252999819013, 32.854361999749422 ], [ 74.660045999798953, 32.857067000269922 ], [ 74.674362000426015, 32.867529999648802 ], [ 74.701793999784229, 32.880273999855291 ], [ 74.715995999710159, 32.881803000336497 ], [ 74.7348110004353, 32.889650999955073 ], [ 74.737634000233101, 32.889005000190842 ], [ 74.743463000126823, 32.874726999838252 ], [ 74.711893000345498, 32.845757000043342 ] ] ] } },
{ "type": "Feature", "properties": { "pincode": "181207", "officename": "Pargwal S.O", "officetype": "S.O", "circle": "Jammu And Kashmir", "region": "Div Reporting", "division": "Jammu", "state": "Jammu And Kashmir", "district": "Jammu" }, "geometry": { "type": "Polygon", "coordinates": [ [ [ 74.623088999989804, 32.811516000207106 ], [ 74.63356000009675, 32.809568000076716 ], [ 74.634836753152157, 32.810358847292541 ], [ 74.634626407238514, 32.806623870461678 ], [ 74.637064962230696, 32.803074662478565 ], [ 74.645432990986109, 32.795441252586237 ], [ 74.656618379017701, 32.789412793447156 ], [ 74.658357449135792, 32.787654347354959 ], [ 74.657542797547336, 32.785065882887153 ], [ 74.654013064369437, 32.780866433021913 ], [ 74.649701174361894, 32.781532543163529 ], [ 74.647464494170222, 32.780773349145939 ], [ 74.642926139777842, 32.782591470001961 ], [ 74.639668042768818, 32.782061393010252 ], [ 74.632293365664665, 32.776397259350993 ], [ 74.632933967768494, 32.773819809179898 ], [ 74.631285971548863, 32.772590791119384 ], [ 74.630356323925938, 32.768429365060015 ], [ 74.632664831611052, 32.764536142692499 ], [ 74.637442102834711, 32.7603374380585 ], [ 74.63835372126988, 32.758622821680447 ], [ 74.636828959534185, 32.756247084511038 ], [ 74.638244404384665, 32.755733954442199 ], [ 74.638038409910223, 32.751534438109232 ], [ 74.635317792901972, 32.751239140107657 ], [ 74.634258355788489, 32.749540603613333 ], [ 74.626346333430831, 32.756272403168495 ], [ 74.623980853692103, 32.756572187794042 ], [ 74.621530181325028, 32.759946429390496 ], [ 74.619196727424494, 32.760683009829464 ], [ 74.613619555847663, 32.75966008173836 ], [ 74.613471844068869, 32.757650396919693 ], [ 74.603609504669208, 32.757641265755126 ], [ 74.596048722689318, 32.75645836068275 ], [ 74.592631802639744, 32.753742602047048 ], [ 74.59162534187351, 32.751339268240997 ], [ 74.589913308350532, 32.750639384353086 ], [ 74.582389365382113, 32.752786874823713 ], [ 74.580518802567696, 32.748498909343901 ], [ 74.579640492764938, 32.747843066793571 ], [ 74.576842321503278, 32.747901425168777 ], [ 74.576834710077875, 32.749217516091306 ], [ 74.574022458622466, 32.750504522198284 ], [ 74.576597449739978, 32.75449267001634 ], [ 74.576233672474117, 32.756616760823 ], [ 74.573693113781417, 32.757363292471993 ], [ 74.570336653943713, 32.759731131245282 ], [ 74.562890851828641, 32.760119076825085 ], [ 74.558814601598186, 32.758313900019971 ], [ 74.554251707927151, 32.758375854262304 ], [ 74.547027581278101, 32.751822144596083 ], [ 74.546377063570162, 32.750013999657128 ], [ 74.548317968064609, 32.748158929597899 ], [ 74.548222596625862, 32.746848212338058 ], [ 74.546956366435637, 32.746563158379224 ], [ 74.544053078811018, 32.748029632735694 ], [ 74.543343087241368, 32.752539772608209 ], [ 74.541947978452313, 32.751910511930795 ], [ 74.542120206153541, 32.748568548113724 ], [ 74.541029020781295, 32.747835790976836 ], [ 74.539186839339933, 32.748194531099671 ], [ 74.537452553649047, 32.750038732293575 ], [ 74.53588244855105, 32.749857040637501 ], [ 74.533860006673208, 32.74487469125242 ], [ 74.531851036829678, 32.744364866246954 ], [ 74.527046345430293, 32.746806587846983 ], [ 74.519685834758135, 32.746924483810645 ], [ 74.518563205656008, 32.745754618559268 ], [ 74.514674123008248, 32.745078636757853 ], [ 74.511591085190233, 32.745501115407016 ], [ 74.509430035060703, 32.747191538848703 ], [ 74.510018368689742, 32.75102036747726 ], [ 74.511504003404895, 32.751469871101719 ], [ 74.512888466259568, 32.750521233409152 ], [ 74.514070212592216, 32.75107412196521 ], [ 74.514836151237759, 32.753051852814593 ], [ 74.514103758379861, 32.754405356117353 ], [ 74.516079000077724, 32.756843000273626 ], [ 74.5220259999722, 32.75878199985484 ], [ 74.524211000085543, 32.761741999680197 ], [ 74.522512000219024, 32.767457999924922 ], [ 74.525545999903983, 32.770417999846416 ], [ 74.533678999736708, 32.770724000143609 ], [ 74.542539999665564, 32.773480000125254 ], [ 74.548366000084542, 32.778481000332341 ], [ 74.549943999577224, 32.781236000304403 ], [ 74.55698500016409, 32.781032000151832 ], [ 74.562690000209187, 32.78429799992454 ], [ 74.568273000055584, 32.78990999974134 ], [ 74.571792999987409, 32.792052999686447 ], [ 74.577740999706791, 32.794196000098083 ], [ 74.581382999837317, 32.793380000028158 ], [ 74.585752000239083, 32.795317999767136 ], [ 74.585874000437812, 32.798276999649453 ], [ 74.616222000378571, 32.803579999924672 ], [ 74.623088999989804, 32.811516000207106 ] ] ] } },
{ "type": "Feature", "properties": { "pincode": "181221", "officename": "Kandoli Nagrota S.O", "officetype": "S.O", "circle": "Jammu And Kashmir", "region": "Div Reporting", "division": "Jammu", "state": "Jammu And Kashmir", "district": "Jammu" }, "geometry": { "type": "Polygon", "coordinates": [ [ [ 74.968954000140585, 32.902570000037109 ], [ 74.975166000348935, 32.886167999757902 ], [ 74.96602199966452, 32.886346999666813 ], [ 74.958493999904306, 32.89393799964261 ], [ 74.957320999569248, 32.888287999991405 ], [ 74.933642999596216, 32.873613000138768 ], [ 74.916037000089446, 32.859750999682717 ], [ 74.940807000206675, 32.841096000182112 ], [ 74.92720799980512, 32.806220999625225 ], [ 74.951999999663684, 32.802610000144639 ], [ 74.96483099978613, 32.802459999747498 ], [ 74.97740099979265, 32.800694000263647 ], [ 74.985654000174279, 32.796227999803691 ], [ 74.986417000430549, 32.794777999831943 ], [ 74.974987000248788, 32.783740000098398 ], [ 74.956863999634734, 32.762745000310609 ], [ 74.916617999872514, 32.761004000248754 ], [ 74.900777000354509, 32.772098999676402 ], [ 74.895024999555361, 32.77285700027047 ], [ 74.889529999572531, 32.76968099990733 ], [ 74.888392000295894, 32.763012999763681 ], [ 74.880237999648458, 32.763170999965212 ], [ 74.855604999798558, 32.773779000196839 ], [ 74.845568000059913, 32.783087000036808 ], [ 74.844275999899168, 32.834525999708667 ], [ 74.852008999698796, 32.850609999875758 ], [ 74.8243610004305, 32.85291600028107 ], [ 74.828996000072721, 32.865026999708249 ], [ 74.83526400035754, 32.896739999751254 ], [ 74.901347000266881, 32.882925000001222 ], [ 74.953506999909578, 32.894242999800525 ], [ 74.968954000140585, 32.902570000037109 ] ] ] } },
{ "type": "Feature", "properties": { "pincode": "181224", "officename": "Dansal S.O", "officetype": "S.O", "circle": "Jammu And Kashmir", "region": "Div Reporting", "division": "Jammu", "state": "Jammu And Kashmir", "district": "Jammu" }, "geometry": { "type": "Polygon", "coordinates": [ [ [ 75.010051408756098, 32.851783107019095 ], [ 75.012932000445048, 32.843172999802078 ], [ 75.057220000370918, 32.846925000172767 ], [ 75.091381000146427, 32.86369300032905 ], [ 75.126234000033108, 32.867479000134743 ], [ 75.119716000401311, 32.818476999837571 ], [ 75.071162999830747, 32.818067999773746 ], [ 75.075046999810624, 32.800510000245737 ], [ 75.120687000171685, 32.779272000201807 ], [ 75.141056000100136, 32.771927000133701 ], [ 75.125541999921964, 32.771034999737985 ], [ 75.129668999576083, 32.754677000168712 ], [ 75.130785000009723, 32.728863000073893 ], [ 75.112843000043966, 32.750219000186334 ], [ 75.098508000048682, 32.732554000025623 ], [ 75.094318999571954, 32.738422999929895 ], [ 75.095107999767478, 32.745006000217977 ], [ 75.079687000374051, 32.763172000123348 ], [ 75.055525999628941, 32.770239000280853 ], [ 75.039311000017136, 32.782520999886515 ], [ 75.024067000175705, 32.776541000034385 ], [ 75.005129000325226, 32.774092999796885 ], [ 74.99782699962249, 32.781036999939033 ], [ 75.009969000006862, 32.788785000197137 ], [ 74.990787999583802, 32.806695000257029 ], [ 74.986417000430549, 32.794777999831943 ], [ 74.985654000174279, 32.796227999803691 ], [ 74.97740099979265, 32.800694000263647 ], [ 74.96483099978613, 32.802459999747498 ], [ 74.951999999663684, 32.802610000144639 ], [ 74.92720799980512, 32.806220999625225 ], [ 74.940807000206675, 32.841096000182112 ], [ 74.916037000089446, 32.859750999682717 ], [ 74.933642999596216, 32.873613000138768 ], [ 74.957320999569248, 32.888287999991405 ], [ 74.958493999904306, 32.89393799964261 ], [ 74.96602199966452, 32.886346999666813 ], [ 74.975166000348935, 32.886167999757902 ], [ 75.01499199998662, 32.874338999837128 ], [ 75.010051408756098, 32.851783107019095 ] ] ] } },
{ "type": "Feature", "properties": { "pincode": "182101", "officename": "Udhampur H.O", "officetype": "H.O", "circle": "Jammu And Kashmir", "region": "Div Reporting", "division": "Udhampur", "state": "Jammu And Kashmir", "district": "Udhampur" }, "geometry": { "type": "Polygon", "coordinates": [ [ [ 75.141850000318513, 32.869174999682052 ], [ 75.091381000146427, 32.86369300032905 ], [ 75.107346000411312, 32.908090999845221 ], [ 75.046406000132308, 32.916165999684104 ], [ 75.043143999943368, 32.941253000292136 ], [ 75.063572000321344, 32.956639000249659 ], [ 75.070094999975993, 32.957360000264899 ], [ 75.094299000378797, 32.964278000220745 ], [ 75.071812000284169, 32.989782999728298 ], [ 75.178756999898937, 32.985748999769186 ], [ 75.165841000285965, 32.946203000011231 ], [ 75.161419000180757, 32.90682200023808 ], [ 75.145884000086212, 32.877615000368642 ], [ 75.135981000241827, 32.874463999737038 ], [ 75.141850000318513, 32.869174999682052 ] ] ] } },
{ "type": "Feature", "properties": { "pincode": "182121", "officename": "Garhi S.O Udhampur", "officetype": "S.O", "circle": "Jammu And Kashmir", "region": "Div Reporting", "division": "Udhampur", "state": "Jammu And Kashmir", "district": "Udhampur" }, "geometry": { "type": "Polygon", "coordinates": [ [ [ 75.057220000370918, 32.846925000172767 ], [ 75.012932000445048, 32.843172999802078 ], [ 75.009841999785252, 32.852409000263826 ], [ 75.01499199998662, 32.874338999837128 ], [ 74.975166000348935, 32.886167999757902 ], [ 74.96895499996549, 32.902570000037109 ], [ 74.954224000135071, 32.931448999641873 ], [ 74.962403999823437, 32.975923999787803 ], [ 75.035232999868498, 32.98937299984695 ], [ 75.071812000284169, 32.989782999728298 ], [ 75.094299000378797, 32.964278000220745 ], [ 75.070094999975993, 32.957360000264899 ], [ 75.063572000321344, 32.956639000249659 ], [ 75.043143999943368, 32.941253000292136 ], [ 75.046406000132308, 32.916165999684104 ], [ 75.107346000411312, 32.908090999845221 ], [ 75.091381000146427, 32.86369300032905 ], [ 75.057220000370918, 32.846925000172767 ] ] ] } },
{ "type": "Feature", "properties": { "pincode": "182122", "officename": "Ramnagar S.O Udhampur", "officetype": "S.O", "circle": "Jammu And Kashmir", "region": "Div Reporting", "division": "Udhampur", "state": "Jammu And Kashmir", "district": "Udhampur" }, "geometry": { "type": "Polygon", "coordinates": [ [ [ 75.324357000262737, 32.924852000324407 ], [ 75.329841000374955, 32.902188000369009 ], [ 75.328425000365627, 32.900148999746001 ], [ 75.335670000268635, 32.894850000182977 ], [ 75.342957000004432, 32.887510999824421 ], [ 75.359472999915113, 32.888326000016079 ], [ 75.354614999791821, 32.880172000370834 ], [ 75.358502000144739, 32.873240000186001 ], [ 75.362874000021236, 32.868345999957079 ], [ 75.368216999668135, 32.866714999879228 ], [ 75.378946000416221, 32.86589899965314 ], [ 75.385260999658414, 32.858558000345333 ], [ 75.396392000089435, 32.864267999842021 ], [ 75.410015999707028, 32.863043999887026 ], [ 75.438654999735533, 32.864676000097361 ], [ 75.432762000267729, 32.848768999833034 ], [ 75.43381900025183, 32.832859999839243 ], [ 75.440619999740818, 32.825924000137974 ], [ 75.448391999898533, 32.81531500000289 ], [ 75.446448999634541, 32.805520999880322 ], [ 75.432846999758226, 32.80225699966774 ], [ 75.421675000217647, 32.788379999687045 ], [ 75.410015999707028, 32.780623999953932 ], [ 75.39495699981353, 32.776133999648486 ], [ 75.414873999830334, 32.768785000038271 ], [ 75.417303000341164, 32.757760999747518 ], [ 75.410015999707028, 32.740202000081425 ], [ 75.395443000060354, 32.734075999889583 ], [ 75.38669900030736, 32.719779999742329 ], [ 75.373097000431059, 32.700578999739484 ], [ 75.357066000043943, 32.693224000276217 ], [ 75.335692000009942, 32.68791200004901 ], [ 75.325491000239737, 32.690363999715991 ], [ 75.313831999729146, 32.689546999824941 ], [ 75.299745000329253, 32.69444999984146 ], [ 75.287599999571853, 32.701395999958869 ], [ 75.271569999907953, 32.703847000338754 ], [ 75.240518999985397, 32.710793000001139 ], [ 75.232260999580888, 32.721822000223121 ], [ 75.227888999704405, 32.730807999692466 ], [ 75.225805151688689, 32.740818214984067 ], [ 75.209053999786079, 32.743062999909441 ], [ 75.203668767642739, 32.742165638106606 ], [ 75.232632000199985, 32.774016000055191 ], [ 75.239025999983198, 32.789064999695285 ], [ 75.234430999625602, 32.818894000311992 ], [ 75.239701000375874, 32.819594999935745 ], [ 75.252056000297287, 32.819450999690162 ], [ 75.260988000371256, 32.820892999720051 ], [ 75.257727000007222, 32.824932000139647 ], [ 75.248112999867843, 32.828682999808123 ], [ 75.223536999919389, 32.852439999705012 ], [ 75.221592999830477, 32.863451999736839 ], [ 75.225460000091914, 32.872832000101205 ], [ 75.23128899998558, 32.883433999708608 ], [ 75.240032999738574, 32.892402999834957 ], [ 75.241005000232207, 32.90096499994268 ], [ 75.246834000125901, 32.914416000278372 ], [ 75.257035999721012, 32.92379099981018 ], [ 75.298517999567522, 32.921598999769095 ], [ 75.324357000262737, 32.924852000324407 ] ] ] } },
{ "type": "Feature", "properties": { "pincode": "182124", "officename": "Jaganoo S.O", "officetype": "S.O", "circle": "Jammu And Kashmir", "region": "Div Reporting", "division": "Udhampur", "state": "Jammu And Kashmir", "district": "Udhampur" }, "geometry": { "type": "Polygon", "coordinates": [ [ [ 75.309562999784774, 32.947273999766743 ], [ 75.343253000280427, 32.939293999685113 ], [ 75.351068999920756, 32.92821399991449 ], [ 75.298517999567522, 32.921598999769095 ], [ 75.257035999721012, 32.92379099981018 ], [ 75.246834000125901, 32.914416000278372 ], [ 75.241005000232207, 32.90096499994268 ], [ 75.240032999738574, 32.892402999834957 ], [ 75.23128899998558, 32.883433999708608 ], [ 75.225460000091914, 32.872832000101205 ], [ 75.221592999830477, 32.863451999736839 ], [ 75.223536999919389, 32.852439999705012 ], [ 75.248112999867843, 32.828682999808123 ], [ 75.257727000007222, 32.824932000139647 ], [ 75.260988000371256, 32.820892999720051 ], [ 75.252056000297287, 32.819450999690162 ], [ 75.239701000375874, 32.819594999935745 ], [ 75.163478999722329, 32.810326000002625 ], [ 75.14350700035223, 32.831086000201203 ], [ 75.154673999869928, 32.838026000053631 ], [ 75.126234000033108, 32.867479000134743 ], [ 75.141850000318513, 32.869174999682052 ], [ 75.135981000241827, 32.874463999737038 ], [ 75.145884000086212, 32.877615000368642 ], [ 75.161419000180757, 32.90682200023808 ], [ 75.164605000201703, 32.935197999624748 ], [ 75.209312000427261, 32.94439099980584 ], [ 75.2580640002911, 32.943236999721201 ], [ 75.309562999784774, 32.947273999766743 ] ] ] } },
{ "type": "Feature", "properties": { "pincode": "182125", "officename": "Mir S.O", "officetype": "S.O", "circle": "Jammu And Kashmir", "region": "Div Reporting", "division": "Udhampur", "state": "Jammu And Kashmir", "district": "Udhampur" }, "geometry": { "type": "Polygon", "coordinates": [ [ [ 75.144442000137616, 33.162008999682811 ], [ 75.157557999767121, 33.14289200013858 ], [ 75.170674000294923, 33.137205000276133 ], [ 75.195447999711803, 33.136799000089638 ], [ 75.205388000264392, 33.141701000106629 ], [ 75.215317999872937, 33.134244000031529 ], [ 75.218232999732237, 33.130584999695991 ], [ 75.219204000400936, 33.124486000133011 ], [ 75.224061999625931, 33.114726000055121 ], [ 75.226004999889923, 33.098051000287207 ], [ 75.222604999608734, 33.089101999855103 ], [ 75.223576000277433, 33.081779000340703 ], [ 75.220175999996243, 33.07526999978014 ], [ 75.220175999996243, 33.065504999676371 ], [ 75.216288999643325, 33.052889999630189 ], [ 75.208031000137126, 33.038646000066912 ], [ 75.206087999873134, 33.032540000254002 ], [ 75.206574000119943, 33.027248000003652 ], [ 75.196373000349766, 33.021141999750959 ], [ 75.188619999560331, 33.014627999756541 ], [ 75.178438000056687, 33.001191999803808 ], [ 75.174066000180204, 32.997119999985244 ], [ 75.168722999635008, 32.994268999992521 ], [ 75.164251000199386, 32.986295999748791 ], [ 75.071812000284169, 32.989782999728298 ], [ 75.035232999868498, 32.98937299984695 ], [ 75.022693999824114, 32.987057999846485 ], [ 75.019597000389922, 32.996711999858562 ], [ 75.014273000111316, 33.004855999889578 ], [ 75.006572000098714, 33.049635000065201 ], [ 75.007542999869102, 33.065504999676371 ], [ 75.00559999960511, 33.085441000070965 ], [ 75.009486000133123, 33.108218999937094 ], [ 75.009486000133123, 33.121231999824424 ], [ 74.997342000098911, 33.130991000038811 ], [ 74.988523000002857, 33.136340999789006 ], [ 75.004982000012134, 33.137496999827192 ], [ 75.075398000338197, 33.162310000111106 ], [ 75.086188000287365, 33.161601999799011 ], [ 75.112381000086614, 33.162414999772544 ], [ 75.144442000137616, 33.162008999682811 ] ] ] } },
{ "type": "Feature", "properties": { "pincode": "182126", "officename": "Roan S.O", "officetype": "S.O", "circle": "Jammu And Kashmir", "region": "Div Reporting", "division": "Udhampur", "state": "Jammu And Kashmir", "district": "Udhampur" }, "geometry": { "type": "Polygon", "coordinates": [ [ [ 75.14350700035223, 32.831086000201203 ], [ 75.163478999722329, 32.810326000002625 ], [ 75.234430999625602, 32.818894000311992 ], [ 75.239025999983198, 32.789064999695285 ], [ 75.232632000199985, 32.774016000055191 ], [ 75.203668767642739, 32.742165638106606 ], [ 75.193030999794871, 32.740393000015814 ], [ 75.168269000073551, 32.762114000256148 ], [ 75.120687000171685, 32.779272000201807 ], [ 75.075046999810624, 32.800510000245737 ], [ 75.071162999830747, 32.818067999773746 ], [ 75.119716000401311, 32.818476999837571 ], [ 75.126234000033108, 32.867479000134743 ], [ 75.154673999869928, 32.838026000053631 ], [ 75.14350700035223, 32.831086000201203 ] ] ] } },
{ "type": "Feature", "properties": { "pincode": "182127", "officename": "Majalta S.O", "officetype": "S.O", "circle": "Jammu And Kashmir", "region": "Div Reporting", "division": "Udhampur", "state": "Jammu And Kashmir", "district": "Udhampur" }, "geometry": { "type": "Polygon", "coordinates": [ [ [ 75.168269000073551, 32.762114000256148 ], [ 75.193030999794871, 32.740393000015814 ], [ 75.209053999786079, 32.743062999909441 ], [ 75.225805151688689, 32.740818214984067 ], [ 75.209295999635387, 32.731212999925866 ], [ 75.203712999788991, 32.731213999687178 ], [ 75.193758999891003, 32.717079000212166 ], [ 75.18793300037035, 32.698683000170462 ], [ 75.170454000186893, 32.683964000291326 ], [ 75.151517999986226, 32.702158000021171 ], [ 75.12311499995927, 32.708903999842036 ], [ 75.131125999593266, 32.729750000049322 ], [ 75.129668999576083, 32.754677000168712 ], [ 75.125541999921964, 32.771034999737985 ], [ 75.141056000100136, 32.771927000133701 ], [ 75.168269000073551, 32.762114000256148 ] ] ] } },
{ "type": "Feature", "properties": { "pincode": "182128", "officename": "Majouri S.O", "officetype": "S.O", "circle": "Jammu And Kashmir", "region": "Div Reporting", "division": "Udhampur", "state": "Jammu And Kashmir", "district": "Udhampur" }, "geometry": { "type": "Polygon", "coordinates": [ [ [ 75.688536999749857, 32.775691999817411 ], [ 75.663020000168217, 32.771234999879333 ], [ 75.643589000398237, 32.770417999846416 ], [ 75.608127000241126, 32.77327600031844 ], [ 75.603269000117805, 32.759395000272697 ], [ 75.596953999977316, 32.748777999766183 ], [ 75.585296000189928, 32.743876999728208 ], [ 75.572179999662112, 32.742651999812736 ], [ 75.521658999611518, 32.758578000358597 ], [ 75.509999999999209, 32.765111000120513 ], [ 75.495427000352521, 32.770826000008874 ], [ 75.488139999718399, 32.761436000234482 ], [ 75.490569000229229, 32.751635999857861 ], [ 75.485711000105923, 32.737342999965293 ], [ 75.47308099982493, 32.726724000053942 ], [ 75.4662800003359, 32.711200999644653 ], [ 75.459791000118159, 32.702265000203383 ], [ 75.42499400030799, 32.70262199991145 ], [ 75.411216999631208, 32.700578999739484 ], [ 75.40167199998713, 32.708340999921766 ], [ 75.395843000093407, 32.715694999909147 ], [ 75.38669900030736, 32.719779999742329 ], [ 75.395443000060354, 32.734075999889583 ], [ 75.410015999707028, 32.740202000081425 ], [ 75.417303000341164, 32.757760999747518 ], [ 75.414873999830334, 32.768785000038271 ], [ 75.39495699981353, 32.776133999648486 ], [ 75.410015999707028, 32.780623999953932 ], [ 75.421675000217647, 32.788379999687045 ], [ 75.432846999758226, 32.80225699966774 ], [ 75.446448999634541, 32.805520999880322 ], [ 75.448391999898533, 32.81531500000289 ], [ 75.440619999740818, 32.825924000137974 ], [ 75.43381900025183, 32.832859999839243 ], [ 75.432762000267729, 32.848768999833034 ], [ 75.438654999735533, 32.864676000097361 ], [ 75.445940999646396, 32.868345999957079 ], [ 75.45419999987584, 32.881803000336497 ], [ 75.459057000174198, 32.896887999689397 ], [ 75.461972000033526, 32.902188000369009 ], [ 75.462943999628834, 32.912785999673432 ], [ 75.475072999594403, 32.913370000219565 ], [ 75.46833200037986, 32.931533999773784 ], [ 75.465177000321049, 32.946610000232553 ], [ 75.488723000049575, 32.946203000011231 ], [ 75.498826999735414, 32.911563000075191 ], [ 75.519716000245808, 32.911154999973526 ], [ 75.536232000156517, 32.909524999655716 ], [ 75.553719999662491, 32.906672000205795 ], [ 75.561978000067, 32.893626000061403 ], [ 75.576552000436934, 32.884248999679166 ], [ 75.59501099971331, 32.875278000303148 ], [ 75.610555999853617, 32.863451999736839 ], [ 75.61687099999412, 32.844281999954099 ], [ 75.632416000134427, 32.843057999720187 ], [ 75.647475000027924, 32.839386999691911 ], [ 75.655805000402452, 32.824283000044431 ], [ 75.660367000249721, 32.807950999895894 ], [ 75.688536999749857, 32.775691999817411 ] ] ] } },
{ "type": "Feature", "properties": { "pincode": "182141", "officename": "Chenani S.O", "officetype": "S.O", "circle": "Jammu And Kashmir", "region": "Div Reporting", "division": "Udhampur", "state": "Jammu And Kashmir", "district": "Udhampur" }, "geometry": { "type": "Polygon", "coordinates": [ [ [ 75.316297000224949, 33.032947000193019 ], [ 75.322126000118672, 33.03009800030604 ], [ 75.327246000182768, 33.033150999897458 ], [ 75.335989999935776, 33.0355930003387 ], [ 75.341332999582647, 33.035795999845185 ], [ 75.344977000261309, 33.034371999917383 ], [ 75.348359999925762, 33.030830000074147 ], [ 75.361751999739795, 33.032843999657089 ], [ 75.376921999961368, 33.037918000001731 ], [ 75.398295999995355, 33.033037999827876 ], [ 75.350346999672411, 33.023176999802715 ], [ 75.340997999846905, 33.018801000264183 ], [ 75.345613000295955, 33.01656200016631 ], [ 75.343186000333276, 33.013101000298001 ], [ 75.345856999795103, 33.011880000143101 ], [ 75.343791000405801, 33.01014900006745 ], [ 75.344517999778688, 33.006789999904242 ], [ 75.346698999694084, 32.998341000289329 ], [ 75.353259000056966, 32.986327999703249 ], [ 75.344528999649341, 32.974719999709308 ], [ 75.323629000166576, 32.970238999737546 ], [ 75.343253000280427, 32.939293999685113 ], [ 75.309562999784774, 32.947273999766743 ], [ 75.2580640002911, 32.943236999721201 ], [ 75.209312000427261, 32.94439099980584 ], [ 75.164605000201703, 32.935197999624748 ], [ 75.165841000285965, 32.946203000011231 ], [ 75.178756999898937, 32.985748999769186 ], [ 75.164251000199386, 32.986295999748791 ], [ 75.168722999635008, 32.994268999992521 ], [ 75.174066000180204, 32.997119999985244 ], [ 75.178438000056687, 33.001191999803808 ], [ 75.188619999560331, 33.014627999756541 ], [ 75.196373000349766, 33.021141999750959 ], [ 75.206564999899115, 33.027242000348188 ], [ 75.214106000078118, 33.021753000081922 ], [ 75.222541999859558, 33.017885000029864 ], [ 75.230314000017245, 33.018291999853354 ], [ 75.246345000404361, 33.015849000278116 ], [ 75.254116999663722, 33.017477999834078 ], [ 75.262375000068232, 33.020327999682628 ], [ 75.268690000208764, 33.024398999653712 ], [ 75.272091000314845, 33.03009800030604 ], [ 75.273062000085247, 33.034982000307444 ], [ 75.275490999697737, 33.039052999664221 ], [ 75.292493999680133, 33.040681000335489 ], [ 75.305609000383058, 33.035389000263265 ], [ 75.316297000224949, 33.032947000193019 ] ] ] } },
{ "type": "Feature", "properties": { "pincode": "182142", "officename": "Kud S.O", "officetype": "S.O", "circle": "Jammu And Kashmir", "region": "Div Reporting", "division": "Udhampur", "state": "Jammu And Kashmir", "district": "Udhampur" }, "geometry": { "type": "Polygon", "coordinates": [ [ [ 75.239842999767788, 33.102758999631803 ], [ 75.255644999826032, 33.09844500037341 ], [ 75.266305999903764, 33.099883000325242 ], [ 75.272132000322742, 33.096718999867946 ], [ 75.272474999556067, 33.090966000097588 ], [ 75.291298999603768, 33.084831000014191 ], [ 75.293083999684029, 33.089240000262535 ], [ 75.294800999992233, 33.090103000275924 ], [ 75.29567100037859, 33.086661000285709 ], [ 75.300527999778666, 33.087474999981367 ], [ 75.305385999901958, 33.086457999885816 ], [ 75.311943999716732, 33.087270999690816 ], [ 75.317529999936156, 33.084423999784782 ], [ 75.319715999874418, 33.082390000058666 ], [ 75.325545999593032, 33.082999999735001 ], [ 75.32870300019998, 33.086457999885816 ], [ 75.340605000384812, 33.086864999733471 ], [ 75.343033999997317, 33.083609999696492 ], [ 75.339632999891222, 33.078524999853933 ], [ 75.337446999952974, 33.073438999949133 ], [ 75.338419000446564, 33.07038799991625 ], [ 75.344977000261309, 33.063877000189329 ], [ 75.348862999891026, 33.056552999997905 ], [ 75.348376999644202, 33.049431000130248 ], [ 75.352749000419038, 33.043122999900675 ], [ 75.352505999846457, 33.039866999995354 ], [ 75.348359999925762, 33.030830000074147 ], [ 75.344977000261309, 33.034371999917383 ], [ 75.341332999582647, 33.035795999845185 ], [ 75.335989999935776, 33.0355930003387 ], [ 75.327246000182768, 33.033150999897458 ], [ 75.322126000118672, 33.03009800030604 ], [ 75.316297000224949, 33.032947000193019 ], [ 75.305609000383058, 33.035389000263265 ], [ 75.292493999680133, 33.040681000335489 ], [ 75.275490999697737, 33.039052999664221 ], [ 75.273062000085247, 33.034982000307444 ], [ 75.272091000314845, 33.03009800030604 ], [ 75.268690000208764, 33.024398999653712 ], [ 75.262375000068232, 33.020327999682628 ], [ 75.254116999663722, 33.017477999834078 ], [ 75.246345000404361, 33.015849000278116 ], [ 75.230314000017245, 33.018291999853354 ], [ 75.222541999859558, 33.017885000029864 ], [ 75.214106000078118, 33.021753000081922 ], [ 75.206393000369971, 33.026995000368807 ], [ 75.206087999873134, 33.032540000254002 ], [ 75.208031000137126, 33.038646000066912 ], [ 75.216288999643325, 33.052889999630189 ], [ 75.220175999996243, 33.065504999676371 ], [ 75.220175999996243, 33.07526999978014 ], [ 75.223576000277433, 33.081779000340703 ], [ 75.222604999608734, 33.089101999855103 ], [ 75.226004999889923, 33.098051000287207 ], [ 75.239842999767788, 33.102758999631803 ] ] ] } },
{ "type": "Feature", "properties": { "pincode": "182143", "officename": "Batote S.O", "officetype": "S.O", "circle": "Jammu And Kashmir", "region": "Div Reporting", "division": "Udhampur", "state": "Jammu And Kashmir", "district": "Udhampur" }, "geometry": { "type": "Polygon", "coordinates": [ [ [ 75.336025000095859, 33.176517999754772 ], [ 75.353681999656246, 33.17245400025196 ], [ 75.366797000359156, 33.174892999721152 ], [ 75.372627000077784, 33.174486000250639 ], [ 75.388172000218091, 33.169609000348437 ], [ 75.394914000155836, 33.163574999768443 ], [ 75.393457000138639, 33.158295000344559 ], [ 75.397342999768327, 33.151797000045121 ], [ 75.39540000040266, 33.143267999877757 ], [ 75.396371999997925, 33.137175000359953 ], [ 75.392000000121428, 33.130268999852888 ], [ 75.391513999874647, 33.125800000298533 ], [ 75.384812999944756, 33.120013000086971 ], [ 75.38165700006104, 33.114928999881222 ], [ 75.379953999996545, 33.110049000196518 ], [ 75.351556999817362, 33.106592000217361 ], [ 75.347672999837499, 33.10496499971854 ], [ 75.343764999568208, 33.100084999710845 ], [ 75.347991999679749, 33.089240000262535 ], [ 75.351556999817362, 33.082390000058666 ], [ 75.350338000349879, 33.079337999981455 ], [ 75.356537999964317, 33.062750000318871 ], [ 75.362367999682945, 33.057057999832573 ], [ 75.364310999946937, 33.051771999886071 ], [ 75.370626000087441, 33.049331999814314 ], [ 75.372550000084871, 33.04279800021569 ], [ 75.376921999961368, 33.037918000001731 ], [ 75.361751999739795, 33.032843999657089 ], [ 75.348359999925762, 33.030830000074147 ], [ 75.352505999846457, 33.039866999995354 ], [ 75.352749000419038, 33.043122999900675 ], [ 75.348376999644202, 33.049431000130248 ], [ 75.348862999891026, 33.056552999997905 ], [ 75.344977000261309, 33.063877000189329 ], [ 75.338419000446564, 33.07038799991625 ], [ 75.337446999952974, 33.073438999949133 ], [ 75.339632999891222, 33.078524999853933 ], [ 75.343033999997317, 33.083609999696492 ], [ 75.340605000384812, 33.086864999733471 ], [ 75.32870300019998, 33.086457999885816 ], [ 75.325545999593032, 33.082999999735001 ], [ 75.319715999874418, 33.082390000058666 ], [ 75.317529999936156, 33.084423999784782 ], [ 75.311943999716732, 33.087270999690816 ], [ 75.305385999901958, 33.086457999885816 ], [ 75.300527999778666, 33.087474999981367 ], [ 75.29567100037859, 33.086661000285709 ], [ 75.294800999992233, 33.090103000275924 ], [ 75.293083999684029, 33.089240000262535 ], [ 75.291298999603768, 33.084831000014191 ], [ 75.272474999556067, 33.090966000097588 ], [ 75.272132000322742, 33.096718999867946 ], [ 75.266305999903764, 33.099883000325242 ], [ 75.255644999826032, 33.09844500037341 ], [ 75.239842999767788, 33.102758999631803 ], [ 75.226004999889923, 33.098051000287207 ], [ 75.224061999625931, 33.114726000055121 ], [ 75.219204000400936, 33.124486000133011 ], [ 75.218232999732237, 33.130584999695991 ], [ 75.215317999872937, 33.134244000031529 ], [ 75.205388000264392, 33.141701000106629 ], [ 75.214393000133299, 33.146140999919396 ], [ 75.227451999861401, 33.160355999999062 ], [ 75.221136999720898, 33.172943999800445 ], [ 75.221136999720898, 33.181470999643011 ], [ 75.227432999594811, 33.191293999695347 ], [ 75.229149999903015, 33.197039999907261 ], [ 75.236619000111986, 33.207398000126204 ], [ 75.245362000040075, 33.210241999885142 ], [ 75.258477999669594, 33.208210000244762 ], [ 75.269650999933404, 33.201710000004077 ], [ 75.286653000090894, 33.189522000192113 ], [ 75.290054000196989, 33.180988000047705 ], [ 75.289567999950194, 33.170421999763342 ], [ 75.296369000337492, 33.165545000084187 ], [ 75.308513000371704, 33.168390000293456 ], [ 75.314827999613868, 33.17692500031486 ], [ 75.312399999826269, 33.182207000064444 ], [ 75.312399999826269, 33.201710000004077 ], [ 75.308998999720188, 33.226895000080653 ], [ 75.310455999737371, 33.239485000343585 ], [ 75.314827999613868, 33.252885000108982 ], [ 75.320658000230779, 33.258975000055301 ], [ 75.331345000247808, 33.259786999874308 ], [ 75.351725999871789, 33.254509000233462 ], [ 75.34638300022489, 33.249231000283366 ], [ 75.342011000348393, 33.246387999849112 ], [ 75.336666999978291, 33.238672999705408 ], [ 75.331809999679891, 33.233393999855778 ], [ 75.326466000208086, 33.225271000158195 ], [ 75.322579999680087, 33.213085000093301 ], [ 75.322579999680087, 33.200491999768929 ], [ 75.325009000190903, 33.185864999742115 ], [ 75.328982999684143, 33.180784999641048 ], [ 75.336025000095859, 33.176517999754772 ] ] ] } },
{ "type": "Feature", "properties": { "pincode": "182144", "officename": "Ramban S.O", "officetype": "S.O", "circle": "Jammu And Kashmir", "region": "Div Reporting", "division": "Udhampur", "state": "Jammu And Kashmir", "district": "Udhampur" }, "geometry": { "type": "Polygon", "coordinates": [ [ [ 75.132760000060784, 33.290638000147837 ], [ 75.14587599969029, 33.284144000332162 ], [ 75.161420999830611, 33.286173000043931 ], [ 75.178383999630043, 33.290638000147837 ], [ 75.192957000175042, 33.289826000359717 ], [ 75.204130000438809, 33.293479000179389 ], [ 75.218703000085526, 33.293072999807286 ], [ 75.221083000192536, 33.292078999673024 ], [ 75.224537000002073, 33.284592000152635 ], [ 75.21773599961476, 33.274453000332159 ], [ 75.223017000235686, 33.265470999837326 ], [ 75.230887000302687, 33.25572699967433 ], [ 75.248891000192728, 33.249556000211157 ], [ 75.252163000427402, 33.238266999939242 ], [ 75.258923999733426, 33.226483000150665 ], [ 75.245362000040075, 33.223035999908774 ], [ 75.237809999990418, 33.222892999845165 ], [ 75.234552999824345, 33.21887200006271 ], [ 75.234038000163565, 33.214132000170601 ], [ 75.224474000252897, 33.206992000248704 ], [ 75.236619000111986, 33.207398000126204 ], [ 75.229149999903015, 33.197039999907261 ], [ 75.227432999594811, 33.191293999695347 ], [ 75.221136999720898, 33.181470999643011 ], [ 75.221136999720898, 33.172943999800445 ], [ 75.227451999861401, 33.160355999999062 ], [ 75.214393000133299, 33.146140999919396 ], [ 75.195447999711803, 33.136799000089638 ], [ 75.170674000294923, 33.137205000276133 ], [ 75.157557999767121, 33.14289200013858 ], [ 75.144442000137616, 33.162008999682811 ], [ 75.112381000086614, 33.162414999772544 ], [ 75.086188000287365, 33.161601999799011 ], [ 75.036638999832078, 33.164850999935581 ], [ 75.022066000185404, 33.181528000162118 ], [ 74.973974999572206, 33.177872999810234 ], [ 74.93462699978538, 33.186398999794534 ], [ 74.965230999819184, 33.197389000151077 ], [ 74.943838000416946, 33.20916000014067 ], [ 74.970555000097832, 33.233102999775539 ], [ 74.945295000434143, 33.23556600033924 ], [ 74.92197800013615, 33.257474000078538 ], [ 74.925863999765824, 33.271671000280854 ], [ 74.931692999659532, 33.283431999734567 ], [ 74.95549600020432, 33.282621000020242 ], [ 74.969098000080606, 33.29275900002159 ], [ 74.982213999710126, 33.3170850000337 ], [ 75.005983999744672, 33.346701000076003 ], [ 75.016670999761658, 33.35602100008245 ], [ 75.041931000323657, 33.359262000099825 ], [ 75.066705999565443, 33.351158000003487 ], [ 75.081765000357265, 33.343053000034452 ], [ 75.101643000016011, 33.327623999855149 ], [ 75.118645000173501, 33.32519199977596 ], [ 75.129332000190487, 33.316274000126207 ], [ 75.124501999656275, 33.30686999971099 ], [ 75.12693100016709, 33.297943000231676 ], [ 75.132760000060784, 33.290638000147837 ] ] ] } },
{ "type": "Feature", "properties": { "pincode": "182145", "officename": "Ramsu S.O", "officetype": "S.O", "circle": "Jammu And Kashmir", "region": "Div Reporting", "division": "Udhampur", "state": "Jammu And Kashmir", "district": "Udhampur" }, "geometry": { "type": "Polygon", "coordinates": [ [ [ 75.044879999619852, 33.415792999814613 ], [ 75.051194999760341, 33.399391999815983 ], [ 75.057267000226588, 33.395949999770693 ], [ 75.061639000103099, 33.399391999815983 ], [ 75.071355000349683, 33.390886999858395 ], [ 75.078883999934831, 33.390278999667217 ], [ 75.093204999686435, 33.391696999639777 ], [ 75.101949000337754, 33.394532000182444 ], [ 75.111907000433675, 33.396557000310409 ], [ 75.11846500024842, 33.401821999700736 ], [ 75.126480000080392, 33.404656999914806 ], [ 75.132551999648314, 33.405263999625959 ], [ 75.140062999690116, 33.404224000106282 ], [ 75.140979000107222, 33.411498999943909 ], [ 75.151180999702333, 33.414741000114574 ], [ 75.162353000141209, 33.412309000309079 ], [ 75.173040999983144, 33.411903999945956 ], [ 75.18081300014083, 33.406634999637895 ], [ 75.170612000370653, 33.391231999632488 ], [ 75.173507000138443, 33.381907000195277 ], [ 75.177392999768159, 33.374203999868598 ], [ 75.186622999767977, 33.360822000261386 ], [ 75.176421000172851, 33.354333999674829 ], [ 75.176421000172851, 33.345411000169264 ], [ 75.188863999957803, 33.339591000319864 ], [ 75.200223999819329, 33.335675999646362 ], [ 75.208967999572323, 33.337298999706981 ], [ 75.215768999959636, 33.352710999697813 ], [ 75.218197999572126, 33.360822000261386 ], [ 75.233742999712433, 33.365283000035262 ], [ 75.247344999588734, 33.363661000271087 ], [ 75.265803999763449, 33.366905000322738 ], [ 75.370303999872149, 33.381655000213939 ], [ 75.371531999560503, 33.377415999913836 ], [ 75.376511000057619, 33.378276000044693 ], [ 75.381660000434067, 33.375838999976267 ], [ 75.384576999943192, 33.37254200032443 ], [ 75.387208999945273, 33.361228000204726 ], [ 75.382359000217903, 33.343503000344363 ], [ 75.386661999599113, 33.341025999891961 ], [ 75.395735000138401, 33.332822999848247 ], [ 75.388948999819689, 33.323099999954216 ], [ 75.374865999719447, 33.312551000104342 ], [ 75.360491000439481, 33.307682000014452 ], [ 75.349319000000605, 33.308494000264147 ], [ 75.342032000264808, 33.308087999958346 ], [ 75.336687999894679, 33.315390999662128 ], [ 75.330372999754175, 33.319043000119308 ], [ 75.316324999814043, 33.318231999662594 ], [ 75.310981000342252, 33.312551000104342 ], [ 75.316324999814043, 33.304436000060768 ], [ 75.317781999831226, 33.299566000242855 ], [ 75.308552999656357, 33.29266699979857 ], [ 75.294970000046632, 33.292261000153204 ], [ 75.288168999659305, 33.293885000163883 ], [ 75.275813999737935, 33.284550000196745 ], [ 75.268289000350762, 33.28373800008081 ], [ 75.262948000353674, 33.284144000332162 ], [ 75.249109999577513, 33.282520000010592 ], [ 75.237700000385558, 33.283332000193738 ], [ 75.218703000085526, 33.293072999807286 ], [ 75.204130000438809, 33.293479000179389 ], [ 75.192957000175042, 33.289826000359717 ], [ 75.178383999630043, 33.290638000147837 ], [ 75.161420999830611, 33.286173000043931 ], [ 75.14587599969029, 33.284144000332162 ], [ 75.132760000060784, 33.290638000147837 ], [ 75.12693100016709, 33.297943000231676 ], [ 75.124501999656275, 33.30686999971099 ], [ 75.129332000190487, 33.316274000126207 ], [ 75.118645000173501, 33.32519199977596 ], [ 75.101643000016011, 33.327623999855149 ], [ 75.081765000357265, 33.343053000034452 ], [ 75.066705999565443, 33.351158000003487 ], [ 75.041931000323657, 33.359262000099825 ], [ 75.031261999850003, 33.374608999648167 ], [ 75.009259000352372, 33.391434000336432 ], [ 75.008408000232578, 33.404102000013033 ], [ 75.009864000424855, 33.406634999637895 ], [ 75.009746000424101, 33.408864000291594 ], [ 75.016300999865805, 33.411396999790099 ], [ 75.027463000258962, 33.410283000281048 ], [ 75.031834000310553, 33.417577999834783 ], [ 75.036931999735032, 33.421629999904418 ], [ 75.04390899984945, 33.421678000157492 ], [ 75.044879999619852, 33.415792999814613 ] ] ] } },
{ "type": "Feature", "properties": { "pincode": "182146", "officename": "Banihal S.O", "officetype": "S.O", "circle": "Jammu And Kashmir", "region": "Div Reporting", "division": "Udhampur", "state": "Jammu And Kashmir", "district": "Udhampur" }, "geometry": { "type": "Polygon", "coordinates": [ [ [ 75.226501000182495, 33.498817000168742 ], [ 75.227472999777802, 33.480207000056566 ], [ 75.23767500027121, 33.472316999836337 ], [ 75.242289999821949, 33.459973999720752 ], [ 75.243990000411699, 33.447225000125094 ], [ 75.236217000429093, 33.431827999935727 ], [ 75.260991999670907, 33.423095000360263 ], [ 75.272406999784025, 33.423500000264923 ], [ 75.279208000171337, 33.419652999977217 ], [ 75.273621999951899, 33.40627699996184 ], [ 75.279441999624765, 33.393708000117947 ], [ 75.276041000416967, 33.386214000218487 ], [ 75.267540000338229, 33.38155599999466 ], [ 75.265803999763449, 33.366905000322738 ], [ 75.247344999588734, 33.363661000271087 ], [ 75.233742999712433, 33.365283000035262 ], [ 75.218197999572126, 33.360822000261386 ], [ 75.215768999959636, 33.352710999697813 ], [ 75.208967999572323, 33.337298999706981 ], [ 75.200223999819329, 33.335675999646362 ], [ 75.188863999957803, 33.339591000319864 ], [ 75.176421000172851, 33.345411000169264 ], [ 75.176421000172851, 33.354333999674829 ], [ 75.186622999767977, 33.360822000261386 ], [ 75.177392999768159, 33.374203999868598 ], [ 75.173507000138443, 33.381907000195277 ], [ 75.170612000370653, 33.391231999632488 ], [ 75.18081300014083, 33.406634999637895 ], [ 75.173040999983144, 33.411903999945956 ], [ 75.162353000141209, 33.412309000309079 ], [ 75.151180999702333, 33.414741000114574 ], [ 75.140979000107222, 33.411498999943909 ], [ 75.140062999690116, 33.404224000106282 ], [ 75.132551999648314, 33.405263999625959 ], [ 75.126480000080392, 33.404656999914806 ], [ 75.11846500024842, 33.401821999700736 ], [ 75.111907000433675, 33.396557000310409 ], [ 75.101949000337754, 33.394532000182444 ], [ 75.093204999686435, 33.391696999639777 ], [ 75.078883999934831, 33.390278999667217 ], [ 75.071355000349683, 33.390886999858395 ], [ 75.061639000103099, 33.399391999815983 ], [ 75.057267000226588, 33.395949999770693 ], [ 75.051194999760341, 33.399391999815983 ], [ 75.044879999619852, 33.415792999814613 ], [ 75.04390899984945, 33.421678000157492 ], [ 75.046822999883844, 33.426941000195605 ], [ 75.044170999790254, 33.434850000040427 ], [ 75.037370000301266, 33.440516999736936 ], [ 75.030568999913953, 33.443957999627202 ], [ 75.024497000346031, 33.448612999653932 ], [ 75.020854000390571, 33.452891000369078 ], [ 75.020610999818018, 33.457747999962017 ], [ 75.018491000001987, 33.460095999989356 ], [ 75.020424000220274, 33.464069999898889 ], [ 75.02527899997051, 33.467412999674671 ], [ 75.035473999892929, 33.465792000332364 ], [ 75.039479000246615, 33.465993999952595 ], [ 75.043485000425221, 33.467714999969644 ], [ 75.048460999650999, 33.472475000059276 ], [ 75.060842000409963, 33.48178800003955 ], [ 75.061207000282963, 33.485736000209123 ], [ 75.066790999954264, 33.493734000179145 ], [ 75.075502999920204, 33.498031999992428 ], [ 75.090695999708004, 33.501691000008066 ], [ 75.109245000294379, 33.486102000340082 ], [ 75.122360999923885, 33.490551999971416 ], [ 75.140800999831995, 33.491362000253531 ], [ 75.152460000342629, 33.493789000257486 ], [ 75.156981000182014, 33.497605999900273 ], [ 75.158289000236309, 33.504103999729281 ], [ 75.166546999742479, 33.506530999822715 ], [ 75.171871000021127, 33.509970000048128 ], [ 75.182018000262957, 33.512704999754895 ], [ 75.184507000149907, 33.515351000327911 ], [ 75.198837000122339, 33.516795000189468 ], [ 75.20223200038069, 33.51421600016662 ], [ 75.20854699962284, 33.513205000247247 ], [ 75.218019000370319, 33.509970000048128 ], [ 75.226501000182495, 33.498817000168742 ] ] ] } },
{ "type": "Feature", "properties": { "pincode": "182147", "officename": "Kastigarh S.O", "officetype": "S.O", "circle": "Jammu And Kashmir", "region": "Div Reporting", "division": "Udhampur", "state": "Jammu And Kashmir", "district": "Udhampur" }, "geometry": { "type": "Polygon", "coordinates": [ [ [ 75.417370000288315, 33.30054700032467 ], [ 75.417587000023289, 33.297131000103008 ], [ 75.431669000298598, 33.285970000368081 ], [ 75.440652000426184, 33.283332000193738 ], [ 75.44672700036719, 33.284753000171776 ], [ 75.450362999751633, 33.28373800008081 ], [ 75.454010999729945, 33.284753000171776 ], [ 75.456432999669744, 33.284346999749602 ], [ 75.459827000103175, 33.286883999816581 ], [ 75.460802000071496, 33.288912999653093 ], [ 75.463394999715533, 33.289542999914588 ], [ 75.468252000013905, 33.283460000066043 ], [ 75.46776699959203, 33.27859300037025 ], [ 75.469709999856036, 33.27001899986783 ], [ 75.473596000384035, 33.262313000336498 ], [ 75.476510000418443, 33.253794000259177 ], [ 75.465337999979525, 33.246085999919764 ], [ 75.459993999609409, 33.240783000232796 ], [ 75.455621999732912, 33.233884999667687 ], [ 75.444934999715912, 33.2249580002497 ], [ 75.436677000209741, 33.222523000345674 ], [ 75.410445000052448, 33.22049400029519 ], [ 75.401702000124359, 33.218059000140173 ], [ 75.393929000141739, 33.214000999960014 ], [ 75.391985999877733, 33.209535999771987 ], [ 75.39635799975423, 33.203853999902485 ], [ 75.39840899997327, 33.194397000294451 ], [ 75.403750999795236, 33.180988000047705 ], [ 75.412887999908634, 33.173725999632438 ], [ 75.403173000385237, 33.170883999852727 ], [ 75.394914000155836, 33.163574999768443 ], [ 75.388172000218091, 33.169609000348437 ], [ 75.372627000077784, 33.174486000250639 ], [ 75.366797000359156, 33.174892999721152 ], [ 75.353681999656246, 33.17245400025196 ], [ 75.336025000095859, 33.176517999754772 ], [ 75.328982999684143, 33.180784999641048 ], [ 75.325009000190903, 33.185864999742115 ], [ 75.322579999680087, 33.200491999768929 ], [ 75.322579999680087, 33.213085000093301 ], [ 75.326466000208086, 33.225271000158195 ], [ 75.331809999679891, 33.233393999855778 ], [ 75.336666999978291, 33.238672999705408 ], [ 75.342011000348393, 33.246387999849112 ], [ 75.34638300022489, 33.249231000283366 ], [ 75.363695999828707, 33.264304000238035 ], [ 75.376987000258708, 33.273995999805472 ], [ 75.374578999664266, 33.289420000260208 ], [ 75.394879999820631, 33.298252000329455 ], [ 75.398656999670393, 33.298825000092478 ], [ 75.403463999740055, 33.298395000220509 ], [ 75.40810000010552, 33.30054700032467 ], [ 75.417370000288315, 33.30054700032467 ] ] ] } },
{ "type": "Feature", "properties": { "pincode": "182148", "officename": "Chanderkot S.O", "officetype": "S.O", "circle": "Jammu And Kashmir", "region": "Div Reporting", "division": "Udhampur", "state": "Jammu And Kashmir", "district": "Udhampur" }, "geometry": { "type": "Polygon", "coordinates": [ [ [ 75.336687999894679, 33.315390999662128 ], [ 75.342032000264808, 33.308087999958346 ], [ 75.349319000000605, 33.308494000264147 ], [ 75.360491000439481, 33.307682000014452 ], [ 75.374865999719447, 33.312551000104342 ], [ 75.382556999686315, 33.318311999879256 ], [ 75.385991000302681, 33.316850999671352 ], [ 75.390883999687773, 33.303319999987927 ], [ 75.393457000138639, 33.300182999770115 ], [ 75.389729999619291, 33.29595599988361 ], [ 75.374578999664266, 33.289420000260208 ], [ 75.376987000258708, 33.273995999805472 ], [ 75.351725999871789, 33.254509000233462 ], [ 75.331345000247808, 33.259786999874308 ], [ 75.320658000230779, 33.258975000055301 ], [ 75.314827999613868, 33.252885000108982 ], [ 75.310455999737371, 33.239485000343585 ], [ 75.308998999720188, 33.226895000080653 ], [ 75.312399999826269, 33.201710000004077 ], [ 75.312399999826269, 33.182207000064444 ], [ 75.314827999613868, 33.17692500031486 ], [ 75.308513000371704, 33.168390000293456 ], [ 75.296369000337492, 33.165545000084187 ], [ 75.289567999950194, 33.170421999763342 ], [ 75.290054000196989, 33.180988000047705 ], [ 75.286653000090894, 33.189522000192113 ], [ 75.269650999933404, 33.201710000004077 ], [ 75.258477999669594, 33.208210000244762 ], [ 75.245362000040075, 33.210241999885142 ], [ 75.236619000111986, 33.207398000126204 ], [ 75.224474000252897, 33.206992000248704 ], [ 75.234038000163565, 33.214132000170601 ], [ 75.234552999824345, 33.21887200006271 ], [ 75.237809999990418, 33.222892999845165 ], [ 75.245362000040075, 33.223035999908774 ], [ 75.258923999733426, 33.226483000150665 ], [ 75.252163000427402, 33.238266999939242 ], [ 75.248891000192728, 33.249556000211157 ], [ 75.230887000302687, 33.25572699967433 ], [ 75.223017000235686, 33.265470999837326 ], [ 75.21773599961476, 33.274453000332159 ], [ 75.224537000002073, 33.284592000152635 ], [ 75.221083000192536, 33.292078999673024 ], [ 75.237700000385558, 33.283332000193738 ], [ 75.249109999577513, 33.282520000010592 ], [ 75.262948000353674, 33.284144000332162 ], [ 75.268289000350762, 33.28373800008081 ], [ 75.275813999737935, 33.284550000196745 ], [ 75.288168999659305, 33.293885000163883 ], [ 75.294970000046632, 33.292261000153204 ], [ 75.308552999656357, 33.29266699979857 ], [ 75.317781999831226, 33.299566000242855 ], [ 75.316324999814043, 33.304436000060768 ], [ 75.310981000342252, 33.312551000104342 ], [ 75.316324999814043, 33.318231999662594 ], [ 75.330372999754175, 33.319043000119308 ], [ 75.336687999894679, 33.315390999662128 ] ] ] } },
{ "type": "Feature", "properties": { "pincode": "182161", "officename": "Mantalai S.O", "officetype": "S.O", "circle": "Jammu And Kashmir", "region": "Div Reporting", "division": "Udhampur", "state": "Jammu And Kashmir", "district": "Udhampur" }, "geometry": { "type": "Polygon", "coordinates": [ [ [ 75.455825000122502, 32.963163000211857 ], [ 75.457981999748441, 32.960145000076778 ], [ 75.463285000110687, 32.961938000274358 ], [ 75.473198999825684, 32.960317999954441 ], [ 75.487488999615152, 32.962081999753096 ], [ 75.493171999918985, 32.968009999816999 ], [ 75.488718000026736, 32.961276999912478 ], [ 75.488723000049575, 32.946203000011231 ], [ 75.465177000321049, 32.946610000232553 ], [ 75.46833200037986, 32.931533999773784 ], [ 75.475072999594403, 32.913370000219565 ], [ 75.462943999628834, 32.912785999673432 ], [ 75.461972000033526, 32.902188000369009 ], [ 75.459057000174198, 32.896887999689397 ], [ 75.45419999987584, 32.881803000336497 ], [ 75.445940999646396, 32.868345999957079 ], [ 75.438654999735533, 32.864676000097361 ], [ 75.410015999707028, 32.863043999887026 ], [ 75.396392000089435, 32.864267999842021 ], [ 75.385260999658414, 32.858558000345333 ], [ 75.378946000416221, 32.86589899965314 ], [ 75.368216999668135, 32.866714999879228 ], [ 75.362874000021236, 32.868345999957079 ], [ 75.358502000144739, 32.873240000186001 ], [ 75.354614999791821, 32.880172000370834 ], [ 75.359472999915113, 32.888326000016079 ], [ 75.342957000004432, 32.887510999824421 ], [ 75.335670000268635, 32.894850000182977 ], [ 75.328425000365627, 32.900148999746001 ], [ 75.329841000374955, 32.902188000369009 ], [ 75.324357000262737, 32.924852000324407 ], [ 75.351068999920756, 32.92821399991449 ], [ 75.323629000166576, 32.970238999737546 ], [ 75.344528999649341, 32.974719999709308 ], [ 75.353259000056966, 32.986327999703249 ], [ 75.346698999694084, 32.998341000289329 ], [ 75.344517999778688, 33.006789999904242 ], [ 75.343791000405801, 33.01014900006745 ], [ 75.345856999795103, 33.011880000143101 ], [ 75.343186000333276, 33.013101000298001 ], [ 75.345613000295955, 33.01656200016631 ], [ 75.340997999846905, 33.018801000264183 ], [ 75.350346999672411, 33.023176999802715 ], [ 75.398295999995355, 33.033037999827876 ], [ 75.398853000387305, 33.026511999802374 ], [ 75.391960999763384, 33.019602999769965 ], [ 75.383033999712282, 33.017588000112944 ], [ 75.392020000212909, 33.009335000207464 ], [ 75.397849999931537, 32.999155999653745 ], [ 75.409022000370442, 32.995898000318078 ], [ 75.424390000060413, 32.982458999962212 ], [ 75.432402000417611, 32.977570999628355 ], [ 75.440715000175388, 32.974972000050009 ], [ 75.455825000122502, 32.963163000211857 ] ] ] } },
{ "type": "Feature", "properties": { "pincode": "182201", "officename": "Khellani S.O", "officetype": "S.O", "circle": "Jammu And Kashmir", "region": "Div Reporting", "division": "Udhampur", "state": "Jammu And Kashmir", "district": "Udhampur" }, "geometry": { "type": "Polygon", "coordinates": [ [ [ 75.615383999839693, 33.256171000209989 ], [ 75.651734999751426, 33.25255800002568 ], [ 75.660479000402702, 33.247283999956821 ], [ 75.66145099999801, 33.235923000069484 ], [ 75.660964999751229, 33.224561999704136 ], [ 75.66970900040252, 33.224561999704136 ], [ 75.679423999925902, 33.226591000086515 ], [ 75.690110999942902, 33.224155999799876 ], [ 75.696426000083392, 33.219286000292804 ], [ 75.699945000190297, 33.209945999851783 ], [ 75.703932999927233, 33.207193999645611 ], [ 75.704662999673189, 33.201510999875239 ], [ 75.7134909999901, 33.197724000138628 ], [ 75.723718275482355, 33.184118437824388 ], [ 75.686253753588829, 33.192155517818179 ], [ 75.686089999695696, 33.19155299998878 ], [ 75.722504000254929, 33.161074000102062 ], [ 75.730276000412616, 33.13587000009953 ], [ 75.738535999568626, 33.114928999881222 ], [ 75.735377000210164, 33.098660999686516 ], [ 75.743392999867027, 33.089916000285463 ], [ 75.734869000222062, 33.08167500014212 ], [ 75.726389000059697, 33.083609999696492 ], [ 75.706010999910475, 33.09622100001905 ], [ 75.681921000208789, 33.101712000256228 ], [ 75.679491999697959, 33.109845999627943 ], [ 75.672204999962162, 33.114318999791294 ], [ 75.665889999821658, 33.116759000316023 ], [ 75.657957999830415, 33.117242000043689 ], [ 75.646547999740136, 33.116657999907908 ], [ 75.639657999664365, 33.122859000004127 ], [ 75.641600999928372, 33.128144999635424 ], [ 75.640630000157998, 33.135057000069516 ], [ 75.618769999877188, 33.147254000178691 ], [ 75.612940000158574, 33.151725000018068 ], [ 75.610026000124179, 33.157009999784044 ], [ 75.601366000036762, 33.164731999805852 ], [ 75.592141999884745, 33.167170999830461 ], [ 75.589232999873246, 33.152537999803641 ], [ 75.577088999839034, 33.156197000086671 ], [ 75.570305999893378, 33.151725000018068 ], [ 75.560594999669647, 33.153147999840925 ], [ 75.55427000038172, 33.149082999709705 ], [ 75.551372000240846, 33.148676000007818 ], [ 75.541430000038446, 33.143900000354236 ], [ 75.51980800030735, 33.144407999841306 ], [ 75.513490999618668, 33.133836999954312 ], [ 75.504155000211995, 33.132706000314904 ], [ 75.508527000088492, 33.131894000074134 ], [ 75.519700000352302, 33.124175000130947 ], [ 75.526500999841289, 33.122549999984599 ], [ 75.552506000217889, 33.112286000243273 ], [ 75.56355300008498, 33.106032999789747 ], [ 75.577507000313801, 33.107459000079224 ], [ 75.587221999837155, 33.10461500022366 ], [ 75.588679999679272, 33.100145000042431 ], [ 75.592715000170188, 33.096297000311374 ], [ 75.595965999590177, 33.091610000291027 ], [ 75.593536999977701, 33.083888000074445 ], [ 75.585764999819972, 33.080201000071149 ], [ 75.571678000420093, 33.076950000312863 ], [ 75.564136000416184, 33.076439000130435 ], [ 75.551648000425402, 33.073022999624257 ], [ 75.543016999751998, 33.069225999991588 ], [ 75.537674000105099, 33.063941000243915 ], [ 75.524576999843859, 33.057029000263377 ], [ 75.524576999843859, 33.052556999843191 ], [ 75.51923400019696, 33.045237999846591 ], [ 75.515833000090865, 33.037104999817643 ], [ 75.516319000337688, 33.028970999650483 ], [ 75.532835000248355, 33.024090000099633 ], [ 75.544493999860663, 33.02327700037641 ], [ 75.560524000422859, 33.018396000365584 ], [ 75.564410000052561, 33.011073999691419 ], [ 75.562466999788555, 33.002124000280226 ], [ 75.558094999912058, 32.996020999977752 ], [ 75.543954999910426, 32.985770000153309 ], [ 75.537693000371675, 32.989103999823662 ], [ 75.523119999826676, 32.990325000279789 ], [ 75.511539999857078, 32.981644000125016 ], [ 75.49841900020472, 32.975942000182691 ], [ 75.493171999918985, 32.968009999816999 ], [ 75.487488999615152, 32.962081999753096 ], [ 75.473198999825684, 32.960317999954441 ], [ 75.463285000110687, 32.961938000274358 ], [ 75.457981999748441, 32.960145000076778 ], [ 75.455825000122502, 32.963163000211857 ], [ 75.440715000175388, 32.974972000050009 ], [ 75.432402000417611, 32.977570999628355 ], [ 75.424390000060413, 32.982458999962212 ], [ 75.409022000370442, 32.995898000318078 ], [ 75.397849999931537, 32.999155999653745 ], [ 75.392020000212909, 33.009335000207464 ], [ 75.383033999712282, 33.017588000112944 ], [ 75.391960999763384, 33.019602999769965 ], [ 75.398853000387305, 33.026511999802374 ], [ 75.398295999995355, 33.033037999827876 ], [ 75.376921999961368, 33.037918000001731 ], [ 75.372550000084871, 33.04279800021569 ], [ 75.370626000087441, 33.049331999814314 ], [ 75.364310999946937, 33.051771999886071 ], [ 75.362367999682945, 33.057057999832573 ], [ 75.356537999964317, 33.062750000318871 ], [ 75.354110000176732, 33.068035000071063 ], [ 75.350338000349879, 33.079337999981455 ], [ 75.351556999817362, 33.082390000058666 ], [ 75.347991999679749, 33.089240000262535 ], [ 75.343764999568208, 33.100084999710845 ], [ 75.347672999837499, 33.10496499971854 ], [ 75.351556999817362, 33.106592000217361 ], [ 75.379953999996545, 33.110049000196518 ], [ 75.38165700006104, 33.114928999881222 ], [ 75.384812999944756, 33.120013000086971 ], [ 75.391513999874647, 33.125800000298533 ], [ 75.392000000121428, 33.130268999852888 ], [ 75.396371999997925, 33.137175000359953 ], [ 75.39540000040266, 33.143267999877757 ], [ 75.397342999768327, 33.151797000045121 ], [ 75.393457000138639, 33.158295000344559 ], [ 75.394914000155836, 33.163574999768443 ], [ 75.403173000385237, 33.170883999852727 ], [ 75.412887999908634, 33.173725999632438 ], [ 75.430376000312947, 33.17413200034931 ], [ 75.443977000364342, 33.179004999811227 ], [ 75.451750000346934, 33.179411000131424 ], [ 75.466794999996722, 33.178278000132345 ], [ 75.471166999873219, 33.173812000074655 ], [ 75.479425000277715, 33.170157999800601 ], [ 75.490597999643228, 33.166502999736736 ], [ 75.501284999660228, 33.164443999708134 ], [ 75.513914999941221, 33.167692999805411 ], [ 75.527515999992616, 33.172565000065887 ], [ 75.53625999974561, 33.177844000253785 ], [ 75.558062000300083, 33.178249999938238 ], [ 75.572635999771691, 33.181498000368386 ], [ 75.58380800021061, 33.179874000165647 ], [ 75.596437999593263, 33.183527999831639 ], [ 75.604210999575898, 33.183527999831639 ], [ 75.632871000419073, 33.191647000347004 ], [ 75.652788000435876, 33.192865000328752 ], [ 75.66396099980139, 33.197736999997879 ], [ 75.663474999554566, 33.205042999643105 ], [ 75.659102999678069, 33.210724999747733 ], [ 75.632385999997183, 33.211131000347862 ], [ 75.623642000244203, 33.210724999747733 ], [ 75.615869000261583, 33.208695999696417 ], [ 75.603725000227399, 33.209101999937815 ], [ 75.580407999929378, 33.211536999816168 ], [ 75.572150000423207, 33.21437800015665 ], [ 75.566806000053077, 33.2180309998881 ], [ 75.565835000282704, 33.224524000252067 ], [ 75.574579000035698, 33.22898799969812 ], [ 75.585750999576277, 33.22898799969812 ], [ 75.590123000351099, 33.231827999836518 ], [ 75.597896000333691, 33.235074000115716 ], [ 75.592065999716766, 33.241972000040313 ], [ 75.58380800021061, 33.24440600014659 ], [ 75.581864999946589, 33.248868999680681 ], [ 75.585750999576277, 33.254143000251567 ], [ 75.605182000244582, 33.253737000222685 ], [ 75.615383999839693, 33.256171000209989 ] ] ] } },
{ "type": "Feature", "properties": { "pincode": "182202", "officename": "Doda S.O Doda", "officetype": "S.O", "circle": "Jammu And Kashmir", "region": "Div Reporting", "division": "Udhampur", "state": "Jammu And Kashmir", "district": "Udhampur" }, "geometry": { "type": "Polygon", "coordinates": [ [ [ 75.437723000323174, 33.3897619997243 ], [ 75.457154000093198, 33.368696999655555 ], [ 75.478528000127184, 33.355732000209656 ], [ 75.478415000149297, 33.345484000215201 ], [ 75.490493999886127, 33.342001999915283 ], [ 75.494931000059964, 33.342647000117445 ], [ 75.502704000042598, 33.336568000258772 ], [ 75.506589999672258, 33.331299000172741 ], [ 75.506589999672258, 33.327245999861759 ], [ 75.526021000340592, 33.320355000058555 ], [ 75.53524999961715, 33.29962299964717 ], [ 75.533792999599967, 33.290673999745231 ], [ 75.541564999757654, 33.288645999775483 ], [ 75.564882000055647, 33.286213000224009 ], [ 75.573625999808669, 33.286619000225734 ], [ 75.594029000072254, 33.283779999676483 ], [ 75.608116000370472, 33.279724999743507 ], [ 75.619288999735957, 33.270802000365748 ], [ 75.621212999733388, 33.259415999695435 ], [ 75.615383999839693, 33.256171000209989 ], [ 75.605182000244582, 33.253737000222685 ], [ 75.585750999576277, 33.254143000251567 ], [ 75.581864999946589, 33.248868999680681 ], [ 75.58380800021061, 33.24440600014659 ], [ 75.592065999716766, 33.241972000040313 ], [ 75.597896000333691, 33.235074000115716 ], [ 75.590123000351099, 33.231827999836518 ], [ 75.585750999576277, 33.22898799969812 ], [ 75.574579000035698, 33.22898799969812 ], [ 75.565835000282704, 33.224524000252067 ], [ 75.566806000053077, 33.2180309998881 ], [ 75.572150000423207, 33.21437800015665 ], [ 75.580407999929378, 33.211536999816168 ], [ 75.603725000227399, 33.209101999937815 ], [ 75.615869000261583, 33.208695999696417 ], [ 75.623642000244203, 33.210724999747733 ], [ 75.632385999997183, 33.211131000347862 ], [ 75.659102999678069, 33.210724999747733 ], [ 75.663474999554566, 33.205042999643105 ], [ 75.66396099980139, 33.197736999997879 ], [ 75.652788000435876, 33.192865000328752 ], [ 75.632871000419073, 33.191647000347004 ], [ 75.604210999575898, 33.183527999831639 ], [ 75.596437999593263, 33.183527999831639 ], [ 75.58380800021061, 33.179874000165647 ], [ 75.572635999771691, 33.181498000368386 ], [ 75.558062000300083, 33.178249999938238 ], [ 75.53625999974561, 33.177844000253785 ], [ 75.527515999992616, 33.172565000065887 ], [ 75.513914999941221, 33.167692999805411 ], [ 75.501284999660228, 33.164443999708134 ], [ 75.490597999643228, 33.166502999736736 ], [ 75.479425000277715, 33.170157999800601 ], [ 75.471166999873219, 33.173812000074655 ], [ 75.466794999996722, 33.178278000132345 ], [ 75.451750000346934, 33.179411000131424 ], [ 75.443977000364342, 33.179004999811227 ], [ 75.430376000312947, 33.17413200034931 ], [ 75.412887999908634, 33.173725999632438 ], [ 75.403750999795236, 33.180988000047705 ], [ 75.39840899997327, 33.194397000294451 ], [ 75.39635799975423, 33.203853999902485 ], [ 75.391985999877733, 33.209535999771987 ], [ 75.393929000141739, 33.214000999960014 ], [ 75.401702000124359, 33.218059000140173 ], [ 75.410445000052448, 33.22049400029519 ], [ 75.436677000209741, 33.222523000345674 ], [ 75.444934999715912, 33.2249580002497 ], [ 75.455621999732912, 33.233884999667687 ], [ 75.459993999609409, 33.240783000232796 ], [ 75.465337999979525, 33.246085999919764 ], [ 75.476510000418443, 33.253794000259177 ], [ 75.473596000384035, 33.262313000336498 ], [ 75.469709999856036, 33.27001899986783 ], [ 75.46776699959203, 33.27859300037025 ], [ 75.468252000013905, 33.283460000066043 ], [ 75.463394999715533, 33.289542999914588 ], [ 75.460802000071496, 33.288912999653093 ], [ 75.459827000103175, 33.286883999816581 ], [ 75.456432999669744, 33.284346999749602 ], [ 75.454010999729945, 33.284753000171776 ], [ 75.450362999751633, 33.28373800008081 ], [ 75.44672700036719, 33.284753000171776 ], [ 75.440652000426184, 33.283332000193738 ], [ 75.431669000298598, 33.285970000368081 ], [ 75.417587000023289, 33.297131000103008 ], [ 75.417370000288315, 33.30054700032467 ], [ 75.40810000010552, 33.30054700032467 ], [ 75.403463999740055, 33.298395000220509 ], [ 75.398656999670393, 33.298825000092478 ], [ 75.394879999820631, 33.298252000329455 ], [ 75.389729999619291, 33.29595599988361 ], [ 75.393457000138639, 33.300182999770115 ], [ 75.390883999687773, 33.303319999987927 ], [ 75.385991000302681, 33.316850999671352 ], [ 75.382556999686315, 33.318311999879256 ], [ 75.388948999819689, 33.323099999954216 ], [ 75.395735000138401, 33.332822999848247 ], [ 75.386661999599113, 33.341025999891961 ], [ 75.382359000217903, 33.343503000344363 ], [ 75.387208999945273, 33.361228000204726 ], [ 75.384576999943192, 33.37254200032443 ], [ 75.381660000434067, 33.375838999976267 ], [ 75.376511000057619, 33.378276000044693 ], [ 75.371531999560503, 33.377415999913836 ], [ 75.370303999872149, 33.381655000213939 ], [ 75.395406000250432, 33.385593999803589 ], [ 75.411435999914289, 33.391670000118651 ], [ 75.437723000323174, 33.3897619997243 ] ] ] } },
{ "type": "Feature", "properties": { "pincode": "182203", "officename": "Thathri S.O", "officetype": "S.O", "circle": "Jammu And Kashmir", "region": "Div Reporting", "division": "Udhampur", "state": "Jammu And Kashmir", "district": "Udhampur" }, "geometry": { "type": "Polygon", "coordinates": [ [ [ 76.021758000274247, 33.273683999758056 ], [ 76.028558999763234, 33.261920999828234 ], [ 76.03681700016773, 33.25989299963603 ], [ 76.046027999900971, 33.219318999954595 ], [ 76.061086999794455, 33.220130999939741 ], [ 76.06594400009287, 33.225000999751288 ], [ 76.078088999951945, 33.239608999743936 ], [ 76.084346000366153, 33.259081999859085 ], [ 76.09695700038057, 33.254563000187218 ], [ 76.099385999993061, 33.248883000130327 ], [ 76.110073000010061, 33.244826000299746 ], [ 76.105701000133564, 33.239146000030928 ], [ 76.106671999903966, 33.230218999655669 ], [ 76.109101000414753, 33.225756000104177 ], [ 76.145534000342266, 33.222102999768936 ], [ 76.158649999971743, 33.222102999768936 ], [ 76.167393999724737, 33.220886000240107 ], [ 76.175165999882452, 33.217233000210321 ], [ 76.175165999882452, 33.197751000364526 ], [ 76.171765999601234, 33.185571999681947 ], [ 76.173222999618446, 33.174581000146489 ], [ 76.181481000022956, 33.164430000034386 ], [ 76.208683999950622, 33.158338000249003 ], [ 76.217913999950426, 33.152245999914349 ], [ 76.245116999878135, 33.139249000050384 ], [ 76.251432000018625, 33.13315599982981 ], [ 76.260662000018428, 33.127874999987682 ], [ 76.271349000035428, 33.124218000206518 ], [ 76.281959000059558, 33.122101000144028 ], [ 76.291673999582912, 33.127788999635762 ], [ 76.314229000347893, 33.124232000279072 ], [ 76.313410999840073, 33.122669000157423 ], [ 76.303335999568276, 33.118272000201294 ], [ 76.301575999602377, 33.113581999984781 ], [ 76.300285999989768, 33.112298999980894 ], [ 76.292098999730356, 33.105957999690645 ], [ 76.285940000123759, 33.102390000130249 ], [ 76.288485999912155, 33.098716000318667 ], [ 76.283046000180875, 33.086336999791612 ], [ 76.282821000049964, 33.076828000303387 ], [ 76.283662999948959, 33.071916999638866 ], [ 76.28929000017628, 33.067942000244457 ], [ 76.290356000381223, 33.064602000167582 ], [ 76.290409000084637, 33.059845999873176 ], [ 76.289697999706959, 33.056795999743194 ], [ 76.286826000403678, 33.056569000029668 ], [ 76.279706999999064, 33.053569999977547 ], [ 76.276321999786461, 33.051048000327754 ], [ 76.274954000356047, 33.040763999944794 ], [ 76.272936999573872, 33.037062000058455 ], [ 76.2666290000044, 33.035103000226052 ], [ 76.261483000000993, 33.036019000014214 ], [ 76.255351999983503, 33.034047000330894 ], [ 76.246231999588559, 33.027281000360929 ], [ 76.244705999974414, 33.022814999624373 ], [ 76.242771999931222, 33.020819999626816 ], [ 76.230770000187263, 33.020995999662638 ], [ 76.220715000006919, 33.022876999660554 ], [ 76.217511000442627, 33.021300999979672 ], [ 76.212327999730988, 33.016448999918794 ], [ 76.203502999787148, 33.015991000072241 ], [ 76.189644999817801, 33.018280000076032 ], [ 76.183251999859493, 33.020452000196791 ], [ 76.180094000325951, 33.02054299992863 ], [ 76.177273000177991, 33.019688000208468 ], [ 76.175586999831921, 33.018128999788708 ], [ 76.17075999967075, 33.011274999930905 ], [ 76.167898000413217, 33.008565000144088 ], [ 76.160336000317798, 33.006628999773334 ], [ 76.144278999991414, 33.007742000010879 ], [ 76.136306999817194, 33.009590999727635 ], [ 76.127649000277927, 33.007545000168022 ], [ 76.121890999631006, 33.008036000216073 ], [ 76.107204000181525, 33.00605600003486 ], [ 76.10792700025479, 33.000000000045986 ], [ 76.103803999900322, 32.991192000297083 ], [ 76.106223005755282, 32.988438002182413 ], [ 76.106287999764419, 32.986878000309972 ], [ 76.103047000390163, 32.982834000022834 ], [ 76.098476000322023, 32.971534999725073 ], [ 76.094157000148996, 32.965163000093177 ], [ 76.092178999724908, 32.963337000374679 ], [ 76.082238000245709, 32.961566999651552 ], [ 76.083015999672256, 32.955245999659112 ], [ 76.068311999605982, 32.951899999650465 ], [ 76.064744999818529, 32.944859999895613 ], [ 76.061260999871749, 32.940945000258793 ], [ 76.05449899984248, 32.938903999673322 ], [ 76.040631999652319, 32.936780999832301 ], [ 76.038825999655657, 32.935752000069151 ], [ 76.034355000044968, 32.931741000267714 ], [ 76.032003000425348, 32.92690600014695 ], [ 76.03313599967916, 32.921375000119568 ], [ 76.027187999959779, 32.915707999971055 ], [ 76.017895000210757, 32.913103000276216 ], [ 76.012020000286299, 32.9094639999769 ], [ 76.008756000447548, 32.908496999676807 ], [ 76.002335999826755, 32.901516000183982 ], [ 75.998952000337397, 32.902034999717934 ], [ 75.996513999605753, 32.899350999724902 ], [ 75.988753000217031, 32.897964999987153 ], [ 75.984571000311334, 32.895598000270624 ], [ 75.98123499960424, 32.895100000029636 ], [ 75.97536899990061, 32.886484999842864 ], [ 75.971847000319016, 32.886180999662287 ], [ 75.966071999953655, 32.881919999889767 ], [ 75.964430999813459, 32.881912000260499 ], [ 75.962425999625182, 32.879921000296385 ], [ 75.961191000264165, 32.879895000157873 ], [ 75.958869999708369, 32.877533999777839 ], [ 75.953685994680256, 32.875368993423294 ], [ 75.950109000236949, 32.872832999780094 ], [ 75.948820000449231, 32.873000000319131 ], [ 75.941058000337279, 32.878279999701277 ], [ 75.92828099974318, 32.889786000294038 ], [ 75.922240000137407, 32.898712000027913 ], [ 75.921768999959184, 32.901767000178523 ], [ 75.918839999856161, 32.905754000354491 ], [ 75.915487000328952, 32.907062999808112 ], [ 75.912944000015344, 32.90670799978421 ], [ 75.903849999559682, 32.912793000303267 ], [ 75.899154999642988, 32.912206999743695 ], [ 75.891955999770715, 32.914485999983746 ], [ 75.88865900031999, 32.914579000271644 ], [ 75.885772999874717, 32.916005000242748 ], [ 75.883278999964872, 32.918678000070614 ], [ 75.876793999945065, 32.919482000293634 ], [ 75.87300899969938, 32.923847999989185 ], [ 75.867081999896413, 32.922759000140161 ], [ 75.859339999875928, 32.925388999671263 ], [ 75.849948000392757, 32.925289999632355 ], [ 75.823544999632915, 32.941313999921832 ], [ 75.808971999986213, 32.961685000250171 ], [ 75.785654999688219, 32.980422000189492 ], [ 75.773023999582321, 33.008113999890824 ], [ 75.758450999935619, 33.03009800030604 ], [ 75.742905999795312, 33.06428399987292 ], [ 75.743392999867027, 33.089916000285463 ], [ 75.735377000210164, 33.098660999686516 ], [ 75.738535999568626, 33.114928999881222 ], [ 75.730276000412616, 33.13587000009953 ], [ 75.722504000254929, 33.161074000102062 ], [ 75.686089999695696, 33.19155299998878 ], [ 75.686253753588829, 33.192155517818179 ], [ 75.730252039649059, 33.182716706092002 ], [ 75.769758999918622, 33.178636999706796 ], [ 75.778444999945322, 33.172140000166053 ], [ 75.795933000349621, 33.161987999964104 ], [ 75.803219000260498, 33.162799999962203 ], [ 75.815848999643194, 33.170922000031638 ], [ 75.824107000047704, 33.167673000045156 ], [ 75.834308999642815, 33.166049000072938 ], [ 75.847424000345697, 33.161582000153253 ], [ 75.857139999693985, 33.160363999969753 ], [ 75.865398000098494, 33.157926999775171 ], [ 75.878028000379473, 33.159551999974113 ], [ 75.895495999793994, 33.167272000016247 ], [ 75.899867999670519, 33.174581000146489 ], [ 75.899382000321992, 33.183514000198578 ], [ 75.903754000198532, 33.190414999931967 ], [ 75.904240000445313, 33.195692999870452 ], [ 75.915412999810826, 33.200969999954523 ], [ 75.920756000356022, 33.205840999987835 ], [ 75.936300999597989, 33.209493999809396 ], [ 75.934358000232308, 33.220046000139853 ], [ 75.936300999597989, 33.230191000289871 ], [ 75.955692999908251, 33.271656000063508 ], [ 75.962008000048741, 33.269221999667273 ], [ 75.971724000295339, 33.268006000021934 ], [ 75.982895999835961, 33.268006000021934 ], [ 75.992125999835721, 33.269221999667273 ], [ 75.998440999976225, 33.272467000255098 ], [ 76.002326999605941, 33.277333999777653 ], [ 76.004756000116757, 33.283417000036032 ], [ 76.013986000116532, 33.283417000036032 ], [ 76.021758000274247, 33.273683999758056 ] ], [ [ 75.865926000178092, 33.021345000158128 ], [ 75.871755000071786, 33.020327999682628 ], [ 75.880256000150524, 33.020735000279679 ], [ 75.9028450003524, 33.028876999809384 ], [ 75.916447000228686, 33.028265999904576 ], [ 75.920090000184132, 33.032947000193019 ], [ 75.919119000413758, 33.040681000335489 ], [ 75.911831999779622, 33.04251200013347 ], [ 75.908916999920351, 33.037628000340192 ], [ 75.900659000414137, 33.039052999664221 ], [ 75.893615000352597, 33.038442000282942 ], [ 75.890215000071393, 33.040070000196692 ], [ 75.886085999869152, 33.047193000331539 ], [ 75.884142999605132, 33.054517999784935 ], [ 75.880014000301216, 33.063470999911615 ], [ 75.869325999560985, 33.062657000177346 ], [ 75.860825000380544, 33.063673999908147 ], [ 75.860581999807977, 33.06774299999401 ], [ 75.868598000363164, 33.072014999712984 ], [ 75.864469000160909, 33.07526999978014 ], [ 75.848437999773793, 33.076286999777402 ], [ 75.841879999959048, 33.071404999888792 ], [ 75.832892999633472, 33.06733599974487 ], [ 75.827792999660829, 33.05960499991766 ], [ 75.830221000346739, 33.053704000082078 ], [ 75.848195000099537, 33.05207599993534 ], [ 75.856696000178289, 33.050245000181384 ], [ 75.857182000425098, 33.043529999897949 ], [ 75.865197000257041, 33.032744000147567 ], [ 75.863011000318792, 33.026230999847002 ], [ 75.865926000178092, 33.021345000158128 ] ] ] } },
{ "type": "Feature", "properties": { "pincode": "182204", "officename": "Kishtwar S.O", "officetype": "S.O", "circle": "Jammu And Kashmir", "region": "Div Reporting", "division": "Udhampur", "state": "Jammu And Kashmir", "district": "Udhampur" }, "geometry": { "type": "Polygon", "coordinates": [ [ [ 76.024357999590947, 33.982124999837914 ], [ 76.026902999554395, 33.971011000140926 ], [ 76.038265999789004, 33.959060999728742 ], [ 76.043152000399715, 33.952107999671362 ], [ 76.045159006526035, 33.945397995067168 ], [ 76.048263000243026, 33.940359999931367 ], [ 76.048315000121548, 33.936415999979438 ], [ 76.04947500003783, 33.93385599989243 ], [ 76.048983999768126, 33.931494000162907 ], [ 76.046151999749512, 33.930071999685524 ], [ 76.04450999978441, 33.927532999811547 ], [ 76.041370999619105, 33.925290999801476 ], [ 76.03535299957953, 33.924935000082748 ], [ 76.033893999912522, 33.924167999745293 ], [ 76.032568000314882, 33.919659000046856 ], [ 76.038035999635227, 33.918870000268186 ], [ 76.043104999645735, 33.916046999832481 ], [ 76.046735999905607, 33.912763000320439 ], [ 76.053266999956193, 33.912357000202284 ], [ 76.063119999571825, 33.909491000300548 ], [ 76.070084000165778, 33.908871999640226 ], [ 76.082574999631262, 33.903475999711283 ], [ 76.091906999738342, 33.902429000356939 ], [ 76.096897000106111, 33.900411000327672 ], [ 76.100238999762666, 33.896260000075799 ], [ 76.107251000037195, 33.89184799965124 ], [ 76.109580999915451, 33.891937999934186 ], [ 76.117900000419326, 33.888719999993974 ], [ 76.122964000406967, 33.889049999743662 ], [ 76.125013000077885, 33.885276999868047 ], [ 76.136675000063221, 33.878599999866474 ], [ 76.138474000387163, 33.872414999664208 ], [ 76.137543999726347, 33.870075999758157 ], [ 76.139435000111803, 33.867969999946709 ], [ 76.142553000360707, 33.866464000220112 ], [ 76.145166999921145, 33.86177999993285 ], [ 76.147192000200903, 33.855865999975663 ], [ 76.149508999660412, 33.85362100007633 ], [ 76.148621999555587, 33.851163999814908 ], [ 76.149081000038237, 33.850154000341242 ], [ 76.150081000120949, 33.849117000304553 ], [ 76.155401000201593, 33.847245000218052 ], [ 76.154364000308973, 33.845410999998705 ], [ 76.154253999805789, 33.840601000112208 ], [ 76.159978000117519, 33.836920999866955 ], [ 76.160031999645852, 33.835388999781337 ], [ 76.156869999914363, 33.829988999669595 ], [ 76.158957999943325, 33.825665999823499 ], [ 76.162640000256815, 33.82120200002813 ], [ 76.165976999890546, 33.819348000140188 ], [ 76.163242999781204, 33.817409999747078 ], [ 76.159751000336797, 33.808467999778273 ], [ 76.161379000058204, 33.801849999690106 ], [ 76.16724599958674, 33.797817999757626 ], [ 76.174421999892786, 33.798713000174779 ], [ 76.180741000231237, 33.800489999827334 ], [ 76.184735999640878, 33.800154999798686 ], [ 76.187443999810938, 33.796655999978469 ], [ 76.190736999962013, 33.795341999940845 ], [ 76.193327000131305, 33.793194999629719 ], [ 76.198667000303459, 33.787232000260786 ], [ 76.200023000038314, 33.782291000109836 ], [ 76.199436000407474, 33.777775000137929 ], [ 76.200361999972031, 33.775641999743293 ], [ 76.205326000400561, 33.772586999638243 ], [ 76.210797999918881, 33.771195000228417 ], [ 76.212579999626087, 33.761177000221814 ], [ 76.218853999758693, 33.758729000056526 ], [ 76.231472000344127, 33.759020999843443 ], [ 76.236108999636187, 33.759872999644095 ], [ 76.242226999234873, 33.758149997665413 ], [ 76.247085000256476, 33.758532999856527 ], [ 76.247856000010344, 33.754561000175748 ], [ 76.250975000084139, 33.751825999669919 ], [ 76.260220999977477, 33.749992999666958 ], [ 76.265470999737943, 33.7463739999476 ], [ 76.267259000191231, 33.740375999815313 ], [ 76.265387999897257, 33.735749000283704 ], [ 76.265783999732378, 33.733774999734358 ], [ 76.271166999562254, 33.730746000356007 ], [ 76.267414000001935, 33.724683999667455 ], [ 76.267126000121863, 33.717093000067109 ], [ 76.26323799994401, 33.712080999934464 ], [ 76.263834999620585, 33.709553000267661 ], [ 76.266178999742593, 33.706930999994292 ], [ 76.263114999920376, 33.70304300023755 ], [ 76.265695000043934, 33.697423999920098 ], [ 76.264944000381561, 33.69392000031894 ], [ 76.265804999648779, 33.691242999873189 ], [ 76.264718000425759, 33.689417000240496 ], [ 76.269603000313225, 33.68509299977309 ], [ 76.269341000372407, 33.683858000009522 ], [ 76.266411000444492, 33.680826000271757 ], [ 76.266213000077798, 33.679531999822281 ], [ 76.270504999588354, 33.675591000088474 ], [ 76.273514999882195, 33.669350999784427 ], [ 76.27874999957406, 33.664760999870936 ], [ 76.284651000336083, 33.661844000291381 ], [ 76.284521999566337, 33.661231000159432 ], [ 76.280049000305823, 33.654686999805271 ], [ 76.27625499983931, 33.653972000267338 ], [ 76.274116999581636, 33.652324999774557 ], [ 76.271989000268022, 33.646846000256581 ], [ 76.272024000428132, 33.644957000255154 ], [ 76.270472999801271, 33.643310000014552 ], [ 76.264571999937559, 33.643214999842392 ], [ 76.253934000324378, 33.63829200012934 ], [ 76.248913999819365, 33.638642000103602 ], [ 76.246173000037317, 33.636490999953232 ], [ 76.229900999625798, 33.630677000234726 ], [ 76.227783000357931, 33.625633999740735 ], [ 76.232812000185461, 33.623164000274052 ], [ 76.237229000267774, 33.617588000067464 ], [ 76.240962999561518, 33.6095879998255 ], [ 76.240336999572619, 33.604845999698455 ], [ 76.238647999751848, 33.602445000207929 ], [ 76.230708000262965, 33.603037999748629 ], [ 76.227107999965227, 33.60216200030689 ], [ 76.224455999871665, 33.600581999845033 ], [ 76.22412299978572, 33.596839999692769 ], [ 76.2274440004242, 33.594710000045708 ], [ 76.231403999673745, 33.586947999811905 ], [ 76.230184000381314, 33.584149999839603 ], [ 76.226187000423565, 33.5795280003342 ], [ 76.225219999952813, 33.577279999829173 ], [ 76.218835000390413, 33.573899000295754 ], [ 76.213024000040079, 33.574210000363145 ], [ 76.206479999570732, 33.573276999793286 ], [ 76.205494999556635, 33.567715000330033 ], [ 76.209145000083083, 33.566462999900118 ], [ 76.21077399962941, 33.563693999740607 ], [ 76.213459000233286, 33.561929999820229 ], [ 76.219772999650544, 33.555321000322159 ], [ 76.225557000236691, 33.547288000109091 ], [ 76.231922999532514, 33.545186006834285 ], [ 76.236414000133038, 33.546002999865912 ], [ 76.241225000400675, 33.548310999627518 ], [ 76.245743999691925, 33.545537999715918 ], [ 76.24886299976572, 33.550700999919258 ], [ 76.252709999935689, 33.553992000104813 ], [ 76.258466000034431, 33.561769000240147 ], [ 76.25964500021729, 33.565017000174564 ], [ 76.277876999712944, 33.567520000106704 ], [ 76.290887999760457, 33.566654000200579 ], [ 76.294086000375287, 33.567423000207754 ], [ 76.302341000406756, 33.567364999768543 ], [ 76.306119000081424, 33.57051400018014 ], [ 76.309786000326298, 33.571470999724859 ], [ 76.310136000130655, 33.578608000275359 ], [ 76.307590000342302, 33.583280999656928 ], [ 76.301821999649661, 33.589759999816913 ], [ 76.299600999551302, 33.598238000130465 ], [ 76.300126000156183, 33.60083099989599 ], [ 76.306510999718569, 33.609553000207477 ], [ 76.312085000242448, 33.609239999806682 ], [ 76.317447000155923, 33.607178000304962 ], [ 76.322179999707416, 33.602266999889387 ], [ 76.329499999953512, 33.604270999801258 ], [ 76.334055999953023, 33.607652999833746 ], [ 76.336244000439407, 33.610505999674054 ], [ 76.341926999844944, 33.608561999824516 ], [ 76.345511000249132, 33.606605999656175 ], [ 76.346933000106247, 33.604943000181422 ], [ 76.357229000310966, 33.604453999859238 ], [ 76.359271000309192, 33.603258999647188 ], [ 76.358943000246128, 33.597952999836195 ], [ 76.360042999887938, 33.594540999706474 ], [ 76.36646400033365, 33.585755999633427 ], [ 76.371045000447509, 33.584084000151762 ], [ 76.376557999973713, 33.578912999848122 ], [ 76.380725999635729, 33.576951999854593 ], [ 76.380139000004888, 33.574521999983567 ], [ 76.376084000320802, 33.569527000276629 ], [ 76.374752999801984, 33.565879999955932 ], [ 76.375194999667841, 33.564027000169915 ], [ 76.37927600018952, 33.558211999957997 ], [ 76.380277999922058, 33.552532000174132 ], [ 76.38480600033246, 33.552260999720971 ], [ 76.397495000164724, 33.547851000339278 ], [ 76.400660000269255, 33.545604999932067 ], [ 76.410235999875468, 33.543127999843271 ], [ 76.415202999778728, 33.539082000110056 ], [ 76.426405000354833, 33.537283999913392 ], [ 76.435877000203988, 33.54219299979485 ], [ 76.437538000435694, 33.545497000250855 ], [ 76.439962000025304, 33.547424999989509 ], [ 76.44338499987272, 33.559788999748058 ], [ 76.446845000428382, 33.564001999750722 ], [ 76.450715999989455, 33.562493999761756 ], [ 76.457832000021028, 33.5542710001477 ], [ 76.462399999716098, 33.551607999910701 ], [ 76.463342999897407, 33.547370000315013 ], [ 76.464671000043182, 33.545232000280848 ], [ 76.462155000392059, 33.543380999843897 ], [ 76.458488999972076, 33.538519999998826 ], [ 76.45798699983176, 33.536243000262864 ], [ 76.459162999641549, 33.533893999719915 ], [ 76.469949000291066, 33.527688000168425 ], [ 76.479088000054261, 33.526827999981812 ], [ 76.491884999841531, 33.516907999742628 ], [ 76.495737999859273, 33.516562000213952 ], [ 76.499268999661723, 33.517421999877328 ], [ 76.502054999649573, 33.515974999685952 ], [ 76.506696999862811, 33.509983999719836 ], [ 76.508055999970708, 33.503291000303186 ], [ 76.507802000425841, 33.499569000043984 ], [ 76.511041000150229, 33.4965860000029 ], [ 76.51441600031707, 33.495137000299628 ], [ 76.518597000397833, 33.494937999993326 ], [ 76.52291400002278, 33.493382000199098 ], [ 76.524345000100695, 33.489194999752691 ], [ 76.527838000268304, 33.483495000108341 ], [ 76.534767999628755, 33.482193000153934 ], [ 76.535782999780054, 33.478502000206412 ], [ 76.539241999612472, 33.472801000168403 ], [ 76.540883999577602, 33.471635000263852 ], [ 76.540907000042139, 33.470678999635638 ], [ 76.545474999737209, 33.468734999677864 ], [ 76.549636999551439, 33.46405299968665 ], [ 76.553752000408295, 33.4641770003647 ], [ 76.557637000213063, 33.462029000359927 ], [ 76.560588999882285, 33.463041000309921 ], [ 76.563418000426211, 33.462523999628459 ], [ 76.569488000344322, 33.466172999730851 ], [ 76.569489999994133, 33.464185000233151 ], [ 76.576535999705499, 33.452977000180553 ], [ 76.576156999588818, 33.448369000360891 ], [ 76.577062999960205, 33.443347999977881 ], [ 76.579991000238309, 33.438312999815324 ], [ 76.577946999691946, 33.429562000197706 ], [ 76.580550000280027, 33.428061999762363 ], [ 76.581846999565357, 33.425785999968262 ], [ 76.593405999618525, 33.425762000230925 ], [ 76.594738999787168, 33.427533999858532 ], [ 76.600205000356013, 33.431435000113318 ], [ 76.604441999615005, 33.431025000071003 ], [ 76.610877000304399, 33.434902999930813 ], [ 76.613786000315926, 33.4392940002638 ], [ 76.616446999732005, 33.439916999703399 ], [ 76.620512000360151, 33.439561000035923 ], [ 76.626383999911567, 33.436879000367284 ], [ 76.628964999860017, 33.434895000359596 ], [ 76.628195999756002, 33.432919999788453 ], [ 76.629465000350535, 33.430986999841039 ], [ 76.628759993532384, 33.427601002208078 ], [ 76.630108999882765, 33.422618999947311 ], [ 76.632426000240585, 33.419444999835882 ], [ 76.635285999848307, 33.417768000175613 ], [ 76.63697899986704, 33.415531999736238 ], [ 76.636117999701526, 33.411442999830214 ], [ 76.632119000093923, 33.409194000143017 ], [ 76.638117999866921, 33.403762000078522 ], [ 76.636471999703843, 33.401841000200548 ], [ 76.639373000217759, 33.397417999828484 ], [ 76.639577000432254, 33.393740000076967 ], [ 76.641000999939195, 33.390979999677974 ], [ 76.651482999916766, 33.383423000030106 ], [ 76.652164999982148, 33.380636999838352 ], [ 76.651513999878901, 33.377928000028717 ], [ 76.65242600009806, 33.376105999813603 ], [ 76.65163600007763, 33.372730000110813 ], [ 76.651979000209295, 33.370443999657468 ], [ 76.658392000259113, 33.364685999708591 ], [ 76.659024000095755, 33.362074999654645 ], [ 76.658432000442076, 33.358672000152836 ], [ 76.659291000059469, 33.356696999872177 ], [ 76.661980999787872, 33.354780000109656 ], [ 76.66662200017619, 33.353390000366225 ], [ 76.672415999909802, 33.349158999683496 ], [ 76.67095700024278, 33.342019000010986 ], [ 76.673882000147827, 33.339268000185811 ], [ 76.678366000177306, 33.338383000007937 ], [ 76.683273999630998, 33.336252999818711 ], [ 76.687105999732353, 33.33273899983346 ], [ 76.691578000066272, 33.330080999995772 ], [ 76.693671999943021, 33.32977299985906 ], [ 76.695958000338692, 33.327955000041555 ], [ 76.704082999775494, 33.327805999711913 ], [ 76.712083000437133, 33.331083000159637 ], [ 76.717745999751173, 33.328972999768489 ], [ 76.719598999603477, 33.324044000352288 ], [ 76.721588999723153, 33.322311999663377 ], [ 76.725876999934059, 33.315163000256412 ], [ 76.725239000249601, 33.311340000362812 ], [ 76.728756999633248, 33.307790000184085 ], [ 76.728645000378563, 33.303940000123092 ], [ 76.732108000408971, 33.299328999870276 ], [ 76.729822999838191, 33.296761999673421 ], [ 76.728473999776057, 33.29103800018023 ], [ 76.729861000371343, 33.28871000034367 ], [ 76.727729999786362, 33.283482000212935 ], [ 76.732707999560276, 33.281512999649408 ], [ 76.732501999695941, 33.275539000301322 ], [ 76.735409000057629, 33.273481000327259 ], [ 76.736676000104069, 33.270049000111221 ], [ 76.738482999925594, 33.268681999861691 ], [ 76.738169000106268, 33.266211000310655 ], [ 76.736888999641067, 33.264453999901271 ], [ 76.73705100002276, 33.261096000107145 ], [ 76.740452000128897, 33.259767000117428 ], [ 76.747193000241737, 33.253371999885331 ], [ 76.754314000296176, 33.248679000225266 ], [ 76.767667999577057, 33.248311999933776 ], [ 76.770938999986825, 33.249324000374585 ], [ 76.773115999704217, 33.24215399978744 ], [ 76.778826999597143, 33.239511999706934 ], [ 76.779325000437851, 33.235734999673397 ], [ 76.776906999797689, 33.229569999976256 ], [ 76.777312999678557, 33.225784000138233 ], [ 76.776013000020185, 33.222983000238301 ], [ 76.775838999942934, 33.220490000048954 ], [ 76.773232000055174, 33.220261999991195 ], [ 76.771615000204434, 33.218557000013 ], [ 76.770716000404065, 33.216400999724463 ], [ 76.770944999834597, 33.213038000160701 ], [ 76.769466999901013, 33.211562999940135 ], [ 76.766593000049582, 33.210843000186642 ], [ 76.766237000397425, 33.207895000147026 ], [ 76.763853000092467, 33.205887000362388 ], [ 76.757806999565474, 33.195394999935161 ], [ 76.750086000359744, 33.191491999910255 ], [ 76.75018199972088, 33.188062000221713 ], [ 76.747897999873359, 33.185914999657093 ], [ 76.746757000223639, 33.183076000239453 ], [ 76.746819999972843, 33.178415000281724 ], [ 76.728949999977118, 33.17670000031832 ], [ 76.719970000222574, 33.181680000362604 ], [ 76.715630999958009, 33.180420000111958 ], [ 76.709321999665292, 33.180699999979211 ], [ 76.707258999750678, 33.17687399978481 ], [ 76.69962700023342, 33.173172999817901 ], [ 76.694672999850624, 33.172589999686203 ], [ 76.685903999983267, 33.173522999696608 ], [ 76.671659000399643, 33.170662000338268 ], [ 76.664613999614872, 33.171276000115249 ], [ 76.655001000198737, 33.163751000013917 ], [ 76.648364999667862, 33.163996000015253 ], [ 76.644436000380452, 33.161868999708624 ], [ 76.63940800037787, 33.161658000286828 ], [ 76.633287000406099, 33.1646840001059 ], [ 76.623381000188715, 33.166906999852337 ], [ 76.612573999622796, 33.173379999955834 ], [ 76.611617999921023, 33.181260000036808 ], [ 76.612019999603916, 33.185213999853701 ], [ 76.611064999727049, 33.18734199964959 ], [ 76.609708000167288, 33.1889200002609 ], [ 76.606260000205523, 33.190428999965697 ], [ 76.60376200009776, 33.190396999777938 ], [ 76.60134400035588, 33.1886069996484 ], [ 76.598625000315181, 33.190275000223465 ], [ 76.597230000222268, 33.193051999820334 ], [ 76.597175999795581, 33.195719999970919 ], [ 76.599227999839528, 33.203069000055322 ], [ 76.595891000205839, 33.205908999748665 ], [ 76.593209999799953, 33.205845000152095 ], [ 76.59111900029626, 33.204856999879361 ], [ 76.587010000185487, 33.20630800026543 ], [ 76.583373999902733, 33.206618000276194 ], [ 76.572659000296639, 33.206333999687814 ], [ 76.567189000428158, 33.207229000159771 ], [ 76.560692999639357, 33.209537999769736 ], [ 76.553354999849944, 33.204484999917952 ], [ 76.547192999870319, 33.198553000021207 ], [ 76.536858000205854, 33.200123999725754 ], [ 76.532970999852893, 33.199661999716412 ], [ 76.522883000060645, 33.195884999735597 ], [ 76.509306000298693, 33.195842000209545 ], [ 76.505235999647681, 33.191979000277144 ], [ 76.501754000248994, 33.189878999857896 ], [ 76.480643999805665, 33.178874999644428 ], [ 76.472781000309681, 33.179759999945773 ], [ 76.466393000374254, 33.182406999633699 ], [ 76.462085999896772, 33.180764999860671 ], [ 76.454369999815583, 33.179444999754367 ], [ 76.449624999670149, 33.179502000087723 ], [ 76.444834000392319, 33.181469999699516 ], [ 76.435708000149575, 33.180294000368498 ], [ 76.431307999785687, 33.182093999808998 ], [ 76.428257000382274, 33.181964999651939 ], [ 76.420331000238789, 33.187657999890106 ], [ 76.414164000236283, 33.185050000187211 ], [ 76.403897000343846, 33.185786999757703 ], [ 76.401102999960059, 33.182888999749522 ], [ 76.397852997670071, 33.182123002469993 ], [ 76.390892999969026, 33.173851999796916 ], [ 76.384556000087244, 33.171021000281847 ], [ 76.376610999677183, 33.165327999718947 ], [ 76.372329000212346, 33.160545000051627 ], [ 76.370174000236233, 33.155234000180052 ], [ 76.36846500032398, 33.153456999697156 ], [ 76.362096999581695, 33.153195000324914 ], [ 76.345004000085936, 33.14364000026665 ], [ 76.330770000372951, 33.132228999905244 ], [ 76.326298999863937, 33.127341000061598 ], [ 76.314856000161683, 33.1250460003372 ], [ 76.314148999981953, 33.124108999834021 ], [ 76.291673999582912, 33.127788999635762 ], [ 76.281959000059558, 33.122101000144028 ], [ 76.271349000035428, 33.124218000206518 ], [ 76.260662000018428, 33.127874999987682 ], [ 76.251432000018625, 33.13315599982981 ], [ 76.245116999878135, 33.139249000050384 ], [ 76.217913999950426, 33.152245999914349 ], [ 76.208683999950622, 33.158338000249003 ], [ 76.181481000022956, 33.164430000034386 ], [ 76.173222999618446, 33.174581000146489 ], [ 76.171765999601234, 33.185571999681947 ], [ 76.175165999882452, 33.197751000364526 ], [ 76.175165999882452, 33.217233000210321 ], [ 76.167393999724737, 33.220886000240107 ], [ 76.158649999971743, 33.222102999768936 ], [ 76.145534000342266, 33.222102999768936 ], [ 76.109101000414753, 33.225756000104177 ], [ 76.106671999903966, 33.230218999655669 ], [ 76.105701000133564, 33.239146000030928 ], [ 76.110073000010061, 33.244826000299746 ], [ 76.099385999993061, 33.248883000130327 ], [ 76.09695700038057, 33.254563000187218 ], [ 76.084346000366153, 33.259081999859085 ], [ 76.078088999951945, 33.239608999743936 ], [ 76.06594400009287, 33.225000999751288 ], [ 76.061086999794455, 33.220130999939741 ], [ 76.046027999900971, 33.219318999954595 ], [ 76.03681700016773, 33.25989299963603 ], [ 76.028558999763234, 33.261920999828234 ], [ 76.021758000274247, 33.273683999758056 ], [ 76.013986000116532, 33.283417000036032 ], [ 76.004756000116757, 33.283417000036032 ], [ 76.002326999605941, 33.277333999777653 ], [ 75.998440999976225, 33.272467000255098 ], [ 75.992125999835721, 33.269221999667273 ], [ 75.982895999835961, 33.268006000021934 ], [ 75.971724000295339, 33.268006000021934 ], [ 75.962008000048741, 33.269221999667273 ], [ 75.955692999908251, 33.271656000063508 ], [ 75.936300999597989, 33.230191000289871 ], [ 75.934358000232308, 33.220046000139853 ], [ 75.936300999597989, 33.209493999809396 ], [ 75.920756000356022, 33.205840999987835 ], [ 75.915412999810826, 33.200969999954523 ], [ 75.904240000445313, 33.195692999870452 ], [ 75.903754000198532, 33.190414999931967 ], [ 75.899382000321992, 33.183514000198578 ], [ 75.899867999670519, 33.174581000146489 ], [ 75.895495999793994, 33.167272000016247 ], [ 75.878028000379473, 33.159551999974113 ], [ 75.865398000098494, 33.157926999775171 ], [ 75.857139999693985, 33.160363999969753 ], [ 75.847424000345697, 33.161582000153253 ], [ 75.834308999642815, 33.166049000072938 ], [ 75.824107000047704, 33.167673000045156 ], [ 75.815848999643194, 33.170922000031638 ], [ 75.803219000260498, 33.162799999962203 ], [ 75.795933000349621, 33.161987999964104 ], [ 75.778444999945322, 33.172140000166053 ], [ 75.769758999918622, 33.178636999706796 ], [ 75.730252039649059, 33.182716706092002 ], [ 75.723718275482355, 33.184118437824388 ], [ 75.7134909999901, 33.197724000138628 ], [ 75.704662999673189, 33.201510999875239 ], [ 75.703932999927233, 33.207193999645611 ], [ 75.699945000190297, 33.209945999851783 ], [ 75.696426000083392, 33.219286000292804 ], [ 75.690110999942902, 33.224155999799876 ], [ 75.679423999925902, 33.226591000086515 ], [ 75.66970900040252, 33.224561999704136 ], [ 75.660964999751229, 33.224561999704136 ], [ 75.66145099999801, 33.235923000069484 ], [ 75.660479000402702, 33.247283999956821 ], [ 75.637648000351547, 33.261481999625467 ], [ 75.634751999860484, 33.268812000328673 ], [ 75.634751999860484, 33.274084000137236 ], [ 75.637181000371299, 33.281384000373073 ], [ 75.641553000247782, 33.288683999883837 ], [ 75.652240000264783, 33.29598299981452 ], [ 75.660984000017805, 33.299631999747255 ], [ 75.692074000298376, 33.298820999677353 ], [ 75.696445000349982, 33.301659000307822 ], [ 75.69741699994529, 33.306524000300236 ], [ 75.688186999945472, 33.311794999851742 ], [ 75.67847200042209, 33.310579000274892 ], [ 75.672642999630114, 33.317469999792145 ], [ 75.676042000086397, 33.329664000154189 ], [ 75.683328999822166, 33.335743999694984 ], [ 75.697902000367193, 33.333716999812175 ], [ 75.707617999715481, 33.329664000154189 ], [ 75.720733000418363, 33.328853000209655 ], [ 75.731905999783848, 33.334528000260647 ], [ 75.731905999783848, 33.343038000084114 ], [ 75.736763999907168, 33.348712000183667 ], [ 75.747937000170964, 33.351954000205794 ], [ 75.75765199969436, 33.351954000205794 ], [ 75.762995000239556, 33.357278000303204 ], [ 75.767853000362862, 33.373078999921908 ], [ 75.75765199969436, 33.382396000299117 ], [ 75.74278699996961, 33.386408000294246 ], [ 75.733362999801074, 33.390901999811817 ], [ 75.730448999766665, 33.395762999676855 ], [ 75.736277999660373, 33.403862000153239 ], [ 75.746964999677374, 33.406696999792231 ], [ 75.753766000064687, 33.41320500010972 ], [ 75.761518999955797, 33.418064000233478 ], [ 75.766861999602682, 33.424542000218096 ], [ 75.778521000113287, 33.424542000218096 ], [ 75.796961000021426, 33.422113000304066 ], [ 75.815420000196099, 33.415228999678391 ], [ 75.828283000105628, 33.415566999944559 ], [ 75.849657000139601, 33.420425999870211 ], [ 75.865202000279908, 33.430142000213806 ], [ 75.892405000207617, 33.456048999941871 ], [ 75.898234000101297, 33.478710999913943 ], [ 75.878803000331317, 33.498129999928096 ], [ 75.816625000318226, 33.533721999682626 ], [ 75.801080000177919, 33.548278000315101 ], [ 75.801080000177919, 33.56606499991134 ], [ 75.815104999653542, 33.592074000335337 ], [ 75.841209999589211, 33.60350300000794 ], [ 75.867316000248138, 33.61950000021109 ], [ 75.885177000023049, 33.640064000317103 ], [ 75.882428999670012, 33.665191999889991 ], [ 75.870063999702879, 33.688027999768977 ], [ 75.868690000424664, 33.698302999678383 ], [ 75.846706000295285, 33.738327000016589 ], [ 75.84258399976575, 33.775972000238973 ], [ 75.84258399976575, 33.797639000342812 ], [ 75.83983600031101, 33.822720000259835 ], [ 75.84258399976575, 33.848932999974473 ], [ 75.835713999781447, 33.875138000037381 ], [ 75.834055999922811, 33.912581999917236 ], [ 75.831592000150209, 33.938988000229081 ], [ 75.874443000150379, 33.962871999956569 ], [ 75.881363000363365, 33.964765000113637 ], [ 75.88524200032036, 33.967608999883787 ], [ 75.888207000408386, 33.96864099967285 ], [ 75.893195000228019, 33.969090999852895 ], [ 75.898556000316574, 33.967444999746021 ], [ 75.902457000014891, 33.968269000239395 ], [ 75.908094000287946, 33.968182000299372 ], [ 75.908537999803642, 33.968884999675254 ], [ 75.914190999970259, 33.965953000284856 ], [ 75.917450999611034, 33.962944999656877 ], [ 75.923132000265056, 33.962942999910886 ], [ 75.942865000158832, 33.960463999935968 ], [ 75.945600999917986, 33.959433999858589 ], [ 75.947822000016345, 33.956628999655564 ], [ 75.949601000248819, 33.955888999725246 ], [ 75.952911000118334, 33.955432000013502 ], [ 75.958700999653971, 33.956847999737874 ], [ 75.965686999989202, 33.954454000208145 ], [ 75.966735999577409, 33.954638000217827 ], [ 75.968831000177346, 33.960158000268883 ], [ 75.972711999784181, 33.962521000298061 ], [ 75.977738000136966, 33.971739999943942 ], [ 75.979184000283524, 33.972581999942285 ], [ 75.982347999664867, 33.971632000174331 ], [ 75.990534000099345, 33.972386999644016 ], [ 76.005420999565374, 33.97673899971862 ], [ 76.012187999617481, 33.97438799972349 ], [ 76.017953999761986, 33.975074000057617 ], [ 76.024357999590947, 33.982124999837914 ] ], [ [ 75.767879000302131, 33.313095999939812 ], [ 75.770153999928837, 33.307103999836151 ], [ 75.775606000253987, 33.306207000075517 ], [ 75.782475000413356, 33.315068999807629 ], [ 75.777238000173355, 33.31890800004566 ], [ 75.770196999586531, 33.316791999721431 ], [ 75.767879000302131, 33.313095999939812 ] ] ] } },
{ "type": "Feature", "properties": { "pincode": "182205", "officename": "Palmar S.O", "officetype": "S.O", "circle": "Jammu And Kashmir", "region": "Div Reporting", "division": "Udhampur", "state": "Jammu And Kashmir", "district": "Udhampur" }, "geometry": { "type": "Polygon", "coordinates": [ [ [ 75.650324882808889, 34.211472580678723 ], [ 75.656462003048404, 34.206321001099482 ], [ 75.657387999918015, 34.202940000285011 ], [ 75.662420999943521, 34.199133999845913 ], [ 75.670752999967846, 34.198027000270024 ], [ 75.680541000184476, 34.200957999962142 ], [ 75.685287000154787, 34.199557999772956 ], [ 75.690720000213361, 34.195273000101722 ], [ 75.687300999665595, 34.186935999679633 ], [ 75.688053999876075, 34.184861999671973 ], [ 75.684111000345013, 34.17801699968372 ], [ 75.684631000028673, 34.17724599971995 ], [ 75.68422699979763, 34.17333799970578 ], [ 75.682777000351464, 34.170594000077422 ], [ 75.684477000042889, 34.166784000170978 ], [ 75.680690000147408, 34.163562999721783 ], [ 75.679240999627794, 34.160774000338378 ], [ 75.678140999985985, 34.153782999968854 ], [ 75.670157999941082, 34.149982000260351 ], [ 75.668583999748037, 34.148143000203106 ], [ 75.667947999713391, 34.144288999758771 ], [ 75.671125000411848, 34.14419399988649 ], [ 75.673614000298798, 34.145156999928879 ], [ 75.677207000025518, 34.143951999870062 ], [ 75.68235200020402, 34.144045000075124 ], [ 75.685707000279365, 34.14216299975147 ], [ 75.682291999929546, 34.135561000181866 ], [ 75.683158000117942, 34.13243299967823 ], [ 75.684370999737681, 34.130936000095112 ], [ 75.691246999569742, 34.127609999905246 ], [ 75.69020399982935, 34.125288999735439 ], [ 75.685631999936305, 34.120909999836542 ], [ 75.687362999589865, 34.11605000015593 ], [ 75.69245000004203, 34.113770999886633 ], [ 75.696838999636967, 34.11343499987526 ], [ 75.707744999937077, 34.107241999928121 ], [ 75.718802999674864, 34.103250999892367 ], [ 75.721474999859893, 34.094396000041648 ], [ 75.725100000271993, 34.089655999953216 ], [ 75.733366000174101, 34.08411299993567 ], [ 75.734746007384928, 34.078950996281108 ], [ 75.742544000295368, 34.073258999884267 ], [ 75.741550999885348, 34.068107999818459 ], [ 75.738422999590739, 34.061746000289041 ], [ 75.736513999661909, 34.059823000034342 ], [ 75.73703300041899, 34.058908000300804 ], [ 75.741480999565169, 34.056158000049066 ], [ 75.744541000087722, 34.056539000232952 ], [ 75.750000000085578, 34.054847999944052 ], [ 75.752703000232771, 34.056502000280396 ], [ 75.755166000180438, 34.056737000126937 ], [ 75.759851000051398, 34.05669599997259 ], [ 75.768523999659266, 34.05491899969541 ], [ 75.769089000447124, 34.053004000280914 ], [ 75.767686999783194, 34.043811000184654 ], [ 75.769190999656061, 34.041279000191885 ], [ 75.779705000318998, 34.037623000146084 ], [ 75.782210000099496, 34.034050999836829 ], [ 75.786711999672349, 34.031201000365741 ], [ 75.790686999888777, 34.030179999807125 ], [ 75.79694000010501, 34.030446000130624 ], [ 75.797540000154655, 34.025979000237932 ], [ 75.799838000245884, 34.022983000321929 ], [ 75.802449000331578, 34.020969000283564 ], [ 75.804198000426823, 34.021019999930886 ], [ 75.814292999891791, 34.014512000258463 ], [ 75.81826499973522, 34.007508999673483 ], [ 75.822302999700881, 34.0076319999188 ], [ 75.827830000369076, 34.006263999949475 ], [ 75.835801999645, 34.007136999809006 ], [ 75.841588998807595, 34.006123999580595 ], [ 75.843061999616609, 34.004777000302695 ], [ 75.843711999894978, 34.003240000211669 ], [ 75.841607999972467, 33.999568999914345 ], [ 75.830234999692109, 33.992403000328444 ], [ 75.825600999874808, 33.977814000143134 ], [ 75.819624999668022, 33.972209000104542 ], [ 75.820491999681323, 33.970812000098093 ], [ 75.820146999899862, 33.969161999831044 ], [ 75.821483000441546, 33.968175000129079 ], [ 75.8221229997758, 33.965578999840666 ], [ 75.830653000166876, 33.958744000340467 ], [ 75.834060999945692, 33.958127999735673 ], [ 75.836555999680428, 33.955901999896355 ], [ 75.840462000299908, 33.954091000370767 ], [ 75.844362000173291, 33.954176999844094 ], [ 75.8464390003316, 33.955575000319278 ], [ 75.850386000060681, 33.961016999909859 ], [ 75.852484999960282, 33.962251999914898 ], [ 75.86261200011063, 33.961596000108571 ], [ 75.869456000155637, 33.962830999903446 ], [ 75.873556000045568, 33.962047000192918 ], [ 75.831592000150209, 33.938988000229081 ], [ 75.834055999922811, 33.912581999917236 ], [ 75.835713999781447, 33.875138000037381 ], [ 75.84258399976575, 33.848932999974473 ], [ 75.83983600031101, 33.822720000259835 ], [ 75.84258399976575, 33.797639000342812 ], [ 75.84258399976575, 33.775972000238973 ], [ 75.846706000295285, 33.738327000016589 ], [ 75.868690000424664, 33.698302999678383 ], [ 75.870063999702879, 33.688027999768977 ], [ 75.882428999670012, 33.665191999889991 ], [ 75.885177000023049, 33.640064000317103 ], [ 75.867316000248138, 33.61950000021109 ], [ 75.841209999589211, 33.60350300000794 ], [ 75.815104999653542, 33.592074000335337 ], [ 75.801080000177919, 33.56606499991134 ], [ 75.801080000177919, 33.548278000315101 ], [ 75.816625000318226, 33.533721999682626 ], [ 75.878803000331317, 33.498129999928096 ], [ 75.898234000101297, 33.478710999913943 ], [ 75.892405000207617, 33.456048999941871 ], [ 75.865202000279908, 33.430142000213806 ], [ 75.849657000139601, 33.420425999870211 ], [ 75.828283000105628, 33.415566999944559 ], [ 75.815420000196099, 33.415228999678391 ], [ 75.796961000021426, 33.422113000304066 ], [ 75.778521000113287, 33.424542000218096 ], [ 75.766861999602682, 33.424542000218096 ], [ 75.761518999955797, 33.418064000233478 ], [ 75.753766000064687, 33.41320500010972 ], [ 75.746964999677374, 33.406696999792231 ], [ 75.736277999660373, 33.403862000153239 ], [ 75.730448999766665, 33.395762999676855 ], [ 75.733362999801074, 33.390901999811817 ], [ 75.74278699996961, 33.386408000294246 ], [ 75.75765199969436, 33.382396000299117 ], [ 75.767853000362862, 33.373078999921908 ], [ 75.762995000239556, 33.357278000303204 ], [ 75.75765199969436, 33.351954000205794 ], [ 75.747937000170964, 33.351954000205794 ], [ 75.736763999907168, 33.348712000183667 ], [ 75.731905999783848, 33.343038000084114 ], [ 75.731905999783848, 33.334528000260647 ], [ 75.720733000418363, 33.328853000209655 ], [ 75.707617999715481, 33.329664000154189 ], [ 75.697902000367193, 33.333716999812175 ], [ 75.683328999822166, 33.335743999694984 ], [ 75.676042000086397, 33.329664000154189 ], [ 75.672642999630114, 33.317469999792145 ], [ 75.67847200042209, 33.310579000274892 ], [ 75.688186999945472, 33.311794999851742 ], [ 75.69741699994529, 33.306524000300236 ], [ 75.696445000349982, 33.301659000307822 ], [ 75.692074000298376, 33.298820999677353 ], [ 75.660984000017805, 33.299631999747255 ], [ 75.652240000264783, 33.29598299981452 ], [ 75.641553000247782, 33.288683999883837 ], [ 75.637181000371299, 33.281384000373073 ], [ 75.634751999860484, 33.274084000137236 ], [ 75.634751999860484, 33.268812000328673 ], [ 75.637648000351547, 33.261481999625467 ], [ 75.651734999751426, 33.25255800002568 ], [ 75.615383999839693, 33.256171000209989 ], [ 75.621212999733388, 33.259415999695435 ], [ 75.619288999735957, 33.270802000365748 ], [ 75.608116000370472, 33.279724999743507 ], [ 75.594029000072254, 33.283779999676483 ], [ 75.58431299982567, 33.285402000068331 ], [ 75.573625999808669, 33.286619000225734 ], [ 75.564882000055647, 33.286213000224009 ], [ 75.541564999757654, 33.288645999775483 ], [ 75.533792999599967, 33.290673999745231 ], [ 75.53524999961715, 33.29962299964717 ], [ 75.526021000340592, 33.320355000058555 ], [ 75.506589999672258, 33.327245999861759 ], [ 75.506589999672258, 33.331299000172741 ], [ 75.502704000042598, 33.336568000258772 ], [ 75.494931000059964, 33.342647000117445 ], [ 75.490493999886127, 33.342001999915283 ], [ 75.478415000149297, 33.345484000215201 ], [ 75.478528000127184, 33.355732000209656 ], [ 75.457154000093198, 33.368696999655555 ], [ 75.437723000323174, 33.3897619997243 ], [ 75.426063999812584, 33.427016999683381 ], [ 75.433836999795176, 33.459399999826317 ], [ 75.443552000216883, 33.478823999735795 ], [ 75.449381000110577, 33.499862000251028 ], [ 75.468811999880586, 33.514423999935971 ], [ 75.461039999722871, 33.553355999802349 ], [ 75.462982999986878, 33.575992999884726 ], [ 75.490185999914573, 33.613167999939762 ], [ 75.51155999994856, 33.66001900027598 ], [ 75.53099099971854, 33.690699999843552 ], [ 75.564023000438254, 33.714913999965262 ], [ 75.577407999681284, 33.740688999853553 ], [ 75.563667999712706, 33.766928000344414 ], [ 75.558171999904928, 33.782895000254847 ], [ 75.523822999808445, 33.827359000317834 ], [ 75.49867299974963, 33.876833999997508 ], [ 75.461530000167642, 33.906753999722142 ], [ 75.454975999652532, 33.915213999719619 ], [ 75.448421000210828, 33.93012399973334 ], [ 75.44283699964123, 33.951073999728422 ], [ 75.441865999870828, 33.968995000302336 ], [ 75.461044999745738, 33.985301999683642 ], [ 75.462057693921736, 33.994965531880204 ], [ 75.502166999742158, 34.025329000199775 ], [ 75.495396000390386, 34.025400999979631 ], [ 75.48817400005359, 34.020822999970513 ], [ 75.492300999707695, 34.02550100011014 ], [ 75.474361000290116, 34.025456000214866 ], [ 75.536701999611452, 34.055501000122099 ], [ 75.580000000398698, 34.093328000307039 ], [ 75.5809710001691, 34.156050999844879 ], [ 75.592119000318533, 34.199343000274432 ], [ 75.593362999900407, 34.197693999722453 ], [ 75.598050000319503, 34.197596000268042 ], [ 75.604598999913378, 34.195190000182102 ], [ 75.612643000057645, 34.197358999926358 ], [ 75.615300999999022, 34.199861000333215 ], [ 75.617790999710877, 34.199910999923731 ], [ 75.621794000414738, 34.201790999712003 ], [ 75.626075000054627, 34.201309000126095 ], [ 75.628271999863543, 34.203621000334579 ], [ 75.638055000057307, 34.210273000229535 ], [ 75.641179999978888, 34.209695999668334 ], [ 75.64482600030739, 34.211858999671684 ], [ 75.650324882808889, 34.211472580678723 ] ] ] } },
{ "type": "Feature", "properties": { "pincode": "182206", "officename": "Dul Hasti Project S.O", "officetype": "S.O", "circle": "Jammu And Kashmir", "region": "Div Reporting", "division": "Udhampur", "state": "Jammu And Kashmir", "district": "Udhampur" }, "geometry": { "type": "Polygon", "coordinates": [ [ [ 75.782475000413356, 33.315068999807629 ], [ 75.775606000253987, 33.306207000075517 ], [ 75.770153999928837, 33.307103999836151 ], [ 75.767879000302131, 33.313095999939812 ], [ 75.770196999586531, 33.316791999721431 ], [ 75.777238000173355, 33.31890800004566 ], [ 75.782475000413356, 33.315068999807629 ] ] ] } },
{ "type": "Feature", "properties": { "pincode": "182207", "officename": "Gandoh S.O", "officetype": "S.O", "circle": "Jammu And Kashmir", "region": "Div Reporting", "division": "Udhampur", "state": "Jammu And Kashmir", "district": "Udhampur" }, "geometry": { "type": "Polygon", "coordinates": [ [ [ 75.860825000380544, 33.063673999908147 ], [ 75.869325999560985, 33.062657000177346 ], [ 75.880014000301216, 33.063470999911615 ], [ 75.884142999605132, 33.054517999784935 ], [ 75.886085999869152, 33.047193000331539 ], [ 75.890215000071393, 33.040070000196692 ], [ 75.893615000352597, 33.038442000282942 ], [ 75.900659000414137, 33.039052999664221 ], [ 75.908916999920351, 33.037628000340192 ], [ 75.911831999779622, 33.04251200013347 ], [ 75.919119000413758, 33.040681000335489 ], [ 75.920090000184132, 33.032947000193019 ], [ 75.916447000228686, 33.028265999904576 ], [ 75.9028450003524, 33.028876999809384 ], [ 75.880256000150524, 33.020735000279679 ], [ 75.871755000071786, 33.020327999682628 ], [ 75.865926000178092, 33.021345000158128 ], [ 75.863011000318792, 33.026230999847002 ], [ 75.865197000257041, 33.032744000147567 ], [ 75.857182000425098, 33.043529999897949 ], [ 75.856696000178289, 33.050245000181384 ], [ 75.848195000099537, 33.05207599993534 ], [ 75.830221000346739, 33.053704000082078 ], [ 75.827792999660829, 33.05960499991766 ], [ 75.832892999633472, 33.06733599974487 ], [ 75.841879999959048, 33.071404999888792 ], [ 75.848437999773793, 33.076286999777402 ], [ 75.864469000160909, 33.07526999978014 ], [ 75.868598000363164, 33.072014999712984 ], [ 75.860581999807977, 33.06774299999401 ], [ 75.860825000380544, 33.063673999908147 ] ] ] } },
{ "type": "Feature", "properties": { "pincode": "182221", "officename": "Udrana S.O", "officetype": "S.O", "circle": "Jammu And Kashmir", "region": "Div Reporting", "division": "Udhampur", "state": "Jammu And Kashmir", "district": "Udhampur" }, "geometry": { "type": "Polygon", "coordinates": [ [ [ 75.610026000124179, 33.157009999784044 ], [ 75.612940000158574, 33.151725000018068 ], [ 75.618769999877188, 33.147254000178691 ], [ 75.640630000157998, 33.135057000069516 ], [ 75.641600999928372, 33.128144999635424 ], [ 75.639657999664365, 33.122859000004127 ], [ 75.646547999740136, 33.116657999907908 ], [ 75.657957999830415, 33.117242000043689 ], [ 75.665889999821658, 33.116759000316023 ], [ 75.672204999962162, 33.114318999791294 ], [ 75.679491999697959, 33.109845999627943 ], [ 75.681921000208789, 33.101712000256228 ], [ 75.671718999715367, 33.08421999994308 ], [ 75.668804999680972, 33.080559000143332 ], [ 75.665403999574863, 33.061436000012407 ], [ 75.66200400019197, 33.056959999666283 ], [ 75.665889999821658, 33.048414000003596 ], [ 75.679491999697959, 33.038646000066912 ], [ 75.686777999608864, 33.036610000146567 ], [ 75.692121999978994, 33.036610000146567 ], [ 75.697464999625851, 33.034982000307444 ], [ 75.701351999978769, 33.030505000226931 ], [ 75.702322999749171, 33.024806000284755 ], [ 75.702322999749171, 33.017885000029864 ], [ 75.681434999961965, 33.014627999756541 ], [ 75.670747999944965, 33.028468999721582 ], [ 75.665403999574863, 33.031318999701469 ], [ 75.659089000332671, 33.032132999941332 ], [ 75.638200999647182, 33.030911999774361 ], [ 75.632370999928554, 33.028062000188811 ], [ 75.619740999647561, 33.029284000097221 ], [ 75.612940000158574, 33.027655000282849 ], [ 75.606138999771261, 33.029691000011759 ], [ 75.586708000001281, 33.027248000003652 ], [ 75.580879000107601, 33.027248000003652 ], [ 75.57602099998428, 33.0264339998322 ], [ 75.560524000422859, 33.018396000365584 ], [ 75.544493999860663, 33.02327700037641 ], [ 75.532835000248355, 33.024090000099633 ], [ 75.516319000337688, 33.028970999650483 ], [ 75.515833000090865, 33.037104999817643 ], [ 75.51923400019696, 33.045237999846591 ], [ 75.524576999843859, 33.052556999843191 ], [ 75.524576999843859, 33.057029000263377 ], [ 75.537674000105099, 33.063941000243915 ], [ 75.543016999751998, 33.069225999991588 ], [ 75.551648000425402, 33.073022999624257 ], [ 75.564136000416184, 33.076439000130435 ], [ 75.571678000420093, 33.076950000312863 ], [ 75.585764999819972, 33.080201000071149 ], [ 75.593536999977701, 33.083888000074445 ], [ 75.595965999590177, 33.091610000291027 ], [ 75.592715000170188, 33.096297000311374 ], [ 75.588679999679272, 33.100145000042431 ], [ 75.587221999837155, 33.10461500022366 ], [ 75.577507000313801, 33.107459000079224 ], [ 75.56355300008498, 33.106032999789747 ], [ 75.552506000217889, 33.112286000243273 ], [ 75.526500999841289, 33.122549999984599 ], [ 75.519700000352302, 33.124175000130947 ], [ 75.508527000088492, 33.131894000074134 ], [ 75.504155000211995, 33.132706000314904 ], [ 75.513490999618668, 33.133836999954312 ], [ 75.51980800030735, 33.144407999841306 ], [ 75.541430000038446, 33.143900000354236 ], [ 75.551372000240846, 33.148676000007818 ], [ 75.55427000038172, 33.149082999709705 ], [ 75.560594999669647, 33.153147999840925 ], [ 75.570305999893378, 33.151725000018068 ], [ 75.577088999839034, 33.156197000086671 ], [ 75.589232999873246, 33.152537999803641 ], [ 75.592141999884745, 33.167170999830461 ], [ 75.601366000036762, 33.164731999805852 ], [ 75.610026000124179, 33.157009999784044 ] ] ] } },
{ "type": "Feature", "properties": { "pincode": "182222", "officename": "Bhaderwah S.O", "officetype": "S.O", "circle": "Jammu And Kashmir", "region": "Div Reporting", "division": "Udhampur", "state": "Jammu And Kashmir", "district": "Udhampur" }, "geometry": { "type": "Polygon", "coordinates": [ [ [ 75.726389000059697, 33.083609999696492 ], [ 75.734869000222062, 33.08167500014212 ], [ 75.743392999867027, 33.089916000285463 ], [ 75.742905999795312, 33.06428399987292 ], [ 75.758450999935619, 33.03009800030604 ], [ 75.773023999582321, 33.008113999890824 ], [ 75.785654999688219, 32.980422000189492 ], [ 75.808971999986213, 32.961685000250171 ], [ 75.823544999632915, 32.941313999921832 ], [ 75.846286000170721, 32.927871000273484 ], [ 75.836632999673299, 32.926675999899594 ], [ 75.832651999609041, 32.9240410001375 ], [ 75.830720999938933, 32.919444000062981 ], [ 75.827899999790972, 32.917107000143986 ], [ 75.824272999729033, 32.91130199995515 ], [ 75.818898000295107, 32.906375000297224 ], [ 75.819268000190959, 32.90501000033948 ], [ 75.817144000176981, 32.899361000310265 ], [ 75.81259200037546, 32.893110000141242 ], [ 75.809033999910469, 32.891589999873155 ], [ 75.799569999558955, 32.885101000056217 ], [ 75.796283000153977, 32.884261000315057 ], [ 75.805728000238929, 32.877262999656722 ], [ 75.809505000088691, 32.869351000047907 ], [ 75.810833000234467, 32.860333999918552 ], [ 75.812788000194018, 32.860628000027198 ], [ 75.816950999833153, 32.858878999658174 ], [ 75.807012000003766, 32.852479999820034 ], [ 75.795689999777053, 32.858825000186457 ], [ 75.797742999645905, 32.844735999863168 ], [ 75.715380999652353, 32.844937000256557 ], [ 75.660367000249721, 32.807950999895894 ], [ 75.655805000402452, 32.824283000044431 ], [ 75.647475000027924, 32.839386999691911 ], [ 75.632416000134427, 32.843057999720187 ], [ 75.61687099999412, 32.844281999954099 ], [ 75.610555999853617, 32.863451999736839 ], [ 75.59501099971331, 32.875278000303148 ], [ 75.576552000436934, 32.884248999679166 ], [ 75.561978000067, 32.893626000061403 ], [ 75.553719999662491, 32.906672000205795 ], [ 75.536232000156517, 32.909524999655716 ], [ 75.519716000245808, 32.911154999973526 ], [ 75.498826999735414, 32.911563000075191 ], [ 75.488723000049575, 32.946203000011231 ], [ 75.488718000026736, 32.961276999912478 ], [ 75.49841900020472, 32.975942000182691 ], [ 75.511539999857078, 32.981644000125016 ], [ 75.523119999826676, 32.990325000279789 ], [ 75.537693000371675, 32.989103999823662 ], [ 75.543954999910426, 32.985770000153309 ], [ 75.558094999912058, 32.996020999977752 ], [ 75.562466999788555, 33.002124000280226 ], [ 75.564410000052561, 33.011073999691419 ], [ 75.560524000422859, 33.018396000365584 ], [ 75.57602099998428, 33.0264339998322 ], [ 75.606138999771261, 33.029691000011759 ], [ 75.612940000158574, 33.027655000282849 ], [ 75.619740999647561, 33.029284000097221 ], [ 75.632370999928554, 33.028062000188811 ], [ 75.638200999647182, 33.030911999774361 ], [ 75.659089000332671, 33.032132999941332 ], [ 75.665403999574863, 33.031318999701469 ], [ 75.670747999944965, 33.028468999721582 ], [ 75.681434999961965, 33.014627999756541 ], [ 75.702322999749171, 33.017885000029864 ], [ 75.702322999749171, 33.024806000284755 ], [ 75.701351999978769, 33.030505000226931 ], [ 75.697464999625851, 33.034982000307444 ], [ 75.692121999978994, 33.036610000146567 ], [ 75.686777999608864, 33.036610000146567 ], [ 75.679491999697959, 33.038646000066912 ], [ 75.665889999821658, 33.048414000003596 ], [ 75.66200400019197, 33.056959999666283 ], [ 75.665403999574863, 33.061436000012407 ], [ 75.668804999680972, 33.080559000143332 ], [ 75.671718999715367, 33.08421999994308 ], [ 75.681921000208789, 33.101712000256228 ], [ 75.706010999910475, 33.09622100001905 ], [ 75.726389000059697, 33.083609999696492 ] ] ] } },
{ "type": "Feature", "properties": { "pincode": "182301", "officename": "Katra S.O Udhampur", "officetype": "S.O", "circle": "Jammu And Kashmir", "region": "Div Reporting", "division": "Udhampur", "state": "Jammu And Kashmir", "district": "Udhampur" }, "geometry": { "type": "Polygon", "coordinates": [ [ [ 75.006572000098714, 33.049635000065201 ], [ 75.014273000111316, 33.004855999889578 ], [ 75.019597000389922, 32.996711999858562 ], [ 75.022693999824114, 32.987057999846485 ], [ 74.962403999823437, 32.975923999787803 ], [ 74.959601000117146, 32.960684999767238 ], [ 74.950418999797904, 32.959130000088429 ], [ 74.94874900024368, 32.958502000284348 ], [ 74.946987999554594, 32.956337999746907 ], [ 74.931870000109825, 32.960858000095072 ], [ 74.92671800025866, 32.960858000095072 ], [ 74.921564999684264, 32.958842000319457 ], [ 74.904734000129309, 32.957688999919966 ], [ 74.894085999572027, 32.954519999919846 ], [ 74.889276999852541, 32.952792000354201 ], [ 74.881032999691726, 32.947606000302095 ], [ 74.873475999619188, 32.940402999739284 ], [ 74.873131999662618, 32.935793000002256 ], [ 74.86766699981699, 32.929122000339376 ], [ 74.846430999875238, 32.953838000168652 ], [ 74.827002999580003, 32.968509999963118 ], [ 74.820202999915921, 32.988883999662981 ], [ 74.801746000289342, 32.984401999677878 ], [ 74.79640399956908, 32.953838000168652 ], [ 74.7832899995894, 32.942831999843321 ], [ 74.78084599990828, 32.947893999747542 ], [ 74.775703000277929, 32.946742000105708 ], [ 74.763866000390408, 32.95322399983236 ], [ 74.756994999682902, 32.95840999965975 ], [ 74.754238000007348, 32.962730000155972 ], [ 74.758530000416229, 32.964890999730478 ], [ 74.770717999933041, 32.962442000061152 ], [ 74.769343999756501, 32.966619000120161 ], [ 74.774666000385309, 32.968635000311082 ], [ 74.784107000272328, 32.976556000151767 ], [ 74.784107000272328, 32.981019999721845 ], [ 74.776211000266073, 32.989515999937282 ], [ 74.767463000315104, 33.007502999964892 ], [ 74.753868000111481, 33.015441999723116 ], [ 74.76697700006828, 33.020735000279679 ], [ 74.776190000349644, 33.033190000307698 ], [ 74.820054999777923, 33.010964000325863 ], [ 74.832199999637012, 33.00689200032641 ], [ 74.86960400023321, 33.01137099970375 ], [ 74.87446200035653, 33.030505000226931 ], [ 74.885331999773285, 33.03488100010491 ], [ 74.903607999649893, 33.046378999930418 ], [ 74.951213000016281, 33.042309000288441 ], [ 74.994931999854657, 33.042309000288441 ], [ 75.006572000098714, 33.049635000065201 ] ] ] } },
{ "type": "Feature", "properties": { "pincode": "182311", "officename": "Reasi S.O", "officetype": "S.O", "circle": "Jammu And Kashmir", "region": "Div Reporting", "division": "Udhampur", "state": "Jammu And Kashmir", "district": "Udhampur" }, "geometry": { "type": "Polygon", "coordinates": [ [ [ 74.997342000098911, 33.130991000038811 ], [ 75.009486000133123, 33.121231999824424 ], [ 75.009486000133123, 33.108218999937094 ], [ 75.00559999960511, 33.085441000070965 ], [ 75.007542999869102, 33.065504999676371 ], [ 75.006572000098714, 33.049635000065201 ], [ 74.994931999854657, 33.042309000288441 ], [ 74.951213000016281, 33.042309000288441 ], [ 74.903607999649893, 33.046378999930418 ], [ 74.885331999773285, 33.03488100010491 ], [ 74.87446200035653, 33.030505000226931 ], [ 74.86960400023321, 33.01137099970375 ], [ 74.832199999637012, 33.00689200032641 ], [ 74.820054999777923, 33.010964000325863 ], [ 74.757391000416348, 33.042716000281779 ], [ 74.72047300006696, 33.042716000281779 ], [ 74.702984999662647, 33.044344000274783 ], [ 74.699099000032973, 33.052889999630189 ], [ 74.700556000050156, 33.061028999957813 ], [ 74.730187999590342, 33.088288000167971 ], [ 74.715614999943654, 33.100084999710845 ], [ 74.732130999854348, 33.118793000076053 ], [ 74.74974099955908, 33.121638999654266 ], [ 74.76710699976465, 33.119606000245291 ], [ 74.786155999943205, 33.122451999809734 ], [ 74.793719999688463, 33.114693000124333 ], [ 74.81455899997016, 33.105371999672101 ], [ 74.82002299999084, 33.098660999686516 ], [ 74.825847999686587, 33.095712000011332 ], [ 74.831308000407674, 33.096626999670072 ], [ 74.835085000257422, 33.09886399975553 ], [ 74.851913000337646, 33.101463999881496 ], [ 74.86839300026331, 33.102615000341011 ], [ 74.874571999961375, 33.106210000371824 ], [ 74.875942999764831, 33.110811000217893 ], [ 74.859810000168807, 33.116418999731131 ], [ 74.844017000331377, 33.115125000357779 ], [ 74.829608999642815, 33.110863000029823 ], [ 74.815287000066277, 33.110863000029823 ], [ 74.823922999864266, 33.126111999633864 ], [ 74.842868000285762, 33.124892000091648 ], [ 74.86848399960158, 33.131968000088477 ], [ 74.907534000360855, 33.130650999638618 ], [ 74.988523000002857, 33.136340999789006 ], [ 74.997342000098911, 33.130991000038811 ] ] ] } },
{ "type": "Feature", "properties": { "pincode": "182312", "officename": "Jyotipuram S.O", "officetype": "S.O", "circle": "Jammu And Kashmir", "region": "Div Reporting", "division": "Udhampur", "state": "Jammu And Kashmir", "district": "Udhampur" }, "geometry": { "type": "Polygon", "coordinates": [ [ [ 74.821454000068783, 33.121753000196392 ], [ 74.815287000066277, 33.110863000029823 ], [ 74.829608999642815, 33.110863000029823 ], [ 74.844017000331377, 33.115125000357779 ], [ 74.859810000168807, 33.116418999731131 ], [ 74.875942999764831, 33.110811000217893 ], [ 74.874571999961375, 33.106210000371824 ], [ 74.86839300026331, 33.102615000341011 ], [ 74.851913000337646, 33.101463999881496 ], [ 74.835085000257422, 33.09886399975553 ], [ 74.831308000407674, 33.096626999670072 ], [ 74.825847999686587, 33.095712000011332 ], [ 74.82002299999084, 33.098660999686516 ], [ 74.81455899997016, 33.105371999672101 ], [ 74.793719999688463, 33.114693000124333 ], [ 74.804106000304884, 33.121162999936175 ], [ 74.808827000160818, 33.122887999687229 ], [ 74.813804999934732, 33.127489000180482 ], [ 74.81723700000299, 33.123751000322756 ], [ 74.821454000068783, 33.121753000196392 ] ] ] } },
{ "type": "Feature", "properties": { "pincode": "182313", "officename": "Arnas S.O", "officetype": "S.O", "circle": "Jammu And Kashmir", "region": "Div Reporting", "division": "Udhampur", "state": "Jammu And Kashmir", "district": "Udhampur" }, "geometry": { "type": "Polygon", "coordinates": [ [ [ 74.897440742729231, 33.301859038355445 ], [ 74.911652999619065, 33.298395000220509 ], [ 74.931692999659532, 33.283431999734567 ], [ 74.925863999765824, 33.271671000280854 ], [ 74.92197800013615, 33.257474000078538 ], [ 74.945295000434143, 33.23556600033924 ], [ 74.970555000097832, 33.233102999775539 ], [ 74.943838000416946, 33.20916000014067 ], [ 74.965230999819184, 33.197389000151077 ], [ 74.93462699978538, 33.186398999794534 ], [ 74.973974999572206, 33.177872999810234 ], [ 75.022066000185404, 33.181528000162118 ], [ 75.036638999832078, 33.164850999935581 ], [ 75.075398000338197, 33.162310000111106 ], [ 75.004982000012134, 33.137496999827192 ], [ 74.907534000360855, 33.130650999638618 ], [ 74.86848399960158, 33.131968000088477 ], [ 74.842868000285762, 33.124892000091648 ], [ 74.823922999864266, 33.126111999633864 ], [ 74.821454000068783, 33.121753000196392 ], [ 74.81723700000299, 33.123751000322756 ], [ 74.813804999934732, 33.127489000180482 ], [ 74.808827000160818, 33.122887999687229 ], [ 74.804106000304884, 33.121162999936175 ], [ 74.793719999688463, 33.114693000124333 ], [ 74.786155999943205, 33.122451999809734 ], [ 74.76710699976465, 33.119606000245291 ], [ 74.74974099955908, 33.121638999654266 ], [ 74.743427000141807, 33.126324999932166 ], [ 74.712346999906913, 33.130177999956118 ], [ 74.705071999866718, 33.125299000261741 ], [ 74.697780000108025, 33.130177999956118 ], [ 74.691476999663095, 33.127737999868373 ], [ 74.685632999700786, 33.118385999847398 ], [ 74.676898000168606, 33.120013000086971 ], [ 74.665723000254985, 33.128551999772633 ], [ 74.660870999979466, 33.126519000167463 ], [ 74.656976000128935, 33.135463999755508 ], [ 74.64534699975556, 33.144407999841306 ], [ 74.65068600010278, 33.162293999772061 ], [ 74.64097900007701, 33.167170999830461 ], [ 74.641461999950778, 33.177330999745855 ], [ 74.63369700036408, 33.189927999890088 ], [ 74.645109000104171, 33.203640000272458 ], [ 74.663195000009978, 33.21014000001211 ], [ 74.65858200010905, 33.223340999699701 ], [ 74.664631000110788, 33.24069800021676 ], [ 74.667689999910124, 33.244359999738869 ], [ 74.673993000355054, 33.2455760002224 ], [ 74.688074999732066, 33.252072999996507 ], [ 74.699236000300317, 33.249637000213035 ], [ 74.714783000090421, 33.249637000213035 ], [ 74.726199000028473, 33.261816999827346 ], [ 74.737857999640767, 33.2455760002224 ], [ 74.764088999973168, 33.242327999909669 ], [ 74.774407999744142, 33.244179000055468 ], [ 74.785309999846291, 33.243281999683759 ], [ 74.794928000183617, 33.253617999934455 ], [ 74.804539999774846, 33.259933999636928 ], [ 74.807282000280097, 33.267398000234145 ], [ 74.816935999704086, 33.270842999752361 ], [ 74.82514600042802, 33.2668240001993 ], [ 74.830647000258665, 33.270842999752361 ], [ 74.84368300042054, 33.288638000264328 ], [ 74.846421999654424, 33.299543000301448 ], [ 74.860843999688385, 33.298968999897106 ], [ 74.876639000073965, 33.302411999658645 ], [ 74.897440742729231, 33.301859038355445 ] ] ] } },
{ "type": "Feature", "properties": { "pincode": "182315", "officename": "Mahore S.O Udhampur", "officetype": "S.O", "circle": "Jammu And Kashmir", "region": "Div Reporting", "division": "Udhampur", "state": "Jammu And Kashmir", "district": "Udhampur" }, "geometry": { "type": "Polygon", "coordinates": [ [ [ 74.950113000374458, 33.476127000263318 ], [ 74.949653000066931, 33.454853999789272 ], [ 74.960340000083931, 33.456474000018012 ], [ 74.97685599999464, 33.471865999801651 ], [ 75.002984000394875, 33.477272000094558 ], [ 75.020610999818018, 33.457747999962017 ], [ 75.020854000390571, 33.452891000369078 ], [ 75.024497000346031, 33.448612999653932 ], [ 75.030568999913953, 33.443957999627202 ], [ 75.037370000301266, 33.440516999736936 ], [ 75.044170999790254, 33.434850000040427 ], [ 75.046822999883844, 33.426941000195605 ], [ 75.04390899984945, 33.421678000157492 ], [ 75.036931999735032, 33.421629999904418 ], [ 75.031834000310553, 33.417577999834783 ], [ 75.027463000258962, 33.410283000281048 ], [ 75.016300999865805, 33.411396999790099 ], [ 75.013635000426845, 33.41089099999089 ], [ 75.009746000424101, 33.408864000291594 ], [ 75.009864000424855, 33.406634999637895 ], [ 75.008408000232578, 33.404102000013033 ], [ 75.009259000352372, 33.391434000336432 ], [ 75.031261999850003, 33.374608999648167 ], [ 75.041931000323657, 33.359262000099825 ], [ 75.016670999761658, 33.35602100008245 ], [ 75.005983999744672, 33.346701000076003 ], [ 74.982213999710126, 33.3170850000337 ], [ 74.969098000080606, 33.29275900002159 ], [ 74.95549600020432, 33.282621000020242 ], [ 74.931692999659532, 33.283431999734567 ], [ 74.911652999619065, 33.298395000220509 ], [ 74.895171999868467, 33.302411999658645 ], [ 74.876639000073965, 33.302411999658645 ], [ 74.860843999688385, 33.298968999897106 ], [ 74.846421999654424, 33.299543000301448 ], [ 74.84368300042054, 33.288638000264328 ], [ 74.830647000258665, 33.270842999752361 ], [ 74.82514600042802, 33.2668240001993 ], [ 74.816935999704086, 33.270842999752361 ], [ 74.807282000280097, 33.267398000234145 ], [ 74.804539999774846, 33.259933999636928 ], [ 74.794928000183617, 33.253617999934455 ], [ 74.785309999846291, 33.243281999683759 ], [ 74.774407999744142, 33.244179000055468 ], [ 74.764088999973168, 33.242327999909669 ], [ 74.737857999640767, 33.2455760002224 ], [ 74.726199000028473, 33.261816999827346 ], [ 74.73882900030948, 33.27805499987273 ], [ 74.777690999849469, 33.294290000355915 ], [ 74.809751000075551, 33.297537000361267 ], [ 74.79906400005855, 33.317013999999759 ], [ 74.785463000007155, 33.330808000142973 ], [ 74.827238999581567, 33.360011000096236 ], [ 74.804533999927074, 33.371824999939058 ], [ 74.786672000327258, 33.394186000247593 ], [ 74.789427000352973, 33.414821999641951 ], [ 74.800957000093845, 33.428003000225026 ], [ 74.791338999756547, 33.447485000208971 ], [ 74.811948999709358, 33.455506000174829 ], [ 74.849046000158921, 33.440608999670012 ], [ 74.863472000390828, 33.437171999690527 ], [ 74.885530999964942, 33.443511000234068 ], [ 74.888445999824256, 33.461335000197664 ], [ 74.888604999832893, 33.487255000176745 ], [ 74.905474999745934, 33.492734999936239 ], [ 74.926766999764141, 33.481280999852494 ], [ 74.950113000374458, 33.476127000263318 ] ] ] } },
{ "type": "Feature", "properties": { "pincode": "182320", "officename": "Smvdu S.O", "officetype": "S.O", "circle": "Jammu And Kashmir", "region": "Div Reporting", "division": "Udhampur", "state": "Jammu And Kashmir", "district": "Udhampur" }, "geometry": { "type": "Polygon", "coordinates": [ [ [ 74.931870000109825, 32.960858000095072 ], [ 74.946987999554594, 32.956337999746907 ], [ 74.94874900024368, 32.958502000284348 ], [ 74.950418999797904, 32.959130000088429 ], [ 74.959601000117146, 32.960684999767238 ], [ 74.954224000135071, 32.931448999641873 ], [ 74.96895499996549, 32.902570000037109 ], [ 74.953506999909578, 32.894242999800525 ], [ 74.901347000266881, 32.882925000001222 ], [ 74.882857999954965, 32.911436999723243 ], [ 74.86766699981699, 32.929122000339376 ], [ 74.873131999662618, 32.935793000002256 ], [ 74.873475999619188, 32.940402999739284 ], [ 74.881032999691726, 32.947606000302095 ], [ 74.889276999852541, 32.952792000354201 ], [ 74.904734000129309, 32.957688999919966 ], [ 74.910229999937059, 32.958554000365602 ], [ 74.921564999684264, 32.958842000319457 ], [ 74.92671800025866, 32.960858000095072 ], [ 74.931870000109825, 32.960858000095072 ] ] ] } },
{ "type": "Feature", "properties": { "pincode": "184101", "officename": "Kathua H.O", "officetype": "H.O", "circle": "Jammu And Kashmir", "region": "Div Reporting", "division": "Jammu", "state": "Jammu And Kashmir", "district": "Jammu" }, "geometry": { "type": "Polygon", "coordinates": [ [ [ 75.541087999731687, 32.379174999902986 ], [ 75.554467000025227, 32.370937999859258 ], [ 75.564340999557274, 32.372788000146222 ], [ 75.565843999605221, 32.367378999766878 ], [ 75.556796999903526, 32.357326999944732 ], [ 75.537734000379572, 32.340706999856955 ], [ 75.534637999871947, 32.334396000181577 ], [ 75.528450999777974, 32.340246000065299 ], [ 75.526976000217445, 32.340374000224863 ], [ 75.526905000072318, 32.341707000061199 ], [ 75.518224999893434, 32.349913000248414 ], [ 75.516561000186996, 32.369524000291108 ], [ 75.517377000146681, 32.373258999866785 ], [ 75.51578899970994, 32.386166999743573 ], [ 75.519352000197756, 32.386746999759119 ], [ 75.541087999731687, 32.379174999902986 ] ] ] } },
{ "type": "Feature", "properties": { "pincode": "184102", "officename": "Ie Kathua S.O", "officetype": "S.O", "circle": "Jammu And Kashmir", "region": "Div Reporting", "division": "Jammu", "state": "Jammu And Kashmir", "district": "Jammu" }, "geometry": { "type": "Polygon", "coordinates": [ [ [ 75.582848000310861, 32.413033000372977 ], [ 75.598025000205098, 32.390912999971526 ], [ 75.596387000437957, 32.387890000345692 ], [ 75.586373000265525, 32.387019000262363 ], [ 75.583520000330495, 32.389837000134584 ], [ 75.580849999795277, 32.390606000252731 ], [ 75.579575000251239, 32.388299999775128 ], [ 75.569681999554334, 32.386097000169961 ], [ 75.559972000053818, 32.385020999855662 ], [ 75.551423000294491, 32.372812000138175 ], [ 75.54522399960662, 32.377893000056417 ], [ 75.549776000306494, 32.380864999795691 ], [ 75.551897999772336, 32.398665999884045 ], [ 75.546112000434675, 32.403675999641592 ], [ 75.543451000120271, 32.403748999635006 ], [ 75.539761000309156, 32.402227000128704 ], [ 75.536455999564183, 32.403739999971471 ], [ 75.537314000254995, 32.40725299966801 ], [ 75.536427999975089, 32.411465000367528 ], [ 75.564220000081761, 32.419087000055328 ], [ 75.562885000263293, 32.428257000098 ], [ 75.566041000147038, 32.43619700025917 ], [ 75.581152999743978, 32.434609000206038 ], [ 75.582848000310861, 32.413033000372977 ] ] ] } },
{ "type": "Feature", "properties": { "pincode": "184104", "officename": "Mini Sectt Kathua S.O", "officetype": "S.O", "circle": "Jammu And Kashmir", "region": "Div Reporting", "division": "Jammu", "state": "Jammu And Kashmir", "district": "Jammu" }, "geometry": { "type": "Polygon", "coordinates": [ [ [ 75.572265999875825, 32.452115999751079 ], [ 75.581152999743978, 32.434609000206038 ], [ 75.566041000147038, 32.43619700025917 ], [ 75.562885000263293, 32.428257000098 ], [ 75.564220000081761, 32.419087000055328 ], [ 75.536427999975089, 32.411465000367528 ], [ 75.537314000254995, 32.40725299966801 ], [ 75.536455999564183, 32.403739999971471 ], [ 75.539761000309156, 32.402227000128704 ], [ 75.543451000120271, 32.403748999635006 ], [ 75.546112000434675, 32.403675999641592 ], [ 75.551897999772336, 32.398665999884045 ], [ 75.549776000306494, 32.380864999795691 ], [ 75.54522399960662, 32.377893000056417 ], [ 75.550793000107618, 32.373199999755983 ], [ 75.541087999731687, 32.379174999902986 ], [ 75.519352000197756, 32.386746999759119 ], [ 75.51578899970994, 32.386166999743573 ], [ 75.517377000146681, 32.373258999866785 ], [ 75.516561000186996, 32.369524000291108 ], [ 75.518224999893434, 32.349913000248414 ], [ 75.526905000072318, 32.341707000061199 ], [ 75.527014999677192, 32.339633000283918 ], [ 75.524284999765797, 32.340050999634286 ], [ 75.522441999959227, 32.334015000033141 ], [ 75.520862999743301, 32.339863999923914 ], [ 75.508721000257253, 32.345302000368548 ], [ 75.490021999883041, 32.348379000048688 ], [ 75.468893999896338, 32.354228999736463 ], [ 75.460395000365736, 32.359152999714524 ], [ 75.451066999558307, 32.366397000295677 ], [ 75.450459999836013, 32.370704999926616 ], [ 75.45100299998424, 32.378169000299344 ], [ 75.437258999817686, 32.381849000360113 ], [ 75.435755999769754, 32.385801000354675 ], [ 75.430561000260852, 32.38623600020216 ], [ 75.427941999779236, 32.39257999995867 ], [ 75.441569999594833, 32.397428999759711 ], [ 75.451249999856415, 32.39260400000321 ], [ 75.448093000147793, 32.402705999704658 ], [ 75.44854199968637, 32.407345000274283 ], [ 75.453033000286851, 32.419841999909764 ], [ 75.471782999816355, 32.43190599990281 ], [ 75.479616000073435, 32.440327000173021 ], [ 75.482771999957151, 32.440020000229325 ], [ 75.489327000297195, 32.437153000101084 ], [ 75.49830899970155, 32.436742999672049 ], [ 75.527729000427925, 32.440703000348961 ], [ 75.532554000040975, 32.438975000341408 ], [ 75.566077000132054, 32.447046999973963 ], [ 75.572265999875825, 32.452115999751079 ] ] ] } },
{ "type": "Feature", "properties": { "pincode": "184120", "officename": "Vijaypur S.O", "officetype": "S.O", "circle": "Jammu And Kashmir", "region": "Div Reporting", "division": "Jammu", "state": "Jammu And Kashmir", "district": "Jammu" }, "geometry": { "type": "Polygon", "coordinates": [ [ [ 74.935963000327064, 32.599904000150822 ], [ 74.948666000403023, 32.597861999838599 ], [ 74.955876000145921, 32.598188000208509 ], [ 74.960520000008998, 32.57929899974291 ], [ 74.965723999738714, 32.57162500006956 ], [ 74.972161999902852, 32.566779000129408 ], [ 74.976968999972527, 32.565331999917554 ], [ 74.9812620002063, 32.566487999992411 ], [ 74.987096999947809, 32.569598999860709 ], [ 74.994023999833459, 32.579407000085126 ], [ 75.001246000170255, 32.58416200032606 ], [ 75.010098999703189, 32.584770000098146 ], [ 75.018081999748077, 32.58990300036784 ], [ 75.032501000307292, 32.587518000053961 ], [ 75.028038000194215, 32.581082999963797 ], [ 75.022801999779148, 32.576165999863534 ], [ 75.022030000200388, 32.572188999651054 ], [ 75.028810999597894, 32.572405999945161 ], [ 75.043123000026981, 32.566444999873937 ], [ 75.069165000213502, 32.559746000014457 ], [ 75.046217999811319, 32.538051000061841 ], [ 75.063825000041334, 32.537332999991058 ], [ 75.062973000096633, 32.527910000008589 ], [ 75.041599000062646, 32.518582000353881 ], [ 75.027865999766746, 32.500058000239669 ], [ 75.026546999841841, 32.497566000129446 ], [ 75.027468040705998, 32.496460925422362 ], [ 75.016816581634899, 32.479462134552506 ], [ 75.016556435816824, 32.470790337799606 ], [ 75.019746632766811, 32.467892111166726 ], [ 75.019301601985148, 32.466162165531742 ], [ 75.017358405888416, 32.465130122360605 ], [ 75.014692708283391, 32.465454517479969 ], [ 75.011898049434507, 32.464118986330448 ], [ 75.003290900828517, 32.457229062950276 ], [ 75.000963022770918, 32.456569198594813 ], [ 74.999272300879738, 32.457453102225607 ], [ 74.991874546954236, 32.451460199700541 ], [ 74.988741324752851, 32.452424271404404 ], [ 74.986518334886156, 32.450442224230891 ], [ 74.98324150890177, 32.450887710869509 ], [ 74.974180680534587, 32.456831055883143 ], [ 74.9712186745314, 32.459598261636224 ], [ 74.980247000055002, 32.467084999747208 ], [ 75.000920999581936, 32.488846000095791 ], [ 74.985500000188509, 32.492471999831295 ], [ 74.989157000387664, 32.513242000042261 ], [ 74.975510000305505, 32.508610999782221 ], [ 74.96246300027299, 32.508249000301163 ], [ 74.951562999820652, 32.512302000103041 ], [ 74.941691999763364, 32.512011999822079 ], [ 74.926758000441652, 32.518454999758355 ], [ 74.913025000145751, 32.519541000058517 ], [ 74.899548999767845, 32.518964000168722 ], [ 74.880237999648458, 32.523378000122555 ], [ 74.880749000009629, 32.536686999647721 ], [ 74.885896999662819, 32.5453710003504 ], [ 74.886925000232949, 32.549995999715222 ], [ 74.883118000245986, 32.558208000004697 ], [ 74.898916000106254, 32.571090000355071 ], [ 74.90055899989629, 32.576195000112342 ], [ 74.902015999913488, 32.576450999761512 ], [ 74.90589999989335, 32.580182999867965 ], [ 74.909722999773848, 32.581973000173384 ], [ 74.911118999691695, 32.583863999788363 ], [ 74.908085000006693, 32.585040000128778 ], [ 74.918160000278519, 32.594395000286795 ], [ 74.921680000210316, 32.595060000155961 ], [ 74.928477000399653, 32.599710999911039 ], [ 74.931086999762115, 32.598944999976815 ], [ 74.935963000327064, 32.599904000150822 ] ] ] } },
{ "type": "Feature", "properties": { "pincode": "184121", "officename": "Samba S.O", "officetype": "S.O", "circle": "Jammu And Kashmir", "region": "Div Reporting", "division": "Jammu", "state": "Jammu And Kashmir", "district": "Jammu" }, "geometry": { "type": "Polygon", "coordinates": [ [ [ 75.23025499956772, 32.655129999879762 ], [ 75.252652999973847, 32.634598000311492 ], [ 75.278726999947395, 32.61483899965765 ], [ 75.284078999815122, 32.599866000269778 ], [ 75.314636999818177, 32.600509999660204 ], [ 75.311203000100107, 32.570990000160563 ], [ 75.287417999996933, 32.541747999756268 ], [ 75.256393000013674, 32.547640000092194 ], [ 75.213947000069481, 32.516565000201602 ], [ 75.185504999684468, 32.522056999779984 ], [ 75.152836000086225, 32.541459000216229 ], [ 75.152707000214818, 32.496352000188473 ], [ 75.13501700014416, 32.479389999881491 ], [ 75.126612017392858, 32.47455212612897 ], [ 75.120764460102009, 32.468739505040944 ], [ 75.108737906706381, 32.467624785925409 ], [ 75.107941491816504, 32.471969404653571 ], [ 75.106656984503545, 32.474060239711434 ], [ 75.101353277167192, 32.477694539971964 ], [ 75.098976071719051, 32.477741171610987 ], [ 75.092683101862562, 32.470111895527893 ], [ 75.090752710351893, 32.469255703336806 ], [ 75.087132114379642, 32.470600739412731 ], [ 75.085538527320111, 32.468760272867854 ], [ 75.084240033238174, 32.469359988225158 ], [ 75.084033528520649, 32.472003968708535 ], [ 75.069940545442662, 32.479729787633993 ], [ 75.069590712724931, 32.477906863251711 ], [ 75.067818163294518, 32.477743385199894 ], [ 75.06483577272094, 32.479315057482822 ], [ 75.062238709098565, 32.479197871101938 ], [ 75.059462299524668, 32.480757825993074 ], [ 75.054769144747553, 32.481635693632413 ], [ 75.045352212523639, 32.488306163095338 ], [ 75.041635559698051, 32.487110677838658 ], [ 75.026546999841841, 32.497566000129446 ], [ 75.041599000062646, 32.518582000353881 ], [ 75.062973000096633, 32.527910000008589 ], [ 75.063825000041334, 32.537332999991058 ], [ 75.046217999811319, 32.538051000061841 ], [ 75.069165000213502, 32.559746000014457 ], [ 75.074660000196332, 32.585217999681788 ], [ 75.051821999574145, 32.595781000046593 ], [ 75.069848000103789, 32.629375000111807 ], [ 75.031364999782156, 32.64826099972322 ], [ 75.071382000113871, 32.644598999822037 ], [ 75.047141999726065, 32.672861000337299 ], [ 75.071013000042925, 32.705020000001873 ], [ 75.089355000041778, 32.715781000353893 ], [ 75.130785000009723, 32.728863000073893 ], [ 75.12311499995927, 32.708903999842036 ], [ 75.151517999986226, 32.702158000021171 ], [ 75.170454000186893, 32.683964000291326 ], [ 75.197868000001776, 32.671377000128572 ], [ 75.23025499956772, 32.655129999879762 ] ] ] } },
{ "type": "Feature", "properties": { "pincode": "184141", "officename": "Ghagwal S.O", "officetype": "S.O", "circle": "Jammu And Kashmir", "region": "Div Reporting", "division": "Jammu", "state": "Jammu And Kashmir", "district": "Jammu" }, "geometry": { "type": "Polygon", "coordinates": [ [ [ 75.295753000394356, 32.524437999867487 ], [ 75.282784000179632, 32.515335999905133 ], [ 75.275918000393318, 32.507445000019842 ], [ 75.274715999745908, 32.503609000129174 ], [ 75.268706999927161, 32.497240000096937 ], [ 75.262771999728287, 32.479838000198455 ], [ 75.259994999961236, 32.479464999810858 ], [ 75.269480000229152, 32.476926000339034 ], [ 75.270681000153331, 32.475876999709435 ], [ 75.269744999644715, 32.475010000195667 ], [ 75.259929999663896, 32.473466000090781 ], [ 75.257634999945708, 32.475699999692495 ], [ 75.254330999923965, 32.474759000344186 ], [ 75.248708999719511, 32.476529000323396 ], [ 75.239309999665323, 32.465344000213662 ], [ 75.240040000309591, 32.463208000176401 ], [ 75.246863000438225, 32.460528999698397 ], [ 75.248194000058703, 32.454375000020278 ], [ 75.238580999744272, 32.4503200001785 ], [ 75.238409000215114, 32.44373100020843 ], [ 75.226907999888283, 32.441340999817328 ], [ 75.222874000120555, 32.449160000122191 ], [ 75.212315000150099, 32.446839999938689 ], [ 75.203732000055567, 32.450678999648716 ], [ 75.206822999641972, 32.456329000372001 ], [ 75.210597999841895, 32.458791000089086 ], [ 75.209649999637719, 32.46277299999138 ], [ 75.20536300015003, 32.470159999871349 ], [ 75.19197299998585, 32.476170999636366 ], [ 75.195224000304137, 32.485942000288709 ], [ 75.199092000390479, 32.492604000024976 ], [ 75.199356999806028, 32.496657999713491 ], [ 75.190172999836989, 32.496294999731127 ], [ 75.179702999554948, 32.490067999755432 ], [ 75.165967999609251, 32.489853000116895 ], [ 75.156869999853939, 32.493182999671291 ], [ 75.152578000343382, 32.502660999881861 ], [ 75.152836000086225, 32.541459000216229 ], [ 75.185504999684468, 32.522056999779984 ], [ 75.213947000069481, 32.516565000201602 ], [ 75.256393000013674, 32.547640000092194 ], [ 75.292825999941172, 32.54109800014448 ], [ 75.297805000438288, 32.536974000074949 ], [ 75.301839000206002, 32.53046000025207 ], [ 75.295753000394356, 32.524437999867487 ] ] ] } },
{ "type": "Feature", "properties": { "pincode": "184142", "officename": "Hiranagar S.O", "officetype": "S.O", "circle": "Jammu And Kashmir", "region": "Div Reporting", "division": "Jammu", "state": "Jammu And Kashmir", "district": "Jammu" }, "geometry": { "type": "Polygon", "coordinates": [ [ [ 75.282354000009335, 32.485530999631536 ], [ 75.288619999746032, 32.47135900021074 ], [ 75.294113000079051, 32.463359999852024 ], [ 75.297289000054278, 32.46161799981185 ], [ 75.289736000179673, 32.460423999676351 ], [ 75.276474999886901, 32.451155999986028 ], [ 75.282526000436775, 32.444059999774339 ], [ 75.275916999670102, 32.443657999966774 ], [ 75.272140999645259, 32.448255999888595 ], [ 75.270038000446007, 32.448617999660314 ], [ 75.251068999735054, 32.443187999747543 ], [ 75.266690000043326, 32.437973999918889 ], [ 75.251241000162494, 32.435511000022949 ], [ 75.26437299968552, 32.434460999966021 ], [ 75.276432000229207, 32.425769999842075 ], [ 75.271583000326743, 32.409726000104186 ], [ 75.268706999927161, 32.404184999872896 ], [ 75.260167000388705, 32.402554000139801 ], [ 75.250210999942567, 32.402698999969843 ], [ 75.236049000199614, 32.423525000005284 ], [ 75.229052999818634, 32.422909999742096 ], [ 75.211802000139116, 32.423235999714628 ], [ 75.207724999815383, 32.412298000136758 ], [ 75.204377000311041, 32.407119000348317 ], [ 75.205235000103528, 32.403387999870894 ], [ 75.21369000015153, 32.409147000117201 ], [ 75.225019000050935, 32.410501999842602 ], [ 75.234803999894496, 32.408183000308732 ], [ 75.220041000277035, 32.406372000019907 ], [ 75.208796999868099, 32.402459999921611 ], [ 75.20333089419637, 32.396093793446965 ], [ 75.199408962853639, 32.39752368103386 ], [ 75.192411762323417, 32.401873729022348 ], [ 75.192447831478717, 32.410120273811117 ], [ 75.197493589377899, 32.409831012164375 ], [ 75.19915657398802, 32.411227408328763 ], [ 75.200395264526563, 32.413788896455578 ], [ 75.19878682023058, 32.418268732644847 ], [ 75.199578826189011, 32.420417091995233 ], [ 75.198845464048944, 32.421599921741063 ], [ 75.193551325567014, 32.421376928507534 ], [ 75.191746243648581, 32.422094618924987 ], [ 75.192002288657378, 32.424010470607833 ], [ 75.190306115789056, 32.425372021420408 ], [ 75.192224999880949, 32.426338000123017 ], [ 75.172880000324653, 32.448949999985985 ], [ 75.170567999989714, 32.461761999699441 ], [ 75.19197299998585, 32.476170999636366 ], [ 75.20536300015003, 32.470159999871349 ], [ 75.209649999637719, 32.46277299999138 ], [ 75.210597999841895, 32.458791000089086 ], [ 75.206822999641972, 32.456329000372001 ], [ 75.203732000055567, 32.450678999648716 ], [ 75.212315000150099, 32.446839999938689 ], [ 75.222874000120555, 32.449160000122191 ], [ 75.226907999888283, 32.441340999817328 ], [ 75.238409000215114, 32.44373100020843 ], [ 75.238580999744272, 32.4503200001785 ], [ 75.248194000058703, 32.454375000020278 ], [ 75.246863000438225, 32.460528999698397 ], [ 75.240040000309591, 32.463208000176401 ], [ 75.239309999665323, 32.465344000213662 ], [ 75.248708999719511, 32.476529000323396 ], [ 75.254330999923965, 32.474759000344186 ], [ 75.257634999945708, 32.475699999692495 ], [ 75.259929999663896, 32.473466000090781 ], [ 75.269744999644715, 32.475010000195667 ], [ 75.270681000153331, 32.475876999709435 ], [ 75.269480000229152, 32.476926000339034 ], [ 75.259994999961236, 32.479464999810858 ], [ 75.262771999728287, 32.479838000198455 ], [ 75.268706999927161, 32.497240000096937 ], [ 75.274715999745908, 32.503609000129174 ], [ 75.275918000393318, 32.507445000019842 ], [ 75.282784000179632, 32.515335999905133 ], [ 75.295753000394356, 32.524437999867487 ], [ 75.301839000206002, 32.53046000025207 ], [ 75.313016999594353, 32.526337000016568 ], [ 75.279737000075855, 32.497003000098523 ], [ 75.282354000009335, 32.485530999631536 ] ] ] } },
{ "type": "Feature", "properties": { "pincode": "184143", "officename": "Barwal S.O", "officetype": "S.O", "circle": "Jammu And Kashmir", "region": "Div Reporting", "division": "Jammu", "state": "Jammu And Kashmir", "district": "Jammu" }, "geometry": { "type": "Polygon", "coordinates": [ [ [ 75.498733999848994, 32.571886000046966 ], [ 75.503346999749894, 32.565441999871766 ], [ 75.510022999565436, 32.565492999770363 ], [ 75.511842999805793, 32.560736000360023 ], [ 75.518034000097714, 32.557768999675247 ], [ 75.573835000046031, 32.545438000200626 ], [ 75.537871999573511, 32.545220999803696 ], [ 75.510062999748385, 32.530750000079649 ], [ 75.488949000005405, 32.488044999733326 ], [ 75.482771999957151, 32.440020000229325 ], [ 75.479616000073435, 32.440327000173021 ], [ 75.471782999816355, 32.43190599990281 ], [ 75.453033000286851, 32.419841999909764 ], [ 75.44854199968637, 32.407345000274283 ], [ 75.448093000147793, 32.402705999704658 ], [ 75.451249999856415, 32.39260400000321 ], [ 75.441569999594833, 32.397428999759711 ], [ 75.427941999779236, 32.39257999995867 ], [ 75.417529000296966, 32.401435000057049 ], [ 75.40508700033692, 32.39869400007089 ], [ 75.393069999626022, 32.389008000099267 ], [ 75.406735000149823, 32.375466999633538 ], [ 75.396825999559383, 32.364900000246784 ], [ 75.369472999843865, 32.374705999953612 ], [ 75.369773000317835, 32.389094000090651 ], [ 75.367885000305421, 32.397936000183812 ], [ 75.371897000331813, 32.404838999694221 ], [ 75.38342000039998, 32.41239300025655 ], [ 75.382432999837732, 32.414349000379097 ], [ 75.374321999746329, 32.414675000195523 ], [ 75.3714899997277, 32.418950000220022 ], [ 75.397926000099517, 32.441472999927868 ], [ 75.397926000099517, 32.450793999797376 ], [ 75.394405000342786, 32.452228000042858 ], [ 75.39404100029472, 32.462879999763025 ], [ 75.388942999971903, 32.466361999807752 ], [ 75.394283999968962, 32.472199000310169 ], [ 75.393313000198589, 32.487455999747418 ], [ 75.411035000056302, 32.510388000201395 ], [ 75.415769000331068, 32.528402000216452 ], [ 75.461044999745738, 32.539454000349842 ], [ 75.473182999932149, 32.538226000008571 ], [ 75.503529000223111, 32.538431000356248 ], [ 75.514453000066567, 32.547435000323858 ], [ 75.496731000208854, 32.564213999957865 ], [ 75.498733999848994, 32.571886000046966 ] ] ] } },
{ "type": "Feature", "properties": { "pincode": "184144", "officename": "Dialachak S.O", "officetype": "S.O", "circle": "Jammu And Kashmir", "region": "Div Reporting", "division": "Jammu", "state": "Jammu And Kashmir", "district": "Jammu" }, "geometry": { "type": "Polygon", "coordinates": [ [ [ 75.362949000364296, 32.553325000245032 ], [ 75.39676700000814, 32.551154000263658 ], [ 75.407065999687632, 32.556508000147737 ], [ 75.407946000119722, 32.573385999739642 ], [ 75.419022000299151, 32.577365999765924 ], [ 75.421303999598564, 32.585509000354165 ], [ 75.46614300006857, 32.570556999810805 ], [ 75.461044999745738, 32.539454000349842 ], [ 75.415769000331068, 32.528402000216452 ], [ 75.411035000056302, 32.510388000201395 ], [ 75.393313000198589, 32.487455999747418 ], [ 75.394283999968962, 32.472199000310169 ], [ 75.388942999971903, 32.466361999807752 ], [ 75.39404100029472, 32.462879999763025 ], [ 75.394405000342786, 32.452228000042858 ], [ 75.397926000099517, 32.450793999797376 ], [ 75.397926000099517, 32.441472999927868 ], [ 75.3714899997277, 32.418950000220022 ], [ 75.374321999746329, 32.414675000195523 ], [ 75.382432999837732, 32.414349000379097 ], [ 75.38342000039998, 32.41239300025655 ], [ 75.371897000331813, 32.404838999694221 ], [ 75.367885000305421, 32.397936000183812 ], [ 75.369773000317835, 32.389094000090651 ], [ 75.369472999843865, 32.374705999953612 ], [ 75.396260999669849, 32.365027999666118 ], [ 75.370587999554289, 32.370868999857116 ], [ 75.365310000204744, 32.375688000196142 ], [ 75.368485000355037, 32.381776999979074 ], [ 75.368085000321969, 32.38685900006552 ], [ 75.366597000342622, 32.3928350001054 ], [ 75.365310000204744, 32.393306000000273 ], [ 75.363249999764875, 32.395914000159536 ], [ 75.367541000348822, 32.399464000288944 ], [ 75.368485000355037, 32.401927999633827 ], [ 75.358486000251204, 32.411450999980673 ], [ 75.352349000385942, 32.41442200008207 ], [ 75.359970999857495, 32.421364000368534 ], [ 75.355395999591408, 32.423043999878061 ], [ 75.353958999665693, 32.424602000348408 ], [ 75.345762000258858, 32.424981999968743 ], [ 75.325226999750782, 32.419785999756826 ], [ 75.323253000422966, 32.41869699996073 ], [ 75.318788999586644, 32.418262000287093 ], [ 75.310506999791016, 32.427120000290742 ], [ 75.301244000179238, 32.427284000142613 ], [ 75.297966999921698, 32.428730999731357 ], [ 75.293790999863774, 32.422593000167161 ], [ 75.300937000032576, 32.421397999952035 ], [ 75.289834000088973, 32.407362999640021 ], [ 75.298791000277291, 32.404218000241841 ], [ 75.301838000381068, 32.400161000206033 ], [ 75.302659000363633, 32.405010999778774 ], [ 75.306643999727527, 32.415147999658771 ], [ 75.312953000020244, 32.411635000124633 ], [ 75.316322000339298, 32.413934999845118 ], [ 75.317760000089947, 32.413391000164708 ], [ 75.318253000009449, 32.411851999746311 ], [ 75.318017000007899, 32.408406999939508 ], [ 75.316514999784843, 32.406196999941614 ], [ 75.315484999564902, 32.402320000189775 ], [ 75.315012999561816, 32.394716999906684 ], [ 75.303301000246066, 32.395756999692139 ], [ 75.288404999660884, 32.399028000004634 ], [ 75.284414000449189, 32.401419000328701 ], [ 75.280638000424361, 32.40453400029061 ], [ 75.280723999739749, 32.408192999863935 ], [ 75.277848000238549, 32.411089999927093 ], [ 75.271583000326743, 32.409726000104186 ], [ 75.276432000229207, 32.425769999842075 ], [ 75.26437299968552, 32.434460999966021 ], [ 75.251241000162494, 32.435511000022949 ], [ 75.266690000043326, 32.437973999918889 ], [ 75.251068999735054, 32.443187999747543 ], [ 75.270038000446007, 32.448617999660314 ], [ 75.272140999645259, 32.448255999888595 ], [ 75.275916999670102, 32.443657999966774 ], [ 75.282526000436775, 32.444059999774339 ], [ 75.276474999886901, 32.451155999986028 ], [ 75.289736000179673, 32.460423999676351 ], [ 75.297289000054278, 32.46161799981185 ], [ 75.294113000079051, 32.463359999852024 ], [ 75.288619999746032, 32.47135900021074 ], [ 75.282354000009335, 32.485530999631536 ], [ 75.279737000075855, 32.497003000098523 ], [ 75.313016999594353, 32.526337000016568 ], [ 75.301839000206002, 32.53046000025207 ], [ 75.297805000438288, 32.536974000074949 ], [ 75.292825999941172, 32.54109800014448 ], [ 75.287417999996933, 32.541747999756268 ], [ 75.311203000100107, 32.570990000160563 ], [ 75.314636999818177, 32.600509999660204 ], [ 75.333594999760138, 32.57864199990486 ], [ 75.359858999704514, 32.571120000013131 ], [ 75.362949000364296, 32.553325000245032 ] ] ] } },
{ "type": "Feature", "properties": { "pincode": "184145", "officename": "Rajpura S.O Kathua", "officetype": "S.O", "circle": "Jammu And Kashmir", "region": "Div Reporting", "division": "Jammu", "state": "Jammu And Kashmir", "district": "Jammu" }, "geometry": { "type": "Polygon", "coordinates": [ [ [ 75.165211787921606, 32.490129789126051 ], [ 75.179702999554948, 32.490067999755432 ], [ 75.190172999836989, 32.496294999731127 ], [ 75.199356999806028, 32.496657999713491 ], [ 75.199092000390479, 32.492604000024976 ], [ 75.195224000304137, 32.485942000288709 ], [ 75.19197299998585, 32.476170999636366 ], [ 75.170567999989714, 32.461761999699441 ], [ 75.172880000324653, 32.448949999985985 ], [ 75.192224999880949, 32.426338000123017 ], [ 75.190306115789056, 32.425372021420408 ], [ 75.187094774293911, 32.426046564235136 ], [ 75.182506232823258, 32.424290933346825 ], [ 75.180329511583565, 32.42423996479566 ], [ 75.179031106434834, 32.423524476037272 ], [ 75.178253448368096, 32.421550694981775 ], [ 75.167625732668284, 32.423211000821418 ], [ 75.163855659727673, 32.422636472510582 ], [ 75.160124480245656, 32.418637397095836 ], [ 75.152662557862783, 32.421081051935843 ], [ 75.14110938248588, 32.412349786131202 ], [ 75.133253660242019, 32.408496850818622 ], [ 75.131420765584082, 32.408864255300543 ], [ 75.131656273308863, 32.414466729159024 ], [ 75.127530873554278, 32.417245738365196 ], [ 75.126632395675088, 32.420280166976802 ], [ 75.127252043676606, 32.425509827388645 ], [ 75.129923521940455, 32.426586585656324 ], [ 75.133013449836724, 32.426411047752268 ], [ 75.133226858107207, 32.427802884310317 ], [ 75.131936661763532, 32.429806636800727 ], [ 75.129355183911358, 32.431181731224292 ], [ 75.128401456048948, 32.43351732099493 ], [ 75.124453148372822, 32.434618917981517 ], [ 75.124398776043591, 32.436552438020399 ], [ 75.118597587991118, 32.444339971828711 ], [ 75.118186102098804, 32.44699569936023 ], [ 75.119272980049274, 32.454217047636732 ], [ 75.107768504140594, 32.460572243036033 ], [ 75.108737906706381, 32.467624785925409 ], [ 75.120764460102009, 32.468739505040944 ], [ 75.126612017392858, 32.47455212612897 ], [ 75.13501700014416, 32.479389999881491 ], [ 75.152707000214818, 32.496352000188473 ], [ 75.152578000343382, 32.502660999881861 ], [ 75.156869999853939, 32.493182999671291 ], [ 75.165211787921606, 32.490129789126051 ] ] ] } },
{ "type": "Feature", "properties": { "pincode": "184148", "officename": "Sanjimore S.O", "officetype": "S.O", "circle": "Jammu And Kashmir", "region": "Div Reporting", "division": "Jammu", "state": "Jammu And Kashmir", "district": "Jammu" }, "geometry": { "type": "Polygon", "coordinates": [ [ [ 75.310506999791016, 32.427120000290742 ], [ 75.318788999586644, 32.418262000287093 ], [ 75.323253000422966, 32.41869699996073 ], [ 75.325226999750782, 32.419785999756826 ], [ 75.345762000258858, 32.424981999968743 ], [ 75.353958999665693, 32.424602000348408 ], [ 75.355395999591408, 32.423043999878061 ], [ 75.359970999857495, 32.421364000368534 ], [ 75.352349000385942, 32.41442200008207 ], [ 75.358486000251204, 32.411450999980673 ], [ 75.368485000355037, 32.401927999633827 ], [ 75.367541000348822, 32.399464000288944 ], [ 75.363249999764875, 32.395914000159536 ], [ 75.365310000204744, 32.393306000000273 ], [ 75.366597000342622, 32.3928350001054 ], [ 75.368085000321969, 32.38685900006552 ], [ 75.368485000355037, 32.381776999979074 ], [ 75.365310000204744, 32.375688000196142 ], [ 75.370587999554289, 32.370868999857116 ], [ 75.398482999593099, 32.364522999801544 ], [ 75.399770999555926, 32.348867000360009 ], [ 75.397668000356646, 32.342989000001666 ], [ 75.398010999590014, 32.339364000127496 ], [ 75.389170999577559, 32.340633000213273 ], [ 75.376124000443355, 32.335993000004159 ], [ 75.377541000277574, 32.338204000040037 ], [ 75.374966000176897, 32.344728999693217 ], [ 75.372175999991072, 32.347048999847857 ], [ 75.364536999902754, 32.340488000202669 ], [ 75.356811999600708, 32.342916999785487 ], [ 75.354013999917299, 32.339434999797867 ], [ 75.349838999684266, 32.343637000128027 ], [ 75.349277000167817, 32.34526200009752 ], [ 75.341590000398909, 32.345746000216202 ], [ 75.340761999845341, 32.344903000174725 ], [ 75.340328000375408, 32.341547000103262 ], [ 75.340721999662378, 32.337651999859844 ], [ 75.338944000153148, 32.33563700011792 ], [ 75.335900000422413, 32.336944000293641 ], [ 75.335030000036042, 32.334898000115913 ], [ 75.335430000069138, 32.330159000199536 ], [ 75.33136561838019, 32.326604260092651 ], [ 75.332232179117341, 32.32668297603378 ], [ 75.327771437368881, 32.326116685509582 ], [ 75.32683349200768, 32.334947450956527 ], [ 75.322670356722952, 32.343527760436807 ], [ 75.311335068616543, 32.34269723514182 ], [ 75.306807875791563, 32.342961094877637 ], [ 75.30215956042187, 32.344284938693107 ], [ 75.299646607856175, 32.34644966501466 ], [ 75.298873320991618, 32.353515293467275 ], [ 75.288302360851446, 32.354481047653657 ], [ 75.287354760397562, 32.36067910016331 ], [ 75.289660956717483, 32.367477903091668 ], [ 75.289748312488953, 32.369842267410988 ], [ 75.275381902899753, 32.375064097853155 ], [ 75.272904557755297, 32.37511998615237 ], [ 75.267860591995131, 32.371551043934858 ], [ 75.266391524010402, 32.371285123478508 ], [ 75.265034845149202, 32.372416767644118 ], [ 75.260110658952371, 32.370332445521349 ], [ 75.258129338354991, 32.371412403701633 ], [ 75.257095295716283, 32.376562025090358 ], [ 75.255359471211307, 32.376837934565117 ], [ 75.257183987282573, 32.387965054424129 ], [ 75.255943922321691, 32.389265341395202 ], [ 75.252038936798456, 32.389578854876454 ], [ 75.247574955725057, 32.38808168961728 ], [ 75.244824020576004, 32.384730385615811 ], [ 75.238305654431571, 32.385984141711624 ], [ 75.235528148913033, 32.387460650766641 ], [ 75.230819375128092, 32.391944268012736 ], [ 75.228617344753602, 32.392860922203916 ], [ 75.227394002830025, 32.391790598226898 ], [ 75.222935775466027, 32.394241131597838 ], [ 75.223089445770114, 32.396162852311797 ], [ 75.220978014983586, 32.398214935216096 ], [ 75.21501672199463, 32.401278152538985 ], [ 75.211865040312489, 32.400669542421952 ], [ 75.207560495828972, 32.39468644380031 ], [ 75.20333089419637, 32.396093793446965 ], [ 75.208796999868099, 32.402459999921611 ], [ 75.220041000277035, 32.406372000019907 ], [ 75.234803999894496, 32.408183000308732 ], [ 75.225019000050935, 32.410501999842602 ], [ 75.21369000015153, 32.409147000117201 ], [ 75.205235000103528, 32.403387999870894 ], [ 75.204377000311041, 32.407119000348317 ], [ 75.207724999815383, 32.412298000136758 ], [ 75.211802000139116, 32.423235999714628 ], [ 75.229052999818634, 32.422909999742096 ], [ 75.236049000199614, 32.423525000005284 ], [ 75.250210999942567, 32.402698999969843 ], [ 75.260167000388705, 32.402554000139801 ], [ 75.268706999927161, 32.404184999872896 ], [ 75.271583000326743, 32.409726000104186 ], [ 75.277848000238549, 32.411089999927093 ], [ 75.280723999739749, 32.408192999863935 ], [ 75.280638000424361, 32.40453400029061 ], [ 75.288404999660884, 32.399028000004634 ], [ 75.303301000246066, 32.395756999692139 ], [ 75.315012999561816, 32.394716999906684 ], [ 75.315484999564902, 32.402320000189775 ], [ 75.316514999784843, 32.406196999941614 ], [ 75.318017000007899, 32.408406999939508 ], [ 75.317760000089947, 32.413391000164708 ], [ 75.316322000339298, 32.413934999845118 ], [ 75.312953000020244, 32.411635000124633 ], [ 75.306643999727527, 32.415147999658771 ], [ 75.302659000363633, 32.405010999778774 ], [ 75.301838000381068, 32.400161000206033 ], [ 75.298791000277291, 32.404218000241841 ], [ 75.289834000088973, 32.407362999640021 ], [ 75.300937000032576, 32.421397999952035 ], [ 75.293790999863774, 32.422593000167161 ], [ 75.297966999921698, 32.428730999731357 ], [ 75.301244000179238, 32.427284000142613 ], [ 75.310506999791016, 32.427120000290742 ] ] ] } },
{ "type": "Feature", "properties": { "pincode": "184151", "officename": "Parole S.O", "officetype": "S.O", "circle": "Jammu And Kashmir", "region": "Div Reporting", "division": "Jammu", "state": "Jammu And Kashmir", "district": "Jammu" }, "geometry": { "type": "Polygon", "coordinates": [ [ [ 75.490021999883041, 32.348379000048688 ], [ 75.508721000257253, 32.345302000368548 ], [ 75.520862999743301, 32.339863999923914 ], [ 75.522383000407999, 32.334234999806483 ], [ 75.506656999619409, 32.328782000043162 ], [ 75.497640000054957, 32.324636999744783 ], [ 75.494248000169677, 32.320546999902952 ], [ 75.485525934580977, 32.323463022359149 ], [ 75.481776999897335, 32.331700999939699 ], [ 75.48229699958101, 32.333660000358051 ], [ 75.481508000283796, 32.335166999884542 ], [ 75.482778999629843, 32.336542000088031 ], [ 75.483643999993333, 32.336004000334434 ], [ 75.484474000196755, 32.337581999907187 ], [ 75.486136000253367, 32.336575000115502 ], [ 75.488066999923475, 32.339635000194605 ], [ 75.489272000045602, 32.339299999735566 ], [ 75.494941999930617, 32.341125000318122 ], [ 75.490369000212681, 32.344895999756133 ], [ 75.487957994753657, 32.345360996675744 ], [ 75.486491000080605, 32.344726000375495 ], [ 75.487083999559218, 32.343580999775632 ], [ 75.486332999896845, 32.341972000365317 ], [ 75.485186000399352, 32.341873999630181 ], [ 75.484116999821367, 32.34046299965393 ], [ 75.480004000410943, 32.339730000076429 ], [ 75.478935999657864, 32.338487999750562 ], [ 75.477040999972772, 32.339025999917595 ], [ 75.475048000378351, 32.338135000106782 ], [ 75.475039000157523, 32.339924999681173 ], [ 75.473843000256252, 32.338858000062132 ], [ 75.469127000423157, 32.338630999996987 ], [ 75.470031000246408, 32.334857000171219 ], [ 75.471869999855016, 32.332858000169978 ], [ 75.465974000014157, 32.329170000321881 ], [ 75.46964700010686, 32.32778699978676 ], [ 75.4677850000337, 32.3246009999351 ], [ 75.462100000080028, 32.327059000118417 ], [ 75.449505999784066, 32.323823999795245 ], [ 75.449310999790384, 32.325130999736103 ], [ 75.448126999584645, 32.326044999798967 ], [ 75.444959000005369, 32.321207000154864 ], [ 75.442903999588381, 32.320805999688417 ], [ 75.440490999869397, 32.31802100032467 ], [ 75.431610999673964, 32.316660000362901 ], [ 75.430013999914706, 32.314999000270291 ], [ 75.426254999608275, 32.31693199990039 ], [ 75.426254999608275, 32.317654000086407 ], [ 75.418429999747133, 32.320037000244078 ], [ 75.410511000174651, 32.328619999853373 ], [ 75.40715399955117, 32.328299999685555 ], [ 75.406617999973975, 32.328891999903675 ], [ 75.405351999752469, 32.328440999929732 ], [ 75.405273999934664, 32.327247000188855 ], [ 75.403692000243993, 32.326877000235541 ], [ 75.40219000002098, 32.330052000164528 ], [ 75.399385999591459, 32.3300160002307 ], [ 75.394483000160605, 32.326928000197881 ], [ 75.380293999755153, 32.333987000299629 ], [ 75.376552000065502, 32.33430300004229 ], [ 75.375025999553031, 32.335487999688013 ], [ 75.374531999808639, 32.337319000371053 ], [ 75.372504999879041, 32.334959999811801 ], [ 75.363555000261726, 32.332858999820623 ], [ 75.361993999589146, 32.334103000006657 ], [ 75.363474999895772, 32.336119000118792 ], [ 75.360868000008026, 32.334924000311851 ], [ 75.358652999757481, 32.335342999782995 ], [ 75.355364999629273, 32.336699999811614 ], [ 75.355737000073262, 32.33829600037528 ], [ 75.35401300009238, 32.339434999797867 ], [ 75.356811999600708, 32.342916999785487 ], [ 75.364536999902754, 32.340488000202669 ], [ 75.372175999991072, 32.347048999847857 ], [ 75.374966000176897, 32.344728999693217 ], [ 75.377541000277574, 32.338204000040037 ], [ 75.376124000443355, 32.335993000004159 ], [ 75.389170999577559, 32.340633000213273 ], [ 75.398010999590014, 32.339364000127496 ], [ 75.397668000356646, 32.342989000001666 ], [ 75.399770999555926, 32.348867000360009 ], [ 75.398482999593099, 32.364522999801544 ], [ 75.396825999559383, 32.364900000246784 ], [ 75.406735000149823, 32.375466999633538 ], [ 75.393069999626022, 32.389008000099267 ], [ 75.40508700033692, 32.39869400007089 ], [ 75.417529000296966, 32.401435000057049 ], [ 75.427941999779236, 32.39257999995867 ], [ 75.430561000260852, 32.38623600020216 ], [ 75.435755999769754, 32.385801000354675 ], [ 75.437258999817686, 32.381849000360113 ], [ 75.45100299998424, 32.378169000299344 ], [ 75.450459999836013, 32.370704999926616 ], [ 75.451066999558307, 32.366397000295677 ], [ 75.460395000365736, 32.359152999714524 ], [ 75.468893999896338, 32.354228999736463 ], [ 75.490021999883041, 32.348379000048688 ] ] ] } },
{ "type": "Feature", "properties": { "pincode": "184152", "officename": "Lakhanpur S.O Kathua", "officetype": "S.O", "circle": "Jammu And Kashmir", "region": "Div Reporting", "division": "Jammu", "state": "Jammu And Kashmir", "district": "Jammu" }, "geometry": { "type": "Polygon", "coordinates": [ [ [ 75.729007999643002, 32.438951999733113 ], [ 75.734338999594314, 32.439117000044149 ], [ 75.73714899987165, 32.434974000312792 ], [ 75.74248800021887, 32.433616000254119 ], [ 75.743803999770776, 32.431601000245536 ], [ 75.741959000314367, 32.430247999880059 ], [ 75.738052999694872, 32.429819000370607 ], [ 75.735497999685663, 32.430103000339578 ], [ 75.729884999702065, 32.432897000368449 ], [ 75.727750999642339, 32.431682000230268 ], [ 75.727502999945216, 32.429370999957641 ], [ 75.731997000020456, 32.424985999804548 ], [ 75.731992999822509, 32.423248000212141 ], [ 75.726501000212721, 32.413661000245952 ], [ 75.722719000340078, 32.409368000182461 ], [ 75.722772999868454, 32.405579999909996 ], [ 75.715026999650007, 32.407946000287083 ], [ 75.711344000409909, 32.411558000011105 ], [ 75.705199000148724, 32.405014999741574 ], [ 75.701379999567862, 32.399467000066196 ], [ 75.695060000302817, 32.396079000313094 ], [ 75.687253999809926, 32.390252000220563 ], [ 75.683339999692819, 32.389581000084746 ], [ 75.679796000369905, 32.389967999980151 ], [ 75.676971999848874, 32.391594999709348 ], [ 75.675493999915304, 32.393861000245749 ], [ 75.673065000302813, 32.393913000102216 ], [ 75.646534000394738, 32.387433999641708 ], [ 75.634571999935432, 32.379907999946447 ], [ 75.611930999855062, 32.376855000023603 ], [ 75.595312999837091, 32.377039000116838 ], [ 75.559809999672112, 32.356947000122645 ], [ 75.557787999765381, 32.353839999715888 ], [ 75.550589999718042, 32.34897100022296 ], [ 75.539285000108066, 32.335217000106113 ], [ 75.537664999884257, 32.32590400037784 ], [ 75.539096999787105, 32.325833999690012 ], [ 75.542840000199973, 32.321602000195853 ], [ 75.541941000399589, 32.316248999643335 ], [ 75.543528999938076, 32.312269000140155 ], [ 75.543313000027993, 32.309198000045484 ], [ 75.54221300038617, 32.303809000192956 ], [ 75.539530000330487, 32.300222999988989 ], [ 75.53933100013883, 32.292175000315886 ], [ 75.536831000381213, 32.283108999870777 ], [ 75.532241999871431, 32.277831999890942 ], [ 75.528613000159694, 32.278234999649072 ], [ 75.526036000409178, 32.277491000157738 ], [ 75.526186000197015, 32.27600399985598 ], [ 75.520919999644732, 32.277234999640356 ], [ 75.521020000102155, 32.279299999813183 ], [ 75.518661999736452, 32.279714000215776 ], [ 75.518385999551896, 32.281646999856022 ], [ 75.509189000062406, 32.283993999922032 ], [ 75.507241999600424, 32.287686999757803 ], [ 75.503931999730895, 32.291315000069091 ], [ 75.505488000380637, 32.29668700012423 ], [ 75.513293999975204, 32.307106999918545 ], [ 75.504464999833402, 32.312691999937769 ], [ 75.503314999962853, 32.311031999860489 ], [ 75.499024000277217, 32.312337000170835 ], [ 75.489417999635464, 32.316660000362901 ], [ 75.486397000369251, 32.31663500006578 ], [ 75.481916999639409, 32.320292000052937 ], [ 75.485525934580977, 32.323463022359149 ], [ 75.494248000169677, 32.320546999902952 ], [ 75.497640000054957, 32.324636999744783 ], [ 75.506656999619409, 32.328782000043162 ], [ 75.522441999959227, 32.334015000033141 ], [ 75.524284999765797, 32.340050999634286 ], [ 75.527014999677192, 32.339633000283918 ], [ 75.526976000217445, 32.340374000224863 ], [ 75.528450999777974, 32.340246000065299 ], [ 75.534637999871947, 32.334396000181577 ], [ 75.537734000379572, 32.340706999856955 ], [ 75.556796999903526, 32.357326999944732 ], [ 75.565843999605221, 32.367378999766878 ], [ 75.564340999557274, 32.372788000146222 ], [ 75.554467000025227, 32.370937999859258 ], [ 75.551423000294491, 32.372812000138175 ], [ 75.559972000053818, 32.385020999855662 ], [ 75.569681999554334, 32.386097000169961 ], [ 75.579575000251239, 32.388299999775128 ], [ 75.580849999795277, 32.390606000252731 ], [ 75.583520000330495, 32.389837000134584 ], [ 75.586373000265525, 32.387019000262363 ], [ 75.596387000437957, 32.387890000345692 ], [ 75.598025000205098, 32.390912999971526 ], [ 75.582848000310861, 32.413033000372977 ], [ 75.581152999743978, 32.434609000206038 ], [ 75.570488000366595, 32.455616999913161 ], [ 75.668162999798568, 32.486793000092163 ], [ 75.668893000442836, 32.484041999824143 ], [ 75.677519000195062, 32.481943000374123 ], [ 75.68129500021989, 32.478287999928213 ], [ 75.686144999947274, 32.476912999837509 ], [ 75.698590000280362, 32.467654999764726 ], [ 75.707045000328336, 32.464034999675455 ], [ 75.719190000187467, 32.461139000039928 ], [ 75.725412000441551, 32.45751900030443 ], [ 75.729446000209222, 32.45415599996992 ], [ 75.728841000136725, 32.447670000053144 ], [ 75.726609999992661, 32.444809000226584 ], [ 75.729007999643002, 32.438951999733113 ] ] ] } },
{ "type": "Feature", "properties": { "pincode": "184201", "officename": "Ba Soli S.O", "officetype": "S.O", "circle": "Jammu And Kashmir", "region": "Div Reporting", "division": "Jammu", "state": "Jammu And Kashmir", "district": "Jammu" }, "geometry": { "type": "Polygon", "coordinates": [ [ [ 75.893210000296648, 32.666658000120776 ], [ 75.892182999551451, 32.65880200002681 ], [ 75.886199999671973, 32.653157999822234 ], [ 75.886035999640427, 32.651156000060489 ], [ 75.886774999607212, 32.650400999846923 ], [ 75.893113000212267, 32.648610000304821 ], [ 75.897027000329359, 32.652341999881195 ], [ 75.897838000266177, 32.654321000363346 ], [ 75.899441999698155, 32.65447799968647 ], [ 75.903558000379917, 32.657786999884848 ], [ 75.906255999605946, 32.658142000041671 ], [ 75.910890000321544, 32.656164000036398 ], [ 75.914997999709101, 32.653093999947743 ], [ 75.915535000009527, 32.650971999770455 ], [ 75.914171999703683, 32.647551999648819 ], [ 75.914062999923743, 32.644704000183154 ], [ 75.915028999671264, 32.643595000164943 ], [ 75.91610300027213, 32.643351000116091 ], [ 75.918799999673212, 32.644562999950793 ], [ 75.92030699991912, 32.642887000158304 ], [ 75.923410000099409, 32.642744000095242 ], [ 75.928040999543683, 32.645576002035774 ], [ 75.93322900027816, 32.647106000114334 ], [ 75.934153000192893, 32.644757000304246 ], [ 75.93381099988612, 32.642648999673114 ], [ 75.9299360001271, 32.639784000171012 ], [ 75.928815005958754, 32.637168002440191 ], [ 75.930947000080465, 32.633136999694699 ], [ 75.930706999880925, 32.631389000180413 ], [ 75.929281999650783, 32.630843999637378 ], [ 75.927341999759847, 32.631324999858357 ], [ 75.924196999746769, 32.63674999979424 ], [ 75.918627000319162, 32.63310799971908 ], [ 75.919128999561181, 32.629692999632141 ], [ 75.916114000142741, 32.628642999633776 ], [ 75.91550099967435, 32.627704999707497 ], [ 75.915787999729517, 32.626354000135159 ], [ 75.917730000168618, 32.624571000374956 ], [ 75.91857399971741, 32.62172199993779 ], [ 75.916570000252335, 32.617182000133838 ], [ 75.916355999992092, 32.614428000078775 ], [ 75.905909999999537, 32.607585999855786 ], [ 75.905025000442862, 32.600369000177714 ], [ 75.897690999953085, 32.590658999918695 ], [ 75.892729000072706, 32.588957000068909 ], [ 75.884042000221115, 32.58981799968911 ], [ 75.878949999746069, 32.586975000139951 ], [ 75.87822699967279, 32.585877000278352 ], [ 75.87956900006229, 32.581963000237153 ], [ 75.879887999904511, 32.577386999874825 ], [ 75.877710000362185, 32.569144999846394 ], [ 75.87628900032999, 32.567756999931554 ], [ 75.869735999639815, 32.566100999698023 ], [ 75.86671000035075, 32.563960999805296 ], [ 75.866137000065308, 32.562458999703914 ], [ 75.873332999564511, 32.554128000155586 ], [ 75.874074999904323, 32.552057000118857 ], [ 75.873206996472859, 32.549471002550462 ], [ 75.868292000041407, 32.545167000272528 ], [ 75.854899000402483, 32.536900000055169 ], [ 75.855643000392135, 32.530040000147871 ], [ 75.853828000174644, 32.527698999777414 ], [ 75.852305999860135, 32.526801999760465 ], [ 75.847384000162734, 32.526100000218079 ], [ 75.84238799994715, 32.523075000088944 ], [ 75.838259999569829, 32.522314999758883 ], [ 75.837234000446173, 32.521181999711018 ], [ 75.836688999749796, 32.518471999788822 ], [ 75.838821999984617, 32.513697000161116 ], [ 75.8329019998543, 32.51441499976282 ], [ 75.830412000142445, 32.513726000142213 ], [ 75.834076000014292, 32.508225999960516 ], [ 75.834476000047388, 32.505917999758395 ], [ 75.833763999844763, 32.503731000326979 ], [ 75.831535000248806, 32.502806000068375 ], [ 75.829388999595224, 32.504189000176446 ], [ 75.826178000358226, 32.503889999970042 ], [ 75.826323000123182, 32.499988999733176 ], [ 75.824399000125752, 32.495930000319355 ], [ 75.819942999685338, 32.491806999681202 ], [ 75.813599000130836, 32.488455000071831 ], [ 75.800509000440613, 32.485129000004576 ], [ 75.794067000078499, 32.479502999902778 ], [ 75.787698000409648, 32.475436999880912 ], [ 75.777074999966757, 32.465218999637749 ], [ 75.770830999971366, 32.462177000198245 ], [ 75.766268000299178, 32.462019000100454 ], [ 75.762729000100791, 32.459987000168539 ], [ 75.759343000063268, 32.460518000127728 ], [ 75.749024000292337, 32.45408299983481 ], [ 75.741510999702399, 32.455147999722129 ], [ 75.729257000063328, 32.452670999852842 ], [ 75.729446000209222, 32.45415599996992 ], [ 75.725412000441551, 32.45751900030443 ], [ 75.719190000187467, 32.461139000039928 ], [ 75.707045000328336, 32.464034999675455 ], [ 75.698590000280362, 32.467654999764726 ], [ 75.686144999947274, 32.476912999837509 ], [ 75.68129500021989, 32.478287999928213 ], [ 75.677519000195062, 32.481943000374123 ], [ 75.668893000442836, 32.484041999824143 ], [ 75.668162999798568, 32.486793000092163 ], [ 75.675028999584868, 32.496984999689452 ], [ 75.685029000411916, 32.492822000368477 ], [ 75.696724000009226, 32.491447000329323 ], [ 75.705702999938893, 32.49930000017202 ], [ 75.691181000345821, 32.520609999731803 ], [ 75.687308000236612, 32.544365999626102 ], [ 75.613499000200321, 32.588149000084357 ], [ 75.656997000105775, 32.606256000268168 ], [ 75.773078999833885, 32.625351000183777 ], [ 75.762775999956432, 32.672781000351335 ], [ 75.837939000077782, 32.663073999886514 ], [ 75.898649319104919, 32.672841868432897 ], [ 75.896926000047017, 32.672102999938247 ], [ 75.897538999617112, 32.669780000137848 ], [ 75.893210000296648, 32.666658000120776 ] ] ] } },
{ "type": "Feature", "properties": { "pincode": "184202", "officename": "Mahanpur S.O", "officetype": "S.O", "circle": "Jammu And Kashmir", "region": "Div Reporting", "division": "Jammu", "state": "Jammu And Kashmir", "district": "Jammu" }, "geometry": { "type": "Polygon", "coordinates": [ [ [ 75.604487999585302, 32.593193000172597 ], [ 75.622109999883904, 32.591733000281373 ], [ 75.613499000200321, 32.588149000084357 ], [ 75.687308000236612, 32.544365999626102 ], [ 75.691181000345821, 32.520609999731803 ], [ 75.705702999938893, 32.49930000017202 ], [ 75.696724000009226, 32.491447000329323 ], [ 75.685029000411916, 32.492822000368477 ], [ 75.675028999584868, 32.496984999689452 ], [ 75.668162999798568, 32.486793000092163 ], [ 75.570488000366595, 32.455616999913161 ], [ 75.572659000236243, 32.452439999807844 ], [ 75.566077000132054, 32.447046999973963 ], [ 75.532554000040975, 32.438975000341408 ], [ 75.527729000427925, 32.440703000348961 ], [ 75.49830899970155, 32.436742999672049 ], [ 75.489327000297195, 32.437153000101084 ], [ 75.482771999957151, 32.440020000229325 ], [ 75.488949000005405, 32.488044999733326 ], [ 75.493150000177664, 32.496542999796205 ], [ 75.520090000339636, 32.489862999706212 ], [ 75.556837999911394, 32.494497999970704 ], [ 75.589222000002593, 32.515435999988426 ], [ 75.607768000215927, 32.557134000114132 ], [ 75.583367000169616, 32.574381000219859 ], [ 75.604487999585302, 32.593193000172597 ] ] ] } },
{ "type": "Feature", "properties": { "pincode": "184203", "officename": "Bhaddu S.O", "officetype": "S.O", "circle": "Jammu And Kashmir", "region": "Div Reporting", "division": "Jammu", "state": "Jammu And Kashmir", "district": "Jammu" }, "geometry": { "type": "Polygon", "coordinates": [ [ [ 75.521658999611518, 32.758578000358597 ], [ 75.572179999662112, 32.742651999812736 ], [ 75.585297999839725, 32.743878000103038 ], [ 75.581760000364596, 32.705430999740891 ], [ 75.562419999932885, 32.66118099968061 ], [ 75.571348999633813, 32.634139000045572 ], [ 75.568833999807609, 32.620433000192698 ], [ 75.54661299985176, 32.603043999828671 ], [ 75.56070000014995, 32.58378700013359 ], [ 75.583367000169616, 32.574381000219859 ], [ 75.607768000215927, 32.557134000114132 ], [ 75.589222000002593, 32.515435999988426 ], [ 75.556837999911394, 32.494497999970704 ], [ 75.520090000339636, 32.489862999706212 ], [ 75.493150000177664, 32.496542999796205 ], [ 75.510062999748385, 32.530750000079649 ], [ 75.537871999573511, 32.545220999803696 ], [ 75.573835000046031, 32.545438000200626 ], [ 75.518034000097714, 32.557768999675247 ], [ 75.511842999805793, 32.560736000360023 ], [ 75.510022999565436, 32.565492999770363 ], [ 75.503346999749894, 32.565441999871766 ], [ 75.498733999848994, 32.571886000046966 ], [ 75.496731000208854, 32.564213999957865 ], [ 75.514453000066567, 32.547435000323858 ], [ 75.503529000223111, 32.538431000356248 ], [ 75.473182999932149, 32.538226000008571 ], [ 75.461044999745738, 32.539454000349842 ], [ 75.46614300006857, 32.570556999810805 ], [ 75.421303999598564, 32.585509000354165 ], [ 75.422488999629209, 32.589738000356924 ], [ 75.446529999825387, 32.586915999931641 ], [ 75.469712000404172, 32.587061000348356 ], [ 75.483068000233175, 32.598729000078173 ], [ 75.496757999973013, 32.607464000008513 ], [ 75.501309999774577, 32.621931000288399 ], [ 75.503198999611897, 32.631188000220753 ], [ 75.502083000076581, 32.645868000207749 ], [ 75.490298000067568, 32.657922999798338 ], [ 75.487445999957458, 32.66252399992873 ], [ 75.479190999926004, 32.665793000132446 ], [ 75.476215999792259, 32.668398000049166 ], [ 75.471845999565573, 32.677439999945882 ], [ 75.476400999740164, 32.683824000280509 ], [ 75.473001000357272, 32.689035000121812 ], [ 75.474942999898047, 32.691590000001604 ], [ 75.478585000028573, 32.693938999708045 ], [ 75.479498000072638, 32.698588000243227 ], [ 75.46978400037419, 32.701089999656311 ], [ 75.459791000118159, 32.702265000203383 ], [ 75.4662800003359, 32.711200999644653 ], [ 75.47308099982493, 32.726724000053942 ], [ 75.485711000105923, 32.737342999965293 ], [ 75.490569000229229, 32.751635999857861 ], [ 75.488139999718399, 32.761436000234482 ], [ 75.495427000352521, 32.770826000008874 ], [ 75.509999999999209, 32.765111000120513 ], [ 75.521658999611518, 32.758578000358597 ] ] ] } },
{ "type": "Feature", "properties": { "pincode": "184204", "officename": "Billawar S.O", "officetype": "S.O", "circle": "Jammu And Kashmir", "region": "Div Reporting", "division": "Jammu", "state": "Jammu And Kashmir", "district": "Jammu" }, "geometry": { "type": "Polygon", "coordinates": [ [ [ 75.688536999749857, 32.775691999817411 ], [ 75.660851999773314, 32.751182999824572 ], [ 75.675909000016986, 32.709503000167324 ], [ 75.720590000303247, 32.685025999749996 ], [ 75.722849999861339, 32.647809000307149 ], [ 75.720976000092605, 32.616780999795402 ], [ 75.656997000105775, 32.606256000268168 ], [ 75.622013999624471, 32.591694000153055 ], [ 75.604487999585302, 32.593193000172597 ], [ 75.583367000169616, 32.574381000219859 ], [ 75.56070000014995, 32.58378700013359 ], [ 75.54661299985176, 32.603043999828671 ], [ 75.568833999807609, 32.620433000192698 ], [ 75.571348999633813, 32.634139000045572 ], [ 75.562419999932885, 32.66118099968061 ], [ 75.581760000364596, 32.705430999740891 ], [ 75.585297999839725, 32.743878000103038 ], [ 75.596953999977316, 32.748777999766183 ], [ 75.603269000117805, 32.759395000272697 ], [ 75.608127000241126, 32.77327600031844 ], [ 75.643589000398237, 32.770417999846416 ], [ 75.663020000168217, 32.771234999879333 ], [ 75.688536999749857, 32.775691999817411 ] ] ] } },
{ "type": "Feature", "properties": { "pincode": "184205", "officename": "Ramkot S.O Kathua", "officetype": "S.O", "circle": "Jammu And Kashmir", "region": "Div Reporting", "division": "Jammu", "state": "Jammu And Kashmir", "district": "Jammu" }, "geometry": { "type": "Polygon", "coordinates": [ [ [ 75.225804999873404, 32.740817999639148 ], [ 75.227888999704405, 32.730807999692466 ], [ 75.232260999580888, 32.721822000223121 ], [ 75.240518999985397, 32.710793000001139 ], [ 75.271569999907953, 32.703847000338754 ], [ 75.287599999571853, 32.701395999958869 ], [ 75.299745000329253, 32.69444999984146 ], [ 75.313831999729146, 32.689546999824941 ], [ 75.325491000239737, 32.690363999715991 ], [ 75.335692000009942, 32.68791200004901 ], [ 75.357066000043943, 32.693224000276217 ], [ 75.373097000431059, 32.700578999739484 ], [ 75.38669900030736, 32.719779999742329 ], [ 75.395843000093407, 32.715694999909147 ], [ 75.40167199998713, 32.708340999921766 ], [ 75.411216999631208, 32.700578999739484 ], [ 75.392996000006193, 32.696952999734592 ], [ 75.381518999968762, 32.679145000131754 ], [ 75.353013999834587, 32.649145999947891 ], [ 75.357907999942881, 32.633020999735713 ], [ 75.365377000151881, 32.61682099988149 ], [ 75.355245999803572, 32.598157999769001 ], [ 75.37344499968728, 32.577318999684557 ], [ 75.407946000119722, 32.573385999739642 ], [ 75.407065999687632, 32.556508000147737 ], [ 75.39676700000814, 32.551154000263658 ], [ 75.362949000364296, 32.553325000245032 ], [ 75.359858999704514, 32.571120000013131 ], [ 75.333594999760138, 32.57864199990486 ], [ 75.314636999818177, 32.600509999660204 ], [ 75.284078999815122, 32.599866000269778 ], [ 75.278726999947395, 32.61483899965765 ], [ 75.252652999973847, 32.634598000311492 ], [ 75.23025499956772, 32.655129999879762 ], [ 75.197868000001776, 32.671377000128572 ], [ 75.170454000186893, 32.683964000291326 ], [ 75.18793300037035, 32.698683000170462 ], [ 75.193758999891003, 32.717079000212166 ], [ 75.203712999788991, 32.731213999687178 ], [ 75.209295999635387, 32.731212999925866 ], [ 75.225804999873404, 32.740817999639148 ] ] ] } },
{ "type": "Feature", "properties": { "pincode": "184206", "officename": "Bani S.O Kathua", "officetype": "S.O", "circle": "Jammu And Kashmir", "region": "Div Reporting", "division": "Jammu", "state": "Jammu And Kashmir", "district": "Jammu" }, "geometry": { "type": "Polygon", "coordinates": [ [ [ 75.81862400784523, 32.852731064746415 ], [ 75.819921999768951, 32.85284899993583 ], [ 75.82636499995597, 32.850011000151341 ], [ 75.829678000198527, 32.84664400035372 ], [ 75.829875999666939, 32.845026000371675 ], [ 75.834737000163301, 32.844914999646178 ], [ 75.840468000147695, 32.843428999790632 ], [ 75.840591999996235, 32.841463000021335 ], [ 75.842435999627725, 32.837689999655524 ], [ 75.844289000378367, 32.837414999749171 ], [ 75.846083999606037, 32.835071000194006 ], [ 75.848188000426873, 32.836482999848769 ], [ 75.850361999771209, 32.836073000332888 ], [ 75.852658000212642, 32.834382999628339 ], [ 75.863799999615978, 32.821507999992171 ], [ 75.865630999727003, 32.82029999964103 ], [ 75.865039000073281, 32.813383999992183 ], [ 75.868542000286638, 32.813704000010574 ], [ 75.872226000250009, 32.812410000068738 ], [ 75.875413000095847, 32.812725999905446 ], [ 75.879086000188522, 32.811211000172889 ], [ 75.882599000447627, 32.805799999854742 ], [ 75.882181999797794, 32.804159000301198 ], [ 75.884205000427741, 32.80193199983956 ], [ 75.883478999981421, 32.799118999739477 ], [ 75.885799999638877, 32.793243999666103 ], [ 75.884935000173712, 32.791247000279498 ], [ 75.885458000230443, 32.788933999629855 ], [ 75.884807000127182, 32.787685000108233 ], [ 75.885819999730344, 32.782247999787707 ], [ 75.89460399966633, 32.775028000083601 ], [ 75.896504000272628, 32.774923999694735 ], [ 75.896443999998169, 32.771142000345385 ], [ 75.897953999718794, 32.769167000041712 ], [ 75.904782999695215, 32.76477800016572 ], [ 75.921748000042797, 32.747173000112248 ], [ 75.922967000408605, 32.743547999708348 ], [ 75.920513999608346, 32.737355999746022 ], [ 75.918326999845192, 32.734817000193431 ], [ 75.918803999871145, 32.728413999806079 ], [ 75.918285999837295, 32.727152000044093 ], [ 75.914437000017543, 32.722422999676887 ], [ 75.906952999739929, 32.716068999885955 ], [ 75.906513991263949, 32.712908003538473 ], [ 75.904461000378262, 32.710416999833505 ], [ 75.904831000274086, 32.70889599974992 ], [ 75.9018879954358, 32.705425002461901 ], [ 75.901087999861232, 32.703107999829285 ], [ 75.899792000400836, 32.702629999810227 ], [ 75.898655000050766, 32.698860999746024 ], [ 75.89737600030881, 32.697537000340454 ], [ 75.899671999851918, 32.695471000242627 ], [ 75.900456000024562, 32.693526999779834 ], [ 75.897189999637661, 32.685523000195225 ], [ 75.897760000448372, 32.683419999904466 ], [ 75.897225999622677, 32.677472000245913 ], [ 75.898912999793652, 32.675147000138914 ], [ 75.898787000295272, 32.673032000104897 ], [ 75.837939000077782, 32.663073999886514 ], [ 75.762775999956432, 32.672781000351335 ], [ 75.773078999833885, 32.625351000183777 ], [ 75.720976000092605, 32.616780999795402 ], [ 75.722849999861339, 32.647809000307149 ], [ 75.720590000303247, 32.685025999749996 ], [ 75.675909000016986, 32.709503000167324 ], [ 75.660851999773314, 32.751182999824572 ], [ 75.688536999749857, 32.775691999817411 ], [ 75.660367000249721, 32.807950999895894 ], [ 75.715380999652353, 32.844937000256557 ], [ 75.797742999645905, 32.844735999863168 ], [ 75.795689999777053, 32.858825000186457 ], [ 75.807012000003766, 32.852479999820034 ], [ 75.816950999833153, 32.858878999658174 ], [ 75.817297000337874, 32.856454000017493 ], [ 75.818680999661822, 32.854575000350657 ], [ 75.81862400784523, 32.852731064746415 ] ] ] } },
{ "type": "Feature", "properties": { "pincode": "184210", "officename": "Nagrota Gujroo S.O", "officetype": "S.O", "circle": "Jammu And Kashmir", "region": "Div Reporting", "division": "Jammu", "state": "Jammu And Kashmir", "district": "Jammu" }, "geometry": { "type": "Polygon", "coordinates": [ [ [ 75.483068000233175, 32.598729000078173 ], [ 75.469712000404172, 32.587061000348356 ], [ 75.446529999825387, 32.586915999931641 ], [ 75.422488999629209, 32.589738000356924 ], [ 75.419022000299151, 32.577365999765924 ], [ 75.407946000119722, 32.573385999739642 ], [ 75.37344499968728, 32.577318999684557 ], [ 75.355245999803572, 32.598157999769001 ], [ 75.365377000151881, 32.61682099988149 ], [ 75.357907999942881, 32.633020999735713 ], [ 75.353013999834587, 32.649145999947891 ], [ 75.381518999968762, 32.679145000131754 ], [ 75.392996000006193, 32.696952999734592 ], [ 75.42499400030799, 32.70262199991145 ], [ 75.438299000083362, 32.70297999978105 ], [ 75.459791000118159, 32.702265000203383 ], [ 75.46978400037419, 32.701089999656311 ], [ 75.479498000072638, 32.698588000243227 ], [ 75.478585000028573, 32.693938999708045 ], [ 75.474942999898047, 32.691590000001604 ], [ 75.473001000357272, 32.689035000121812 ], [ 75.476400999740164, 32.683824000280509 ], [ 75.471845999565573, 32.677439999945882 ], [ 75.476215999792259, 32.668398000049166 ], [ 75.479190999926004, 32.665793000132446 ], [ 75.487445999957458, 32.66252399992873 ], [ 75.490298000067568, 32.657922999798338 ], [ 75.502083000076581, 32.645868000207749 ], [ 75.503198999611897, 32.631188000220753 ], [ 75.501309999774577, 32.621931000288399 ], [ 75.496757999973013, 32.607464000008513 ], [ 75.483068000233175, 32.598729000078173 ] ] ] } },
{ "type": "Feature", "properties": { "pincode": "185101", "officename": "Poonch S.O", "officetype": "S.O", "circle": "Jammu And Kashmir", "region": "Div Reporting", "division": "Rajouri", "state": "Jammu And Kashmir", "district": "Rajouri" }, "geometry": { "type": "Polygon", "coordinates": [ [ [ 74.226625999795544, 33.863630999799568 ], [ 74.227672999733912, 33.843269000227757 ], [ 74.232407000008649, 33.823304999854834 ], [ 74.243088000177863, 33.814833999776006 ], [ 74.227672999733912, 33.776402000221914 ], [ 74.216262999643646, 33.776099000364759 ], [ 74.2140780004286, 33.761972000165429 ], [ 74.199391000080809, 33.755514000045345 ], [ 74.201332999621584, 33.732602000208232 ], [ 74.207159000040519, 33.70281800036247 ], [ 74.196056000096917, 33.6854189998066 ], [ 74.183167799748745, 33.671674459992985 ], [ 74.177784000418299, 33.667063000350161 ], [ 74.149501999866857, 33.670699000207954 ], [ 74.130323999816881, 33.671608000265991 ], [ 74.073394999739335, 33.665142999750273 ], [ 74.03188199993069, 33.666406000130536 ], [ 74.012400000107064, 33.662769000091146 ], [ 74.008198000109886, 33.658031000181296 ], [ 74.00184600015946, 33.656888000068783 ], [ 73.994508000370047, 33.654030000040279 ], [ 73.989573000253827, 33.653636999873001 ], [ 73.986825999725696, 33.65435199995084 ], [ 73.985367000058702, 33.655708999689324 ], [ 73.569971999861721, 33.654986000256919 ], [ 73.56788890014262, 33.660073387552643 ], [ 73.567458699648, 33.668486068177529 ], [ 73.568812525459862, 33.671024999497149 ], [ 73.577541236785038, 33.680635878580745 ], [ 73.578682098992502, 33.68358373825582 ], [ 73.588417637596535, 33.690152031868401 ], [ 73.59715033564494, 33.699761474526518 ], [ 73.59987324156053, 33.705037906690393 ], [ 73.600036206732867, 33.707628835619204 ], [ 73.603135988249463, 33.715087014303492 ], [ 73.603562388870458, 33.725660420942219 ], [ 73.603022475333532, 33.728482067326631 ], [ 73.598703292802469, 33.735866418648044 ], [ 73.596543003546003, 33.743355676033424 ], [ 73.5967811460295, 33.747142347177935 ], [ 73.594645993431257, 33.751232997611467 ], [ 73.583957681873969, 33.760094986604429 ], [ 73.574826651963946, 33.763292258145285 ], [ 73.572602721561154, 33.765987415679717 ], [ 73.571860393336223, 33.769417187966418 ], [ 73.569636220388276, 33.772112285042148 ], [ 73.563832128980778, 33.774963527448456 ], [ 73.559922503659124, 33.781329070910921 ], [ 73.560121818261109, 33.784517837561225 ], [ 73.561852965238401, 33.789238552060205 ], [ 73.566835428740958, 33.800012461412905 ], [ 73.569706235979851, 33.815274788664148 ], [ 73.574704965277249, 33.822450551868378 ], [ 73.576398832170241, 33.830370058302982 ], [ 73.576006114779176, 33.839379857999141 ], [ 73.577951772259766, 33.847488125902473 ], [ 73.58716316365846, 33.860674158752673 ], [ 73.587564867795663, 33.863254025779604 ], [ 74.195522999994438, 33.860478000330957 ], [ 74.226625999795544, 33.863630999799568 ] ] ] } },
{ "type": "Feature", "properties": { "pincode": "185102", "officename": "Mandi S.O", "officetype": "S.O", "circle": "Jammu And Kashmir", "region": "Div Reporting", "division": "Rajouri", "state": "Jammu And Kashmir", "district": "Rajouri" }, "geometry": { "type": "Polygon", "coordinates": [ [ [ 74.325085000298458, 33.912451999806486 ], [ 74.364052000318736, 33.90717999981517 ], [ 74.38636799981083, 33.883385000031844 ], [ 74.396324000256925, 33.856445999854607 ], [ 74.42018600035297, 33.829354999856861 ], [ 74.456236999790718, 33.776906000027765 ], [ 74.4809530003796, 33.748608000292194 ], [ 74.43972900027596, 33.745825000107303 ], [ 74.393359999993834, 33.743805999799243 ], [ 74.274647999913427, 33.732904999932941 ], [ 74.242238999707908, 33.717358000097391 ], [ 74.2144099997913, 33.725860000321937 ], [ 74.208009000335409, 33.726892000170444 ], [ 74.201965711822254, 33.729367921388366 ], [ 74.199391000080809, 33.755514000045345 ], [ 74.2140780004286, 33.761972000165429 ], [ 74.216262999643646, 33.776099000364759 ], [ 74.227672999733912, 33.776402000221914 ], [ 74.243088000177863, 33.814833999776006 ], [ 74.232407000008649, 33.823304999854834 ], [ 74.227672999733912, 33.843269000227757 ], [ 74.226625999795544, 33.863630999799568 ], [ 74.227551000433479, 33.865646999661543 ], [ 74.238353999903126, 33.875776000078197 ], [ 74.241996000033666, 33.877589999724151 ], [ 74.252171999689494, 33.885914000137092 ], [ 74.277619999674158, 33.893145999676797 ], [ 74.278264000104713, 33.895355000201803 ], [ 74.276546999796508, 33.897670000189414 ], [ 74.28023800033084, 33.899735999949435 ], [ 74.281384999828347, 33.9016470002951 ], [ 74.279822000404238, 33.905248000094417 ], [ 74.276756999858804, 33.905412000034808 ], [ 74.276028999762644, 33.908926000223659 ], [ 74.277227000212093, 33.909190000346996 ], [ 74.277667000428139, 33.910688000242395 ], [ 74.276301999574116, 33.912036000206939 ], [ 74.325085000298458, 33.912451999806486 ] ] ] } },
{ "type": "Feature", "properties": { "pincode": "185121", "officename": "Samote S.O", "officetype": "S.O", "circle": "Jammu And Kashmir", "region": "Div Reporting", "division": "Rajouri", "state": "Jammu And Kashmir", "district": "Rajouri" }, "geometry": { "type": "Polygon", "coordinates": [ [ [ 74.485931000153514, 33.73204899977442 ], [ 74.501380999859279, 33.707204999666992 ], [ 74.509792000424653, 33.687353000009033 ], [ 74.516659000035887, 33.665353999664916 ], [ 74.520205999731843, 33.650190000195373 ], [ 74.520949999721537, 33.634917000356879 ], [ 74.520447999581179, 33.630382999997728 ], [ 74.526274999825048, 33.61886100037249 ], [ 74.526152999626305, 33.613908000340153 ], [ 74.60197400042189, 33.558578999808304 ], [ 74.658279000160334, 33.503044999878533 ], [ 74.600196999839255, 33.452827999642587 ], [ 74.576405999888323, 33.479965999828956 ], [ 74.544118000056599, 33.502236000293209 ], [ 74.524453999759785, 33.517012999665788 ], [ 74.511102000128744, 33.537856999925971 ], [ 74.485244999890185, 33.555772999875735 ], [ 74.420272537759246, 33.552142553590208 ], [ 74.409714000421147, 33.55770399973995 ], [ 74.394436000244511, 33.560994000293547 ], [ 74.385046000411137, 33.573918999686434 ], [ 74.378916000218581, 33.584335000305614 ], [ 74.359434000394955, 33.586661000062399 ], [ 74.355336999979755, 33.585978000203909 ], [ 74.321136000021255, 33.565285000183451 ], [ 74.330234999601501, 33.531235999666862 ], [ 74.328786999805146, 33.518971999982455 ], [ 74.326800999883432, 33.523937000307974 ], [ 74.313754999675808, 33.535098999766333 ], [ 74.295216000033477, 33.559133999744574 ], [ 74.287147999599782, 33.571292999862578 ], [ 74.287147999599782, 33.580303000066223 ], [ 74.284573000397415, 33.583019999668927 ], [ 74.282355999598707, 33.592853999688877 ], [ 74.272384999982307, 33.608185999714095 ], [ 74.266290999774739, 33.615405999883386 ], [ 74.256891999720523, 33.620479999715556 ], [ 74.248824000185138, 33.623268000348844 ], [ 74.24285899984902, 33.628235000164558 ], [ 74.243545999937254, 33.634701999959894 ], [ 74.239039000341563, 33.641454999695185 ], [ 74.239339999742128, 33.648599999745031 ], [ 74.235950000404983, 33.652816000147112 ], [ 74.224792000209789, 33.658210000155158 ], [ 74.199042000101329, 33.658781000210716 ], [ 74.183449880629439, 33.6719782952053 ], [ 74.196056000096917, 33.6854189998066 ], [ 74.207159000040519, 33.70281800036247 ], [ 74.201996000318687, 33.729393000088805 ], [ 74.208009000335409, 33.726892000170444 ], [ 74.2144099997913, 33.725860000321937 ], [ 74.242238999707908, 33.717358000097391 ], [ 74.274647999913427, 33.732904999932941 ], [ 74.393359999993834, 33.743805999799243 ], [ 74.43972900027596, 33.745825000107303 ], [ 74.4809530003796, 33.748608000292194 ], [ 74.485931000153514, 33.73204899977442 ] ] ] } },
{ "type": "Feature", "properties": { "pincode": "185131", "officename": "Rajouri H.O", "officetype": "H.O", "circle": "Jammu And Kashmir", "region": "Div Reporting", "division": "Rajouri", "state": "Jammu And Kashmir", "district": "Rajouri" }, "geometry": { "type": "Polygon", "coordinates": [ [ [ 74.325220999842585, 33.501003000076679 ], [ 74.301740000411385, 33.466005999878128 ], [ 74.303657999662704, 33.458803000051162 ], [ 74.313855000133231, 33.446751999842078 ], [ 74.291884000422669, 33.443612000197717 ], [ 74.279746000236244, 33.428518999661854 ], [ 74.276104999930652, 33.422440999680013 ], [ 74.295769000227452, 33.407445999974371 ], [ 74.299289000159234, 33.403290999955999 ], [ 74.299166999960505, 33.416261000369445 ], [ 74.317739000113093, 33.428518999661854 ], [ 74.325717000135143, 33.429645000344543 ], [ 74.319806000225682, 33.423417999662952 ], [ 74.317359999996427, 33.418619000152958 ], [ 74.317187999568972, 33.414213000177732 ], [ 74.317874999657235, 33.412207000356652 ], [ 74.314441999764071, 33.403251000277002 ], [ 74.314764999804268, 33.399743999693712 ], [ 74.311972999968603, 33.393512000299609 ], [ 74.311305999971836, 33.389838000245256 ], [ 74.31148800044501, 33.389103000237178 ], [ 74.313307999787085, 33.388621999687253 ], [ 74.314430999893418, 33.390041000245169 ], [ 74.315857999773414, 33.382720000058846 ], [ 74.311427000345645, 33.376737999884845 ], [ 74.314097999807473, 33.376161000228954 ], [ 74.316563000303304, 33.369457999984768 ], [ 74.317586999777134, 33.368754999658712 ], [ 74.319270999575053, 33.36903400006458 ], [ 74.317745999785828, 33.366924000201962 ], [ 74.317640000378901, 33.365447999949708 ], [ 74.325719999609859, 33.361975999657233 ], [ 74.329574000350831, 33.356285000132324 ], [ 74.331000000405865, 33.346855999921686 ], [ 74.330848000069892, 33.338692999766437 ], [ 74.333094000282614, 33.327258000196494 ], [ 74.327600999949581, 33.320386999975092 ], [ 74.324778999976715, 33.315390999662128 ], [ 74.322199999678062, 33.304867000216561 ], [ 74.316099999622722, 33.297079999813043 ], [ 74.300502999603893, 33.303298999639765 ], [ 74.275130999787208, 33.311019999737283 ], [ 74.258994999818114, 33.339563999634251 ], [ 74.253329999955923, 33.362793000236486 ], [ 74.1603050002348, 33.376030000041709 ], [ 74.144404000442378, 33.377144999777386 ], [ 74.113330000055257, 33.377550000114972 ], [ 73.925550999710964, 33.377869000194075 ], [ 73.868014999911097, 33.379898000362992 ], [ 73.822237000356097, 33.373513000349618 ], [ 73.793793000321259, 33.371226000195151 ], [ 73.747787000262321, 33.371801000297893 ], [ 73.732680999614814, 33.370651000042656 ], [ 73.717574999865647, 33.370650000012994 ], [ 73.703156000204757, 33.371799000264993 ], [ 73.688735999820636, 33.371800000281453 ], [ 73.661178999890623, 33.370758000150104 ], [ 73.566366928574197, 33.371889992713527 ], [ 73.571140214871264, 33.379361072122315 ], [ 73.570589898843352, 33.38435462328745 ], [ 73.571091869339298, 33.387223887832334 ], [ 73.573317474201787, 33.391824565100706 ], [ 73.575922981987816, 33.393878653679536 ], [ 73.581089822007513, 33.395549099863871 ], [ 73.581909323600144, 33.403228160450482 ], [ 73.588500632047328, 33.405736641097583 ], [ 73.589087440336996, 33.411307483919742 ], [ 73.590875933965393, 33.413227580867023 ], [ 73.596004632416424, 33.415200429836496 ], [ 73.59911956671526, 33.415462929057973 ], [ 73.60158394647523, 33.416753448274342 ], [ 73.603160125082837, 33.419082509220203 ], [ 73.601733726175809, 33.422943155649044 ], [ 73.594114537532789, 33.42307901553513 ], [ 73.589047786903734, 33.422102751756299 ], [ 73.586708104983302, 33.422805304938329 ], [ 73.586144556771288, 33.425228635451532 ], [ 73.589397015055269, 33.4276840102279 ], [ 73.595940384008983, 33.429394758158004 ], [ 73.595238721618657, 33.437220951632078 ], [ 73.596064366789548, 33.438983499234332 ], [ 73.603997700779004, 33.440033004316213 ], [ 73.607213618292192, 33.438092209261363 ], [ 73.609365870321852, 33.438197090354286 ], [ 73.611305424648421, 33.43871109065941 ], [ 73.613132528766059, 33.441228833099245 ], [ 73.615923712033108, 33.447701547672288 ], [ 73.619778245475018, 33.448330661439364 ], [ 73.626435897200878, 33.448036055306332 ], [ 73.630890719949932, 33.446839322704122 ], [ 73.631892076488711, 33.447594472156773 ], [ 73.632480765850588, 33.449367312928892 ], [ 73.632070232172509, 33.457980393026077 ], [ 73.628241242325686, 33.461547983285165 ], [ 73.6199555594374, 33.462514274449703 ], [ 73.619154844312263, 33.464948225503569 ], [ 73.620129739177699, 33.472905975665164 ], [ 73.836020999807275, 33.478565999793993 ], [ 73.846321000209954, 33.479568000214293 ], [ 73.890095000299965, 33.479424000306146 ], [ 73.966334999598558, 33.473899999861992 ], [ 73.980658999723232, 33.475923999967257 ], [ 74.014524000121028, 33.477037999821427 ], [ 74.029827000411998, 33.476562000152477 ], [ 74.061756000218523, 33.477849000155274 ], [ 74.122180999938394, 33.476557999665644 ], [ 74.142780000020579, 33.478492000336807 ], [ 74.157542999638082, 33.47885000034367 ], [ 74.192591000416726, 33.478557999754479 ], [ 74.193648000400813, 33.477629000350348 ], [ 74.196509999658375, 33.47770200024879 ], [ 74.209385000161745, 33.482998999757498 ], [ 74.216080000243835, 33.500179000339891 ], [ 74.233417999962015, 33.502754999978116 ], [ 74.245777000081361, 33.511916000103788 ], [ 74.22363300011844, 33.549264000287025 ], [ 74.266204999561012, 33.560279000308455 ], [ 74.274960000082999, 33.550265000332409 ], [ 74.313754999675808, 33.535098999766333 ], [ 74.326800999883432, 33.523937000307974 ], [ 74.328786999805146, 33.518971999982455 ], [ 74.327287000130212, 33.506272000063326 ], [ 74.325220999842585, 33.501003000076679 ] ] ] } },
{ "type": "Feature", "properties": { "pincode": "185132", "officename": "Jawaharnagar S.O Rajauri", "officetype": "S.O", "circle": "Jammu And Kashmir", "region": "Div Reporting", "division": "Rajouri", "state": "Jammu And Kashmir", "district": "Rajouri" }, "geometry": { "type": "Polygon", "coordinates": [ [ [ 74.576405999888323, 33.479965999828956 ], [ 74.600196999839255, 33.452827999642587 ], [ 74.556014000393688, 33.436217999915812 ], [ 74.508917000015401, 33.43945899986619 ], [ 74.458466000284986, 33.430295000357859 ], [ 74.455994000116476, 33.412309000309079 ], [ 74.458421999904061, 33.402886000292845 ], [ 74.482334000228818, 33.393156999866946 ], [ 74.48986000033922, 33.383022000340652 ], [ 74.518263000366161, 33.368932999633792 ], [ 74.493986999993339, 33.36356000035525 ], [ 74.524333000284287, 33.342571999990319 ], [ 74.506489000227816, 33.329489999943327 ], [ 74.475658000413318, 33.317825999664258 ], [ 74.466553999911881, 33.297840999820608 ], [ 74.438636000306843, 33.286883999816581 ], [ 74.410475000129239, 33.271662000300964 ], [ 74.380251000037035, 33.261919000277196 ], [ 74.362651000378051, 33.2733870000203 ], [ 74.339344999950697, 33.269632000085252 ], [ 74.319680999653869, 33.26821100032172 ], [ 74.317739000113093, 33.258264999658756 ], [ 74.303415999813353, 33.274300999799593 ], [ 74.304994000204374, 33.276254000279025 ], [ 74.304841999868415, 33.279578000248947 ], [ 74.306237999786262, 33.283001999844871 ], [ 74.311183999773107, 33.287720999720285 ], [ 74.316099999622722, 33.297079999813043 ], [ 74.322199999678062, 33.304867000216561 ], [ 74.324778999976715, 33.315390999662128 ], [ 74.327600999949581, 33.320386999975092 ], [ 74.333094000282614, 33.327258000196494 ], [ 74.330848000069892, 33.338692999766437 ], [ 74.331000000405865, 33.346855999921686 ], [ 74.329574000350831, 33.356285000132324 ], [ 74.325719999609859, 33.361975999657233 ], [ 74.317640000378901, 33.365447999949708 ], [ 74.317745999785828, 33.366924000201962 ], [ 74.319270999575053, 33.36903400006458 ], [ 74.316701969677752, 33.369362594443714 ], [ 74.330422999922462, 33.367817000348772 ], [ 74.343957999851597, 33.365283000035262 ], [ 74.359589000205645, 33.368813999673932 ], [ 74.3665410002057, 33.378418999884701 ], [ 74.362164000306308, 33.381429000055945 ], [ 74.361477000218059, 33.386804999992982 ], [ 74.374351999823133, 33.387914999675758 ], [ 74.385037000190323, 33.403358000014592 ], [ 74.389020999729283, 33.418616000219664 ], [ 74.380815000101634, 33.422350000164826 ], [ 74.38231499977654, 33.426441999716189 ], [ 74.391174000055585, 33.433519000170755 ], [ 74.380445000205796, 33.442900999690316 ], [ 74.373575000221507, 33.451613000127459 ], [ 74.403191999693092, 33.461739999985852 ], [ 74.401974000050501, 33.462013000224388 ], [ 74.402585999795662, 33.467411000344136 ], [ 74.408896999738218, 33.459715000110947 ], [ 74.449438999776476, 33.456271999948825 ], [ 74.474686999744605, 33.475106000314483 ], [ 74.513529999916329, 33.471865999801651 ], [ 74.529066999660714, 33.491506999929918 ], [ 74.544118000056599, 33.502236000293209 ], [ 74.576405999888323, 33.479965999828956 ] ] ] } },
{ "type": "Feature", "properties": { "pincode": "185133", "officename": "Post Graduate College Rajouri S.O", "officetype": "S.O", "circle": "Jammu And Kashmir", "region": "Div Reporting", "division": "Rajouri", "state": "Jammu And Kashmir", "district": "Rajouri" }, "geometry": { "type": "Polygon", "coordinates": [ [ [ 74.34080600016587, 33.431774000340283 ], [ 74.322654999962751, 33.411954999740153 ], [ 74.34559800016693, 33.419871999717259 ], [ 74.364714000292636, 33.422694000039108 ], [ 74.384316999591789, 33.41924900034256 ], [ 74.382497000249757, 33.411346999979749 ], [ 74.37448499989253, 33.4074959997806 ], [ 74.372119999854149, 33.398986999977993 ], [ 74.373150000074091, 33.394903000012889 ], [ 74.368172000300177, 33.390315999906463 ], [ 74.361477000218059, 33.386804999992982 ], [ 74.362164000306308, 33.381429000055945 ], [ 74.3665410002057, 33.378418999884701 ], [ 74.359589000205645, 33.368813999673932 ], [ 74.343957999851597, 33.365283000035262 ], [ 74.330422999922462, 33.367817000348772 ], [ 74.316701969677752, 33.369362594443714 ], [ 74.314097999807473, 33.376161000228954 ], [ 74.311427000345645, 33.376737999884845 ], [ 74.315857999773414, 33.382720000058846 ], [ 74.314430999893418, 33.390041000245169 ], [ 74.313307999787085, 33.388621999687253 ], [ 74.31148800044501, 33.389103000237178 ], [ 74.311305999971836, 33.389838000245256 ], [ 74.311972999968603, 33.393512000299609 ], [ 74.314764999804268, 33.399743999693712 ], [ 74.314441999764071, 33.403251000277002 ], [ 74.317874999657235, 33.412207000356652 ], [ 74.317187999568972, 33.414213000177732 ], [ 74.318088999917478, 33.420552999806453 ], [ 74.319806000225682, 33.423417999662952 ], [ 74.325717000135143, 33.429645000344543 ], [ 74.34080600016587, 33.431774000340283 ] ], [ [ 74.339527000423871, 33.396755000220566 ], [ 74.340104999833898, 33.391391000326138 ], [ 74.350833999683701, 33.39260899995449 ], [ 74.355383000010519, 33.399201999775187 ], [ 74.345231999570728, 33.399034999996317 ], [ 74.339527000423871, 33.396755000220566 ] ] ] } },
{ "type": "Feature", "properties": { "pincode": "185135", "officename": "Darhal Malkan S.O", "officetype": "S.O", "circle": "Jammu And Kashmir", "region": "Div Reporting", "division": "Rajouri", "state": "Jammu And Kashmir", "district": "Rajouri" }, "geometry": { "type": "Polygon", "coordinates": [ [ [ 74.529066999660714, 33.491506999929918 ], [ 74.513529999916329, 33.471865999801651 ], [ 74.474686999744605, 33.475106000314483 ], [ 74.449438999776476, 33.456271999948825 ], [ 74.408896999738218, 33.459715000110947 ], [ 74.402585999795662, 33.467411000344136 ], [ 74.404284999662195, 33.492519000230999 ], [ 74.423220999862863, 33.519644000127371 ], [ 74.416580000207432, 33.551909999975585 ], [ 74.485244999890185, 33.555772999875735 ], [ 74.511102000128744, 33.537856999925971 ], [ 74.524453999759785, 33.517012999665788 ], [ 74.544118000056599, 33.502236000293209 ], [ 74.529066999660714, 33.491506999929918 ] ] ] } },
{ "type": "Feature", "properties": { "pincode": "185151", "officename": "Naushera S.O", "officetype": "S.O", "circle": "Jammu And Kashmir", "region": "Div Reporting", "division": "Rajouri", "state": "Jammu And Kashmir", "district": "Rajouri" }, "geometry": { "type": "Polygon", "coordinates": [ [ [ 73.920120000200527, 33.377997000026177 ], [ 74.144404000442378, 33.377144999777386 ], [ 74.1603050002348, 33.376030000041709 ], [ 74.253329999955923, 33.362793000236486 ], [ 74.258994999818114, 33.339563999634251 ], [ 74.275130999787208, 33.311019999737283 ], [ 74.300502999603893, 33.303298999639765 ], [ 74.316099999622722, 33.297079999813043 ], [ 74.311183999773107, 33.287720999720285 ], [ 74.306237999786262, 33.283001999844871 ], [ 74.304841999868415, 33.279578000248947 ], [ 74.304994000204374, 33.276254000279025 ], [ 74.303415999813353, 33.274300999799593 ], [ 74.317739000113093, 33.258264999658756 ], [ 74.31667299990815, 33.24615299999914 ], [ 74.33555600040539, 33.231795999753864 ], [ 74.336585999727006, 33.198477000310746 ], [ 74.363365000230502, 33.190432000241096 ], [ 74.338303000035211, 33.169744000359927 ], [ 74.278907999636942, 33.151636999904781 ], [ 74.26036800016972, 33.137263999630036 ], [ 74.282683999661771, 33.119438000158148 ], [ 74.324999000084745, 33.102112000308438 ], [ 74.296416999957657, 33.074281999986354 ], [ 74.329719999940679, 33.051263000165932 ], [ 74.32574527191376, 33.0370842240211 ], [ 74.324912999871017, 33.030865000148388 ], [ 73.912678480354401, 32.997368530207936 ], [ 73.908264021605987, 33.001432632192376 ], [ 73.903106282418477, 33.002111967414614 ], [ 73.89874385049805, 33.002227935482424 ], [ 73.8879229422149, 32.997471985061516 ], [ 73.880535470406159, 32.997465184009542 ], [ 73.869439875275447, 33.002802890965903 ], [ 73.865601745070606, 33.002981041658842 ], [ 73.856774021434802, 33.001636894676118 ], [ 73.84565182179864, 33.001801019878407 ], [ 73.825662925118095, 33.004011441761286 ], [ 73.825412208915537, 32.998490041705814 ], [ 73.827741920434605, 32.98795163932008 ], [ 73.827123905570275, 32.980088823055361 ], [ 73.825970436406109, 32.977239447015691 ], [ 73.823553015179357, 32.974811133282572 ], [ 73.814735411065215, 32.971588977958945 ], [ 73.809310575794271, 32.967575376753786 ], [ 73.793376428167846, 32.965767203260519 ], [ 73.790430846062989, 32.966809252484595 ], [ 73.789490977408789, 32.973927178117115 ], [ 73.789944668848065, 32.97762522511578 ], [ 73.793383049649776, 32.982547035282622 ], [ 73.797865680646794, 32.986967348345033 ], [ 73.798316107608343, 32.988942158175398 ], [ 73.797923409081889, 32.992860407944448 ], [ 73.795761021360875, 32.996043478396814 ], [ 73.794510948269405, 33.003591207297269 ], [ 73.793336465714091, 33.00457531888766 ], [ 73.787460639339585, 33.005412230445735 ], [ 73.78434515078024, 33.007258148168241 ], [ 73.780776419040905, 33.012531357807262 ], [ 73.773033836013809, 33.017881527603372 ], [ 73.764429228741761, 33.020318077555089 ], [ 73.762769324454709, 33.021756384230933 ], [ 73.762736719203161, 33.023347618854494 ], [ 73.758007251827351, 33.025266372029016 ], [ 73.757912805653305, 33.027995946573007 ], [ 73.756005624812971, 33.029786066178552 ], [ 73.749106704466413, 33.033620026395546 ], [ 73.747638753087585, 33.035957796948175 ], [ 73.749860158326129, 33.057999435989615 ], [ 73.749289486473927, 33.059615093795358 ], [ 73.742830891533558, 33.066153763478979 ], [ 73.740610180692727, 33.067276507760511 ], [ 73.737106761864439, 33.0673218814498 ], [ 73.729063995107055, 33.070723810905761 ], [ 73.718687289358868, 33.076132658140914 ], [ 73.715722917193261, 33.078821456362967 ], [ 73.709692604844363, 33.079434365932144 ], [ 73.699728897751442, 33.084890045840709 ], [ 73.691335452961638, 33.08494652654737 ], [ 73.688772903510824, 33.086668306256165 ], [ 73.685388089249514, 33.087463046508446 ], [ 73.681571852784785, 33.087473791989765 ], [ 73.672843715483069, 33.08224248998517 ], [ 73.666794779261721, 33.083156144032742 ], [ 73.656868989158625, 33.083118308320806 ], [ 73.655678353097883, 33.085420663943815 ], [ 73.649438722508037, 33.086341993640708 ], [ 73.644302275189375, 33.084894406028226 ], [ 73.64194093488743, 33.083192383295426 ], [ 73.639895776412715, 33.083102821174947 ], [ 73.637738509088834, 33.084644812229662 ], [ 73.633036189699197, 33.091812396496124 ], [ 73.631859560170383, 33.095298658520704 ], [ 73.632740684394903, 33.102488998698668 ], [ 73.717500000420927, 33.107422000287663 ], [ 73.761198000342887, 33.105778999998087 ], [ 73.831115000003379, 33.106592000217361 ], [ 73.851507000396339, 33.104963999655318 ], [ 73.884523000324194, 33.105776999890168 ], [ 73.920453000286443, 33.104963000344597 ], [ 73.967064000417906, 33.106592000217361 ], [ 74.05780799976624, 33.105350999944363 ], [ 74.085616999591338, 33.108659999841628 ], [ 74.09282700023256, 33.108372000047225 ], [ 74.119262999706052, 33.112112999789858 ], [ 74.136085999763409, 33.112256000089054 ], [ 74.15994100018672, 33.110557999941385 ], [ 74.16394700036534, 33.105474000320932 ], [ 74.168195000393283, 33.103541999829154 ], [ 74.167103000249085, 33.102524999723826 ], [ 74.180030999557587, 33.097006000071055 ], [ 74.170761000273117, 33.110811000217893 ], [ 74.175224000386223, 33.124901000123202 ], [ 74.163208000398555, 33.13266399963063 ], [ 74.159774999607052, 33.141000999898623 ], [ 74.153251999952431, 33.148186999785239 ], [ 74.143981999769665, 33.150486999898568 ], [ 74.138145000378373, 33.15709799977099 ], [ 74.141922000228092, 33.161697000121968 ], [ 74.167328000379982, 33.176066000091311 ], [ 74.146042000209533, 33.190719999891414 ], [ 74.115828999987983, 33.197615000144218 ], [ 74.11891899974944, 33.221313000073636 ], [ 74.128866999799655, 33.232276999878152 ], [ 74.133722000448216, 33.236235999808102 ], [ 74.135299999940955, 33.239180999784992 ], [ 74.133237000026341, 33.250854999953681 ], [ 74.151929999654442, 33.268820000154648 ], [ 74.147680999801594, 33.289724999677311 ], [ 74.120976999641215, 33.290129999656088 ], [ 74.093665999758457, 33.293175999954755 ], [ 74.074487999708438, 33.294393999972037 ], [ 74.043170999647131, 33.293989999671133 ], [ 74.031275000208367, 33.294903999962749 ], [ 73.977380999640744, 33.293791000054398 ], [ 73.908463000238044, 33.295539999863905 ], [ 73.851642999940481, 33.294827999891076 ], [ 73.827610000140183, 33.295547000102665 ], [ 73.767700000081135, 33.292965000185426 ], [ 73.610308999860536, 33.289628999924076 ], [ 73.613770807826555, 33.291644681217612 ], [ 73.614171853498632, 33.292891944876686 ], [ 73.613195013780569, 33.294471262627724 ], [ 73.604181907514558, 33.298303371596631 ], [ 73.601087059545492, 33.298711130848062 ], [ 73.595642352642116, 33.302836768465873 ], [ 73.594200114640003, 33.317628502469347 ], [ 73.589295893500363, 33.323537059894861 ], [ 73.589018606928377, 33.325988880582642 ], [ 73.59015392832714, 33.326932785135867 ], [ 73.597633504401969, 33.327777695369875 ], [ 73.599356413828119, 33.329508806087425 ], [ 73.598028020220255, 33.337518733782566 ], [ 73.595502159762262, 33.340160080335892 ], [ 73.59355852977923, 33.340065046431505 ], [ 73.587463019503673, 33.33554471786163 ], [ 73.583069182480926, 33.328961444006858 ], [ 73.580267593129605, 33.327187210356996 ], [ 73.578419816980698, 33.328623781063129 ], [ 73.577203097437376, 33.335002114456316 ], [ 73.575315182764911, 33.337524647686202 ], [ 73.571105349458449, 33.339064834415083 ], [ 73.570487914007487, 33.342977176264661 ], [ 73.573085672925899, 33.346658017721673 ], [ 73.580401621770022, 33.351757848501975 ], [ 73.583130377514749, 33.354077425951267 ], [ 73.583768531709396, 33.355675736814064 ], [ 73.582914726151003, 33.357520378236181 ], [ 73.581467741450879, 33.35848755048999 ], [ 73.574223595845709, 33.35627594585543 ], [ 73.57187822669124, 33.356649975920575 ], [ 73.565154536215587, 33.366251323174801 ], [ 73.565130503586815, 33.369324382683388 ], [ 73.566367000439399, 33.371890000215529 ], [ 73.661178999890623, 33.370758000150104 ], [ 73.688735999820636, 33.371800000281453 ], [ 73.703156000204757, 33.371799000264993 ], [ 73.717574999865647, 33.370650000012994 ], [ 73.732680999614814, 33.370651000042656 ], [ 73.747787000262321, 33.371801000297893 ], [ 73.793793000321259, 33.371226000195151 ], [ 73.822237000356097, 33.373513000349618 ], [ 73.868014999911097, 33.379898000362992 ], [ 73.920120000200527, 33.377997000026177 ] ] ] } },
{ "type": "Feature", "properties": { "pincode": "185152", "officename": "Lamberi S.O", "officetype": "S.O", "circle": "Jammu And Kashmir", "region": "Div Reporting", "division": "Rajouri", "state": "Jammu And Kashmir", "district": "Rajouri" }, "geometry": { "type": "Polygon", "coordinates": [ [ [ 74.410658000427361, 33.123535000243663 ], [ 74.431171000295819, 33.123751000322756 ], [ 74.452456999567943, 33.111745999661672 ], [ 74.485976000359344, 33.088999999774693 ], [ 74.501595000119522, 33.086256000046049 ], [ 74.49863400022943, 33.082372999884903 ], [ 74.505115000051319, 33.069210999719246 ], [ 74.505672000443226, 33.064500000283431 ], [ 74.490458999665634, 33.062683000024442 ], [ 74.487476000034263, 33.058853000135436 ], [ 74.480009000373386, 33.052863999902392 ], [ 74.46764900042912, 33.052611999942336 ], [ 74.453931000201905, 33.049735999917196 ], [ 74.443015999680938, 33.049753000372903 ], [ 74.439485999703379, 33.056959999666283 ], [ 74.423706000284781, 33.058384000331536 ], [ 74.412804000182604, 33.054645000021878 ], [ 74.391087999841872, 33.049753000372903 ], [ 74.380372000410873, 33.054721999981425 ], [ 74.351090999601638, 33.050471999634638 ], [ 74.349889999677487, 33.053350000262704 ], [ 74.352765000252134, 33.055327999992109 ], [ 74.353108000383799, 33.057053999658905 ], [ 74.351863999903628, 33.05888900020333 ], [ 74.351777999689901, 33.060687000256742 ], [ 74.355039999878827, 33.061765999936647 ], [ 74.359932000337338, 33.061119000133807 ], [ 74.362935999885082, 33.061658000207117 ], [ 74.367019999881492, 33.065098000369346 ], [ 74.366291999785332, 33.069776999640936 ], [ 74.361801000083176, 33.072320000297452 ], [ 74.329755999925695, 33.069472000027716 ], [ 74.296416999957657, 33.074281999986354 ], [ 74.324999000084745, 33.102112000308438 ], [ 74.282683999661771, 33.119438000158148 ], [ 74.26036800016972, 33.137263999630036 ], [ 74.278907999636942, 33.151636999904781 ], [ 74.307632999879175, 33.160394999661328 ], [ 74.350026999944816, 33.145525999783608 ], [ 74.350512000366734, 33.136073999652474 ], [ 74.372828999683691, 33.127216999647928 ], [ 74.389286000043171, 33.126409999642078 ], [ 74.410658000427361, 33.123535000243663 ] ] ] } },
{ "type": "Feature", "properties": { "pincode": "185153", "officename": "Sunderbani S.O", "officetype": "S.O", "circle": "Jammu And Kashmir", "region": "Div Reporting", "division": "Rajouri", "state": "Jammu And Kashmir", "district": "Rajouri" }, "geometry": { "type": "Polygon", "coordinates": [ [ [ 74.575582000431027, 33.051650000358805 ], [ 74.566268999692241, 33.037737000249649 ], [ 74.565723999894189, 33.018699000057701 ], [ 74.562325000336216, 33.013813999808441 ], [ 74.559776000174807, 33.012796000238673 ], [ 74.506611000426545, 33.003024000035012 ], [ 74.497003999959901, 32.994122999867706 ], [ 74.449109999888506, 33.010103000305278 ], [ 74.438853000041803, 33.025971999810416 ], [ 74.437523000246244, 33.034715000266274 ], [ 74.43829499982499, 33.041047000320262 ], [ 74.443015999680938, 33.049753000372903 ], [ 74.453931000201905, 33.049735999917196 ], [ 74.46764900042912, 33.052611999942336 ], [ 74.480009000373386, 33.052863999902392 ], [ 74.487476000034263, 33.058853000135436 ], [ 74.490458999665634, 33.062683000024442 ], [ 74.505672000443226, 33.064500000283431 ], [ 74.505115000051319, 33.069210999719246 ], [ 74.49863400022943, 33.082372999884903 ], [ 74.501595000119522, 33.086256000046049 ], [ 74.50248399987413, 33.092458000301484 ], [ 74.515836000403482, 33.098559000160648 ], [ 74.492288000126806, 33.115030999968816 ], [ 74.512558000321036, 33.116352999624389 ], [ 74.531077999696777, 33.114261999980947 ], [ 74.546355999873384, 33.105850000037499 ], [ 74.559916999741802, 33.094633999895514 ], [ 74.567298999912182, 33.081689000219434 ], [ 74.573306999905981, 33.069103000091992 ], [ 74.575582000431027, 33.051650000358805 ] ] ] } },
{ "type": "Feature", "properties": { "pincode": "185154", "officename": "Chowki Choura S.O", "officetype": "S.O", "circle": "Jammu And Kashmir", "region": "Div Reporting", "division": "Jammu", "state": "Jammu And Kashmir", "district": "Jammu" }, "geometry": { "type": "Polygon", "coordinates": [ [ [ 74.596522999921646, 33.07348299968028 ], [ 74.609230000195566, 33.072692000077737 ], [ 74.617963000077893, 33.073388000250347 ], [ 74.625067000413921, 33.072650000059866 ], [ 74.630697999940892, 33.069207999815013 ], [ 74.619318999812748, 33.062231999648041 ], [ 74.610091000361081, 33.05134099999146 ], [ 74.608755999644302, 33.034086999707469 ], [ 74.626100000108593, 33.029766999781984 ], [ 74.647049999820027, 33.03293500015139 ], [ 74.660788000138766, 33.026462000235007 ], [ 74.661645999931281, 33.018542000240302 ], [ 74.652201999671234, 33.003707999855308 ], [ 74.651514999582957, 32.988296000227471 ], [ 74.648404999729991, 32.983578000274875 ], [ 74.641898999793767, 32.969575000155146 ], [ 74.619231999774129, 32.949113000183807 ], [ 74.620950999732131, 32.944502000339554 ], [ 74.60463800021104, 32.939025000183833 ], [ 74.59622400017092, 32.930088000209132 ], [ 74.506218999891075, 32.916451999824268 ], [ 74.457263999637618, 32.951062999868945 ], [ 74.45194199990712, 32.945300999994572 ], [ 74.444213000305439, 32.948979000181467 ], [ 74.435119999674669, 32.968635000311082 ], [ 74.497003999959901, 32.994122999867706 ], [ 74.506611000426545, 33.003024000035012 ], [ 74.559776000174807, 33.012796000238673 ], [ 74.562325000336216, 33.013813999808441 ], [ 74.565723999894189, 33.018699000057701 ], [ 74.566268999692241, 33.037737000249649 ], [ 74.575582000431027, 33.051650000358805 ], [ 74.573306999905981, 33.069103000091992 ], [ 74.581840999596707, 33.072403999875405 ], [ 74.596522999921646, 33.07348299968028 ] ] ] } },
{ "type": "Feature", "properties": { "pincode": "185155", "officename": "Bhawani S.O", "officetype": "S.O", "circle": "Jammu And Kashmir", "region": "Div Reporting", "division": "Rajouri", "state": "Jammu And Kashmir", "district": "Rajouri" }, "geometry": { "type": "Polygon", "coordinates": [ [ [ 73.843402999977613, 33.294829000040671 ], [ 73.908463000238044, 33.295539999863905 ], [ 73.977380999640744, 33.293791000054398 ], [ 74.031275000208367, 33.294903999962749 ], [ 74.043170999647131, 33.293989999671133 ], [ 74.074487999708438, 33.294393999972037 ], [ 74.093665999758457, 33.293175999954755 ], [ 74.120976999641215, 33.290129999656088 ], [ 74.147680999801594, 33.289724999677311 ], [ 74.151929999654442, 33.268820000154648 ], [ 74.133237000026341, 33.250854999953681 ], [ 74.135299999940955, 33.239180999784992 ], [ 74.133722000448216, 33.236235999808102 ], [ 74.128866999799655, 33.232276999878152 ], [ 74.11891899974944, 33.221313000073636 ], [ 74.115828999987983, 33.197615000144218 ], [ 74.146042000209533, 33.190719999891414 ], [ 74.167328000379982, 33.176066000091311 ], [ 74.141922000228092, 33.161697000121968 ], [ 74.138145000378373, 33.15709799977099 ], [ 74.143981999769665, 33.150486999898568 ], [ 74.153251999952431, 33.148186999785239 ], [ 74.159774999607052, 33.141000999898623 ], [ 74.163208000398555, 33.13266399963063 ], [ 74.175224000386223, 33.124901000123202 ], [ 74.170761000273117, 33.110811000217893 ], [ 74.180030999557587, 33.097006000071055 ], [ 74.167103000249085, 33.102524999723826 ], [ 74.168195000393283, 33.103541999829154 ], [ 74.16394700036534, 33.105474000320932 ], [ 74.15994100018672, 33.110557999941385 ], [ 74.136085999763409, 33.112256000089054 ], [ 74.122868000026671, 33.112400000134009 ], [ 74.09282700023256, 33.108372000047225 ], [ 74.085616999591338, 33.108659999841628 ], [ 74.05780799976624, 33.105350999944363 ], [ 73.967064000417906, 33.106592000217361 ], [ 73.920453000286443, 33.104963000344597 ], [ 73.884523000324194, 33.105776999890168 ], [ 73.851507000396339, 33.104963999655318 ], [ 73.831115000003379, 33.106592000217361 ], [ 73.761198000342887, 33.105778999998087 ], [ 73.717500000420927, 33.107422000287663 ], [ 73.632740684394903, 33.102488998698668 ], [ 73.633018085052967, 33.106904237847189 ], [ 73.631942671402157, 33.110295605383968 ], [ 73.631324744572723, 33.11755229403223 ], [ 73.638930823202514, 33.125798388088455 ], [ 73.63929241576561, 33.128131768279538 ], [ 73.631273790333196, 33.13725402900225 ], [ 73.631201123813227, 33.139516365122176 ], [ 73.633609058830601, 33.141939452332203 ], [ 73.636298233905578, 33.142000507960404 ], [ 73.644025270688374, 33.136776629055205 ], [ 73.648687657268667, 33.137472362548365 ], [ 73.649947857966666, 33.143832046484235 ], [ 73.649191576210455, 33.153986629120503 ], [ 73.649891985450964, 33.156575953262667 ], [ 73.651849614779351, 33.15865735160272 ], [ 73.660240088840496, 33.158824823154077 ], [ 73.662761085819525, 33.159615775450604 ], [ 73.664482020748693, 33.161346116038537 ], [ 73.664415868811176, 33.163698562285987 ], [ 73.661853415480039, 33.169054286445416 ], [ 73.661906785289403, 33.173299033109423 ], [ 73.666424183782823, 33.181862385669618 ], [ 73.663109916017433, 33.188974210615349 ], [ 73.662637810013109, 33.191706229196129 ], [ 73.668008932318287, 33.201857302622834 ], [ 73.664184654135141, 33.207625860079716 ], [ 73.662120604089964, 33.208983189932134 ], [ 73.658391640751717, 33.209511204606734 ], [ 73.655628316936557, 33.211712909736761 ], [ 73.653823957263626, 33.213781402718396 ], [ 73.649528742682662, 33.222376655330848 ], [ 73.647621713657571, 33.222823096249634 ], [ 73.645307809792556, 33.221932200575843 ], [ 73.642665959763377, 33.219248626062225 ], [ 73.641214189737767, 33.214975878677421 ], [ 73.640946069574909, 33.207307025392829 ], [ 73.639512227227442, 33.205021426216263 ], [ 73.638073386653716, 33.204362554724185 ], [ 73.635309172608089, 33.204846964780288 ], [ 73.633549832005599, 33.207636055705358 ], [ 73.634517764029326, 33.217894272885708 ], [ 73.631731884415672, 33.223168704474134 ], [ 73.632341631186122, 33.224316307145607 ], [ 73.637804365480605, 33.225699940643977 ], [ 73.638312665506049, 33.226942391588089 ], [ 73.637563343896602, 33.230409457773128 ], [ 73.636311317867694, 33.23272417096819 ], [ 73.633992124722283, 33.23345980292909 ], [ 73.623726954698085, 33.234367444481904 ], [ 73.621785881320349, 33.235989674330497 ], [ 73.619411386089411, 33.246124941876793 ], [ 73.613197278433418, 33.24820742704636 ], [ 73.612954661441478, 33.24948320231568 ], [ 73.615348432721802, 33.255069859235945 ], [ 73.615207591258297, 33.257967600437567 ], [ 73.610319390673439, 33.265774145816906 ], [ 73.606514355301982, 33.27371327773934 ], [ 73.605317292693712, 33.282079154585865 ], [ 73.605526170760214, 33.285413171863901 ], [ 73.607073369716787, 33.287784449788994 ], [ 73.610308783366577, 33.289629081773015 ], [ 73.767700000081135, 33.292965000185426 ], [ 73.827610000140183, 33.295547000102665 ], [ 73.843402999977613, 33.294829000040671 ] ] ] } },
{ "type": "Feature", "properties": { "pincode": "185156", "officename": "Kangri S.O", "officetype": "S.O", "circle": "Jammu And Kashmir", "region": "Div Reporting", "division": "Rajouri", "state": "Jammu And Kashmir", "district": "Rajouri" }, "geometry": { "type": "Polygon", "coordinates": [ [ [ 74.296416999957657, 33.074281999986354 ], [ 74.329755999925695, 33.069472000027716 ], [ 74.361801000083176, 33.072320000297452 ], [ 74.366291999785332, 33.069776999640936 ], [ 74.367019999881492, 33.065098000369346 ], [ 74.362935999885082, 33.061658000207117 ], [ 74.359932000337338, 33.061119000133807 ], [ 74.355039999878827, 33.061765999936647 ], [ 74.351777999689901, 33.060687000256742 ], [ 74.351863999903628, 33.05888900020333 ], [ 74.353108000383799, 33.057053999658905 ], [ 74.352765000252134, 33.055327999992109 ], [ 74.349889999677487, 33.053350000262704 ], [ 74.351090999601638, 33.050471999634638 ], [ 74.380372000410873, 33.054721999981425 ], [ 74.391087999841872, 33.049753000372903 ], [ 74.412804000182604, 33.054645000021878 ], [ 74.423706000284781, 33.058384000331536 ], [ 74.439485999703379, 33.056959999666283 ], [ 74.443015999680938, 33.049753000372903 ], [ 74.43829499982499, 33.041047000320262 ], [ 74.437523000246244, 33.034715000266274 ], [ 74.438853000041803, 33.025971999810416 ], [ 74.449109999888506, 33.010103000305278 ], [ 74.497003999959901, 32.994122999867706 ], [ 74.435119999674669, 32.968635000311082 ], [ 74.449883000190496, 32.936874000060648 ], [ 74.432716000176541, 32.939178999908741 ], [ 74.419413000050994, 32.939323000280325 ], [ 74.389973000131448, 32.938458000118928 ], [ 74.367742999954771, 32.936801999795101 ], [ 74.339344999950697, 32.951601999729931 ], [ 74.328000999982677, 32.95596300024809 ], [ 74.304995999854228, 32.953659000282762 ], [ 74.28508100038556, 32.953085000136433 ], [ 74.17039499967693, 32.937521000109754 ], [ 74.133997999734433, 32.928872000042688 ], [ 74.111021999918279, 32.919369000214765 ], [ 74.09932815375781, 32.905286185938166 ], [ 74.090468446504659, 32.907993650954332 ], [ 74.083378394310046, 32.909212293276404 ], [ 74.073544145229334, 32.908282748490294 ], [ 74.068952399468031, 32.909555743827845 ], [ 74.067895278211353, 32.910834130387542 ], [ 74.063430534468296, 32.912451549462553 ], [ 74.062920891461502, 32.914142018804014 ], [ 74.063524139819222, 32.916918943829586 ], [ 74.062019503939155, 32.919270964694626 ], [ 74.059683172734694, 32.920084939677736 ], [ 74.059197088046261, 32.922124613778507 ], [ 74.059955177212856, 32.931821121918681 ], [ 74.059543105618971, 32.933419193880944 ], [ 74.058162847778192, 32.934537605264047 ], [ 74.049957273053664, 32.934667863444716 ], [ 74.039171767375876, 32.930449160007484 ], [ 74.024464568408888, 32.929748625477451 ], [ 74.019536676661545, 32.930685040552653 ], [ 74.005099918205786, 32.935580949298348 ], [ 73.999681008222439, 32.935400058503575 ], [ 73.998145208886854, 32.937314289833147 ], [ 73.998705748640973, 32.939479681887327 ], [ 74.00621469693067, 32.950696707124088 ], [ 74.006798899207681, 32.953211665569576 ], [ 74.006184290754916, 32.954906814187972 ], [ 73.998340175642838, 32.962030839878665 ], [ 73.995086632193988, 32.963149736510466 ], [ 73.989509926842786, 32.962186705669396 ], [ 73.979288493094842, 32.966441026252923 ], [ 73.972370632668841, 32.967206589970047 ], [ 73.970096263659457, 32.968979958842262 ], [ 73.969492479007542, 32.970849728618219 ], [ 73.970239449725867, 32.977390307045155 ], [ 73.968984350560362, 32.978852444559891 ], [ 73.967789077396148, 32.984344926263176 ], [ 73.964644689135781, 32.987123694567536 ], [ 73.957978233021834, 32.986999748165431 ], [ 73.95386333097963, 32.984563347804553 ], [ 73.949271229485475, 32.984341212142105 ], [ 73.941446442525049, 32.982429717379759 ], [ 73.932297976315397, 32.987243286322077 ], [ 73.924986338486292, 32.988375345757113 ], [ 73.923263682385084, 32.990647982001697 ], [ 73.916280067975237, 32.993605325771838 ], [ 73.912678480354401, 32.997368530207936 ], [ 74.324912999871017, 33.030865000148388 ], [ 74.32574527191376, 33.0370842240211 ], [ 74.329719999940679, 33.051263000165932 ], [ 74.296416999957657, 33.074281999986354 ] ] ] } },
{ "type": "Feature", "properties": { "pincode": "185201", "officename": "Solki S.O", "officetype": "S.O", "circle": "Jammu And Kashmir", "region": "Div Reporting", "division": "Rajouri", "state": "Jammu And Kashmir", "district": "Rajouri" }, "geometry": { "type": "Polygon", "coordinates": [ [ [ 74.7123529997547, 33.305138000127862 ], [ 74.664631000110788, 33.24069800021676 ], [ 74.65858200010905, 33.223340999699701 ], [ 74.663195000009978, 33.21014000001211 ], [ 74.645109000104171, 33.203640000272458 ], [ 74.63369700036408, 33.189927999890088 ], [ 74.641461999950778, 33.177330999745855 ], [ 74.627323999598957, 33.179769000364232 ], [ 74.624408999739643, 33.183832999712443 ], [ 74.617609000075575, 33.18545800010962 ], [ 74.608865000322581, 33.18545800010962 ], [ 74.600606000093165, 33.186677000332622 ], [ 74.587975999812144, 33.185864999742115 ], [ 74.572916999918661, 33.180988000047705 ], [ 74.54862800002536, 33.179769000364232 ], [ 74.544742000395672, 33.184239000216117 ], [ 74.540369999620864, 33.187084000316105 ], [ 74.533569000131877, 33.187490000037378 ], [ 74.522395999868067, 33.184239000216117 ], [ 74.520452999604046, 33.179363000199032 ], [ 74.519968000080482, 33.174079999669878 ], [ 74.506247000378508, 33.168085000050873 ], [ 74.520949999721537, 33.151923999666664 ], [ 74.500298999760787, 33.139071999855382 ], [ 74.487675000225877, 33.128906999896934 ], [ 74.469770999894962, 33.107557999709385 ], [ 74.462669999932004, 33.104762000196324 ], [ 74.446621000001556, 33.115411999890476 ], [ 74.431171000295819, 33.123751000322756 ], [ 74.410658000427361, 33.123535000243663 ], [ 74.389286000043171, 33.126409999642078 ], [ 74.372828999683691, 33.127216999647928 ], [ 74.350512000366734, 33.136073999652474 ], [ 74.357917000103299, 33.140748999750627 ], [ 74.364350000244571, 33.148778000001379 ], [ 74.372724999926632, 33.153147999840925 ], [ 74.392147000374095, 33.16564700001139 ], [ 74.413404000232262, 33.167445000049284 ], [ 74.44516200033452, 33.171395999691683 ], [ 74.461212000089887, 33.170857000368585 ], [ 74.501335999653406, 33.195982000039834 ], [ 74.490565999795734, 33.200775000043016 ], [ 74.480781999777079, 33.210542000370197 ], [ 74.482456000427561, 33.221006000240166 ], [ 74.490103000013463, 33.241413999906975 ], [ 74.513287000242087, 33.260395999855866 ], [ 74.515472000355444, 33.280491000235962 ], [ 74.546355999873384, 33.302843000056733 ], [ 74.563866000019004, 33.314175999872383 ], [ 74.58309199974957, 33.320201000201912 ], [ 74.604721000051697, 33.322782999949865 ], [ 74.627379999675455, 33.323212999660363 ], [ 74.647635999625976, 33.32263899968779 ], [ 74.684029000268794, 33.318336000005011 ], [ 74.7123529997547, 33.305138000127862 ] ] ] } },
{ "type": "Feature", "properties": { "pincode": "185202", "officename": "Kalakot S.O", "officetype": "S.O", "circle": "Jammu And Kashmir", "region": "Div Reporting", "division": "Rajouri", "state": "Jammu And Kashmir", "district": "Rajouri" }, "geometry": { "type": "Polygon", "coordinates": [ [ [ 74.515472000355444, 33.280491000235962 ], [ 74.513287000242087, 33.260395999855866 ], [ 74.490103000013463, 33.241413999906975 ], [ 74.482456000427561, 33.221006000240166 ], [ 74.480781999777079, 33.210542000370197 ], [ 74.490565999795734, 33.200775000043016 ], [ 74.501335999653406, 33.195982000039834 ], [ 74.461212000089887, 33.170857000368585 ], [ 74.44516200033452, 33.171395999691683 ], [ 74.413404000232262, 33.167445000049284 ], [ 74.392147000374095, 33.16564700001139 ], [ 74.372724999926632, 33.153147999840925 ], [ 74.364350000244571, 33.148778000001379 ], [ 74.357917000103299, 33.140748999750627 ], [ 74.350512000366734, 33.136073999652474 ], [ 74.350026999944816, 33.145525999783608 ], [ 74.307633999704066, 33.160394000229395 ], [ 74.338303000035211, 33.169744000359927 ], [ 74.363365000230502, 33.190432000241096 ], [ 74.336585999727006, 33.198477000310746 ], [ 74.33555600040539, 33.231795999753864 ], [ 74.31667299990815, 33.24615299999914 ], [ 74.317739000113093, 33.258264999658756 ], [ 74.319680999653869, 33.26821100032172 ], [ 74.339344999950697, 33.269632000085252 ], [ 74.362651000378051, 33.2733870000203 ], [ 74.380251000037035, 33.261919000277196 ], [ 74.410475000129239, 33.271662000300964 ], [ 74.438636000306843, 33.286883999816581 ], [ 74.466553999911881, 33.297840999820608 ], [ 74.475658000413318, 33.317825999664258 ], [ 74.506489000227816, 33.329489999943327 ], [ 74.524333000284287, 33.342571999990319 ], [ 74.52644300005457, 33.335978000361564 ], [ 74.533922000309303, 33.328069999744002 ], [ 74.558195000309055, 33.310506000257668 ], [ 74.546355999873384, 33.302843000056733 ], [ 74.515472000355444, 33.280491000235962 ] ] ] } },
{ "type": "Feature", "properties": { "pincode": "185203", "officename": "Poni S.O", "officetype": "S.O", "circle": "Jammu And Kashmir", "region": "Div Reporting", "division": "Udhampur", "state": "Jammu And Kashmir", "district": "Udhampur" }, "geometry": { "type": "Polygon", "coordinates": [ [ [ 74.544742000395672, 33.184239000216117 ], [ 74.54862800002536, 33.179769000364232 ], [ 74.572916999918661, 33.180988000047705 ], [ 74.587975999812144, 33.185864999742115 ], [ 74.600606000093165, 33.186677000332622 ], [ 74.608865000322581, 33.18545800010962 ], [ 74.617609000075575, 33.18545800010962 ], [ 74.624408999739643, 33.183832999712443 ], [ 74.627323999598957, 33.179769000364232 ], [ 74.641461999950778, 33.177330999745855 ], [ 74.64097900007701, 33.167170999830461 ], [ 74.65068600010278, 33.162293999772061 ], [ 74.64534699975556, 33.144407999841306 ], [ 74.656976000128935, 33.135463999755508 ], [ 74.660870999979466, 33.126519000167463 ], [ 74.665723000254985, 33.128551999772633 ], [ 74.676898000168606, 33.120013000086971 ], [ 74.685632999700786, 33.118385999847398 ], [ 74.691476999663095, 33.127737999868373 ], [ 74.697780000108025, 33.130177999956118 ], [ 74.705071999866718, 33.125299000261741 ], [ 74.712346999906913, 33.130177999956118 ], [ 74.743427000141807, 33.126324999932166 ], [ 74.74974099955908, 33.121638999654266 ], [ 74.732130999854348, 33.118793000076053 ], [ 74.715614999943654, 33.100084999710845 ], [ 74.730187999590342, 33.088288000167971 ], [ 74.700556000050156, 33.061028999957813 ], [ 74.699099000032973, 33.052889999630189 ], [ 74.689987000033923, 33.04678599994191 ], [ 74.686586999752734, 33.040681000335489 ], [ 74.681243000280929, 33.036610000146567 ], [ 74.670070000017134, 33.034574999977735 ], [ 74.647049999820027, 33.03293500015139 ], [ 74.626100000108593, 33.029766999781984 ], [ 74.608755999644302, 33.034086999707469 ], [ 74.610091000361081, 33.05134099999146 ], [ 74.619318999812748, 33.062231999648041 ], [ 74.630697999940892, 33.069207999815013 ], [ 74.625067000413921, 33.072650000059866 ], [ 74.617963000077893, 33.073388000250347 ], [ 74.609230000195566, 33.072692000077737 ], [ 74.596522999921646, 33.07348299968028 ], [ 74.581840999596707, 33.072403999875405 ], [ 74.573306999905981, 33.069103000091992 ], [ 74.567298999912182, 33.081689000219434 ], [ 74.559916999741802, 33.094633999895514 ], [ 74.546355999873384, 33.105850000037499 ], [ 74.531077999696777, 33.114261999980947 ], [ 74.512558000321036, 33.116352999624389 ], [ 74.492288000126806, 33.115030999968816 ], [ 74.515836000403482, 33.098559000160648 ], [ 74.50248399987413, 33.092458000301484 ], [ 74.501595000119522, 33.086256000046049 ], [ 74.485976000359344, 33.088999999774693 ], [ 74.462669999932004, 33.104762000196324 ], [ 74.469770999894962, 33.107557999709385 ], [ 74.487675000225877, 33.128906999896934 ], [ 74.500298999760787, 33.139071999855382 ], [ 74.520949999721537, 33.151923999666664 ], [ 74.506247000378508, 33.168085000050873 ], [ 74.519968000080482, 33.174079999669878 ], [ 74.520452999604046, 33.179363000199032 ], [ 74.522395999868067, 33.184239000216117 ], [ 74.533569000131877, 33.187490000037378 ], [ 74.540369999620864, 33.187084000316105 ], [ 74.544742000395672, 33.184239000216117 ] ] ] } },
{ "type": "Feature", "properties": { "pincode": "185211", "officename": "Dharamsal Mendhar S.O", "officetype": "S.O", "circle": "Jammu And Kashmir", "region": "Div Reporting", "division": "Rajouri", "state": "Jammu And Kashmir", "district": "Rajouri" }, "geometry": { "type": "Polygon", "coordinates": [ [ [ 74.183754081625665, 33.671731846760018 ], [ 74.199042000101329, 33.658781000210716 ], [ 74.224792000209789, 33.658210000155158 ], [ 74.235950000404983, 33.652816000147112 ], [ 74.239339999742128, 33.648599999745031 ], [ 74.239039000341563, 33.641454999695185 ], [ 74.243545999937254, 33.634701999959894 ], [ 74.24285899984902, 33.628235000164558 ], [ 74.248824000185138, 33.623268000348844 ], [ 74.256891999720523, 33.620479999715556 ], [ 74.266290999774739, 33.615405999883386 ], [ 74.272384999982307, 33.608185999714095 ], [ 74.282355999598707, 33.592853999688877 ], [ 74.284573000397415, 33.583019999668927 ], [ 74.287147999599782, 33.580303000066223 ], [ 74.287147999599782, 33.571292999862578 ], [ 74.295216000033477, 33.559133999744574 ], [ 74.313754999675808, 33.535098999766333 ], [ 74.274960000082999, 33.550265000332409 ], [ 74.266204999561012, 33.560279000308455 ], [ 74.22363300011844, 33.549264000287025 ], [ 74.245777000081361, 33.511916000103788 ], [ 74.233417999962015, 33.502754999978116 ], [ 74.216080000243835, 33.500179000339891 ], [ 74.209385000161745, 33.482998999757498 ], [ 74.196509999658375, 33.47770200024879 ], [ 74.193648000400813, 33.477629000350348 ], [ 74.192591000416726, 33.478557999754479 ], [ 74.157542999638082, 33.47885000034367 ], [ 74.142780000020579, 33.478492000336807 ], [ 74.122180999938394, 33.476557999665644 ], [ 74.061756000218523, 33.477849000155274 ], [ 74.029827000411998, 33.476562000152477 ], [ 74.014524000121028, 33.477037999821427 ], [ 73.980658999723232, 33.475923999967257 ], [ 73.966334999598558, 33.473899999861992 ], [ 73.890095000299965, 33.479424000306146 ], [ 73.846321000209954, 33.479568000214293 ], [ 73.836020999807275, 33.478565999793993 ], [ 73.620129739177699, 33.472905975665164 ], [ 73.618668197278438, 33.476162915650811 ], [ 73.616339872758147, 33.477065318967789 ], [ 73.613109943323167, 33.475009335816779 ], [ 73.612659059119125, 33.471631330756857 ], [ 73.610468420280768, 33.47092853374663 ], [ 73.609855112588534, 33.472554621631794 ], [ 73.610944637874127, 33.482300492975099 ], [ 73.604246738928609, 33.485793950532724 ], [ 73.605085461773413, 33.491553353806282 ], [ 73.602067744052945, 33.496683217245632 ], [ 73.602944126969419, 33.499242963588671 ], [ 73.60539835217341, 33.5003340365338 ], [ 73.608716617441814, 33.49998783514534 ], [ 73.613837847299578, 33.497962956048909 ], [ 73.616329388520498, 33.495854169217353 ], [ 73.618683298856666, 33.495350416457796 ], [ 73.61998575271241, 33.497091735978593 ], [ 73.619410088023841, 33.499315811930821 ], [ 73.612135596430051, 33.508831323535539 ], [ 73.611447060222659, 33.51305905650068 ], [ 73.620451941513949, 33.515859379069184 ], [ 73.622744240896395, 33.518156541436639 ], [ 73.62570028657764, 33.519624810488047 ], [ 73.627792562587345, 33.522530356350636 ], [ 73.630298043864812, 33.524418210863772 ], [ 73.641107693562532, 33.525538229295343 ], [ 73.641772703790949, 33.528506859220947 ], [ 73.641022402119546, 33.531738135004858 ], [ 73.637553254019338, 33.533490933787284 ], [ 73.630739330468387, 33.53519186147188 ], [ 73.626606103692694, 33.53777322810005 ], [ 73.624414487487286, 33.540868233169491 ], [ 73.624089245252151, 33.54328107679558 ], [ 73.627360500783453, 33.549732187653184 ], [ 73.625269974691918, 33.558219217845632 ], [ 73.625746919022362, 33.561995668369704 ], [ 73.627852769474316, 33.565100469381377 ], [ 73.628755725455207, 33.568058582557654 ], [ 73.628706341470775, 33.57105881373684 ], [ 73.621915812744717, 33.580752805538715 ], [ 73.610786691589311, 33.586040722928388 ], [ 73.60604890671226, 33.586649220416589 ], [ 73.604983486818981, 33.588694798672968 ], [ 73.605936054956359, 33.592450292945045 ], [ 73.611715030366838, 33.600789862823632 ], [ 73.611903245385164, 33.60377953860182 ], [ 73.609145306970149, 33.605500000417962 ], [ 73.602964927459809, 33.602174606847761 ], [ 73.600896635569867, 33.599667390052701 ], [ 73.598539873082643, 33.600170787170818 ], [ 73.59538000235834, 33.60690519997398 ], [ 73.588269915936266, 33.615411823032744 ], [ 73.585486180601237, 33.61673313662245 ], [ 73.575418261748823, 33.616175095065969 ], [ 73.569951492222074, 33.616614220141571 ], [ 73.567154998115058, 33.617735818465967 ], [ 73.569020283327205, 33.624649307483296 ], [ 73.576014194226843, 33.633336882294564 ], [ 73.577743248129494, 33.638057760321388 ], [ 73.577290379547023, 33.642274604585928 ], [ 73.569959000341214, 33.654992000190333 ], [ 73.985367000058702, 33.655708999689324 ], [ 73.986825999725696, 33.65435199995084 ], [ 73.989573000253827, 33.653636999873001 ], [ 73.994508000370047, 33.654030000040279 ], [ 74.00184600015946, 33.656888000068783 ], [ 74.008198000109886, 33.658031000181296 ], [ 74.012400000107064, 33.662769000091146 ], [ 74.03188199993069, 33.666406000130536 ], [ 74.073394999739335, 33.665142999750273 ], [ 74.130323999816881, 33.671608000265991 ], [ 74.149501999866857, 33.670699000207954 ], [ 74.177784000418299, 33.667063000350161 ], [ 74.183754081625665, 33.671731846760018 ] ] ] } },
{ "type": "Feature", "properties": { "pincode": "185212", "officename": "Thanamandi S.O", "officetype": "S.O", "circle": "Jammu And Kashmir", "region": "Div Reporting", "division": "Rajouri", "state": "Jammu And Kashmir", "district": "Rajouri" }, "geometry": { "type": "Polygon", "coordinates": [ [ [ 74.373883262501138, 33.451222104613429 ], [ 74.380445000205796, 33.442900999690316 ], [ 74.391174000055585, 33.433519000170755 ], [ 74.371966999693271, 33.44318200033107 ], [ 74.369660000279495, 33.440319999869857 ], [ 74.366454999991973, 33.443689000016803 ], [ 74.362979000441115, 33.44161200032714 ], [ 74.365854000117423, 33.437100000158338 ], [ 74.370661000187127, 33.425496000136185 ], [ 74.359631999863367, 33.434951000341094 ], [ 74.342766000148302, 33.431978999958879 ], [ 74.343194999595383, 33.430367000288243 ], [ 74.351090999601638, 33.42520899979062 ], [ 74.359959000101497, 33.421992000033995 ], [ 74.34559800016693, 33.419871999717259 ], [ 74.322654999962751, 33.411954999740153 ], [ 74.34080600016587, 33.431774000340283 ], [ 74.317739000113093, 33.428518999661854 ], [ 74.299166999960505, 33.416261000369445 ], [ 74.299289000159234, 33.403290999955999 ], [ 74.295769000227452, 33.407445999974371 ], [ 74.276104999930652, 33.422440999680013 ], [ 74.279746000236244, 33.428518999661854 ], [ 74.291884000422669, 33.443612000197717 ], [ 74.313855000133231, 33.446751999842078 ], [ 74.303657999662704, 33.458803000051162 ], [ 74.301740000411385, 33.466005999878128 ], [ 74.325220999842585, 33.501003000076679 ], [ 74.327287000130212, 33.506272000063326 ], [ 74.330234999601501, 33.531235999666862 ], [ 74.321136000021255, 33.565285000183451 ], [ 74.355336999979755, 33.585978000203909 ], [ 74.359434000394955, 33.586661000062399 ], [ 74.378916000218581, 33.584335000305614 ], [ 74.385046000411137, 33.573918999686434 ], [ 74.394436000244511, 33.560994000293547 ], [ 74.409714000421147, 33.55770399973995 ], [ 74.420272537759246, 33.552142553590208 ], [ 74.416580000207432, 33.551909999975585 ], [ 74.423220999862863, 33.519644000127371 ], [ 74.404284999662195, 33.492519000230999 ], [ 74.401974000050501, 33.462013000224388 ], [ 74.403191999693092, 33.461739999985852 ], [ 74.373883262501138, 33.451222104613429 ] ] ] } },
{ "type": "Feature", "properties": { "pincode": "185233", "officename": "Budhal S.O", "officetype": "S.O", "circle": "Jammu And Kashmir", "region": "Div Reporting", "division": "Rajouri", "state": "Jammu And Kashmir", "district": "Rajouri" }, "geometry": { "type": "Polygon", "coordinates": [ [ [ 74.791338999756547, 33.447485000208971 ], [ 74.800957000093845, 33.428003000225026 ], [ 74.789427000352973, 33.414821999641951 ], [ 74.786672000327258, 33.394186000247593 ], [ 74.804533999927074, 33.371824999939058 ], [ 74.827238999581567, 33.360011000096236 ], [ 74.785463000007155, 33.330808000142973 ], [ 74.79906400005855, 33.317013999999759 ], [ 74.809751000075551, 33.297537000361267 ], [ 74.777690999849469, 33.294290000355915 ], [ 74.73882900030948, 33.27805499987273 ], [ 74.726199000028473, 33.261816999827346 ], [ 74.714783000090421, 33.249637000213035 ], [ 74.699236000300317, 33.249637000213035 ], [ 74.688074999732066, 33.252072999996507 ], [ 74.673993000355054, 33.2455760002224 ], [ 74.667684999887243, 33.24435799978594 ], [ 74.7123529997547, 33.305138000127862 ], [ 74.684029000268794, 33.318336000005011 ], [ 74.647635999625976, 33.32263899968779 ], [ 74.627379999675455, 33.323212999660363 ], [ 74.604721000051697, 33.322782999949865 ], [ 74.58309199974957, 33.320201000201912 ], [ 74.563866000019004, 33.314175999872383 ], [ 74.558195000309055, 33.310506000257668 ], [ 74.533922000309303, 33.328069999744002 ], [ 74.52644300005457, 33.335978000361564 ], [ 74.524333000284287, 33.342571999990319 ], [ 74.493986999993339, 33.36356000035525 ], [ 74.518263000366161, 33.368932999633792 ], [ 74.48986000033922, 33.383022000340652 ], [ 74.482334000228818, 33.393156999866946 ], [ 74.458421999904061, 33.402886000292845 ], [ 74.455994000116476, 33.412309000309079 ], [ 74.458466000284986, 33.430295000357859 ], [ 74.508917000015401, 33.43945899986619 ], [ 74.556014000393688, 33.436217999915812 ], [ 74.600196999839255, 33.452827999642587 ], [ 74.667206000211465, 33.453071000051196 ], [ 74.704285000219315, 33.454932999739519 ], [ 74.749431999762578, 33.45436000001466 ], [ 74.791338999756547, 33.447485000208971 ] ] ] } },
{ "type": "Feature", "properties": { "pincode": "185234", "officename": "Baba Ghulam Shah Badshah University S.O", "officetype": "S.O", "circle": "Jammu And Kashmir", "region": "Div Reporting", "division": "Rajouri", "state": "Jammu And Kashmir", "district": "Rajouri" }, "geometry": { "type": "MultiPolygon", "coordinates": [ [ [ [ 74.366454999991973, 33.443689000016803 ], [ 74.369660000279495, 33.440319999869857 ], [ 74.371966999693271, 33.44318200033107 ], [ 74.391174000055585, 33.433519000170755 ], [ 74.38231499977654, 33.426441999716189 ], [ 74.380815000101634, 33.422350000164826 ], [ 74.389020999729283, 33.418616000219664 ], [ 74.385037000190323, 33.403358000014592 ], [ 74.374351999823133, 33.387914999675758 ], [ 74.361477000218059, 33.386804999992982 ], [ 74.368172000300177, 33.390315999906463 ], [ 74.373150000074091, 33.394903000012889 ], [ 74.372119999854149, 33.398986999977993 ], [ 74.37448499989253, 33.4074959997806 ], [ 74.382497000249757, 33.411346999979749 ], [ 74.384316999591789, 33.41924900034256 ], [ 74.364714000292636, 33.422694000039108 ], [ 74.359959000101497, 33.421992000033995 ], [ 74.351090999601638, 33.42520899979062 ], [ 74.343194999595383, 33.430367000288243 ], [ 74.342766000148302, 33.431978999958879 ], [ 74.359631999863367, 33.434951000341094 ], [ 74.370661000187127, 33.425496000136185 ], [ 74.365854000117423, 33.437100000158338 ], [ 74.362979000441115, 33.44161200032714 ], [ 74.366454999991973, 33.443689000016803 ] ] ], [ [ [ 74.350833999683701, 33.39260899995449 ], [ 74.340104999833898, 33.391391000326138 ], [ 74.339527000423871, 33.396755000220566 ], [ 74.345231999570728, 33.399034999996317 ], [ 74.355383000010519, 33.399201999775187 ], [ 74.350833999683701, 33.39260899995449 ] ] ] ] } },
{ "type": "Feature", "properties": { "pincode": "190001", "officename": "Srinagar G.P.O", "officetype": "H.O", "circle": "Jammu And Kashmir", "region": "Div Reporting", "division": "Srinagar", "state": "Jammu And Kashmir", "district": "Srinagar" }, "geometry": { "type": "Polygon", "coordinates": [ [ [ 74.852279000035537, 34.09491200019238 ], [ 74.862492000399598, 34.091496000087282 ], [ 74.861998999581772, 34.089291999977149 ], [ 74.869075000328692, 34.081278999797242 ], [ 74.850175000113026, 34.074434999907481 ], [ 74.84596999974282, 34.073386000303628 ], [ 74.841150000152652, 34.073624999697621 ], [ 74.839402999707218, 34.070661999790637 ], [ 74.83911400000224, 34.069520000139313 ], [ 74.8396610003484, 34.069404999687485 ], [ 74.819597999843424, 34.071217999984988 ], [ 74.816281000301231, 34.070609000037969 ], [ 74.811838000279621, 34.067898999804861 ], [ 74.802219000117361, 34.066470999952536 ], [ 74.801004999774435, 34.066703000015075 ], [ 74.799620999552175, 34.069840000219124 ], [ 74.799835999637324, 34.071049000040233 ], [ 74.798859000019135, 34.071556000351336 ], [ 74.799331000022249, 34.073395000109329 ], [ 74.801364999624525, 34.072749999954674 ], [ 74.801337999860365, 34.074708000129114 ], [ 74.803596999593537, 34.07454900018061 ], [ 74.801952000153676, 34.07919400003253 ], [ 74.802928999771851, 34.07929299998316 ], [ 74.803558999958696, 34.081272000021272 ], [ 74.802132999903648, 34.082749000191988 ], [ 74.802230999812934, 34.085198999942463 ], [ 74.800696999802838, 34.08667400025459 ], [ 74.806108000120119, 34.088064000071888 ], [ 74.81141800015503, 34.087524000150644 ], [ 74.813679000436352, 34.091820999676813 ], [ 74.818929000196846, 34.085651999698449 ], [ 74.832189999591279, 34.088302999707679 ], [ 74.84147599966758, 34.092349000181542 ], [ 74.851853999888093, 34.091695999810646 ], [ 74.852279000035537, 34.09491200019238 ] ] ] } },
{ "type": "Feature", "properties": { "pincode": "190002", "officename": "SR Gunj S.O", "officetype": "S.O", "circle": "Jammu And Kashmir", "region": "Div Reporting", "division": "Srinagar", "state": "Jammu And Kashmir", "district": "Srinagar" }, "geometry": { "type": "Polygon", "coordinates": [ [ [ 74.79649399998074, 34.110934000186511 ], [ 74.803461999874344, 34.107419000036124 ], [ 74.809264000003836, 34.109412999834312 ], [ 74.811863000393956, 34.109361999807817 ], [ 74.812968000058675, 34.102690000192091 ], [ 74.81741000025535, 34.096879999828495 ], [ 74.813634000230522, 34.095390000293293 ], [ 74.815673999680584, 34.09380700024623 ], [ 74.813315000388272, 34.092701000176177 ], [ 74.81373999963742, 34.091819999833334 ], [ 74.81141800015503, 34.087524000150644 ], [ 74.806108000120119, 34.088064000071888 ], [ 74.800696999802838, 34.08667400025459 ], [ 74.798582000009716, 34.08923299999104 ], [ 74.79469800002984, 34.088931000300754 ], [ 74.794015000139552, 34.089936999880088 ], [ 74.790419000039748, 34.088981999993948 ], [ 74.783484999583081, 34.092224000351102 ], [ 74.783806999798358, 34.110986999986878 ], [ 74.784815000276978, 34.111493999907239 ], [ 74.79649399998074, 34.110934000186511 ] ] ] } },
{ "type": "Feature", "properties": { "pincode": "190003", "officename": "Rainawari S.O", "officetype": "S.O", "circle": "Jammu And Kashmir", "region": "Div Reporting", "division": "Srinagar", "state": "Jammu And Kashmir", "district": "Srinagar" }, "geometry": { "type": "Polygon", "coordinates": [ [ [ 74.852279000035537, 34.09491200019238 ], [ 74.851853999888093, 34.091695999810646 ], [ 74.84147599966758, 34.092349000181542 ], [ 74.832189999591279, 34.088302999707679 ], [ 74.818929000196846, 34.085651999698449 ], [ 74.813315000388272, 34.092701000176177 ], [ 74.815673999680584, 34.09380700024623 ], [ 74.813634000230522, 34.095390000293293 ], [ 74.81741000025535, 34.096879999828495 ], [ 74.812968000058675, 34.102690000192091 ], [ 74.811863000393956, 34.109361999807817 ], [ 74.809264000003836, 34.109412999834312 ], [ 74.810218000055784, 34.114140999900059 ], [ 74.816956999620501, 34.116132000247809 ], [ 74.827486000352067, 34.11109399984749 ], [ 74.8492140003884, 34.121068000222017 ], [ 74.864265999710895, 34.120315000155308 ], [ 74.865146000142985, 34.114686999982403 ], [ 74.857074000409639, 34.109938999918029 ], [ 74.846573999990397, 34.095892000225902 ], [ 74.852279000035537, 34.09491200019238 ] ] ] } },
{ "type": "Feature", "properties": { "pincode": "190004", "officename": "Batwara S.O", "officetype": "S.O", "circle": "Jammu And Kashmir", "region": "Div Reporting", "division": "Srinagar", "state": "Jammu And Kashmir", "district": "Srinagar" }, "geometry": { "type": "Polygon", "coordinates": [ [ [ 74.850175000113026, 34.074434999907481 ], [ 74.852658000152203, 34.067893999919299 ], [ 74.85006399978495, 34.066763000210123 ], [ 74.849457000062628, 34.067340999888295 ], [ 74.847651000066008, 34.066348000162058 ], [ 74.847363000185894, 34.067303000053712 ], [ 74.846148999842953, 34.066473999636628 ], [ 74.861334999958061, 34.05468500030041 ], [ 74.859681000297357, 34.05420600013192 ], [ 74.856826999639125, 34.056091000163974 ], [ 74.854016000435209, 34.056018999639662 ], [ 74.847964999885335, 34.053583999868728 ], [ 74.84621599979009, 34.054054999749241 ], [ 74.845079000338359, 34.055788000366533 ], [ 74.848706000400284, 34.059885999808699 ], [ 74.848155999681069, 34.061633000104607 ], [ 74.846592000432068, 34.061708000178008 ], [ 74.843145000295195, 34.059987999911087 ], [ 74.836829000329772, 34.052824000115301 ], [ 74.836549999772217, 34.055085999997708 ], [ 74.830713000380911, 34.054810999997642 ], [ 74.82808200020375, 34.055801999663842 ], [ 74.827183000403366, 34.058508000315506 ], [ 74.83101399978149, 34.062080999904367 ], [ 74.835681000109076, 34.064027999928776 ], [ 74.840905999755165, 34.064525999833656 ], [ 74.842546999895404, 34.065715999675454 ], [ 74.841870999677795, 34.068035999829249 ], [ 74.83911400000224, 34.069520000139313 ], [ 74.841150000152652, 34.073624999697621 ], [ 74.84596999974282, 34.073386000303628 ], [ 74.850175000113026, 34.074434999907481 ] ] ] } },
{ "type": "Feature", "properties": { "pincode": "190005", "officename": "Sanat Nagar S.O", "officetype": "S.O", "circle": "Jammu And Kashmir", "region": "Div Reporting", "division": "Srinagar", "state": "Jammu And Kashmir", "district": "Srinagar" }, "geometry": { "type": "Polygon", "coordinates": [ [ [ 74.800222000325007, 34.054295000369507 ], [ 74.805576999667466, 34.055108000137793 ], [ 74.806048999670594, 34.054446000324738 ], [ 74.802572000294788, 34.052695000270084 ], [ 74.802066999781388, 34.050082000180851 ], [ 74.806112000318095, 34.048436999852157 ], [ 74.808955000207334, 34.046258999779567 ], [ 74.810156999956433, 34.042507000174638 ], [ 74.804717000225153, 34.039165000145111 ], [ 74.803574999852231, 34.032386999796131 ], [ 74.808698000289397, 34.026307999739721 ], [ 74.809120999888705, 34.016592999984958 ], [ 74.811449000117179, 34.012699000328844 ], [ 74.802947000213521, 34.011671000257166 ], [ 74.80322599987278, 34.009608000270426 ], [ 74.786003999607232, 34.015340000159007 ], [ 74.784873999828221, 34.013836999795387 ], [ 74.783773000361492, 34.014471999806979 ], [ 74.783281000266882, 34.016890999918012 ], [ 74.785694999810772, 34.019506000141959 ], [ 74.779321999943946, 34.024708000214879 ], [ 74.783893000012085, 34.02305399994804 ], [ 74.792347000235154, 34.027810999657753 ], [ 74.787648000120498, 34.034256999851358 ], [ 74.795211999865757, 34.035545999978744 ], [ 74.792657999681452, 34.037623999884836 ], [ 74.794943000252232, 34.04259600003882 ], [ 74.790330000351318, 34.051806000280294 ], [ 74.781695000378249, 34.057712000131758 ], [ 74.78795899956684, 34.057219000145601 ], [ 74.7933630002114, 34.055197999704212 ], [ 74.800222000325007, 34.054295000369507 ] ] ] } },
{ "type": "Feature", "properties": { "pincode": "190006", "officename": "Kashmir University", "officetype": "S.O", "circle": "Jammu And Kashmir", "region": "Div Reporting", "division": "Srinagar", "state": "Jammu And Kashmir", "district": "Srinagar" }, "geometry": { "type": "Polygon", "coordinates": [ [ [ 74.885132999581685, 34.207826999638733 ], [ 74.869788000356223, 34.186862000094422 ], [ 74.887571000313315, 34.179129999877226 ], [ 74.896895999849377, 34.152372000337884 ], [ 74.883203999561374, 34.153899000097923 ], [ 74.880323999862171, 34.155425999753817 ], [ 74.869078999628343, 34.152881999969168 ], [ 74.869167000390206, 34.144983999840008 ], [ 74.863058999938929, 34.140297000112291 ], [ 74.866268000424427, 34.134357000169423 ], [ 74.873459999725682, 34.131241999809824 ], [ 74.876008999887091, 34.128579000238148 ], [ 74.880106000302291, 34.119309999785123 ], [ 74.874977999842244, 34.107425999881457 ], [ 74.876646999571534, 34.104336000149011 ], [ 74.876008999887091, 34.099008000025911 ], [ 74.871890999555475, 34.097554999908802 ], [ 74.872469999688704, 34.093770000203087 ], [ 74.862492000399598, 34.091496000087282 ], [ 74.852279000035537, 34.09491200019238 ], [ 74.846573999990397, 34.095892000225902 ], [ 74.857074000409639, 34.109938999918029 ], [ 74.865146000142985, 34.114686999982403 ], [ 74.864265999710895, 34.120315000155308 ], [ 74.8492140003884, 34.121068000222017 ], [ 74.83116799976726, 34.112467999966533 ], [ 74.821902999607346, 34.143863000193548 ], [ 74.808574000440856, 34.145929999951939 ], [ 74.808611000250778, 34.151911999646849 ], [ 74.816501000409261, 34.151057999649517 ], [ 74.819718000392328, 34.155929999810098 ], [ 74.836529999680749, 34.158089999750615 ], [ 74.837135999578138, 34.175614999809106 ], [ 74.814482999802181, 34.176518000152768 ], [ 74.812173999840255, 34.183689999823606 ], [ 74.809684000128399, 34.187737000183127 ], [ 74.795895999580949, 34.184258000127393 ], [ 74.793835000214486, 34.190222000160304 ], [ 74.783743000224248, 34.207360999794773 ], [ 74.787552999685957, 34.21015299986653 ], [ 74.7941669995772, 34.217430999670079 ], [ 74.816265000407682, 34.22761800034651 ], [ 74.836533999878682, 34.240663999939841 ], [ 74.864612000215601, 34.237917999724807 ], [ 74.895248999861366, 34.229966999791742 ], [ 74.885132999581685, 34.207826999638733 ] ] ] } },
{ "type": "Feature", "properties": { "pincode": "190007", "officename": "SK Airport S.O", "officetype": "S.O", "circle": "Jammu And Kashmir", "region": "Div Reporting", "division": "Srinagar", "state": "Jammu And Kashmir", "district": "Srinagar" }, "geometry": { "type": "Polygon", "coordinates": [ [ [ 74.771740999581951, 34.008484999714803 ], [ 74.775497000413608, 34.00705000018214 ], [ 74.774580000171596, 34.007224000091497 ], [ 74.774687000301697, 34.005320999921445 ], [ 74.781854000386929, 34.00347899998804 ], [ 74.786277000317043, 33.995654999905774 ], [ 74.788999999657378, 33.994593999916162 ], [ 74.78111799989486, 33.98047000027838 ], [ 74.782454000436545, 33.979647999672927 ], [ 74.770375999626282, 33.980571000100745 ], [ 74.765217000102382, 33.988321000273899 ], [ 74.750225999980955, 33.995692999818225 ], [ 74.746130000288971, 34.002032999772425 ], [ 74.74661499981255, 34.003416000018809 ], [ 74.745765000416, 34.004849999766726 ], [ 74.752563000430271, 34.007516999676682 ], [ 74.756126000019762, 34.010853000114565 ], [ 74.759813000356147, 34.016248000205117 ], [ 74.766275999736322, 34.014588000319719 ], [ 74.771740999581951, 34.008484999714803 ] ] ] } },
{ "type": "Feature", "properties": { "pincode": "190008", "officename": "Jawahar Nagar", "officetype": "S.O", "circle": "Jammu And Kashmir", "region": "Div Reporting", "division": "Srinagar", "state": "Jammu And Kashmir", "district": "Srinagar" }, "geometry": { "type": "Polygon", "coordinates": [ [ [ 74.819597999843424, 34.071217999984988 ], [ 74.8396610003484, 34.069404999687485 ], [ 74.841870999677795, 34.068035999829249 ], [ 74.842546999895404, 34.065715999675454 ], [ 74.840905999755165, 34.064525999833656 ], [ 74.835681000109076, 34.064027999928776 ], [ 74.83101399978149, 34.062080999904367 ], [ 74.827183000403366, 34.058508000315506 ], [ 74.82808200020375, 34.055801999663842 ], [ 74.830713000380911, 34.054810999997642 ], [ 74.836549999772217, 34.055085999997708 ], [ 74.836829000329772, 34.052824000115301 ], [ 74.84018600005497, 34.052583999796106 ], [ 74.842659000048386, 34.053464000125594 ], [ 74.844358999739811, 34.051352000065179 ], [ 74.851034999555353, 34.047328999806439 ], [ 74.851328000356617, 34.046301999788497 ], [ 74.837318000051326, 34.047403999882818 ], [ 74.83625600004433, 34.045895999786943 ], [ 74.832584999601494, 34.046221999806335 ], [ 74.828549000183997, 34.050244999743327 ], [ 74.829217000005642, 34.053788000233027 ], [ 74.826003000395602, 34.05587699968742 ], [ 74.823578999907653, 34.056010999743009 ], [ 74.820760000307828, 34.058276000143771 ], [ 74.817376999745065, 34.058374999980366 ], [ 74.809294000141065, 34.055273999792881 ], [ 74.802374999752985, 34.054155000338362 ], [ 74.795182999553433, 34.054783999865634 ], [ 74.78795899956684, 34.057219000145601 ], [ 74.790814999874868, 34.061909999946302 ], [ 74.790386000427816, 34.062501000216955 ], [ 74.794063999645033, 34.06455199967359 ], [ 74.797196000137617, 34.06348599969504 ], [ 74.798783999676075, 34.066986999868426 ], [ 74.799942999767453, 34.067715999633059 ], [ 74.800875999902999, 34.066035999983505 ], [ 74.801004999774435, 34.066703000015075 ], [ 74.809085999728595, 34.067249999688087 ], [ 74.811838000279621, 34.067898999804861 ], [ 74.816281000301231, 34.070609000037969 ], [ 74.819597999843424, 34.071217999984988 ] ] ] } },
{ "type": "Feature", "properties": { "pincode": "190009", "officename": "New Secretariat Srinagar S.O", "officetype": "S.O", "circle": "Jammu And Kashmir", "region": "Div Reporting", "division": "Srinagar", "state": "Jammu And Kashmir", "district": "Srinagar" }, "geometry": { "type": "Polygon", "coordinates": [ [ [ 74.801364999624525, 34.072749999954674 ], [ 74.798854803090123, 34.073767837520222 ], [ 74.79995580076023, 34.074839777604176 ], [ 74.801337999860365, 34.074708000129114 ], [ 74.801364999624525, 34.072749999954674 ] ] ] } },
{ "type": "Feature", "properties": { "pincode": "190010", "officename": "Karan Nagar S.O Srinagar", "officetype": "S.O", "circle": "Jammu And Kashmir", "region": "Div Reporting", "division": "Srinagar", "state": "Jammu And Kashmir", "district": "Srinagar" }, "geometry": { "type": "Polygon", "coordinates": [ [ [ 74.781250000139323, 34.092006000270736 ], [ 74.789614999775623, 34.089824000101061 ], [ 74.790419000039748, 34.088981999993948 ], [ 74.794015000139552, 34.089936999880088 ], [ 74.79469800002984, 34.088931000300754 ], [ 74.798582000009716, 34.08923299999104 ], [ 74.802230999812934, 34.085198999942463 ], [ 74.802132999903648, 34.082749000191988 ], [ 74.803558999958696, 34.081272000021272 ], [ 74.802928999771851, 34.07929299998316 ], [ 74.801952000153676, 34.07919400003253 ], [ 74.803596999593537, 34.07454900018061 ], [ 74.800203744761788, 34.074936176877983 ], [ 74.798655999629545, 34.072692999742891 ], [ 74.799835999637324, 34.071049000040233 ], [ 74.800875999902999, 34.066035999983505 ], [ 74.799942999767453, 34.067715999633059 ], [ 74.798783999676075, 34.066986999868426 ], [ 74.797196000137617, 34.06348599969504 ], [ 74.794063999645033, 34.06455199967359 ], [ 74.790386000427816, 34.062501000216955 ], [ 74.790814999874868, 34.061909999946302 ], [ 74.78795899956684, 34.057219000145601 ], [ 74.781695000378249, 34.057712000131758 ], [ 74.776617999971847, 34.051778999935479 ], [ 74.765029999606327, 34.048298000180495 ], [ 74.769516000183955, 34.05600200032351 ], [ 74.767469999987782, 34.057916999736285 ], [ 74.770675000275332, 34.059379000367613 ], [ 74.767037000342754, 34.065026000108254 ], [ 74.768859000232922, 34.06804500020332 ], [ 74.770239000257234, 34.069376999631544 ], [ 74.774893000166031, 34.069288999714232 ], [ 74.77430599963688, 34.071123999964854 ], [ 74.777946999942515, 34.073135000210996 ], [ 74.779768000007778, 34.071123999964854 ], [ 74.781580999677118, 34.070878999667599 ], [ 74.781815999853777, 34.072173000047691 ], [ 74.783368000305515, 34.072723000329091 ], [ 74.78901100042637, 34.072870999989945 ], [ 74.788828999953168, 34.074706000037978 ], [ 74.782073999596633, 34.07969100008976 ], [ 74.784301000441062, 34.081685999911585 ], [ 74.781629000256032, 34.084937999899026 ], [ 74.779440999769648, 34.083757000190552 ], [ 74.777638000146013, 34.085680000326469 ], [ 74.774945999869473, 34.085711999863754 ], [ 74.770527999962241, 34.089541000058382 ], [ 74.770681000123133, 34.090219000224472 ], [ 74.768790999562569, 34.090917000228949 ], [ 74.766787000097494, 34.090640000008932 ], [ 74.764947999590547, 34.08845800034036 ], [ 74.763708000206663, 34.089289000357184 ], [ 74.764634999596126, 34.090313999743792 ], [ 74.764155000095414, 34.090619999882762 ], [ 74.770256999800566, 34.094978999877391 ], [ 74.776027999967965, 34.09706700008676 ], [ 74.778947999850146, 34.093430000316225 ], [ 74.781250000139323, 34.092006000270736 ] ] ] } },
{ "type": "Feature", "properties": { "pincode": "190011", "officename": "Naushehra S.O", "officetype": "S.O", "circle": "Jammu And Kashmir", "region": "Div Reporting", "division": "Srinagar", "state": "Jammu And Kashmir", "district": "Srinagar" }, "geometry": { "type": "Polygon", "coordinates": [ [ [ 74.795941999611713, 34.145545999960902 ], [ 74.801434999944746, 34.143869999996078 ], [ 74.80161700041792, 34.144666999741915 ], [ 74.801912999795618, 34.143504999854287 ], [ 74.808567999694745, 34.143171999732459 ], [ 74.808546999778358, 34.13319200022454 ], [ 74.809277000422625, 34.133636000238148 ], [ 74.812044999968847, 34.132446000325864 ], [ 74.812063000410518, 34.128164999958479 ], [ 74.811023999969734, 34.124485000245294 ], [ 74.808899999955784, 34.124083000235871 ], [ 74.806396000000191, 34.124936999967225 ], [ 74.806812999751727, 34.120533999689954 ], [ 74.809961999962752, 34.120584999673348 ], [ 74.810090999834173, 34.120050999809514 ], [ 74.810575000431157, 34.115553000120023 ], [ 74.809229999668645, 34.10924499989337 ], [ 74.803461999874344, 34.107419000036124 ], [ 74.79649399998074, 34.110934000186511 ], [ 74.784815000276978, 34.111493999907239 ], [ 74.789948999686473, 34.126318999714428 ], [ 74.781156000428012, 34.126842999904063 ], [ 74.779715000304321, 34.129301999722458 ], [ 74.788705000104628, 34.130839999956308 ], [ 74.795927000441409, 34.128930999714555 ], [ 74.799037000294391, 34.133063000109864 ], [ 74.797701999577626, 34.13523599983003 ], [ 74.794379000187632, 34.136956000182366 ], [ 74.793104999570218, 34.138802000104171 ], [ 74.795941999611713, 34.145545999960902 ] ] ] } },
{ "type": "Feature", "properties": { "pincode": "190012", "officename": "Zainakote S.O", "officetype": "S.O", "circle": "Jammu And Kashmir", "region": "Div Reporting", "division": "Srinagar", "state": "Jammu And Kashmir", "district": "Srinagar" }, "geometry": { "type": "Polygon", "coordinates": [ [ [ 74.728801999718257, 34.120590999669375 ], [ 74.731638999759753, 34.116256999717862 ], [ 74.732960000232836, 34.116376999749306 ], [ 74.736615999708732, 34.114361000125662 ], [ 74.735319000423431, 34.11274599973887 ], [ 74.737154999658998, 34.112086999966237 ], [ 74.73757200030883, 34.111132000112995 ], [ 74.741595000205891, 34.111951999765154 ], [ 74.743151999782199, 34.111399000361885 ], [ 74.741763000435355, 34.110672000292638 ], [ 74.74515600014557, 34.108991000075207 ], [ 74.743981000160673, 34.106999000071802 ], [ 74.746428000214806, 34.105763999723742 ], [ 74.74814399979978, 34.102779000075849 ], [ 74.750963000297929, 34.10214900012982 ], [ 74.75096999997065, 34.10147700017481 ], [ 74.754633999842454, 34.101552999658061 ], [ 74.756278000355735, 34.097520000312493 ], [ 74.75894299996979, 34.096231000102485 ], [ 74.759418000345931, 34.094561000276222 ], [ 74.757885000160741, 34.094196000002356 ], [ 74.758886999893292, 34.093316999992354 ], [ 74.752921999557131, 34.092323999783858 ], [ 74.754288000236045, 34.091305999875225 ], [ 74.748515000418863, 34.090640000008932 ], [ 74.748878999568618, 34.08923299999104 ], [ 74.758771000440632, 34.086556000312221 ], [ 74.758829999991875, 34.08220200015483 ], [ 74.759731000340366, 34.080780000183218 ], [ 74.760574000064253, 34.080700000005898 ], [ 74.760876000188034, 34.08202899996801 ], [ 74.761575999796761, 34.080743999629149 ], [ 74.7608660001423, 34.080602000187952 ], [ 74.760066999901056, 34.07710100013891 ], [ 74.739727000284944, 34.088278000347053 ], [ 74.737178000123521, 34.086694999729012 ], [ 74.739786999661078, 34.090350999809694 ], [ 74.728543999975386, 34.093605999736774 ], [ 74.720720999764083, 34.099971999822586 ], [ 74.720228999669487, 34.104309999877117 ], [ 74.722398999714201, 34.10652199975663 ], [ 74.718029000385826, 34.108920999915085 ], [ 74.719744000145894, 34.110102000343495 ], [ 74.718764999979584, 34.110994000280812 ], [ 74.714737000059685, 34.113068000013236 ], [ 74.713956000260069, 34.115490999669746 ], [ 74.715131000244952, 34.120704000010804 ], [ 74.718924999813169, 34.121783999840659 ], [ 74.724745000384331, 34.122036999682287 ], [ 74.726450000098637, 34.120714000237761 ], [ 74.728801999718257, 34.120590999669375 ] ] ] } },
{ "type": "Feature", "properties": { "pincode": "190014", "officename": "Hyderpora S.O", "officetype": "S.O", "circle": "Jammu And Kashmir", "region": "Div Reporting", "division": "Srinagar", "state": "Jammu And Kashmir", "district": "Srinagar" }, "geometry": { "type": "Polygon", "coordinates": [ [ [ 74.787648000120498, 34.034256999851358 ], [ 74.792347000235154, 34.027810999657753 ], [ 74.783893000012085, 34.02305399994804 ], [ 74.779321999943946, 34.024708000214879 ], [ 74.785694999810772, 34.019506000141959 ], [ 74.783293999787347, 34.016904999679241 ], [ 74.774945000044568, 34.026895000052406 ], [ 74.768764999623272, 34.029606999784107 ], [ 74.764237000111166, 34.029082000108012 ], [ 74.761748000224216, 34.02767699970871 ], [ 74.753868000111481, 34.029123000213851 ], [ 74.765029999606327, 34.048298000180495 ], [ 74.776617999971847, 34.051778999935479 ], [ 74.781972000387697, 34.057406000169962 ], [ 74.790330000351318, 34.051806000280294 ], [ 74.794943000252232, 34.04259600003882 ], [ 74.792657999681452, 34.037623999884836 ], [ 74.795211999865757, 34.035545999978744 ], [ 74.787648000120498, 34.034256999851358 ] ] ] } },
{ "type": "Feature", "properties": { "pincode": "190015", "officename": "Natipora S.O", "officetype": "S.O", "circle": "Jammu And Kashmir", "region": "Div Reporting", "division": "Srinagar", "state": "Jammu And Kashmir", "district": "Srinagar" }, "geometry": { "type": "Polygon", "coordinates": [ [ [ 74.832584999601494, 34.046221999806335 ], [ 74.83625600004433, 34.045895999786943 ], [ 74.837318000051326, 34.047403999882818 ], [ 74.851328000356617, 34.046301999788497 ], [ 74.86188300012914, 34.011969000340649 ], [ 74.861246000269588, 34.009479000231558 ], [ 74.843235999633478, 34.00169299973053 ], [ 74.843418000106681, 34.001102000223533 ], [ 74.839381999790831, 34.000019999656814 ], [ 74.819427000139186, 33.98795799973341 ], [ 74.818807999823008, 33.988546999919578 ], [ 74.840884000013858, 34.004342000359074 ], [ 74.842356000099684, 34.012597999974247 ], [ 74.818246000306516, 34.000801999641247 ], [ 74.814341000410252, 33.996408000059809 ], [ 74.811336999964198, 34.006814999691585 ], [ 74.822237000416536, 34.017717999724262 ], [ 74.820370000320494, 34.018885999950157 ], [ 74.819065999565851, 34.021892000035287 ], [ 74.817199000368134, 34.02347699971925 ], [ 74.810778999747342, 34.024058000120526 ], [ 74.808750999992853, 34.024956000352262 ], [ 74.808698000289397, 34.026307999739721 ], [ 74.803574999852231, 34.032386999796131 ], [ 74.804717000225153, 34.039165000145111 ], [ 74.810156999956433, 34.042507000174638 ], [ 74.808955000207334, 34.046258999779567 ], [ 74.806112000318095, 34.048436999852157 ], [ 74.802066999781388, 34.050082000180851 ], [ 74.802572000294788, 34.052695000270084 ], [ 74.813536000321236, 34.057406000169962 ], [ 74.817376999745065, 34.058374999980366 ], [ 74.820760000307828, 34.058276000143771 ], [ 74.823578999907653, 34.056010999743009 ], [ 74.826003000395602, 34.05587699968742 ], [ 74.829217000005642, 34.053788000233027 ], [ 74.828549000183997, 34.050244999743327 ], [ 74.832584999601494, 34.046221999806335 ] ] ] } },
{ "type": "Feature", "properties": { "pincode": "190017", "officename": "Parimpora S.O", "officetype": "S.O", "circle": "Jammu And Kashmir", "region": "Div Reporting", "division": "Srinagar", "state": "Jammu And Kashmir", "district": "Srinagar" }, "geometry": { "type": "Polygon", "coordinates": [ [ [ 74.781938000052492, 34.126721000246434 ], [ 74.783806999798358, 34.110986999986878 ], [ 74.783196999702966, 34.093028000005241 ], [ 74.783484999583081, 34.092224000351102 ], [ 74.788233999926447, 34.090150000021254 ], [ 74.781250000139323, 34.092006000270736 ], [ 74.778947999850146, 34.093430000316225 ], [ 74.776027999967965, 34.09706700008676 ], [ 74.770256999800566, 34.094978999877391 ], [ 74.764155000095414, 34.090619999882762 ], [ 74.764634999596126, 34.090313999743792 ], [ 74.763708000206663, 34.089289000357184 ], [ 74.764947999590547, 34.08845800034036 ], [ 74.766255999644841, 34.090106000077895 ], [ 74.767053000236288, 34.089585000295337 ], [ 74.765898000342872, 34.087856999975983 ], [ 74.769807000437098, 34.085290000204559 ], [ 74.763965000124628, 34.083382999974717 ], [ 74.764397999769656, 34.080850999784346 ], [ 74.761558000253416, 34.080646999837555 ], [ 74.760876000188034, 34.08202899996801 ], [ 74.760574000064253, 34.080700000005898 ], [ 74.759731000340366, 34.080780000183218 ], [ 74.758829999991875, 34.08220200015483 ], [ 74.758771000440632, 34.086556000312221 ], [ 74.748878999568618, 34.08923299999104 ], [ 74.748515000418863, 34.090640000008932 ], [ 74.754288000236045, 34.091305999875225 ], [ 74.752921999557131, 34.092323999783858 ], [ 74.758886999893292, 34.093316999992354 ], [ 74.757885000160741, 34.094196000002356 ], [ 74.759418000345931, 34.094561000276222 ], [ 74.759553999890045, 34.095244999968948 ], [ 74.756278000355735, 34.097520000312493 ], [ 74.754633999842454, 34.101552999658061 ], [ 74.75096999997065, 34.10147700017481 ], [ 74.750963000297929, 34.10214900012982 ], [ 74.74814399979978, 34.102779000075849 ], [ 74.746428000214806, 34.105763999723742 ], [ 74.743981000160673, 34.106999000071802 ], [ 74.74515600014557, 34.108991000075207 ], [ 74.741763000435355, 34.110672000292638 ], [ 74.743151999782199, 34.111399000361885 ], [ 74.741595000205891, 34.111951999765154 ], [ 74.73757200030883, 34.111132000112995 ], [ 74.737154999658998, 34.112086999966237 ], [ 74.735319000423431, 34.11274599973887 ], [ 74.736615999708732, 34.114361000125662 ], [ 74.732960000232836, 34.116376999749306 ], [ 74.731638999759753, 34.116256999717862 ], [ 74.728801999718257, 34.120590999669375 ], [ 74.726450000098637, 34.120714000237761 ], [ 74.724745000384331, 34.122036999682287 ], [ 74.718924999813169, 34.121783999840659 ], [ 74.715131000244952, 34.120704000010804 ], [ 74.713956000260069, 34.115490999669746 ], [ 74.714737000059685, 34.113068000013236 ], [ 74.719744000145894, 34.110102000343495 ], [ 74.718029000385826, 34.108920999915085 ], [ 74.722398999714201, 34.10652199975663 ], [ 74.720228999669487, 34.104309999877117 ], [ 74.720720999764083, 34.099971999822586 ], [ 74.728543999975386, 34.093605999736774 ], [ 74.739786999661078, 34.090350999809694 ], [ 74.737178000123521, 34.086694999729012 ], [ 74.729348000239511, 34.083565999781442 ], [ 74.721094000032991, 34.081567999714196 ], [ 74.666350999893695, 34.1004659999384 ], [ 74.676758000426531, 34.103380999823791 ], [ 74.682420999740572, 34.109561999706465 ], [ 74.675486000357253, 34.118732999642383 ], [ 74.678860999625783, 34.121325999680309 ], [ 74.714644000173237, 34.133476000100146 ], [ 74.719734000100132, 34.133831000275627 ], [ 74.72518499970208, 34.135358999911148 ], [ 74.732460999567223, 34.1450379998155 ], [ 74.771251999860425, 34.139247999695037 ], [ 74.777499000228843, 34.133085000068419 ], [ 74.781156000428012, 34.126842999904063 ], [ 74.781938000052492, 34.126721000246434 ] ] ] } },
{ "type": "Feature", "properties": { "pincode": "190018", "officename": "Bemina S.O", "officetype": "S.O", "circle": "Jammu And Kashmir", "region": "Div Reporting", "division": "Srinagar", "state": "Jammu And Kashmir", "district": "Srinagar" }, "geometry": { "type": "Polygon", "coordinates": [ [ [ 74.769737000116919, 34.090584999650602 ], [ 74.774945999869473, 34.085711999863754 ], [ 74.777638000146013, 34.085680000326469 ], [ 74.779440999769648, 34.083757000190552 ], [ 74.781629000256032, 34.084937999899026 ], [ 74.784301000441062, 34.081685999911585 ], [ 74.782073999596633, 34.07969100008976 ], [ 74.788828999953168, 34.074706000037978 ], [ 74.78901100042637, 34.072870999989945 ], [ 74.783368000305515, 34.072723000329091 ], [ 74.781815999853777, 34.072173000047691 ], [ 74.781580999677118, 34.070878999667599 ], [ 74.779768000007778, 34.071123999964854 ], [ 74.777946999942515, 34.073135000210996 ], [ 74.77430599963688, 34.071123999964854 ], [ 74.774893000166031, 34.069288999714232 ], [ 74.770239000257234, 34.069376999631544 ], [ 74.767037000342754, 34.065026000108254 ], [ 74.770675000275332, 34.059379000367613 ], [ 74.745269000123443, 34.047788000306312 ], [ 74.732865999623158, 34.043308000055987 ], [ 74.728661000151277, 34.051378999801685 ], [ 74.724614999789679, 34.051527999846925 ], [ 74.724478000420632, 34.054028999666066 ], [ 74.722732999625038, 34.057008000303334 ], [ 74.714317999760013, 34.064016000101191 ], [ 74.716640999965634, 34.066202999962009 ], [ 74.726101000119186, 34.068949999863491 ], [ 74.724947999875624, 34.082635999747545 ], [ 74.729348000239511, 34.083565999781442 ], [ 74.739727000284944, 34.088278000347053 ], [ 74.760066999901056, 34.07710100013891 ], [ 74.7608660001423, 34.080602000187952 ], [ 74.764397999769656, 34.080850999784346 ], [ 74.763965000124628, 34.083382999974717 ], [ 74.769807000437098, 34.085290000204559 ], [ 74.765898000342872, 34.087856999975983 ], [ 74.767053000236288, 34.089585000295337 ], [ 74.766255999644841, 34.090106000077895 ], [ 74.766787000097494, 34.090640000008932 ], [ 74.769737000116919, 34.090584999650602 ] ] ] } },
{ "type": "Feature", "properties": { "pincode": "190019", "officename": "Bagh e Mehtab S.O", "officetype": "S.O", "circle": "Jammu And Kashmir", "region": "Div Reporting", "division": "Srinagar", "state": "Jammu And Kashmir", "district": "Srinagar" }, "geometry": { "type": "Polygon", "coordinates": [ [ [ 74.811859236452932, 34.023880624029417 ], [ 74.817199000368134, 34.02347699971925 ], [ 74.819065999565851, 34.021892000035287 ], [ 74.820370000320494, 34.018885999950157 ], [ 74.822237000416536, 34.017717999724262 ], [ 74.811336999964198, 34.006814999691585 ], [ 74.814341000410252, 33.996408000059809 ], [ 74.818246000306516, 34.000801999641247 ], [ 74.842356000099684, 34.012597999974247 ], [ 74.840884000013858, 34.004342000359074 ], [ 74.818807999823008, 33.988546999919578 ], [ 74.819427000139186, 33.98795799973341 ], [ 74.804682000065071, 33.988546999919578 ], [ 74.802513999670154, 33.985512999836907 ], [ 74.80803499959228, 33.996070000302858 ], [ 74.79925599967919, 34.010666000207848 ], [ 74.80322599987278, 34.009608000270426 ], [ 74.802947000213521, 34.011671000257166 ], [ 74.811449000117179, 34.012699000328844 ], [ 74.809120999888705, 34.016592999984958 ], [ 74.808750999992853, 34.024956000352262 ], [ 74.811859236452932, 34.023880624029417 ] ] ] } },
{ "type": "Feature", "properties": { "pincode": "190020", "officename": "Buchpora S.O", "officetype": "S.O", "circle": "Jammu And Kashmir", "region": "Div Reporting", "division": "Srinagar", "state": "Jammu And Kashmir", "district": "Srinagar" }, "geometry": { "type": "Polygon", "coordinates": [ [ [ 74.826034000357737, 34.166682999890007 ], [ 74.81985200028663, 34.164374999863803 ], [ 74.813455999955281, 34.164801000035155 ], [ 74.811952999907334, 34.163664999756612 ], [ 74.812306999909666, 34.160042999837451 ], [ 74.819718000392328, 34.155929999810098 ], [ 74.816501000409261, 34.151057999649517 ], [ 74.808611000250778, 34.151911999646849 ], [ 74.808567999694745, 34.143171999732459 ], [ 74.801912999795618, 34.143504999854287 ], [ 74.802064000306686, 34.144554000207393 ], [ 74.800379999610428, 34.144032999694709 ], [ 74.795941999611713, 34.145545999960902 ], [ 74.800500999984266, 34.157982999904142 ], [ 74.798643999933986, 34.165511000251101 ], [ 74.796926999625796, 34.175808000368619 ], [ 74.797841000393092, 34.175949999762864 ], [ 74.795895999580949, 34.184258000127393 ], [ 74.809684000128399, 34.187737000183127 ], [ 74.812173999840255, 34.183689999823606 ], [ 74.814482999802181, 34.176518000152768 ], [ 74.828907000384248, 34.175942999646544 ], [ 74.826034000357737, 34.166682999890007 ] ] ] } },
{ "type": "Feature", "properties": { "pincode": "190021", "officename": "Humhama S.O", "officetype": "S.O", "circle": "Jammu And Kashmir", "region": "Div Reporting", "division": "Srinagar", "state": "Jammu And Kashmir", "district": "Srinagar" }, "geometry": { "type": "Polygon", "coordinates": [ [ [ 74.751298000033671, 34.029650999878861 ], [ 74.75341200000193, 34.028325999781451 ], [ 74.761748000224216, 34.02767699970871 ], [ 74.764237000111166, 34.029082000108012 ], [ 74.768764999623272, 34.029606999784107 ], [ 74.774945000044568, 34.026895000052406 ], [ 74.783871000270778, 34.016205999844779 ], [ 74.783773000361492, 34.014471999806979 ], [ 74.784873999828221, 34.013836999795387 ], [ 74.778228000149895, 34.006530000014529 ], [ 74.771740999581951, 34.008484999714803 ], [ 74.766275999736322, 34.014588000319719 ], [ 74.752564000255177, 34.018109000292121 ], [ 74.751298000033671, 34.029650999878861 ] ] ] } },
{ "type": "Feature", "properties": { "pincode": "190023", "officename": "Lal Bazar S.O", "officetype": "S.O", "circle": "Jammu And Kashmir", "region": "Div Reporting", "division": "Srinagar", "state": "Jammu And Kashmir", "district": "Srinagar" }, "geometry": { "type": "Polygon", "coordinates": [ [ [ 74.831067000383243, 34.112789999811731 ], [ 74.827486000352067, 34.11109399984749 ], [ 74.816956999620501, 34.116132000247809 ], [ 74.810146000085766, 34.114123000025323 ], [ 74.809961999962752, 34.120584999673348 ], [ 74.806812999751727, 34.120533999689954 ], [ 74.806396000000191, 34.123466999816841 ], [ 74.806396000000191, 34.124936999967225 ], [ 74.808899999955784, 34.124083000235871 ], [ 74.811023999969734, 34.124485000245294 ], [ 74.812063000410518, 34.128164999958479 ], [ 74.812044999968847, 34.132446000325864 ], [ 74.809277000422625, 34.133636000238148 ], [ 74.808546999778358, 34.13319200022454 ], [ 74.808574000440856, 34.145929999951939 ], [ 74.821902999607346, 34.143863000193548 ], [ 74.831067000383243, 34.112789999811731 ] ] ] } },
{ "type": "Feature", "properties": { "pincode": "190024", "officename": "Zakoora", "officetype": "S.O", "circle": "Jammu And Kashmir", "region": "Div Reporting", "division": "Srinagar", "state": "Jammu And Kashmir", "district": "Srinagar" }, "geometry": { "type": "Polygon", "coordinates": [ [ [ 74.837135999578138, 34.175614999809106 ], [ 74.836529999680749, 34.158089999750615 ], [ 74.819718000392328, 34.155929999810098 ], [ 74.812306999909666, 34.160042999837451 ], [ 74.811952999907334, 34.163664999756612 ], [ 74.813455999955281, 34.164801000035155 ], [ 74.81985200028663, 34.164374999863803 ], [ 74.826034000357737, 34.166682999890007 ], [ 74.828907000384248, 34.175942999646544 ], [ 74.837135999578138, 34.175614999809106 ] ] ] } },
{ "type": "Feature", "properties": { "pincode": "190025", "officename": "Skuast S.O", "officetype": "S.O", "circle": "Jammu And Kashmir", "region": "Div Reporting", "division": "Srinagar", "state": "Jammu And Kashmir", "district": "Srinagar" }, "geometry": { "type": "Polygon", "coordinates": [ [ [ 74.866352000090018, 34.142608000202664 ], [ 74.869167000390206, 34.144983999840008 ], [ 74.869078999628343, 34.152881999969168 ], [ 74.872083999899345, 34.154005000063712 ], [ 74.880323999862171, 34.155425999753817 ], [ 74.882972999582691, 34.154141999717233 ], [ 74.887598000077489, 34.149282000127577 ], [ 74.883113000223105, 34.136326999832598 ], [ 74.87689299961886, 34.135013000151389 ], [ 74.872011000104379, 34.143185000215055 ], [ 74.866352000090018, 34.142608000202664 ] ] ] } },
{ "type": "Feature", "properties": { "pincode": "190099", "officename": "Nodal Delivery Center Srinagar", "officetype": "S.O", "circle": "Jammu And Kashmir", "region": "Div Reporting", "division": "Srinagar", "state": "Jammu And Kashmir", "district": "Srinagar" }, "geometry": { "type": "Polygon", "coordinates": [ [ [ 74.784815000276978, 34.111493999907239 ], [ 74.783806999798358, 34.110986999986878 ], [ 74.781938000052492, 34.126721000246434 ], [ 74.789948999686473, 34.126318999714428 ], [ 74.784815000276978, 34.111493999907239 ] ] ] } },
{ "type": "Feature", "properties": { "pincode": "191101", "officename": "Pantha Chowk S.O", "officetype": "S.O", "circle": "Jammu And Kashmir", "region": "Div Reporting", "division": "Srinagar", "state": "Jammu And Kashmir", "district": "Srinagar" }, "geometry": { "type": "Polygon", "coordinates": [ [ [ 74.999410000036391, 34.080537000238557 ], [ 74.976753999887379, 34.057246000246273 ], [ 74.961947999713857, 34.053778999833305 ], [ 74.951176000206374, 34.029222999680684 ], [ 74.938134000196726, 34.026823000051195 ], [ 74.924139999784941, 34.03447000003063 ], [ 74.909299000349634, 34.033862999885649 ], [ 74.906355000178038, 34.031512000151622 ], [ 74.900968999975106, 34.029801999793662 ], [ 74.86188300012914, 34.011969000340649 ], [ 74.851034999555353, 34.047328999806439 ], [ 74.844358999739811, 34.051352000065179 ], [ 74.842659000048386, 34.053464000125594 ], [ 74.84018600005497, 34.052583999796106 ], [ 74.837106000339219, 34.053112000048017 ], [ 74.843145000295195, 34.059987999911087 ], [ 74.846592000432068, 34.061708000178008 ], [ 74.848155999681069, 34.061633000104607 ], [ 74.848706000400284, 34.059885999808699 ], [ 74.845079000338359, 34.055788000366533 ], [ 74.84621599979009, 34.054054999749241 ], [ 74.847964999885335, 34.053583999868728 ], [ 74.854016000435209, 34.056018999639662 ], [ 74.856826999639125, 34.056091000163974 ], [ 74.859681000297357, 34.05420600013192 ], [ 74.861334999958061, 34.05468500030041 ], [ 74.863392999849779, 34.050898999978237 ], [ 74.879250999984563, 34.048499000290818 ], [ 74.885258999978362, 34.042952000050256 ], [ 74.889785999665577, 34.043592000143157 ], [ 74.890666000097667, 34.04855300008375 ], [ 74.897875999840593, 34.049015000214197 ], [ 74.901394999947456, 34.044712000221196 ], [ 74.925469999580542, 34.057601999776516 ], [ 74.944654000376644, 34.079429000192569 ], [ 74.968642999795975, 34.075056999676136 ], [ 74.976847999598718, 34.082372000123137 ], [ 74.978123000041023, 34.097551000061955 ], [ 74.999410000036391, 34.080537000238557 ] ] ] } },
{ "type": "Feature", "properties": { "pincode": "191102", "officename": "Wuyan S.O", "officetype": "S.O", "circle": "Jammu And Kashmir", "region": "Div Reporting", "division": "Srinagar", "state": "Jammu And Kashmir", "district": "Srinagar" }, "geometry": { "type": "Polygon", "coordinates": [ [ [ 74.976847999598718, 34.008698999873943 ], [ 74.97576700022347, 34.00834500002869 ], [ 74.955897000062308, 34.012863000272667 ], [ 74.954567000266735, 34.017843000015979 ], [ 74.938134000196726, 34.026823000051195 ], [ 74.951176000206374, 34.029222999680684 ], [ 74.96246300027299, 34.054295000369507 ], [ 74.983828000086163, 34.019414999973435 ], [ 74.976847999598718, 34.008698999873943 ] ] ] } },
{ "type": "Feature", "properties": { "pincode": "191103", "officename": "Khrew S.O", "officetype": "S.O", "circle": "Jammu And Kashmir", "region": "Div Reporting", "division": "Srinagar", "state": "Jammu And Kashmir", "district": "Srinagar" }, "geometry": { "type": "Polygon", "coordinates": [ [ [ 75.052414000126163, 34.040568999669475 ], [ 75.046576999836532, 33.93794800013319 ], [ 74.982796000216396, 33.983439999858504 ], [ 74.976532999954443, 33.985501999683038 ], [ 74.976368000097978, 33.99663999963466 ], [ 74.989928999966423, 34.00688600018087 ], [ 74.97576700022347, 34.00834500002869 ], [ 74.976847999598718, 34.008698999873943 ], [ 74.983828000086163, 34.019414999973435 ], [ 74.96246300027299, 34.054295000369507 ], [ 74.976753999887379, 34.057246000246273 ], [ 75.037821000387979, 34.084427000357906 ], [ 75.052414000126163, 34.040568999669475 ] ] ] } },
{ "type": "Feature", "properties": { "pincode": "191111", "officename": "Budgam S.O", "officetype": "S.O", "circle": "Jammu And Kashmir", "region": "Div Reporting", "division": "Srinagar", "state": "Jammu And Kashmir", "district": "Srinagar" }, "geometry": { "type": "Polygon", "coordinates": [ [ [ 74.666350999893695, 34.1004659999384 ], [ 74.721094000032991, 34.081567999714196 ], [ 74.724947999875624, 34.082635999747545 ], [ 74.726101000119186, 34.068949999863491 ], [ 74.716640999965634, 34.066202999962009 ], [ 74.714317999760013, 34.064016000101191 ], [ 74.722732999625038, 34.057008000303334 ], [ 74.724478000420632, 34.054028999666066 ], [ 74.724614999789679, 34.051527999846925 ], [ 74.728661000151277, 34.051378999801685 ], [ 74.732865999623158, 34.043308000055987 ], [ 74.745269000123443, 34.047788000306312 ], [ 74.767469999987782, 34.057916999736285 ], [ 74.769516000183955, 34.05600200032351 ], [ 74.753868000111481, 34.029123000213851 ], [ 74.755182000013548, 34.028567000105809 ], [ 74.75341200000193, 34.028325999781451 ], [ 74.751298000033671, 34.029650999878861 ], [ 74.752564000255177, 34.018109000292121 ], [ 74.759721000294661, 34.015992999984626 ], [ 74.756126000019762, 34.010853000114565 ], [ 74.752563000430271, 34.007516999676682 ], [ 74.745765000416, 34.004849999766726 ], [ 74.74661499981255, 34.003416000018809 ], [ 74.746130000288971, 34.002032999772425 ], [ 74.750225999980955, 33.995692999818225 ], [ 74.765217000102382, 33.988321000273899 ], [ 74.770375999626282, 33.980571000100745 ], [ 74.777172999815619, 33.966428000061946 ], [ 74.738634000315798, 33.949915999722919 ], [ 74.744763999610058, 33.943875000177528 ], [ 74.740211999808523, 33.932143000061615 ], [ 74.73802699969518, 33.928769000019237 ], [ 74.717635000200559, 33.925798000166054 ], [ 74.723977000105208, 33.905071999916473 ], [ 74.735053000284651, 33.891898999947529 ], [ 74.674241000052177, 33.862069000111319 ], [ 74.674544000000878, 33.844327999851885 ], [ 74.657308000389961, 33.83560699966322 ], [ 74.6696890002506, 33.81397699967679 ], [ 74.698032000003096, 33.784979999974439 ], [ 74.677396000110988, 33.740770000333683 ], [ 74.622288999923654, 33.750263000312877 ], [ 74.572521999908446, 33.781748000373241 ], [ 74.477478999580242, 33.829557000326439 ], [ 74.500420000134625, 33.835303999704095 ], [ 74.529066999660714, 33.843874000266176 ], [ 74.522208000445403, 33.853552000093465 ], [ 74.578800000239013, 33.866991999980755 ], [ 74.613913000416687, 33.898132999803458 ], [ 74.613959000447423, 33.901029999796094 ], [ 74.620544000026356, 33.903460000258725 ], [ 74.626628000188177, 33.912225000301824 ], [ 74.623198999594649, 33.914189000031705 ], [ 74.618465000218251, 33.912955000183729 ], [ 74.615096999724102, 33.915498000157463 ], [ 74.6116830000975, 33.916341999883443 ], [ 74.612592999768509, 33.919476999743779 ], [ 74.606448000405649, 33.923179000012126 ], [ 74.603797999961898, 33.932268999753418 ], [ 74.596009000085772, 33.933710999928152 ], [ 74.594023999988977, 33.942656999893885 ], [ 74.606009000014495, 33.943092999653409 ], [ 74.610889999704042, 33.948139000343588 ], [ 74.611974000350614, 33.952545000194938 ], [ 74.61426999989375, 33.954893999763819 ], [ 74.626931999961784, 33.942112000035202 ], [ 74.630815999941646, 33.947475000083408 ], [ 74.644197999709931, 33.948506999702197 ], [ 74.671116999955501, 33.954378000007019 ], [ 74.625685000006868, 33.965340999853169 ], [ 74.623636000335978, 33.966862999648193 ], [ 74.623350999930622, 33.971913999905084 ], [ 74.624200000400577, 33.974883999667874 ], [ 74.622864999683813, 33.980771999722201 ], [ 74.62704800031274, 33.984078999933367 ], [ 74.636445999643726, 33.987334999857651 ], [ 74.639327999891066, 33.990320999655644 ], [ 74.643777999585367, 33.990885000069831 ], [ 74.63968400044152, 33.991246000199119 ], [ 74.636597000154794, 33.989906000226071 ], [ 74.636763999661028, 33.991202000308718 ], [ 74.632211999859464, 33.993956999717412 ], [ 74.635427000192749, 33.997120000339166 ], [ 74.63615699993872, 34.001887999822408 ], [ 74.636004999602775, 34.011064000108121 ], [ 74.651220000030179, 34.020212999903293 ], [ 74.662261999874431, 34.02872400026709 ], [ 74.642498999843397, 34.033700000101639 ], [ 74.627208999971231, 34.05633900009601 ], [ 74.632809000434364, 34.062064000315665 ], [ 74.641391999630571, 34.065228000153354 ], [ 74.634305999736213, 34.078099000345823 ], [ 74.666350999893695, 34.1004659999384 ] ] ] } },
{ "type": "Feature", "properties": { "pincode": "191112", "officename": "Chrar Sharif S.O", "officetype": "S.O", "circle": "Jammu And Kashmir", "region": "Div Reporting", "division": "Srinagar", "state": "Jammu And Kashmir", "district": "Srinagar" }, "geometry": { "type": "Polygon", "coordinates": [ [ [ 74.774259999606144, 33.809790999921198 ], [ 74.808247000202698, 33.764949000006233 ], [ 74.798839999752559, 33.772517000109254 ], [ 74.779419000028327, 33.764393999852061 ], [ 74.773872000166932, 33.760258000128893 ], [ 74.768485999964014, 33.769801000064305 ], [ 74.750031999812222, 33.767588999906891 ], [ 74.740934000056882, 33.750391999947901 ], [ 74.746771000346499, 33.718878000301849 ], [ 74.727974000063, 33.700064999720894 ], [ 74.648322999714239, 33.690495999854313 ], [ 74.677396000110988, 33.740770000333683 ], [ 74.698032000003096, 33.784979999974439 ], [ 74.6696890002506, 33.81397699967679 ], [ 74.70786399970234, 33.849419000068366 ], [ 74.721700999755299, 33.859397999767623 ], [ 74.742335999822501, 33.864437999659373 ], [ 74.768798000133557, 33.878144000239743 ], [ 74.766248999972163, 33.889933999733415 ], [ 74.788037000282927, 33.901268999749426 ], [ 74.80351299992796, 33.905348999735907 ], [ 74.801814000061427, 33.892151000349749 ], [ 74.791618000314102, 33.884997000342857 ], [ 74.816380000035423, 33.878244999912432 ], [ 74.815165999692482, 33.874617000349865 ], [ 74.799144000424505, 33.861917999974878 ], [ 74.806365999862948, 33.841505000343986 ], [ 74.774259999606144, 33.809790999921198 ] ] ] } },
{ "type": "Feature", "properties": { "pincode": "191113", "officename": "Chadoora S.O", "officetype": "S.O", "circle": "Jammu And Kashmir", "region": "Div Reporting", "division": "Srinagar", "state": "Jammu And Kashmir", "district": "Srinagar" }, "geometry": { "type": "Polygon", "coordinates": [ [ [ 74.858090000385872, 33.99822099999556 ], [ 74.853356000111148, 33.981175000177458 ], [ 74.858712000176794, 33.977275000210859 ], [ 74.874263999989807, 33.983413999738623 ], [ 74.883004000443165, 33.98282299970969 ], [ 74.894064999655669, 33.979777999993317 ], [ 74.900438000420792, 33.96762300031704 ], [ 74.900497999796926, 33.964363999819653 ], [ 74.884535999905111, 33.966326999829519 ], [ 74.879984999928453, 33.961747000327094 ], [ 74.90035200020705, 33.955153999888154 ], [ 74.898039999872097, 33.954070000104934 ], [ 74.884354000330205, 33.940198999856591 ], [ 74.858499999566391, 33.927107000088533 ], [ 74.855707999730726, 33.909580000100512 ], [ 74.816380000035423, 33.878244999912432 ], [ 74.791618000314102, 33.884997000342857 ], [ 74.801814000061427, 33.892151000349749 ], [ 74.80351299992796, 33.905348999735907 ], [ 74.788037000282927, 33.901268999749426 ], [ 74.766248999972163, 33.889933999733415 ], [ 74.768798000133557, 33.878144000239743 ], [ 74.742335999822501, 33.864437999659373 ], [ 74.721700999755299, 33.859397999767623 ], [ 74.70786399970234, 33.849419000068366 ], [ 74.6696890002506, 33.81397699967679 ], [ 74.657308000389961, 33.83560699966322 ], [ 74.674544000000878, 33.844327999851885 ], [ 74.674241000052177, 33.862069000111319 ], [ 74.735053000284651, 33.891898999947529 ], [ 74.723977000105208, 33.905071999916473 ], [ 74.717635000200559, 33.925798000166054 ], [ 74.73802699969518, 33.928769000019237 ], [ 74.740211999808523, 33.932143000061615 ], [ 74.744763999610058, 33.943875000177528 ], [ 74.738634000315798, 33.949915999722919 ], [ 74.777172999815619, 33.966428000061946 ], [ 74.770375999626282, 33.980571000100745 ], [ 74.782454000436545, 33.979647999672927 ], [ 74.792770999659368, 33.973297999941103 ], [ 74.804682000065071, 33.988546999919578 ], [ 74.819427000139186, 33.98795799973341 ], [ 74.839381999790831, 34.000019999656814 ], [ 74.843418000106681, 34.001102000223533 ], [ 74.843235999633478, 34.00169299973053 ], [ 74.858090000385872, 33.99822099999556 ] ] ] } },
{ "type": "Feature", "properties": { "pincode": "191121", "officename": "Brein", "officetype": "S.O", "circle": "Jammu And Kashmir", "region": "Div Reporting", "division": "Srinagar", "state": "Jammu And Kashmir", "district": "Srinagar" }, "geometry": { "type": "Polygon", "coordinates": [ [ [ 75.030860999992001, 34.194764999725109 ], [ 75.062369999673962, 34.146191999881118 ], [ 75.022887999992875, 34.129284000100412 ], [ 75.037821000387979, 34.084427000357906 ], [ 74.976847999598718, 34.05778800019911 ], [ 74.999410000036391, 34.080537000238557 ], [ 74.978123000041023, 34.097551000061955 ], [ 74.976847999598718, 34.082372000123137 ], [ 74.968642999795975, 34.075056999676136 ], [ 74.944654000376644, 34.079429000192569 ], [ 74.925469999580542, 34.057601999776516 ], [ 74.901394999947456, 34.044712000221196 ], [ 74.897875999840593, 34.049015000214197 ], [ 74.890666000097667, 34.04855300008375 ], [ 74.889785999665577, 34.043592000143157 ], [ 74.885258999978362, 34.042952000050256 ], [ 74.879250999984563, 34.048499000290818 ], [ 74.863392999849779, 34.050898999978237 ], [ 74.861155000033008, 34.055015999919945 ], [ 74.846148999842953, 34.066473999636628 ], [ 74.847363000185894, 34.067303000053712 ], [ 74.847651000066008, 34.066348000162058 ], [ 74.849457000062628, 34.067340999888295 ], [ 74.85006399978495, 34.066763000210123 ], [ 74.852658000152203, 34.067893999919299 ], [ 74.850175000113026, 34.074434999907481 ], [ 74.869075000328692, 34.081278999797242 ], [ 74.861998999581772, 34.089291999977149 ], [ 74.862492000399598, 34.091496000087282 ], [ 74.872469999688704, 34.093770000203087 ], [ 74.871890999555475, 34.097554999908802 ], [ 74.876008999887091, 34.099008000025911 ], [ 74.876646999571534, 34.104336000149011 ], [ 74.874977999842244, 34.107425999881457 ], [ 74.880106000302291, 34.119309999785123 ], [ 74.876008999887091, 34.128579000238148 ], [ 74.873459999725682, 34.131241999809824 ], [ 74.866268000424427, 34.134357000169423 ], [ 74.863058999938929, 34.140297000112291 ], [ 74.866352000090018, 34.142608000202664 ], [ 74.872011000104379, 34.143185000215055 ], [ 74.87689299961886, 34.135013000151389 ], [ 74.883113000223105, 34.136326999832598 ], [ 74.887598000077489, 34.149282000127577 ], [ 74.883220000353219, 34.153908000261474 ], [ 74.896895999849377, 34.152372000337884 ], [ 74.887571000313315, 34.179129999877226 ], [ 74.869788000356223, 34.186862000094422 ], [ 74.885132999581685, 34.207826999638733 ], [ 74.895248999861366, 34.229966999791742 ], [ 75.030860999992001, 34.194764999725109 ] ] ] } },
{ "type": "Feature", "properties": { "pincode": "191131", "officename": "Tulmulla S.O", "officetype": "S.O", "circle": "Jammu And Kashmir", "region": "Div Reporting", "division": "Srinagar", "state": "Jammu And Kashmir", "district": "Srinagar" }, "geometry": { "type": "Polygon", "coordinates": [ [ [ 74.750104999607146, 34.337741999838357 ], [ 74.76976899990396, 34.33653899981217 ], [ 74.795258999721398, 34.337841999829578 ], [ 74.805091000318981, 34.337039999718392 ], [ 74.825605000012345, 34.337140999708652 ], [ 74.800843000291025, 34.331600000225201 ], [ 74.77903300023894, 34.329686999690246 ], [ 74.772600999922574, 34.309625000202111 ], [ 74.77147299979336, 34.280140999906536 ], [ 74.775172999650223, 34.257753000151538 ], [ 74.766597000126694, 34.232596000268636 ], [ 74.766510999912981, 34.226423000030266 ], [ 74.769344999581435, 34.22129500003215 ], [ 74.768357999917498, 34.217551000068532 ], [ 74.766339000383823, 34.214995999668169 ], [ 74.768743999706899, 34.213399000295198 ], [ 74.769891000102689, 34.211484000198581 ], [ 74.770671000077357, 34.207011000280666 ], [ 74.767321999849784, 34.201047999667225 ], [ 74.767820999617072, 34.198546000308383 ], [ 74.769173000052291, 34.196682000174668 ], [ 74.783743000224248, 34.207360999794773 ], [ 74.793835000214486, 34.190222000160304 ], [ 74.797841000393092, 34.175949999762864 ], [ 74.796926999625796, 34.175808000368619 ], [ 74.800500999984266, 34.157982999904142 ], [ 74.793104999570218, 34.138802000104171 ], [ 74.794379000187632, 34.136956000182366 ], [ 74.797701999577626, 34.13523599983003 ], [ 74.799037000294391, 34.133063000109864 ], [ 74.795927000441409, 34.128930999714555 ], [ 74.788705000104628, 34.130839999956308 ], [ 74.779715000304321, 34.129301999722458 ], [ 74.777499000228843, 34.133085000068419 ], [ 74.771251999860425, 34.139247999695037 ], [ 74.732460999567223, 34.1450379998155 ], [ 74.72518499970208, 34.135358999911148 ], [ 74.71328699971518, 34.133014999774872 ], [ 74.716754999768426, 34.142645999688156 ], [ 74.717072999785771, 34.145555000271045 ], [ 74.708125999643158, 34.152017999876307 ], [ 74.704402000395177, 34.156625000006969 ], [ 74.713897999635449, 34.159119000071271 ], [ 74.722480999729981, 34.164801000035155 ], [ 74.728317000194664, 34.17218700011226 ], [ 74.722309000200823, 34.176730999963596 ], [ 74.713726000106334, 34.188517999764009 ], [ 74.710120999785715, 34.196610999751897 ], [ 74.705657999672624, 34.202148000269268 ], [ 74.704285000219315, 34.208253000321932 ], [ 74.705486000143466, 34.217338000097989 ], [ 74.703941000262745, 34.224435000063956 ], [ 74.699135000017947, 34.231389999867204 ], [ 74.693127000024148, 34.23692499979331 ], [ 74.692268000406727, 34.240331000046069 ], [ 74.696732000344753, 34.241181999961753 ], [ 74.708405000200742, 34.239763000307498 ], [ 74.715443000414538, 34.246290999960557 ], [ 74.718189000219425, 34.25494600026321 ], [ 74.721793999641704, 34.262039999812146 ], [ 74.721966000069159, 34.264736000222882 ], [ 74.720248999760969, 34.272395999796707 ], [ 74.720421000188409, 34.278495999635467 ], [ 74.718703999880205, 34.285304000224343 ], [ 74.718703999880205, 34.28870799967909 ], [ 74.714069000237998, 34.29579900036223 ], [ 74.708232999773301, 34.300478999751334 ], [ 74.697074999578092, 34.312816000092766 ], [ 74.696388000388154, 34.317210999657462 ], [ 74.705315000439242, 34.317493999861298 ], [ 74.718360999748555, 34.320613999929826 ], [ 74.719734000100132, 34.334081000076608 ], [ 74.719047999836803, 34.341593000065593 ], [ 74.700337999591952, 34.35197300015539 ], [ 74.724492999590936, 34.347664000141954 ], [ 74.739908999859821, 34.345760000017385 ], [ 74.739261000129602, 34.343222999810003 ], [ 74.737929999610799, 34.341877000217998 ], [ 74.750104999607146, 34.337741999838357 ] ] ] } },
{ "type": "Feature", "properties": { "pincode": "191132", "officename": "Rangreth S.O", "officetype": "S.O", "circle": "Jammu And Kashmir", "region": "Div Reporting", "division": "Srinagar", "state": "Jammu And Kashmir", "district": "Srinagar" }, "geometry": { "type": "Polygon", "coordinates": [ [ [ 74.79925599967919, 34.010666000207848 ], [ 74.80803499959228, 33.996070000302858 ], [ 74.802420999783763, 33.985352000286277 ], [ 74.792770999659368, 33.973297999941103 ], [ 74.78111799989486, 33.98047000027838 ], [ 74.788999999657378, 33.994593999916162 ], [ 74.786277000317043, 33.995654999905774 ], [ 74.781854000386929, 34.00347899998804 ], [ 74.774687000301697, 34.005320999921445 ], [ 74.774580000171596, 34.007224000091497 ], [ 74.778228000149895, 34.006530000014529 ], [ 74.786003999607232, 34.015340000159007 ], [ 74.79925599967919, 34.010666000207848 ] ] ] } },
{ "type": "Feature", "properties": { "pincode": "191201", "officename": "Ganderbal", "officetype": "S.O", "circle": "Jammu And Kashmir", "region": "Div Reporting", "division": "Srinagar", "state": "Jammu And Kashmir", "district": "Srinagar" }, "geometry": { "type": "Polygon", "coordinates": [ [ [ 74.872452000145373, 34.28012399964598 ], [ 74.864612000215601, 34.237917999724807 ], [ 74.836533999878682, 34.240663999939841 ], [ 74.816265000407682, 34.22761800034651 ], [ 74.7941669995772, 34.217430999670079 ], [ 74.787552999685957, 34.21015299986653 ], [ 74.769173000052291, 34.196682000174668 ], [ 74.767820999617072, 34.198546000308383 ], [ 74.767321999849784, 34.201047999667225 ], [ 74.770671000077357, 34.207011000280666 ], [ 74.769891000102689, 34.211484000198581 ], [ 74.768743999706899, 34.213399000295198 ], [ 74.766339000383823, 34.214995999668169 ], [ 74.768357999917498, 34.217551000068532 ], [ 74.769344999581435, 34.22129500003215 ], [ 74.766510999912981, 34.226423000030266 ], [ 74.766597000126694, 34.232596000268636 ], [ 74.775172999650223, 34.257753000151538 ], [ 74.77147299979336, 34.280140999906536 ], [ 74.772600999922574, 34.309625000202111 ], [ 74.77903300023894, 34.329686999690246 ], [ 74.800843000291025, 34.331600000225201 ], [ 74.825605000012345, 34.337140999708652 ], [ 74.849081000318989, 34.340459999815558 ], [ 74.861525999753781, 34.345279000130276 ], [ 74.865388999817227, 34.35874199982193 ], [ 74.905418999669408, 34.32503899993312 ], [ 74.927504000081115, 34.304559000120676 ], [ 74.915177999573729, 34.290872000020499 ], [ 74.872452000145373, 34.28012399964598 ] ] ] } },
{ "type": "Feature", "properties": { "pincode": "191202", "officename": "Kangan S.O", "officetype": "S.O", "circle": "Jammu And Kashmir", "region": "Div Reporting", "division": "Srinagar", "state": "Jammu And Kashmir", "district": "Srinagar" }, "geometry": { "type": "Polygon", "coordinates": [ [ [ 75.319268000160747, 34.361292000010167 ], [ 75.370734000042489, 34.336037999880567 ], [ 75.375915000205978, 34.34199400007936 ], [ 75.383976000068657, 34.336719999827437 ], [ 75.384670999654531, 34.328237000001458 ], [ 75.389701000205292, 34.321903999867374 ], [ 75.396049999782676, 34.316718999894697 ], [ 75.395392000006709, 34.314759000081629 ], [ 75.391383000353386, 34.312303000056254 ], [ 75.389334999609076, 34.309517000333486 ], [ 75.389307000019983, 34.304884000177772 ], [ 75.391955999740503, 34.301213999817733 ], [ 75.392841000195475, 34.297075999648442 ], [ 75.397386000324346, 34.292806999629583 ], [ 75.404577999625573, 34.283871999963687 ], [ 75.405653000051373, 34.283929999998456 ], [ 75.40608300022167, 34.284831000184241 ], [ 75.410888999568144, 34.284689999980422 ], [ 75.414917000386367, 34.282727999696782 ], [ 75.419223000140605, 34.281888000138714 ], [ 75.420107999697279, 34.283119000127776 ], [ 75.422628000444675, 34.283901999781918 ], [ 75.426124000087057, 34.282187999725203 ], [ 75.430870999882259, 34.283569000308589 ], [ 75.433666999915857, 34.282342000230173 ], [ 75.437365000122909, 34.28247999973928 ], [ 75.43767899994225, 34.2807620002988 ], [ 75.43949199961159, 34.279490000224435 ], [ 75.444237999581929, 34.280325999899539 ], [ 75.448889000015981, 34.284074000116476 ], [ 75.45361599971973, 34.285919000207464 ], [ 75.454302999808007, 34.283958000205672 ], [ 75.459175000175009, 34.279414999690857 ], [ 75.470110999714024, 34.279388999896049 ], [ 75.474855000034509, 34.277591000345716 ], [ 75.482166999884683, 34.271648999991648 ], [ 75.482951000057326, 34.269037999910452 ], [ 75.481047000151378, 34.262395999632581 ], [ 75.483789999583237, 34.258701999632905 ], [ 75.482385000342859, 34.25505700015664 ], [ 75.487192000412563, 34.249499999903044 ], [ 75.4885830003075, 34.246622999799094 ], [ 75.495896999807499, 34.240971999775098 ], [ 75.496956000339722, 34.237639999839281 ], [ 75.495358999682168, 34.232399999975954 ], [ 75.502895999663195, 34.234346999649233 ], [ 75.509882999823361, 34.228777999861919 ], [ 75.514591000158831, 34.22671300032259 ], [ 75.523129999872396, 34.228997000336292 ], [ 75.527088000370426, 34.2266880003111 ], [ 75.52973100024316, 34.226833999857327 ], [ 75.534271000349165, 34.223655000219495 ], [ 75.538238000169684, 34.223081000003909 ], [ 75.543153000194422, 34.219692999893404 ], [ 75.544071000261354, 34.217490999890693 ], [ 75.481071000440821, 34.209264999893016 ], [ 75.386866999638514, 34.201865000313873 ], [ 75.030860999992001, 34.194764999725109 ], [ 74.864612000215601, 34.237917999724807 ], [ 74.872452000145373, 34.28012399964598 ], [ 74.915177999573729, 34.290872000020499 ], [ 74.927504000081115, 34.304559000120676 ], [ 74.905418999669408, 34.32503899993312 ], [ 74.865388999817227, 34.35874199982193 ], [ 74.927359000316159, 34.411229000306143 ], [ 74.928388999637804, 34.416893999796592 ], [ 74.916201000120978, 34.432752999681348 ], [ 74.914740999730725, 34.461560000352655 ], [ 74.890009999971582, 34.474580999751502 ], [ 74.864592000124119, 34.492409000368788 ], [ 74.866352999914923, 34.514296000277881 ], [ 74.973797000195262, 34.528069000018277 ], [ 75.036273999959093, 34.494134000190996 ], [ 75.105634000125988, 34.461434000320374 ], [ 75.151450000214169, 34.424186999912081 ], [ 75.165869999699964, 34.392036999769374 ], [ 75.222873000295664, 34.386512999773117 ], [ 75.319268000160747, 34.361292000010167 ] ] ] } },
{ "type": "Feature", "properties": { "pincode": "192101", "officename": "Anantnag H.O", "officetype": "H.O", "circle": "Jammu And Kashmir", "region": "Div Reporting", "division": "Srinagar", "state": "Jammu And Kashmir", "district": "Srinagar" }, "geometry": { "type": "Polygon", "coordinates": [ [ [ 75.192896999900569, 33.73831300004759 ], [ 75.152406999740847, 33.704706000309635 ], [ 75.129360999604486, 33.724839000175663 ], [ 75.124426000386606, 33.742613000171588 ], [ 75.130979000178499, 33.76150599967621 ], [ 75.147171000224077, 33.764093000023934 ], [ 75.192896999900569, 33.73831300004759 ] ] ] } },
{ "type": "Feature", "properties": { "pincode": "192121", "officename": "Pampore S.O", "officetype": "S.O", "circle": "Jammu And Kashmir", "region": "Div Reporting", "division": "Srinagar", "state": "Jammu And Kashmir", "district": "Srinagar" }, "geometry": { "type": "Polygon", "coordinates": [ [ [ 74.989928999966423, 34.00688600018087 ], [ 74.976368000097978, 33.99663999963466 ], [ 74.976532999954443, 33.985501999683038 ], [ 74.940524000349484, 33.997352999672316 ], [ 74.947691000434673, 33.970717000036956 ], [ 74.947381999739861, 33.968769000078971 ], [ 74.94428899960532, 33.975414000087419 ], [ 74.92750699955586, 33.989672999835662 ], [ 74.919715000204988, 33.987628999849186 ], [ 74.914154000099899, 33.987163999683567 ], [ 74.909707999705248, 33.985074999989365 ], [ 74.906021000267174, 33.980219000074676 ], [ 74.906370000246625, 33.974053000262771 ], [ 74.91401699983254, 33.971058999909367 ], [ 74.920709000439913, 33.966076000340507 ], [ 74.921072999589654, 33.964867999666637 ], [ 74.90035200020705, 33.955153999888154 ], [ 74.879984999928453, 33.961747000327094 ], [ 74.884535999905111, 33.966326999829519 ], [ 74.900497999796926, 33.964363999819653 ], [ 74.900438000420792, 33.96762300031704 ], [ 74.894064999655669, 33.979777999993317 ], [ 74.883004000443165, 33.98282299970969 ], [ 74.874263999989807, 33.983413999738623 ], [ 74.858712000176794, 33.977275000210859 ], [ 74.853356000111148, 33.981175000177458 ], [ 74.858090000385872, 33.99822099999556 ], [ 74.843235999633478, 34.00169299973053 ], [ 74.861246000269588, 34.009479000231558 ], [ 74.86188300012914, 34.011969000340649 ], [ 74.900968999975106, 34.029801999793662 ], [ 74.906355000178038, 34.031512000151622 ], [ 74.909299000349634, 34.033862999885649 ], [ 74.924139999784941, 34.03447000003063 ], [ 74.954567000266735, 34.017843000015979 ], [ 74.955897000062308, 34.012863000272667 ], [ 74.97576700022347, 34.00834500002869 ], [ 74.989928999966423, 34.00688600018087 ] ] ] } },
{ "type": "Feature", "properties": { "pincode": "192122", "officename": "Awantipora S.O", "officetype": "S.O", "circle": "Jammu And Kashmir", "region": "Div Reporting", "division": "Srinagar", "state": "Jammu And Kashmir", "district": "Srinagar" }, "geometry": { "type": "Polygon", "coordinates": [ [ [ 75.050010999554601, 33.920571999824766 ], [ 75.04833699980243, 33.876258999868824 ], [ 75.046458000010873, 33.864417999954696 ], [ 75.040817000438125, 33.873659999674935 ], [ 75.029163999775292, 33.876532000227471 ], [ 75.027950000330677, 33.881319000187908 ], [ 75.025340999894809, 33.88288099963772 ], [ 75.01344499955772, 33.88046200002519 ], [ 74.996269000221275, 33.894720000200657 ], [ 74.982525999879655, 33.916447999657336 ], [ 74.981097000349862, 33.91698399977242 ], [ 74.970110999683811, 33.940802999718379 ], [ 74.951601000353818, 33.94860700018446 ], [ 74.947381999739861, 33.968769000078971 ], [ 74.947691000434673, 33.970717000036956 ], [ 74.940524000349484, 33.997352999672316 ], [ 74.982796000216396, 33.983439999858504 ], [ 75.046576999836532, 33.93794800013319 ], [ 75.050010999554601, 33.920571999824766 ] ] ] } },
{ "type": "Feature", "properties": { "pincode": "192123", "officename": "Tral S.O", "officetype": "S.O", "circle": "Jammu And Kashmir", "region": "Div Reporting", "division": "Srinagar", "state": "Jammu And Kashmir", "district": "Srinagar" }, "geometry": { "type": "Polygon", "coordinates": [ [ [ 75.175390000128019, 33.883863999785206 ], [ 75.143791000034369, 33.846522000236291 ], [ 75.045289999698653, 33.857052000197044 ], [ 75.04833699980243, 33.876258999868824 ], [ 75.049881999683166, 33.898382999909103 ], [ 75.050010999554601, 33.920571999824766 ], [ 75.046576999836532, 33.93794800013319 ], [ 75.052414000126163, 34.040568999669475 ], [ 75.022887999992875, 34.129284000100412 ], [ 75.062369999673962, 34.146191999881118 ], [ 75.156441000406844, 34.062330000362174 ], [ 75.220642000151557, 33.970413000320136 ], [ 75.175390000128019, 33.883863999785206 ] ] ] } },
{ "type": "Feature", "properties": { "pincode": "192124", "officename": "Bijbehara S.O", "officetype": "S.O", "circle": "Jammu And Kashmir", "region": "Div Reporting", "division": "Srinagar", "state": "Jammu And Kashmir", "district": "Srinagar" }, "geometry": { "type": "Polygon", "coordinates": [ [ [ 75.004918000438025, 33.887540999835686 ], [ 75.01344499955772, 33.88046200002519 ], [ 75.025340999894809, 33.88288099963772 ], [ 75.027950000330677, 33.881319000187908 ], [ 75.029163999775292, 33.876532000227471 ], [ 75.040817000438125, 33.873659999674935 ], [ 75.046458000010873, 33.864417999954696 ], [ 75.045289999698653, 33.857052000197044 ], [ 75.143791000034369, 33.846522000236291 ], [ 75.152373000303967, 33.819406000166019 ], [ 75.168414999663426, 33.811002999685158 ], [ 75.174168000287452, 33.796331000230332 ], [ 75.180345000335677, 33.788028999720488 ], [ 75.172963000165325, 33.78093100012137 ], [ 75.158071999603024, 33.77479499984571 ], [ 75.151384000091923, 33.761717999668022 ], [ 75.147171000224077, 33.764093000023934 ], [ 75.130979000178499, 33.76150599967621 ], [ 75.124426000386606, 33.742613000171588 ], [ 75.129360999604486, 33.724839000175663 ], [ 75.131004000292847, 33.714934000249904 ], [ 75.124085999729672, 33.708169000322592 ], [ 75.107456000016185, 33.702716999798447 ], [ 75.100902000399373, 33.708269999706943 ], [ 75.10567199976083, 33.722162000206254 ], [ 75.092839999813449, 33.720056000013429 ], [ 75.085459000366328, 33.714488000119168 ], [ 75.078077000195947, 33.715380000305629 ], [ 75.060224999743596, 33.722020000027463 ], [ 75.048207999931009, 33.728266000073639 ], [ 75.061383000010053, 33.752354000055142 ], [ 75.053101000214426, 33.756030000176281 ], [ 75.051556000333676, 33.770407999835186 ], [ 75.043015000071946, 33.77857699997066 ], [ 74.964179999682869, 33.748608000292194 ], [ 74.960746999789691, 33.759454999827085 ], [ 74.962529000395207, 33.781344000153503 ], [ 74.973719000377457, 33.790679000155372 ], [ 74.994792000112568, 33.793792999814279 ], [ 75.010804000233122, 33.799315000333806 ], [ 75.008811999565324, 33.816572999795845 ], [ 75.016536999867355, 33.80315000001562 ], [ 75.026585000374993, 33.797615000150955 ], [ 75.034647000062606, 33.789704999724208 ], [ 75.043401999686239, 33.791773999890196 ], [ 75.047135000053373, 33.805075999712997 ], [ 75.045032999780716, 33.819552999810909 ], [ 75.030537999951832, 33.821192999636665 ], [ 75.029346000248495, 33.825144999816033 ], [ 75.043380999769823, 33.829721000223543 ], [ 75.041166000417576, 33.836084999744507 ], [ 75.022442999753949, 33.840686000144309 ], [ 75.015539000332794, 33.845512000346012 ], [ 75.00076099974838, 33.858087999774909 ], [ 74.999183000255641, 33.867915000039261 ], [ 75.002975999998924, 33.87245000034094 ], [ 75.002550999851508, 33.883586000215324 ], [ 75.004918000438025, 33.887540999835686 ] ] ] } },
{ "type": "Feature", "properties": { "pincode": "192125", "officename": "Martand S.O", "officetype": "S.O", "circle": "Jammu And Kashmir", "region": "Div Reporting", "division": "Srinagar", "state": "Jammu And Kashmir", "district": "Srinagar" }, "geometry": { "type": "Polygon", "coordinates": [ [ [ 75.219894999788863, 33.798902999943223 ], [ 75.23995999994365, 33.781822000347432 ], [ 75.265732999618322, 33.764682999885657 ], [ 75.264082000330703, 33.747492999866772 ], [ 75.237831999731725, 33.733531000341799 ], [ 75.226426999664326, 33.71556899976607 ], [ 75.212252000400881, 33.716020999670562 ], [ 75.188530999871858, 33.73469000005452 ], [ 75.192896999900569, 33.73831300004759 ], [ 75.151384000091923, 33.761717999668022 ], [ 75.158071999603024, 33.77479499984571 ], [ 75.172963000165325, 33.78093100012137 ], [ 75.180345000335677, 33.788028999720488 ], [ 75.174168000287452, 33.796331000230332 ], [ 75.208354000177323, 33.787356999984588 ], [ 75.219894999788863, 33.798902999943223 ] ] ] } },
{ "type": "Feature", "properties": { "pincode": "192126", "officename": "Pahalgam S.O", "officetype": "S.O", "circle": "Jammu And Kashmir", "region": "Div Reporting", "division": "Srinagar", "state": "Jammu And Kashmir", "district": "Srinagar" }, "geometry": { "type": "Polygon", "coordinates": [ [ [ 75.544071000261354, 34.217490999890693 ], [ 75.55572300020097, 34.209852999697262 ], [ 75.5809710001691, 34.212263999813523 ], [ 75.592137999686798, 34.19941599999634 ], [ 75.5809710001691, 34.156050999844879 ], [ 75.580000000398698, 34.093328000307039 ], [ 75.536701999611452, 34.055501000122099 ], [ 75.474361000290116, 34.025456000214866 ], [ 75.492300999707695, 34.02550100011014 ], [ 75.48817400005359, 34.020822999970513 ], [ 75.495396000390386, 34.025400999979631 ], [ 75.502166999742158, 34.025329000199775 ], [ 75.432815999796091, 33.972959000144861 ], [ 75.408782999995836, 33.962138999860279 ], [ 75.347140999559954, 33.908721000312212 ], [ 75.317781999831226, 33.959073000241794 ], [ 75.304450000291666, 33.965151999914582 ], [ 75.312901000141736, 34.003375000155536 ], [ 75.282773000308964, 34.002649000297978 ], [ 75.242615000410282, 33.988356999849024 ], [ 75.220642000151557, 33.970413000320136 ], [ 75.156441000406844, 34.062330000362174 ], [ 75.062369999673962, 34.146191999881118 ], [ 75.030860999992001, 34.194764999725109 ], [ 75.386866999638514, 34.201865000313873 ], [ 75.481071000440821, 34.209264999893016 ], [ 75.544071000261354, 34.217490999890693 ] ] ] } },
{ "type": "Feature", "properties": { "pincode": "192129", "officename": "S K Gund", "officetype": "S.O", "circle": "Jammu And Kashmir", "region": "Div Reporting", "division": "Srinagar", "state": "Jammu And Kashmir", "district": "Srinagar" }, "geometry": { "type": "Polygon", "coordinates": [ [ [ 75.454975999652532, 33.915213999719619 ], [ 75.461530000167642, 33.906753999722142 ], [ 75.49867299974963, 33.876833999997508 ], [ 75.523822999808445, 33.827359000317834 ], [ 75.501828999633332, 33.826718999784859 ], [ 75.472640999608842, 33.819633999629069 ], [ 75.443115000373879, 33.81736400017467 ], [ 75.423415999916969, 33.821286999946985 ], [ 75.371613999576255, 33.80466499967423 ], [ 75.310988000014916, 33.764832000082968 ], [ 75.265732999618322, 33.764682999885657 ], [ 75.23995999994365, 33.781822000347432 ], [ 75.219894999788863, 33.798902999943223 ], [ 75.223940000325513, 33.818918000163009 ], [ 75.232967999760646, 33.834646000258154 ], [ 75.233939000429345, 33.846033000071039 ], [ 75.23866500030816, 33.853112999815963 ], [ 75.242713000319554, 33.862371000328942 ], [ 75.256464999983692, 33.883771999818578 ], [ 75.262678999841867, 33.889010999927876 ], [ 75.270097999822141, 33.889768999863875 ], [ 75.277602000191223, 33.90249099999393 ], [ 75.284908000193596, 33.927077999755255 ], [ 75.304450000291666, 33.965151999914582 ], [ 75.317781999831226, 33.959073000241794 ], [ 75.347140999559954, 33.908721000312212 ], [ 75.408782999995836, 33.962138999860279 ], [ 75.432815999796091, 33.972959000144861 ], [ 75.462057861906686, 33.994968175853607 ], [ 75.461044999745738, 33.985301999683642 ], [ 75.441865999870828, 33.968995000302336 ], [ 75.44283699964123, 33.951073999728422 ], [ 75.448421000210828, 33.93012399973334 ], [ 75.454975999652532, 33.915213999719619 ] ] ] } },
{ "type": "Feature", "properties": { "pincode": "192201", "officename": "Achabal S.O", "officetype": "S.O", "circle": "Jammu And Kashmir", "region": "Div Reporting", "division": "Srinagar", "state": "Jammu And Kashmir", "district": "Srinagar" }, "geometry": { "type": "Polygon", "coordinates": [ [ [ 75.453518999635349, 33.735326999699787 ], [ 75.299362999839502, 33.655545000232834 ], [ 75.258408000247698, 33.656352000224501 ], [ 75.198417999822695, 33.67565800021989 ], [ 75.172736000384631, 33.721581000325195 ], [ 75.188530999871858, 33.73469000005452 ], [ 75.212252000400881, 33.716020999670562 ], [ 75.226426999664326, 33.71556899976607 ], [ 75.237831999731725, 33.733531000341799 ], [ 75.264082000330703, 33.747492999866772 ], [ 75.265732999618322, 33.764682999885657 ], [ 75.310988000014916, 33.764832000082968 ], [ 75.371613999576255, 33.80466499967423 ], [ 75.437449999613406, 33.784573999871945 ], [ 75.453518999635349, 33.735326999699787 ] ] ] } },
{ "type": "Feature", "properties": { "pincode": "192202", "officename": "Kokarnag S.O", "officetype": "S.O", "circle": "Jammu And Kashmir", "region": "Div Reporting", "division": "Srinagar", "state": "Jammu And Kashmir", "district": "Srinagar" }, "geometry": { "type": "Polygon", "coordinates": [ [ [ 75.523822999808445, 33.827359000317834 ], [ 75.558171999904928, 33.782895000254847 ], [ 75.563667999712706, 33.766928000344414 ], [ 75.577407999681284, 33.740688999853553 ], [ 75.564023000438254, 33.714913999965262 ], [ 75.53099099971854, 33.690699999843552 ], [ 75.51155999994856, 33.66001900027598 ], [ 75.490185999914573, 33.613167999939762 ], [ 75.462982999986878, 33.575992999884726 ], [ 75.461039999722871, 33.553355999802349 ], [ 75.468811999880586, 33.514423999935971 ], [ 75.449381000110577, 33.499862000251028 ], [ 75.443552000216883, 33.478823999735795 ], [ 75.382261000308617, 33.485074999807956 ], [ 75.349816999942945, 33.510699000112318 ], [ 75.338144000086956, 33.529089000095922 ], [ 75.289954999564472, 33.536239000287523 ], [ 75.286678000205256, 33.547114000035279 ], [ 75.281671000119047, 33.557760999811592 ], [ 75.266468000285499, 33.564210000263735 ], [ 75.248018000331612, 33.589290000023581 ], [ 75.23114500004553, 33.591715999721131 ], [ 75.226973000185581, 33.606187000303173 ], [ 75.232464999795383, 33.614122000052092 ], [ 75.227245999997066, 33.620212999975067 ], [ 75.228475000408636, 33.623509999965172 ], [ 75.248382000379678, 33.621084000093482 ], [ 75.258408000247698, 33.656352000224501 ], [ 75.299362999839502, 33.655545000232834 ], [ 75.453518999635349, 33.735326999699787 ], [ 75.437449999613406, 33.784573999871945 ], [ 75.371613999576255, 33.80466499967423 ], [ 75.423415999916969, 33.821286999946985 ], [ 75.443115000373879, 33.81736400017467 ], [ 75.472640999608842, 33.819633999629069 ], [ 75.501828999633332, 33.826718999784859 ], [ 75.523822999808445, 33.827359000317834 ] ] ] } },
{ "type": "Feature", "properties": { "pincode": "192210", "officename": "Dialgam", "officetype": "S.O", "circle": "Jammu And Kashmir", "region": "Div Reporting", "division": "Srinagar", "state": "Jammu And Kashmir", "district": "Srinagar" }, "geometry": { "type": "Polygon", "coordinates": [ [ [ 75.253023999694619, 33.637415000065587 ], [ 75.157813999860153, 33.634339999925999 ], [ 75.155874999794122, 33.651245999752433 ], [ 75.141106000328847, 33.668981000060406 ], [ 75.141637999708095, 33.682390999736974 ], [ 75.138573999885864, 33.693136000285783 ], [ 75.151661999926276, 33.697613000032717 ], [ 75.152406999740847, 33.704706000309635 ], [ 75.172736000384631, 33.721581000325195 ], [ 75.198417999822695, 33.67565800021989 ], [ 75.258408000247698, 33.656352000224501 ], [ 75.253023999694619, 33.637415000065587 ] ] ] } },
{ "type": "Feature", "properties": { "pincode": "192211", "officename": "Dooru S.O", "officetype": "S.O", "circle": "Jammu And Kashmir", "region": "Div Reporting", "division": "Srinagar", "state": "Jammu And Kashmir", "district": "Srinagar" }, "geometry": { "type": "Polygon", "coordinates": [ [ [ 75.266468000285499, 33.564210000263735 ], [ 75.189872668782982, 33.556897126128511 ], [ 75.181502999703838, 33.57229399984611 ], [ 75.226973000185581, 33.606187000303173 ], [ 75.23114500004553, 33.591715999721131 ], [ 75.248018000331612, 33.589290000023581 ], [ 75.266468000285499, 33.564210000263735 ] ] ] } },
{ "type": "Feature", "properties": { "pincode": "192212", "officename": "Verinag S.O", "officetype": "S.O", "circle": "Jammu And Kashmir", "region": "Div Reporting", "division": "Srinagar", "state": "Jammu And Kashmir", "district": "Srinagar" }, "geometry": { "type": "Polygon", "coordinates": [ [ [ 75.281671000119047, 33.557760999811592 ], [ 75.286678000205256, 33.547114000035279 ], [ 75.289954999564472, 33.536239000287523 ], [ 75.338144000086956, 33.529089000095922 ], [ 75.349816999942945, 33.510699000112318 ], [ 75.382261000308617, 33.485074999807956 ], [ 75.443552000216883, 33.478823999735795 ], [ 75.433836999795176, 33.459399999826317 ], [ 75.426063999812584, 33.427016999683381 ], [ 75.437723000323174, 33.3897619997243 ], [ 75.411435999914289, 33.391670000118651 ], [ 75.395406000250432, 33.385593999803589 ], [ 75.343489000281991, 33.377446999917147 ], [ 75.265803999763449, 33.366905000322738 ], [ 75.267540000338229, 33.38155599999466 ], [ 75.276041000416967, 33.386214000218487 ], [ 75.279441999624765, 33.393708000117947 ], [ 75.273621999951899, 33.40627699996184 ], [ 75.279208000171337, 33.419652999977217 ], [ 75.272406999784025, 33.423500000264923 ], [ 75.260991999670907, 33.423095000360263 ], [ 75.236217000429093, 33.431827999935727 ], [ 75.243990000411699, 33.447225000125094 ], [ 75.242289999821949, 33.459973999720752 ], [ 75.23767500027121, 33.472316999836337 ], [ 75.227472999777802, 33.480207000056566 ], [ 75.226501000182495, 33.498817000168742 ], [ 75.218019000370319, 33.509970000048128 ], [ 75.20854699962284, 33.513205000247247 ], [ 75.197915999682351, 33.542097999756379 ], [ 75.189872668782982, 33.556897126128511 ], [ 75.266468000285499, 33.564210000263735 ], [ 75.281671000119047, 33.557760999811592 ] ] ] } },
{ "type": "Feature", "properties": { "pincode": "192221", "officename": "Qazigund S.O", "officetype": "S.O", "circle": "Jammu And Kashmir", "region": "Div Reporting", "division": "Srinagar", "state": "Jammu And Kashmir", "district": "Srinagar" }, "geometry": { "type": "Polygon", "coordinates": [ [ [ 75.152406999740847, 33.704706000309635 ], [ 75.151661999926276, 33.697613000032717 ], [ 75.138573999885864, 33.693136000285783 ], [ 75.141637999708095, 33.682390999736974 ], [ 75.141106000328847, 33.668981000060406 ], [ 75.155874999794122, 33.651245999752433 ], [ 75.157813999860153, 33.634339999925999 ], [ 75.253023999694619, 33.637415000065587 ], [ 75.248382000379678, 33.621084000093482 ], [ 75.228475000408636, 33.623509999965172 ], [ 75.227245999997066, 33.620212999975067 ], [ 75.232464999795383, 33.614122000052092 ], [ 75.226973000185581, 33.606187000303173 ], [ 75.181502999703838, 33.57229399984611 ], [ 75.197915999682351, 33.542097999756379 ], [ 75.20854699962284, 33.513205000247247 ], [ 75.20223200038069, 33.51421600016662 ], [ 75.198837000122339, 33.516795000189468 ], [ 75.18845499970385, 33.516069999968821 ], [ 75.184507000149907, 33.515351000327911 ], [ 75.182018000262957, 33.512704999754895 ], [ 75.171871000021127, 33.509970000048128 ], [ 75.128517999880643, 33.535865999899741 ], [ 75.086942000322779, 33.557077000212821 ], [ 75.072069000202148, 33.613047000282918 ], [ 75.098891000363324, 33.628698999836189 ], [ 75.100006999898653, 33.64356300025311 ], [ 75.111980000228627, 33.652602000093097 ], [ 75.111380000179011, 33.663425000034721 ], [ 75.114941999943596, 33.679247000094065 ], [ 75.108589999993171, 33.684995999856909 ], [ 75.096445000134068, 33.686424999640927 ], [ 75.095994000047355, 33.692798999849572 ], [ 75.092154000448417, 33.704535999913396 ], [ 75.085459000366328, 33.714488000119168 ], [ 75.092839999813449, 33.720056000013429 ], [ 75.10567199976083, 33.722162000206254 ], [ 75.100902000399373, 33.708269999706943 ], [ 75.107456000016185, 33.702716999798447 ], [ 75.124085999729672, 33.708169000322592 ], [ 75.131004000292847, 33.714934000249904 ], [ 75.129360999604486, 33.724839000175663 ], [ 75.152406999740847, 33.704706000309635 ] ] ] } },
{ "type": "Feature", "properties": { "pincode": "192231", "officename": "Kulgam S.O", "officetype": "S.O", "circle": "Jammu And Kashmir", "region": "Div Reporting", "division": "Srinagar", "state": "Jammu And Kashmir", "district": "Srinagar" }, "geometry": { "type": "Polygon", "coordinates": [ [ [ 75.108589999993171, 33.684995999856909 ], [ 75.114941999943596, 33.679247000094065 ], [ 75.111380000179011, 33.663425000034721 ], [ 75.111980000228627, 33.652602000093097 ], [ 75.100006999898653, 33.64356300025311 ], [ 75.098891000363324, 33.628698999836189 ], [ 75.072069000202148, 33.613047000282918 ], [ 75.005850999675275, 33.599107000052349 ], [ 74.926717000433754, 33.655166000320484 ], [ 74.880530999551411, 33.661783999734617 ], [ 74.884786999975276, 33.672819000319585 ], [ 74.894489999803071, 33.680750000234887 ], [ 74.887388999840127, 33.688526999702695 ], [ 74.890363000148966, 33.693981000163646 ], [ 74.912090000360394, 33.702110999899126 ], [ 74.934302999920291, 33.704937999815172 ], [ 74.943407000421729, 33.698273000166459 ], [ 74.958397999644831, 33.701505000208876 ], [ 74.96519499983421, 33.704281999723086 ], [ 74.979114999727813, 33.69792199986702 ], [ 74.968472000091751, 33.688425000179485 ], [ 74.988641999828516, 33.667924999833488 ], [ 75.004305999794525, 33.682854000360066 ], [ 75.015807000121399, 33.680675000319518 ], [ 75.029367999989802, 33.686461000280161 ], [ 75.042028000408038, 33.709865000042733 ], [ 75.036063000071891, 33.714773000292304 ], [ 75.060224999743596, 33.722020000027463 ], [ 75.078077000195947, 33.715380000305629 ], [ 75.085459000366328, 33.714488000119168 ], [ 75.092154000448417, 33.704535999913396 ], [ 75.095994000047355, 33.692798999849572 ], [ 75.096445000134068, 33.686424999640927 ], [ 75.108589999993171, 33.684995999856909 ] ] ] } },
{ "type": "Feature", "properties": { "pincode": "192232", "officename": "Yaripora S.O", "officetype": "S.O", "circle": "Jammu And Kashmir", "region": "Div Reporting", "division": "Srinagar", "state": "Jammu And Kashmir", "district": "Srinagar" }, "geometry": { "type": "Polygon", "coordinates": [ [ [ 75.029367999989802, 33.686461000280161 ], [ 75.015807000121399, 33.680675000319518 ], [ 75.004305999794525, 33.682854000360066 ], [ 74.988641999828516, 33.667924999833488 ], [ 74.968472000091751, 33.688425000179485 ], [ 74.979114999727813, 33.69792199986702 ], [ 74.96519499983421, 33.704281999723086 ], [ 74.96653100037588, 33.708673999792978 ], [ 74.954270999990712, 33.741586000046858 ], [ 74.964179999682869, 33.748608000292194 ], [ 75.043015000071946, 33.77857699997066 ], [ 75.051556000333676, 33.770407999835186 ], [ 75.053101000214426, 33.756030000176281 ], [ 75.061383000010053, 33.752354000055142 ], [ 75.048207999931009, 33.728266000073639 ], [ 75.060224999743596, 33.722020000027463 ], [ 75.036063000071891, 33.714773000292304 ], [ 75.042028000408038, 33.709865000042733 ], [ 75.029367999989802, 33.686461000280161 ] ] ] } },
{ "type": "Feature", "properties": { "pincode": "192233", "officename": "Damhal Hanji Pora S.O", "officetype": "S.O", "circle": "Jammu And Kashmir", "region": "Div Reporting", "division": "Srinagar", "state": "Jammu And Kashmir", "district": "Srinagar" }, "geometry": { "type": "Polygon", "coordinates": [ [ [ 74.798869999889789, 33.658710000110219 ], [ 74.855304000397979, 33.647706999803816 ], [ 74.871139999893146, 33.661424999666117 ], [ 74.880580999780122, 33.662424999680638 ], [ 74.880530999551411, 33.661783999734617 ], [ 74.926717000433754, 33.655166000320484 ], [ 75.005850999675275, 33.599107000052349 ], [ 75.072069000202148, 33.613047000282918 ], [ 75.086942000322779, 33.557077000212821 ], [ 75.128517999880643, 33.535865999899741 ], [ 75.171871000021127, 33.509970000048128 ], [ 75.166546999742479, 33.506530999822715 ], [ 75.158289000236309, 33.504103999729281 ], [ 75.156981000182014, 33.497605999900273 ], [ 75.152460000342629, 33.493789000257486 ], [ 75.140800999831995, 33.491362000253531 ], [ 75.122360999923885, 33.490551999971416 ], [ 75.109245000294379, 33.486102000340082 ], [ 75.090695999708004, 33.501691000008066 ], [ 75.075502999920204, 33.498031999992428 ], [ 75.066790999954264, 33.493734000179145 ], [ 75.061207000282963, 33.485736000209123 ], [ 75.060842000409963, 33.48178800003955 ], [ 75.048460999650999, 33.472475000059276 ], [ 75.043485000425221, 33.467714999969644 ], [ 75.039479000246615, 33.465993999952595 ], [ 75.035473999892929, 33.465792000332364 ], [ 75.02527899997051, 33.467412999674671 ], [ 75.020424000220274, 33.464069999898889 ], [ 75.018491000001987, 33.460095999989356 ], [ 75.002984000394875, 33.477272000094558 ], [ 74.97685599999464, 33.471865999801651 ], [ 74.960340000083931, 33.456474000018012 ], [ 74.949653000066931, 33.454853999789272 ], [ 74.950113000374458, 33.476127000263318 ], [ 74.926766999764141, 33.481280999852494 ], [ 74.905474999745934, 33.492734999936239 ], [ 74.888604999832893, 33.487255000176745 ], [ 74.888445999824256, 33.461335000197664 ], [ 74.885530999964942, 33.443511000234068 ], [ 74.863472000390828, 33.437171999690527 ], [ 74.849046000158921, 33.440608999670012 ], [ 74.811948999709358, 33.455506000174829 ], [ 74.791338999756547, 33.447485000208971 ], [ 74.749431999762578, 33.45436000001466 ], [ 74.704285000219315, 33.454932999739519 ], [ 74.667206000211465, 33.453071000051196 ], [ 74.600196999839255, 33.452827999642587 ], [ 74.658279000160334, 33.503044999878533 ], [ 74.60197400042189, 33.558578999808304 ], [ 74.526152999626305, 33.613908000340153 ], [ 74.624977000002218, 33.57972400024115 ], [ 74.66844999979331, 33.668997000020795 ], [ 74.798869999889789, 33.658710000110219 ] ] ] } },
{ "type": "Feature", "properties": { "pincode": "192301", "officename": "Pulwama S.O", "officetype": "S.O", "circle": "Jammu And Kashmir", "region": "Div Reporting", "division": "Srinagar", "state": "Jammu And Kashmir", "district": "Srinagar" }, "geometry": { "type": "Polygon", "coordinates": [ [ [ 74.928811283279813, 33.91473365973269 ], [ 74.95832200037519, 33.915408000142129 ], [ 74.981097000349862, 33.91698399977242 ], [ 74.982525999879655, 33.916447999657336 ], [ 74.996269000221275, 33.894720000200657 ], [ 75.004918000438025, 33.887540999835686 ], [ 75.002550999851508, 33.883586000215324 ], [ 75.002975999998924, 33.87245000034094 ], [ 74.999183000255641, 33.867915000039261 ], [ 75.00076099974838, 33.858087999774909 ], [ 74.999303999731154, 33.847302000231942 ], [ 74.971628999800359, 33.847302000231942 ], [ 74.966287999803313, 33.847906000333062 ], [ 74.959298000168431, 33.839210999836787 ], [ 74.94468799981351, 33.816884999814953 ], [ 74.943624000156717, 33.817769999991739 ], [ 74.933441999754777, 33.818332000333946 ], [ 74.932224000112157, 33.819111000050519 ], [ 74.931461999680849, 33.825310999958212 ], [ 74.927417999867387, 33.826389000133368 ], [ 74.926806000122227, 33.828956000234875 ], [ 74.907173999612468, 33.823103000286309 ], [ 74.897403000012574, 33.827540000180214 ], [ 74.897645999686816, 33.831875999729085 ], [ 74.872004000431701, 33.83331299978051 ], [ 74.867998000253095, 33.840647999683988 ], [ 74.884051000381533, 33.850830000260167 ], [ 74.887510000213965, 33.854509000135756 ], [ 74.881502000220109, 33.857155000200699 ], [ 74.861048999727785, 33.852896000250887 ], [ 74.859227999662522, 33.846041000332697 ], [ 74.848303999819066, 33.842310999817087 ], [ 74.837015000102625, 33.848511000364397 ], [ 74.815954999887964, 33.833892999804021 ], [ 74.806365999862948, 33.841505000343986 ], [ 74.799144000424505, 33.861917999974878 ], [ 74.815165999692482, 33.874617000349865 ], [ 74.816380000035423, 33.878244999912432 ], [ 74.855707999730726, 33.909580000100512 ], [ 74.858499999566391, 33.927107000088533 ], [ 74.88573099998149, 33.940582999944041 ], [ 74.90525700018604, 33.937806000189298 ], [ 74.908947999822047, 33.927052999845515 ], [ 74.928811283279813, 33.91473365973269 ] ] ] } },
{ "type": "Feature", "properties": { "pincode": "192302", "officename": "Hawl S.O", "officetype": "S.O", "circle": "Jammu And Kashmir", "region": "Div Reporting", "division": "Srinagar", "state": "Jammu And Kashmir", "district": "Srinagar" }, "geometry": { "type": "Polygon", "coordinates": [ [ [ 74.897403000012574, 33.827540000180214 ], [ 74.907173999612468, 33.823103000286309 ], [ 74.926806000122227, 33.828956000234875 ], [ 74.927417999867387, 33.826389000133368 ], [ 74.931461999680849, 33.825310999958212 ], [ 74.932224000112157, 33.819111000050519 ], [ 74.923743999949821, 33.813964999633612 ], [ 74.922005999725243, 33.801164000047699 ], [ 74.925847000047384, 33.799452000172863 ], [ 74.915108000151847, 33.789904000026894 ], [ 74.914520999622695, 33.777859999888463 ], [ 74.875858000274334, 33.771559000232152 ], [ 74.865601000427674, 33.771507999777022 ], [ 74.868635000112647, 33.764495000279531 ], [ 74.850610000306247, 33.757632999799512 ], [ 74.82530200006363, 33.765757000087774 ], [ 74.808247000202698, 33.764949000006233 ], [ 74.853158999569345, 33.78175399966721 ], [ 74.831310000057485, 33.794265000036297 ], [ 74.849274999589468, 33.819889000075996 ], [ 74.884839999678732, 33.83227900030262 ], [ 74.897645999686816, 33.831875999729085 ], [ 74.897403000012574, 33.827540000180214 ] ] ] } },
{ "type": "Feature", "properties": { "pincode": "192303", "officename": "Shopian S.O", "officetype": "S.O", "circle": "Jammu And Kashmir", "region": "Div Reporting", "division": "Srinagar", "state": "Jammu And Kashmir", "district": "Srinagar" }, "geometry": { "type": "Polygon", "coordinates": [ [ [ 74.909722999773848, 33.772112999662014 ], [ 74.908023999907329, 33.759349000085521 ], [ 74.928694999959546, 33.760048000282524 ], [ 74.926960000107997, 33.753041000157502 ], [ 74.939886999591593, 33.75283899982572 ], [ 74.949111999568515, 33.751275000148041 ], [ 74.947351999602631, 33.748752000080529 ], [ 74.954270999990712, 33.741586000046858 ], [ 74.96653100037588, 33.708673999792978 ], [ 74.96519499983421, 33.704281999723086 ], [ 74.958397999644831, 33.701505000208876 ], [ 74.943407000421729, 33.698273000166459 ], [ 74.934302999920291, 33.704937999815172 ], [ 74.912090000360394, 33.702110999899126 ], [ 74.890363000148966, 33.693981000163646 ], [ 74.887388999840127, 33.688526999702695 ], [ 74.894489999803071, 33.680750000234887 ], [ 74.884786999975276, 33.672819000319585 ], [ 74.880580999780122, 33.662424999680638 ], [ 74.871139999893146, 33.661424999666117 ], [ 74.855304000397979, 33.647706999803816 ], [ 74.798869999889789, 33.658710000110219 ], [ 74.66844999979331, 33.668997000020795 ], [ 74.624977000002218, 33.57972400024115 ], [ 74.526152999626305, 33.613908000340153 ], [ 74.526274999825048, 33.61886100037249 ], [ 74.520447999581179, 33.630382999997728 ], [ 74.520949999721537, 33.634917000356879 ], [ 74.520205999731843, 33.650190000195373 ], [ 74.516659000035887, 33.665353999664916 ], [ 74.648322999714239, 33.690495999854313 ], [ 74.727974000063, 33.700064999720894 ], [ 74.746771000346499, 33.718878000301849 ], [ 74.740934000056882, 33.750391999947901 ], [ 74.750031999812222, 33.767588999906891 ], [ 74.768485999964014, 33.769801000064305 ], [ 74.773872000166932, 33.760258000128893 ], [ 74.779419000028327, 33.764393999852061 ], [ 74.798839999752559, 33.772517000109254 ], [ 74.808247000202698, 33.764949000006233 ], [ 74.82530200006363, 33.765757000087774 ], [ 74.850610000306247, 33.757632999799512 ], [ 74.868635000112647, 33.764495000279531 ], [ 74.865601000427674, 33.771507999777022 ], [ 74.875858000274334, 33.771559000232152 ], [ 74.912697000082716, 33.77761199977423 ], [ 74.912758000182052, 33.774938999700638 ], [ 74.909722999773848, 33.772112999662014 ] ] ] } },
{ "type": "Feature", "properties": { "pincode": "192304", "officename": "Kakapora", "officetype": "S.O", "circle": "Jammu And Kashmir", "region": "Div Reporting", "division": "Srinagar", "state": "Jammu And Kashmir", "district": "Srinagar" }, "geometry": { "type": "Polygon", "coordinates": [ [ [ 74.970110999683811, 33.940802999718379 ], [ 74.981097000349862, 33.91698399977242 ], [ 74.929504000246553, 33.914303999774305 ], [ 74.908947999822047, 33.927052999845515 ], [ 74.90525700018604, 33.937806000189298 ], [ 74.88573099998149, 33.940582999944041 ], [ 74.884354000330205, 33.940198999856591 ], [ 74.898039999872097, 33.954070000104934 ], [ 74.921072999589654, 33.964867999666637 ], [ 74.920709000439913, 33.966076000340507 ], [ 74.91401699983254, 33.971058999909367 ], [ 74.906370000246625, 33.974053000262771 ], [ 74.906021000267174, 33.980219000074676 ], [ 74.909707999705248, 33.985074999989365 ], [ 74.914154000099899, 33.987163999683567 ], [ 74.919715000204988, 33.987628999849186 ], [ 74.92750699955586, 33.989672999835662 ], [ 74.94428899960532, 33.975414000087419 ], [ 74.947381999739861, 33.968769000078971 ], [ 74.951601000353818, 33.94860700018446 ], [ 74.970110999683811, 33.940802999718379 ] ] ] } },
{ "type": "Feature", "properties": { "pincode": "192305", "officename": "Achan S.O", "officetype": "S.O", "circle": "Jammu And Kashmir", "region": "Div Reporting", "division": "Srinagar", "state": "Jammu And Kashmir", "district": "Srinagar" }, "geometry": { "type": "Polygon", "coordinates": [ [ [ 75.00076099974838, 33.858087999774909 ], [ 75.022442999753949, 33.840686000144309 ], [ 75.041166000417576, 33.836084999744507 ], [ 75.043380999769823, 33.829721000223543 ], [ 75.029346000248495, 33.825144999816033 ], [ 75.030537999951832, 33.821192999636665 ], [ 75.045032999780716, 33.819552999810909 ], [ 75.047135000053373, 33.805075999712997 ], [ 75.043401999686239, 33.791773999890196 ], [ 75.034647000062606, 33.789704999724208 ], [ 75.026585000374993, 33.797615000150955 ], [ 75.016536999867355, 33.80315000001562 ], [ 75.008811999565324, 33.816572999795845 ], [ 75.010804000233122, 33.799315000333806 ], [ 74.994792000112568, 33.793792999814279 ], [ 74.973719000377457, 33.790679000155372 ], [ 74.962529000395207, 33.781344000153503 ], [ 74.960746999789691, 33.759454999827085 ], [ 74.964179999682869, 33.748608000292194 ], [ 74.954270999990712, 33.741586000046858 ], [ 74.947351999602631, 33.748752000080529 ], [ 74.949111999568515, 33.751275000148041 ], [ 74.939886999591593, 33.75283899982572 ], [ 74.926960000107997, 33.753041000157502 ], [ 74.928694999959546, 33.760048000282524 ], [ 74.908023999907329, 33.759349000085521 ], [ 74.909722999773848, 33.772112999662014 ], [ 74.912758000182052, 33.774938999700638 ], [ 74.912697999907621, 33.777561999742503 ], [ 74.914520999622695, 33.777859999888463 ], [ 74.915108000151847, 33.789904000026894 ], [ 74.925847000047384, 33.799452000172863 ], [ 74.922005999725243, 33.801164000047699 ], [ 74.923743999949821, 33.813964999633612 ], [ 74.932224000112157, 33.819111000050519 ], [ 74.933441999754777, 33.818332000333946 ], [ 74.943624000156717, 33.817769999991739 ], [ 74.94468799981351, 33.816884999814953 ], [ 74.959298000168431, 33.839210999836787 ], [ 74.966287999803313, 33.847906000333062 ], [ 74.971628999800359, 33.847302000231942 ], [ 74.999303999731154, 33.847302000231942 ], [ 75.00076099974838, 33.858087999774909 ] ] ] } },
{ "type": "Feature", "properties": { "pincode": "192401", "officename": "Srigufwara S.O", "officetype": "S.O", "circle": "Jammu And Kashmir", "region": "Div Reporting", "division": "Srinagar", "state": "Jammu And Kashmir", "district": "Srinagar" }, "geometry": { "type": "Polygon", "coordinates": [ [ [ 75.219894999788863, 33.798902999943223 ], [ 75.208354000177323, 33.787356999984588 ], [ 75.174168000287452, 33.796331000230332 ], [ 75.168414999663426, 33.811002999685158 ], [ 75.152373000303967, 33.819406000166019 ], [ 75.143791000034369, 33.846522000236291 ], [ 75.175390000128019, 33.883863999785206 ], [ 75.220642000151557, 33.970413000320136 ], [ 75.242615000410282, 33.988356999849024 ], [ 75.282773000308964, 34.002649000297978 ], [ 75.312901000141736, 34.003375000155536 ], [ 75.304450000291666, 33.965151999914582 ], [ 75.284908000193596, 33.927077999755255 ], [ 75.277602000191223, 33.90249099999393 ], [ 75.270097999822141, 33.889768999863875 ], [ 75.262678999841867, 33.889010999927876 ], [ 75.256464999983692, 33.883771999818578 ], [ 75.242713000319554, 33.862371000328942 ], [ 75.23866500030816, 33.853112999815963 ], [ 75.233939000429345, 33.846033000071039 ], [ 75.232967999760646, 33.834646000258154 ], [ 75.223940000325513, 33.818918000163009 ], [ 75.219894999788863, 33.798902999943223 ] ] ] } },
{ "type": "Feature", "properties": { "pincode": "193101", "officename": "Baramulla H.O", "officetype": "H.O", "circle": "Jammu And Kashmir", "region": "Div Reporting", "division": "Baramulla", "state": "Jammu And Kashmir", "district": "Baramulla" }, "geometry": { "type": "Polygon", "coordinates": [ [ [ 74.373664999734856, 34.128290000231445 ], [ 74.393920999685392, 34.116920999689938 ], [ 74.381390000036916, 34.105977000201122 ], [ 74.327144999840016, 34.109104000296384 ], [ 74.300842000435907, 34.12485299983976 ], [ 74.289941999983569, 34.124485000245294 ], [ 74.286972999697625, 34.133155999659003 ], [ 74.280624000120241, 34.13695700023591 ], [ 74.254452000237364, 34.168819000087524 ], [ 74.247579999704968, 34.171475999919309 ], [ 74.255991000270342, 34.176163000264232 ], [ 74.259681999906348, 34.194693999917291 ], [ 74.249681999977625, 34.197925000161682 ], [ 74.255304000182079, 34.205768999767827 ], [ 74.254955000202628, 34.210571999722141 ], [ 74.297704999920441, 34.216415999800944 ], [ 74.304265000283308, 34.218283999670781 ], [ 74.337250000249057, 34.217949999830168 ], [ 74.349134999817167, 34.214652999794865 ], [ 74.368600999747258, 34.202787000076661 ], [ 74.384377999691154, 34.17390799981527 ], [ 74.375737999695218, 34.143130999798622 ], [ 74.373664999734856, 34.128290000231445 ] ] ] } },
{ "type": "Feature", "properties": { "pincode": "193103", "officename": "Khawaja Bagh S.O", "officetype": "S.O", "circle": "Jammu And Kashmir", "region": "Div Reporting", "division": "Baramulla", "state": "Jammu And Kashmir", "district": "Baramulla" }, "geometry": { "type": "Polygon", "coordinates": [ [ [ 74.401388000244552, 34.240898999665298 ], [ 74.40559400043972, 34.240331000046069 ], [ 74.418110999844501, 34.244158999832003 ], [ 74.436063999680883, 34.239124999783471 ], [ 74.447982999584184, 34.236951000090428 ], [ 74.434388000278901, 34.234542999865887 ], [ 74.455143999821601, 34.225108999732512 ], [ 74.435116000375032, 34.210655000098825 ], [ 74.449682000349043, 34.199411999768941 ], [ 74.461335000113564, 34.213867999837774 ], [ 74.479056999971277, 34.212461999966877 ], [ 74.465947000189558, 34.198007000287603 ], [ 74.470802999764729, 34.191380000004628 ], [ 74.436816000066486, 34.187264000092064 ], [ 74.414349000063368, 34.202361000000295 ], [ 74.396031000353972, 34.206941000351989 ], [ 74.368600999747258, 34.202787000076661 ], [ 74.359571999588894, 34.208290999974849 ], [ 74.365917999691533, 34.216255999800048 ], [ 74.375038000086505, 34.219041999640879 ], [ 74.389113999615731, 34.227842000206856 ], [ 74.390401999578501, 34.231816000249026 ], [ 74.387568999734981, 34.247355000103319 ], [ 74.390316000263098, 34.251186000279702 ], [ 74.394693000162476, 34.250476999877982 ], [ 74.398126999880546, 34.243595000290547 ], [ 74.401388000244552, 34.240898999665298 ] ] ] } },
{ "type": "Feature", "properties": { "pincode": "193108", "officename": "Kreeri S.O", "officetype": "S.O", "circle": "Jammu And Kashmir", "region": "Div Reporting", "division": "Baramulla", "state": "Jammu And Kashmir", "district": "Baramulla" }, "geometry": { "type": "Polygon", "coordinates": [ [ [ 74.485148331284137, 34.147912019583721 ], [ 74.47769200001558, 34.149175000272642 ], [ 74.475631999575711, 34.157557000268511 ], [ 74.472197999857656, 34.165084999946146 ], [ 74.45503199966862, 34.170624000137551 ], [ 74.448165999882292, 34.175594999714377 ], [ 74.449495999677865, 34.183370000124313 ], [ 74.445661000101808, 34.188334999695535 ], [ 74.470802999764729, 34.191380000004628 ], [ 74.465947000189558, 34.198007000287603 ], [ 74.479056999971277, 34.212461999966877 ], [ 74.519748999797358, 34.175594999714377 ], [ 74.514598999596018, 34.159402999769249 ], [ 74.495715999997088, 34.148181000172805 ], [ 74.485148331284137, 34.147912019583721 ] ] ] } },
{ "type": "Feature", "properties": { "pincode": "193109", "officename": "Wagoora S.O", "officetype": "S.O", "circle": "Jammu And Kashmir", "region": "Div Reporting", "division": "Baramulla", "state": "Jammu And Kashmir", "district": "Baramulla" }, "geometry": { "type": "Polygon", "coordinates": [ [ [ 74.414349000063368, 34.202361000000295 ], [ 74.436816000066486, 34.187264000092064 ], [ 74.445661000101808, 34.188334999695535 ], [ 74.449495999677865, 34.183370000124313 ], [ 74.448165999882292, 34.175594999714377 ], [ 74.45503199966862, 34.170624000137551 ], [ 74.472197999857656, 34.165084999946146 ], [ 74.475631999575711, 34.157557000268511 ], [ 74.47769200001558, 34.149175000272642 ], [ 74.484557999801922, 34.147896999907537 ], [ 74.451017000167496, 34.129307999843519 ], [ 74.393920999685392, 34.116920999689938 ], [ 74.373664999734856, 34.128290000231445 ], [ 74.375737999695218, 34.143130999798622 ], [ 74.384377999691154, 34.17390799981527 ], [ 74.368600999747258, 34.202787000076661 ], [ 74.396031000353972, 34.206941000351989 ], [ 74.414349000063368, 34.202361000000295 ] ] ] } },
{ "type": "Feature", "properties": { "pincode": "193121", "officename": "Pattan S.O", "officetype": "S.O", "circle": "Jammu And Kashmir", "region": "Div Reporting", "division": "Baramulla", "state": "Jammu And Kashmir", "district": "Baramulla" }, "geometry": { "type": "Polygon", "coordinates": [ [ [ 74.597184999895575, 34.15381200020186 ], [ 74.605751000271624, 34.137524999753055 ], [ 74.606954924212062, 34.13770357372789 ], [ 74.609184000164788, 34.142498000108745 ], [ 74.608497999901459, 34.152726999925967 ], [ 74.614676999599524, 34.157414999664589 ], [ 74.631843999613452, 34.155567999985536 ], [ 74.647464999921766, 34.152585000121121 ], [ 74.675982999576391, 34.152864000165842 ], [ 74.695186999565678, 34.154289999711807 ], [ 74.704402000395177, 34.156625000006969 ], [ 74.708125999643158, 34.152017999876307 ], [ 74.717072999785771, 34.145555000271045 ], [ 74.716754999768426, 34.142645999688156 ], [ 74.71328699971518, 34.133014999774872 ], [ 74.678860999625783, 34.121325999680309 ], [ 74.675486000357253, 34.118732999642383 ], [ 74.661108999630827, 34.124485000245294 ], [ 74.660603000190847, 34.117844999887168 ], [ 74.649824999937266, 34.113652000205718 ], [ 74.636351000107481, 34.120100999831244 ], [ 74.63615699993872, 34.136717999736497 ], [ 74.628707999821202, 34.138627000318507 ], [ 74.623867000314675, 34.134708000041641 ], [ 74.613999999557024, 34.130112000312813 ], [ 74.612665999563475, 34.128453999648961 ], [ 74.617270999966777, 34.126670000245952 ], [ 74.613597000049168, 34.126845999680064 ], [ 74.6076340002612, 34.129106999646702 ], [ 74.604755000386902, 34.127489000032902 ], [ 74.604500000118776, 34.126625999958407 ], [ 74.600636000230367, 34.126314999740224 ], [ 74.596312999859393, 34.108204999987997 ], [ 74.570334000320386, 34.110066000358685 ], [ 74.567837999862419, 34.1096869999608 ], [ 74.572685999939964, 34.105338000135397 ], [ 74.572341999983408, 34.102423999697272 ], [ 74.570967999806868, 34.100362999739623 ], [ 74.570300999810101, 34.102210000224609 ], [ 74.56725399970631, 34.101766000322421 ], [ 74.564871999949489, 34.100807000308563 ], [ 74.564847999660046, 34.098300999658399 ], [ 74.557675999551961, 34.099261000303784 ], [ 74.557131999578843, 34.098543999946884 ], [ 74.55491600040169, 34.098543999946884 ], [ 74.554087000023216, 34.096754000209081 ], [ 74.550481999702598, 34.097274999757431 ], [ 74.543721000396559, 34.095376999899806 ], [ 74.540198000091735, 34.092097999752063 ], [ 74.539837000416696, 34.088944000196292 ], [ 74.532824000317277, 34.088981999993948 ], [ 74.529484000310546, 34.087825999652082 ], [ 74.520912000086682, 34.088868999684195 ], [ 74.52268899977102, 34.092436999945456 ], [ 74.524760999906448, 34.094534000165218 ], [ 74.523968000411301, 34.098556000089999 ], [ 74.518598999926809, 34.098335999675612 ], [ 74.520389000029937, 34.101144000371477 ], [ 74.517640999676914, 34.102175000321949 ], [ 74.513948000391068, 34.101854999690374 ], [ 74.508525000378256, 34.104964000055659 ], [ 74.503195000251822, 34.105303000038958 ], [ 74.502862000165919, 34.107017999638806 ], [ 74.500478999685853, 34.107833999644093 ], [ 74.499152000263308, 34.106144999937548 ], [ 74.492006999919411, 34.106572000338424 ], [ 74.499082999768007, 34.111709999658821 ], [ 74.497503999552094, 34.112815000113372 ], [ 74.491663999787747, 34.11348100025225 ], [ 74.491570999901299, 34.11658399999834 ], [ 74.489385999787999, 34.116936000329147 ], [ 74.488307999887482, 34.118203999872556 ], [ 74.488215000001048, 34.122412000356526 ], [ 74.493771000083271, 34.121796999895047 ], [ 74.497763000018168, 34.122714000291424 ], [ 74.493800000395581, 34.127223000184017 ], [ 74.488578000224223, 34.127850999712763 ], [ 74.485116000018721, 34.131996000079823 ], [ 74.486732999869503, 34.138324999980547 ], [ 74.482360999993006, 34.137245000300659 ], [ 74.478779999961844, 34.135511999707802 ], [ 74.476805999735717, 34.133603000141512 ], [ 74.478234000338901, 34.12787600002369 ], [ 74.474002000204479, 34.128277999844457 ], [ 74.470512000409926, 34.131104000075602 ], [ 74.462203999776676, 34.130337999933559 ], [ 74.462254999830321, 34.127549000280112 ], [ 74.464318999569826, 34.126456999823922 ], [ 74.465393000170693, 34.124711000036513 ], [ 74.463310999989517, 34.122767000146538 ], [ 74.458129999826014, 34.121595999688566 ], [ 74.45788200012889, 34.120572000176317 ], [ 74.455608000327118, 34.12043799963778 ], [ 74.454311000143477, 34.117506999875317 ], [ 74.45287300039287, 34.116788000351654 ], [ 74.453065999838401, 34.115392999968883 ], [ 74.454460999931314, 34.114557999892746 ], [ 74.459018999580621, 34.108557000231606 ], [ 74.464513999563493, 34.106069000115852 ], [ 74.468826000063856, 34.106094000172362 ], [ 74.472483000262983, 34.108079000123844 ], [ 74.472726999762159, 34.107061999715896 ], [ 74.473910999967885, 34.10664700003997 ], [ 74.473864000112201, 34.104938999665244 ], [ 74.461015000446409, 34.10397099963437 ], [ 74.460324000160213, 34.103210999644418 ], [ 74.460860999562314, 34.100705000263375 ], [ 74.459018999580621, 34.100515999635803 ], [ 74.459391000024624, 34.099536000330197 ], [ 74.464212000338023, 34.099938000229557 ], [ 74.468441000099403, 34.097388000004393 ], [ 74.468638999567773, 34.096119000335129 ], [ 74.465219000093413, 34.096144000355849 ], [ 74.434144999706319, 34.089308000180687 ], [ 74.393920999685392, 34.116920999689938 ], [ 74.451017000167496, 34.129307999843519 ], [ 74.484557999801922, 34.147896999907537 ], [ 74.495715999997088, 34.148181000172805 ], [ 74.514598999596018, 34.159402999769249 ], [ 74.519748999797358, 34.175594999714377 ], [ 74.479056999971277, 34.212461999966877 ], [ 74.570560000276188, 34.217480000138188 ], [ 74.597184999895575, 34.15381200020186 ] ] ] } },
{ "type": "Feature", "properties": { "pincode": "193122", "officename": "Boniyar S.O", "officetype": "S.O", "circle": "Jammu And Kashmir", "region": "Div Reporting", "division": "Baramulla", "state": "Jammu And Kashmir", "district": "Baramulla" }, "geometry": { "type": "Polygon", "coordinates": [ [ [ 74.286972999697625, 34.133155999659003 ], [ 74.289941999983569, 34.124485000245294 ], [ 74.300842000435907, 34.12485299983976 ], [ 74.271010999805767, 34.11066800032205 ], [ 74.249339999670866, 34.103757000355067 ], [ 74.230842999861324, 34.099581000330552 ], [ 74.216765999608867, 34.098728000218479 ], [ 74.211617000130744, 34.099296999679147 ], [ 74.18346400034909, 34.095600999762276 ], [ 74.159172000082705, 34.095870000261591 ], [ 74.099693000018888, 34.093325999911805 ], [ 74.089050000382812, 34.100717999838388 ], [ 74.100723000238816, 34.117488999973219 ], [ 74.11169300011305, 34.1258099998037 ], [ 74.121323000145907, 34.135110000087273 ], [ 74.127158999712307, 34.154432000366889 ], [ 74.133682000265267, 34.160681999741833 ], [ 74.157371999933872, 34.172328999653729 ], [ 74.166985000248289, 34.193913999693372 ], [ 74.177971000016058, 34.204988000227665 ], [ 74.198226999966536, 34.207543000215821 ], [ 74.243201999980684, 34.208111000333446 ], [ 74.254955000202628, 34.210571999722141 ], [ 74.255304000182079, 34.205768999767827 ], [ 74.249681999977625, 34.197925000161682 ], [ 74.259681999906348, 34.194693999917291 ], [ 74.255991000270342, 34.176163000264232 ], [ 74.247579999704968, 34.171475999919309 ], [ 74.254452000237364, 34.168819000087524 ], [ 74.280624000120241, 34.13695700023591 ], [ 74.286972999697625, 34.133155999659003 ] ] ] } },
{ "type": "Feature", "properties": { "pincode": "193123", "officename": "Uri S.O", "officetype": "S.O", "circle": "Jammu And Kashmir", "region": "Div Reporting", "division": "Baramulla", "state": "Jammu And Kashmir", "district": "Baramulla" }, "geometry": { "type": "Polygon", "coordinates": [ [ [ 73.658173999619635, 34.371703999634796 ], [ 73.708614000377679, 34.371777999795782 ], [ 73.765114000109833, 34.363096000177883 ], [ 73.79035299985712, 34.349467999945162 ], [ 73.85249099968722, 34.340648999908247 ], [ 73.939387999763881, 34.316591000243733 ], [ 73.980904999770516, 34.288915999984511 ], [ 73.989398000351628, 34.278083999834912 ], [ 74.005905000041537, 34.254009000324167 ], [ 74.031087999712312, 34.256753999637617 ], [ 74.052999999871631, 34.262436000202278 ], [ 74.097657999693382, 34.279689000237006 ], [ 74.13455599995126, 34.278486000291224 ], [ 74.159321000045651, 34.278886999711816 ], [ 74.175831000108545, 34.286909999827515 ], [ 74.194280000237498, 34.288515000169809 ], [ 74.199252999988545, 34.287005999745752 ], [ 74.211267000326387, 34.289559000077638 ], [ 74.18718299957419, 34.230775999629373 ], [ 74.176914000031928, 34.223015999681166 ], [ 74.177971000016058, 34.204988000227665 ], [ 74.166985000248289, 34.193913999693372 ], [ 74.157371999933872, 34.172328999653729 ], [ 74.133682000265267, 34.160681999741833 ], [ 74.127158999712307, 34.154432000366889 ], [ 74.121323000145907, 34.135110000087273 ], [ 74.11169300011305, 34.1258099998037 ], [ 74.100723000238816, 34.117488999973219 ], [ 74.089050000382812, 34.100717999838388 ], [ 74.099693000018888, 34.093325999911805 ], [ 74.159172000082705, 34.095870000261591 ], [ 74.18346400034909, 34.095600999762276 ], [ 74.211617000130744, 34.099296999679147 ], [ 74.216765999608867, 34.098728000218479 ], [ 74.230842999861324, 34.099581000330552 ], [ 74.242515999717327, 34.078256000319563 ], [ 74.241486000395724, 34.072853000266178 ], [ 74.230155999773075, 34.067733999704068 ], [ 74.245863000295088, 34.045831999649643 ], [ 74.24635299984152, 34.029685000139509 ], [ 74.252605000232847, 34.032337000080794 ], [ 74.2619580002563, 34.028306999683494 ], [ 74.268957000112025, 34.020169000126884 ], [ 74.282523000003309, 34.01009300023896 ], [ 74.300863000352322, 34.007500999669531 ], [ 74.313628000352523, 34.002428000203778 ], [ 74.28801100031346, 33.96787299989564 ], [ 74.29553900007366, 33.964366000277302 ], [ 74.297360000138937, 33.958739999905816 ], [ 74.306709999789348, 33.949607000035058 ], [ 74.312465000063185, 33.938251000176919 ], [ 74.297270999552168, 33.929425999712358 ], [ 74.291229999946395, 33.922348999858606 ], [ 74.296735999799878, 33.918310999899397 ], [ 74.30627499959617, 33.923880999629745 ], [ 74.330070999569969, 33.928479999942404 ], [ 74.344368999755361, 33.921487999844317 ], [ 74.351033999700235, 33.923160000255315 ], [ 74.353763999611601, 33.932890000089436 ], [ 74.364052000318736, 33.90717999981517 ], [ 74.325085000298458, 33.912451999806486 ], [ 74.276301999574116, 33.912036000206939 ], [ 74.277667000428139, 33.910688000242395 ], [ 74.277227000212093, 33.909190000346996 ], [ 74.276028999762644, 33.908926000223659 ], [ 74.276756999858804, 33.905412000034808 ], [ 74.279822000404238, 33.905248000094417 ], [ 74.281384999828347, 33.9016470002951 ], [ 74.28023800033084, 33.899735999949435 ], [ 74.276546999796508, 33.897670000189414 ], [ 74.278264000104713, 33.895355000201803 ], [ 74.27727700044079, 33.892861000130296 ], [ 74.274401999866143, 33.891827999658283 ], [ 74.272856999985393, 33.89229099967153 ], [ 74.252171999689494, 33.885914000137092 ], [ 74.241996000033666, 33.877589999724151 ], [ 74.238353999903126, 33.875776000078197 ], [ 74.22864400040261, 33.867008000306825 ], [ 74.226625999795544, 33.863630999799568 ], [ 74.195522999994438, 33.860478000330957 ], [ 73.587564867795663, 33.863254025779604 ], [ 73.586846580284345, 33.870879546492255 ], [ 73.587788871694912, 33.874435320065416 ], [ 73.593333552106216, 33.878788771283681 ], [ 73.593545710820138, 33.889770270540318 ], [ 73.592840795630167, 33.893797768772757 ], [ 73.590915834435378, 33.89747899114527 ], [ 73.584436447987798, 33.904956268242771 ], [ 73.57980667833715, 33.907556499461379 ], [ 73.571161872354452, 33.914927702995719 ], [ 73.563120425222209, 33.920473535552105 ], [ 73.557718002917611, 33.929900531825865 ], [ 73.550052884312407, 33.933830454164472 ], [ 73.547609749708926, 33.936933857084824 ], [ 73.545402925924066, 33.94382354658245 ], [ 73.537792328768404, 33.956342477782322 ], [ 73.536770625388428, 33.95918418782805 ], [ 73.536426044221884, 33.96519364033022 ], [ 73.532543350392416, 33.972155476950213 ], [ 73.532198431459321, 33.978164868897139 ], [ 73.529097898951122, 33.982295266747869 ], [ 73.527783373534618, 33.988146703182927 ], [ 73.526068091703564, 33.991417844224657 ], [ 73.516453627135192, 33.998826320188293 ], [ 73.516586474490992, 34.004909976703829 ], [ 73.518214947624557, 34.014838035998032 ], [ 73.517889569743815, 34.021798222290244 ], [ 73.511356462245587, 34.032604201886052 ], [ 73.511391478575376, 34.049441552619449 ], [ 73.507797314632015, 34.064856315084342 ], [ 73.505961928945808, 34.06788202073097 ], [ 73.500100949027981, 34.073290755587678 ], [ 73.499674562780086, 34.074571954390748 ], [ 73.500184922642418, 34.080759178552682 ], [ 73.499227129903346, 34.08774611847047 ], [ 73.501257975520673, 34.093973217925495 ], [ 73.501294690564649, 34.096602608494798 ], [ 73.497632602307732, 34.104863218929886 ], [ 73.498347333388821, 34.112304406124323 ], [ 73.494433371899262, 34.124679833995579 ], [ 73.497193486932247, 34.132454127588595 ], [ 73.491712882451807, 34.13795095840802 ], [ 73.490933411584848, 34.139668130209266 ], [ 73.493554431479197, 34.147237923211812 ], [ 73.491300389548073, 34.15375383989776 ], [ 73.491077827444869, 34.156288993405177 ], [ 73.492448405040165, 34.160018675068095 ], [ 73.492371646694068, 34.162863273454782 ], [ 73.490839579858473, 34.170821411326351 ], [ 73.493570805970208, 34.176071248314628 ], [ 73.491106418125412, 34.185332048973159 ], [ 73.493864162504323, 34.191001637739419 ], [ 73.494383835201248, 34.195293855949323 ], [ 73.492747179313753, 34.201572616500613 ], [ 73.49335665299634, 34.203230196566679 ], [ 73.498608983885006, 34.208266594764702 ], [ 73.498538902716405, 34.211216054113798 ], [ 73.482023036654709, 34.23086438403876 ], [ 73.477369294562379, 34.243690496431981 ], [ 73.473743860263994, 34.248580443467439 ], [ 73.472833661167002, 34.252302193988861 ], [ 73.473041904124585, 34.259764343091746 ], [ 73.475943758037999, 34.267742881369571 ], [ 73.484482993110205, 34.274638724630591 ], [ 73.48438635504688, 34.277168252825682 ], [ 73.482079093325041, 34.280844472021869 ], [ 73.48083596870228, 34.289420715316645 ], [ 73.478544140037044, 34.291307361618124 ], [ 73.47550299874554, 34.291331909745793 ], [ 73.471994228653116, 34.283800235794715 ], [ 73.45986338085298, 34.276214677544246 ], [ 73.456709281804436, 34.276454055561203 ], [ 73.45541573564303, 34.278087401009017 ], [ 73.455584070944141, 34.280816049170191 ], [ 73.458952121743948, 34.284039968524567 ], [ 73.460650792827082, 34.286913949881601 ], [ 73.460407574862231, 34.289133976330113 ], [ 73.45223613522019, 34.300529649774923 ], [ 73.445549591878176, 34.303128338733522 ], [ 73.446622330346045, 34.306134232407757 ], [ 73.447194986576733, 34.313370149362427 ], [ 73.444517855214798, 34.321375189673113 ], [ 73.441802458316687, 34.324646877792595 ], [ 73.433109183732824, 34.327645466059501 ], [ 73.428560090879529, 34.332046581281304 ], [ 73.425074173927939, 34.337244331694365 ], [ 73.424671197776306, 34.338944829809186 ], [ 73.430725503228103, 34.344581123920335 ], [ 73.429943028394831, 34.346297677659464 ], [ 73.428842991023757, 34.346975479327284 ], [ 73.421339307759936, 34.346661122254197 ], [ 73.416623518132624, 34.350437428446106 ], [ 73.40786069148794, 34.350280583986496 ], [ 73.40430222928893, 34.354323311237373 ], [ 73.403012018572227, 34.36226867978904 ], [ 73.400838542047353, 34.366147777210323 ], [ 73.39609684500725, 34.371607697673092 ], [ 73.396060031148608, 34.373082227167828 ], [ 73.399124970608597, 34.375478582885492 ], [ 73.409151492397768, 34.377581985199143 ], [ 73.410457762296815, 34.380262533772616 ], [ 73.410721336086013, 34.384565171563935 ], [ 73.413911369542589, 34.391059217112499 ], [ 73.41400994617031, 34.394737498363071 ], [ 73.423233860084054, 34.418863031258063 ], [ 73.463853000252385, 34.408609000288543 ], [ 73.485822000313135, 34.405492999831353 ], [ 73.554131000343702, 34.385379000260336 ], [ 73.658173999619635, 34.371703999634796 ] ] ] } },
{ "type": "Feature", "properties": { "pincode": "193201", "officename": "Sopore S.O", "officetype": "S.O", "circle": "Jammu And Kashmir", "region": "Div Reporting", "division": "Baramulla", "state": "Jammu And Kashmir", "district": "Baramulla" }, "geometry": { "type": "Polygon", "coordinates": [ [ [ 74.401033000417328, 34.404812999653394 ], [ 74.401816999691647, 34.386442000200113 ], [ 74.412288999623499, 34.374045000193782 ], [ 74.439043999837537, 34.376931999878941 ], [ 74.483700000009435, 34.384104000212439 ], [ 74.510305000435622, 34.379984000199229 ], [ 74.531764999785054, 34.365118999653347 ], [ 74.532622999577526, 34.360017999976499 ], [ 74.539833000218749, 34.348537999902206 ], [ 74.54755799962247, 34.340459999815558 ], [ 74.5602609996984, 34.339184000132803 ], [ 74.570904000232758, 34.332663000044789 ], [ 74.567471000339623, 34.313949999906285 ], [ 74.562491999842479, 34.306576999850989 ], [ 74.5602609996984, 34.300620999771731 ], [ 74.554424000307094, 34.291545000047122 ], [ 74.541549999628629, 34.275801000075781 ], [ 74.534339999885717, 34.264593999695983 ], [ 74.542065000187733, 34.257215999739962 ], [ 74.549618000062338, 34.255940000072577 ], [ 74.555453999628696, 34.251114999747209 ], [ 74.557685999597709, 34.24217599972711 ], [ 74.56523900037061, 34.228977000275904 ], [ 74.568500999661225, 34.22514499970854 ], [ 74.570560000276188, 34.217480000138188 ], [ 74.479056999971277, 34.212461999966877 ], [ 74.461335000113564, 34.213867999837774 ], [ 74.449682000349043, 34.199411999768941 ], [ 74.435116000375032, 34.210655000098825 ], [ 74.455143999821601, 34.225108999732512 ], [ 74.434388000278901, 34.234542999865887 ], [ 74.447982999584184, 34.236951000090428 ], [ 74.436063999680883, 34.239124999783471 ], [ 74.418110999844501, 34.244158999832003 ], [ 74.40559400043972, 34.240331000046069 ], [ 74.401388000244552, 34.240898999665298 ], [ 74.398126999880546, 34.243595000290547 ], [ 74.394693000162476, 34.250476999877982 ], [ 74.384377999691154, 34.253205999731207 ], [ 74.382192999577796, 34.260629999844419 ], [ 74.383893000167561, 34.275877999904793 ], [ 74.381708000054218, 34.280692000070438 ], [ 74.384049999628076, 34.286863999719557 ], [ 74.385680999722553, 34.288850000300201 ], [ 74.39907099988676, 34.283035000124045 ], [ 74.409369999566209, 34.284170000305558 ], [ 74.436149999894596, 34.294948000084112 ], [ 74.425850000390241, 34.302818999987807 ], [ 74.419927999711788, 34.302889999905069 ], [ 74.418382999831067, 34.304450000121307 ], [ 74.414605999981305, 34.305016999817873 ], [ 74.403790999917788, 34.301755000288345 ], [ 74.400615999767496, 34.302534999718603 ], [ 74.403447999786124, 34.305300000315135 ], [ 74.404134999874401, 34.310263000191853 ], [ 74.409541999993664, 34.313169999661241 ], [ 74.409799999736535, 34.314163000180287 ], [ 74.409971000339084, 34.315793000174487 ], [ 74.404992999666888, 34.31962100004732 ], [ 74.40765399998125, 34.323235999972127 ], [ 74.413061000100555, 34.32196000018169 ], [ 74.420270999843481, 34.323235999972127 ], [ 74.419498000439802, 34.328056000228756 ], [ 74.4128889996731, 34.329828000023191 ], [ 74.422245000069623, 34.333300999988936 ], [ 74.423360999604952, 34.334081000076608 ], [ 74.423189000075823, 34.335073000270583 ], [ 74.420527999761418, 34.337979000232316 ], [ 74.418125000088196, 34.339112999759287 ], [ 74.41426299984964, 34.339325999957666 ], [ 74.389886999917678, 34.336702999891806 ], [ 74.383965000137593, 34.352648000039579 ], [ 74.382903000130582, 34.362695000245694 ], [ 74.377440999759727, 34.369227999887215 ], [ 74.375703000433447, 34.378950999777167 ], [ 74.373406999992028, 34.386476999965815 ], [ 74.370661000187127, 34.389806000011092 ], [ 74.35771600026186, 34.395445000095577 ], [ 74.354032000298531, 34.39595500021489 ], [ 74.354096999697546, 34.396990999664006 ], [ 74.350163000387255, 34.398847000066617 ], [ 74.347745663602126, 34.404901407778759 ], [ 74.347989000144565, 34.41304599965062 ], [ 74.351474999741185, 34.417245999985504 ], [ 74.375458000211069, 34.424653999846086 ], [ 74.386618999880994, 34.422571999712737 ], [ 74.401705000436976, 34.405683999646797 ], [ 74.401033000417328, 34.404812999653394 ] ] ] } },
{ "type": "Feature", "properties": { "pincode": "193221", "officename": "Handwara S.O", "officetype": "S.O", "circle": "Jammu And Kashmir", "region": "Div Reporting", "division": "Baramulla", "state": "Jammu And Kashmir", "district": "Baramulla" }, "geometry": { "type": "Polygon", "coordinates": [ [ [ 74.277619999674158, 34.443300000089693 ], [ 74.287405000416044, 34.439972999850056 ], [ 74.292270000212042, 34.442151000077224 ], [ 74.303244000284238, 34.423800999952299 ], [ 74.307777999644131, 34.423728999800971 ], [ 74.313079000356538, 34.421939000353532 ], [ 74.322514000395728, 34.421757999920253 ], [ 74.325528999814168, 34.401809999976955 ], [ 74.331099000140057, 34.406032000288818 ], [ 74.338388000424004, 34.401620000087611 ], [ 74.341951000013523, 34.401939999730672 ], [ 74.342895999844629, 34.406705000007044 ], [ 74.347252999652525, 34.405699000017414 ], [ 74.350163000387255, 34.398847000066617 ], [ 74.354096999697546, 34.396990999664006 ], [ 74.354032000298531, 34.39595500021489 ], [ 74.323928999681826, 34.393551000180103 ], [ 74.31227699974221, 34.391747999872969 ], [ 74.303293999614624, 34.388342000314083 ], [ 74.292127000096912, 34.380930000214867 ], [ 74.293584000114095, 34.370309999757211 ], [ 74.300137999730907, 34.360691000344083 ], [ 74.305722000300534, 34.359287999927474 ], [ 74.309848999954653, 34.350670000175441 ], [ 74.30693599974515, 34.347463999730493 ], [ 74.294554999884511, 34.341651000289787 ], [ 74.298819999630865, 34.32415799969219 ], [ 74.291782000315422, 34.324441000212069 ], [ 74.282856000089225, 34.320472000333297 ], [ 74.290408999963816, 34.317353000319436 ], [ 74.304485000391338, 34.315935000267487 ], [ 74.307232000021173, 34.310263000191853 ], [ 74.288006000290594, 34.298918999984906 ], [ 74.294014000284434, 34.297216999847549 ], [ 74.310153999553165, 34.285020999900425 ], [ 74.301566000334091, 34.284879000231228 ], [ 74.296756999716294, 34.278070000238614 ], [ 74.276155999984269, 34.275658999675862 ], [ 74.277531999810606, 34.271828999675094 ], [ 74.271179000035289, 34.270410000153909 ], [ 74.27581500040074, 34.26828200013405 ], [ 74.222929000311723, 34.257783999744291 ], [ 74.18718299957419, 34.230775999629373 ], [ 74.211267000326387, 34.289559000077638 ], [ 74.199252999988545, 34.287005999745752 ], [ 74.194280000237498, 34.288515000169809 ], [ 74.175831000108545, 34.286909999827515 ], [ 74.159321000045651, 34.278886999711816 ], [ 74.13455599995126, 34.278486000291224 ], [ 74.131902000207859, 34.321403000083038 ], [ 74.158120000121457, 34.33423399970517 ], [ 74.165997999686056, 34.33953799973979 ], [ 74.155997999757332, 34.342586000260781 ], [ 74.140978000221892, 34.350168000365947 ], [ 74.135655999593084, 34.357892000314756 ], [ 74.130677999819198, 34.370609999987678 ], [ 74.12926199980987, 34.380208000303391 ], [ 74.140034000215678, 34.390089999873453 ], [ 74.158100999854895, 34.386584000027248 ], [ 74.164022999635009, 34.391577000038978 ], [ 74.169429999754314, 34.392497999921666 ], [ 74.177594000447513, 34.395758000012478 ], [ 74.184430000096583, 34.399279000344229 ], [ 74.190052000301051, 34.410290999971608 ], [ 74.192532999792064, 34.412559000015634 ], [ 74.210038999739723, 34.417575000011915 ], [ 74.223273000268335, 34.418363000056011 ], [ 74.235290000080894, 34.413680999836707 ], [ 74.247386000434531, 34.418699000058616 ], [ 74.251399000285829, 34.4252129998562 ], [ 74.249724999635319, 34.441247000344362 ], [ 74.211488000259308, 34.447723999965554 ], [ 74.215435999813295, 34.461135999640135 ], [ 74.226294000432844, 34.466019000060328 ], [ 74.241570999886221, 34.464673999869717 ], [ 74.255732999629174, 34.460922999680129 ], [ 74.277619999674158, 34.443300000089693 ] ] ] } },
{ "type": "Feature", "properties": { "pincode": "193222", "officename": "Kupwara S.O", "officetype": "S.O", "circle": "Jammu And Kashmir", "region": "Div Reporting", "division": "Baramulla", "state": "Jammu And Kashmir", "district": "Baramulla" }, "geometry": { "type": "Polygon", "coordinates": [ [ [ 74.538854000052439, 35.068564000217805 ], [ 74.53006599991852, 35.060131999933112 ], [ 74.529073000406797, 35.051286000134112 ], [ 74.530730000440528, 35.046175999733371 ], [ 74.555524999773823, 35.031348000086439 ], [ 74.560473000308804, 35.026020999883414 ], [ 74.568832000097331, 35.024712000262262 ], [ 74.578374000266678, 35.024323000226133 ], [ 74.585093999564805, 35.018122000264775 ], [ 74.587778000343761, 35.006360000351471 ], [ 74.585015999747, 34.997935999660363 ], [ 74.581003999720608, 34.991475000315909 ], [ 74.576299999583114, 34.986535000220407 ], [ 74.570531999788798, 34.975630999776136 ], [ 74.569750000164277, 34.962281999696565 ], [ 74.577010999960834, 34.913918999847375 ], [ 74.582767999884481, 34.899232999631998 ], [ 74.574998000274931, 34.884896000188292 ], [ 74.561403000071309, 34.878125000314768 ], [ 74.53906199956657, 34.863385999878219 ], [ 74.499256000020395, 34.864580999958818 ], [ 74.478379000103857, 34.860199000193191 ], [ 74.461874000063801, 34.855417999695668 ], [ 74.438334000183048, 34.845058000243547 ], [ 74.43323599986023, 34.824933000096792 ], [ 74.419156000133029, 34.81078200030246 ], [ 74.355075999863828, 34.796828000357785 ], [ 74.379346000388878, 34.795631999664572 ], [ 74.418395000424923, 34.789851000240631 ], [ 74.440481999588144, 34.790049999918487 ], [ 74.460140999862105, 34.792642000228675 ], [ 74.480528000232184, 34.791446000047983 ], [ 74.497120000310858, 34.793083000201783 ], [ 74.522696000342037, 34.784413000031627 ], [ 74.531876999938035, 34.784694999982747 ], [ 74.542523999772072, 34.783777999895349 ], [ 74.561566000277949, 34.780676999737771 ], [ 74.582845999702286, 34.773344999830087 ], [ 74.58919299962983, 34.769184999702624 ], [ 74.59597099955262, 34.763191999777121 ], [ 74.600604000443326, 34.752754999845941 ], [ 74.606147999931679, 34.737100000001561 ], [ 74.599775999889758, 34.723433000301526 ], [ 74.590699000050861, 34.710612000343389 ], [ 74.569516999637457, 34.691775999865889 ], [ 74.566574000189064, 34.686187000093433 ], [ 74.566457000013202, 34.681869999766441 ], [ 74.56523900037061, 34.680746999692751 ], [ 74.565667999817705, 34.678775999732693 ], [ 74.563665000177565, 34.671888000336303 ], [ 74.566334999814458, 34.647426999630852 ], [ 74.563117999831377, 34.637890000199903 ], [ 74.558805000404419, 34.628700999644629 ], [ 74.547519999987614, 34.623258000298883 ], [ 74.547900999754134, 34.605802000231144 ], [ 74.541204999847125, 34.58993900001267 ], [ 74.533436000062466, 34.582743999818007 ], [ 74.530733999740164, 34.572874999963545 ], [ 74.529535000364163, 34.572206999805857 ], [ 74.493380000271017, 34.57604800008685 ], [ 74.409869000231836, 34.563654000228262 ], [ 74.39388399987547, 34.564013999671808 ], [ 74.342380000358915, 34.562453999706207 ], [ 74.30693599974515, 34.556855999889713 ], [ 74.305478999727967, 34.538059999650486 ], [ 74.31664600014399, 34.511659000337204 ], [ 74.315189999951713, 34.486450000085938 ], [ 74.309278000217347, 34.467386000018202 ], [ 74.29942100040374, 34.445352999760495 ], [ 74.287405000416044, 34.439972999850056 ], [ 74.277619999674158, 34.443300000089693 ], [ 74.255732999629174, 34.460922999680129 ], [ 74.241570999886221, 34.464673999869717 ], [ 74.226294000432844, 34.466019000060328 ], [ 74.215435999813295, 34.461135999640135 ], [ 74.211488000259308, 34.447723999965554 ], [ 74.249724999635319, 34.441247000344362 ], [ 74.251399000285829, 34.4252129998562 ], [ 74.247386000434531, 34.418699000058616 ], [ 74.235290000080894, 34.413680999836707 ], [ 74.223273000268335, 34.418363000056011 ], [ 74.210038999739723, 34.417575000011915 ], [ 74.192532999792064, 34.412559000015634 ], [ 74.187242000023716, 34.416133000107223 ], [ 74.176769000266958, 34.430533000224585 ], [ 74.158401000328865, 34.445423999711458 ], [ 74.121451000192437, 34.455045999748954 ], [ 74.08012400015663, 34.462976000194473 ], [ 74.048537999583488, 34.472599000090888 ], [ 74.030685000204485, 34.48222199970477 ], [ 74.003220000335972, 34.499766000309407 ], [ 74.013519000015449, 34.539368999719841 ], [ 74.047051000327357, 34.575861000296548 ], [ 74.113770000271344, 34.654673999673783 ], [ 74.143653999706601, 34.657860999808136 ], [ 74.14747999996014, 34.658769000257088 ], [ 74.147951999963254, 34.662298999870991 ], [ 74.147093000345834, 34.664063999811027 ], [ 74.144920999752998, 34.664929000253196 ], [ 74.141975999756454, 34.677329000108905 ], [ 74.139305000294627, 34.685413999812205 ], [ 74.136269999886423, 34.691302000039158 ], [ 74.133599000424582, 34.695594000102325 ], [ 74.123037000081069, 34.705572999756249 ], [ 74.105800999571827, 34.713355999678662 ], [ 74.097788000288034, 34.714253999753346 ], [ 74.092130000098564, 34.720592000253269 ], [ 74.069643000003964, 34.729339000290601 ], [ 74.051786000427015, 34.739778999697037 ], [ 74.002693999906199, 34.753884000099042 ], [ 73.950518000369996, 34.794036999676948 ], [ 73.919373961035163, 34.811648032122321 ], [ 73.922708268417935, 34.813809415191294 ], [ 73.925767674255795, 34.817561597968336 ], [ 73.928934508720175, 34.830461392712856 ], [ 73.930468142217606, 34.832389831685369 ], [ 73.93268708337736, 34.833129559922007 ], [ 73.938276475635291, 34.832767539538494 ], [ 73.951349495370025, 34.83363876123083 ], [ 73.95798570700498, 34.835542127999986 ], [ 73.960997543455278, 34.838559281677469 ], [ 73.96117645552053, 34.843074750401023 ], [ 73.964146925450308, 34.847356166868266 ], [ 73.965229764575241, 34.8501466398221 ], [ 73.964693421841616, 34.851644230458618 ], [ 73.966405313430784, 34.854300445734879 ], [ 73.967435588535196, 34.863826206197231 ], [ 73.976610764353211, 34.863612593701234 ], [ 73.992722523284357, 34.865917300157349 ], [ 73.999093731012195, 34.868850833667601 ], [ 73.99963297440587, 34.874697169380788 ], [ 74.000507704422219, 34.875232184050738 ], [ 74.005681487520718, 34.873264997724391 ], [ 74.015036974979196, 34.875247555180124 ], [ 74.016860624176232, 34.873320657757041 ], [ 74.020433833118943, 34.8724634995421 ], [ 74.026268955929609, 34.874033566853697 ], [ 74.029915700063171, 34.87628112862005 ], [ 74.030798641579494, 34.883032362528972 ], [ 74.038387621676179, 34.887743589486377 ], [ 74.041967073910101, 34.891030097399117 ], [ 74.041651952993249, 34.892541455259142 ], [ 74.035934198667732, 34.89879503775277 ], [ 74.034722841168346, 34.901499441565775 ], [ 74.034349935222551, 34.906236918277123 ], [ 74.036500285518741, 34.911086841094239 ], [ 74.037200210567306, 34.919227871454829 ], [ 74.038867000441016, 34.92110712218625 ], [ 74.047933860097018, 34.922870721118983 ], [ 74.053665172695119, 34.924905006530082 ], [ 74.064375395958848, 34.932231562065304 ], [ 74.069928655281146, 34.933697892710079 ], [ 74.071170448600654, 34.935481569502777 ], [ 74.066839328357815, 34.951686689640262 ], [ 74.064146162966338, 34.957223613534332 ], [ 74.064957638111949, 34.960869405874284 ], [ 74.064419444848838, 34.963197021960603 ], [ 74.060957405117463, 34.967733764424899 ], [ 74.062222198003226, 34.973890901587431 ], [ 74.061034412296877, 34.97693960563408 ], [ 74.061551243622532, 34.98036891987028 ], [ 74.063291144682282, 34.983280458321069 ], [ 74.059772726683704, 34.987013872388609 ], [ 74.059002968401572, 34.990042933402279 ], [ 74.059324834767892, 34.992675532271463 ], [ 74.065554239834853, 34.997794194883419 ], [ 74.089608801896873, 35.001779743299537 ], [ 74.094824076381698, 35.004256673226756 ], [ 74.095146231107222, 35.007279797660999 ], [ 74.097495255506615, 35.010483669832993 ], [ 74.103688027276277, 35.014242885473372 ], [ 74.109746957255169, 35.016074678583394 ], [ 74.105878402908303, 35.018374776905475 ], [ 74.103437754841508, 35.021896399735553 ], [ 74.101972455289399, 35.026568878081214 ], [ 74.098221623363884, 35.03217757491025 ], [ 74.094877981586961, 35.033992205220621 ], [ 74.091875090560265, 35.03266043738477 ], [ 74.089433367210091, 35.03295941817661 ], [ 74.077963645323123, 35.03865397673929 ], [ 74.076716864557127, 35.041658586920832 ], [ 74.073419900140678, 35.045772046564238 ], [ 74.066737490845625, 35.046269369837646 ], [ 74.071483702818341, 35.051754962576219 ], [ 74.071585483736669, 35.053223219434891 ], [ 74.073584405923725, 35.054602531027079 ], [ 74.07116689756036, 35.058490486125471 ], [ 74.072939301463677, 35.061445503544739 ], [ 74.079896539540186, 35.068115984360055 ], [ 74.080818017883885, 35.070098126640737 ], [ 74.081914571588285, 35.079437061314735 ], [ 74.088398622987157, 35.08410390966538 ], [ 74.093872510764172, 35.091948064103235 ], [ 74.100291238472209, 35.097261840296611 ], [ 74.101430391185701, 35.099141508486923 ], [ 74.111396590205246, 35.100697278953071 ], [ 74.119146701114417, 35.104198193744573 ], [ 74.132388744259742, 35.102927862440559 ], [ 74.133550295566522, 35.103517335167886 ], [ 74.133744909284601, 35.104646792669996 ], [ 74.144667000208102, 35.095790999796705 ], [ 74.156105999712366, 35.090877000037665 ], [ 74.19131099995154, 35.090921999825397 ], [ 74.215142999910341, 35.093715000233196 ], [ 74.220221000141649, 35.088584999767562 ], [ 74.21754700030678, 35.082227999732204 ], [ 74.219932000436671, 35.075334999677473 ], [ 74.223489000178375, 35.073599999961381 ], [ 74.226978999972928, 35.074296000310113 ], [ 74.235225999608474, 35.081387999745544 ], [ 74.240222999648978, 35.079138999761796 ], [ 74.24249700034909, 35.072243000085656 ], [ 74.241406999854675, 35.06005899996989 ], [ 74.245134000374023, 35.052109999791519 ], [ 74.255874999919385, 35.044200000216513 ], [ 74.265172999691245, 35.040857000303909 ], [ 74.277694000192298, 35.043969999768876 ], [ 74.288226000398609, 35.047677000325407 ], [ 74.291546000313858, 35.054674999787807 ], [ 74.292705999331815, 35.064517002419088 ], [ 74.305231000030844, 35.067627000233379 ], [ 74.331234999684199, 35.066924000000569 ], [ 74.347516000316588, 35.064871000350642 ], [ 74.375664000075389, 35.065996999880959 ], [ 74.381975999842822, 35.067819999698166 ], [ 74.399562000156422, 35.091821999920668 ], [ 74.410615999696233, 35.101293999666993 ], [ 74.41528600039689, 35.111736000235069 ], [ 74.427047000116417, 35.119506000011441 ], [ 74.438739000238982, 35.130068000207004 ], [ 74.439940000163162, 35.125942999669853 ], [ 74.45849999972188, 35.125266000090889 ], [ 74.49944199979322, 35.115586000153201 ], [ 74.51224000030372, 35.1035430002037 ], [ 74.519737999926704, 35.092851999936514 ], [ 74.539797000233733, 35.074976999953634 ], [ 74.538854000052439, 35.068564000217805 ] ] ] } },
{ "type": "Feature", "properties": { "pincode": "193223", "officename": "Sogam S.O", "officetype": "S.O", "circle": "Jammu And Kashmir", "region": "Div Reporting", "division": "Baramulla", "state": "Jammu And Kashmir", "district": "Baramulla" }, "geometry": { "type": "Polygon", "coordinates": [ [ [ 74.533436000062466, 34.582743999818007 ], [ 74.548113876221947, 34.57218232248681 ], [ 74.552734058153575, 34.570116694259667 ], [ 74.613792000042849, 34.563254000251945 ], [ 74.631280000447163, 34.562010000347634 ], [ 74.628176000441954, 34.560855000131056 ], [ 74.617797000396564, 34.561555000338743 ], [ 74.617130000399754, 34.560004999885265 ], [ 74.618890000365667, 34.545258999649199 ], [ 74.619527000225204, 34.519993999748216 ], [ 74.618840000136956, 34.516706000342474 ], [ 74.619268999584051, 34.50563700011034 ], [ 74.616178999822552, 34.490180999835893 ], [ 74.610686000387844, 34.488978000290913 ], [ 74.596696000174006, 34.490145999796951 ], [ 74.594850999819315, 34.489579999793214 ], [ 74.593263000280871, 34.487315999868251 ], [ 74.593562999856516, 34.475959999863981 ], [ 74.577255000358278, 34.469769000309505 ], [ 74.576611999752629, 34.468070999851101 ], [ 74.577513000101149, 34.46166699990745 ], [ 74.540305000221835, 34.4586229999761 ], [ 74.534940999760238, 34.455438999643093 ], [ 74.533996999754024, 34.433814999898217 ], [ 74.523010000161392, 34.419937999700529 ], [ 74.492454999633082, 34.398412000040437 ], [ 74.483700000009435, 34.384104000212439 ], [ 74.439043999837537, 34.376931999878941 ], [ 74.412288999623499, 34.374045000193782 ], [ 74.401816999691647, 34.386442000200113 ], [ 74.401033000417328, 34.404812999653394 ], [ 74.401705000436976, 34.405683999646797 ], [ 74.386618999880994, 34.422571999712737 ], [ 74.375458000211069, 34.424653999846086 ], [ 74.351474999741185, 34.417245999985504 ], [ 74.347989000144565, 34.41304599965062 ], [ 74.347837999633526, 34.404956999855912 ], [ 74.347252999652525, 34.405699000017414 ], [ 74.342895999844629, 34.406705000007044 ], [ 74.341951000013523, 34.401939999730672 ], [ 74.338388000424004, 34.401620000087611 ], [ 74.331099000140057, 34.406032000288818 ], [ 74.325528999814168, 34.401809999976955 ], [ 74.322514000395728, 34.421757999920253 ], [ 74.313079000356538, 34.421939000353532 ], [ 74.307777999644131, 34.423728999800971 ], [ 74.303244000284238, 34.423800999952299 ], [ 74.292270000212042, 34.442151000077224 ], [ 74.29942100040374, 34.445352999760495 ], [ 74.309278000217347, 34.467386000018202 ], [ 74.315189999951713, 34.486450000085938 ], [ 74.31664600014399, 34.511659000337204 ], [ 74.305478999727967, 34.538059999650486 ], [ 74.30693599974515, 34.556855999889713 ], [ 74.342380000358915, 34.562453999706207 ], [ 74.39388399987547, 34.564013999671808 ], [ 74.409869000231836, 34.563654000228262 ], [ 74.493380000271017, 34.57604800008685 ], [ 74.529535000364163, 34.572206999805857 ], [ 74.530733999740164, 34.572874999963545 ], [ 74.533436000062466, 34.582743999818007 ] ] ] } },
{ "type": "Feature", "properties": { "pincode": "193224", "officename": "Trehgam S.O", "officetype": "S.O", "circle": "Jammu And Kashmir", "region": "Div Reporting", "division": "Baramulla", "state": "Jammu And Kashmir", "district": "Baramulla" }, "geometry": { "type": "Polygon", "coordinates": [ [ [ 73.901880679435322, 34.817077304337943 ], [ 73.904912196176852, 34.812835854968824 ], [ 73.919373961035163, 34.811648032122321 ], [ 73.950518000369996, 34.794036999676948 ], [ 74.002693999906199, 34.753884000099042 ], [ 74.051786000427015, 34.739778999697037 ], [ 74.069643000003964, 34.729339000290601 ], [ 74.092130000098564, 34.720592000253269 ], [ 74.097788000288034, 34.714253999753346 ], [ 74.105800999571827, 34.713355999678662 ], [ 74.123037000081069, 34.705572999756249 ], [ 74.133599000424582, 34.695594000102325 ], [ 74.137664999979322, 34.68879299984188 ], [ 74.141975999756454, 34.677329000108905 ], [ 74.144920999752998, 34.664929000253196 ], [ 74.147093000345834, 34.664063999811027 ], [ 74.147951999963254, 34.662298999870991 ], [ 74.14747999996014, 34.658769000257088 ], [ 74.113770000271344, 34.654673999673783 ], [ 74.047051000327357, 34.575861000296548 ], [ 74.013519000015449, 34.539368999719841 ], [ 74.003220000335972, 34.499766000309407 ], [ 74.030685000204485, 34.48222199970477 ], [ 74.048537999583488, 34.472599000090888 ], [ 74.08012400015663, 34.462976000194473 ], [ 74.121451000192437, 34.455045999748954 ], [ 74.158401000328865, 34.445423999711458 ], [ 74.176769000266958, 34.430533000224585 ], [ 74.187242000023716, 34.416133000107223 ], [ 74.192532999792064, 34.412559000015634 ], [ 74.190052000301051, 34.410290999971608 ], [ 74.184430000096583, 34.399279000344229 ], [ 74.169429999754314, 34.392497999921666 ], [ 74.164022999635009, 34.391577000038978 ], [ 74.158100999854895, 34.386584000027248 ], [ 74.140034000215678, 34.390089999873453 ], [ 74.12926199980987, 34.380208000303391 ], [ 74.130677999819198, 34.370609999987678 ], [ 74.135655999593084, 34.357892000314756 ], [ 74.140978000221892, 34.350168000365947 ], [ 74.155997999757332, 34.342586000260781 ], [ 74.165997999686056, 34.33953799973979 ], [ 74.158120000121457, 34.33423399970517 ], [ 74.131902000207859, 34.321403000083038 ], [ 74.121098999839901, 34.323307999756452 ], [ 74.117214000035133, 34.327016999750803 ], [ 74.1155150001686, 34.33423399970517 ], [ 74.10641099966719, 34.341550999648057 ], [ 74.09063100024855, 34.347864000076321 ], [ 74.078735999736395, 34.350971000005408 ], [ 74.061256999552938, 34.351471999723387 ], [ 74.059315000012134, 34.354277999944507 ], [ 74.056523000176497, 34.363096000177883 ], [ 74.05870800028984, 34.367604999831968 ], [ 74.060771000204412, 34.374818000222049 ], [ 74.060285999782536, 34.378124999965827 ], [ 74.053367000292752, 34.381630999654007 ], [ 74.043778000267778, 34.383234000339058 ], [ 74.033702999995953, 34.382232000342896 ], [ 74.020229000166168, 34.382532000129899 ], [ 74.011246999863488, 34.378925999817156 ], [ 74.001535999639742, 34.378825999902539 ], [ 73.983511999658234, 34.382995000185183 ], [ 73.989560999659972, 34.410419000346273 ], [ 73.990517000260041, 34.430132999773669 ], [ 73.837548000144679, 34.422693000227035 ], [ 73.827472999872853, 34.425396999735185 ], [ 73.831843000099539, 34.425296000177951 ], [ 73.831063000124857, 34.42619499968599 ], [ 73.840853999816233, 34.426050000156323 ], [ 73.842992000073906, 34.427097000095451 ], [ 73.84036900029264, 34.432788000080102 ], [ 73.842973999632235, 34.435102000037872 ], [ 73.846270000156352, 34.433264000046272 ], [ 73.848487999881627, 34.430816000130164 ], [ 73.879970999624319, 34.453254999954645 ], [ 73.887969999562756, 34.45292600036715 ], [ 73.888691999811101, 34.46521999991154 ], [ 73.885732999570905, 34.465357000031645 ], [ 73.886951000111779, 34.46858400006311 ], [ 73.883361999684695, 34.474591999892496 ], [ 73.881850000314216, 34.474617999883399 ], [ 73.882448999640616, 34.483706000316829 ], [ 73.885966999922616, 34.484510000052673 ], [ 73.891991999634868, 34.492646999956754 ], [ 73.890808000327496, 34.499762000321262 ], [ 73.896595000388373, 34.51312299997565 ], [ 73.899085999925134, 34.513451999839852 ], [ 73.899604999783918, 34.511947000077662 ], [ 73.901274000411519, 34.511258999909963 ], [ 73.902882000041473, 34.512133999923641 ], [ 73.903732000336348, 34.514510000177431 ], [ 73.905765000113718, 34.513784999941066 ], [ 73.909483000412251, 34.516185000132651 ], [ 73.911910000374903, 34.519010000334369 ], [ 73.905264999623213, 34.527936000150405 ], [ 73.930132999649715, 34.546908999745526 ], [ 73.952618999919423, 34.568951000172298 ], [ 73.815357000326074, 34.6427829997277 ], [ 73.721688313686428, 34.641520719122973 ], [ 73.692575788315466, 34.644057932019749 ], [ 73.69467654531978, 34.647016073858516 ], [ 73.695000294554944, 34.650052737999651 ], [ 73.69291882258311, 34.65330084466602 ], [ 73.66351183485196, 34.663222841890168 ], [ 73.660259171752074, 34.66610095360555 ], [ 73.658851382344452, 34.669950030940171 ], [ 73.659053747625151, 34.673097205247316 ], [ 73.666452354950138, 34.683187243785397 ], [ 73.668314157393937, 34.688365477169064 ], [ 73.670467864694359, 34.690164413607427 ], [ 73.675361659986777, 34.691001156461361 ], [ 73.678966821105845, 34.693577685121284 ], [ 73.681349493700807, 34.696944379662995 ], [ 73.684581098493808, 34.707532443299208 ], [ 73.687980625362826, 34.710854187902001 ], [ 73.697768281524731, 34.716418653585499 ], [ 73.704628279666622, 34.722006692451743 ], [ 73.707663873861236, 34.727553217888286 ], [ 73.711848545356602, 34.742937489815631 ], [ 73.719218133504654, 34.752394530662656 ], [ 73.720848193063048, 34.755899012292076 ], [ 73.722356538086927, 34.763406359837496 ], [ 73.729942180942317, 34.772221992539656 ], [ 73.731388358056975, 34.772894171102713 ], [ 73.735514840281454, 34.771658930612681 ], [ 73.737101861554578, 34.772535184471835 ], [ 73.746988648604699, 34.779459224464425 ], [ 73.756303137851916, 34.787354823059495 ], [ 73.767083135060389, 34.794237558346445 ], [ 73.772306834844258, 34.796108085690676 ], [ 73.776341157107154, 34.79540169401043 ], [ 73.783728429489898, 34.791389105752181 ], [ 73.800781135951951, 34.794726871236882 ], [ 73.804595517395597, 34.794555458798428 ], [ 73.818026414261425, 34.791321004583672 ], [ 73.821776014596679, 34.792098792537551 ], [ 73.824175781233208, 34.793673765851139 ], [ 73.83433107112846, 34.810257630649154 ], [ 73.837712339739383, 34.813155602023315 ], [ 73.843144178276305, 34.81427755415077 ], [ 73.853144557294073, 34.809301146671579 ], [ 73.856663190888298, 34.808510425366769 ], [ 73.862985129616078, 34.809591177675145 ], [ 73.870937331819746, 34.814069146082645 ], [ 73.87677922792767, 34.815591868109102 ], [ 73.882240564443578, 34.815238049970482 ], [ 73.888838736917805, 34.816620591182605 ], [ 73.894991766321027, 34.818969931943641 ], [ 73.899315713516344, 34.818772509490948 ], [ 73.901880679435322, 34.817077304337943 ] ] ] } },
{ "type": "Feature", "properties": { "pincode": "193225", "officename": "Tangdhar S.O", "officetype": "S.O", "circle": "Jammu And Kashmir", "region": "Div Reporting", "division": "Baramulla", "state": "Jammu And Kashmir", "district": "Baramulla" }, "geometry": { "type": "Polygon", "coordinates": [ [ [ 73.692575788315466, 34.644057932019749 ], [ 73.721688313686428, 34.641520719122973 ], [ 73.815357000326074, 34.6427829997277 ], [ 73.952618999919423, 34.568951000172298 ], [ 73.930132999649715, 34.546908999745526 ], [ 73.905264999623213, 34.527936000150405 ], [ 73.911910000374903, 34.519010000334369 ], [ 73.909483000412251, 34.516185000132651 ], [ 73.905765000113718, 34.513784999941066 ], [ 73.903732000336348, 34.514510000177431 ], [ 73.902882000041473, 34.512133999923641 ], [ 73.901274000411519, 34.511258999909963 ], [ 73.899604999783918, 34.511947000077662 ], [ 73.899085999925134, 34.513451999839852 ], [ 73.896595000388373, 34.51312299997565 ], [ 73.890808000327496, 34.499762000321262 ], [ 73.891991999634868, 34.492646999956754 ], [ 73.885966999922616, 34.484510000052673 ], [ 73.882448999640616, 34.483706000316829 ], [ 73.881850000314216, 34.474617999883399 ], [ 73.883361999684695, 34.474591999892496 ], [ 73.886951000111779, 34.46858400006311 ], [ 73.885732999570905, 34.465357000031645 ], [ 73.888691999811101, 34.46521999991154 ], [ 73.887969999562756, 34.45292600036715 ], [ 73.879970999624319, 34.453254999954645 ], [ 73.848487999881627, 34.430816000130164 ], [ 73.846270000156352, 34.433264000046272 ], [ 73.842973999632235, 34.435102000037872 ], [ 73.84036900029264, 34.432788000080102 ], [ 73.842992000073906, 34.427097000095451 ], [ 73.840853999816233, 34.426050000156323 ], [ 73.831063000124857, 34.42619499968599 ], [ 73.831843000099539, 34.425296000177951 ], [ 73.827472999872853, 34.425396999735185 ], [ 73.837548000144679, 34.422693000227035 ], [ 73.990517000260041, 34.430132999773669 ], [ 73.989560999659972, 34.410419000346273 ], [ 73.983511999658234, 34.382995000185183 ], [ 74.001535999639742, 34.378825999902539 ], [ 74.011246999863488, 34.378925999817156 ], [ 74.020229000166168, 34.382532000129899 ], [ 74.033702999995953, 34.382232000342896 ], [ 74.043778000267778, 34.383234000339058 ], [ 74.053367000292752, 34.381630999654007 ], [ 74.060285999782536, 34.378124999965827 ], [ 74.060771000204412, 34.374818000222049 ], [ 74.05870800028984, 34.367604999831968 ], [ 74.056523000176497, 34.363096000177883 ], [ 74.059315000012134, 34.354277999944507 ], [ 74.061256999552938, 34.351471999723387 ], [ 74.078735999736395, 34.350971000005408 ], [ 74.09063100024855, 34.347864000076321 ], [ 74.10641099966719, 34.341550999648057 ], [ 74.1155150001686, 34.33423399970517 ], [ 74.117214000035133, 34.327016999750803 ], [ 74.121098999839901, 34.323307999756452 ], [ 74.131902000207859, 34.321403000083038 ], [ 74.13455599995126, 34.278486000291224 ], [ 74.097657999693382, 34.279689000237006 ], [ 74.052999999871631, 34.262436000202278 ], [ 74.031087999712312, 34.256753999637617 ], [ 74.005905000041537, 34.254009000324167 ], [ 73.989398000351628, 34.278083999834912 ], [ 73.980904999770516, 34.288915999984511 ], [ 73.939387999763881, 34.316591000243733 ], [ 73.85249099968722, 34.340648999908247 ], [ 73.79035299985712, 34.349467999945162 ], [ 73.765114000109833, 34.363096000177883 ], [ 73.708614000377679, 34.371777999795782 ], [ 73.661917000032489, 34.371211999927937 ], [ 73.554131000343702, 34.385379000260336 ], [ 73.485822000313135, 34.405492999831353 ], [ 73.463853000252385, 34.408609000288543 ], [ 73.423233860084054, 34.418863031258063 ], [ 73.427737531421641, 34.426037616876876 ], [ 73.426011013463025, 34.439261731836382 ], [ 73.42578301475568, 34.456209949245824 ], [ 73.424507945143091, 34.460261631033809 ], [ 73.421800433656543, 34.463742428917072 ], [ 73.421942290216307, 34.466051004759549 ], [ 73.426987431871197, 34.473728759159471 ], [ 73.433515289614888, 34.480712455191259 ], [ 73.435167776512642, 34.484850903191692 ], [ 73.437266948888805, 34.506539716275974 ], [ 73.431184748950798, 34.519210586149214 ], [ 73.430806911254095, 34.521330589660984 ], [ 73.43127126210257, 34.522678633746445 ], [ 73.440869146465744, 34.527849041059916 ], [ 73.446299070692774, 34.539612517115792 ], [ 73.446538935246664, 34.543494846914498 ], [ 73.443473395712047, 34.555617438231884 ], [ 73.448251709879756, 34.567092602412124 ], [ 73.450462860849342, 34.569944637933233 ], [ 73.453838732381996, 34.571064120545714 ], [ 73.463937564958286, 34.571898465479819 ], [ 73.470211304579465, 34.56847611905323 ], [ 73.493240046282594, 34.574754810365967 ], [ 73.499575908897242, 34.574379214269129 ], [ 73.517163626789682, 34.570891704468913 ], [ 73.527177482333343, 34.570357113312916 ], [ 73.532176932977919, 34.570984079752755 ], [ 73.538710202172894, 34.573754184737908 ], [ 73.544748289440562, 34.578754574905588 ], [ 73.554969855240856, 34.589570954344246 ], [ 73.556131499972437, 34.589836464733018 ], [ 73.572278925613602, 34.58366831006434 ], [ 73.57697924804836, 34.583570082509141 ], [ 73.584964009689529, 34.58511780365334 ], [ 73.611149843627757, 34.584821364120806 ], [ 73.615629502099452, 34.581259502330305 ], [ 73.625188864008294, 34.575581945104965 ], [ 73.633009182748495, 34.562615010511095 ], [ 73.637327154350572, 34.560532262679239 ], [ 73.645997874034222, 34.560888836379149 ], [ 73.650263617585679, 34.561964252708279 ], [ 73.655162339239112, 34.572901529968291 ], [ 73.658582517478251, 34.576644071592526 ], [ 73.659799422972796, 34.579746897321947 ], [ 73.659855750934398, 34.584584065002176 ], [ 73.654126903313411, 34.596408625599409 ], [ 73.653755164279175, 34.600528050609427 ], [ 73.66773060639548, 34.618009685007415 ], [ 73.677870335673404, 34.627242334121398 ], [ 73.692575788315466, 34.644057932019749 ] ] ] } },
{ "type": "Feature", "properties": { "pincode": "193301", "officename": "Rohama S.O", "officetype": "S.O", "circle": "Jammu And Kashmir", "region": "Div Reporting", "division": "Baramulla", "state": "Jammu And Kashmir", "district": "Baramulla" }, "geometry": { "type": "Polygon", "coordinates": [ [ [ 74.358645000199431, 34.28550599990411 ], [ 74.363499999949696, 34.279488999633827 ], [ 74.374181999943815, 34.280892999869636 ], [ 74.381708000054218, 34.280692000070438 ], [ 74.383893000167561, 34.275877999904793 ], [ 74.382192999577796, 34.260629999844419 ], [ 74.384377999691154, 34.253205999731207 ], [ 74.390316000263098, 34.251186000279702 ], [ 74.387568999734981, 34.247355000103319 ], [ 74.390401999578501, 34.231816000249026 ], [ 74.389113999615731, 34.227842000206856 ], [ 74.375038000086505, 34.219041999640879 ], [ 74.365917999691533, 34.216255999800048 ], [ 74.359571999588894, 34.208290999974849 ], [ 74.349134999817167, 34.214652999794865 ], [ 74.337250000249057, 34.217949999830168 ], [ 74.304265000283308, 34.218283999670781 ], [ 74.297704999920441, 34.216415999800944 ], [ 74.260257999666536, 34.211681999956006 ], [ 74.243201999980684, 34.208111000333446 ], [ 74.198226999966536, 34.207543000215821 ], [ 74.177971000016058, 34.204988000227665 ], [ 74.176914000031928, 34.223015999681166 ], [ 74.222929000311723, 34.257783999744291 ], [ 74.27581500040074, 34.26828200013405 ], [ 74.271179000035289, 34.270410000153909 ], [ 74.277531999810606, 34.271828999675094 ], [ 74.276155999984269, 34.275658999675862 ], [ 74.296756999716294, 34.278070000238614 ], [ 74.301566000334091, 34.284879000231228 ], [ 74.310153999553165, 34.285020999900425 ], [ 74.294014000284434, 34.297216999847549 ], [ 74.334010999626344, 34.299770000107834 ], [ 74.358645000199431, 34.28550599990411 ] ] ] } },
{ "type": "Feature", "properties": { "pincode": "193302", "officename": "Langate S.O", "officetype": "S.O", "circle": "Jammu And Kashmir", "region": "Div Reporting", "division": "Baramulla", "state": "Jammu And Kashmir", "district": "Baramulla" }, "geometry": { "type": "Polygon", "coordinates": [ [ [ 74.354032000298531, 34.39595500021489 ], [ 74.35771600026186, 34.395445000095577 ], [ 74.370661000187127, 34.389806000011092 ], [ 74.373406999992028, 34.386476999965815 ], [ 74.375703000433447, 34.378950999777167 ], [ 74.377440999759727, 34.369227999887215 ], [ 74.382903000130582, 34.362695000245694 ], [ 74.383965000137593, 34.352648000039579 ], [ 74.389886999917678, 34.336702999891806 ], [ 74.374545999991895, 34.340547999691921 ], [ 74.369083999620997, 34.340046999971349 ], [ 74.344138999601583, 34.330111999953438 ], [ 74.340362999576755, 34.330961999955633 ], [ 74.334010999626344, 34.334506000333853 ], [ 74.329719999940679, 34.334506000333853 ], [ 74.326973000310872, 34.330111999953438 ], [ 74.31461300036662, 34.328127000317259 ], [ 74.310493000385193, 34.324299999728936 ], [ 74.298819999630865, 34.32415799969219 ], [ 74.294554999884511, 34.341651000289787 ], [ 74.30693599974515, 34.347463999730493 ], [ 74.309848999954653, 34.350670000175441 ], [ 74.305722000300534, 34.359287999927474 ], [ 74.300137999730907, 34.360691000344083 ], [ 74.293584000114095, 34.370309999757211 ], [ 74.292127000096912, 34.380930000214867 ], [ 74.303293999614624, 34.388342000314083 ], [ 74.31227699974221, 34.391747999872969 ], [ 74.323928999681826, 34.393551000180103 ], [ 74.354032000298531, 34.39595500021489 ] ] ] } },
{ "type": "Feature", "properties": { "pincode": "193303", "officename": "Dangiwacha S.O", "officetype": "S.O", "circle": "Jammu And Kashmir", "region": "Div Reporting", "division": "Baramulla", "state": "Jammu And Kashmir", "district": "Baramulla" }, "geometry": { "type": "Polygon", "coordinates": [ [ [ 74.374545999991895, 34.340547999691921 ], [ 74.389886999917678, 34.336702999891806 ], [ 74.41426299984964, 34.339325999957666 ], [ 74.418125000088196, 34.339112999759287 ], [ 74.420527999761418, 34.337979000232316 ], [ 74.423360999604952, 34.334081000076608 ], [ 74.4128889996731, 34.329828000023191 ], [ 74.419498000439802, 34.328056000228756 ], [ 74.420270999843481, 34.323235999972127 ], [ 74.413061000100555, 34.32196000018169 ], [ 74.40765399998125, 34.323235999972127 ], [ 74.404992999666888, 34.31962100004732 ], [ 74.409971000339084, 34.315793000174487 ], [ 74.409541999993664, 34.313169999661241 ], [ 74.404134999874401, 34.310263000191853 ], [ 74.403447999786124, 34.305300000315135 ], [ 74.400615999767496, 34.302534999718603 ], [ 74.403790999917788, 34.301755000288345 ], [ 74.414605999981305, 34.305016999817873 ], [ 74.418382999831067, 34.304450000121307 ], [ 74.419927999711788, 34.302889999905069 ], [ 74.425850000390241, 34.302818999987807 ], [ 74.436149999894596, 34.294948000084112 ], [ 74.409369999566209, 34.284170000305558 ], [ 74.39907099988676, 34.283035000124045 ], [ 74.385680999722553, 34.288850000300201 ], [ 74.384049999628076, 34.286863999719557 ], [ 74.381708000054218, 34.280692000070438 ], [ 74.374181999943815, 34.280892999869636 ], [ 74.363499999949696, 34.279488999633827 ], [ 74.358645000199431, 34.28550599990411 ], [ 74.334010999626344, 34.299770000107834 ], [ 74.294014000284434, 34.297216999847549 ], [ 74.288006000290594, 34.298918999984906 ], [ 74.307232000021173, 34.310263000191853 ], [ 74.304485000391338, 34.315935000267487 ], [ 74.290408999963816, 34.317353000319436 ], [ 74.282856000089225, 34.320472000333297 ], [ 74.291782000315422, 34.324441000212069 ], [ 74.310493000385193, 34.324299999728936 ], [ 74.31461300036662, 34.328127000317259 ], [ 74.326973000310872, 34.330111999953438 ], [ 74.329719999940679, 34.334506000333853 ], [ 74.334010999626344, 34.334506000333853 ], [ 74.340362999576755, 34.330961999955633 ], [ 74.344138999601583, 34.330111999953438 ], [ 74.369083999620997, 34.340046999971349 ], [ 74.374545999991895, 34.340547999691921 ] ] ] } },
{ "type": "Feature", "properties": { "pincode": "193306", "officename": "Rajpora", "officetype": "S.O", "circle": "Jammu And Kashmir", "region": "Div Reporting", "division": "Srinagar", "state": "Jammu And Kashmir", "district": "Srinagar" }, "geometry": { "type": "Polygon", "coordinates": [ [ [ 74.884051000381533, 33.850830000260167 ], [ 74.867998000253095, 33.840647999683988 ], [ 74.872004000431701, 33.83331299978051 ], [ 74.884839999678732, 33.83227900030262 ], [ 74.849274999589468, 33.819889000075996 ], [ 74.831310000057485, 33.794265000036297 ], [ 74.853158999569345, 33.78175399966721 ], [ 74.808247000202698, 33.764949000006233 ], [ 74.774259999606144, 33.809790999921198 ], [ 74.806365999862948, 33.841505000343986 ], [ 74.815954999887964, 33.833892999804021 ], [ 74.837015000102625, 33.848511000364397 ], [ 74.848303999819066, 33.842310999817087 ], [ 74.859227999662522, 33.846041000332697 ], [ 74.861048999727785, 33.852896000250887 ], [ 74.881502000220109, 33.857155000200699 ], [ 74.887510000213965, 33.854509000135756 ], [ 74.884051000381533, 33.850830000260167 ] ] ] } },
{ "type": "Feature", "properties": { "pincode": "193401", "officename": "Magam S.O", "officetype": "S.O", "circle": "Jammu And Kashmir", "region": "Div Reporting", "division": "Srinagar", "state": "Jammu And Kashmir", "district": "Srinagar" }, "geometry": { "type": "Polygon", "coordinates": [ [ [ 74.63615699993872, 34.136717999736497 ], [ 74.636351000107481, 34.120100999831244 ], [ 74.649824999937266, 34.113652000205718 ], [ 74.660603000190847, 34.117844999887168 ], [ 74.661108999630827, 34.124485000245294 ], [ 74.675486000357253, 34.118732999642383 ], [ 74.682420999740572, 34.109561999706465 ], [ 74.676758000426531, 34.103380999823791 ], [ 74.666350999893695, 34.1004659999384 ], [ 74.634305999736213, 34.078099000345823 ], [ 74.641391999630571, 34.065228000153354 ], [ 74.632809000434364, 34.062064000315665 ], [ 74.627208999971231, 34.05633900009601 ], [ 74.642498999843397, 34.033700000101639 ], [ 74.626182000124345, 34.041191000131121 ], [ 74.622488000115254, 34.038702000220809 ], [ 74.620395999888359, 34.03890699963889 ], [ 74.619268999584051, 34.037591000311643 ], [ 74.613755000232928, 34.035466000272351 ], [ 74.606321000184039, 34.036355000354341 ], [ 74.599514999773874, 34.038525999871183 ], [ 74.600560999887307, 34.04096700003808 ], [ 74.596630999876695, 34.046297999753961 ], [ 74.594386000387217, 34.046637000150298 ], [ 74.5934830003889, 34.045009000011525 ], [ 74.591093000236143, 34.04502199994851 ], [ 74.589981000000449, 34.040307999846419 ], [ 74.574956812519147, 34.035107509245748 ], [ 74.580621000304276, 34.04218500024546 ], [ 74.583013001903481, 34.047089175967685 ], [ 74.572194999670316, 34.047966000021255 ], [ 74.565158000179764, 34.044338999988476 ], [ 74.559982999864033, 34.042952000050256 ], [ 74.557708000237341, 34.044391999794229 ], [ 74.548880999745364, 34.046272999906016 ], [ 74.542303999664043, 34.05291000015113 ], [ 74.551915000328663, 34.058382000159831 ], [ 74.554908000005753, 34.06137299983245 ], [ 74.559433000043143, 34.070995999785602 ], [ 74.561557999882027, 34.073714999690075 ], [ 74.561116000016142, 34.081602999953837 ], [ 74.559154000383884, 34.087802000041542 ], [ 74.557397999717637, 34.089611999753153 ], [ 74.553547000248045, 34.089282999628871 ], [ 74.55359499992862, 34.091904999875965 ], [ 74.558602999839735, 34.092241999677462 ], [ 74.554184000107597, 34.092776000269112 ], [ 74.55436499985754, 34.093613999803196 ], [ 74.552939999627384, 34.094132999706112 ], [ 74.552810999755962, 34.095414999785369 ], [ 74.55491600040169, 34.098543999946884 ], [ 74.557131999578843, 34.098543999946884 ], [ 74.557675999551961, 34.099261000303784 ], [ 74.564847999660046, 34.098300999658399 ], [ 74.564871999949489, 34.100807000308563 ], [ 74.570300999810101, 34.102210000224609 ], [ 74.570967999806868, 34.100362999739623 ], [ 74.572341999983408, 34.102423999697272 ], [ 74.572685999939964, 34.105338000135397 ], [ 74.567837999862419, 34.1096869999608 ], [ 74.570334000320386, 34.110066000358685 ], [ 74.596312999859393, 34.108204999987997 ], [ 74.600636000230367, 34.126314999740224 ], [ 74.604500000118776, 34.126625999958407 ], [ 74.604755000386902, 34.127489000032902 ], [ 74.6076340002612, 34.129106999646702 ], [ 74.613597000049168, 34.126845999680064 ], [ 74.617270999966777, 34.126670000245952 ], [ 74.612665999563475, 34.128453999648961 ], [ 74.613999999557024, 34.130112000312813 ], [ 74.623867000314675, 34.134708000041641 ], [ 74.628707999821202, 34.138627000318507 ], [ 74.63615699993872, 34.136717999736497 ] ] ] } },
{ "type": "Feature", "properties": { "pincode": "193402", "officename": "Tangmarg S.O", "officetype": "S.O", "circle": "Jammu And Kashmir", "region": "Div Reporting", "division": "Srinagar", "state": "Jammu And Kashmir", "district": "Srinagar" }, "geometry": { "type": "Polygon", "coordinates": [ [ [ 74.393920999685392, 34.116920999689938 ], [ 74.434144999706319, 34.089308000180687 ], [ 74.465219000093413, 34.096144000355849 ], [ 74.468638999567773, 34.096119000335129 ], [ 74.468826999888762, 34.095289000216759 ], [ 74.466019999984496, 34.092701000176177 ], [ 74.467158000159472, 34.091820999676813 ], [ 74.468147000371502, 34.08899400000481 ], [ 74.466339999651652, 34.08822800011562 ], [ 74.465974999778652, 34.086593999693719 ], [ 74.462478000311378, 34.085286999698809 ], [ 74.462393999747505, 34.080914000292289 ], [ 74.457229000375833, 34.08093900033915 ], [ 74.456712999991808, 34.079606999677125 ], [ 74.466239000267606, 34.077319999920292 ], [ 74.472011000259897, 34.078070000181377 ], [ 74.471990000343496, 34.076247999703433 ], [ 74.474184999604262, 34.075572000093054 ], [ 74.479788000440465, 34.07676300031963 ], [ 74.483952999729411, 34.073226000042943 ], [ 74.480196999796078, 34.070630999869131 ], [ 74.480691000438782, 34.068480999651186 ], [ 74.475495000206678, 34.068551999888157 ], [ 74.474808999943349, 34.066915999808273 ], [ 74.476477999672653, 34.065333999660247 ], [ 74.474987000218576, 34.064240999748669 ], [ 74.472689999952252, 34.063502999742681 ], [ 74.470113000201721, 34.064213999643947 ], [ 74.463355000370441, 34.062730000169623 ], [ 74.462710999939901, 34.060969999694706 ], [ 74.460520999803677, 34.060472999944032 ], [ 74.463280000027368, 34.059734999869555 ], [ 74.464374999646324, 34.060170000182801 ], [ 74.463618999961099, 34.057553000289509 ], [ 74.465534999562607, 34.057610999770368 ], [ 74.466606999615337, 34.056322000099833 ], [ 74.4697080001458, 34.05587699968742 ], [ 74.470309000020308, 34.054597000010943 ], [ 74.469318000158452, 34.053778999833305 ], [ 74.47034800037838, 34.052464000126044 ], [ 74.475414999840723, 34.050587999821886 ], [ 74.475490000183797, 34.04890800004388 ], [ 74.473409999652461, 34.048775000276947 ], [ 74.473109000251895, 34.047743999942838 ], [ 74.470211000111021, 34.049317000056988 ], [ 74.460427999917286, 34.046899000221899 ], [ 74.445709999607317, 34.045548000365109 ], [ 74.441244999844386, 34.041884999687547 ], [ 74.449620000424744, 34.038862000154062 ], [ 74.449615000401906, 34.032888000334282 ], [ 74.452748999645991, 34.029508999694123 ], [ 74.452834999859732, 34.028407000111997 ], [ 74.448842000099916, 34.026912999857046 ], [ 74.444377000336971, 34.026627999896142 ], [ 74.441500000112512, 34.025311999942986 ], [ 74.436114999734514, 34.020155000159377 ], [ 74.432870999987244, 34.011768000051831 ], [ 74.408351000115275, 34.017854999676871 ], [ 74.401367000328179, 34.037563999906936 ], [ 74.402912000208886, 34.037119999793951 ], [ 74.406130000016915, 34.040623000045947 ], [ 74.406802999861483, 34.050456000044882 ], [ 74.408298000411818, 34.054276999676716 ], [ 74.410551000297218, 34.056055000281589 ], [ 74.413468999631263, 34.056036999962537 ], [ 74.411130000430433, 34.059858999804831 ], [ 74.396667000388618, 34.070295999825802 ], [ 74.377613000187182, 34.068871999903436 ], [ 74.380584999947885, 34.070533000306717 ], [ 74.381934999834968, 34.072821000334528 ], [ 74.38070600032168, 34.07684199973118 ], [ 74.376336000095023, 34.080914000292289 ], [ 74.368081999888474, 34.081114999686356 ], [ 74.367748999802558, 34.092172999635267 ], [ 74.364972000035522, 34.096244000364798 ], [ 74.353485999777249, 34.094259000251654 ], [ 74.325507000072847, 34.102978999916111 ], [ 74.327144999840016, 34.109104000296384 ], [ 74.381390000036916, 34.105977000201122 ], [ 74.393920999685392, 34.116920999689938 ] ] ] } },
{ "type": "Feature", "properties": { "pincode": "193403", "officename": "Gulmarg S.O", "officetype": "S.O", "circle": "Jammu And Kashmir", "region": "Div Reporting", "division": "Srinagar", "state": "Jammu And Kashmir", "district": "Srinagar" }, "geometry": { "type": "Polygon", "coordinates": [ [ [ 74.325507000072847, 34.102978999916111 ], [ 74.353485999777249, 34.094259000251654 ], [ 74.364972000035522, 34.096244000364798 ], [ 74.367748999802558, 34.092172999635267 ], [ 74.368081999888474, 34.081114999686356 ], [ 74.376336000095023, 34.080914000292289 ], [ 74.38070600032168, 34.07684199973118 ], [ 74.381934999834968, 34.072821000334528 ], [ 74.380584999947885, 34.070533000306717 ], [ 74.377613000187182, 34.068871999903436 ], [ 74.396667000388618, 34.070295999825802 ], [ 74.411130000430433, 34.059858999804831 ], [ 74.413468999631263, 34.056036999962537 ], [ 74.410551000297218, 34.056055000281589 ], [ 74.408298000411818, 34.054276999676716 ], [ 74.406802999861483, 34.050456000044882 ], [ 74.406130000016915, 34.040623000045947 ], [ 74.402912000208886, 34.037119999793951 ], [ 74.401367000328179, 34.037563999906936 ], [ 74.408351000115275, 34.017854999676871 ], [ 74.432870999987244, 34.011768000051831 ], [ 74.438150999884925, 34.009453999958922 ], [ 74.449682000349043, 33.999291000341614 ], [ 74.456722000212622, 33.989125999627767 ], [ 74.454659000298037, 33.985654000261611 ], [ 74.444560999561688, 33.982370999915346 ], [ 74.444765999601117, 33.965269999665296 ], [ 74.458847000051506, 33.956058000304587 ], [ 74.454112999776783, 33.943573000128971 ], [ 74.457996999756645, 33.934005999929838 ], [ 74.45805799985601, 33.923883999880061 ], [ 74.440821000420172, 33.906154999681 ], [ 74.432567000213638, 33.888220999821066 ], [ 74.430139000426038, 33.879152000315131 ], [ 74.396324000256925, 33.856445999854607 ], [ 74.38636799981083, 33.883385000031844 ], [ 74.364052000318736, 33.90717999981517 ], [ 74.353763999611601, 33.932890000089436 ], [ 74.351033999700235, 33.923160000255315 ], [ 74.344368999755361, 33.921487999844317 ], [ 74.330070999569969, 33.928479999942404 ], [ 74.30627499959617, 33.923880999629745 ], [ 74.296735999799878, 33.918310999899397 ], [ 74.291229999946395, 33.922348999858606 ], [ 74.297270999552168, 33.929425999712358 ], [ 74.312465000063185, 33.938251000176919 ], [ 74.306709999789348, 33.949607000035058 ], [ 74.297360000138937, 33.958739999905816 ], [ 74.29553900007366, 33.964366000277302 ], [ 74.28801100031346, 33.96787299989564 ], [ 74.313628000352523, 34.002428000203778 ], [ 74.300863000352322, 34.007500999669531 ], [ 74.282523000003309, 34.01009300023896 ], [ 74.268957000112025, 34.020169000126884 ], [ 74.2619580002563, 34.028306999683494 ], [ 74.252605000232847, 34.032337000080794 ], [ 74.24635299984152, 34.029685000139509 ], [ 74.245863000295088, 34.045831999649643 ], [ 74.230155999773075, 34.067733999704068 ], [ 74.241486000395724, 34.072853000266178 ], [ 74.242515999717327, 34.078256000319563 ], [ 74.230842999861324, 34.099581000330552 ], [ 74.249339999670866, 34.103757000355067 ], [ 74.271010999805767, 34.11066800032205 ], [ 74.300842000435907, 34.12485299983976 ], [ 74.327144999840016, 34.109104000296384 ], [ 74.325507000072847, 34.102978999916111 ] ] ] } },
{ "type": "Feature", "properties": { "pincode": "193404", "officename": "Kunzer S.O", "officetype": "S.O", "circle": "Jammu And Kashmir", "region": "Div Reporting", "division": "Srinagar", "state": "Jammu And Kashmir", "district": "Srinagar" }, "geometry": { "type": "Polygon", "coordinates": [ [ [ 74.485116000018721, 34.131996000079823 ], [ 74.488578000224223, 34.127850999712763 ], [ 74.493800000395581, 34.127223000184017 ], [ 74.497763000018168, 34.122714000291424 ], [ 74.493771000083271, 34.121796999895047 ], [ 74.488215000001048, 34.122412000356526 ], [ 74.488307999887482, 34.118203999872556 ], [ 74.489385999787999, 34.116936000329147 ], [ 74.491570999901299, 34.11658399999834 ], [ 74.491663999787747, 34.11348100025225 ], [ 74.497503999552094, 34.112815000113372 ], [ 74.499082999768007, 34.111709999658821 ], [ 74.492006999919411, 34.106572000338424 ], [ 74.499152000263308, 34.106144999937548 ], [ 74.500478999685853, 34.107833999644093 ], [ 74.502862000165919, 34.107017999638806 ], [ 74.503195000251822, 34.105303000038958 ], [ 74.508525000378256, 34.104964000055659 ], [ 74.513948000391068, 34.101854999690374 ], [ 74.517640999676914, 34.102175000321949 ], [ 74.520389000029937, 34.101144000371477 ], [ 74.518598999926809, 34.098335999675612 ], [ 74.523968000411301, 34.098556000089999 ], [ 74.524760999906448, 34.094534000165218 ], [ 74.52268899977102, 34.092436999945456 ], [ 74.520912000086682, 34.088868999684195 ], [ 74.529484000310546, 34.087825999652082 ], [ 74.532824000317277, 34.088981999993948 ], [ 74.539837000416696, 34.088944000196292 ], [ 74.540198000091735, 34.092097999752063 ], [ 74.543721000396559, 34.095376999899806 ], [ 74.553311000246481, 34.097350000260754 ], [ 74.554087000023216, 34.096754000209081 ], [ 74.552810999755962, 34.095414999785369 ], [ 74.552939999627384, 34.094132999706112 ], [ 74.55436499985754, 34.093613999803196 ], [ 74.554184000107597, 34.092776000269112 ], [ 74.558602999839735, 34.092241999677462 ], [ 74.55359499992862, 34.091904999875965 ], [ 74.553547000248045, 34.089282999628871 ], [ 74.557397999717637, 34.089611999753153 ], [ 74.559154000383884, 34.087802000041542 ], [ 74.561116000016142, 34.081602999953837 ], [ 74.561557999882027, 34.073714999690075 ], [ 74.559433000043143, 34.070995999785602 ], [ 74.554908000005753, 34.06137299983245 ], [ 74.551915000328663, 34.058382000159831 ], [ 74.542303999664043, 34.05291000015113 ], [ 74.546938000379654, 34.048233000009532 ], [ 74.547718000354337, 34.04426099970842 ], [ 74.548829999691719, 34.042570000163437 ], [ 74.547935000089311, 34.041066999687494 ], [ 74.545006999811235, 34.040244999666136 ], [ 74.544853999650329, 34.0385110002263 ], [ 74.54235300006782, 34.038635999667243 ], [ 74.541939999615963, 34.040018000176261 ], [ 74.544479999556529, 34.041795999821616 ], [ 74.539720000240834, 34.04551199972736 ], [ 74.534689999690073, 34.044925999851564 ], [ 74.529777000213514, 34.045868000151486 ], [ 74.51925300040314, 34.052960999949462 ], [ 74.514396000104725, 34.052634000228764 ], [ 74.512391999741354, 34.053816000230142 ], [ 74.505994999585113, 34.053036000253833 ], [ 74.506879000215136, 34.049767999729504 ], [ 74.505725000146668, 34.043984999916447 ], [ 74.5112469998937, 34.040942000107279 ], [ 74.515193999622753, 34.036995000352164 ], [ 74.515464999784427, 34.034789999927263 ], [ 74.511580999804551, 34.033208000242709 ], [ 74.50415699980141, 34.034629999757605 ], [ 74.496731999973321, 34.033172000322587 ], [ 74.494455999623383, 34.030895999837192 ], [ 74.496065999801473, 34.022750999745277 ], [ 74.499293999655222, 34.021737999669199 ], [ 74.494115999864746, 34.019620999781687 ], [ 74.479893999847377, 34.028407000111997 ], [ 74.472083000229929, 34.027980000191775 ], [ 74.468390999870692, 34.028548999907507 ], [ 74.461622999993637, 34.026769999690693 ], [ 74.461455999589063, 34.023000000300719 ], [ 74.453032000401535, 34.019443000150233 ], [ 74.441868000358539, 34.017522000266361 ], [ 74.436114999734514, 34.020155000159377 ], [ 74.441500000112512, 34.025311999942986 ], [ 74.444377000336971, 34.026627999896142 ], [ 74.448842000099916, 34.026912999857046 ], [ 74.452834999859732, 34.028407000111997 ], [ 74.452748999645991, 34.029508999694123 ], [ 74.449615000401906, 34.032888000334282 ], [ 74.449620000424744, 34.038862000154062 ], [ 74.441244999844386, 34.041884999687547 ], [ 74.445709999607317, 34.045548000365109 ], [ 74.460427999917286, 34.046899000221899 ], [ 74.470211000111021, 34.049317000056988 ], [ 74.473109000251895, 34.047743999942838 ], [ 74.473409999652461, 34.048775000276947 ], [ 74.475490000183797, 34.04890800004388 ], [ 74.475414999840723, 34.050587999821886 ], [ 74.47034800037838, 34.052464000126044 ], [ 74.469318000158452, 34.053778999833305 ], [ 74.470309000020308, 34.054597000010943 ], [ 74.4697080001458, 34.05587699968742 ], [ 74.466606999615337, 34.056322000099833 ], [ 74.465534999562607, 34.057610999770368 ], [ 74.463618999961099, 34.057553000289509 ], [ 74.464374999646324, 34.060170000182801 ], [ 74.463280000027368, 34.059734999869555 ], [ 74.460520999803677, 34.060472999944032 ], [ 74.462710999939901, 34.060969999694706 ], [ 74.463355000370441, 34.062730000169623 ], [ 74.470113000201721, 34.064213999643947 ], [ 74.472689999952252, 34.063502999742681 ], [ 74.474987000218576, 34.064240999748669 ], [ 74.476477999672653, 34.065333999660247 ], [ 74.474808999943349, 34.066915999808273 ], [ 74.475495000206678, 34.068551999888157 ], [ 74.480691000438782, 34.068480999651186 ], [ 74.480196999796078, 34.070630999869131 ], [ 74.483952999729411, 34.073226000042943 ], [ 74.479788000440465, 34.07676300031963 ], [ 74.474184999604262, 34.075572000093054 ], [ 74.471990000343496, 34.076247999703433 ], [ 74.472011000259897, 34.078070000181377 ], [ 74.466239000267606, 34.077319999920292 ], [ 74.456712999991808, 34.079606999677125 ], [ 74.457229000375833, 34.08093900033915 ], [ 74.462393999747505, 34.080914000292289 ], [ 74.462478000311378, 34.085286999698809 ], [ 74.465974999778652, 34.086593999693719 ], [ 74.466339999651652, 34.08822800011562 ], [ 74.468147000371502, 34.08899400000481 ], [ 74.467158000159472, 34.091820999676813 ], [ 74.466019999984496, 34.092701000176177 ], [ 74.468826999888762, 34.095289000216759 ], [ 74.468441000099403, 34.097388000004393 ], [ 74.464212000338023, 34.099938000229557 ], [ 74.459391000024624, 34.099536000330197 ], [ 74.459018999580621, 34.100515999635803 ], [ 74.460860999562314, 34.100705000263375 ], [ 74.460324000160213, 34.103210999644418 ], [ 74.461015000446409, 34.10397099963437 ], [ 74.473864000112201, 34.104938999665244 ], [ 74.473910999967885, 34.10664700003997 ], [ 74.472726999762159, 34.107061999715896 ], [ 74.472483000262983, 34.108079000123844 ], [ 74.468826000063856, 34.106094000172362 ], [ 74.464513999563493, 34.106069000115852 ], [ 74.459018999580621, 34.108557000231606 ], [ 74.454460999931314, 34.114557999892746 ], [ 74.453065999838401, 34.115392999968883 ], [ 74.45287300039287, 34.116788000351654 ], [ 74.454311000143477, 34.117506999875317 ], [ 74.455608000327118, 34.12043799963778 ], [ 74.45788200012889, 34.120572000176317 ], [ 74.458129999826014, 34.121595999688566 ], [ 74.463310999989517, 34.122767000146538 ], [ 74.465393000170693, 34.124711000036513 ], [ 74.464318999569826, 34.126456999823922 ], [ 74.462254999830321, 34.127549000280112 ], [ 74.462203999776676, 34.130337999933559 ], [ 74.470512000409926, 34.131104000075602 ], [ 74.474002000204479, 34.128277999844457 ], [ 74.478234000338901, 34.12787600002369 ], [ 74.476805999735717, 34.133603000141512 ], [ 74.478779999961844, 34.135511999707802 ], [ 74.482360999993006, 34.137245000300659 ], [ 74.486732999869503, 34.138324999980547 ], [ 74.485116000018721, 34.131996000079823 ] ] ] } },
{ "type": "Feature", "properties": { "pincode": "193411", "officename": "Beerwah S.O", "officetype": "S.O", "circle": "Jammu And Kashmir", "region": "Div Reporting", "division": "Srinagar", "state": "Jammu And Kashmir", "district": "Srinagar" }, "geometry": { "type": "Polygon", "coordinates": [ [ [ 74.512391999741354, 34.053816000230142 ], [ 74.514396000104725, 34.052634000228764 ], [ 74.51925300040314, 34.052960999949462 ], [ 74.529777000213514, 34.045868000151486 ], [ 74.534689999690073, 34.044925999851564 ], [ 74.539720000240834, 34.04551199972736 ], [ 74.544479999556529, 34.041795999821616 ], [ 74.541939999615963, 34.040018000176261 ], [ 74.54235300006782, 34.038635999667243 ], [ 74.544853999650329, 34.0385110002263 ], [ 74.545006999811235, 34.040244999666136 ], [ 74.548557999705167, 34.041742999882182 ], [ 74.546938000379654, 34.048233000009532 ], [ 74.548880999745364, 34.046272999906016 ], [ 74.557708000237341, 34.044391999794229 ], [ 74.559982999864033, 34.042952000050256 ], [ 74.565158000179764, 34.044338999988476 ], [ 74.572194999670316, 34.047966000021255 ], [ 74.583013001903481, 34.047089175967685 ], [ 74.580621000304276, 34.04218500024546 ], [ 74.574897632406532, 34.035123856908996 ], [ 74.574956812519147, 34.035107509245748 ], [ 74.589981000000449, 34.040307999846419 ], [ 74.591093000236143, 34.04502199994851 ], [ 74.5934830003889, 34.045009000011525 ], [ 74.594386000387217, 34.046637000150298 ], [ 74.596630999876695, 34.046297999753961 ], [ 74.600560999887307, 34.04096700003808 ], [ 74.599514999773874, 34.038525999871183 ], [ 74.606321000184039, 34.036355000354341 ], [ 74.613755000232928, 34.035466000272351 ], [ 74.619268999584051, 34.037591000311643 ], [ 74.620395999888359, 34.03890699963889 ], [ 74.622488000115254, 34.038702000220809 ], [ 74.626182000124345, 34.041191000131121 ], [ 74.642498999843397, 34.033700000101639 ], [ 74.662261999874431, 34.02872400026709 ], [ 74.651220000030179, 34.020212999903293 ], [ 74.636004999602775, 34.011064000108121 ], [ 74.63615699993872, 34.001887999822408 ], [ 74.635427000192749, 33.997120000339166 ], [ 74.632211999859464, 33.993956999717412 ], [ 74.636763999661028, 33.991202000308718 ], [ 74.636597000154794, 33.989906000226071 ], [ 74.63968400044152, 33.991246000199119 ], [ 74.643777999585367, 33.990885000069831 ], [ 74.639327999891066, 33.990320999655644 ], [ 74.636445999643726, 33.987334999857651 ], [ 74.62704800031274, 33.984078999933367 ], [ 74.622864999683813, 33.980771999722201 ], [ 74.624200000400577, 33.974883999667874 ], [ 74.623350999930622, 33.971913999905084 ], [ 74.623636000335978, 33.966862999648193 ], [ 74.625685000006868, 33.965340999853169 ], [ 74.671116999955501, 33.954378000007019 ], [ 74.644197999709931, 33.948506999702197 ], [ 74.630815999941646, 33.947475000083408 ], [ 74.626931999961784, 33.942112000035202 ], [ 74.61426999989375, 33.954893999763819 ], [ 74.611974000350614, 33.952545000194938 ], [ 74.610889999704042, 33.948139000343588 ], [ 74.606009000014495, 33.943092999653409 ], [ 74.594023999988977, 33.942656999893885 ], [ 74.596009000085772, 33.933710999928152 ], [ 74.603797999961898, 33.932268999753418 ], [ 74.606448000405649, 33.923179000012126 ], [ 74.612592999768509, 33.919476999743779 ], [ 74.6116830000975, 33.916341999883443 ], [ 74.615096999724102, 33.915498000157463 ], [ 74.618465000218251, 33.912955000183729 ], [ 74.623198999594649, 33.914189000031705 ], [ 74.626628000188177, 33.912225000301824 ], [ 74.620544000026356, 33.903460000258725 ], [ 74.613959000447423, 33.901029999796094 ], [ 74.613913000416687, 33.898132999803458 ], [ 74.578800000239013, 33.866991999980755 ], [ 74.522208000445403, 33.853552000093465 ], [ 74.529066999660714, 33.843874000266176 ], [ 74.500420000134625, 33.835303999704095 ], [ 74.477478999580242, 33.829557000326439 ], [ 74.572521999908446, 33.781748000373241 ], [ 74.622288999923654, 33.750263000312877 ], [ 74.677396000110988, 33.740770000333683 ], [ 74.648322999714239, 33.690495999854313 ], [ 74.516659000035887, 33.665353999664916 ], [ 74.509792000424653, 33.687353000009033 ], [ 74.501380999859279, 33.707204999666992 ], [ 74.485931000153514, 33.73204899977442 ], [ 74.4809530003796, 33.748608000292194 ], [ 74.456236999790718, 33.776906000027765 ], [ 74.42018600035297, 33.829354999856861 ], [ 74.396324000256925, 33.856445999854607 ], [ 74.430139000426038, 33.879152000315131 ], [ 74.432567000213638, 33.888220999821066 ], [ 74.440821000420172, 33.906154999681 ], [ 74.45805799985601, 33.923883999880061 ], [ 74.457996999756645, 33.934005999929838 ], [ 74.454112999776783, 33.943573000128971 ], [ 74.458847000051506, 33.956058000304587 ], [ 74.444765999601117, 33.965269999665296 ], [ 74.444560999561688, 33.982370999915346 ], [ 74.454659000298037, 33.985654000261611 ], [ 74.456722000212622, 33.989125999627767 ], [ 74.449682000349043, 33.999291000341614 ], [ 74.438150999884925, 34.009453999958922 ], [ 74.432870999987244, 34.011768000051831 ], [ 74.436114999734514, 34.020155000159377 ], [ 74.441868000358539, 34.017522000266361 ], [ 74.453032000401535, 34.019443000150233 ], [ 74.461455999589063, 34.023000000300719 ], [ 74.461622999993637, 34.026769999690693 ], [ 74.468390999870692, 34.028548999907507 ], [ 74.472083000229929, 34.027980000191775 ], [ 74.479893999847377, 34.028407000111997 ], [ 74.494115999864746, 34.019620999781687 ], [ 74.499293999655222, 34.021737999669199 ], [ 74.496065999801473, 34.022750999745277 ], [ 74.494455999623383, 34.030895999837192 ], [ 74.496731999973321, 34.033172000322587 ], [ 74.50415699980141, 34.034629999757605 ], [ 74.511580999804551, 34.033208000242709 ], [ 74.515464999784427, 34.034789999927263 ], [ 74.515193999622753, 34.036995000352164 ], [ 74.5112469998937, 34.040942000107279 ], [ 74.505725000146668, 34.043984999916447 ], [ 74.506879000215136, 34.049767999729504 ], [ 74.505994999585113, 34.053036000253833 ], [ 74.512391999741354, 34.053816000230142 ] ] ] } },
{ "type": "Feature", "properties": { "pincode": "193501", "officename": "Sonawari S.O", "officetype": "S.O", "circle": "Jammu And Kashmir", "region": "Div Reporting", "division": "Baramulla", "state": "Jammu And Kashmir", "district": "Baramulla" }, "geometry": { "type": "Polygon", "coordinates": [ [ [ 74.623175000203531, 34.34775899979941 ], [ 74.625577999876754, 34.34230200028437 ], [ 74.631071000209786, 34.337696000128751 ], [ 74.633216999965057, 34.331529000108375 ], [ 74.636478000329092, 34.327417999715486 ], [ 74.636221000411155, 34.322810999749578 ], [ 74.639739999619707, 34.31933800033763 ], [ 74.639739999619707, 34.317919999690275 ], [ 74.635104999977486, 34.313666000184249 ], [ 74.632873999833379, 34.309270999784367 ], [ 74.63338900039254, 34.305867999743491 ], [ 74.638023000209841, 34.303173000149428 ], [ 74.641112999971313, 34.299485999917884 ], [ 74.638453000380139, 34.294948000084112 ], [ 74.64214300019124, 34.292395999914639 ], [ 74.635104999977486, 34.292608000249771 ], [ 74.624843000107916, 34.290094999813711 ], [ 74.625524000348406, 34.287179000164286 ], [ 74.623860999568564, 34.279328999996281 ], [ 74.625019999659912, 34.276847000314646 ], [ 74.6360489999837, 34.27686499963287 ], [ 74.646349000386408, 34.281864999826823 ], [ 74.639224999958898, 34.273247999745855 ], [ 74.626521999882968, 34.263459000252517 ], [ 74.627208999971231, 34.259344999940382 ], [ 74.628924999556205, 34.255514000001234 ], [ 74.627723999632053, 34.250689999940413 ], [ 74.637680000078134, 34.250832000177567 ], [ 74.651070000242342, 34.246433000194926 ], [ 74.645576000084418, 34.24217599972711 ], [ 74.646068000179, 34.240584000357686 ], [ 74.636992999989914, 34.238201999984881 ], [ 74.639397000386339, 34.234511999880972 ], [ 74.641800000059575, 34.233661000125274 ], [ 74.645920000041002, 34.230254999639733 ], [ 74.666862000254866, 34.225428999970347 ], [ 74.693127000024148, 34.23692499979331 ], [ 74.699135000017947, 34.231389999867204 ], [ 74.703941000262745, 34.224435000063956 ], [ 74.705486000143466, 34.217338000097989 ], [ 74.704285000219315, 34.208253000321932 ], [ 74.705657999672624, 34.202148000269268 ], [ 74.710120999785715, 34.196610999751897 ], [ 74.713726000106334, 34.188517999764009 ], [ 74.722309000200823, 34.176730999963596 ], [ 74.728317000194664, 34.17218700011226 ], [ 74.722480999729981, 34.164801000035155 ], [ 74.713897999635449, 34.159119000071271 ], [ 74.695186999565678, 34.154289999711807 ], [ 74.675982999576391, 34.152864000165842 ], [ 74.647464999921766, 34.152585000121121 ], [ 74.631843999613452, 34.155567999985536 ], [ 74.614676999599524, 34.157414999664589 ], [ 74.608497999901459, 34.152726999925967 ], [ 74.609184000164788, 34.142498000108745 ], [ 74.606954924212062, 34.13770357372789 ], [ 74.605751000271624, 34.137524999753055 ], [ 74.597184999895575, 34.15381200020186 ], [ 74.570560000276188, 34.217480000138188 ], [ 74.568500999661225, 34.22514499970854 ], [ 74.56523900037061, 34.228977000275904 ], [ 74.557685999597709, 34.24217599972711 ], [ 74.555453999628696, 34.251114999747209 ], [ 74.549618000062338, 34.255940000072577 ], [ 74.542065000187733, 34.257215999739962 ], [ 74.534339999885717, 34.264593999695983 ], [ 74.541549999628629, 34.275801000075781 ], [ 74.554424000307094, 34.291545000047122 ], [ 74.5602609996984, 34.300620999771731 ], [ 74.562491999842479, 34.306576999850989 ], [ 74.567471000339623, 34.313949999906285 ], [ 74.571675999811518, 34.336916000276396 ], [ 74.572792000245215, 34.34010499978131 ], [ 74.576912000226599, 34.346270999900071 ], [ 74.585065999975711, 34.348467999800519 ], [ 74.600344000152347, 34.347546000253537 ], [ 74.614592000109027, 34.348750999894555 ], [ 74.623175000203531, 34.34775899979941 ] ] ] } },
{ "type": "Feature", "properties": { "pincode": "193502", "officename": "Bandipora S.O", "officetype": "S.O", "circle": "Jammu And Kashmir", "region": "Div Reporting", "division": "Baramulla", "state": "Jammu And Kashmir", "district": "Baramulla" }, "geometry": { "type": "Polygon", "coordinates": [ [ [ 74.724372000115437, 34.558405999837504 ], [ 74.737238000397994, 34.551657999890267 ], [ 74.754049999686359, 34.548009000132829 ], [ 74.774536999615563, 34.551900000123034 ], [ 74.78245500026145, 34.552482999777617 ], [ 74.785730999795788, 34.550908000158415 ], [ 74.788218999857818, 34.546858999685114 ], [ 74.789614999775623, 34.542660000246926 ], [ 74.787186999988066, 34.538659999666386 ], [ 74.792042999563208, 34.524860999760563 ], [ 74.795987999642463, 34.522011000269401 ], [ 74.804544999797685, 34.517659999828517 ], [ 74.810249999842824, 34.513209000326547 ], [ 74.822752999902235, 34.508707999906207 ], [ 74.866352999914923, 34.514296000277881 ], [ 74.864592000124119, 34.492409000368788 ], [ 74.890009999971582, 34.474580999751502 ], [ 74.914740999730725, 34.461560000352655 ], [ 74.916201000120978, 34.432752999681348 ], [ 74.928388999637804, 34.416893999796592 ], [ 74.927359000316159, 34.411229000306143 ], [ 74.865388999817227, 34.35874199982193 ], [ 74.861525999753781, 34.345279000130276 ], [ 74.849081000318989, 34.340459999815558 ], [ 74.825605000012345, 34.337140999708652 ], [ 74.805091000318981, 34.337039999718392 ], [ 74.795258999721398, 34.337841999829578 ], [ 74.76976899990396, 34.33653899981217 ], [ 74.750104999607146, 34.337741999838357 ], [ 74.737929999610799, 34.341877000217998 ], [ 74.739261000129602, 34.343222999810003 ], [ 74.739908999859821, 34.345760000017385 ], [ 74.724492999590936, 34.347664000141954 ], [ 74.700337999591952, 34.35197300015539 ], [ 74.698680999558206, 34.353139000021287 ], [ 74.691066999584265, 34.353357000225586 ], [ 74.679222000199132, 34.35831700003358 ], [ 74.658279000160334, 34.360725999748169 ], [ 74.639224999958898, 34.359592000348727 ], [ 74.634761999845793, 34.357324999674233 ], [ 74.631843999613452, 34.354773999970789 ], [ 74.629440000115309, 34.349529999680115 ], [ 74.632359000172571, 34.342018999933472 ], [ 74.631071000209786, 34.337696000128751 ], [ 74.625577999876754, 34.34230200028437 ], [ 74.623175000203531, 34.34775899979941 ], [ 74.614592000109027, 34.348750999894555 ], [ 74.600344000152347, 34.347546000253537 ], [ 74.585065999975711, 34.348467999800519 ], [ 74.576912000226599, 34.346270999900071 ], [ 74.572792000245215, 34.34010499978131 ], [ 74.570904000232758, 34.332663000044789 ], [ 74.5602609996984, 34.339184000132803 ], [ 74.54755799962247, 34.340459999815558 ], [ 74.539833000218749, 34.348537999902206 ], [ 74.532622999577526, 34.360017999976499 ], [ 74.531764999785054, 34.365118999653347 ], [ 74.528176000256266, 34.367678999906396 ], [ 74.535541999634773, 34.375603999990361 ], [ 74.529362000111803, 34.376878999715089 ], [ 74.532451999873302, 34.379996000325939 ], [ 74.529189999684363, 34.393028999756446 ], [ 74.537085999690618, 34.403369000142256 ], [ 74.542750999552766, 34.40436000011772 ], [ 74.56832900013211, 34.421355000057694 ], [ 74.590987999755839, 34.41951399965189 ], [ 74.592705000064029, 34.414698999772185 ], [ 74.588756999611761, 34.412999000039271 ], [ 74.587554999862675, 34.417673000211053 ], [ 74.577599000314876, 34.412150000304536 ], [ 74.586867999774441, 34.396711999910082 ], [ 74.605578999844184, 34.421921000291142 ], [ 74.59528000016472, 34.431973999736499 ], [ 74.577513000101149, 34.46166699990745 ], [ 74.576611999752629, 34.468070999851101 ], [ 74.577255000358278, 34.469769000309505 ], [ 74.593562999856516, 34.475959999863981 ], [ 74.593263000280871, 34.487315999868251 ], [ 74.594850999819315, 34.489579999793214 ], [ 74.596696000174006, 34.490145999796951 ], [ 74.610686000387844, 34.488978000290913 ], [ 74.616178999822552, 34.490180999835893 ], [ 74.619268999584051, 34.50563700011034 ], [ 74.618840000136956, 34.516706000342474 ], [ 74.619527000225204, 34.519993999748216 ], [ 74.619558000187354, 34.532810999842411 ], [ 74.617130000399754, 34.560004999885265 ], [ 74.617797000396564, 34.561555000338743 ], [ 74.628176000441954, 34.560855000131056 ], [ 74.631280000447163, 34.562010000347634 ], [ 74.645350999953507, 34.559605000114836 ], [ 74.669021000428913, 34.557955999725479 ], [ 74.695846999889753, 34.562504000011998 ], [ 74.709683999942712, 34.561355000352101 ], [ 74.724372000115437, 34.558405999837504 ] ] ] } },
{ "type": "Feature", "properties": { "pincode": "193503", "officename": "Gurez S.O", "officetype": "S.O", "circle": "Jammu And Kashmir", "region": "Div Reporting", "division": "Baramulla", "state": "Jammu And Kashmir", "district": "Baramulla" }, "geometry": { "type": "Polygon", "coordinates": [ [ [ 74.634335999873443, 34.909855999868952 ], [ 74.646402999914756, 34.903642999864338 ], [ 74.662528000013182, 34.906770999750428 ], [ 74.664092000160508, 34.900396999950154 ], [ 74.684152000292457, 34.878800999867707 ], [ 74.698221000148976, 34.880722000160517 ], [ 74.70167099976058, 34.883026000072505 ], [ 74.711452000304519, 34.880917999891629 ], [ 74.711503000358164, 34.878575999909899 ], [ 74.716686000171464, 34.866487000307856 ], [ 74.720221999996809, 34.864826000297654 ], [ 74.729441999950851, 34.863249000310198 ], [ 74.73947899789286, 34.854112994864707 ], [ 74.740257999839258, 34.848357000105366 ], [ 74.750169999904458, 34.844985000177452 ], [ 74.762763000375543, 34.84408399987813 ], [ 74.776935999989149, 34.840771000194515 ], [ 74.780384999775862, 34.843163000266287 ], [ 74.787845999588924, 34.852459999917791 ], [ 74.798460999635878, 34.852067999950435 ], [ 74.807569000335278, 34.850483000030337 ], [ 74.813286000075976, 34.843624000117075 ], [ 74.823253000392768, 34.837362999663 ], [ 74.830966000100872, 34.839812000227326 ], [ 74.839693000135469, 34.840743000283894 ], [ 74.853223999866643, 34.831103999833402 ], [ 74.861040000405296, 34.828326000306355 ], [ 74.872153000394633, 34.830186999812284 ], [ 74.887064999975038, 34.822275000035241 ], [ 74.898567000126803, 34.809721000085759 ], [ 74.901455000221929, 34.801647999632223 ], [ 74.907313000427934, 34.792533000298356 ], [ 74.918598999771334, 34.78511099985117 ], [ 74.929818000065879, 34.786967999936934 ], [ 74.941581000333571, 34.794689000022544 ], [ 74.95062800003528, 34.801742999735772 ], [ 74.956738000136355, 34.808129000253295 ], [ 74.966473999576152, 34.813479000086929 ], [ 74.979625000264051, 34.823466999924413 ], [ 75.016344000421824, 34.848250999894837 ], [ 75.031101000191512, 34.848430000129177 ], [ 75.043764000084494, 34.843355999654435 ], [ 75.057119999913496, 34.84234300033328 ], [ 75.064035000103615, 34.847111000225759 ], [ 75.065276000210744, 34.857489000066387 ], [ 75.063623000374989, 34.870807000345074 ], [ 75.06441099984724, 34.888389000280256 ], [ 75.064117999944287, 34.905237000195463 ], [ 75.07164400005469, 34.919204000287628 ], [ 75.101302000432469, 34.919098000082272 ], [ 75.141969999969106, 34.874951000284824 ], [ 75.144233999725159, 34.850284000324443 ], [ 75.158089000219761, 34.845481000058598 ], [ 75.172565999606988, 34.842665999949659 ], [ 75.190618000075915, 34.834931000046936 ], [ 75.223244999841327, 34.81752399979294 ], [ 75.239658999644774, 34.801834000275825 ], [ 75.256250999723449, 34.773886999887381 ], [ 75.254055999564343, 34.759985999992097 ], [ 75.250932000366021, 34.749860000192854 ], [ 75.263570000144625, 34.744581999707108 ], [ 75.262560999841071, 34.731683999874832 ], [ 75.254304000159806, 34.721685999938508 ], [ 75.255659999894661, 34.711335999970196 ], [ 75.25819200033763, 34.702530000288739 ], [ 75.258265999957487, 34.697574000151157 ], [ 75.232068000135357, 34.690815999988324 ], [ 75.21619400010708, 34.672895999973122 ], [ 75.207908999938397, 34.665417999788474 ], [ 75.205600999801405, 34.659446000091755 ], [ 75.204459000326821, 34.653501999985608 ], [ 75.210397999825346, 34.653552999987177 ], [ 75.216396999598373, 34.652691999796801 ], [ 75.218179000203889, 34.651605000212435 ], [ 75.209480999583334, 34.647666999825248 ], [ 75.208503000140254, 34.645631000043622 ], [ 75.206025000123944, 34.643784999844065 ], [ 75.208064999574006, 34.638681000321782 ], [ 75.212721999855873, 34.638118999941206 ], [ 75.220618999687034, 34.633830999641859 ], [ 75.225331000220493, 34.634633999775211 ], [ 75.2301270004195, 34.633076999779064 ], [ 75.232879999897079, 34.636156000116195 ], [ 75.241503999999495, 34.637779000097744 ], [ 75.247533999734628, 34.633499999700071 ], [ 75.25036300027854, 34.630246000097287 ], [ 75.254068000158242, 34.628279999878622 ], [ 75.256640999710783, 34.621512999714859 ], [ 75.258334999554435, 34.614586999784059 ], [ 75.256568999740765, 34.610457000161567 ], [ 75.253258999871235, 34.607501000034347 ], [ 75.253366999826284, 34.604124999765133 ], [ 75.257146000224182, 34.603569999654603 ], [ 75.259456000010985, 34.604157999886695 ], [ 75.260825999989535, 34.603015000271341 ], [ 75.265530999951977, 34.602256999668434 ], [ 75.269117999830925, 34.597923999755778 ], [ 75.273571999723188, 34.596954999665357 ], [ 75.277989999630421, 34.594389000189857 ], [ 75.286371999883514, 34.595432000095663 ], [ 75.28817000038255, 34.590380999942106 ], [ 75.289707996997336, 34.589173997991438 ], [ 75.295170999888086, 34.587307000233189 ], [ 75.299558999658117, 34.586939999726468 ], [ 75.306360999870336, 34.578750000324348 ], [ 75.311807000347684, 34.576855000001345 ], [ 75.315037999676179, 34.569644999794747 ], [ 75.319895999799485, 34.564842999646096 ], [ 75.323655000105873, 34.565754999924906 ], [ 75.328534999970472, 34.568790000154756 ], [ 75.333656999684436, 34.568007999968167 ], [ 75.337903000062553, 34.564741000054021 ], [ 75.34416399977637, 34.563029999720754 ], [ 75.352665999680056, 34.553152000322463 ], [ 75.353532999693357, 34.549789999753919 ], [ 75.355619999897414, 34.54687399985437 ], [ 75.361759865388407, 34.542088184950117 ], [ 75.361112000405498, 34.540167999822643 ], [ 75.365567999947586, 34.538099999638106 ], [ 75.36562800740856, 34.533830998260733 ], [ 75.364180000425677, 34.528985999947913 ], [ 75.366374999686457, 34.524455999638128 ], [ 75.366120000316656, 34.521444999755104 ], [ 75.361849999649095, 34.521950000243301 ], [ 75.357204999961112, 34.521290999794317 ], [ 75.354454999958236, 34.519578000258861 ], [ 75.352930999993902, 34.517589999863638 ], [ 75.350195000234734, 34.507663999670548 ], [ 75.347381999584371, 34.50269699978594 ], [ 75.347328999880929, 34.495562000189665 ], [ 75.342916999821441, 34.489434999972154 ], [ 75.344588999923815, 34.485049999967764 ], [ 75.350241000265498, 34.48013799980918 ], [ 75.34964899971348, 34.475296999711553 ], [ 75.35323800014055, 34.468794000292796 ], [ 75.349053999686717, 34.463456000238715 ], [ 75.340162999620631, 34.460556000341619 ], [ 75.33722900039308, 34.451670999805891 ], [ 75.332603000073348, 34.451930999635344 ], [ 75.330493000303107, 34.450299000144447 ], [ 75.332905000197158, 34.447086000344683 ], [ 75.333167999962882, 34.442952999833949 ], [ 75.328322000433459, 34.440842000058019 ], [ 75.32753900008575, 34.439767999797226 ], [ 75.329700999734541, 34.436231000321051 ], [ 75.334195999634673, 34.433240000249832 ], [ 75.335101000181126, 34.42926900003183 ], [ 75.343151999998113, 34.426809999673665 ], [ 75.347814000302819, 34.42693799995768 ], [ 75.353803000030084, 34.424562999852547 ], [ 75.357378000213458, 34.417997000157818 ], [ 75.365117999685808, 34.418474999959884 ], [ 75.372335999824628, 34.412597999695201 ], [ 75.37276500017002, 34.410858000004346 ], [ 75.369632999677435, 34.401757999870682 ], [ 75.366604999840234, 34.397736999740467 ], [ 75.366974999736058, 34.391029999853927 ], [ 75.373277000356097, 34.388063999937032 ], [ 75.377137000046503, 34.387140000050266 ], [ 75.378784000034528, 34.382055999799555 ], [ 75.376756000280025, 34.375673999670532 ], [ 75.375070999758876, 34.374875999700485 ], [ 75.373380000288265, 34.371500000034665 ], [ 75.378451999773489, 34.37027399965735 ], [ 75.38570800044549, 34.366140000234203 ], [ 75.380506000365571, 34.358297000330673 ], [ 75.38269599960347, 34.355186999955599 ], [ 75.384755000218419, 34.354014999955474 ], [ 75.385771000194651, 34.34988600035701 ], [ 75.383576000035589, 34.348597000281586 ], [ 75.381319989895658, 34.345235001202518 ], [ 75.378358000062178, 34.344513999806956 ], [ 75.376967000167213, 34.34327899998727 ], [ 75.370734000042489, 34.336037999880567 ], [ 75.319268000160747, 34.361292000010167 ], [ 75.222873000295664, 34.386512999773117 ], [ 75.165869999699964, 34.392036999769374 ], [ 75.151450000214169, 34.424186999912081 ], [ 75.105634000125988, 34.461434000320374 ], [ 75.036273999959093, 34.494134000190996 ], [ 74.973797000195262, 34.528069000018277 ], [ 74.822752999902235, 34.508707999906207 ], [ 74.810249999842824, 34.513209000326547 ], [ 74.804544999797685, 34.517659999828517 ], [ 74.795987999642463, 34.522011000269401 ], [ 74.792042999563208, 34.524860999760563 ], [ 74.787186999988066, 34.538659999666386 ], [ 74.789614999775623, 34.542660000246926 ], [ 74.788218999857818, 34.546858999685114 ], [ 74.785730999795788, 34.550908000158415 ], [ 74.78245500026145, 34.552482999777617 ], [ 74.774536999615563, 34.551900000123034 ], [ 74.754049999686359, 34.548009000132829 ], [ 74.737238000397994, 34.551657999890267 ], [ 74.724372000115437, 34.558405999837504 ], [ 74.709683999942712, 34.561355000352101 ], [ 74.695846999889753, 34.562504000011998 ], [ 74.669021000428913, 34.557955999725479 ], [ 74.645350999953507, 34.559605000114836 ], [ 74.631280000447163, 34.562010000347634 ], [ 74.613792000042849, 34.563254000251945 ], [ 74.552734058153575, 34.570116694259667 ], [ 74.548113876221947, 34.57218232248681 ], [ 74.533436000062466, 34.582743999818007 ], [ 74.541204999847125, 34.58993900001267 ], [ 74.547900999754134, 34.605802000231144 ], [ 74.547519999987614, 34.623258000298883 ], [ 74.558805000404419, 34.628700999644629 ], [ 74.563117999831377, 34.637890000199903 ], [ 74.566334999814458, 34.647426999630852 ], [ 74.563665000177565, 34.671888000336303 ], [ 74.565667999817705, 34.678775999732693 ], [ 74.56523900037061, 34.680746999692751 ], [ 74.566457000013202, 34.681869999766441 ], [ 74.566574000189064, 34.686187000093433 ], [ 74.569516999637457, 34.691775999865889 ], [ 74.590699000050861, 34.710612000343389 ], [ 74.599775999889758, 34.723433000301526 ], [ 74.606147999931679, 34.737100000001561 ], [ 74.600604000443326, 34.752754999845941 ], [ 74.59597099955262, 34.763191999777121 ], [ 74.58919299962983, 34.769184999702624 ], [ 74.582845999702286, 34.773344999830087 ], [ 74.561566000277949, 34.780676999737771 ], [ 74.542523999772072, 34.783777999895349 ], [ 74.531876999938035, 34.784694999982747 ], [ 74.522696000342037, 34.784413000031627 ], [ 74.497120000310858, 34.793083000201783 ], [ 74.480528000232184, 34.791446000047983 ], [ 74.460140999862105, 34.792642000228675 ], [ 74.440481999588144, 34.790049999918487 ], [ 74.418395000424923, 34.789851000240631 ], [ 74.379346000388878, 34.795631999664572 ], [ 74.355075999863828, 34.796828000357785 ], [ 74.419156000133029, 34.81078200030246 ], [ 74.43323599986023, 34.824933000096792 ], [ 74.438334000183048, 34.845058000243547 ], [ 74.461874000063801, 34.855417999695668 ], [ 74.478379000103857, 34.860199000193191 ], [ 74.499256000020395, 34.864580999958818 ], [ 74.53906199956657, 34.863385999878219 ], [ 74.561403000071309, 34.878125000314768 ], [ 74.574998000274931, 34.884896000188292 ], [ 74.582767999884481, 34.899232999631998 ], [ 74.577010999960834, 34.913918999847375 ], [ 74.590316999561111, 34.915840999928584 ], [ 74.596527000119636, 34.92179500010409 ], [ 74.60422899995713, 34.924798999694218 ], [ 74.62008399971883, 34.920630000135802 ], [ 74.634335999873443, 34.909855999868952 ] ] ] } },
{ "type": "Feature", "properties": { "pincode": "193504", "officename": "Safapora S.O", "officetype": "S.O", "circle": "Jammu And Kashmir", "region": "Div Reporting", "division": "Baramulla", "state": "Jammu And Kashmir", "district": "Baramulla" }, "geometry": { "type": "Polygon", "coordinates": [ [ [ 74.658279000160334, 34.360725999748169 ], [ 74.679222000199132, 34.35831700003358 ], [ 74.691066999584265, 34.353357000225586 ], [ 74.698680999558206, 34.353139000021287 ], [ 74.719047999836803, 34.341593000065593 ], [ 74.719734000100132, 34.334081000076608 ], [ 74.718360999748555, 34.320613999929826 ], [ 74.705315000439242, 34.317493999861298 ], [ 74.696388000388154, 34.317210999657462 ], [ 74.697074999578092, 34.312816000092766 ], [ 74.708232999773301, 34.300478999751334 ], [ 74.714069000237998, 34.29579900036223 ], [ 74.718703999880205, 34.28870799967909 ], [ 74.718703999880205, 34.285304000224343 ], [ 74.720421000188409, 34.278495999635467 ], [ 74.720248999760969, 34.272395999796707 ], [ 74.721966000069159, 34.264736000222882 ], [ 74.721793999641704, 34.262039999812146 ], [ 74.718189000219425, 34.25494600026321 ], [ 74.715443000414538, 34.246290999960557 ], [ 74.708405000200742, 34.239763000307498 ], [ 74.696732000344753, 34.241181999961753 ], [ 74.692268000406727, 34.240331000046069 ], [ 74.693127000024148, 34.23692499979331 ], [ 74.666862000254866, 34.225428999970347 ], [ 74.645920000041002, 34.230254999639733 ], [ 74.641800000059575, 34.233661000125274 ], [ 74.639397000386339, 34.234511999880972 ], [ 74.636992999989914, 34.238201999984881 ], [ 74.646068000179, 34.240584000357686 ], [ 74.645576000084418, 34.24217599972711 ], [ 74.651070000242342, 34.246433000194926 ], [ 74.637680000078134, 34.250832000177567 ], [ 74.627723999632053, 34.250689999940413 ], [ 74.628924999556205, 34.255514000001234 ], [ 74.627208999971231, 34.259344999940382 ], [ 74.626521999882968, 34.263459000252517 ], [ 74.639224999958898, 34.273247999745855 ], [ 74.646349000386408, 34.281864999826823 ], [ 74.6360489999837, 34.27686499963287 ], [ 74.625019999659912, 34.276847000314646 ], [ 74.623860999568564, 34.279328999996281 ], [ 74.625524000348406, 34.287179000164286 ], [ 74.624843000107916, 34.290094999813711 ], [ 74.635104999977486, 34.292608000249771 ], [ 74.64214300019124, 34.292395999914639 ], [ 74.638453000380139, 34.294948000084112 ], [ 74.641112999971313, 34.299485999917884 ], [ 74.638023000209841, 34.303173000149428 ], [ 74.63338900039254, 34.305867999743491 ], [ 74.632873999833379, 34.309270999784367 ], [ 74.635104999977486, 34.313666000184249 ], [ 74.639739999619707, 34.317919999690275 ], [ 74.639739999619707, 34.31933800033763 ], [ 74.636221000411155, 34.322810999749578 ], [ 74.636478000329092, 34.327417999715486 ], [ 74.633216999965057, 34.331529000108375 ], [ 74.631071000209786, 34.337696000128751 ], [ 74.632359000172571, 34.342018999933472 ], [ 74.629440000115309, 34.349529999680115 ], [ 74.631843999613452, 34.354773999970789 ], [ 74.634761999845793, 34.357324999674233 ], [ 74.639224999958898, 34.359592000348727 ], [ 74.658279000160334, 34.360725999748169 ] ] ] } },
{ "type": "Feature", "properties": { "pincode": "193505", "officename": "Aloosa S.O", "officetype": "S.O", "circle": "Jammu And Kashmir", "region": "Div Reporting", "division": "Baramulla", "state": "Jammu And Kashmir", "district": "Baramulla" }, "geometry": { "type": "Polygon", "coordinates": [ [ [ 74.605578999844184, 34.421921000291142 ], [ 74.586867999774441, 34.396711999910082 ], [ 74.577599000314876, 34.412150000304536 ], [ 74.587554999862675, 34.417673000211053 ], [ 74.588756999611761, 34.412999000039271 ], [ 74.592705000064029, 34.414698999772185 ], [ 74.590987999755839, 34.41951399965189 ], [ 74.56832900013211, 34.421355000057694 ], [ 74.542750999552766, 34.40436000011772 ], [ 74.537085999690618, 34.403369000142256 ], [ 74.529189999684363, 34.393028999756446 ], [ 74.532451999873302, 34.379996000325939 ], [ 74.529362000111803, 34.376878999715089 ], [ 74.535541999634773, 34.375603999990361 ], [ 74.528176000256266, 34.367678999906396 ], [ 74.510305000435622, 34.379984000199229 ], [ 74.483700000009435, 34.384104000212439 ], [ 74.492454999633082, 34.398412000040437 ], [ 74.523010000161392, 34.419937999700529 ], [ 74.533996999754024, 34.433814999898217 ], [ 74.534940999760238, 34.455438999643093 ], [ 74.540305000221835, 34.4586229999761 ], [ 74.577513000101149, 34.46166699990745 ], [ 74.59528000016472, 34.431973999736499 ], [ 74.605578999844184, 34.421921000291142 ] ] ] } }
]
}
