{
"type": "FeatureCollection",
"name": "ladakh",
"crs": { "type": "name", "properties": { "name": "urn:ogc:def:crs:OGC:1.3:CRS84" } },
"features": [
{ "type": "Feature", "properties": { "pincode": "194101", "officename": "Leh H.O", "officetype": "H.O", "circle": "Jammu And Kashmir", "region": "Srinagar HQ", "division": "Leh", "state": "Ladakh", "district": "Leh" }, "geometry": { "type": "MultiPolygon", "coordinates": [ [ [ [ 79.619250706593704, 35.845300318864801 ], [ 79.682305478493788, 35.832474910026519 ], [ 79.728379658886169, 35.813951786098585 ], [ 79.751090590116505, 35.796918989757593 ], [ 79.828466997775365, 35.786922425779835 ], [ 79.887088226218808, 35.774393254801623 ], [ 79.898959481563082, 35.775108640750346 ], [ 79.904535095461213, 35.778197168034424 ], [ 79.91537570379856, 35.79279680231059 ], [ 79.938341227461834, 35.809883529731771 ], [ 79.967695546967931, 35.825181181474385 ], [ 79.999697442364791, 35.827636653396667 ], [ 80.015692352935346, 35.826163578636418 ], [ 80.042613701377093, 35.80269042845611 ], [ 80.062139340458899, 35.768499668645973 ], [ 80.07750565940097, 35.725692408648996 ], [ 80.10052005590731, 35.706161431203185 ], [ 80.11215989894616, 35.689483598636635 ], [ 80.128896516107503, 35.656732827879303 ], [ 80.213082085348063, 35.638657266796059 ], [ 80.268588889735739, 35.615433443740486 ], [ 80.29501849320441, 35.59973661023794 ], [ 80.311711972367462, 35.587956126614181 ], [ 80.317938526181734, 35.564564772038651 ], [ 80.313463497626969, 35.543387296776423 ], [ 80.314628360123891, 35.536076175932976 ], [ 80.326825827883795, 35.52891833151093 ], [ 80.334594352459646, 35.495775912585216 ], [ 80.345083611723069, 35.461172181748502 ], [ 80.339782357685749, 35.449673890865107 ], [ 80.321206507353821, 35.437636584676689 ], [ 80.298484672372595, 35.416988317241085 ], [ 80.296160905005749, 35.390202668574481 ], [ 80.297475548999884, 35.35286837754709 ], [ 80.283919569815581, 35.313942818397344 ], [ 80.265153003555568, 35.274308815692365 ], [ 80.251207329811152, 35.248020468177302 ], [ 80.242657023901373, 35.208015509769368 ], [ 80.226231758325966, 35.179558201862115 ], [ 80.199163698828698, 35.153304324652879 ], [ 80.185032569690463, 35.130628278047631 ], [ 80.186993742872687, 35.102832409676296 ], [ 80.188054540933805, 35.052910680306766 ], [ 80.18689509437975, 35.007998593467399 ], [ 80.171424181894167, 34.965036507412108 ], [ 80.127235161939566, 34.872549273251828 ], [ 80.089764348245822, 34.82804526676324 ], [ 80.074995163727607, 34.805417883210978 ], [ 80.069212531275596, 34.768738879859825 ], [ 80.069323801996575, 34.700886532551252 ], [ 80.06531123603159, 34.692857746061264 ], [ 80.043278439415957, 34.685918123091511 ], [ 80.004270933461214, 34.68236256621131 ], [ 79.973715782015915, 34.676807720222577 ], [ 79.953998893406776, 34.665435716744689 ], [ 79.944662496046405, 34.660900859169473 ], [ 79.921556987014043, 34.67265131799158 ], [ 79.878259653675087, 34.674859005293271 ], [ 79.875143743805864, 34.667943556193492 ], [ 79.858238621561853, 34.666503008782108 ], [ 79.829363953010144, 34.63554919717955 ], [ 79.776604263236621, 34.610383780786876 ], [ 79.775490940680839, 34.602082362022585 ], [ 79.789913739317058, 34.590554682326378 ], [ 79.794375653366998, 34.580540603832752 ], [ 79.777093826201863, 34.565319452017533 ], [ 79.76881540619263, 34.552272481576892 ], [ 79.76977587501294, 34.537777807350217 ], [ 79.809106016291878, 34.522758718052472 ], [ 79.821044804284256, 34.514455480262974 ], [ 79.816103835761325, 34.483093383690864 ], [ 79.803849600763655, 34.472815641986394 ], [ 79.791438731021501, 34.466753603059757 ], [ 79.753809003557336, 34.467206976969891 ], [ 79.744424678381591, 34.462063881555622 ], [ 79.725882937979364, 34.469763741354839 ], [ 79.681806615270403, 34.470785231356324 ], [ 79.662864348422303, 34.475510576902536 ], [ 79.653387986354161, 34.480573656432284 ], [ 79.633500619063639, 34.478177539067943 ], [ 79.614800473337453, 34.479272193569493 ], [ 79.598392754554482, 34.486758983702074 ], [ 79.58353278359867, 34.478498764436537 ], [ 79.540354159031253, 34.469787550693738 ], [ 79.522154755803996, 34.463621850760006 ], [ 79.521455589831831, 34.45828321775479 ], [ 79.528028266321698, 34.44208806730478 ], [ 79.527550846782489, 34.416323281247827 ], [ 79.53162878943894, 34.408754159020525 ], [ 79.54332921755551, 34.404099575822869 ], [ 79.56669791859305, 34.405593634938242 ], [ 79.568936974828603, 34.400589780062035 ], [ 79.561356920392626, 34.381466754591926 ], [ 79.56997688166949, 34.336871247030508 ], [ 79.568511095230534, 34.32019671499156 ], [ 79.579601172908781, 34.29998556616215 ], [ 79.596961809273765, 34.278003937849242 ], [ 79.597388977954324, 34.26475880774057 ], [ 79.592138725767242, 34.235820116394365 ], [ 79.571013010196296, 34.212520949595067 ], [ 79.540058343808198, 34.191307321756135 ], [ 79.532420999314965, 34.199200026080852 ], [ 79.513141847167347, 34.200937835735509 ], [ 79.503722387982535, 34.195182910270582 ], [ 79.49368608443821, 34.184680746163949 ], [ 79.490962020594239, 34.147108676155241 ], [ 79.495954241597403, 34.124448995971484 ], [ 79.485849719990426, 34.113352377631564 ], [ 79.466033204622974, 34.094123359365206 ], [ 79.446972271224169, 34.086229318458528 ], [ 79.427508479353051, 34.080769833037863 ], [ 79.421113120418795, 34.075939795772108 ], [ 79.419349876636417, 34.062291452044541 ], [ 79.415678312051583, 34.050614550248731 ], [ 79.4145291808519, 34.041713280122416 ], [ 79.429850559775289, 34.031937797122019 ], [ 79.442877009947352, 34.021165398307424 ], [ 79.437449969312397, 34.012647657622033 ], [ 79.415505660345531, 33.99900597169291 ], [ 79.373667696779478, 34.026754125410299 ], [ 79.3328868481819, 34.029182560217542 ], [ 79.300506280553421, 34.029653696374737 ], [ 79.282943755913138, 34.027606743233754 ], [ 79.260402175978513, 34.037400461582294 ], [ 79.232076070841572, 34.047098771792456 ], [ 79.218413292749787, 34.041698781258724 ], [ 79.205991545307839, 34.040389529159278 ], [ 79.186853449321049, 34.048670061542907 ], [ 79.17292876650987, 34.058291511296687 ], [ 79.148007508963403, 34.055069435138812 ], [ 79.146665404369372, 34.032982522927973 ], [ 79.138230495142707, 34.017515962438793 ], [ 79.112650904545305, 34.008944571538969 ], [ 79.080350968798427, 34.009953662219075 ], [ 79.024827800699512, 34.032764952559496 ], [ 79.001148941038792, 34.033608224555223 ], [ 78.975922724317968, 34.021979799730168 ], [ 78.953209325415585, 34.013131250019001 ], [ 78.92564963772621, 33.982494069334315 ], [ 78.918317097897074, 33.963921796198505 ], [ 78.922699174176117, 33.952746311960276 ], [ 78.945338842953277, 33.926203528517149 ], [ 78.955933894112718, 33.901291372268794 ], [ 78.986726178335161, 33.836231586437812 ], [ 79.002326383542922, 33.805479240791712 ], [ 79.009608406612031, 33.794647535459873 ], [ 79.013185926569804, 33.782935625413344 ], [ 79.030351967182995, 33.78805018720805 ], [ 79.043612685404796, 33.779098141685573 ], [ 79.060454502472382, 33.775834726871587 ], [ 79.064098606457321, 33.764714996266058 ], [ 79.058723453411474, 33.756179972900725 ], [ 79.037980363557708, 33.745378475534231 ], [ 79.019784650609623, 33.714548343488325 ], [ 79.016106142047633, 33.702263923952493 ], [ 79.022004562848181, 33.686148478977834 ], [ 79.046318678738515, 33.67383453875162 ], [ 79.063539563296445, 33.679538699231685 ], [ 79.077995772074743, 33.686081917568679 ], [ 79.081708089630766, 33.675554891732581 ], [ 79.090382565170657, 33.635784336618229 ], [ 79.100150613804843, 33.616324027541026 ], [ 79.09537379353543, 33.612539889127795 ], [ 79.06608534748915, 33.619297055943782 ], [ 79.03081934535399, 33.624165634121951 ], [ 78.989454975402367, 33.614547800713432 ], [ 78.964247563115379, 33.613725823068535 ], [ 78.940334989665487, 33.617588454147921 ], [ 78.927160924732647, 33.627124383615225 ], [ 78.909486638891238, 33.629243736141817 ], [ 78.902860435386884, 33.622011201756749 ], [ 78.914524617380067, 33.606006327751125 ], [ 78.907352203148619, 33.582617622423548 ], [ 78.906259814033902, 33.573709545862734 ], [ 78.923246946175141, 33.560246083418775 ], [ 78.943773790878765, 33.526069091303007 ], [ 78.94123941798513, 33.511283540786366 ], [ 78.927470030530372, 33.486663465953114 ], [ 78.927077972502715, 33.454288014747632 ], [ 78.93997590609699, 33.413563081459444 ], [ 78.955372491077611, 33.381622148926198 ], [ 78.971804154454489, 33.36399371365323 ], [ 78.978421967694089, 33.336409652110554 ], [ 78.987034538531134, 33.330860469051615 ], [ 79.016040570421794, 33.328339298782872 ], [ 79.081559437315875, 33.297406845951556 ], [ 79.107691331014536, 33.289112026915511 ], [ 79.149031512030518, 33.29388015103779 ], [ 79.223682868596924, 33.296284632752581 ], [ 79.261337343748835, 33.288735285173324 ], [ 79.30012858928211, 33.273266898425398 ], [ 79.331123673569792, 33.275297187398913 ], [ 79.355581014154055, 33.282110542237334 ], [ 79.393925133136122, 33.274458370256227 ], [ 79.434556859599923, 33.26238348003421 ], [ 79.446112571819157, 33.257734695223789 ], [ 79.45177298218853, 33.235002164695672 ], [ 79.443044611324879, 33.200360785211203 ], [ 79.422801227314181, 33.164959323308615 ], [ 79.388561893547589, 33.126014715122103 ], [ 79.373216987746929, 33.106379838484443 ], [ 79.36815630074608, 33.083415403425093 ], [ 79.379541646573344, 33.06076994863777 ], [ 79.387145237768109, 33.04206756150807 ], [ 79.380322632898228, 33.027669841188093 ], [ 79.356739472561344, 33.015983735690249 ], [ 79.342080016356746, 33.015057829416349 ], [ 79.340429000001109, 33.024569999709158 ], [ 79.338026000327886, 33.028384999646256 ], [ 79.331174999711862, 33.031460000037214 ], [ 79.328361000134905, 33.034467000033551 ], [ 79.334525999589275, 33.04599899978151 ], [ 79.336714999900551, 33.053060000209371 ], [ 79.3397439995627, 33.056606999999289 ], [ 79.348582999750221, 33.06025799997466 ], [ 79.351244000064625, 33.060833999888246 ], [ 79.357294999716174, 33.06036400028097 ], [ 79.358925999810651, 33.06119099990719 ], [ 79.358529000150625, 33.068608000355361 ], [ 79.359561000020364, 33.0705579998261 ], [ 79.361442000360086, 33.071607999650688 ], [ 79.361927999708584, 33.075675999818877 ], [ 79.366480000408444, 33.079846999937843 ], [ 79.368179000274964, 33.085389999803851 ], [ 79.365296000202747, 33.092865000222965 ], [ 79.36726899970563, 33.100899000040556 ], [ 79.364327999907076, 33.106065999963555 ], [ 79.368151999612479, 33.107459000079224 ], [ 79.37154699987083, 33.112876999913844 ], [ 79.373131000109623, 33.118301999805723 ], [ 79.378193000447425, 33.122454000290382 ], [ 79.379345999792704, 33.125248999632731 ], [ 79.382987999923245, 33.127180999713431 ], [ 79.383962000066674, 33.13099599962554 ], [ 79.387379000066318, 33.134029999655105 ], [ 79.390426000170081, 33.138790999747464 ], [ 79.391530000009837, 33.138087999835449 ], [ 79.396205999659983, 33.138178999806435 ], [ 79.397969999823815, 33.138652999683558 ], [ 79.398981999602114, 33.139982000159996 ], [ 79.40037199967216, 33.148568999806024 ], [ 79.399045000249629, 33.15122300025547 ], [ 79.394969999575721, 33.152548999803599 ], [ 79.392918000430072, 33.15532899988105 ], [ 79.394244000027697, 33.161707000308319 ], [ 79.396234999972279, 33.165437000031929 ], [ 79.395885999992828, 33.169412999716606 ], [ 79.397149999666183, 33.169982999708935 ], [ 79.401098999943372, 33.168814000240928 ], [ 79.408363000112956, 33.169192999651635 ], [ 79.410950999734098, 33.171152000129716 ], [ 79.412750999882988, 33.176773000136549 ], [ 79.411425000285348, 33.179615999891382 ], [ 79.411425000285348, 33.182394999687439 ], [ 79.409866000160918, 33.184236999640518 ], [ 79.408646999795081, 33.188394000208568 ], [ 79.405263000305737, 33.190590999656138 ], [ 79.402689999854843, 33.19404400020246 ], [ 79.392287000418321, 33.19979700002979 ], [ 79.385182000257402, 33.20191200031433 ], [ 79.378769000207612, 33.198027999695739 ], [ 79.368770999928685, 33.198260000309361 ], [ 79.362316000046121, 33.197269999853759 ], [ 79.359063999902915, 33.198026999941298 ], [ 79.354733999859178, 33.201091999643673 ], [ 79.350057000384183, 33.200649999986908 ], [ 79.34529200014731, 33.202449999812266 ], [ 79.339616000414466, 33.202992999754834 ], [ 79.337554000324801, 33.204250000212618 ], [ 79.335689999703504, 33.204028999990911 ], [ 79.334111000385874, 33.202324999892618 ], [ 79.330920000342047, 33.201186000286263 ], [ 79.328777999886427, 33.197961000334075 ], [ 79.324446000192893, 33.195216999767538 ], [ 79.323877999930332, 33.190290999965235 ], [ 79.31964599979591, 33.189689999906541 ], [ 79.314338000309135, 33.19089099982299 ], [ 79.30647499991484, 33.190195999811316 ], [ 79.302497000223624, 33.190669999712036 ], [ 79.295864000065819, 33.202702000021688 ], [ 79.288066999793742, 33.203111999790657 ], [ 79.285188999744392, 33.205892000189245 ], [ 79.27934800015511, 33.207154999764875 ], [ 79.277136000277608, 33.210218999717846 ], [ 79.273324000267763, 33.21261599997095 ], [ 79.272757999654999, 33.213214999839309 ], [ 79.2736730002472, 33.21984199983239 ], [ 79.272229999575416, 33.221216000032157 ], [ 79.267754999766765, 33.218994999867256 ], [ 79.263735000242761, 33.218078000145084 ], [ 79.260300999626352, 33.215429000272941 ], [ 79.25582099979485, 33.215399000067045 ], [ 79.25337700011373, 33.216175999677517 ], [ 79.251934000340242, 33.218144999892075 ], [ 79.251269999818192, 33.221747000220404 ], [ 79.247101000331284, 33.223326000202924 ], [ 79.243343999674693, 33.226073000154152 ], [ 79.242141999925636, 33.228977000276608 ], [ 79.238446000266748, 33.233117999849803 ], [ 79.234353999874429, 33.233932999767646 ], [ 79.229855999601227, 33.23324300011835 ], [ 79.2245520003124, 33.234601000302348 ], [ 79.216970999950419, 33.23788700035611 ], [ 79.214241999863944, 33.234276999712961 ], [ 79.212987000411417, 33.230894000169705 ], [ 79.213970999702283, 33.226232999648332 ], [ 79.213498999699198, 33.223978999708955 ], [ 79.209770000428335, 33.220198000369138 ], [ 79.210623000197941, 33.214387000023862 ], [ 79.209644999856565, 33.212650999820049 ], [ 79.204401999768791, 33.209839999652282 ], [ 79.200594999781828, 33.209706999787628 ], [ 79.199119000396365, 33.213624999970328 ], [ 79.192866000180132, 33.218588999678545 ], [ 79.187997000186158, 33.220509999775203 ], [ 79.182851000182765, 33.220002999705684 ], [ 79.18193999978854, 33.214560000214497 ], [ 79.182292000141018, 33.212240000043153 ], [ 79.174206000163963, 33.210284000240406 ], [ 79.173924000131663, 33.207502000232488 ], [ 79.174997999834233, 33.204944999930007 ], [ 79.174461000432103, 33.203966000209846 ], [ 79.171272999863021, 33.200145000078294 ], [ 79.16874700016615, 33.199700999928545 ], [ 79.164324000236007, 33.19423800027154 ], [ 79.164069999792801, 33.191143000221551 ], [ 79.1631530004491, 33.191332999875584 ], [ 79.154789999564287, 33.186188000027656 ], [ 79.151970999964462, 33.181869000303543 ], [ 79.144455999724713, 33.186397999907285 ], [ 79.144069999935326, 33.189211999792654 ], [ 79.142834999675969, 33.190395000094739 ], [ 79.139257000017878, 33.192745000082908 ], [ 79.136769999780725, 33.192757000114874 ], [ 79.133915000195884, 33.194570999946187 ], [ 79.1306079998011, 33.199726999809748 ], [ 79.125079000381376, 33.201458999661291 ], [ 79.124435999775756, 33.202608999957278 ], [ 79.12050999996309, 33.201636999918684 ], [ 79.113122999769871, 33.201647999770685 ], [ 79.107395000158505, 33.199749999727139 ], [ 79.105506000321157, 33.201660000086015 ], [ 79.103189999788242, 33.206969999631347 ], [ 79.09949800032733, 33.207625999879696 ], [ 79.097638999728915, 33.210477000039198 ], [ 79.094420999920914, 33.210954000212311 ], [ 79.092357000181394, 33.214132000170601 ], [ 79.086528000287714, 33.217152000248689 ], [ 79.084646999947992, 33.219861999706708 ], [ 79.072839000372753, 33.22324199996789 ], [ 79.071652999618905, 33.224243999983493 ], [ 79.070547999954215, 33.227504000074212 ], [ 79.06686099961783, 33.231985999837889 ], [ 79.06662799998935, 33.23569899996712 ], [ 79.067488000329973, 33.237929000213285 ], [ 79.074732000408048, 33.240426000060843 ], [ 79.079906999825468, 33.244889999931253 ], [ 79.079532999731626, 33.245352000060038 ], [ 79.074836000165135, 33.24816700001621 ], [ 79.071092999752267, 33.251820000116489 ], [ 79.059255000039826, 33.25580600027476 ], [ 79.052417999667497, 33.26181500027392 ], [ 79.045118000411222, 33.261100999782954 ], [ 79.039146000402397, 33.269020000072487 ], [ 79.036328999554073, 33.271328999642762 ], [ 79.035229999737155, 33.273079999790959 ], [ 79.035408000012382, 33.27597399973007 ], [ 79.033453000052816, 33.277951999901909 ], [ 79.035583999739472, 33.281285999846403 ], [ 79.034949000428085, 33.289166000217641 ], [ 79.030150999680927, 33.293253000131422 ], [ 79.019370999777479, 33.318932999880502 ], [ 78.993287999583117, 33.321881000171736 ], [ 78.828789999551773, 33.417242999878518 ], [ 78.62530500030698, 33.575364000095711 ], [ 78.502532999621309, 33.661948000010959 ], [ 78.421923999920935, 33.740738000245358 ], [ 78.356139999762362, 33.840072999844857 ], [ 78.30159900018775, 33.861336000068277 ], [ 78.27793100026048, 33.918009000131995 ], [ 78.262901999605901, 33.922654000190228 ], [ 78.227187999553692, 33.91258999990611 ], [ 78.198623999868289, 33.911794999671294 ], [ 78.166419999702143, 33.916807000303372 ], [ 78.109360000103393, 33.91954699973433 ], [ 78.096819000409155, 33.950521999976843 ], [ 78.094415999837636, 34.002894999793895 ], [ 78.100886999613707, 34.038624999694044 ], [ 78.096997999610991, 34.061958999891196 ], [ 78.092889000398529, 34.07971599975361 ], [ 78.077567999665916, 34.166890000313906 ], [ 78.086872000183845, 34.189214000076511 ], [ 78.114166000348149, 34.193790000067679 ], [ 78.132464999790955, 34.192802000011376 ], [ 78.142113000265525, 34.193257000145557 ], [ 78.18754799968886, 34.123519999943611 ], [ 78.203813000427701, 34.121589999763849 ], [ 78.230930000141683, 34.141727999902137 ], [ 78.232217000279547, 34.146307000084363 ], [ 78.24136699991341, 34.151732000116652 ], [ 78.253773999713346, 34.152617000370221 ], [ 78.263727999611305, 34.161653999944747 ], [ 78.274458000184325, 34.180014000258957 ], [ 78.277467999579883, 34.204623999845602 ], [ 78.28295500006513, 34.211928999972891 ], [ 78.292956999643707, 34.258727999884982 ], [ 78.291306000356045, 34.283214999923146 ], [ 78.297812000292268, 34.303352000283589 ], [ 78.316554000324174, 34.327887000236046 ], [ 78.315249999569545, 34.351033000112146 ], [ 78.30196400006075, 34.356929000130066 ], [ 78.296435999567606, 34.363832999747558 ], [ 78.295303000313837, 34.368944999973017 ], [ 78.31480400040401, 34.386169999806441 ], [ 78.291209000271664, 34.448009000297624 ], [ 78.268292000006767, 34.51900799969188 ], [ 78.253045999617186, 34.553865000088656 ], [ 78.250464999668722, 34.653532000251118 ], [ 78.266325000351628, 34.670089000008623 ], [ 78.270303000042816, 34.672102999856612 ], [ 78.273413999720702, 34.669986000027052 ], [ 78.274155000235652, 34.671229999958953 ], [ 78.273285999674172, 34.672014999903915 ], [ 78.274047000280618, 34.673444000354024 ], [ 78.278393000217847, 34.676021000067728 ], [ 78.276946000246383, 34.682156999978751 ], [ 78.27485300019454, 34.685963000250105 ], [ 78.276364999565018, 34.687711000349772 ], [ 78.274722999599888, 34.692298000208837 ], [ 78.275839000033542, 34.696028999753324 ], [ 78.27305999971837, 34.69775799968518 ], [ 78.272022999825751, 34.701319000016987 ], [ 78.264869000159351, 34.702049000266442 ], [ 78.259306000404436, 34.707820999855059 ], [ 78.246798000322173, 34.708734999827804 ], [ 78.242187000071041, 34.712200999880814 ], [ 78.240833999810931, 34.714551000261999 ], [ 78.232709000374157, 34.714338999664783 ], [ 78.221854000127649, 34.718018999799604 ], [ 78.218526999641398, 34.716608999813715 ], [ 78.210683000411976, 34.719110000288453 ], [ 78.207879999807361, 34.721737000037706 ], [ 78.205575999868344, 34.726137999681185 ], [ 78.203440000158807, 34.733684999892823 ], [ 78.202214999945213, 34.735443000222716 ], [ 78.204193000369287, 34.740110999682557 ], [ 78.202979999851252, 34.742008999714955 ], [ 78.204306000347202, 34.745933999767509 ], [ 78.204591999679138, 34.751247999676139 ], [ 78.203918999834613, 34.753438999876451 ], [ 78.210611000441958, 34.759752999969074 ], [ 78.212420999738256, 34.767686999720567 ], [ 78.218220000393032, 34.770784000118809 ], [ 78.226528999952862, 34.771273999676268 ], [ 78.226906000419731, 34.772380000253079 ], [ 78.226486000295154, 34.778759999965501 ], [ 78.227129999827397, 34.780448000326452 ], [ 78.226056999949733, 34.781989999765898 ], [ 78.226196999691851, 34.785615999707879 ], [ 78.22678699969569, 34.787135999748827 ], [ 78.228863999853999, 34.788779000010067 ], [ 78.229523000353169, 34.797282999674124 ], [ 78.232003000019319, 34.798763999896323 ], [ 78.230469000009208, 34.804261999771128 ], [ 78.225702999947401, 34.811265999776431 ], [ 78.226878999757204, 34.815318000192065 ], [ 78.228914999907659, 34.818514999982405 ], [ 78.228005000236621, 34.825848999689065 ], [ 78.231172999815925, 34.829516999736548 ], [ 78.23309299961538, 34.834110000113576 ], [ 78.232122999669912, 34.836465000156849 ], [ 78.23440200039289, 34.838883000265739 ], [ 78.23457399992202, 34.840056000097825 ], [ 78.233608000174499, 34.841713999654708 ], [ 78.233826999559312, 34.84481000013924 ], [ 78.231201000303315, 34.84621599998318 ], [ 78.230592999857762, 34.850332999826236 ], [ 78.228903000212085, 34.851126999706558 ], [ 78.228131999559906, 34.852707000205619 ], [ 78.228818999648169, 34.855508000333408 ], [ 78.231331999824576, 34.856118999831885 ], [ 78.237144999824721, 34.869785000145157 ], [ 78.235856999861952, 34.872033000131516 ], [ 78.235033000404641, 34.880932000012415 ], [ 78.233505000242332, 34.882777000227215 ], [ 78.227402999638869, 34.886521999890263 ], [ 78.225591999619326, 34.888831000341767 ], [ 78.218690999672916, 34.889184000355264 ], [ 78.215016999755321, 34.887998999725184 ], [ 78.212751000349456, 34.889662999902171 ], [ 78.203024000232176, 34.891414000282303 ], [ 78.202944999691169, 34.896590000073886 ], [ 78.207842999997439, 34.902388999818207 ], [ 78.206605000263366, 34.904489000228018 ], [ 78.197817000129419, 34.908699999859749 ], [ 78.196280999571201, 34.914531999752491 ], [ 78.188756000184014, 34.91852500011835 ], [ 78.186935000118751, 34.921784000325239 ], [ 78.187159000424757, 34.922659999858297 ], [ 78.177570000399754, 34.929421000191084 ], [ 78.176131999750808, 34.933611000100171 ], [ 78.173303999930155, 34.937820999869587 ], [ 78.173818999590935, 34.940044999860277 ], [ 78.176064999803657, 34.941457999697825 ], [ 78.179244999976817, 34.942051000056949 ], [ 78.184427999790159, 34.941003999987977 ], [ 78.185375000169415, 34.942950000190287 ], [ 78.199565000399744, 34.955759000091085 ], [ 78.203594999969496, 34.956852999880645 ], [ 78.202284000440486, 34.96059499988354 ], [ 78.20327899960202, 34.965569000313316 ], [ 78.201361000350659, 34.971794999914508 ], [ 78.195122000378163, 34.974024000075801 ], [ 78.187135000135299, 34.979731999811627 ], [ 78.177982999953315, 34.984385999801773 ], [ 78.176818000014165, 34.987148999967467 ], [ 78.172981999714878, 34.98542499970408 ], [ 78.158257999557136, 34.98818800013138 ], [ 78.154313000376192, 34.990712000085473 ], [ 78.147588999981778, 34.998013000150273 ], [ 78.141835000431158, 35.008796000106159 ], [ 78.142308000259177, 35.010498000278176 ], [ 78.140734000066104, 35.01244400020331 ], [ 78.13681599975105, 35.014875999636267 ], [ 78.133868000279818, 35.014593000352171 ], [ 78.132831000387156, 35.018014000344188 ], [ 78.1303550000207, 35.020921000195912 ], [ 78.129563000350458, 35.023818000097727 ], [ 78.121746999811819, 35.028742000243007 ], [ 78.114582000274751, 35.032018000045113 ], [ 78.115534999603483, 35.03521700023623 ], [ 78.11473899973528, 35.036121999915451 ], [ 78.118802999640209, 35.038998000064169 ], [ 78.120507000427907, 35.042284000155583 ], [ 78.120848000011449, 35.044807000302747 ], [ 78.127117999946108, 35.046919000205733 ], [ 78.128281000235432, 35.049324000005996 ], [ 78.129676000328345, 35.048734000321595 ], [ 78.134290999879084, 35.049514999767204 ], [ 78.137778000198935, 35.051267999861388 ], [ 78.133890000021097, 35.056454999967201 ], [ 78.13314799968127, 35.059809000135111 ], [ 78.133607000163892, 35.061043000189279 ], [ 78.138472999784796, 35.064917999719633 ], [ 78.13940699974529, 35.067450000083049 ], [ 78.146046999575773, 35.070476000247787 ], [ 78.144183999677708, 35.073856999964917 ], [ 78.139795999907676, 35.076307000099256 ], [ 78.137732999993105, 35.081773000261741 ], [ 78.131617999869121, 35.089856999659382 ], [ 78.132590000362754, 35.093588000169056 ], [ 78.135316999901079, 35.094880000093994 ], [ 78.133238000092945, 35.098085999815545 ], [ 78.130302000317258, 35.099686999983028 ], [ 78.125162000161637, 35.137534000091989 ], [ 78.124983000061505, 35.181597000075442 ], [ 78.063870000428466, 35.234263000200357 ], [ 78.035459999830508, 35.275053999799695 ], [ 78.050650999968482, 35.338513999786109 ], [ 78.022707000424163, 35.407921000170184 ], [ 77.986001274671352, 35.454831519930075 ], [ 77.970542166048631, 35.466795710911903 ], [ 77.960315943381872, 35.486139895848794 ], [ 77.939265835415171, 35.506909042604747 ], [ 77.937515822020274, 35.517220288932378 ], [ 77.963464621996053, 35.558339222482992 ], [ 77.967935586572452, 35.571765879800196 ], [ 77.953767128840937, 35.601584842379573 ], [ 77.95780845616639, 35.60486753172453 ], [ 77.973498277306902, 35.594686924023797 ], [ 77.990705571252931, 35.584986212742677 ], [ 78.001397102372223, 35.582369076536203 ], [ 78.036881078016123, 35.585025452456037 ], [ 78.055561400618956, 35.581787410097007 ], [ 78.074943032574183, 35.559333536684477 ], [ 78.084351698500825, 35.552018626543365 ], [ 78.0928581253022, 35.549562744298903 ], [ 78.105753532833916, 35.55335150404246 ], [ 78.131580827582653, 35.542361240800801 ], [ 78.136765750689023, 35.536568396568995 ], [ 78.149073787585678, 35.541596240938276 ], [ 78.157235254131422, 35.548743173400588 ], [ 78.164912067004963, 35.551736129500775 ], [ 78.160459373263137, 35.570046846067484 ], [ 78.159599390888829, 35.5814902761486 ], [ 78.170639453965308, 35.594399132469441 ], [ 78.173413063490457, 35.605558475053591 ], [ 78.169825086244515, 35.624998211532969 ], [ 78.175986131314986, 35.627510474240616 ], [ 78.197437519414052, 35.622838508457903 ], [ 78.195924855290301, 35.634931680194889 ], [ 78.2011220421969, 35.641709421445903 ], [ 78.207703910248753, 35.647779720702523 ], [ 78.206988964470312, 35.660408958753038 ], [ 78.212048859157079, 35.665999576329426 ], [ 78.228656619279107, 35.657511800319106 ], [ 78.255882731960725, 35.645790810081813 ], [ 78.265611506250679, 35.647419330187539 ], [ 78.268675186272645, 35.654387254787125 ], [ 78.28270164640891, 35.661638956057651 ], [ 78.284507064297259, 35.664490218181712 ], [ 78.277189607181768, 35.677042759777116 ], [ 78.277492846980621, 35.691987372365446 ], [ 78.275519806155231, 35.712499726194459 ], [ 78.276950293295116, 35.718374139594566 ], [ 78.287696543493325, 35.722316215103163 ], [ 78.297927757199773, 35.728094320626951 ], [ 78.319256161444883, 35.72221657623156 ], [ 78.337955370228258, 35.71893864955026 ], [ 78.368324984533061, 35.727304142333203 ], [ 78.403863661289577, 35.735849329997066 ], [ 78.408655643324323, 35.739059480555987 ], [ 78.409068016752101, 35.748606909505774 ], [ 78.41240577186899, 35.751933026047503 ], [ 78.415943089522827, 35.763027069694409 ], [ 78.426116233434371, 35.768201804792433 ], [ 78.430240908248535, 35.778050974625373 ], [ 78.442671578656189, 35.783642771194977 ], [ 78.475432401347803, 35.775028075572848 ], [ 78.512544484510954, 35.772041995215226 ], [ 78.53416402016326, 35.76251278170168 ], [ 78.560269613885353, 35.777767551907012 ], [ 78.599698293164451, 35.805708962828561 ], [ 78.610032708025685, 35.81205499573133 ], [ 78.621679491448418, 35.81110738562311 ], [ 78.646430641317735, 35.821067133635921 ], [ 78.665219498373219, 35.836300745939873 ], [ 78.673311062515111, 35.854203537093838 ], [ 78.695235818751499, 35.858996439546381 ], [ 78.710529210662202, 35.857742611063401 ], [ 78.728307831332245, 35.864666880089899 ], [ 78.748920601689449, 35.864768009795569 ], [ 78.769174165408913, 35.867889963704783 ], [ 78.78622026925359, 35.868878342091584 ], [ 78.819990493795672, 35.856501209877166 ], [ 78.839070855957473, 35.856116085537657 ], [ 78.872225634816928, 35.862342971041436 ], [ 78.925121106742267, 35.867510212529162 ], [ 78.952107783366401, 35.877228628242577 ], [ 78.96920489714617, 35.890168998520892 ], [ 78.982390095798635, 35.889659687120705 ], [ 79.013147795780952, 35.859514049063129 ], [ 79.032247715164758, 35.84771722194747 ], [ 79.142424280046612, 35.834761074979369 ], [ 79.164672529498276, 35.838186199399566 ], [ 79.181644298651506, 35.853573902562609 ], [ 79.212759833544084, 35.877865569083639 ], [ 79.209510536431551, 35.903906973451925 ], [ 79.204494950247849, 35.927702445768517 ], [ 79.213131208760629, 35.954519476753653 ], [ 79.230898839441522, 35.972164186514469 ], [ 79.251700906388621, 35.984752945357052 ], [ 79.358031112497656, 35.991732786975732 ], [ 79.400932046251185, 35.99279116865592 ], [ 79.410353455678461, 35.985977349735023 ], [ 79.430274711913071, 35.908136228619881 ], [ 79.440199813008363, 35.894083357837886 ], [ 79.468042053193926, 35.88744541669211 ], [ 79.536227970555856, 35.879638630974881 ], [ 79.562379758344804, 35.865936672973646 ], [ 79.619250706593704, 35.845300318864801 ] ] ], [ [ [ 77.578465999611126, 34.108712999862689 ], [ 77.389574999929451, 33.996772999946344 ], [ 77.360930000053159, 34.026151000319857 ], [ 77.364322999763374, 34.048290999912581 ], [ 77.382381000080059, 34.072841000200256 ], [ 77.217235000318496, 34.123484999933801 ], [ 77.382410000392369, 34.147485999628785 ], [ 77.372244999708883, 34.184115000357458 ], [ 77.388682999801759, 34.190219999828507 ], [ 77.388466999891705, 34.19614799986126 ], [ 77.382330999851348, 34.223655000219495 ], [ 77.413045000388308, 34.233603999978278 ], [ 77.430372000235835, 34.24318099974662 ], [ 77.429866999722435, 34.268461000364304 ], [ 77.451219999840035, 34.290923999919208 ], [ 77.484245999813638, 34.310174999713929 ], [ 77.518840000132514, 34.275646000312094 ], [ 77.553861000248659, 34.264580000080713 ], [ 77.582696999920657, 34.264296999774238 ], [ 77.603296999827748, 34.254653000262572 ], [ 77.630355999815393, 34.234968000257595 ], [ 77.645526000036995, 34.203277000215984 ], [ 77.585826000040214, 34.135965000018444 ], [ 77.578787999826417, 34.12573700036296 ], [ 77.578465999611126, 34.108712999862689 ] ] ] ] } },
{ "type": "Feature", "properties": { "pincode": "194102", "officename": "Drass S.O", "officetype": "S.O", "circle": "Jammu And Kashmir", "region": "Srinagar HQ", "division": "Leh", "state": "Ladakh", "district": "Leh" }, "geometry": { "type": "Polygon", "coordinates": [ [ [ 75.89189300002154, 34.568751000218505 ], [ 75.919384999654213, 34.444417000212049 ], [ 75.930309000396008, 34.42279300034226 ], [ 75.912237943964939, 34.340552725306381 ], [ 75.902102000187625, 34.341075999977932 ], [ 75.872975000262528, 34.352297999789251 ], [ 75.846759999823647, 34.351897000104891 ], [ 75.823456999769348, 34.344682999679137 ], [ 75.876881999808589, 34.299367000185192 ], [ 75.891446000132774, 34.295356999869625 ], [ 75.929798000034836, 34.239596000067145 ], [ 75.881636000174836, 34.201670999903172 ], [ 75.790526000230315, 34.207933000219249 ], [ 75.698442000142336, 34.200604999737337 ], [ 75.690720000213361, 34.195273000101722 ], [ 75.685287000154787, 34.199557999772956 ], [ 75.680541000184476, 34.200957999962142 ], [ 75.670752999967846, 34.198027000270024 ], [ 75.662420999943521, 34.199133999845913 ], [ 75.657387999918015, 34.202940000285011 ], [ 75.656462003048404, 34.206321001099482 ], [ 75.650322000115139, 34.21147500023234 ], [ 75.648120000283384, 34.21200299984605 ], [ 75.643957999570858, 34.211620000232081 ], [ 75.641179999978888, 34.209695999668334 ], [ 75.638055000057307, 34.210273000229535 ], [ 75.63701300014182, 34.209791000113512 ], [ 75.626075000054627, 34.201309000126095 ], [ 75.621794000414738, 34.201790999712003 ], [ 75.617790999710877, 34.199910999923731 ], [ 75.615300999999022, 34.199861000333215 ], [ 75.612643000057645, 34.197358999926358 ], [ 75.604598999913378, 34.195190000182102 ], [ 75.598050000319503, 34.197596000268042 ], [ 75.593362999900407, 34.197693999722453 ], [ 75.5809710001691, 34.212263999813523 ], [ 75.55572300020097, 34.209852999697262 ], [ 75.544071000261354, 34.217490999890693 ], [ 75.543153000194422, 34.219692999893404 ], [ 75.538238000169684, 34.223081000003909 ], [ 75.534271000349165, 34.223655000219495 ], [ 75.52973100024316, 34.226833999857327 ], [ 75.527088000370426, 34.2266880003111 ], [ 75.523129999872396, 34.228997000336292 ], [ 75.514591000158831, 34.22671300032259 ], [ 75.509882999823361, 34.228777999861919 ], [ 75.502895999663195, 34.234346999649233 ], [ 75.495358999682168, 34.232399999975954 ], [ 75.496956000339722, 34.237639999839281 ], [ 75.495896999807499, 34.240971999775098 ], [ 75.4885830003075, 34.246622999799094 ], [ 75.487192000412563, 34.249499999903044 ], [ 75.482385000342859, 34.25505700015664 ], [ 75.483789999583237, 34.258701999632905 ], [ 75.481047000151378, 34.262395999632581 ], [ 75.482951000057326, 34.269037999910452 ], [ 75.482166999884683, 34.271648999991648 ], [ 75.474855000034509, 34.277591000345716 ], [ 75.470110999714024, 34.279388999896049 ], [ 75.459175000175009, 34.279414999690857 ], [ 75.454302999808007, 34.283958000205672 ], [ 75.45361599971973, 34.285919000207464 ], [ 75.448889000015981, 34.284074000116476 ], [ 75.444237999581929, 34.280325999899539 ], [ 75.43949199961159, 34.279490000224435 ], [ 75.43767899994225, 34.2807620002988 ], [ 75.437365000122909, 34.28247999973928 ], [ 75.433666999915857, 34.282342000230173 ], [ 75.430870999882259, 34.283569000308589 ], [ 75.426124000087057, 34.282187999725203 ], [ 75.422628000444675, 34.283901999781918 ], [ 75.420107999697279, 34.283119000127776 ], [ 75.419223000140605, 34.281888000138714 ], [ 75.414917000386367, 34.282727999696782 ], [ 75.410888999568144, 34.284689999980422 ], [ 75.40608300022167, 34.284831000184241 ], [ 75.405653000051373, 34.283929999998456 ], [ 75.404577999625573, 34.283871999963687 ], [ 75.397386000324346, 34.292806999629583 ], [ 75.392841000195475, 34.297075999648442 ], [ 75.391955999740503, 34.301213999817733 ], [ 75.389307000019983, 34.304884000177772 ], [ 75.389334999609076, 34.309517000333486 ], [ 75.391383000353386, 34.312303000056254 ], [ 75.395392000006709, 34.314759000081629 ], [ 75.396049999782676, 34.316718999894697 ], [ 75.389701000205292, 34.321903999867374 ], [ 75.384670999654531, 34.328237000001458 ], [ 75.383976000068657, 34.336719999827437 ], [ 75.37596200006162, 34.34226900029001 ], [ 75.378358000062178, 34.344513999806956 ], [ 75.381994000344932, 34.345748999979882 ], [ 75.383576000035589, 34.348597000281586 ], [ 75.385771000194651, 34.34988600035701 ], [ 75.384755000218419, 34.354014999955474 ], [ 75.38269599960347, 34.355186999955599 ], [ 75.380506000365571, 34.358297000330673 ], [ 75.38570800044549, 34.366140000234203 ], [ 75.383329999988277, 34.367043999907388 ], [ 75.425055000407355, 34.381531000004053 ], [ 75.452547999864947, 34.392749000155888 ], [ 75.481801000186778, 34.420890999899136 ], [ 75.48653499956319, 34.437009999852457 ], [ 75.49017699969373, 34.453428000348019 ], [ 75.498916000322168, 34.469642000274952 ], [ 75.509354999743735, 34.482647999963291 ], [ 75.535330999807996, 34.503055999936421 ], [ 75.557908000314313, 34.514059000328828 ], [ 75.674014000331866, 34.5145559996621 ], [ 75.69707299998872, 34.515709999953451 ], [ 75.729294999698183, 34.514479000011555 ], [ 75.756004999706363, 34.514858999768386 ], [ 75.778340000363315, 34.512259000338773 ], [ 75.795575999974233, 34.513660000334703 ], [ 75.809413999852097, 34.526257000185282 ], [ 75.820095000021311, 34.526056999730315 ], [ 75.8319910003584, 34.528256999780723 ], [ 75.836603000434394, 34.533456000316505 ], [ 75.839759000318111, 34.539654999706215 ], [ 75.849226999969289, 34.543652999778892 ], [ 75.862822000172898, 34.544059000153744 ], [ 75.879573000260237, 34.552258000283302 ], [ 75.888070000141042, 34.561053000208162 ], [ 75.89189300002154, 34.568751000218505 ] ] ] } },
{ "type": "Feature", "properties": { "pincode": "194103", "officename": "Kargil S.O", "officetype": "S.O", "circle": "Jammu And Kashmir", "region": "Srinagar HQ", "division": "Leh", "state": "Ladakh", "district": "Leh" }, "geometry": { "type": "Polygon", "coordinates": [ [ [ 76.450725000210312, 34.752560999982194 ], [ 76.428972000059602, 34.745652000229491 ], [ 76.426056000375397, 34.741845999937979 ], [ 76.419398999928134, 34.737408999995154 ], [ 76.419598000119777, 34.733516999800834 ], [ 76.420927000090444, 34.73092299995389 ], [ 76.419732000014065, 34.724651000259719 ], [ 76.42073999959436, 34.723193000357504 ], [ 76.420275999987197, 34.720917999895825 ], [ 76.424636999993027, 34.716892999827735 ], [ 76.42567499971058, 34.713379999975245 ], [ 76.428111999718979, 34.709890000026512 ], [ 76.43055999959806, 34.709169999810619 ], [ 76.433747000342237, 34.705335000259673 ], [ 76.439956000177531, 34.696104000302533 ], [ 76.440591000387258, 34.691431000302892 ], [ 76.445061999997961, 34.685654000051905 ], [ 76.445553000267623, 34.675402999666993 ], [ 76.448546999769647, 34.672341000351672 ], [ 76.449823000036901, 34.669522000193517 ], [ 76.447913000283165, 34.666005000229724 ], [ 76.44895400037376, 34.6583540001673 ], [ 76.456701000417084, 34.652653999911031 ], [ 76.457252999887814, 34.65006300035428 ], [ 76.459618999751129, 34.646403999859984 ], [ 76.464430999843671, 34.643574999671948 ], [ 76.467732000390683, 34.638604000261999 ], [ 76.470885999726249, 34.636468000217697 ], [ 76.473008000090388, 34.633639999635662 ], [ 76.470228999775216, 34.625950999842793 ], [ 76.475996999569574, 34.622675999684674 ], [ 76.491119000110558, 34.618385000337035 ], [ 76.495142000007604, 34.614941000224583 ], [ 76.501643999745866, 34.60645600009429 ], [ 76.511247999839469, 34.600620000317036 ], [ 76.516863000371231, 34.60040500028019 ], [ 76.525421000351372, 34.594434999899505 ], [ 76.529305000331249, 34.586065999695052 ], [ 76.528372000195688, 34.578763999947419 ], [ 76.526163999617836, 34.581244000254429 ], [ 76.516206000420198, 34.579653999990143 ], [ 76.49986600023658, 34.569347999857392 ], [ 76.477590999854087, 34.511200000243321 ], [ 76.432594000098661, 34.514456999886868 ], [ 76.396351000141976, 34.555768999851104 ], [ 76.332321000101487, 34.556758999829114 ], [ 76.246496000077499, 34.548984999766709 ], [ 76.241693000205814, 34.529762000185499 ], [ 76.253310999810225, 34.484149000019194 ], [ 76.230735999852058, 34.457427999778965 ], [ 76.213013000169425, 34.410876999989846 ], [ 76.211921000025214, 34.404768000280441 ], [ 76.20609499960625, 34.392748000174201 ], [ 76.176285999615757, 34.385947000146352 ], [ 76.183514999625231, 34.369207999822486 ], [ 76.189878000344621, 34.347698999794048 ], [ 76.186921999579141, 34.344144000346006 ], [ 76.154566999800267, 34.346299000088138 ], [ 76.106242999558546, 34.345280999743821 ], [ 76.042384000120592, 34.347411000208965 ], [ 76.004104000188562, 34.336775999896503 ], [ 75.984706000030556, 34.319479000254603 ], [ 75.94870699957302, 34.338671000313639 ], [ 75.912237943964939, 34.340552725306381 ], [ 75.930309000396008, 34.42279300034226 ], [ 75.919384999654213, 34.444417000212049 ], [ 75.891882000150886, 34.568830000165228 ], [ 75.905124000177082, 34.6026779998245 ], [ 75.924970000048759, 34.634594999703545 ], [ 75.944148999923684, 34.683519999912996 ], [ 75.949489999920729, 34.716843000218425 ], [ 75.971337999607655, 34.736791999873404 ], [ 75.985419000058087, 34.736387999834307 ], [ 76.011313999931502, 34.72079300025505 ], [ 76.034918000284662, 34.704923999845846 ], [ 76.048907999600161, 34.699630999651276 ], [ 76.08195299984034, 34.694344000223026 ], [ 76.099032999815648, 34.687425000325909 ], [ 76.119804000325274, 34.684248999643572 ], [ 76.148193000108535, 34.690203999859257 ], [ 76.167493000357254, 34.689705000009141 ], [ 76.184244000444579, 34.69249700011801 ], [ 76.190556000212041, 34.695540000001429 ], [ 76.196806999880138, 34.696685000215645 ], [ 76.206031999857075, 34.694146999704621 ], [ 76.214467999638501, 34.68570900011656 ], [ 76.223753999714788, 34.682365999697886 ], [ 76.230187999680965, 34.682369000305002 ], [ 76.247120000416601, 34.688357999831062 ], [ 76.269939999698821, 34.703380000005907 ], [ 76.276495000038807, 34.706674000314429 ], [ 76.287419999707211, 34.708269000253644 ], [ 76.303077999825391, 34.707672999783661 ], [ 76.306709000085263, 34.710909999757732 ], [ 76.316247999881568, 34.715351999807154 ], [ 76.322378000074153, 34.716947999806138 ], [ 76.331361000201753, 34.717600999734508 ], [ 76.336246000089218, 34.719317999968773 ], [ 76.354209999796296, 34.72934399994017 ], [ 76.360067000177409, 34.733496999995637 ], [ 76.3636780003458, 34.734418999936246 ], [ 76.38498100023466, 34.735005000227126 ], [ 76.39180799966293, 34.736351999808029 ], [ 76.40072800004134, 34.739638000246792 ], [ 76.40961200043472, 34.741682999839469 ], [ 76.422572000428616, 34.743164000147814 ], [ 76.427936999816808, 34.74778399983262 ], [ 76.434416999813763, 34.750040000261698 ], [ 76.450725000210312, 34.752560999982194 ] ] ] } },
{ "type": "Feature", "properties": { "pincode": "194104", "officename": "Chuglamsar S.O", "officetype": "S.O", "circle": "Jammu And Kashmir", "region": "Srinagar HQ", "division": "Leh", "state": "Ladakh", "district": "Leh" }, "geometry": { "type": "Polygon", "coordinates": [ [ [ 77.671986999624835, 34.031350000130104 ], [ 77.678853000309459, 33.985683000002972 ], [ 77.71521799956659, 33.820827000079944 ], [ 77.81538199978381, 33.804139999902688 ], [ 77.837728000311401, 33.763787000047927 ], [ 77.806648000076549, 33.751682999924121 ], [ 77.767385999605153, 33.772906999850264 ], [ 77.579154000422648, 33.89023899973661 ], [ 77.493974999580729, 33.921063999692393 ], [ 77.376480000216333, 33.983877999938159 ], [ 77.367287000026451, 33.981096000290542 ], [ 77.297816000429805, 33.974223999994521 ], [ 77.272565999913539, 33.988318999634963 ], [ 77.275130000143562, 33.99546099989162 ], [ 77.271996999826072, 34.001441999652158 ], [ 77.273541999706794, 34.005426999841241 ], [ 77.274224999597124, 34.010739999877735 ], [ 77.317647000232895, 34.037870000020277 ], [ 77.382381000080059, 34.072841000200256 ], [ 77.364322999763374, 34.048290999912581 ], [ 77.360930000053159, 34.026151000319857 ], [ 77.389574999929451, 33.996772999946344 ], [ 77.578465999611126, 34.108712999862689 ], [ 77.578787999826417, 34.12573700036296 ], [ 77.585826000040214, 34.135965000018444 ], [ 77.612772999874835, 34.166856000128313 ], [ 77.643581999948054, 34.141150000344687 ], [ 77.659200999708233, 34.133549999643954 ], [ 77.662289999644784, 34.109396999712658 ], [ 77.639032999621236, 34.088150999939579 ], [ 77.620935000019884, 34.074630000261834 ], [ 77.62894599965388, 34.062564000233138 ], [ 77.627001999564939, 34.0466750003188 ], [ 77.651277999937776, 34.041847000350025 ], [ 77.671986999624835, 34.031350000130104 ] ] ] } },
{ "type": "Feature", "properties": { "pincode": "194106", "officename": "Khalsi S.O", "officetype": "S.O", "circle": "Jammu And Kashmir", "region": "Srinagar HQ", "division": "Leh", "state": "Ladakh", "district": "Leh" }, "geometry": { "type": "Polygon", "coordinates": [ [ [ 76.52763599970362, 34.765546000194021 ], [ 76.536910000084347, 34.761396000161341 ], [ 76.545892000387042, 34.76221199994206 ], [ 76.552107000070123, 34.758783000066238 ], [ 76.561137999878298, 34.764286999991853 ], [ 76.568494000109382, 34.756290999757006 ], [ 76.575703999852294, 34.757662999903509 ], [ 76.576941999586367, 34.750084999848539 ], [ 76.587333000225655, 34.747313999768316 ], [ 76.612216000320814, 34.744899999953539 ], [ 76.614911000072112, 34.751042000117664 ], [ 76.620505999614068, 34.755421999702556 ], [ 76.623929000359809, 34.761116000259165 ], [ 76.631046000216259, 34.763472999977587 ], [ 76.635148999580963, 34.762669999718064 ], [ 76.631297000286466, 34.753347999822495 ], [ 76.633021000267334, 34.750170999942092 ], [ 76.639096000208326, 34.747064999839345 ], [ 76.63928399963099, 34.743847999887016 ], [ 76.637243000355994, 34.738833999741786 ], [ 76.641749000126794, 34.733163000097321 ], [ 76.655637000233369, 34.735376999653958 ], [ 76.675554000250159, 34.74520000015017 ], [ 76.678748999593637, 34.745585000257883 ], [ 76.68545600026961, 34.743994999968983 ], [ 76.677840999572439, 34.728192999830704 ], [ 76.689488000387499, 34.71717599982312 ], [ 76.712132999767533, 34.7010810000994 ], [ 76.734076999713935, 34.683727000251885 ], [ 76.782760999805717, 34.667593000298815 ], [ 76.822449000249463, 34.65044799994277 ], [ 76.94071699991585, 34.607192000068025 ], [ 76.973728999645743, 34.611988000255295 ], [ 77.029436999707627, 34.591926999851061 ], [ 77.142375000145904, 34.591926999851061 ], [ 77.232655999711938, 34.552339999751858 ], [ 77.186133000342338, 34.516078000182112 ], [ 77.157495000138766, 34.48365200005685 ], [ 77.142929999989676, 34.456032999936355 ], [ 77.105907999883229, 34.377189000337559 ], [ 77.101367999777224, 34.357034000045438 ], [ 77.110299999851193, 34.325291999844744 ], [ 77.110985000289659, 34.293528000043416 ], [ 77.096562000430794, 34.28274900015343 ], [ 77.088572999639794, 34.270036000073397 ], [ 77.076729999904487, 34.266774000234285 ], [ 77.064200000080902, 34.255143000174023 ], [ 77.063856999949238, 34.251880000227352 ], [ 76.991939000298402, 34.208653000227528 ], [ 76.94139700033142, 34.010526999707736 ], [ 77.031169000084418, 33.994757000319716 ], [ 77.102053000215676, 33.976351999754421 ], [ 77.228406999859118, 33.982103999789288 ], [ 77.234229999905011, 33.975840000168965 ], [ 77.19546100025147, 33.925411000292726 ], [ 77.19118800010915, 33.923307999818228 ], [ 77.168781000380491, 33.905776999738059 ], [ 77.138677999763786, 33.889632000095737 ], [ 76.994931000150615, 33.846467999691846 ], [ 76.980365000176633, 33.843227000280692 ], [ 76.848546999614172, 33.845507000058277 ], [ 76.679481999712664, 33.928723000049381 ], [ 76.673108000020946, 33.938636999679204 ], [ 76.669364445347512, 33.938570008401932 ], [ 76.657512999651928, 33.962890999792734 ], [ 76.597365999766367, 34.031839999983248 ], [ 76.588082000238202, 34.040322000210978 ], [ 76.52943599985251, 34.09194600010229 ], [ 76.488103999793836, 34.125945000192587 ], [ 76.416434999665015, 34.161107999964756 ], [ 76.41127100011829, 34.219729999771509 ], [ 76.391356031192359, 34.2184726209939 ], [ 76.391243999598316, 34.221474999738042 ], [ 76.481310999802432, 34.225420999756388 ], [ 76.517029000052574, 34.235092999833498 ], [ 76.539275999947677, 34.243605000070453 ], [ 76.560150000389484, 34.240998000307542 ], [ 76.582809000013199, 34.245868000049377 ], [ 76.644770000291302, 34.23072799989626 ], [ 76.672640000215793, 34.207761000219236 ], [ 76.675129000102729, 34.211162999817319 ], [ 76.67195300012753, 34.21414399969013 ], [ 76.671224000206465, 34.216699999778527 ], [ 76.672081999998952, 34.218755999732089 ], [ 76.670708999647346, 34.222837000075877 ], [ 76.67195300012753, 34.225355999753894 ], [ 76.675042999888987, 34.227771000037102 ], [ 76.677531999775951, 34.233340999973095 ], [ 76.674657000099629, 34.239939000113267 ], [ 76.676372999684602, 34.240932000139821 ], [ 76.678905000127571, 34.240826999800177 ], [ 76.685084999650556, 34.242315999640063 ], [ 76.690278000407901, 34.242246999632464 ], [ 76.695041999921585, 34.24710699977603 ], [ 76.695857000056364, 34.250761000088971 ], [ 76.69804600036764, 34.252711999752307 ], [ 76.700664000126025, 34.257607000023555 ], [ 76.70100700025769, 34.26200500007792 ], [ 76.698904000160127, 34.266969999916846 ], [ 76.699977000037762, 34.27090699998336 ], [ 76.696359000196679, 34.27387200032689 ], [ 76.697936999689404, 34.275978999997818 ], [ 76.69623699999795, 34.279288000188643 ], [ 76.697451000340891, 34.281193000038527 ], [ 76.698786000159373, 34.287510999682397 ], [ 76.702064000241819, 34.291723000025023 ], [ 76.700363999652055, 34.295232000032165 ], [ 76.702912999813478, 34.298942000081517 ], [ 76.7014569996212, 34.307767999733002 ], [ 76.706027999689297, 34.311965000095235 ], [ 76.709289999878251, 34.318203999859016 ], [ 76.720962999734255, 34.326853000023391 ], [ 76.706370999821004, 34.336349000187418 ], [ 76.695212999625795, 34.341451000370462 ], [ 76.690577999983574, 34.342726999680245 ], [ 76.682338999845655, 34.348254999830807 ], [ 76.679592000215806, 34.353781999949767 ], [ 76.668948999681461, 34.357892000314756 ], [ 76.655730999944709, 34.368377999969894 ], [ 76.644229999617835, 34.37036200012129 ], [ 76.630311000447449, 34.377799000244863 ], [ 76.624620999572613, 34.379377000320979 ], [ 76.62407499994967, 34.380528999646387 ], [ 76.616518999702024, 34.38583799988357 ], [ 76.618035999993694, 34.389047000072352 ], [ 76.611177999704978, 34.394291000007364 ], [ 76.602772000060767, 34.404141999970918 ], [ 76.602499000249296, 34.405470000045376 ], [ 76.60466900029401, 34.407597999716231 ], [ 76.616823000373969, 34.4163599996496 ], [ 76.61964500034685, 34.419290999918822 ], [ 76.621222999839532, 34.425398000067652 ], [ 76.625896000014933, 34.434909000291171 ], [ 76.631843999734315, 34.439612999965448 ], [ 76.636819999858389, 34.441114999912415 ], [ 76.638702000023031, 34.442616000142436 ], [ 76.62943299966517, 34.460364000059087 ], [ 76.610687000333613, 34.485007999704827 ], [ 76.629123999868668, 34.484987999924805 ], [ 76.639165999630194, 34.498490999745748 ], [ 76.630754000138253, 34.502525000248603 ], [ 76.623756999932354, 34.504745000128892 ], [ 76.621693000192806, 34.506746000323211 ], [ 76.622208999678534, 34.507833000191745 ], [ 76.625731000158495, 34.509670999746525 ], [ 76.624676999649111, 34.512347000163267 ], [ 76.626790999617327, 34.514547000360295 ], [ 76.62531900042984, 34.518460000219633 ], [ 76.62577399981619, 34.522485000139312 ], [ 76.622526999695879, 34.528472999755508 ], [ 76.622436000357581, 34.534985000146804 ], [ 76.618522000240503, 34.541384000021729 ], [ 76.60648600016134, 34.549071999671931 ], [ 76.604147000062198, 34.551811000360772 ], [ 76.602473000310042, 34.556653999963963 ], [ 76.59865399972918, 34.56013499971089 ], [ 76.589254999674964, 34.559973999640725 ], [ 76.58286099989175, 34.55785500004972 ], [ 76.576113000106218, 34.558199999835168 ], [ 76.572325000385788, 34.559843000102724 ], [ 76.566166999705814, 34.566903000079783 ], [ 76.560244999925729, 34.570613000226878 ], [ 76.542779000161033, 34.572823999931458 ], [ 76.531491000269497, 34.573369000177934 ], [ 76.529700000341464, 34.574249000016898 ], [ 76.528248000347162, 34.580741999909307 ], [ 76.529305000331249, 34.586065999695052 ], [ 76.525421000351372, 34.594434999899505 ], [ 76.516863000371231, 34.60040500028019 ], [ 76.511247999839469, 34.600620000317036 ], [ 76.501643999745866, 34.60645600009429 ], [ 76.495142000007604, 34.614941000224583 ], [ 76.491119000110558, 34.618385000337035 ], [ 76.475996999569574, 34.622675999684674 ], [ 76.470228999775216, 34.625950999842793 ], [ 76.473008000090388, 34.633639999635662 ], [ 76.470885999726249, 34.636468000217697 ], [ 76.467732000390683, 34.638604000261999 ], [ 76.464430999843671, 34.643574999671948 ], [ 76.459618999751129, 34.646403999859984 ], [ 76.457252999887814, 34.65006300035428 ], [ 76.456701000417084, 34.652653999911031 ], [ 76.44895400037376, 34.6583540001673 ], [ 76.447913000283165, 34.666005000229724 ], [ 76.449823000036901, 34.669522000193517 ], [ 76.448546999769647, 34.672341000351672 ], [ 76.445553000267623, 34.675402999666993 ], [ 76.445061999997961, 34.685654000051905 ], [ 76.440591000387258, 34.691431000302892 ], [ 76.439956000177531, 34.696104000302533 ], [ 76.433747000342237, 34.705335000259673 ], [ 76.43055999959806, 34.709169999810619 ], [ 76.428111999718979, 34.709890000026512 ], [ 76.42567499971058, 34.713379999975245 ], [ 76.424636999993027, 34.716892999827735 ], [ 76.420480000201678, 34.720229999660532 ], [ 76.42073999959436, 34.723193000357504 ], [ 76.419732000014065, 34.724651000259719 ], [ 76.420927000090444, 34.73092299995389 ], [ 76.419598000119777, 34.733516999800834 ], [ 76.419398999928134, 34.737408999995154 ], [ 76.426056000375397, 34.741845999937979 ], [ 76.428350000268694, 34.745086000115208 ], [ 76.430291999809455, 34.746391000353761 ], [ 76.43257900003006, 34.746556000349607 ], [ 76.450725000210312, 34.752560999982194 ], [ 76.456602999609458, 34.767257000280821 ], [ 76.457088999856282, 34.77176300015477 ], [ 76.460972999836159, 34.780097000355788 ], [ 76.463788999961238, 34.782767999669709 ], [ 76.482490999810196, 34.7890220001674 ], [ 76.486487999767959, 34.793518999838959 ], [ 76.504088000325282, 34.791853999924811 ], [ 76.518702999804745, 34.786001999910958 ], [ 76.516275000017146, 34.783500000103906 ], [ 76.517100000197701, 34.778046999835986 ], [ 76.521093999782408, 34.775572999968944 ], [ 76.52763599970362, 34.765546000194021 ] ] ] } },
{ "type": "Feature", "properties": { "pincode": "194107", "officename": "Saspol S.O", "officetype": "S.O", "circle": "Jammu And Kashmir", "region": "Srinagar HQ", "division": "Leh", "state": "Ladakh", "district": "Leh" }, "geometry": { "type": "Polygon", "coordinates": [ [ [ 77.271892000244065, 34.496911000138589 ], [ 77.590465999705302, 34.260661999934179 ], [ 77.582696999920657, 34.264296999774238 ], [ 77.553861000248659, 34.264580000080713 ], [ 77.518840000132514, 34.275646000312094 ], [ 77.484245999813638, 34.310174999713929 ], [ 77.451219999840035, 34.290923999919208 ], [ 77.429866999722435, 34.268461000364304 ], [ 77.430372000235835, 34.24318099974662 ], [ 77.413045000388308, 34.233603999978278 ], [ 77.382330999851348, 34.223655000219495 ], [ 77.388466999891705, 34.19614799986126 ], [ 77.388682999801759, 34.190219999828507 ], [ 77.372244999708883, 34.184115000357458 ], [ 77.382410000392369, 34.147485999628785 ], [ 77.217235000318496, 34.123484999933801 ], [ 77.382381000080059, 34.072841000200256 ], [ 77.317647000232895, 34.037870000020277 ], [ 77.274224999597124, 34.010739999877735 ], [ 77.273541999706794, 34.005426999841241 ], [ 77.271996999826072, 34.001441999652158 ], [ 77.275130000143562, 33.99546099989162 ], [ 77.272565999913539, 33.988318999634963 ], [ 77.297816000429805, 33.974223999994521 ], [ 77.367287000026451, 33.981096000290542 ], [ 77.376480000216333, 33.983877999938159 ], [ 77.493974999580729, 33.921063999692393 ], [ 77.579154000422648, 33.89023899973661 ], [ 77.623244999806673, 33.862754999764661 ], [ 77.533283999907795, 33.794039999742587 ], [ 77.4323270001954, 33.822496000182021 ], [ 77.416878000314568, 33.822216000005895 ], [ 77.407952999913277, 33.831629999996814 ], [ 77.399713999775344, 33.828208000210651 ], [ 77.379117000241294, 33.836196000095903 ], [ 77.339296999553099, 33.856163000086752 ], [ 77.3362069997916, 33.87468900020977 ], [ 77.228406999859118, 33.982103999789288 ], [ 77.102053000215676, 33.976351999754421 ], [ 77.031169000084418, 33.994757000319716 ], [ 76.94139700033142, 34.010526999707736 ], [ 76.991939000298402, 34.208653000227528 ], [ 77.063856999949238, 34.251880000227352 ], [ 77.064200000080902, 34.255143000174023 ], [ 77.076729999904487, 34.266774000234285 ], [ 77.088572999639794, 34.270036000073397 ], [ 77.096562000430794, 34.28274900015343 ], [ 77.110985000289659, 34.293528000043416 ], [ 77.110299999851193, 34.325291999844744 ], [ 77.101367999777224, 34.357034000045438 ], [ 77.105907999883229, 34.377189000337559 ], [ 77.142929999989676, 34.456032999936355 ], [ 77.157495000138766, 34.48365200005685 ], [ 77.186133000342338, 34.516078000182112 ], [ 77.232655999711938, 34.552339999751858 ], [ 77.263207000042314, 34.505659999713899 ], [ 77.271892000244065, 34.496911000138589 ] ] ] } },
{ "type": "Feature", "properties": { "pincode": "194109", "officename": "Mulbek S.O", "officetype": "S.O", "circle": "Jammu And Kashmir", "region": "Srinagar HQ", "division": "Leh", "state": "Ladakh", "district": "Leh" }, "geometry": { "type": "Polygon", "coordinates": [ [ [ 76.528243000324267, 34.579045000018816 ], [ 76.529700000341464, 34.574249000016898 ], [ 76.531491000269497, 34.573369000177934 ], [ 76.548270999770821, 34.572274000295238 ], [ 76.561618000277321, 34.57011799983357 ], [ 76.566166999705814, 34.566903000079783 ], [ 76.572325000385788, 34.559843000102724 ], [ 76.576113000106218, 34.558199999835168 ], [ 76.58286099989175, 34.55785500004972 ], [ 76.589254999674964, 34.559973999640725 ], [ 76.59865399972918, 34.56013499971089 ], [ 76.602473000310042, 34.556653999963963 ], [ 76.604147000062198, 34.551811000360772 ], [ 76.60648600016134, 34.549071999671931 ], [ 76.618522000240503, 34.541384000021729 ], [ 76.622436000357581, 34.534985000146804 ], [ 76.622526999695879, 34.528472999755508 ], [ 76.62577399981619, 34.522485000139312 ], [ 76.62531900042984, 34.518460000219633 ], [ 76.626790999617327, 34.514547000360295 ], [ 76.624676999649111, 34.512347000163267 ], [ 76.625731000158495, 34.509670999746525 ], [ 76.622208999678534, 34.507833000191745 ], [ 76.621693000192806, 34.506746000323211 ], [ 76.623756999932354, 34.504745000128892 ], [ 76.630754000138253, 34.502525000248603 ], [ 76.639165999630194, 34.498490999745748 ], [ 76.629123999868668, 34.484987999924805 ], [ 76.610687000333613, 34.485007999704827 ], [ 76.62943299966517, 34.460364000059087 ], [ 76.638702000023031, 34.442616000142436 ], [ 76.636819999858389, 34.441114999912415 ], [ 76.631843999734315, 34.439612999965448 ], [ 76.625896000014933, 34.434909000291171 ], [ 76.621222999839532, 34.425398000067652 ], [ 76.61964500034685, 34.419290999918822 ], [ 76.616823000373969, 34.4163599996496 ], [ 76.60466900029401, 34.407597999716231 ], [ 76.602499000249296, 34.405470000045376 ], [ 76.602772000060767, 34.404141999970918 ], [ 76.611177999704978, 34.394291000007364 ], [ 76.618035999993694, 34.389047000072352 ], [ 76.616518999702024, 34.38583799988357 ], [ 76.62407499994967, 34.380528999646387 ], [ 76.624620999572613, 34.379377000320979 ], [ 76.630311000447449, 34.377799000244863 ], [ 76.644229999617835, 34.37036200012129 ], [ 76.655730999944709, 34.368377999969894 ], [ 76.668948999681461, 34.357892000314756 ], [ 76.679592000215806, 34.353781999949767 ], [ 76.682338999845655, 34.348254999830807 ], [ 76.690577999983574, 34.342726999680245 ], [ 76.695212999625795, 34.341451000370462 ], [ 76.706370999821004, 34.336349000187418 ], [ 76.720962999734255, 34.326853000023391 ], [ 76.709289999878251, 34.318203999859016 ], [ 76.706027999689297, 34.311965000095235 ], [ 76.7014569996212, 34.307767999733002 ], [ 76.702912999813478, 34.298942000081517 ], [ 76.700363999652055, 34.295232000032165 ], [ 76.702064000241819, 34.291723000025023 ], [ 76.698786000159373, 34.287510999682397 ], [ 76.697451000340891, 34.281193000038527 ], [ 76.69623699999795, 34.279288000188643 ], [ 76.697936999689404, 34.275978999997818 ], [ 76.696359000196679, 34.27387200032689 ], [ 76.699977000037762, 34.27090699998336 ], [ 76.698904000160127, 34.266969999916846 ], [ 76.70100700025769, 34.26200500007792 ], [ 76.700664000126025, 34.257607000023555 ], [ 76.69804600036764, 34.252711999752307 ], [ 76.695857000056364, 34.250761000088971 ], [ 76.695041999921585, 34.24710699977603 ], [ 76.690278000407901, 34.242246999632464 ], [ 76.685084999650556, 34.242315999640063 ], [ 76.678905000127571, 34.240826999800177 ], [ 76.676372999684602, 34.240932000139821 ], [ 76.674657000099629, 34.239939000113267 ], [ 76.677531999775951, 34.233340999973095 ], [ 76.675042999888987, 34.227771000037102 ], [ 76.67195300012753, 34.225355999753894 ], [ 76.670708999647346, 34.222837000075877 ], [ 76.672081999998952, 34.218755999732089 ], [ 76.671224000206465, 34.216699999778527 ], [ 76.67195300012753, 34.21414399969013 ], [ 76.675129000102729, 34.211162999817319 ], [ 76.672640000215793, 34.207761000219236 ], [ 76.644770000291302, 34.23072799989626 ], [ 76.582809000013199, 34.245868000049377 ], [ 76.560150000389484, 34.240998000307542 ], [ 76.539275999947677, 34.243605000070453 ], [ 76.517029000052574, 34.235092999833498 ], [ 76.481310999802432, 34.225420999756388 ], [ 76.391243999598316, 34.221474999738042 ], [ 76.391356031192359, 34.2184726209939 ], [ 76.360567572894738, 34.21792471123176 ], [ 76.313778000261195, 34.21859199965801 ], [ 76.295924999983896, 34.232221000261177 ], [ 76.258464000384635, 34.253136999741564 ], [ 76.22563599987943, 34.273307000352347 ], [ 76.2139899997876, 34.315877000070437 ], [ 76.199787999861698, 34.322496000133448 ], [ 76.191044999933609, 34.343752000138316 ], [ 76.183514999625231, 34.369207999822486 ], [ 76.176285999615757, 34.385947000146352 ], [ 76.20609499960625, 34.392748000174201 ], [ 76.211921000025214, 34.404768000280441 ], [ 76.213013000169425, 34.410876999989846 ], [ 76.230735999852058, 34.457427999778965 ], [ 76.253310999810225, 34.484149000019194 ], [ 76.241693000205814, 34.529762000185499 ], [ 76.246496000077499, 34.548984999766709 ], [ 76.332321000101487, 34.556758999829114 ], [ 76.396351000141976, 34.555768999851104 ], [ 76.432594000098661, 34.514456999886868 ], [ 76.477590999854087, 34.511200000243321 ], [ 76.49986600023658, 34.569347999857392 ], [ 76.516206000420198, 34.579653999990143 ], [ 76.526163999617836, 34.581244000254429 ], [ 76.528243000324267, 34.579045000018816 ] ] ] } },
{ "type": "Feature", "properties": { "pincode": "194201", "officename": "Thiksay S.O", "officetype": "S.O", "circle": "Jammu And Kashmir", "region": "Srinagar HQ", "division": "Leh", "state": "Ladakh", "district": "Leh" }, "geometry": { "type": "Polygon", "coordinates": [ [ [ 77.814789000305197, 34.176022999667303 ], [ 77.826805000292879, 34.174885999943861 ], [ 77.942711000293883, 34.201119000068481 ], [ 78.056831000389778, 34.201587000306887 ], [ 78.086872000183845, 34.189214000076511 ], [ 78.077567999665916, 34.166890000313906 ], [ 78.092889000398529, 34.07971599975361 ], [ 78.096997999610991, 34.061958999891196 ], [ 78.100886999613707, 34.038624999694044 ], [ 78.094415999837636, 34.002894999793895 ], [ 78.096819000409155, 33.950521999976843 ], [ 78.059783999883919, 33.859583000274164 ], [ 78.058105000108853, 33.785862999967918 ], [ 78.060470999972168, 33.776240999876762 ], [ 78.053493000032859, 33.763063000327726 ], [ 78.038246999643292, 33.757169999754808 ], [ 77.996285000296069, 33.732270000159197 ], [ 77.974158999876465, 33.720509999655135 ], [ 77.946432999892068, 33.710733999653861 ], [ 77.96006999992845, 33.67251799997139 ], [ 77.972894000378204, 33.640831999631118 ], [ 77.976195999851811, 33.636952000177715 ], [ 78.097137000426471, 33.535212999746122 ], [ 78.116029000246215, 33.393907000281061 ], [ 78.186140000075483, 33.267005000296955 ], [ 78.096219000359511, 33.213087000009892 ], [ 77.967221999945053, 33.185820999913631 ], [ 77.838135000017189, 33.259334999744496 ], [ 77.628022999564052, 33.419949000357434 ], [ 77.582188999932512, 33.423775999911648 ], [ 77.518982000422767, 33.431327999731337 ], [ 77.519082999806756, 33.429043999998719 ], [ 77.504422000296529, 33.430268000087459 ], [ 77.440475999921617, 33.465712000100396 ], [ 77.313226999777484, 33.533706999711079 ], [ 77.271107000246516, 33.574777999866171 ], [ 77.236097000001024, 33.611796000205793 ], [ 77.118959000113691, 33.723697000330318 ], [ 77.066971999825057, 33.776633000221011 ], [ 77.059475999851898, 33.782960000051226 ], [ 76.994931000150615, 33.846467999691846 ], [ 77.138677999763786, 33.889632000095737 ], [ 77.153729999984591, 33.897616999826859 ], [ 77.168781000380491, 33.905776999738059 ], [ 77.19118800010915, 33.923307999818228 ], [ 77.19546100025147, 33.925411000292726 ], [ 77.234429999921574, 33.976238999809901 ], [ 77.3362069997916, 33.87468900020977 ], [ 77.339296999553099, 33.856163000086752 ], [ 77.379117000241294, 33.836196000095903 ], [ 77.399713999775344, 33.828208000210651 ], [ 77.407952999913277, 33.831629999996814 ], [ 77.416878000314568, 33.822216000005895 ], [ 77.4323270001954, 33.822496000182021 ], [ 77.533283999907795, 33.794039999742587 ], [ 77.623244999806673, 33.862754999764661 ], [ 77.767385999605153, 33.772906999850264 ], [ 77.806648000076549, 33.751682999924121 ], [ 77.837728000311401, 33.763787000047927 ], [ 77.81538199978381, 33.804139999902688 ], [ 77.71521799956659, 33.820827000079944 ], [ 77.678853000309459, 33.985683000002972 ], [ 77.671986999624835, 34.031350000130104 ], [ 77.651277999937776, 34.041847000350025 ], [ 77.627001999564939, 34.0466750003188 ], [ 77.62894599965388, 34.062564000233138 ], [ 77.620935000019884, 34.074630000261834 ], [ 77.639032999621236, 34.088150999939579 ], [ 77.662289999644784, 34.109396999712658 ], [ 77.659200999708233, 34.133549999643954 ], [ 77.643581999948054, 34.141150000344687 ], [ 77.612772999874835, 34.166856000128313 ], [ 77.645526000036995, 34.203277000215984 ], [ 77.633437000254361, 34.228531999931903 ], [ 77.653770000197767, 34.223156000256814 ], [ 77.680892999759521, 34.21407000021135 ], [ 77.70046199962178, 34.206402999745357 ], [ 77.73376499960483, 34.196748000095496 ], [ 77.781487000147081, 34.183968000128289 ], [ 77.814789000305197, 34.176022999667303 ] ] ] } },
{ "type": "Feature", "properties": { "pincode": "194202", "officename": "Nyoma Mud", "officetype": "B.O", "circle": "Jammu And Kashmir", "region": "Srinagar HQ", "division": "Leh", "state": "Ladakh", "district": "Leh" }, "geometry": { "type": "Polygon", "coordinates": [ [ [ 78.166419999702143, 33.916807000303372 ], [ 78.198623999868289, 33.911794999671294 ], [ 78.227187999553692, 33.91258999990611 ], [ 78.262901999605901, 33.922654000190228 ], [ 78.27793100026048, 33.918009000131995 ], [ 78.30159900018775, 33.861336000068277 ], [ 78.356139999762362, 33.840072999844857 ], [ 78.421923999920935, 33.740738000245358 ], [ 78.502532999621309, 33.661948000010959 ], [ 78.62530500030698, 33.575364000095711 ], [ 78.828789999551773, 33.417242999878518 ], [ 78.993287999583117, 33.321881000171736 ], [ 79.019370999777479, 33.318932999880502 ], [ 79.030150999680927, 33.293253000131422 ], [ 79.034949000428085, 33.289166000217641 ], [ 79.035583999739472, 33.281285999846403 ], [ 79.033453000052816, 33.277951999901909 ], [ 79.035408000012382, 33.27597399973007 ], [ 79.035229999737155, 33.273079999790959 ], [ 79.036328999554073, 33.271328999642762 ], [ 79.039146000402397, 33.269020000072487 ], [ 79.045118000411222, 33.261100999782954 ], [ 79.052417999667497, 33.26181500027392 ], [ 79.059255000039826, 33.25580600027476 ], [ 79.071092999752267, 33.251820000116489 ], [ 79.074836000165135, 33.24816700001621 ], [ 79.079532999731626, 33.245352000060038 ], [ 79.079906999825468, 33.244889999931253 ], [ 79.074732000408048, 33.240426000060843 ], [ 79.067488000329973, 33.237929000213285 ], [ 79.06662799998935, 33.23569899996712 ], [ 79.06686099961783, 33.231985999837889 ], [ 79.070547999954215, 33.227504000074212 ], [ 79.071652999618905, 33.224243999983493 ], [ 79.072839000372753, 33.22324199996789 ], [ 79.084646999947992, 33.219861999706708 ], [ 79.086528000287714, 33.217152000248689 ], [ 79.092357000181394, 33.214132000170601 ], [ 79.094420999920914, 33.210954000212311 ], [ 79.097638999728915, 33.210477000039198 ], [ 79.09949800032733, 33.207625999879696 ], [ 79.103189999788242, 33.206969999631347 ], [ 79.105506000321157, 33.201660000086015 ], [ 79.107395000158505, 33.199749999727139 ], [ 79.113122999769871, 33.201647999770685 ], [ 79.12050999996309, 33.201636999918684 ], [ 79.124435999775756, 33.202608999957278 ], [ 79.125079000381376, 33.201458999661291 ], [ 79.1306079998011, 33.199726999809748 ], [ 79.133915000195884, 33.194570999946187 ], [ 79.136769999780725, 33.192757000114874 ], [ 79.139257000017878, 33.192745000082908 ], [ 79.142834999675969, 33.190395000094739 ], [ 79.144069999935326, 33.189211999792654 ], [ 79.144455999724713, 33.186397999907285 ], [ 79.151970999964462, 33.181869000303543 ], [ 79.154789999564287, 33.186188000027656 ], [ 79.1631530004491, 33.191332999875584 ], [ 79.164069999792801, 33.191143000221551 ], [ 79.164324000236007, 33.19423800027154 ], [ 79.16874700016615, 33.199700999928545 ], [ 79.171272999863021, 33.200145000078294 ], [ 79.174461000432103, 33.203966000209846 ], [ 79.174997999834233, 33.204944999930007 ], [ 79.173924000131663, 33.207502000232488 ], [ 79.174206000163963, 33.210284000240406 ], [ 79.182292000141018, 33.212240000043153 ], [ 79.18193999978854, 33.214560000214497 ], [ 79.182851000182765, 33.220002999705684 ], [ 79.187997000186158, 33.220509999775203 ], [ 79.192866000180132, 33.218588999678545 ], [ 79.199119000396365, 33.213624999970328 ], [ 79.200594999781828, 33.209706999787628 ], [ 79.204401999768791, 33.209839999652282 ], [ 79.209644999856565, 33.212650999820049 ], [ 79.210623000197941, 33.214387000023862 ], [ 79.209770000428335, 33.220198000369138 ], [ 79.213498999699198, 33.223978999708955 ], [ 79.213970999702283, 33.226232999648332 ], [ 79.212987000411417, 33.230894000169705 ], [ 79.214241999863944, 33.234276999712961 ], [ 79.216970999950419, 33.23788700035611 ], [ 79.2245520003124, 33.234601000302348 ], [ 79.229855999601227, 33.23324300011835 ], [ 79.234353999874429, 33.233932999767646 ], [ 79.238446000266748, 33.233117999849803 ], [ 79.242141999925636, 33.228977000276608 ], [ 79.243343999674693, 33.226073000154152 ], [ 79.247101000331284, 33.223326000202924 ], [ 79.251269999818192, 33.221747000220404 ], [ 79.251934000340242, 33.218144999892075 ], [ 79.25337700011373, 33.216175999677517 ], [ 79.25582099979485, 33.215399000067045 ], [ 79.260300999626352, 33.215429000272941 ], [ 79.263735000242761, 33.218078000145084 ], [ 79.267754999766765, 33.218994999867256 ], [ 79.272229999575416, 33.221216000032157 ], [ 79.2736730002472, 33.21984199983239 ], [ 79.272757999654999, 33.213214999839309 ], [ 79.273324000267763, 33.21261599997095 ], [ 79.277136000277608, 33.210218999717846 ], [ 79.27934800015511, 33.207154999764875 ], [ 79.285188999744392, 33.205892000189245 ], [ 79.288066999793742, 33.203111999790657 ], [ 79.295864000065819, 33.202702000021688 ], [ 79.302497000223624, 33.190669999712036 ], [ 79.30647499991484, 33.190195999811316 ], [ 79.314338000309135, 33.19089099982299 ], [ 79.31964599979591, 33.189689999906541 ], [ 79.323877999930332, 33.190290999965235 ], [ 79.324446000192893, 33.195216999767538 ], [ 79.328777999886427, 33.197961000334075 ], [ 79.330920000342047, 33.201186000286263 ], [ 79.334111000385874, 33.202324999892618 ], [ 79.335689999703504, 33.204028999990911 ], [ 79.337554000324801, 33.204250000212618 ], [ 79.339616000414466, 33.202992999754834 ], [ 79.34529200014731, 33.202449999812266 ], [ 79.350057000384183, 33.200649999986908 ], [ 79.354733999859178, 33.201091999643673 ], [ 79.359063999902915, 33.198026999941298 ], [ 79.362316000046121, 33.197269999853759 ], [ 79.368770999928685, 33.198260000309361 ], [ 79.378769000207612, 33.198027999695739 ], [ 79.385182000257402, 33.20191200031433 ], [ 79.392287000418321, 33.19979700002979 ], [ 79.400815000261233, 33.195310000166337 ], [ 79.405263000305737, 33.190590999656138 ], [ 79.408300000363752, 33.188836000081416 ], [ 79.409866000160918, 33.184236999640518 ], [ 79.411425000285348, 33.182394999687439 ], [ 79.411425000285348, 33.179615999891382 ], [ 79.412750999882988, 33.176773000136549 ], [ 79.410950999734098, 33.171152000129716 ], [ 79.407100000264506, 33.168846000040226 ], [ 79.401098999943372, 33.168814000240928 ], [ 79.397149999666183, 33.169982999708935 ], [ 79.395885999992828, 33.169412999716606 ], [ 79.396234999972279, 33.165437000031929 ], [ 79.394244000027697, 33.161707000308319 ], [ 79.392949000392207, 33.155989999986794 ], [ 79.394969999575721, 33.152548999803599 ], [ 79.399045000249629, 33.15122300025547 ], [ 79.40037199967216, 33.148568999806024 ], [ 79.398981999602114, 33.139982000159996 ], [ 79.397969999823815, 33.138652999683558 ], [ 79.396205999659983, 33.138178999806435 ], [ 79.391530000009837, 33.138087999835449 ], [ 79.390426000170081, 33.138790999747464 ], [ 79.387379000066318, 33.134029999655105 ], [ 79.383962000066674, 33.13099599962554 ], [ 79.382987999923245, 33.127180999713431 ], [ 79.379345999792704, 33.125248999632731 ], [ 79.378193000447425, 33.122454000290382 ], [ 79.373131000109623, 33.118301999805723 ], [ 79.37154699987083, 33.112876999913844 ], [ 79.368151999612479, 33.107459000079224 ], [ 79.364327999907076, 33.106065999963555 ], [ 79.36726899970563, 33.100899000040556 ], [ 79.365296000202747, 33.092865000222965 ], [ 79.368179000274964, 33.085389999803851 ], [ 79.366480000408444, 33.079846999937843 ], [ 79.361927999708584, 33.075675999818877 ], [ 79.361442000360086, 33.071607999650688 ], [ 79.359561000020364, 33.0705579998261 ], [ 79.358529000150625, 33.068608000355361 ], [ 79.358925999810651, 33.06119099990719 ], [ 79.357294999716174, 33.06036400028097 ], [ 79.351244000064625, 33.060833999888246 ], [ 79.348582999750221, 33.06025799997466 ], [ 79.3397439995627, 33.056606999999289 ], [ 79.336714999900551, 33.053060000209371 ], [ 79.334525999589275, 33.04599899978151 ], [ 79.328361000134905, 33.034467000033551 ], [ 79.331174999711862, 33.031460000037214 ], [ 79.338026000327886, 33.028384999646256 ], [ 79.340429000001109, 33.024569999709158 ], [ 79.342080016356746, 33.015057829416349 ], [ 79.324903122298252, 33.012241536752661 ], [ 79.329939703906788, 33.006984923746636 ], [ 79.339983449993227, 33.001878267925129 ], [ 79.346229273568639, 32.989305729762336 ], [ 79.353376819738074, 32.983857869454958 ], [ 79.358082302095781, 32.981632311852138 ], [ 79.368171055574606, 32.982524365041243 ], [ 79.371719163791653, 32.976799369678176 ], [ 79.368953239353729, 32.966239081277855 ], [ 79.377103607214167, 32.963101280042359 ], [ 79.397603990244463, 32.961849205767379 ], [ 79.413947735504479, 32.94475478570228 ], [ 79.420958991075608, 32.932708269111671 ], [ 79.433350614412817, 32.923776390270739 ], [ 79.446064419424999, 32.911810751400878 ], [ 79.452668559407655, 32.902201184216167 ], [ 79.465492850911588, 32.880012424701526 ], [ 79.517709289008621, 32.826592227562607 ], [ 79.533945278655366, 32.803480459103213 ], [ 79.538113422047815, 32.78636068792283 ], [ 79.557076718456685, 32.767718214721249 ], [ 79.570350588912547, 32.765896507838143 ], [ 79.588146231758927, 32.766059452940397 ], [ 79.594405447418595, 32.75947512959879 ], [ 79.597942483899786, 32.748335848242448 ], [ 79.611860847062957, 32.735036056685779 ], [ 79.6096229667221, 32.723228196152043 ], [ 79.592409571418671, 32.711000886630792 ], [ 79.580205310598572, 32.693504193620853 ], [ 79.572343131264475, 32.687620941394087 ], [ 79.567241322084826, 32.670069539511609 ], [ 79.537487273836888, 32.659591434765005 ], [ 79.525257349945775, 32.630680067605908 ], [ 79.495594004592064, 32.598560935384938 ], [ 79.474724905358457, 32.574041732250457 ], [ 79.458788815574366, 32.565887857350283 ], [ 79.451495610276581, 32.558745372940621 ], [ 79.438659846388191, 32.535890656659987 ], [ 79.42929013051392, 32.523530821477067 ], [ 79.416546853573891, 32.518084796274309 ], [ 79.396622697577556, 32.517494999948553 ], [ 79.38453336990986, 32.522797681532154 ], [ 79.379026119601463, 32.535309909208351 ], [ 79.372990372445145, 32.560482436943964 ], [ 79.362371368606944, 32.566249593533314 ], [ 79.339454702515297, 32.570124944427896 ], [ 79.324969839276093, 32.584646060992924 ], [ 79.31186708440714, 32.587629695483145 ], [ 79.305255536018308, 32.585823290131565 ], [ 79.293571215593104, 32.571861520874954 ], [ 79.281325803848162, 32.547740008138803 ], [ 79.259751377097871, 32.522654213321751 ], [ 79.240932524396783, 32.519538386798139 ], [ 79.230229853269648, 32.513291080497716 ], [ 79.19329770175959, 32.484166168762684 ], [ 79.18208627246625, 32.473757322062731 ], [ 79.15347136615199, 32.471503188390002 ], [ 79.138944072786941, 32.468591835967423 ], [ 79.13201112425746, 32.469808315844602 ], [ 79.125044968605138, 32.465022653832293 ], [ 79.12136243828563, 32.458143894947639 ], [ 79.135165316730806, 32.432298560955303 ], [ 79.12975597560191, 32.417166891959752 ], [ 79.113398242674577, 32.410813244830514 ], [ 79.103866452756762, 32.396647104064293 ], [ 79.099237586811299, 32.382045947573694 ], [ 79.093679832319324, 32.377134380253651 ], [ 79.04540841855605, 32.387406392699972 ], [ 79.00354542163798, 32.374881020850083 ], [ 78.983344212631593, 32.348436190430846 ], [ 78.97118501669604, 32.335693587549109 ], [ 78.958756237242042, 32.343987078388437 ], [ 78.946706842383691, 32.361251560457276 ], [ 78.902879511111948, 32.384887489456645 ], [ 78.85994436861408, 32.410229683297246 ], [ 78.839403689855089, 32.433619791204748 ], [ 78.822447187570091, 32.433884896536163 ], [ 78.806701784967998, 32.444248134037338 ], [ 78.804552014085161, 32.455838904870483 ], [ 78.774832201530998, 32.505368003706181 ], [ 78.770114069097431, 32.529033361544229 ], [ 78.75915778470096, 32.567789261285093 ], [ 78.78236340019194, 32.595810528267407 ], [ 78.775455212824909, 32.62101402280328 ], [ 78.76219592741603, 32.628753790404431 ], [ 78.743339820681783, 32.654977708300436 ], [ 78.749748191712925, 32.66703433131751 ], [ 78.753214340338388, 32.684144413124407 ], [ 78.750696552141548, 32.692763032996538 ], [ 78.740575485363635, 32.691227537042053 ], [ 78.721998078251346, 32.666404503550879 ], [ 78.70871136098863, 32.656133741457786 ], [ 78.680262496576532, 32.655554594917447 ], [ 78.656799328703727, 32.649144612760843 ], [ 78.648369579400025, 32.64385770725962 ], [ 78.629335826326766, 32.620862960888751 ], [ 78.614593812252636, 32.598103444063973 ], [ 78.605259207031253, 32.591090244909431 ], [ 78.587705071757426, 32.604574850739397 ], [ 78.565513802444258, 32.614845958682302 ], [ 78.542841148428181, 32.60894989554334 ], [ 78.524307583593327, 32.608104133938134 ], [ 78.515326267806898, 32.604055704136826 ], [ 78.503415209909036, 32.587049605261122 ], [ 78.475563222104313, 32.57917521884923 ], [ 78.451282824478184, 32.577598552496305 ], [ 78.427662941012471, 32.563361130983424 ], [ 78.416200413732582, 32.543910981399073 ], [ 78.407267914195316, 32.526100317573501 ], [ 78.409874490078224, 32.524007083567234 ], [ 78.409102000019345, 32.52333200036071 ], [ 78.399532000260905, 32.524589999886146 ], [ 78.398533999828004, 32.520174999778675 ], [ 78.395788999848023, 32.517569999924177 ], [ 78.394209999632082, 32.51481000019583 ], [ 78.386040999814355, 32.513022000099454 ], [ 78.379438999618685, 32.506997000045494 ], [ 78.365144999631269, 32.499400999989199 ], [ 78.367635000241421, 32.493753000366567 ], [ 78.366788992957993, 32.490364000665622 ], [ 78.366921000388999, 32.486252999982739 ], [ 78.363962999973666, 32.482336999950306 ], [ 78.358226999966391, 32.479739000234105 ], [ 78.349945999995668, 32.477693000083207 ], [ 78.349357999641626, 32.476319999913258 ], [ 78.349964000437339, 32.473370999901306 ], [ 78.353152000108125, 32.469946000069015 ], [ 78.349063000088819, 32.464390999930721 ], [ 78.343913999712399, 32.462792000151403 ], [ 78.339868000249126, 32.462764999882928 ], [ 78.328473000227447, 32.464992000270485 ], [ 78.325755999836559, 32.459631999703149 ], [ 78.32716099997522, 32.458002000264152 ], [ 78.32843999971719, 32.454033000196183 ], [ 78.334420999946829, 32.450692000147505 ], [ 78.332752000217539, 32.446132999873278 ], [ 78.329187000079926, 32.44337999990735 ], [ 78.31633500004105, 32.44486599993121 ], [ 78.311419000191449, 32.446299999751034 ], [ 78.309097999635668, 32.45053400037272 ], [ 78.307383999700505, 32.452105999758849 ], [ 78.301950999641946, 32.454052999751774 ], [ 78.30019900007197, 32.455461000057554 ], [ 78.298295000166021, 32.457989000062199 ], [ 78.2978449999042, 32.462337000245107 ], [ 78.289480000267901, 32.463742000008537 ], [ 78.287377999995243, 32.462998000192563 ], [ 78.287658000377732, 32.464594999928217 ], [ 78.284677000396201, 32.469312999826002 ], [ 78.285633000097974, 32.471533999646169 ], [ 78.291271000195962, 32.475318000246745 ], [ 78.289524999575448, 32.479341999742338 ], [ 78.287486999775183, 32.481722999641057 ], [ 78.285753999573487, 32.48238199995756 ], [ 78.289949999722879, 32.485140000357575 ], [ 78.292645000372474, 32.489862999706212 ], [ 78.292073999736857, 32.494763999785938 ], [ 78.292544000090146, 32.499000000293734 ], [ 78.295412000093776, 32.501564999645524 ], [ 78.3011249996365, 32.503865999999086 ], [ 78.302899999671041, 32.507208999635175 ], [ 78.306684999916683, 32.511514000348917 ], [ 78.304545999834104, 32.517438000016043 ], [ 78.305781999918366, 32.521142000127504 ], [ 78.308658000317919, 32.525574999674873 ], [ 78.306941999834663, 32.537443000184396 ], [ 78.309109000404618, 32.54319599969989 ], [ 78.312973000293013, 32.54511899965231 ], [ 78.315497000340059, 32.549666000189966 ], [ 78.312435000167653, 32.551498000197995 ], [ 78.31318599983004, 32.553967000353303 ], [ 78.312875000383741, 32.556633999742083 ], [ 78.314456000249464, 32.559941000315447 ], [ 78.313036000042189, 32.563036000299846 ], [ 78.313550999703011, 32.566057000055771 ], [ 78.321060999919879, 32.571444999955801 ], [ 78.331660999898233, 32.576707000193778 ], [ 78.33947200041402, 32.578570000086145 ], [ 78.34328100005078, 32.578092000244368 ], [ 78.344064000398532, 32.58102900006147 ], [ 78.348339000190634, 32.584185000143478 ], [ 78.349093000226063, 32.587407999928686 ], [ 78.350686999612279, 32.589043999728403 ], [ 78.358849999582247, 32.590264999951337 ], [ 78.362897999593628, 32.589655999775211 ], [ 78.366163000155609, 32.593697000244006 ], [ 78.369630000383978, 32.594361999995151 ], [ 78.374335000346392, 32.597342999753025 ], [ 78.378591999696852, 32.597948000195295 ], [ 78.379195999944443, 32.599200000017177 ], [ 78.3788899996227, 32.603193000118019 ], [ 78.379630000312716, 32.604585000259334 ], [ 78.383760000339848, 32.608797000188474 ], [ 78.389607999601822, 32.610000999774947 ], [ 78.390584000293387, 32.614706999788673 ], [ 78.397418000292646, 32.61757200016671 ], [ 78.402307000378102, 32.617070999825586 ], [ 78.403651000417412, 32.619684999699444 ], [ 78.40964799964226, 32.623120000115527 ], [ 78.409450999998796, 32.626083999776938 ], [ 78.40742700044224, 32.627636999874277 ], [ 78.400347000395655, 32.628678999859254 ], [ 78.391600000269634, 32.633432000191156 ], [ 78.387856999856737, 32.640780000102282 ], [ 78.387801999605188, 32.644999000357998 ], [ 78.384728999562114, 32.650656999973499 ], [ 78.381412000019921, 32.654135999911091 ], [ 78.383936000066953, 32.657568000284385 ], [ 78.386494000449204, 32.664617000073356 ], [ 78.387204999928585, 32.66869099976762 ], [ 78.38714700020229, 32.67731200014326 ], [ 78.389756999564753, 32.680760999975334 ], [ 78.391561999736481, 32.685306999839575 ], [ 78.397706999997666, 32.69003199964871 ], [ 78.400743000230818, 32.694421000098622 ], [ 78.397236999644392, 32.698407999865076 ], [ 78.397635999852568, 32.705954999666091 ], [ 78.397094000427558, 32.707377000248293 ], [ 78.388360999646906, 32.712350000029076 ], [ 78.387692999825248, 32.716696999787352 ], [ 78.385357000099148, 32.719702999900477 ], [ 78.384674000208861, 32.731726999703362 ], [ 78.3856140000171, 32.735199000066658 ], [ 78.389435000247772, 32.740690000061946 ], [ 78.386585999612407, 32.745205000290177 ], [ 78.38594799992795, 32.749684000080755 ], [ 78.387974000032628, 32.756693999987306 ], [ 78.385824000079367, 32.756949999808313 ], [ 78.3819119996121, 32.755081999954754 ], [ 78.376890000355587, 32.754124999760982 ], [ 78.372671999566563, 32.755407000213864 ], [ 78.364911000177841, 32.753340000138984 ], [ 78.361876999594529, 32.754092999752842 ], [ 78.357067000050137, 32.757684999696124 ], [ 78.333206999603888, 32.749645999638972 ], [ 78.312891000277233, 32.739794000139852 ], [ 78.309901999899793, 32.735097000197399 ], [ 78.305852000238559, 32.732476000132898 ], [ 78.307715999961545, 32.728586000263398 ], [ 78.311646999797048, 32.724585999940011 ], [ 78.311615999834927, 32.722715999716151 ], [ 78.31390999972821, 32.720793000000512 ], [ 78.314730999710775, 32.717398999680661 ], [ 78.30684800012331, 32.710424999789282 ], [ 78.306855999620907, 32.708286999701052 ], [ 78.305933000429405, 32.707072000078554 ], [ 78.301814000272898, 32.704119999628389 ], [ 78.294587999738184, 32.703588999768868 ], [ 78.293069999621579, 32.700319000089159 ], [ 78.281224000411541, 32.701004000168012 ], [ 78.273911999663085, 32.70253099997327 ], [ 78.268473999581644, 32.701104999628917 ], [ 78.260536999567492, 32.702890000286843 ], [ 78.257815999876939, 32.700687999754187 ], [ 78.255764999657927, 32.697041999779827 ], [ 78.25379700197449, 32.692022000032502 ], [ 78.254383999808709, 32.689124999978098 ], [ 78.250923000326452, 32.683844000079475 ], [ 78.248104999653222, 32.677520000296489 ], [ 78.248007999568841, 32.675252999792896 ], [ 78.246237999557195, 32.673411000192026 ], [ 78.245916000240229, 32.671612999657718 ], [ 78.232300999945139, 32.671713000180127 ], [ 78.226465000378738, 32.669464000373047 ], [ 78.21895500016187, 32.664632000123291 ], [ 78.203973000261257, 32.667056000074219 ], [ 78.201294000403507, 32.670428000371643 ], [ 78.197934000305281, 32.67010299963983 ], [ 78.192175999658389, 32.6738350002435 ], [ 78.189553999702028, 32.674942999808842 ], [ 78.186875999669226, 32.674990999705997 ], [ 78.182637999687032, 32.677645999833835 ], [ 78.179151000265506, 32.678585000311742 ], [ 78.175769000425959, 32.681004999990044 ], [ 78.171276000175624, 32.680417999884185 ], [ 78.16548300026696, 32.683110999833701 ], [ 78.160157000338515, 32.682829000091317 ], [ 78.158349999618636, 32.683987999709473 ], [ 78.149699999576953, 32.681745999632987 ], [ 78.142391999924783, 32.681827000222192 ], [ 78.14241399966609, 32.680394000262737 ], [ 78.145536999937818, 32.677474999824518 ], [ 78.147886999907612, 32.671911000037369 ], [ 78.147609000073288, 32.668935999937915 ], [ 78.148563000125222, 32.664107999658725 ], [ 78.147584999783845, 32.660972000266888 ], [ 78.148327000123658, 32.659321000026679 ], [ 78.148004999908409, 32.6546960001874 ], [ 78.147189999773616, 32.65393700012968 ], [ 78.136645999871746, 32.654474000227395 ], [ 78.127105000425644, 32.652238999947912 ], [ 78.123435999632619, 32.656159999896481 ], [ 78.120613999659724, 32.660720999912577 ], [ 78.116773000235867, 32.660250999775968 ], [ 78.110496999555139, 32.662753000234375 ], [ 78.092614999863841, 32.647852999895491 ], [ 78.095949000022785, 32.644394000130383 ], [ 78.099257000242474, 32.636396000257257 ], [ 78.098878000125794, 32.630378000357993 ], [ 78.091720000261432, 32.628520000330134 ], [ 78.087544000203522, 32.62465300001697 ], [ 78.081391000444711, 32.626205999978026 ], [ 78.074768000332625, 32.630914999687988 ], [ 78.072969999833589, 32.630498999868372 ], [ 78.067857000340467, 32.62661500036284 ], [ 78.06367700008461, 32.625943999886971 ], [ 78.060854000286795, 32.626417000051056 ], [ 78.056403999694197, 32.634660999719266 ], [ 78.04935299995995, 32.641187999670151 ], [ 78.047016000408973, 32.645303000022693 ], [ 78.04312700040623, 32.642192999872989 ], [ 78.04276099981, 32.640324999874437 ], [ 78.034017000057005, 32.636930999659505 ], [ 78.033452000167486, 32.633789999735974 ], [ 78.025175000394739, 32.627222000117158 ], [ 78.029029000237387, 32.623497000287571 ], [ 78.018044000294509, 32.619688999957376 ], [ 78.015869000226928, 32.619610000314673 ], [ 78.012586000121601, 32.622107999715013 ], [ 78.011892000360646, 32.624959000361301 ], [ 78.008985999823864, 32.625584999784508 ], [ 78.003229999725122, 32.624583999935737 ], [ 77.996245999938012, 32.626834000105774 ], [ 77.991803999741293, 32.630221999716085 ], [ 77.991696999611193, 32.632526000281537 ], [ 77.987560999736232, 32.636140000159536 ], [ 77.984656999747585, 32.641496000224848 ], [ 77.979616000224482, 32.642447000048456 ], [ 77.973907999806315, 32.646104999732756 ], [ 77.970529000339837, 32.646340000231007 ], [ 77.972266999666118, 32.652926000248215 ], [ 77.97081700021991, 32.655016000175024 ], [ 77.965851999966503, 32.6575659998677 ], [ 77.955498000035419, 32.658155999842116 ], [ 77.947439999647457, 32.660884000367517 ], [ 77.941924999573104, 32.666112999718216 ], [ 77.939332999754029, 32.675541000058168 ], [ 77.934421000102347, 32.681081999958558 ], [ 77.931399999937838, 32.68167400030773 ], [ 77.926480999715167, 32.68613499987773 ], [ 77.920763000149563, 32.688400999890732 ], [ 77.918477999578798, 32.690446000266626 ], [ 77.919055999887092, 32.69472800000073 ], [ 77.918266999691596, 32.696339999968018 ], [ 77.922242999732958, 32.698823000316587 ], [ 77.921439000367172, 32.703125999691423 ], [ 77.922713000086247, 32.706005000366517 ], [ 77.921518000009883, 32.708462999740114 ], [ 77.924411999952781, 32.711286999887143 ], [ 77.924856000366802, 32.717466000090063 ], [ 77.928466999636868, 32.722549999933335 ], [ 77.934262999918602, 32.72591300021471 ], [ 77.931024000194199, 32.732139000063675 ], [ 77.928202000221305, 32.73277399985917 ], [ 77.926176000116641, 32.734643999945632 ], [ 77.926752999701733, 32.736463000168335 ], [ 77.930655999948186, 32.736961000214002 ], [ 77.929142999854463, 32.742608000081589 ], [ 77.932716000388041, 32.746477999841296 ], [ 77.931281999937042, 32.750095000224789 ], [ 77.933663999693906, 32.753560000028259 ], [ 77.933584000226247, 32.760012999705225 ], [ 77.931861999895204, 32.762364000111077 ], [ 77.927700999905881, 32.764759999908101 ], [ 77.925842000205805, 32.768966999785619 ], [ 77.925641000364351, 32.771930000312977 ], [ 77.920944999724426, 32.771841000237679 ], [ 77.915529000282604, 32.773712999865793 ], [ 77.911719999747504, 32.772798000361256 ], [ 77.908199999815707, 32.773104000029065 ], [ 77.903652000212091, 32.771780000287436 ], [ 77.894453999999357, 32.778267000020392 ], [ 77.891555999858483, 32.782936000000653 ], [ 77.884116999786713, 32.787423000250655 ], [ 77.887516000242996, 32.796080000297408 ], [ 77.887664000381037, 32.798889999870397 ], [ 77.885054995453572, 32.800244994396465 ], [ 77.880984000367548, 32.804194999973127 ], [ 77.882029999582684, 32.806907000036858 ], [ 77.881928000373762, 32.81044700022013 ], [ 77.87988499965229, 32.813716999965685 ], [ 77.878595999864615, 32.81902099963316 ], [ 77.874834999908387, 32.821562999778401 ], [ 77.871223999739996, 32.822506999942533 ], [ 77.869262000107739, 32.826963999976478 ], [ 77.857891000375517, 32.831081000209153 ], [ 77.851301999700311, 32.834963000168337 ], [ 77.846845000333332, 32.838896000350609 ], [ 77.839042000213482, 32.841999999976025 ], [ 77.835339999808511, 32.840649000060012 ], [ 77.831976000410634, 32.836059999875424 ], [ 77.82620600006814, 32.836162000278243 ], [ 77.81596400029008, 32.848258999647932 ], [ 77.813247999724084, 32.849660999926215 ], [ 77.805514000099549, 32.849797999913562 ], [ 77.798666999681501, 32.855830999842823 ], [ 77.796725000140697, 32.856492999968921 ], [ 77.791829000382563, 32.855884999627797 ], [ 77.784663000122265, 32.861426000152946 ], [ 77.78375199972804, 32.8633809999071 ], [ 77.781036000060368, 32.865593000273421 ], [ 77.780928999930225, 32.867079999905982 ], [ 77.781036000060368, 32.87155699971192 ], [ 77.782989000370094, 32.874829999963595 ], [ 77.782431000153281, 32.877460999899114 ], [ 77.783976000034031, 32.882938999946326 ], [ 77.786670999785287, 32.885228999993004 ], [ 77.789465999993993, 32.890609000280044 ], [ 77.793245000391892, 32.893118999718325 ], [ 77.798588000038748, 32.89283099997634 ], [ 77.803092000159751, 32.89358100016166 ], [ 77.805747999552977, 32.894920000271497 ], [ 77.810640999836366, 32.900080000144413 ], [ 77.81174200020142, 32.9045420002291 ], [ 77.811333999772415, 32.906162999760724 ], [ 77.805428999710728, 32.910299999766806 ], [ 77.800292999753097, 32.912040999935385 ], [ 77.79754299975022, 32.914581000195703 ], [ 77.794893000204809, 32.91960699984574 ], [ 77.788167999985461, 32.923053999639144 ], [ 77.785670999702589, 32.92642799988753 ], [ 77.777453000379367, 32.931774000148728 ], [ 77.77648699973355, 32.933830000100862 ], [ 77.77167899983894, 32.938138000033199 ], [ 77.765801000439794, 32.941556000213168 ], [ 77.764727999663833, 32.943536999970412 ], [ 77.766552000102124, 32.946183999982885 ], [ 77.763525999914748, 32.949065000375079 ], [ 77.75090900005253, 32.954555999630109 ], [ 77.749815000258494, 32.957760999759003 ], [ 77.745824000148517, 32.960317999954441 ], [ 77.744492999629685, 32.962046000093856 ], [ 77.743634999837198, 32.965395000006836 ], [ 77.741446000424233, 32.967050999835216 ], [ 77.741038999820134, 32.969048999675891 ], [ 77.736124999620344, 32.970130000048655 ], [ 77.732798999857309, 32.97174999981457 ], [ 77.730975000317287, 32.974575999730078 ], [ 77.724988000239861, 32.96933800018504 ], [ 77.719537999564537, 32.968688999912288 ], [ 77.714276000108526, 32.976120000122243 ], [ 77.713153000002137, 32.982432999802484 ], [ 77.702927000117612, 32.981211000237572 ], [ 77.697463999921823, 32.979352999743618 ], [ 77.697767999695429, 32.982687999820861 ], [ 77.694824000422116, 32.983451000104402 ], [ 77.689514000387206, 32.988084000141782 ], [ 77.685295999598139, 32.988007999859093 ], [ 77.682492001863579, 32.988802003826223 ], [ 77.679681999789622, 32.995699000046237 ], [ 77.621903000315555, 32.961902999983536 ], [ 77.608308999936838, 32.968812999904365 ], [ 77.587915999718959, 32.973700999680403 ], [ 77.590100999832302, 33.000173999951414 ], [ 77.607094999593883, 33.05512899983232 ], [ 77.598494999780954, 33.069390999807197 ], [ 77.595685000401943, 33.097644000293769 ], [ 77.585730999605616, 33.146033999634405 ], [ 77.552490000445204, 33.343149000255636 ], [ 77.519082999806756, 33.429043999998719 ], [ 77.518982000422767, 33.431327999731337 ], [ 77.582188999932512, 33.423775999911648 ], [ 77.628022999564052, 33.419949000357434 ], [ 77.838135000017189, 33.259334999744496 ], [ 77.967221999945053, 33.185820999913631 ], [ 78.096219000359511, 33.213087000009892 ], [ 78.186140000075483, 33.267005000296955 ], [ 78.116029000246215, 33.393907000281061 ], [ 78.097137000426471, 33.535212999746122 ], [ 77.976195999851811, 33.636952000177715 ], [ 77.972894000378204, 33.640831999631118 ], [ 77.96006999992845, 33.67251799997139 ], [ 77.946432999892068, 33.710733999653861 ], [ 77.974158999876465, 33.720509999655135 ], [ 77.996285000296069, 33.732270000159197 ], [ 78.038246999643292, 33.757169999754808 ], [ 78.053493000032859, 33.763063000327726 ], [ 78.060470999972168, 33.776240999876762 ], [ 78.058105000108853, 33.785862999967918 ], [ 78.059783999883919, 33.859583000274164 ], [ 78.096819000409155, 33.950521999976843 ], [ 78.109360000103393, 33.91954699973433 ], [ 78.166419999702143, 33.916807000303372 ] ] ] } },
{ "type": "Feature", "properties": { "pincode": "194301", "officename": "Sankoo S.O", "officetype": "S.O", "circle": "Jammu And Kashmir", "region": "Srinagar HQ", "division": "Leh", "state": "Ladakh", "district": "Leh" }, "geometry": { "type": "Polygon", "coordinates": [ [ [ 75.94870699957302, 34.338671000313639 ], [ 75.984706000030556, 34.319479000254603 ], [ 76.004104000188562, 34.336775999896503 ], [ 76.042384000120592, 34.347411000208965 ], [ 76.106242999558546, 34.345280999743821 ], [ 76.154566999800267, 34.346299000088138 ], [ 76.186921999579141, 34.344144000346006 ], [ 76.189878000344621, 34.347698999794048 ], [ 76.199787999861698, 34.322496000133448 ], [ 76.2139899997876, 34.315877000070437 ], [ 76.22563599987943, 34.273307000352347 ], [ 76.258464000384635, 34.253136999741564 ], [ 76.295924999983896, 34.232221000261177 ], [ 76.313778000261195, 34.21859199965801 ], [ 76.360567572894738, 34.21792471123176 ], [ 76.391356031192359, 34.2184726209939 ], [ 76.41127100011829, 34.219729999771509 ], [ 76.416434999665015, 34.161107999964756 ], [ 76.488103999793836, 34.125945000192587 ], [ 76.52943599985251, 34.09194600010229 ], [ 76.501514000049497, 34.086082999730849 ], [ 76.432184999844736, 34.075721000018291 ], [ 76.365105000225753, 34.096426999896664 ], [ 76.363766000209324, 34.088003000196863 ], [ 76.094664000312179, 34.129403000092012 ], [ 76.076456000207671, 34.126187999903166 ], [ 76.04088699992046, 34.142445999973887 ], [ 76.003990000385784, 34.14357499963706 ], [ 75.990399000380094, 34.145366000247073 ], [ 75.970613999709471, 34.169580000099408 ], [ 75.967942000422738, 34.185651000138847 ], [ 75.939992000132321, 34.197049000182403 ], [ 75.930282999558415, 34.202669000236185 ], [ 75.912321000399487, 34.209493999953274 ], [ 75.906981000227347, 34.219529000157742 ], [ 75.905488000225134, 34.220492000071921 ], [ 75.929798000034836, 34.239596000067145 ], [ 75.891446000132774, 34.295356999869625 ], [ 75.876881999808589, 34.299367000185192 ], [ 75.823456999769348, 34.344682999679137 ], [ 75.846759999823647, 34.351897000104891 ], [ 75.872975000262528, 34.352297999789251 ], [ 75.902102000187625, 34.341075999977932 ], [ 75.94870699957302, 34.338671000313639 ] ] ] } },
{ "type": "Feature", "properties": { "pincode": "194302", "officename": "Padum S.O", "officetype": "S.O", "circle": "Jammu And Kashmir", "region": "Srinagar HQ", "division": "Leh", "state": "Ladakh", "district": "Leh" }, "geometry": { "type": "Polygon", "coordinates": [ [ [ 76.848546999614172, 33.845507000058277 ], [ 76.980365000176633, 33.843227000280692 ], [ 76.994926999952639, 33.846472000175481 ], [ 77.059475999851898, 33.782960000051226 ], [ 77.066971999825057, 33.776633000221011 ], [ 77.118959000113691, 33.723697000330318 ], [ 77.236097000001024, 33.611796000205793 ], [ 77.271107000246516, 33.574777999866171 ], [ 77.313226999777484, 33.533706999711079 ], [ 77.440475999921617, 33.465712000100396 ], [ 77.504422000296529, 33.430268000087459 ], [ 77.519312000135628, 33.429025000201854 ], [ 77.552490000445204, 33.343149000255636 ], [ 77.585730999605616, 33.146033999634405 ], [ 77.595685000401943, 33.097644000293769 ], [ 77.598494999780954, 33.069390999807197 ], [ 77.607094999593883, 33.05512899983232 ], [ 77.590100999832302, 33.000173999951414 ], [ 77.587915999718959, 32.973700999680403 ], [ 77.608308999936838, 32.968812999904365 ], [ 77.621903000315555, 32.961902999983536 ], [ 77.679681999789622, 32.995699000046237 ], [ 77.682564999861881, 32.988796999924197 ], [ 77.681415999816252, 32.985427999949707 ], [ 77.681599999939252, 32.98332199987474 ], [ 77.681071000034748, 32.983305000169246 ], [ 77.68183599994083, 32.981083999676358 ], [ 77.681337999998448, 32.979797000214418 ], [ 77.682034000307524, 32.974758000303176 ], [ 77.678321925296657, 32.969569685413148 ], [ 77.676586000180365, 32.969271999813067 ], [ 77.67409800011832, 32.967336999740404 ], [ 77.673900999576517, 32.964688999961083 ], [ 77.674842000107972, 32.961760999824143 ], [ 77.664280999589366, 32.958310999650855 ], [ 77.656042000349743, 32.958859000211518 ], [ 77.654237000178, 32.956273999951094 ], [ 77.646832000441435, 32.95032799990134 ], [ 77.64358500032111, 32.949220999846567 ], [ 77.6431760000672, 32.946470000334465 ], [ 77.640476000293049, 32.947165999986851 ], [ 77.631859999688245, 32.945169000231488 ], [ 77.624536999967432, 32.945197999653764 ], [ 77.619919999868543, 32.943709000307557 ], [ 77.603109000405084, 32.942932000246216 ], [ 77.602121000017945, 32.939356000348162 ], [ 77.599971999889618, 32.936965999728187 ], [ 77.596333999957068, 32.928291000174269 ], [ 77.594362000279048, 32.925937999796268 ], [ 77.579398999746687, 32.916722000036707 ], [ 77.577246001217048, 32.914453998897137 ], [ 77.563723999910053, 32.91230200013905 ], [ 77.558746999961073, 32.9064880003722 ], [ 77.550388000172546, 32.900311000238965 ], [ 77.545387999759015, 32.891602000269174 ], [ 77.538472999568882, 32.886084000097405 ], [ 77.529620999860853, 32.883517000059477 ], [ 77.522493000133707, 32.879664999993238 ], [ 77.512579000418697, 32.877361999833212 ], [ 77.509472999865366, 32.878640000072053 ], [ 77.505266999670212, 32.883702999954579 ], [ 77.501485999622503, 32.885579999707922 ], [ 77.497410000022043, 32.881613999977375 ], [ 77.497194000111961, 32.88036600026593 ], [ 77.49103299995727, 32.879604999720954 ], [ 77.48618999990255, 32.873686000168412 ], [ 77.480822000141302, 32.870543000121053 ], [ 77.474934999622988, 32.861613000175737 ], [ 77.469200000338958, 32.858677000068546 ], [ 77.461193999829518, 32.859977000147396 ], [ 77.452074000332871, 32.864095000038105 ], [ 77.44782100028209, 32.870260999950688 ], [ 77.447959010255801, 32.875310004983049 ], [ 77.444810999988206, 32.879897000110773 ], [ 77.439557999854713, 32.879241999923224 ], [ 77.4333149996842, 32.875931000316626 ], [ 77.427982999907996, 32.875612999801795 ], [ 77.41861399999101, 32.880297000344157 ], [ 77.413442999873268, 32.884117000120391 ], [ 77.406106999733652, 32.883510999691325 ], [ 77.395889000245035, 32.87717400019622 ], [ 77.39422100034065, 32.871318000266584 ], [ 77.392104999824269, 32.870299000159697 ], [ 77.387792000397326, 32.863555000132699 ], [ 77.381456000340421, 32.861922999667719 ], [ 77.375013999978307, 32.855737999758787 ], [ 77.374453000286749, 32.854204999978009 ], [ 77.375446999623364, 32.850074999814645 ], [ 77.377358999925207, 32.847510000097472 ], [ 77.379868999728572, 32.845809999938261 ], [ 77.37979900030669, 32.84343399984197 ], [ 77.379237999716807, 32.838921000371911 ], [ 77.376385999606697, 32.836495000155871 ], [ 77.376583999973406, 32.833262999732078 ], [ 77.372884000116542, 32.8232239997756 ], [ 77.370095999580556, 32.821559000261786 ], [ 77.36615499969929, 32.820850999940163 ], [ 77.360929000228253, 32.817825000001513 ], [ 77.356470000313124, 32.817572000324638 ], [ 77.353155000420728, 32.815993000140651 ], [ 77.349555999947896, 32.815506000335745 ], [ 77.346175999758174, 32.816785999919546 ], [ 77.338567999632033, 32.81690999981727 ], [ 77.33678900029787, 32.819042000335642 ], [ 77.336022999668586, 32.824984000171199 ], [ 77.33202800025893, 32.826096000179476 ], [ 77.33062899996807, 32.827308999664481 ], [ 77.329669999893241, 32.830479999717944 ], [ 77.326995000233467, 32.831491000131848 ], [ 77.326780999973209, 32.833524000226426 ], [ 77.325343000222603, 32.835511999878925 ], [ 77.326509999811549, 32.840011999939136 ], [ 77.328735999932775, 32.842969999911283 ], [ 77.325283999773035, 32.846008000219705 ], [ 77.32389799990095, 32.849685999934138 ], [ 77.321900000283691, 32.851543000031178 ], [ 77.320023999966821, 32.852339999716023 ], [ 77.313786999644137, 32.850606006950066 ], [ 77.309491999760553, 32.851596000243809 ], [ 77.304478000001623, 32.849622999930801 ], [ 77.300860999985446, 32.849859999854822 ], [ 77.299240999761622, 32.852172000356148 ], [ 77.290439000282319, 32.857075999733645 ], [ 77.286073000253595, 32.864494000115457 ], [ 77.281544000018258, 32.868867999811066 ], [ 77.273988999595545, 32.873852999855096 ], [ 77.26628599993316, 32.868829000019275 ], [ 77.262690999658261, 32.864087000309446 ], [ 77.25887699999862, 32.863471000170499 ], [ 77.254271999595289, 32.863939999696051 ], [ 77.255242000439068, 32.866024000134104 ], [ 77.253308000395904, 32.869335999747413 ], [ 77.250000000176215, 32.872361999632716 ], [ 77.24426499999386, 32.872672000028821 ], [ 77.24279899975582, 32.875481999855808 ], [ 77.237590999828157, 32.880176000264065 ], [ 77.237257999742212, 32.88334999971967 ], [ 77.239969000285328, 32.884392999659333 ], [ 77.242992999924581, 32.892162999809621 ], [ 77.233670000038373, 32.894439000196051 ], [ 77.224790999667846, 32.901038000068986 ], [ 77.219129000178725, 32.904068000177851 ], [ 77.215116000327413, 32.904152006166917 ], [ 77.210295999838948, 32.904976000211711 ], [ 77.207641000270655, 32.906240000352206 ], [ 77.202916000216732, 32.90654499962784 ], [ 77.20186000005755, 32.90868299991773 ], [ 77.198980000358318, 32.909653999765325 ], [ 77.198377999760567, 32.911587999974053 ], [ 77.193410000032415, 32.916401999750448 ], [ 77.192865005624256, 32.923440002224396 ], [ 77.190986000442777, 32.92616799970002 ], [ 77.187725999903648, 32.928776000289922 ], [ 77.178495999903845, 32.923126999649618 ], [ 77.173930999683535, 32.913331999627118 ], [ 77.170444000262009, 32.910668999805154 ], [ 77.159764999742606, 32.912092000200367 ], [ 77.155735000172868, 32.911583999990754 ], [ 77.159877999720521, 32.913039000107972 ], [ 77.163894999769781, 32.918230999665887 ], [ 77.164211000137257, 32.920453999971741 ], [ 77.161708999831504, 32.931712000202211 ], [ 77.16212599958304, 32.933208999768112 ], [ 77.164136999619089, 32.934602000032434 ], [ 77.164539000200321, 32.936481999748864 ], [ 77.163822999799763, 32.937355999993308 ], [ 77.159471000014733, 32.938249999817963 ], [ 77.161940999635121, 32.950643000312766 ], [ 77.16112899987337, 32.952662999817967 ], [ 77.14872999957106, 32.956159999893778 ], [ 77.149064000380207, 32.961884000315123 ], [ 77.14732600015563, 32.965574999624017 ], [ 77.149172000335255, 32.968527000255975 ], [ 77.149194000076562, 32.973536000025888 ], [ 77.15035200034302, 32.978319999743739 ], [ 77.146854000152544, 32.978482000277154 ], [ 77.142217999787064, 32.981523999897291 ], [ 77.133807000120015, 32.980084000267645 ], [ 77.126275999986731, 32.981326000332942 ], [ 77.115956000390852, 32.984709999715037 ], [ 77.114087999571623, 32.981451999833098 ], [ 77.111706999639694, 32.97943599981798 ], [ 77.110764000356696, 32.975142000190708 ], [ 77.101285999761473, 32.972083999721811 ], [ 77.095312000102837, 32.971354000120314 ], [ 77.090124000266655, 32.972811999957891 ], [ 77.086523999968918, 32.972410000132577 ], [ 77.081870000060093, 32.975253999811933 ], [ 77.082660000080523, 32.978435999830282 ], [ 77.080165000345787, 32.983006999923845 ], [ 77.071188999890879, 32.98441500022232 ], [ 77.069153999565359, 32.986519000037944 ], [ 77.05781499962022, 32.991170999696017 ], [ 77.05401699985407, 32.994863999726611 ], [ 77.047387000069307, 32.998622000227201 ], [ 77.038757000119091, 32.997551999658519 ], [ 77.036493000363066, 32.993961999976456 ], [ 77.031635000239774, 32.989707000155015 ], [ 77.023909999937715, 32.991354999662065 ], [ 77.013550999983792, 32.988839999866478 ], [ 77.009513000018146, 32.98865199966675 ], [ 77.005974999644678, 32.991859000356484 ], [ 77.000749999998547, 32.994080000239059 ], [ 77.000047999841684, 32.995590000142535 ], [ 76.995896000073202, 32.997568999633828 ], [ 76.992308000369363, 33.001788000047092 ], [ 76.989012999670138, 33.002621000193443 ], [ 76.987567000421919, 33.001500000012577 ], [ 76.980819999562982, 33.000000000045986 ], [ 76.971548999555282, 33.000207999641745 ], [ 76.968120999684999, 33.004184999822648 ], [ 76.965085000350186, 33.004105999984155 ], [ 76.963728999717034, 33.005171000208371 ], [ 76.960597999947623, 33.009140000200965 ], [ 76.961450999717229, 33.011294999892201 ], [ 76.959675999682744, 33.015340000150196 ], [ 76.950710000171881, 33.018181999699507 ], [ 76.945991999790664, 33.024271000016178 ], [ 76.941014000016779, 33.028329000053645 ], [ 76.933126000406432, 33.02818299981881 ], [ 76.92989099998168, 33.031355999875501 ], [ 76.928689000232623, 33.031654999633005 ], [ 76.925770000175334, 33.038269999965152 ], [ 76.926489999875571, 33.042349999701287 ], [ 76.925464999678496, 33.047418000192849 ], [ 76.922682999888579, 33.050520000024527 ], [ 76.922101000280648, 33.053393000352891 ], [ 76.918468000370936, 33.056531999904777 ], [ 76.91578699996505, 33.061837999933665 ], [ 76.914208999574029, 33.063376999995626 ], [ 76.913866000340661, 33.068428999897371 ], [ 76.911258999554605, 33.071264999961841 ], [ 76.910895000404864, 33.076005999790056 ], [ 76.905873000250025, 33.078347000366726 ], [ 76.905198999682241, 33.079519000026856 ], [ 76.904749000318773, 33.081940000152237 ], [ 76.905693000324987, 33.085041999715429 ], [ 76.909972000315065, 33.089617999909464 ], [ 76.908706999918479, 33.094566999799646 ], [ 76.897711999929896, 33.098689999832558 ], [ 76.897486999799, 33.100845000131962 ], [ 76.892580999995104, 33.105922000071807 ], [ 76.893288999999783, 33.109912000108871 ], [ 76.89152999985879, 33.114154000001236 ], [ 76.88510099991548, 33.121377999954518 ], [ 76.882587999739059, 33.119939999670045 ], [ 76.877240999894227, 33.1188449996773 ], [ 76.87050700035239, 33.113361999854895 ], [ 76.862428000048027, 33.112722000174855 ], [ 76.85506699979409, 33.114383999965483 ], [ 76.854392000299669, 33.116047999786559 ], [ 76.850094999867949, 33.11862900032169 ], [ 76.849232000052595, 33.12042900003717 ], [ 76.849900999699187, 33.122583999835499 ], [ 76.853141999971712, 33.125619999830477 ], [ 76.848893000118863, 33.128817999676414 ], [ 76.845717000143679, 33.130255999765936 ], [ 76.842926999957854, 33.130328000107546 ], [ 76.843055999829275, 33.133958000093095 ], [ 76.844773999962371, 33.13701200003446 ], [ 76.839001999970094, 33.141306000315751 ], [ 76.834732000200844, 33.140785000138443 ], [ 76.830351999928411, 33.142689999905471 ], [ 76.830268000262819, 33.145672000127753 ], [ 76.829151999829165, 33.147252999844874 ], [ 76.825461000193158, 33.148186999785239 ], [ 76.820353999649527, 33.153793000203869 ], [ 76.816791999884899, 33.160295000010578 ], [ 76.817478999973162, 33.166689999850433 ], [ 76.812973000202376, 33.171718999928515 ], [ 76.813701000298536, 33.177431000265187 ], [ 76.818982000021123, 33.17990900032207 ], [ 76.822457999571981, 33.183572999979432 ], [ 76.822542999960802, 33.185081000170591 ], [ 76.819732999683495, 33.189071999664911 ], [ 76.81882999968515, 33.193155999678304 ], [ 76.817468000102508, 33.19416899991645 ], [ 76.819326999802627, 33.196032000193469 ], [ 76.823675000288006, 33.197634999836104 ], [ 76.826648999698506, 33.201341999818581 ], [ 76.829296999594121, 33.203254000164954 ], [ 76.834492000001319, 33.204833999800286 ], [ 76.834065000204063, 33.208539000105205 ], [ 76.831327999721694, 33.209961999757333 ], [ 76.831783999831273, 33.212324000319036 ], [ 76.826236000144945, 33.214404999755565 ], [ 76.825646999965997, 33.215675000370581 ], [ 76.828514000144708, 33.218594000282792 ], [ 76.827755000086441, 33.222605000069152 ], [ 76.830095999835365, 33.224767999927003 ], [ 76.830367999821945, 33.226656999898182 ], [ 76.832882999648163, 33.230348000106488 ], [ 76.837801999870848, 33.234130000371529 ], [ 76.840593999706513, 33.239510999674984 ], [ 76.844718999710778, 33.242276999909691 ], [ 76.843270999914424, 33.246726999875015 ], [ 76.830674000143702, 33.249204000165676 ], [ 76.823476999921269, 33.243326999919219 ], [ 76.822402000393822, 33.236784000051578 ], [ 76.820064000119601, 33.2358399999844 ], [ 76.806837999986939, 33.24498100019526 ], [ 76.803441000078791, 33.252949999727065 ], [ 76.799151000218046, 33.256243000023368 ], [ 76.793001999758886, 33.256365000009843 ], [ 76.785417000097254, 33.253628000141646 ], [ 76.781051999893478, 33.254483999965387 ], [ 76.777475000060249, 33.253899999780032 ], [ 76.773102000358847, 33.252377999926281 ], [ 76.770692999939513, 33.249437000239155 ], [ 76.767667999577057, 33.248311999933776 ], [ 76.756475999944968, 33.248454999751644 ], [ 76.752381000077918, 33.249586999886873 ], [ 76.740452000128897, 33.259767000117428 ], [ 76.73705100002276, 33.261096000107145 ], [ 76.736888999641067, 33.264453999901271 ], [ 76.738169000106268, 33.266211000310655 ], [ 76.738482999925594, 33.268681999861691 ], [ 76.736676000104069, 33.270049000111221 ], [ 76.735409000057629, 33.273481000327259 ], [ 76.732501999695941, 33.275539000301322 ], [ 76.732707999560276, 33.281512999649408 ], [ 76.727729999786362, 33.283482000212935 ], [ 76.729861000371343, 33.28871000034367 ], [ 76.728473999776057, 33.29103800018023 ], [ 76.729822999838191, 33.296761999673421 ], [ 76.732108000408971, 33.299328999870276 ], [ 76.728645000378563, 33.303940000123092 ], [ 76.728756999633248, 33.307790000184085 ], [ 76.725239000249601, 33.311340000362812 ], [ 76.725876999934059, 33.315163000256412 ], [ 76.721588999723153, 33.322311999663377 ], [ 76.719598999603477, 33.324044000352288 ], [ 76.717745999751173, 33.328972999768489 ], [ 76.712083000437133, 33.331083000159637 ], [ 76.705371999563198, 33.328066999688417 ], [ 76.6964729999995, 33.327805999711913 ], [ 76.687105999732353, 33.33273899983346 ], [ 76.683273999630998, 33.336252999818711 ], [ 76.678366000177306, 33.338383000007937 ], [ 76.673882000147827, 33.339268000185811 ], [ 76.671020999816889, 33.341848000044784 ], [ 76.672415999909802, 33.349158999683496 ], [ 76.66662200017619, 33.353390000366225 ], [ 76.661980999787872, 33.354780000109656 ], [ 76.658640999781142, 33.3575670002949 ], [ 76.659024000095755, 33.362074999654645 ], [ 76.658392000259113, 33.364685999708591 ], [ 76.651979000209295, 33.370443999657468 ], [ 76.65163600007763, 33.372730000110813 ], [ 76.65242600009806, 33.376105999813603 ], [ 76.651513999878901, 33.377928000028717 ], [ 76.652164999982148, 33.380636999838352 ], [ 76.651482999916766, 33.383423000030106 ], [ 76.641000999939195, 33.390979999677974 ], [ 76.639577000432254, 33.393740000076967 ], [ 76.639373000217759, 33.397417999828484 ], [ 76.636471999703843, 33.401841000200548 ], [ 76.638117999866921, 33.403762000078522 ], [ 76.632119000093923, 33.409194000143017 ], [ 76.636117999701526, 33.411442999830214 ], [ 76.63697899986704, 33.415531999736238 ], [ 76.635285999848307, 33.417768000175613 ], [ 76.632426000240585, 33.419444999835882 ], [ 76.629549999841032, 33.423895000360616 ], [ 76.628759993532384, 33.427601002208078 ], [ 76.629465000350535, 33.430986999841039 ], [ 76.628195999756002, 33.432919999788453 ], [ 76.628964999860017, 33.434895000359596 ], [ 76.625201000429044, 33.437549999627798 ], [ 76.620512000360151, 33.439561000035923 ], [ 76.616446999732005, 33.439916999703399 ], [ 76.613786000315926, 33.4392940002638 ], [ 76.610877000304399, 33.434902999930813 ], [ 76.605764999737886, 33.431669999858549 ], [ 76.604441999615005, 33.431025000071003 ], [ 76.600205000356013, 33.431435000113318 ], [ 76.594738999787168, 33.427533999858532 ], [ 76.593405999618525, 33.425762000230925 ], [ 76.581846999565357, 33.425785999968262 ], [ 76.580550000280027, 33.428061999762363 ], [ 76.577946999691946, 33.429562000197706 ], [ 76.579991000238309, 33.438312999815324 ], [ 76.577062999960205, 33.443347999977881 ], [ 76.576156999588818, 33.448369000360891 ], [ 76.576535999705499, 33.452977000180553 ], [ 76.569489999994133, 33.464185000233151 ], [ 76.569488000344322, 33.466172999730851 ], [ 76.563418000426211, 33.462523999628459 ], [ 76.560588999882285, 33.463041000309921 ], [ 76.557637000213063, 33.462029000359927 ], [ 76.553752000408295, 33.4641770003647 ], [ 76.549636999551439, 33.46405299968665 ], [ 76.545474999737209, 33.468734999677864 ], [ 76.540907000042139, 33.470678999635638 ], [ 76.540883999577602, 33.471635000263852 ], [ 76.539241999612472, 33.472801000168403 ], [ 76.535782999780054, 33.478502000206412 ], [ 76.534767999628755, 33.482193000153934 ], [ 76.527838000268304, 33.483495000108341 ], [ 76.524345000100695, 33.489194999752691 ], [ 76.52291400002278, 33.493382000199098 ], [ 76.518597000397833, 33.494937999993326 ], [ 76.51441600031707, 33.495137000299628 ], [ 76.511041000150229, 33.4965860000029 ], [ 76.507802000425841, 33.499569000043984 ], [ 76.508055999970708, 33.503291000303186 ], [ 76.506696999862811, 33.509983999719836 ], [ 76.502054999649573, 33.515974999685952 ], [ 76.499268999661723, 33.517421999877328 ], [ 76.495737999859273, 33.516562000213952 ], [ 76.491884999841531, 33.516907999742628 ], [ 76.479088000054261, 33.526827999981812 ], [ 76.469949000291066, 33.527688000168425 ], [ 76.459162999641549, 33.533893999719915 ], [ 76.45798699983176, 33.536243000262864 ], [ 76.458488999972076, 33.538519999998826 ], [ 76.462155000392059, 33.543380999843897 ], [ 76.464671000043182, 33.545232000280848 ], [ 76.463342999897407, 33.547370000315013 ], [ 76.462399999716098, 33.551607999910701 ], [ 76.457832000021028, 33.5542710001477 ], [ 76.450715999989455, 33.562493999761756 ], [ 76.446845000428382, 33.564001999750722 ], [ 76.44338499987272, 33.559788999748058 ], [ 76.439962000025304, 33.547424999989509 ], [ 76.437538000435694, 33.545497000250855 ], [ 76.435877000203988, 33.54219299979485 ], [ 76.426405000354833, 33.537283999913392 ], [ 76.415202999778728, 33.539082000110056 ], [ 76.410235999875468, 33.543127999843271 ], [ 76.400660000269255, 33.545604999932067 ], [ 76.397495000164724, 33.547851000339278 ], [ 76.38480600033246, 33.552260999720971 ], [ 76.380277999922058, 33.552532000174132 ], [ 76.37927600018952, 33.558211999957997 ], [ 76.375194999667841, 33.564027000169915 ], [ 76.374752999801984, 33.565879999955932 ], [ 76.376084000320802, 33.569527000276629 ], [ 76.380139000004888, 33.574521999983567 ], [ 76.380725999635729, 33.576951999854593 ], [ 76.376557999973713, 33.578912999848122 ], [ 76.371045000447509, 33.584084000151762 ], [ 76.36646400033365, 33.585755999633427 ], [ 76.360042999887938, 33.594540999706474 ], [ 76.358943000246128, 33.597952999836195 ], [ 76.359271000309192, 33.603258999647188 ], [ 76.355392000352197, 33.604864000251425 ], [ 76.346933000106247, 33.604943000181422 ], [ 76.345511000249132, 33.606605999656175 ], [ 76.341926999844944, 33.608561999824516 ], [ 76.336244000439407, 33.610505999674054 ], [ 76.330948999574801, 33.605140999848928 ], [ 76.323154999675793, 33.602266999889387 ], [ 76.32150100001509, 33.602608999781062 ], [ 76.317447000155923, 33.607178000304962 ], [ 76.312085000242448, 33.609239999806682 ], [ 76.306510999718569, 33.609553000207477 ], [ 76.300126000156183, 33.60083099989599 ], [ 76.299600999551302, 33.598238000130465 ], [ 76.301821999649661, 33.589759999816913 ], [ 76.307590000342302, 33.583280999656928 ], [ 76.310136000130655, 33.578608000275359 ], [ 76.309786000326298, 33.571470999724859 ], [ 76.306119000081424, 33.57051400018014 ], [ 76.302341000406756, 33.567364999768543 ], [ 76.294086000375287, 33.567423000207754 ], [ 76.290887999760457, 33.566654000200579 ], [ 76.277876999712944, 33.567520000106704 ], [ 76.25964500021729, 33.565017000174564 ], [ 76.258466000034431, 33.561769000240147 ], [ 76.252709999935689, 33.553992000104813 ], [ 76.24886299976572, 33.550700999919258 ], [ 76.245743999691925, 33.545537999715918 ], [ 76.241225000400675, 33.548310999627518 ], [ 76.236414000133038, 33.546002999865912 ], [ 76.231922999532514, 33.545186006834285 ], [ 76.225557000236691, 33.547288000109091 ], [ 76.219772999650544, 33.555321000322159 ], [ 76.213459000233286, 33.561929999820229 ], [ 76.21077399962941, 33.563693999740607 ], [ 76.209145000083083, 33.566462999900118 ], [ 76.205494999556635, 33.567715000330033 ], [ 76.206479999570732, 33.573276999793286 ], [ 76.213024000040079, 33.574210000363145 ], [ 76.218835000390413, 33.573899000295754 ], [ 76.225219999952813, 33.577279999829173 ], [ 76.226187000423565, 33.5795280003342 ], [ 76.230184000381314, 33.584149999839603 ], [ 76.231403999673745, 33.586947999811905 ], [ 76.2274440004242, 33.594710000045708 ], [ 76.22412299978572, 33.596839999692769 ], [ 76.224455999871665, 33.600581999845033 ], [ 76.227107999965227, 33.60216200030689 ], [ 76.230708000262965, 33.603037999748629 ], [ 76.238647999751848, 33.602445000207929 ], [ 76.240336999572619, 33.604845999698455 ], [ 76.240962999561518, 33.6095879998255 ], [ 76.237229000267774, 33.617588000067464 ], [ 76.232812000185461, 33.623164000274052 ], [ 76.227783000357931, 33.625633999740735 ], [ 76.229900999625798, 33.630677000234726 ], [ 76.246173000037317, 33.636490999953232 ], [ 76.248913999819365, 33.638642000103602 ], [ 76.253934000324378, 33.63829200012934 ], [ 76.264571999937559, 33.643214999842392 ], [ 76.270472999801271, 33.643310000014552 ], [ 76.272024000428132, 33.644957000255154 ], [ 76.271989000268022, 33.646846000256581 ], [ 76.274116999581636, 33.652324999774557 ], [ 76.27625499983931, 33.653972000267338 ], [ 76.280049000305823, 33.654686999805271 ], [ 76.284521999566337, 33.661231000159432 ], [ 76.284651000336083, 33.661844000291381 ], [ 76.27874999957406, 33.664760999870936 ], [ 76.273514999882195, 33.669350999784427 ], [ 76.270504999588354, 33.675591000088474 ], [ 76.266348999621897, 33.679027999708225 ], [ 76.266411000444492, 33.680826000271757 ], [ 76.269341000372407, 33.683858000009522 ], [ 76.269603000313225, 33.68509299977309 ], [ 76.264718000425759, 33.689417000240496 ], [ 76.265804999648779, 33.691242999873189 ], [ 76.264944000381561, 33.69392000031894 ], [ 76.265695000043934, 33.697423999920098 ], [ 76.263114999920376, 33.70304300023755 ], [ 76.266178999742593, 33.706930999994292 ], [ 76.290153999816539, 33.715676000343606 ], [ 76.308289000126123, 33.725486999803955 ], [ 76.338103000139498, 33.733164000000805 ], [ 76.362078000213458, 33.741906999693235 ], [ 76.375064999971528, 33.748178999925109 ], [ 76.393508000252695, 33.762577000164967 ], [ 76.406375000360157, 33.765200999987684 ], [ 76.420455000087316, 33.769843000223808 ], [ 76.435507000308135, 33.776097999794167 ], [ 76.458836000301716, 33.776869999979958 ], [ 76.538142999795568, 33.771591999895527 ], [ 76.581572999928937, 33.797408999844578 ], [ 76.584318999733881, 33.811388000251277 ], [ 76.59341700038749, 33.829070999948513 ], [ 76.634818000043154, 33.895273999841223 ], [ 76.673415999992486, 33.930253999713997 ], [ 76.669363999783144, 33.938570000203882 ], [ 76.673108000020946, 33.938636999679204 ], [ 76.679481999712664, 33.928723000049381 ], [ 76.848546999614172, 33.845507000058277 ] ] ] } },
{ "type": "Feature", "properties": { "pincode": "194303", "officename": "Panikhar S.O", "officetype": "S.O", "circle": "Jammu And Kashmir", "region": "Srinagar HQ", "division": "Leh", "state": "Ladakh", "district": "Leh" }, "geometry": { "type": "Polygon", "coordinates": [ [ [ 75.930282999558415, 34.202669000236185 ], [ 75.939992000132321, 34.197049000182403 ], [ 75.967942000422738, 34.185651000138847 ], [ 75.970613999709471, 34.169580000099408 ], [ 75.990399000380094, 34.145366000247073 ], [ 76.003990000385784, 34.14357499963706 ], [ 76.04088699992046, 34.142445999973887 ], [ 76.076456000207671, 34.126187999903166 ], [ 76.094664000312179, 34.129403000092012 ], [ 76.363766000209324, 34.088003000196863 ], [ 76.365105000225753, 34.096426999896664 ], [ 76.432184999844736, 34.075721000018291 ], [ 76.501514000049497, 34.086082999730849 ], [ 76.52943599985251, 34.09194600010229 ], [ 76.597365999766367, 34.031839999983248 ], [ 76.657512999651928, 33.962890999792734 ], [ 76.673415999992486, 33.930253999713997 ], [ 76.634818000043154, 33.895273999841223 ], [ 76.59341700038749, 33.829070999948513 ], [ 76.584318999733881, 33.811388000251277 ], [ 76.581572999928937, 33.797408999844578 ], [ 76.538142999795568, 33.771591999895527 ], [ 76.458836000301716, 33.776869999979958 ], [ 76.435507000308135, 33.776097999794167 ], [ 76.420455000087316, 33.769843000223808 ], [ 76.406375000360157, 33.765200999987684 ], [ 76.393508000252695, 33.762577000164967 ], [ 76.375064999971528, 33.748178999925109 ], [ 76.362078000213458, 33.741906999693235 ], [ 76.338103000139498, 33.733164000000805 ], [ 76.308289000126123, 33.725486999803955 ], [ 76.290153999816539, 33.715676000343606 ], [ 76.266178999742593, 33.706930999994292 ], [ 76.263834999620585, 33.709553000267661 ], [ 76.26323799994401, 33.712080999934464 ], [ 76.267126000121863, 33.717093000067109 ], [ 76.267414000001935, 33.724683999667455 ], [ 76.271166999562254, 33.730746000356007 ], [ 76.265783999732378, 33.733774999734358 ], [ 76.265387999897257, 33.735749000283704 ], [ 76.267259000191231, 33.740375999815313 ], [ 76.265238000109406, 33.746874000161981 ], [ 76.260220999977477, 33.749992999666958 ], [ 76.250975000084139, 33.751825999669919 ], [ 76.247856000010344, 33.754561000175748 ], [ 76.247085000256476, 33.758532999856527 ], [ 76.242226999234873, 33.758149997665413 ], [ 76.236108999636187, 33.759872999644095 ], [ 76.231472000344127, 33.759020999843443 ], [ 76.218853999758693, 33.758729000056526 ], [ 76.212579999626087, 33.761177000221814 ], [ 76.210797999918881, 33.771195000228417 ], [ 76.205326000400561, 33.772586999638243 ], [ 76.200361999972031, 33.775641999743293 ], [ 76.199436000407474, 33.777775000137929 ], [ 76.200023000038314, 33.782291000109836 ], [ 76.198667000303459, 33.787232000260786 ], [ 76.193327000131305, 33.793194999629719 ], [ 76.190736999962013, 33.795341999940845 ], [ 76.187443999810938, 33.796655999978469 ], [ 76.184735999640878, 33.800154999798686 ], [ 76.180741000231237, 33.800489999827334 ], [ 76.174421999892786, 33.798713000174779 ], [ 76.16724599958674, 33.797817999757626 ], [ 76.161379000058204, 33.801849999690106 ], [ 76.159751000336797, 33.808467999778273 ], [ 76.163242999781204, 33.817409999747078 ], [ 76.165976999890546, 33.819348000140188 ], [ 76.162640000256815, 33.82120200002813 ], [ 76.158068000363784, 33.82732499978971 ], [ 76.156816000386016, 33.83058900002775 ], [ 76.160031999645852, 33.835388999781337 ], [ 76.159978000117519, 33.836920999866955 ], [ 76.154253999805789, 33.840601000112208 ], [ 76.154364000308973, 33.845410999998705 ], [ 76.155401000201593, 33.847245000218052 ], [ 76.150081000120949, 33.849117000304553 ], [ 76.149081000038237, 33.850154000341242 ], [ 76.148621999555587, 33.851163999814908 ], [ 76.149508999660412, 33.85362100007633 ], [ 76.147192000200903, 33.855865999975663 ], [ 76.145166999921145, 33.86177999993285 ], [ 76.142553000360707, 33.866464000220112 ], [ 76.139435000111803, 33.867969999946709 ], [ 76.137543999726347, 33.870075999758157 ], [ 76.138474000387163, 33.872414999664208 ], [ 76.136675000063221, 33.878599999866474 ], [ 76.125013000077885, 33.885276999868047 ], [ 76.122964000406967, 33.889049999743662 ], [ 76.117900000419326, 33.888719999993974 ], [ 76.109580999915451, 33.891937999934186 ], [ 76.107251000037195, 33.89184799965124 ], [ 76.100238999762666, 33.896260000075799 ], [ 76.096897000106111, 33.900411000327672 ], [ 76.091906999738342, 33.902429000356939 ], [ 76.082574999631262, 33.903475999711283 ], [ 76.070084000165778, 33.908871999640226 ], [ 76.063119999571825, 33.909491000300548 ], [ 76.053266999956193, 33.912357000202284 ], [ 76.046735999905607, 33.912763000320439 ], [ 76.043104999645735, 33.916046999832481 ], [ 76.038035999635227, 33.918870000268186 ], [ 76.032568000314882, 33.919659000046856 ], [ 76.033893999912522, 33.924167999745293 ], [ 76.03535299957953, 33.924935000082748 ], [ 76.041370999619105, 33.925290999801476 ], [ 76.04450999978441, 33.927532999811547 ], [ 76.046151999749512, 33.930071999685524 ], [ 76.048983999768126, 33.931494000162907 ], [ 76.04947500003783, 33.93385599989243 ], [ 76.048315000121548, 33.936415999979438 ], [ 76.048263000243026, 33.940359999931367 ], [ 76.045159006526035, 33.945397995067168 ], [ 76.043152000399715, 33.952107999671362 ], [ 76.038265999789004, 33.959060999728742 ], [ 76.03464299992504, 33.962158999742456 ], [ 76.033201999801364, 33.96465999998528 ], [ 76.026539000404654, 33.971632999945186 ], [ 76.026430999551309, 33.976483000359146 ], [ 76.02521799993157, 33.977653999863385 ], [ 76.024357999590947, 33.982124999837914 ], [ 76.017953999761986, 33.975074000057617 ], [ 76.012187999617481, 33.97438799972349 ], [ 76.005420999565374, 33.97673899971862 ], [ 75.990534000099345, 33.972386999644016 ], [ 75.983852000436016, 33.971630999658473 ], [ 75.98019500023689, 33.972603000108165 ], [ 75.978199000269427, 33.972190000114985 ], [ 75.972711999784181, 33.962521000298061 ], [ 75.968831000177346, 33.960158000268883 ], [ 75.96654200030693, 33.954515999988544 ], [ 75.958700999653971, 33.956847999737874 ], [ 75.952911000118334, 33.955432000013502 ], [ 75.949601000248819, 33.955888999725246 ], [ 75.947822000016345, 33.956628999655564 ], [ 75.945600999917986, 33.959433999858589 ], [ 75.942865000158832, 33.960463999935968 ], [ 75.923132000265056, 33.962942999910886 ], [ 75.917450999611034, 33.962944999656877 ], [ 75.914190999970259, 33.965953000284856 ], [ 75.908537999803642, 33.968884999675254 ], [ 75.908094000287946, 33.968182000299372 ], [ 75.902457000014891, 33.968269000239395 ], [ 75.898556000316574, 33.967444999746021 ], [ 75.893195000228019, 33.969090999852895 ], [ 75.886723999553595, 33.968266999873542 ], [ 75.881363000363365, 33.964765000113637 ], [ 75.876321000117045, 33.963615999703933 ], [ 75.873556000045568, 33.962047000192918 ], [ 75.869456000155637, 33.962830999903446 ], [ 75.86261200011063, 33.961596000108571 ], [ 75.852484999960282, 33.962251999914898 ], [ 75.850386000060681, 33.961016999909859 ], [ 75.845249000278102, 33.954465999880725 ], [ 75.840462000299908, 33.954091000370767 ], [ 75.838238999653413, 33.954955999968767 ], [ 75.834060999945692, 33.958127999735673 ], [ 75.830653000166876, 33.958744000340467 ], [ 75.8221229997758, 33.965578999840666 ], [ 75.821483000441546, 33.968175000129079 ], [ 75.820146999899862, 33.969161999831044 ], [ 75.820491999681323, 33.970812000098093 ], [ 75.819624999668022, 33.972209000104542 ], [ 75.825600999874808, 33.977814000143134 ], [ 75.830234999692109, 33.992403000328444 ], [ 75.841607999972467, 33.999568999914345 ], [ 75.843711999894978, 34.003240000211669 ], [ 75.843061999616609, 34.004777000302695 ], [ 75.841588998807595, 34.006123999580595 ], [ 75.835801999645, 34.007136999809006 ], [ 75.827830000369076, 34.006263999949475 ], [ 75.822302999700881, 34.0076319999188 ], [ 75.81826499973522, 34.007508999673483 ], [ 75.814292999891791, 34.014512000258463 ], [ 75.804198000426823, 34.021019999930886 ], [ 75.802449000331578, 34.020969000283564 ], [ 75.799838000245884, 34.022983000321929 ], [ 75.797540000154655, 34.025979000237932 ], [ 75.79694000010501, 34.030446000130624 ], [ 75.790686999888777, 34.030179999807125 ], [ 75.786711999672349, 34.031201000365741 ], [ 75.782210000099496, 34.034050999836829 ], [ 75.779705000318998, 34.037623000146084 ], [ 75.769190999656061, 34.041279000191885 ], [ 75.767686999783194, 34.043811000184654 ], [ 75.769089000447124, 34.053004000280914 ], [ 75.768523999659266, 34.05491899969541 ], [ 75.759851000051398, 34.05669599997259 ], [ 75.755166000180438, 34.056737000126937 ], [ 75.752703000232771, 34.056502000280396 ], [ 75.750000000085578, 34.054847999944052 ], [ 75.744541000087722, 34.056539000232952 ], [ 75.741480999565169, 34.056158000049066 ], [ 75.73703300041899, 34.058908000300804 ], [ 75.736513999661909, 34.059823000034342 ], [ 75.738422999590739, 34.061746000289041 ], [ 75.741550999885348, 34.068107999818459 ], [ 75.742544000295368, 34.073258999884267 ], [ 75.734746007384928, 34.078950996281108 ], [ 75.733366000174101, 34.08411299993567 ], [ 75.725100000271993, 34.089655999953216 ], [ 75.721474999859893, 34.094396000041648 ], [ 75.718802999674864, 34.103250999892367 ], [ 75.707744999937077, 34.107241999928121 ], [ 75.696838999636967, 34.11343499987526 ], [ 75.69245000004203, 34.113770999886633 ], [ 75.687362999589865, 34.11605000015593 ], [ 75.685631999936305, 34.120909999836542 ], [ 75.69020399982935, 34.125288999735439 ], [ 75.691246999569742, 34.127609999905246 ], [ 75.684370999737681, 34.130936000095112 ], [ 75.683158000117942, 34.13243299967823 ], [ 75.682291999929546, 34.135561000181866 ], [ 75.685707000279365, 34.14216299975147 ], [ 75.68235200020402, 34.144045000075124 ], [ 75.677207000025518, 34.143951999870062 ], [ 75.673614000298798, 34.145156999928879 ], [ 75.671125000411848, 34.14419399988649 ], [ 75.667947999713391, 34.144288999758771 ], [ 75.668583999748037, 34.148143000203106 ], [ 75.670157999941082, 34.149982000260351 ], [ 75.678140999985985, 34.153782999968854 ], [ 75.679240999627794, 34.160774000338378 ], [ 75.680690000147408, 34.163562999721783 ], [ 75.684477000042889, 34.166784000170978 ], [ 75.682777000351464, 34.170594000077422 ], [ 75.68422699979763, 34.17333799970578 ], [ 75.684631000028673, 34.17724599971995 ], [ 75.684111000345013, 34.17801699968372 ], [ 75.688053999876075, 34.184861999671973 ], [ 75.687300999665595, 34.186935999679633 ], [ 75.690720000213361, 34.195273000101722 ], [ 75.698442000142336, 34.200604999737337 ], [ 75.790526000230315, 34.207933000219249 ], [ 75.881636000174836, 34.201670999903172 ], [ 75.905488000225134, 34.220492000071921 ], [ 75.906981000227347, 34.219529000157742 ], [ 75.912321000399487, 34.209493999953274 ], [ 75.930282999558415, 34.202669000236185 ] ] ] } },
{ "type": "Feature", "properties": { "pincode": "194401", "officename": "Diskit S.O", "officetype": "S.O", "circle": "Jammu And Kashmir", "region": "Srinagar HQ", "division": "Leh", "state": "Ladakh", "district": "Leh" }, "geometry": { "type": "Polygon", "coordinates": [ [ [ 74.708857596593703, 37.073313730732714 ], [ 74.715910689402577, 37.053652481212872 ], [ 74.720883138486329, 37.04758662376544 ], [ 74.726356771141837, 37.03850000174257 ], [ 74.738172307582275, 37.026784104055274 ], [ 74.747136685634032, 37.020113589623598 ], [ 74.749424005654873, 37.01938689416027 ], [ 74.751644210744203, 37.020103772087609 ], [ 74.753184025549103, 37.021884493712001 ], [ 74.760192559224933, 37.035970924845621 ], [ 74.763053055601006, 37.038441276407021 ], [ 74.769054813201919, 37.041221919280936 ], [ 74.776881072501098, 37.041599297249448 ], [ 74.783310182937186, 37.040995300723502 ], [ 74.80477375847974, 37.034982112888834 ], [ 74.829199914947282, 37.039027294378734 ], [ 74.835828469342758, 37.037993614428458 ], [ 74.838901819728747, 37.035843453930553 ], [ 74.840873923611312, 37.032143125151457 ], [ 74.833467362602789, 37.014723380739369 ], [ 74.833381367778955, 37.00872149778688 ], [ 74.834785850488018, 37.005264269256358 ], [ 74.865745592357484, 36.974716360677753 ], [ 74.896502541348184, 36.941523918591002 ], [ 74.90975939142433, 36.921755273505759 ], [ 74.915579066805378, 36.920259474544295 ], [ 74.922714879180546, 36.925849397018048 ], [ 74.934127268789467, 36.938370022814262 ], [ 74.954017878099876, 36.95461891259319 ], [ 75.015671412903956, 36.990722949330326 ], [ 75.023217987129314, 36.992112442699614 ], [ 75.037082710988557, 36.988993290391008 ], [ 75.055194507814392, 36.974318758168501 ], [ 75.091250286289437, 36.961068218661531 ], [ 75.109151682404359, 36.961898978466877 ], [ 75.152960569466714, 36.988164840432525 ], [ 75.177211549962237, 37.020245195263861 ], [ 75.196927470187518, 37.042430729218609 ], [ 75.21095624977383, 37.050016805708616 ], [ 75.276535750254638, 37.06015362405001 ], [ 75.320783916185874, 37.064281103467181 ], [ 75.336283466064373, 37.062829801047592 ], [ 75.341313697482136, 37.060763154918341 ], [ 75.346573161892451, 37.052721038788157 ], [ 75.35037399943657, 37.019119158876727 ], [ 75.348407813655072, 37.00491679839552 ], [ 75.354427388441351, 36.988482856977285 ], [ 75.36888844452892, 36.975157594900182 ], [ 75.379244410872147, 36.974582053146342 ], [ 75.403686304026806, 36.982165745371908 ], [ 75.41368226423171, 36.97743315425528 ], [ 75.418447872628022, 36.972395898400897 ], [ 75.421578981991871, 36.965660733608708 ], [ 75.424881756711571, 36.952355578615474 ], [ 75.41106076284035, 36.921519616927924 ], [ 75.406920841819186, 36.908033447170205 ], [ 75.408778123042154, 36.903754705287803 ], [ 75.417647041620228, 36.903258714435559 ], [ 75.429678427952112, 36.904970635411985 ], [ 75.441829380946587, 36.899517523460332 ], [ 75.449818467975845, 36.888929102343326 ], [ 75.455034366789803, 36.863584158300327 ], [ 75.458342145125641, 36.841924332124094 ], [ 75.463266563087799, 36.830313294548816 ], [ 75.488020128526898, 36.816388788229908 ], [ 75.58552584044358, 36.786377879069988 ], [ 75.612724255370026, 36.775270246664071 ], [ 75.633798881954164, 36.753770332007356 ], [ 75.662810167192575, 36.721662477978668 ], [ 75.720531114838053, 36.638340105858759 ], [ 75.734662289790336, 36.622593351271234 ], [ 75.744423686399855, 36.607697649935972 ], [ 75.76937383376584, 36.588923329192603 ], [ 75.807021540112103, 36.563423690134059 ], [ 75.852432431448179, 36.558341235240192 ], [ 75.866798217606572, 36.545547007074461 ], [ 75.890777782918775, 36.532772828540864 ], [ 75.94503801315301, 36.511605775361581 ], [ 75.981938089417554, 36.502809890389621 ], [ 76.010062813827332, 36.495133717555262 ], [ 76.053331253753527, 36.491303113749552 ], [ 76.07115386312644, 36.484242322848253 ], [ 76.091690293752436, 36.474623952363316 ], [ 76.111717958127429, 36.459659414893302 ], [ 76.144621497964849, 36.428549215631968 ], [ 76.163953103640253, 36.4064516450902 ], [ 76.176721372609791, 36.400881838766864 ], [ 76.200729148615181, 36.396999668135976 ], [ 76.230264334022252, 36.381420447484984 ], [ 76.244094759305625, 36.371596393435212 ], [ 76.266501958460282, 36.358842963461214 ], [ 76.274404424539938, 36.356554430652167 ], [ 76.32099826505285, 36.364963812504293 ], [ 76.33992321417891, 36.369738329514902 ], [ 76.353927233501039, 36.369447234997764 ], [ 76.379796277452627, 36.346896672315033 ], [ 76.413393851186996, 36.32802661376973 ], [ 76.437499909172715, 36.310353423383788 ], [ 76.445940272071439, 36.28352675149516 ], [ 76.448500307137806, 36.272011678713405 ], [ 76.44566078642363, 36.265622786050791 ], [ 76.436783029321447, 36.257829467961265 ], [ 76.448196763708353, 36.246342522909814 ], [ 76.468251610205499, 36.24027173952117 ], [ 76.480981032428886, 36.219734621861434 ], [ 76.510316941861547, 36.210666955978759 ], [ 76.549286720370986, 36.20216021617825 ], [ 76.565392125518144, 36.186172515073643 ], [ 76.594093818072011, 36.178320925537797 ], [ 76.6169122165564, 36.178019758200747 ], [ 76.644682178294204, 36.197705448476974 ], [ 76.655923798167592, 36.192184191077899 ], [ 76.670304532292363, 36.173905461311023 ], [ 76.711116927926057, 36.140126698529777 ], [ 76.716444601415915, 36.127222511913622 ], [ 76.715258164979147, 36.108176803133055 ], [ 76.720091582704683, 36.097695268056377 ], [ 76.752175685628146, 36.080017374443656 ], [ 76.783750226393238, 36.071927935990736 ], [ 76.798199355548775, 36.061992831798023 ], [ 76.813687622587281, 36.040628778042034 ], [ 76.813449688512947, 36.031080781919499 ], [ 76.810409582080666, 36.022916740210917 ], [ 76.78769954377573, 36.016671808963082 ], [ 76.770364684567809, 35.998108124387514 ], [ 76.759001471432484, 35.980338278220763 ], [ 76.736256993516179, 35.966316482831211 ], [ 76.732855786797558, 35.961761349209652 ], [ 76.732136448257378, 35.954636101117217 ], [ 76.739389810577364, 35.946380722155517 ], [ 76.757783158277846, 35.931999287636586 ], [ 76.782994684848788, 35.905200338867751 ], [ 76.798765943659703, 35.879628234950793 ], [ 76.804557625739861, 35.857117082540988 ], [ 76.807480142701479, 35.849745566345845 ], [ 76.82352959358623, 35.841488072812744 ], [ 76.86114806066827, 35.835952568689351 ], [ 76.887394191325015, 35.812643870188971 ], [ 76.903795242811924, 35.807939027708244 ], [ 76.925047371106302, 35.793332900477672 ], [ 76.935612444586411, 35.78902238339117 ], [ 76.956992447163131, 35.789949382390262 ], [ 76.982437884254296, 35.787603238552734 ], [ 77.001003951034434, 35.775560105090626 ], [ 77.010476190733741, 35.774906610342107 ], [ 77.045216421509522, 35.77728830443013 ], [ 77.091111986280737, 35.795032190240164 ], [ 77.11565988153724, 35.798105130104027 ], [ 77.127007307679776, 35.794322023606369 ], [ 77.132336552323011, 35.789164721526383 ], [ 77.135041237709672, 35.780004199191367 ], [ 77.145782181559497, 35.777457795263771 ], [ 77.152190219315656, 35.768635208105117 ], [ 77.162075295075127, 35.764951090594174 ], [ 77.176355717925389, 35.768134603980172 ], [ 77.169033408110707, 35.740537413534078 ], [ 77.179679684800917, 35.730218487929641 ], [ 77.191644671260235, 35.732366717233567 ], [ 77.213013403573413, 35.73325194870484 ], [ 77.229225386642497, 35.720142521016626 ], [ 77.241919361344785, 35.70847629032292 ], [ 77.25834485509229, 35.704320183812484 ], [ 77.276385349040751, 35.70842195364316 ], [ 77.280313209264335, 35.717713799982306 ], [ 77.287437204301938, 35.722590536050689 ], [ 77.299077588126593, 35.708002197677544 ], [ 77.312397650852674, 35.702265833113216 ], [ 77.321067909700616, 35.701048099605977 ], [ 77.332598544550407, 35.712786289469818 ], [ 77.335549013490379, 35.719753890979746 ], [ 77.343748546146301, 35.720961406915002 ], [ 77.365866773443756, 35.715187188698145 ], [ 77.378006400479123, 35.705340917526208 ], [ 77.385327286464062, 35.691652275408934 ], [ 77.401827132869343, 35.681489123528237 ], [ 77.402807714070548, 35.663469537525714 ], [ 77.411556540471551, 35.656256622615849 ], [ 77.428074940680702, 35.659849085887913 ], [ 77.43793594698046, 35.656143670150911 ], [ 77.441025894639651, 35.637371547823989 ], [ 77.441739671709897, 35.616976072243048 ], [ 77.440126270510163, 35.602134106819925 ], [ 77.446556124751325, 35.593889043738336 ], [ 77.458653972041162, 35.590617254682293 ], [ 77.471880830963244, 35.584270189797827 ], [ 77.475608311182953, 35.571432633475695 ], [ 77.470680831762309, 35.55982321466697 ], [ 77.465222169531017, 35.550047420650017 ], [ 77.473501484262258, 35.538673451093466 ], [ 77.482763954766313, 35.529620724208797 ], [ 77.479808157020102, 35.522654952170051 ], [ 77.473415953867459, 35.517734717573823 ], [ 77.458165459206498, 35.518844472337172 ], [ 77.442995979109483, 35.513962337610671 ], [ 77.430521801495971, 35.513670479421414 ], [ 77.411813914986965, 35.523403077843646 ], [ 77.388658393149484, 35.539437397724541 ], [ 77.361971476250844, 35.543155260432926 ], [ 77.341335146677039, 35.535064591132084 ], [ 77.332044284020114, 35.530346073230987 ], [ 77.330081711262693, 35.525699971699503 ], [ 77.345486959595917, 35.519208973448634 ], [ 77.352925041589486, 35.506706865345379 ], [ 77.354680074770158, 35.495809702643662 ], [ 77.363224308068581, 35.486817268991786 ], [ 77.376762382032638, 35.483448121956698 ], [ 77.385239072801497, 35.473860326961727 ], [ 77.418840801244059, 35.466642829863495 ], [ 77.443663675300584, 35.459455842306241 ], [ 77.474258636486027, 35.465009566157903 ], [ 77.49613500856286, 35.477776726975726 ], [ 77.55663909685866, 35.475737242371331 ], [ 77.605663967176596, 35.469131399973939 ], [ 77.628623700299585, 35.465038547574487 ], [ 77.637132142022168, 35.46919639135664 ], [ 77.64702550204521, 35.479236442919259 ], [ 77.653095231570404, 35.481180089360784 ], [ 77.665367700571721, 35.473085565378334 ], [ 77.673350041253173, 35.465907566717078 ], [ 77.685158613055222, 35.466823935174958 ], [ 77.685753483724568, 35.472166767711279 ], [ 77.707788933963542, 35.472917306063401 ], [ 77.728771766200339, 35.477334481582076 ], [ 77.727196647604742, 35.489424060952892 ], [ 77.726156737170598, 35.512846216665835 ], [ 77.735865858118743, 35.521098265072723 ], [ 77.749122307546287, 35.508732339304437 ], [ 77.767389243421647, 35.495389723702537 ], [ 77.786318514342526, 35.487980226033109 ], [ 77.80347924052252, 35.490877656270129 ], [ 77.809630981741606, 35.49999156262578 ], [ 77.822049043395964, 35.506237558888159 ], [ 77.829240832491394, 35.505095511052957 ], [ 77.837992671841889, 35.491862362914461 ], [ 77.852628261606, 35.485366216678976 ], [ 77.862571283192892, 35.476231045882493 ], [ 77.869490654585192, 35.472712522234595 ], [ 77.886127936042399, 35.477434864725097 ], [ 77.893754919367154, 35.467275688848765 ], [ 77.912077155531435, 35.461090034614998 ], [ 77.9188959874771, 35.469550210215601 ], [ 77.920994663983237, 35.487949385513808 ], [ 77.929315926445, 35.490307499805887 ], [ 77.948527305195995, 35.472673763807578 ], [ 77.977273451779993, 35.448915873259331 ], [ 77.985251899163032, 35.44830296367526 ], [ 77.986001274671352, 35.454831519930075 ], [ 78.022707000424163, 35.407921000170184 ], [ 78.050650999968482, 35.338513999786109 ], [ 78.035459999830508, 35.275053999799695 ], [ 78.063870000428466, 35.234263000200357 ], [ 78.124983000061505, 35.181597000075442 ], [ 78.125162000161637, 35.137534000091989 ], [ 78.130302000317258, 35.099686999983028 ], [ 78.133238000092945, 35.098085999815545 ], [ 78.135316999901079, 35.094880000093994 ], [ 78.132590000362754, 35.093588000169056 ], [ 78.131617999869121, 35.089856999659382 ], [ 78.137732999993105, 35.081773000261741 ], [ 78.139795999907676, 35.076307000099256 ], [ 78.144183999677708, 35.073856999964917 ], [ 78.146046999575773, 35.070476000247787 ], [ 78.13940699974529, 35.067450000083049 ], [ 78.138472999784796, 35.064917999719633 ], [ 78.133607000163892, 35.061043000189279 ], [ 78.13314799968127, 35.059809000135111 ], [ 78.133890000021097, 35.056454999967201 ], [ 78.137778000198935, 35.051267999861388 ], [ 78.134290999879084, 35.049514999767204 ], [ 78.129676000328345, 35.048734000321595 ], [ 78.128281000235432, 35.049324000005996 ], [ 78.127117999946108, 35.046919000205733 ], [ 78.120848000011449, 35.044807000302747 ], [ 78.120507000427907, 35.042284000155583 ], [ 78.118802999640209, 35.038998000064169 ], [ 78.11473899973528, 35.036121999915451 ], [ 78.115534999603483, 35.03521700023623 ], [ 78.114582000274751, 35.032018000045113 ], [ 78.121746999811819, 35.028742000243007 ], [ 78.129563000350458, 35.023818000097727 ], [ 78.1303550000207, 35.020921000195912 ], [ 78.132831000387156, 35.018014000344188 ], [ 78.133868000279818, 35.014593000352171 ], [ 78.13681599975105, 35.014875999636267 ], [ 78.140734000066104, 35.01244400020331 ], [ 78.142308000259177, 35.010498000278176 ], [ 78.141835000431158, 35.008796000106159 ], [ 78.147588999981778, 34.998013000150273 ], [ 78.154313000376192, 34.990712000085473 ], [ 78.158257999557136, 34.98818800013138 ], [ 78.172981999714878, 34.98542499970408 ], [ 78.176818000014165, 34.987148999967467 ], [ 78.177982999953315, 34.984385999801773 ], [ 78.187135000135299, 34.979731999811627 ], [ 78.195122000378163, 34.974024000075801 ], [ 78.201361000350659, 34.971794999914508 ], [ 78.20327899960202, 34.965569000313316 ], [ 78.202284000440486, 34.96059499988354 ], [ 78.203594999969496, 34.956852999880645 ], [ 78.199565000399744, 34.955759000091085 ], [ 78.185375000169415, 34.942950000190287 ], [ 78.184427999790159, 34.941003999987977 ], [ 78.179244999976817, 34.942051000056949 ], [ 78.176064999803657, 34.941457999697825 ], [ 78.173818999590935, 34.940044999860277 ], [ 78.173303999930155, 34.937820999869587 ], [ 78.176131999750808, 34.933611000100171 ], [ 78.177570000399754, 34.929421000191084 ], [ 78.187159000424757, 34.922659999858297 ], [ 78.186935000118751, 34.921784000325239 ], [ 78.188756000184014, 34.91852500011835 ], [ 78.196280999571201, 34.914531999752491 ], [ 78.197817000129419, 34.908699999859749 ], [ 78.206605000263366, 34.904489000228018 ], [ 78.207842999997439, 34.902388999818207 ], [ 78.202944999691169, 34.896590000073886 ], [ 78.203024000232176, 34.891414000282303 ], [ 78.212751000349456, 34.889662999902171 ], [ 78.215016999755321, 34.887998999725184 ], [ 78.218690999672916, 34.889184000355264 ], [ 78.225591999619326, 34.888831000341767 ], [ 78.227402999638869, 34.886521999890263 ], [ 78.233505000242332, 34.882777000227215 ], [ 78.235033000404641, 34.880932000012415 ], [ 78.235856999861952, 34.872033000131516 ], [ 78.237144999824721, 34.869785000145157 ], [ 78.231331999824576, 34.856118999831885 ], [ 78.228818999648169, 34.855508000333408 ], [ 78.228131999559906, 34.852707000205619 ], [ 78.228903000212085, 34.851126999706558 ], [ 78.230592999857762, 34.850332999826236 ], [ 78.231201000303315, 34.84621599998318 ], [ 78.233826999559312, 34.84481000013924 ], [ 78.233608000174499, 34.841713999654708 ], [ 78.23457399992202, 34.840056000097825 ], [ 78.23440200039289, 34.838883000265739 ], [ 78.232122999669912, 34.836465000156849 ], [ 78.23309299961538, 34.834110000113576 ], [ 78.231172999815925, 34.829516999736548 ], [ 78.228005000236621, 34.825848999689065 ], [ 78.228914999907659, 34.818514999982405 ], [ 78.226878999757204, 34.815318000192065 ], [ 78.225702999947401, 34.811265999776431 ], [ 78.230469000009208, 34.804261999771128 ], [ 78.232003000019319, 34.798763999896323 ], [ 78.229523000353169, 34.797282999674124 ], [ 78.228863999853999, 34.788779000010067 ], [ 78.22678699969569, 34.787135999748827 ], [ 78.226196999691851, 34.785615999707879 ], [ 78.226056999949733, 34.781989999765898 ], [ 78.227129999827397, 34.780448000326452 ], [ 78.226486000295154, 34.778759999965501 ], [ 78.226906000419731, 34.772380000253079 ], [ 78.226528999952862, 34.771273999676268 ], [ 78.218220000393032, 34.770784000118809 ], [ 78.212420999738256, 34.767686999720567 ], [ 78.210611000441958, 34.759752999969074 ], [ 78.203918999834613, 34.753438999876451 ], [ 78.204591999679138, 34.751247999676139 ], [ 78.204306000347202, 34.745933999767509 ], [ 78.202979999851252, 34.742008999714955 ], [ 78.204193000369287, 34.740110999682557 ], [ 78.202214999945213, 34.735443000222716 ], [ 78.204367000446581, 34.731095999694695 ], [ 78.204533999952844, 34.72838399965719 ], [ 78.207879999807361, 34.721737000037706 ], [ 78.210683000411976, 34.719110000288453 ], [ 78.218526999641398, 34.716608999813715 ], [ 78.221854000127649, 34.718018999799604 ], [ 78.232709000374157, 34.714338999664783 ], [ 78.240833999810931, 34.714551000261999 ], [ 78.242187000071041, 34.712200999880814 ], [ 78.246798000322173, 34.708734999827804 ], [ 78.259306000404436, 34.707820999855059 ], [ 78.264869000159351, 34.702049000266442 ], [ 78.272022999825751, 34.701319000016987 ], [ 78.27305999971837, 34.69775799968518 ], [ 78.275839000033542, 34.696028999753324 ], [ 78.274722999599888, 34.692298000208837 ], [ 78.276364999565018, 34.687711000349772 ], [ 78.27485300019454, 34.685963000250105 ], [ 78.276946000246383, 34.682156999978751 ], [ 78.278393000217847, 34.676021000067728 ], [ 78.274047000280618, 34.673444000354024 ], [ 78.273285999674172, 34.672014999903915 ], [ 78.274155000235652, 34.671229999958953 ], [ 78.273413999720702, 34.669986000027052 ], [ 78.270303000042816, 34.672102999856612 ], [ 78.266325000351628, 34.670089000008623 ], [ 78.250464999668722, 34.653532000251118 ], [ 78.253045999617186, 34.553865000088656 ], [ 78.268292000006767, 34.51900799969188 ], [ 78.291209000271664, 34.448009000297624 ], [ 78.31480400040401, 34.386169999806441 ], [ 78.295303000313837, 34.368944999973017 ], [ 78.296435999567606, 34.363832999747558 ], [ 78.30196400006075, 34.356929000130066 ], [ 78.315249999569545, 34.351033000112146 ], [ 78.316554000324174, 34.327887000236046 ], [ 78.297812000292268, 34.303352000283589 ], [ 78.291306000356045, 34.283214999923146 ], [ 78.292956999643707, 34.258727999884982 ], [ 78.28295500006513, 34.211928999972891 ], [ 78.277467999579883, 34.204623999845602 ], [ 78.274458000184325, 34.180014000258957 ], [ 78.263727999611305, 34.161653999944747 ], [ 78.253773999713346, 34.152617000370221 ], [ 78.24136699991341, 34.151732000116652 ], [ 78.232217000279547, 34.146307000084363 ], [ 78.230930000141683, 34.141727999902137 ], [ 78.203813000427701, 34.121589999763849 ], [ 78.18754799968886, 34.123519999943611 ], [ 78.142113000265525, 34.193257000145557 ], [ 78.132464999790955, 34.192802000011376 ], [ 78.114166000348149, 34.193790000067679 ], [ 78.086872000183845, 34.189214000076511 ], [ 78.056831000389778, 34.201587000306887 ], [ 77.942711000293883, 34.201119000068481 ], [ 77.826805000292879, 34.174885999943861 ], [ 77.814789000305197, 34.176022999667303 ], [ 77.781487000147081, 34.183968000128289 ], [ 77.73376499960483, 34.196748000095496 ], [ 77.70046199962178, 34.206402999745357 ], [ 77.680892999759521, 34.21407000021135 ], [ 77.653770000197767, 34.223156000256814 ], [ 77.633438999904172, 34.228526999889674 ], [ 77.630355999815393, 34.234968000257595 ], [ 77.603296999827748, 34.254653000262572 ], [ 77.590465999705302, 34.260661999934179 ], [ 77.271892000244065, 34.496911000138589 ], [ 77.263207000042314, 34.505659999713899 ], [ 77.232655999711938, 34.552339999751858 ], [ 77.142375000145904, 34.591926999851061 ], [ 77.029436999707627, 34.591926999851061 ], [ 76.973728999645743, 34.611988000255295 ], [ 76.94071699991585, 34.607192000068025 ], [ 76.822449000249463, 34.65044799994277 ], [ 76.782760999805717, 34.667593000298815 ], [ 76.734076999713935, 34.683727000251885 ], [ 76.712132999767533, 34.7010810000994 ], [ 76.689488000387499, 34.71717599982312 ], [ 76.677840999572439, 34.728192999830704 ], [ 76.68545600026961, 34.743994999968983 ], [ 76.678748999593637, 34.745585000257883 ], [ 76.675554000250159, 34.74520000015017 ], [ 76.655637000233369, 34.735376999653958 ], [ 76.641749000126794, 34.733163000097321 ], [ 76.637243000355994, 34.738833999741786 ], [ 76.63928399963099, 34.743847999887016 ], [ 76.639096000208326, 34.747064999839345 ], [ 76.633021000267334, 34.750170999942092 ], [ 76.631297000286466, 34.753347999822495 ], [ 76.635148999580963, 34.762669999718064 ], [ 76.631046000216259, 34.763472999977587 ], [ 76.623929000359809, 34.761116000259165 ], [ 76.620505999614068, 34.755421999702556 ], [ 76.614911000072112, 34.751042000117664 ], [ 76.612216000320814, 34.744899999953539 ], [ 76.587333000225655, 34.747313999768316 ], [ 76.576941999586367, 34.750084999848539 ], [ 76.575703999852294, 34.757662999903509 ], [ 76.568494000109382, 34.756290999757006 ], [ 76.561137999878298, 34.764286999991853 ], [ 76.552107000070123, 34.758783000066238 ], [ 76.545892000387042, 34.76221199994206 ], [ 76.536910000084347, 34.761396000161341 ], [ 76.52763599970362, 34.765546000194021 ], [ 76.521093999782408, 34.775572999968944 ], [ 76.517100000197701, 34.778046999835986 ], [ 76.516275000017146, 34.783500000103906 ], [ 76.518702999804745, 34.786001999910958 ], [ 76.504088000325282, 34.791853999924811 ], [ 76.486487999767959, 34.793518999838959 ], [ 76.482490999810196, 34.7890220001674 ], [ 76.463788999961238, 34.782767999669709 ], [ 76.460972999836159, 34.780097000355788 ], [ 76.457088999856282, 34.77176300015477 ], [ 76.456602999609458, 34.767257000280821 ], [ 76.450725000210312, 34.752560999982194 ], [ 76.434416999813763, 34.750040000261698 ], [ 76.427936999816808, 34.74778399983262 ], [ 76.422572000428616, 34.743164000147814 ], [ 76.40961200043472, 34.741682999839469 ], [ 76.40072800004134, 34.739638000246792 ], [ 76.39180799966293, 34.736351999808029 ], [ 76.38498100023466, 34.735005000227126 ], [ 76.3636780003458, 34.734418999936246 ], [ 76.360067000177409, 34.733496999995637 ], [ 76.354209999796296, 34.72934399994017 ], [ 76.336246000089218, 34.719317999968773 ], [ 76.331361000201753, 34.717600999734508 ], [ 76.322378000074153, 34.716947999806138 ], [ 76.316247999881568, 34.715351999807154 ], [ 76.306709000085263, 34.710909999757732 ], [ 76.303077999825391, 34.707672999783661 ], [ 76.287419999707211, 34.708269000253644 ], [ 76.276495000038807, 34.706674000314429 ], [ 76.269939999698821, 34.703380000005907 ], [ 76.247120000416601, 34.688357999831062 ], [ 76.230187999680965, 34.682369000305002 ], [ 76.223753999714788, 34.682365999697886 ], [ 76.214467999638501, 34.68570900011656 ], [ 76.206031999857075, 34.694146999704621 ], [ 76.196806999880138, 34.696685000215645 ], [ 76.190556000212041, 34.695540000001429 ], [ 76.184244000444579, 34.69249700011801 ], [ 76.167493000357254, 34.689705000009141 ], [ 76.148193000108535, 34.690203999859257 ], [ 76.119804000325274, 34.684248999643572 ], [ 76.099032999815648, 34.687425000325909 ], [ 76.08195299984034, 34.694344000223026 ], [ 76.048907999600161, 34.699630999651276 ], [ 76.034918000284662, 34.704923999845846 ], [ 76.011313999931502, 34.72079300025505 ], [ 75.985419000058087, 34.736387999834307 ], [ 75.971337999607655, 34.736791999873404 ], [ 75.949489999920729, 34.716843000218425 ], [ 75.944148999923684, 34.683519999912996 ], [ 75.924970000048759, 34.634594999703545 ], [ 75.905124000177082, 34.6026779998245 ], [ 75.89189300002154, 34.568751000218505 ], [ 75.888070000141042, 34.561053000208162 ], [ 75.879573000260237, 34.552258000283302 ], [ 75.862822000172898, 34.544059000153744 ], [ 75.849226999969289, 34.543652999778892 ], [ 75.839759000318111, 34.539654999706215 ], [ 75.836603000434394, 34.533456000316505 ], [ 75.8319910003584, 34.528256999780723 ], [ 75.820095000021311, 34.526056999730315 ], [ 75.809413999852097, 34.526257000185282 ], [ 75.795575999974233, 34.513660000334703 ], [ 75.778340000363315, 34.512259000338773 ], [ 75.756004999706363, 34.514858999768386 ], [ 75.729294999698183, 34.514479000011555 ], [ 75.69707299998872, 34.515709999953451 ], [ 75.674014000331866, 34.5145559996621 ], [ 75.557908000314313, 34.514059000328828 ], [ 75.535330999807996, 34.503055999936421 ], [ 75.509354999743735, 34.482647999963291 ], [ 75.498916000322168, 34.469642000274952 ], [ 75.49017699969373, 34.453428000348019 ], [ 75.48653499956319, 34.437009999852457 ], [ 75.481801000186778, 34.420890999899136 ], [ 75.452547999864947, 34.392749000155888 ], [ 75.425055000407355, 34.381531000004053 ], [ 75.383329999988277, 34.367043999907388 ], [ 75.378451999773489, 34.37027399965735 ], [ 75.373380000288265, 34.371500000034665 ], [ 75.375070999758876, 34.374875999700485 ], [ 75.376756000280025, 34.375673999670532 ], [ 75.378784000034528, 34.382055999799555 ], [ 75.377137000046503, 34.387140000050266 ], [ 75.373277000356097, 34.388063999937032 ], [ 75.366974999736058, 34.391029999853927 ], [ 75.366604999840234, 34.397736999740467 ], [ 75.369632999677435, 34.401757999870682 ], [ 75.37276500017002, 34.410858000004346 ], [ 75.372335999824628, 34.412597999695201 ], [ 75.365117999685808, 34.418474999959884 ], [ 75.357378000213458, 34.417997000157818 ], [ 75.353803000030084, 34.424562999852547 ], [ 75.347814000302819, 34.42693799995768 ], [ 75.343151999998113, 34.426809999673665 ], [ 75.335101000181126, 34.42926900003183 ], [ 75.334195999634673, 34.433240000249832 ], [ 75.329700999734541, 34.436231000321051 ], [ 75.32753900008575, 34.439767999797226 ], [ 75.328322000433459, 34.440842000058019 ], [ 75.333167999962882, 34.442952999833949 ], [ 75.332905000197158, 34.447086000344683 ], [ 75.330493000303107, 34.450299000144447 ], [ 75.332603000073348, 34.451930999635344 ], [ 75.33722900039308, 34.451670999805891 ], [ 75.340162999620631, 34.460556000341619 ], [ 75.349053999686717, 34.463456000238715 ], [ 75.35323800014055, 34.468794000292796 ], [ 75.34964899971348, 34.475296999711553 ], [ 75.350241000265498, 34.48013799980918 ], [ 75.344588999923815, 34.485049999967764 ], [ 75.342916999821441, 34.489434999972154 ], [ 75.347328999880929, 34.495562000189665 ], [ 75.347381999584371, 34.50269699978594 ], [ 75.350195000234734, 34.507663999670548 ], [ 75.352930999993902, 34.517589999863638 ], [ 75.354454999958236, 34.519578000258861 ], [ 75.357204999961112, 34.521290999794317 ], [ 75.361849999649095, 34.521950000243301 ], [ 75.366120000316656, 34.521444999755104 ], [ 75.366374999686457, 34.524455999638128 ], [ 75.364180000425677, 34.528985999947913 ], [ 75.36562800740856, 34.533830998260733 ], [ 75.365567999947586, 34.538099999638106 ], [ 75.361112000405498, 34.540167999822643 ], [ 75.361759865388407, 34.542088184950117 ], [ 75.355619999897414, 34.54687399985437 ], [ 75.353532999693357, 34.549789999753919 ], [ 75.352665999680056, 34.553152000322463 ], [ 75.34416399977637, 34.563029999720754 ], [ 75.337903000062553, 34.564741000054021 ], [ 75.333656999684436, 34.568007999968167 ], [ 75.328534999970472, 34.568790000154756 ], [ 75.323655000105873, 34.565754999924906 ], [ 75.319895999799485, 34.564842999646096 ], [ 75.315037999676179, 34.569644999794747 ], [ 75.311807000347684, 34.576855000001345 ], [ 75.306360999870336, 34.578750000324348 ], [ 75.299558999658117, 34.586939999726468 ], [ 75.295170999888086, 34.587307000233189 ], [ 75.289707996997336, 34.589173997991438 ], [ 75.28817000038255, 34.590380999942106 ], [ 75.286371999883514, 34.595432000095663 ], [ 75.277989999630421, 34.594389000189857 ], [ 75.273571999723188, 34.596954999665357 ], [ 75.269117999830925, 34.597923999755778 ], [ 75.265530999951977, 34.602256999668434 ], [ 75.260825999989535, 34.603015000271341 ], [ 75.259456000010985, 34.604157999886695 ], [ 75.257146000224182, 34.603569999654603 ], [ 75.253366999826284, 34.604124999765133 ], [ 75.253258999871235, 34.607501000034347 ], [ 75.256568999740765, 34.610457000161567 ], [ 75.258334999554435, 34.614586999784059 ], [ 75.256640999710783, 34.621512999714859 ], [ 75.254068000158242, 34.628279999878622 ], [ 75.25036300027854, 34.630246000097287 ], [ 75.247533999734628, 34.633499999700071 ], [ 75.241503999999495, 34.637779000097744 ], [ 75.232879999897079, 34.636156000116195 ], [ 75.2301270004195, 34.633076999779064 ], [ 75.225331000220493, 34.634633999775211 ], [ 75.220618999687034, 34.633830999641859 ], [ 75.212721999855873, 34.638118999941206 ], [ 75.208064999574006, 34.638681000321782 ], [ 75.206025000123944, 34.643784999844065 ], [ 75.208503000140254, 34.645631000043622 ], [ 75.209480999583334, 34.647666999825248 ], [ 75.218179000203889, 34.651605000212435 ], [ 75.216396999598373, 34.652691999796801 ], [ 75.210397999825346, 34.653552999987177 ], [ 75.204459000326821, 34.653501999985608 ], [ 75.205600999801405, 34.659446000091755 ], [ 75.207908999938397, 34.665417999788474 ], [ 75.21619400010708, 34.672895999973122 ], [ 75.232068000135357, 34.690815999988324 ], [ 75.258265999957487, 34.697574000151157 ], [ 75.25819200033763, 34.702530000288739 ], [ 75.255659999894661, 34.711335999970196 ], [ 75.254304000159806, 34.721685999938508 ], [ 75.262560999841071, 34.731683999874832 ], [ 75.263570000144625, 34.744581999707108 ], [ 75.250932000366021, 34.749860000192854 ], [ 75.254055999564343, 34.759985999992097 ], [ 75.256250999723449, 34.773886999887381 ], [ 75.239658999644774, 34.801834000275825 ], [ 75.223244999841327, 34.81752399979294 ], [ 75.190618000075915, 34.834931000046936 ], [ 75.172565999606988, 34.842665999949659 ], [ 75.158089000219761, 34.845481000058598 ], [ 75.144233999725159, 34.850284000324443 ], [ 75.141969999969106, 34.874951000284824 ], [ 75.101302000432469, 34.919098000082272 ], [ 75.07164400005469, 34.919204000287628 ], [ 75.064117999944287, 34.905237000195463 ], [ 75.06441099984724, 34.888389000280256 ], [ 75.063623000374989, 34.870807000345074 ], [ 75.065276000210744, 34.857489000066387 ], [ 75.064035000103615, 34.847111000225759 ], [ 75.057119999913496, 34.84234300033328 ], [ 75.043764000084494, 34.843355999654435 ], [ 75.031101000191512, 34.848430000129177 ], [ 75.016344000421824, 34.848250999894837 ], [ 74.979625000264051, 34.823466999924413 ], [ 74.966473999576152, 34.813479000086929 ], [ 74.956738000136355, 34.808129000253295 ], [ 74.95062800003528, 34.801742999735772 ], [ 74.941581000333571, 34.794689000022544 ], [ 74.929818000065879, 34.786967999936934 ], [ 74.918598999771334, 34.78511099985117 ], [ 74.907313000427934, 34.792533000298356 ], [ 74.901455000221929, 34.801647999632223 ], [ 74.898567000126803, 34.809721000085759 ], [ 74.887064999975038, 34.822275000035241 ], [ 74.872153000394633, 34.830186999812284 ], [ 74.861040000405296, 34.828326000306355 ], [ 74.853223999866643, 34.831103999833402 ], [ 74.839693000135469, 34.840743000283894 ], [ 74.830966000100872, 34.839812000227326 ], [ 74.823253000392768, 34.837362999663 ], [ 74.813286000075976, 34.843624000117075 ], [ 74.807569000335278, 34.850483000030337 ], [ 74.798460999635878, 34.852067999950435 ], [ 74.787845999588924, 34.852459999917791 ], [ 74.780384999775862, 34.843163000266287 ], [ 74.776935999989149, 34.840771000194515 ], [ 74.762763000375543, 34.84408399987813 ], [ 74.750169999904458, 34.844985000177452 ], [ 74.740257999839258, 34.848357000105366 ], [ 74.73947899789286, 34.854112994864707 ], [ 74.729441999950851, 34.863249000310198 ], [ 74.720221999996809, 34.864826000297654 ], [ 74.716686000171464, 34.866487000307856 ], [ 74.711503000358164, 34.878575999909899 ], [ 74.711452000304519, 34.880917999891629 ], [ 74.70167099976058, 34.883026000072505 ], [ 74.698221000148976, 34.880722000160517 ], [ 74.684152000292457, 34.878800999867707 ], [ 74.664092000160508, 34.900396999950154 ], [ 74.662528000013182, 34.906770999750428 ], [ 74.646402999914756, 34.903642999864338 ], [ 74.634335999873443, 34.909855999868952 ], [ 74.62008399971883, 34.920630000135802 ], [ 74.60422899995713, 34.924798999694218 ], [ 74.596527000119636, 34.92179500010409 ], [ 74.590316999561111, 34.915840999928584 ], [ 74.577010999960834, 34.913918999847375 ], [ 74.569750000164277, 34.962281999696565 ], [ 74.570531999788798, 34.975630999776136 ], [ 74.576299999583114, 34.986535000220407 ], [ 74.581003999720608, 34.991475000315909 ], [ 74.585015999747, 34.997935999660363 ], [ 74.587778000343761, 35.006360000351471 ], [ 74.585093999564805, 35.018122000264775 ], [ 74.578374000266678, 35.024323000226133 ], [ 74.568832000097331, 35.024712000262262 ], [ 74.560473000308804, 35.026020999883414 ], [ 74.555524999773823, 35.031348000086439 ], [ 74.530730000440528, 35.046175999733371 ], [ 74.529073000406797, 35.051286000134112 ], [ 74.53006599991852, 35.060131999933112 ], [ 74.538854000052439, 35.068564000217805 ], [ 74.539797000233733, 35.074976999953634 ], [ 74.519737999926704, 35.092851999936514 ], [ 74.51224000030372, 35.1035430002037 ], [ 74.49944199979322, 35.115586000153201 ], [ 74.45849999972188, 35.125266000090889 ], [ 74.439940000163162, 35.125942999669853 ], [ 74.438739000238982, 35.130068000207004 ], [ 74.427047000116417, 35.119506000011441 ], [ 74.41528600039689, 35.111736000235069 ], [ 74.410615999696233, 35.101293999666993 ], [ 74.399562000156422, 35.091821999920668 ], [ 74.381975999842822, 35.067819999698166 ], [ 74.375664000075389, 35.065996999880959 ], [ 74.347516000316588, 35.064871000350642 ], [ 74.331234999684199, 35.066924000000569 ], [ 74.305231000030844, 35.067627000233379 ], [ 74.292705999331815, 35.064517002419088 ], [ 74.291546000313858, 35.054674999787807 ], [ 74.288226000398609, 35.047677000325407 ], [ 74.277694000192298, 35.043969999768876 ], [ 74.265172999691245, 35.040857000303909 ], [ 74.255874999919385, 35.044200000216513 ], [ 74.245134000374023, 35.052109999791519 ], [ 74.241406999854675, 35.06005899996989 ], [ 74.24249700034909, 35.072243000085656 ], [ 74.240222999648978, 35.079138999761796 ], [ 74.235225999608474, 35.081387999745544 ], [ 74.226978999972928, 35.074296000310113 ], [ 74.223489000178375, 35.073599999961381 ], [ 74.219932000436671, 35.075334999677473 ], [ 74.21754700030678, 35.082227999732204 ], [ 74.220221000141649, 35.088584999767562 ], [ 74.215142999910341, 35.093715000233196 ], [ 74.19131099995154, 35.090921999825397 ], [ 74.156105999712366, 35.090877000037665 ], [ 74.144667000208102, 35.095790999796705 ], [ 74.133744909284601, 35.104646792669996 ], [ 74.133671866370548, 35.110048023628032 ], [ 74.131019302134987, 35.113763939199373 ], [ 74.12793511716832, 35.116119261623581 ], [ 74.119018012060053, 35.118381727386151 ], [ 74.11098562443749, 35.125296909380125 ], [ 74.105860950438952, 35.125722497412248 ], [ 74.107074621998493, 35.130268296458617 ], [ 74.111252942404789, 35.133937891317828 ], [ 74.113644421184517, 35.137691621751195 ], [ 74.113987972881759, 35.144211575915755 ], [ 74.113344366811617, 35.147832184140576 ], [ 74.112272117027217, 35.148527133563618 ], [ 74.109840049668051, 35.149009976778544 ], [ 74.106628777343218, 35.147964491803371 ], [ 74.095814035096183, 35.140740513044435 ], [ 74.091055441643903, 35.141608539091166 ], [ 74.085173216569643, 35.148881031223837 ], [ 74.080059793071698, 35.149489104180766 ], [ 74.072133721961293, 35.153174476621018 ], [ 74.069605804361274, 35.152280206665012 ], [ 74.066223093954363, 35.148756272943899 ], [ 74.063414694474872, 35.147046508988176 ], [ 74.051161562608414, 35.1465142051199 ], [ 74.04645294962188, 35.148114660633503 ], [ 74.044102944262221, 35.149789136258143 ], [ 74.033813990442567, 35.146862275664027 ], [ 74.030755513462708, 35.148017140978006 ], [ 74.025361245165939, 35.152686449912004 ], [ 74.016558866597578, 35.163220856305763 ], [ 74.013413085948514, 35.164747512227862 ], [ 74.006343604275614, 35.166271735937706 ], [ 74.004761959419469, 35.167725729166534 ], [ 74.004982776096085, 35.177472836589189 ], [ 74.004148697541325, 35.181653675968477 ], [ 74.002828059089296, 35.1836478240294 ], [ 74.001269646463058, 35.18381197002865 ], [ 73.999629386534622, 35.182783245028453 ], [ 74.000299544109652, 35.179986335909142 ], [ 73.99300318752185, 35.179935990896645 ], [ 73.983099804096852, 35.181347778982193 ], [ 73.977702664784417, 35.180641899752345 ], [ 73.96946967796903, 35.175865759856855 ], [ 73.962357685321919, 35.170464790336197 ], [ 73.956844710948559, 35.168044983698103 ], [ 73.954296381828669, 35.171598806186744 ], [ 73.951741378226217, 35.172797038362617 ], [ 73.941701041246247, 35.186458003660135 ], [ 73.924549054775682, 35.20389702522678 ], [ 73.915208853050075, 35.208024079000658 ], [ 73.896968145286039, 35.211691558696998 ], [ 73.884081291512501, 35.210055898574531 ], [ 73.866234574052299, 35.206176007010953 ], [ 73.861189170089347, 35.207144144510309 ], [ 73.85671680503944, 35.209936650807315 ], [ 73.852784316695477, 35.214061612702956 ], [ 73.848340731870607, 35.221786892354672 ], [ 73.845374253155626, 35.224634421053835 ], [ 73.83480645418696, 35.226220086766972 ], [ 73.828449303296694, 35.230083048116065 ], [ 73.808327853907755, 35.239496406207046 ], [ 73.804430172586081, 35.239670714728668 ], [ 73.799085334986117, 35.238429294676656 ], [ 73.770508421120169, 35.236001944483277 ], [ 73.766424172290471, 35.233346287596675 ], [ 73.756567144629074, 35.222928635606131 ], [ 73.741154743011236, 35.214853098824939 ], [ 73.733525178826667, 35.208529230466091 ], [ 73.729393486373496, 35.209698517326785 ], [ 73.720233592695109, 35.214419895818708 ], [ 73.707984097208893, 35.222483589523449 ], [ 73.719062679146447, 35.242472151747442 ], [ 73.724975015749024, 35.273048513146961 ], [ 73.706581564742322, 35.300006565814343 ], [ 73.698514273977679, 35.310104472565129 ], [ 73.694842554882598, 35.318405774019233 ], [ 73.695140854845732, 35.33220647420633 ], [ 73.692892142619186, 35.350805225480165 ], [ 73.693904134312632, 35.359394244998946 ], [ 73.695438990417173, 35.369070274444759 ], [ 73.698282986538104, 35.375728918477407 ], [ 73.71053970807246, 35.38814108508808 ], [ 73.714863145923033, 35.394364371095044 ], [ 73.727023094646782, 35.418988669339761 ], [ 73.739586900769424, 35.429041265141677 ], [ 73.752401516519399, 35.435998431403483 ], [ 73.779559436291208, 35.447868013312998 ], [ 73.792038580689933, 35.454219665215675 ], [ 73.788552661941679, 35.46300750453338 ], [ 73.785417084357618, 35.477082475609379 ], [ 73.783843134470246, 35.48516834547511 ], [ 73.781278464097014, 35.512412575492974 ], [ 73.780300407161761, 35.518128580097994 ], [ 73.778504942606745, 35.522894258887817 ], [ 73.736436023977788, 35.527712647793969 ], [ 73.729614153929774, 35.529492534467245 ], [ 73.726901825676677, 35.531831381093774 ], [ 73.725290822080424, 35.534861649962686 ], [ 73.724360513297484, 35.543657583002378 ], [ 73.721255910522729, 35.54921952409034 ], [ 73.714144390389464, 35.548914937097976 ], [ 73.690986389201811, 35.545489030124131 ], [ 73.673430373754087, 35.544651406119684 ], [ 73.658838454689175, 35.547628563824802 ], [ 73.651816306146912, 35.551015862671932 ], [ 73.637954380539796, 35.562960038975156 ], [ 73.628388404335539, 35.569045232805038 ], [ 73.6221229426897, 35.567835950713167 ], [ 73.60927550878742, 35.55815538565686 ], [ 73.601720280192623, 35.555644336514028 ], [ 73.586673718372552, 35.553947337472614 ], [ 73.561597222961822, 35.546388670411034 ], [ 73.556798287966771, 35.546839943099201 ], [ 73.550247151280814, 35.550571427403007 ], [ 73.536734927237376, 35.563475743993997 ], [ 73.53310559335236, 35.565725849525592 ], [ 73.527924250032385, 35.567301883017031 ], [ 73.522119594482916, 35.566191620643991 ], [ 73.50726239393147, 35.557942843144566 ], [ 73.501505252073997, 35.557569449411645 ], [ 73.495918954512192, 35.559901075636461 ], [ 73.484873907582497, 35.568996717747787 ], [ 73.481092500597967, 35.571251693885699 ], [ 73.477360805482945, 35.571901673350617 ], [ 73.438713197868651, 35.564395994816039 ], [ 73.424555962789981, 35.562396711154165 ], [ 73.402668682470619, 35.557387680472722 ], [ 73.398123550289426, 35.557082802955001 ], [ 73.393928941630406, 35.562434517214761 ], [ 73.391840902973883, 35.56769894678304 ], [ 73.373234067951188, 35.588932241238368 ], [ 73.363482100058903, 35.597223670862327 ], [ 73.360682084555975, 35.598325022729625 ], [ 73.341576168019316, 35.601820971456519 ], [ 73.327354903722124, 35.606224159353424 ], [ 73.299729986665071, 35.611170906610234 ], [ 73.288652645300914, 35.615195390377558 ], [ 73.268677924035515, 35.624386074845475 ], [ 73.259893952845644, 35.628931670431612 ], [ 73.249598395510333, 35.638468197249409 ], [ 73.239838980584338, 35.644407447403196 ], [ 73.231184637188306, 35.651164455037176 ], [ 73.212615726341966, 35.668917687086427 ], [ 73.194322711475564, 35.673714364191198 ], [ 73.183930713706289, 35.679304275487183 ], [ 73.162398991067988, 35.693222551080552 ], [ 73.158562582035245, 35.697318320219921 ], [ 73.15766790582633, 35.70006526570095 ], [ 73.153604903949699, 35.700348897303073 ], [ 73.13795948833031, 35.706634925708791 ], [ 73.132915165040657, 35.710777313906945 ], [ 73.128108229649655, 35.716389161436709 ], [ 73.126416507035245, 35.721015826210007 ], [ 73.127304196147861, 35.751423257084483 ], [ 73.12566254922065, 35.756910444477143 ], [ 73.126500453700245, 35.77622682964077 ], [ 73.127943177690952, 35.785290131482007 ], [ 73.133459041944576, 35.80183434526824 ], [ 73.137209183963961, 35.819186858889033 ], [ 73.141189151863941, 35.82506907659252 ], [ 73.147914249999644, 35.828748162163912 ], [ 73.148664071970657, 35.831183366432136 ], [ 73.147300161671424, 35.833701736438798 ], [ 73.140760842322976, 35.838272039991068 ], [ 73.120287918095997, 35.847824276406719 ], [ 73.105873326468199, 35.857506499775255 ], [ 73.096044017223207, 35.865406505336516 ], [ 73.089960472507229, 35.872667129990262 ], [ 73.083882809959761, 35.87746264562405 ], [ 73.074257807254781, 35.878575422095807 ], [ 73.068150431132636, 35.87770298975547 ], [ 73.058038892784964, 35.862690991669922 ], [ 73.034878100531728, 35.849659508080329 ], [ 73.028824380781501, 35.847058073866023 ], [ 73.02426542801966, 35.846740283439622 ], [ 73.012304934035058, 35.849293776521158 ], [ 73.006290489527373, 35.852604612902518 ], [ 73.000228454072584, 35.85777084963545 ], [ 72.994381416906293, 35.859532117677176 ], [ 72.987077774083232, 35.859810612465864 ], [ 72.97764333279612, 35.857432068378237 ], [ 72.973304606517743, 35.854215156738469 ], [ 72.958266306503347, 35.847216853916876 ], [ 72.929585420728102, 35.840248397903572 ], [ 72.918442279566008, 35.839057314621442 ], [ 72.898366326252955, 35.840776610309732 ], [ 72.892447502017362, 35.844540859666004 ], [ 72.889327695256441, 35.848844406653576 ], [ 72.889043491656736, 35.854330227460217 ], [ 72.893566598943806, 35.871391775789881 ], [ 72.891126881531648, 35.873737395223799 ], [ 72.88271852111491, 35.875500554746225 ], [ 72.872783221446198, 35.874743527793569 ], [ 72.855165443229424, 35.871050320797295 ], [ 72.843283486255189, 35.867303715175218 ], [ 72.839317032610325, 35.867128353502501 ], [ 72.832604112934945, 35.870918971403853 ], [ 72.819157672519751, 35.881720315779745 ], [ 72.815702670190333, 35.880076171118873 ], [ 72.8140439067637, 35.875145392884683 ], [ 72.812539429885433, 35.865861172072556 ], [ 72.808207831738827, 35.859096158976513 ], [ 72.803434383745014, 35.85862731246106 ], [ 72.796596133816109, 35.860166308278309 ], [ 72.791804936010621, 35.859375633790812 ], [ 72.789140972154087, 35.857701833807916 ], [ 72.78742865745842, 35.855349063206681 ], [ 72.786521825247092, 35.842499918260131 ], [ 72.784288671841267, 35.841454370503094 ], [ 72.779407484403848, 35.842598915674031 ], [ 72.775191841692447, 35.84146457710284 ], [ 72.764846545538177, 35.833146072222242 ], [ 72.761438596963316, 35.832303948141991 ], [ 72.742936508197701, 35.844730957255059 ], [ 72.736150923799016, 35.847231071195445 ], [ 72.72657914357967, 35.853051952621684 ], [ 72.723368187461816, 35.852201728460479 ], [ 72.699868744719481, 35.830987344375956 ], [ 72.687395929850268, 35.823383440417629 ], [ 72.684383792464359, 35.822525159874637 ], [ 72.677923633557114, 35.823722463267565 ], [ 72.649672078707269, 35.838899553056251 ], [ 72.635753062468922, 35.852274929163087 ], [ 72.628139648196523, 35.857857932214351 ], [ 72.625169745103676, 35.857801892686645 ], [ 72.619994509429361, 35.853476198120561 ], [ 72.618801476663464, 35.853357287609015 ], [ 72.616689810518324, 35.85455890494125 ], [ 72.61148683307141, 35.860860911784734 ], [ 72.609941557407893, 35.861559401231624 ], [ 72.604610888934914, 35.861747024964686 ], [ 72.585100919166592, 35.85937260875928 ], [ 72.580024910500242, 35.86438069575501 ], [ 72.574181432459113, 35.873601623831476 ], [ 72.57047514798856, 35.882103526674754 ], [ 72.565422351789167, 35.88759304474975 ], [ 72.560569504402295, 35.889372212480687 ], [ 72.559525050289466, 35.895848799190098 ], [ 72.558235392934947, 35.897664742464386 ], [ 72.556466175355922, 35.897887313988598 ], [ 72.551023490560297, 35.895983514381655 ], [ 72.546472213902533, 35.895980594810268 ], [ 72.543030240737991, 35.894490006373651 ], [ 72.539533920397091, 35.895738275829537 ], [ 72.536869619672345, 35.897762641295039 ], [ 72.534486776397443, 35.901387219282753 ], [ 72.531607852879972, 35.90309688099596 ], [ 72.523723296512102, 35.903691449301647 ], [ 72.518473617450212, 35.905482669223716 ], [ 72.516833163485671, 35.911979230690697 ], [ 72.515026696365084, 35.926692259363435 ], [ 72.516892165731846, 35.93210179920267 ], [ 72.513650146769805, 35.934467447256957 ], [ 72.512762544793731, 35.936429948801702 ], [ 72.513077327045693, 35.938673015597928 ], [ 72.526354192484717, 35.950289526243097 ], [ 72.531476024213688, 35.949790537773339 ], [ 72.534886349730783, 35.950638523814092 ], [ 72.535357339129163, 35.952071154346278 ], [ 72.534449024697636, 35.957415303120598 ], [ 72.535828474952993, 35.961070355453607 ], [ 72.542411067945267, 35.969535841754272 ], [ 72.542457771356894, 35.974202891979218 ], [ 72.538672681279706, 35.985120108240942 ], [ 72.53932479798884, 35.986224430193268 ], [ 72.548827416016124, 35.982353379713814 ], [ 72.559963801847246, 35.986957113090412 ], [ 72.562257253768209, 35.989131139917845 ], [ 72.559322058883012, 35.993579854646143 ], [ 72.567288025073481, 35.998132182643388 ], [ 72.567766709440633, 36.00284473025026 ], [ 72.568905743576465, 36.0056905165575 ], [ 72.571115003592396, 36.008367006364445 ], [ 72.580857017252995, 36.013302399415451 ], [ 72.583525296616145, 36.017073965036374 ], [ 72.581634671726448, 36.021725987052257 ], [ 72.58459509310147, 36.02507964439171 ], [ 72.579395460082367, 36.035828437151459 ], [ 72.573876163366009, 36.03924907174838 ], [ 72.568759323575065, 36.044622776548437 ], [ 72.5643516911245, 36.047230226688086 ], [ 72.558332166643893, 36.046111472928445 ], [ 72.535740044796412, 36.047291272867497 ], [ 72.525917719054462, 36.059774583843371 ], [ 72.516680471446946, 36.067334856137393 ], [ 72.520122707817876, 36.086310320514734 ], [ 72.520811778522855, 36.098306281205438 ], [ 72.527615122614719, 36.110223234716194 ], [ 72.534146159496217, 36.116657912815398 ], [ 72.540377359397155, 36.127694146423316 ], [ 72.547807375417747, 36.130064414220932 ], [ 72.559128877079473, 36.137386819132089 ], [ 72.561704949768625, 36.139890004179819 ], [ 72.561228359374397, 36.143971393065407 ], [ 72.553463720012132, 36.14671476743095 ], [ 72.550719751298104, 36.150015127058033 ], [ 72.55025384726251, 36.153925892633559 ], [ 72.551246738976388, 36.161317141241504 ], [ 72.549132849500907, 36.164644328384661 ], [ 72.545547645354233, 36.167908283224115 ], [ 72.535921305956137, 36.173304980555606 ], [ 72.535776431955313, 36.175520293356229 ], [ 72.540177722299958, 36.179127147314553 ], [ 72.544522319967029, 36.186832509651985 ], [ 72.5456474248261, 36.195424576140127 ], [ 72.549132177561091, 36.196941078391475 ], [ 72.5505036265222, 36.198537740325641 ], [ 72.547314370108325, 36.205406496773897 ], [ 72.557503113264815, 36.214044688483433 ], [ 72.56486210398748, 36.214359800323336 ], [ 72.573946143923294, 36.223803593075566 ], [ 72.573525105346235, 36.227031734859679 ], [ 72.572373845139381, 36.228520154294458 ], [ 72.572207417859957, 36.23107573514902 ], [ 72.573269462782676, 36.23419632766619 ], [ 72.572737414894419, 36.23912799121964 ], [ 72.576943105170798, 36.242553615158528 ], [ 72.577717449352463, 36.246857573972157 ], [ 72.58071676508429, 36.252623084820492 ], [ 72.584657459538377, 36.256891120620494 ], [ 72.587690699248654, 36.258899575909275 ], [ 72.594211295909915, 36.259177507616229 ], [ 72.598672953041657, 36.261929880966733 ], [ 72.605116402386315, 36.263399854679456 ], [ 72.611682653226964, 36.269486860882004 ], [ 72.623960896598888, 36.268812526250692 ], [ 72.644460530434245, 36.258407115994643 ], [ 72.654535167786662, 36.259174778241182 ], [ 72.66219539237018, 36.258131747251497 ], [ 72.66509428004656, 36.255691778219813 ], [ 72.670230094052954, 36.254541846816117 ], [ 72.680018434731068, 36.243338180789081 ], [ 72.681944111883141, 36.242906787892117 ], [ 72.684833940948181, 36.243882596732142 ], [ 72.683432554731908, 36.249290082507351 ], [ 72.678247397165279, 36.257783698697551 ], [ 72.674165633075631, 36.262223821859521 ], [ 72.67450972106711, 36.263434038100982 ], [ 72.677345298177173, 36.265261657424901 ], [ 72.680560501529698, 36.271033863753679 ], [ 72.685431830855208, 36.270726451667819 ], [ 72.688975363054197, 36.271387931112997 ], [ 72.69264195276898, 36.273420973297362 ], [ 72.707556951824117, 36.274388817058743 ], [ 72.711234860311521, 36.276251094321935 ], [ 72.713407517572847, 36.27856260835577 ], [ 72.714067478371049, 36.284739087267617 ], [ 72.71974825624288, 36.284977019478859 ], [ 72.721126862081832, 36.289817022389393 ], [ 72.726554015006215, 36.290727275033113 ], [ 72.729859357110996, 36.295135278876636 ], [ 72.731136734495564, 36.298262873234663 ], [ 72.739445239083636, 36.30031778750223 ], [ 72.748250786010033, 36.30119751031576 ], [ 72.751893134686881, 36.300324630511177 ], [ 72.75651789083993, 36.297272372452454 ], [ 72.759177662259034, 36.298578630915095 ], [ 72.760941671406044, 36.300701482313229 ], [ 72.760903234291661, 36.304627885349689 ], [ 72.765937142513906, 36.308423694078805 ], [ 72.770324102933131, 36.309118419503832 ], [ 72.773901352498001, 36.315927283878295 ], [ 72.778245467769764, 36.317303079705795 ], [ 72.788871860251149, 36.326111485456146 ], [ 72.794047704983257, 36.327692039190296 ], [ 72.799941273982938, 36.327936028896602 ], [ 72.803347371129959, 36.330809124580341 ], [ 72.804962093751499, 36.335315621705327 ], [ 72.806032979893246, 36.345092829703027 ], [ 72.808614612255667, 36.351004942676774 ], [ 72.816081899377423, 36.35643561507873 ], [ 72.835126414267805, 36.365757425229575 ], [ 72.840094140009768, 36.367327681149455 ], [ 72.848213134208933, 36.365783378904943 ], [ 72.853666293360789, 36.366348794923283 ], [ 72.850965221896487, 36.372384154960997 ], [ 72.858606835183963, 36.375087952478232 ], [ 72.86406827590443, 36.378897079736447 ], [ 72.874115292756812, 36.390405186944747 ], [ 72.875544360558578, 36.394560737570544 ], [ 72.871801318823202, 36.400382350871993 ], [ 72.870089572761088, 36.407481835956325 ], [ 72.870665462028498, 36.411772897286831 ], [ 72.875833135684744, 36.416934513516644 ], [ 72.874609277229851, 36.419615544919857 ], [ 72.867715981235321, 36.425136928377597 ], [ 72.859154914406801, 36.433661903595684 ], [ 72.859669429875652, 36.435560495329185 ], [ 72.863776412370299, 36.437435562270352 ], [ 72.873382971764144, 36.439194176295473 ], [ 72.886580166518911, 36.444341678464106 ], [ 72.894172290719055, 36.45130758693891 ], [ 72.90084981587394, 36.456017046649443 ], [ 72.904609416254956, 36.460095387582527 ], [ 72.908149495329965, 36.460922109858764 ], [ 72.918657200599412, 36.455034858349833 ], [ 72.923609893035135, 36.453529382850327 ], [ 72.928593253056363, 36.454926303016393 ], [ 72.946061503999118, 36.46621499245996 ], [ 72.949707933722337, 36.461925476553326 ], [ 72.955577294023414, 36.459261611427692 ], [ 72.963448409798005, 36.458384954329162 ], [ 72.973447426071516, 36.453839219640912 ], [ 72.979358979343161, 36.457319995151082 ], [ 72.982468189577034, 36.46171163182256 ], [ 72.982648088890755, 36.465643913031194 ], [ 72.987917759061006, 36.469268996360398 ], [ 72.98748654975833, 36.472835263850428 ], [ 72.982302081199506, 36.474674390679269 ], [ 72.974766961392334, 36.473517661543362 ], [ 72.974229731123202, 36.475373122494503 ], [ 72.97474849831832, 36.494334962230774 ], [ 72.978891588595786, 36.49910884881578 ], [ 72.982760486997407, 36.501482731912454 ], [ 72.978798068584808, 36.507465732000227 ], [ 72.977913208267026, 36.511525012153413 ], [ 72.990289728229385, 36.513046578594796 ], [ 72.994992234468583, 36.515624137280625 ], [ 72.999157919172092, 36.520056728466905 ], [ 73.000167167410652, 36.518093974224165 ], [ 73.01767142103337, 36.525029875964066 ], [ 73.025322275290151, 36.526226544383128 ], [ 73.03927721066519, 36.530346273608373 ], [ 73.044774554352614, 36.530676848959345 ], [ 73.051945348023253, 36.53296636679994 ], [ 73.053665036090777, 36.540938485115511 ], [ 73.052258509714463, 36.54589169718578 ], [ 73.052501601915182, 36.548684226895553 ], [ 73.058544489779706, 36.558163512465001 ], [ 73.061946732255848, 36.561192801550234 ], [ 73.074724862032255, 36.566597731618813 ], [ 73.07801720731149, 36.569177002607063 ], [ 73.079500340218601, 36.585596719128986 ], [ 73.093951414226737, 36.599857715868367 ], [ 73.097166826886735, 36.605994291371807 ], [ 73.097894452385404, 36.609917972138881 ], [ 73.096294610356551, 36.613527033536165 ], [ 73.091480015929477, 36.617787854230322 ], [ 73.081323560919259, 36.623617400050485 ], [ 73.074105711697428, 36.628783866756159 ], [ 73.076149017846021, 36.633760888687988 ], [ 73.079845343593377, 36.638803258088608 ], [ 73.078021190441461, 36.652861801586454 ], [ 73.08030704531005, 36.665190913153914 ], [ 73.080429205408905, 36.669979745021472 ], [ 73.071674625298513, 36.677643151693225 ], [ 73.070712302355432, 36.679830020221182 ], [ 73.070307559217667, 36.688713825562154 ], [ 73.067645653401456, 36.700622562964796 ], [ 73.084493923966079, 36.689386825422432 ], [ 73.095220784927164, 36.683358551088268 ], [ 73.105840360093879, 36.68589137288226 ], [ 73.116440820009686, 36.68419542814302 ], [ 73.119391474002597, 36.685646541437471 ], [ 73.123020913888851, 36.689571667616434 ], [ 73.128593332479497, 36.69335053424971 ], [ 73.138088735238441, 36.698506782718795 ], [ 73.162544342074199, 36.707585019358945 ], [ 73.164175458949671, 36.710318373732449 ], [ 73.167880809172331, 36.713021494360355 ], [ 73.170552073637182, 36.719132199231545 ], [ 73.170671413026056, 36.724030819059237 ], [ 73.17504308950906, 36.717972779458144 ], [ 73.182282036563663, 36.712471218733505 ], [ 73.186557038152429, 36.710301985983151 ], [ 73.185498950308499, 36.70492159655528 ], [ 73.186690459531675, 36.701186049025473 ], [ 73.192285248867876, 36.697733174246885 ], [ 73.201396207719483, 36.69552922315475 ], [ 73.209547032822371, 36.695512261782696 ], [ 73.219770123063711, 36.69780002162215 ], [ 73.228804918253971, 36.70148717703109 ], [ 73.234826784642522, 36.707059410617184 ], [ 73.238014310901178, 36.711520655069414 ], [ 73.246116416772949, 36.705382423112326 ], [ 73.255561190482425, 36.704523415006584 ], [ 73.266790361502643, 36.706179692766995 ], [ 73.285719019772515, 36.703793068282167 ], [ 73.294119819069522, 36.704226662634959 ], [ 73.303945018522086, 36.706271609045849 ], [ 73.31079162098645, 36.714319490502398 ], [ 73.344614733840899, 36.714720100628988 ], [ 73.347831756281877, 36.716399609187441 ], [ 73.348817300675023, 36.718439080961396 ], [ 73.348333227314512, 36.721979721636743 ], [ 73.35211077423827, 36.728240317134251 ], [ 73.351575847249507, 36.735004084568388 ], [ 73.358258472140236, 36.734145797144123 ], [ 73.366968524558658, 36.73169593563351 ], [ 73.373775725118065, 36.731064205516653 ], [ 73.384169100902952, 36.732903362568869 ], [ 73.389877882855444, 36.729782768646359 ], [ 73.39442085638504, 36.730065593216501 ], [ 73.398946601125772, 36.733016757180856 ], [ 73.403293729346998, 36.734292857261508 ], [ 73.410174227942008, 36.734774598462835 ], [ 73.416443839804472, 36.741015955553237 ], [ 73.421442212470708, 36.742983287339861 ], [ 73.425315710246579, 36.742906477028413 ], [ 73.42597771111879, 36.736258864676387 ], [ 73.427956654773951, 36.733108116517499 ], [ 73.433882109474666, 36.730995185450233 ], [ 73.446713334175911, 36.728918463608842 ], [ 73.458659610524478, 36.73259071694789 ], [ 73.461971886724967, 36.735049941247802 ], [ 73.466405838016712, 36.732435357663988 ], [ 73.468566220698008, 36.728512439122937 ], [ 73.479100168451822, 36.72312237550117 ], [ 73.47931084314888, 36.719460136224434 ], [ 73.487452995017719, 36.717205524382194 ], [ 73.49132789955533, 36.714680556533125 ], [ 73.497632919413036, 36.713135595966918 ], [ 73.499938128484445, 36.713888592325368 ], [ 73.504207292820482, 36.718940725708677 ], [ 73.509838309415414, 36.721930117974566 ], [ 73.512476659608254, 36.721694353612669 ], [ 73.515137684177176, 36.716232293091515 ], [ 73.5198978389014, 36.710291771363885 ], [ 73.524898259726513, 36.709809667731399 ], [ 73.534202021292586, 36.711377285272263 ], [ 73.549820739880062, 36.716069005572521 ], [ 73.554334929591292, 36.709562449510983 ], [ 73.579301674230493, 36.722380698637593 ], [ 73.585557183441281, 36.709487000711512 ], [ 73.586542056792922, 36.699402179710866 ], [ 73.58999458516206, 36.69452375623635 ], [ 73.592713661559571, 36.692843829340347 ], [ 73.606822189983575, 36.694917382580265 ], [ 73.612573227788687, 36.693347991556713 ], [ 73.615598838107232, 36.691122789624224 ], [ 73.621581506508363, 36.690340119916165 ], [ 73.625252848311021, 36.691363806064352 ], [ 73.634814969844413, 36.698163040842928 ], [ 73.638003843575973, 36.697945428453821 ], [ 73.648357983644246, 36.69309443854403 ], [ 73.663248382335297, 36.691076594816288 ], [ 73.67658956804695, 36.687110658091868 ], [ 73.683110525830983, 36.6865678098507 ], [ 73.689269306248605, 36.687568781284305 ], [ 73.692221172967194, 36.689121201422495 ], [ 73.692782673020361, 36.693923982841461 ], [ 73.6949797572709, 36.6991192969761 ], [ 73.699857762875567, 36.703298906349033 ], [ 73.703618766425052, 36.705213800351103 ], [ 73.709853612587708, 36.712333347475813 ], [ 73.71720913940662, 36.711708041581964 ], [ 73.727067130960336, 36.713285199467087 ], [ 73.73670507928685, 36.708848547378921 ], [ 73.740840636292347, 36.708996602233853 ], [ 73.748958467173182, 36.707062706166113 ], [ 73.756733095801408, 36.706339513433377 ], [ 73.774783928460451, 36.702089623244483 ], [ 73.779853254559384, 36.710388435714201 ], [ 73.784459148786397, 36.714555678601656 ], [ 73.795551170418932, 36.718841695884926 ], [ 73.812487525288731, 36.714771002982893 ], [ 73.820539282385454, 36.711497040256077 ], [ 73.840315152579564, 36.705966973007861 ], [ 73.848659245724264, 36.702368306218851 ], [ 73.857361773853853, 36.70234056170159 ], [ 73.866975447904764, 36.700787391491779 ], [ 73.871776122936538, 36.701400528585168 ], [ 73.876708689516619, 36.704687176469399 ], [ 73.878650641446697, 36.707090528918819 ], [ 73.878638684870268, 36.70987028462693 ], [ 73.873639441736529, 36.720593228528671 ], [ 73.875437728798147, 36.723102614258707 ], [ 73.885293275137627, 36.729896875594754 ], [ 73.883051327225147, 36.733043178894768 ], [ 73.882883615354871, 36.736150754661757 ], [ 73.88410083436149, 36.739195511043306 ], [ 73.882218666211884, 36.748469660023552 ], [ 73.875617016359186, 36.758134252591439 ], [ 73.86798889037739, 36.766316942022982 ], [ 73.853228560552907, 36.776027560267302 ], [ 73.840106506278417, 36.793687277995517 ], [ 73.836986872892339, 36.795133837443956 ], [ 73.831588273817559, 36.795277232801837 ], [ 73.819576216535694, 36.78996222749717 ], [ 73.814790251416682, 36.789015025510452 ], [ 73.806397832502981, 36.790830572804921 ], [ 73.801513070669031, 36.794215121455537 ], [ 73.800405929420691, 36.799289614372427 ], [ 73.79636059021918, 36.802481300697856 ], [ 73.795914454509727, 36.805578082629687 ], [ 73.797940404308733, 36.816543558919328 ], [ 73.797573268242033, 36.818197917737614 ], [ 73.794200762696747, 36.819190022973878 ], [ 73.78812928235503, 36.818974795284134 ], [ 73.773967729973066, 36.815026050199727 ], [ 73.758835975524718, 36.816154865358307 ], [ 73.754399384084365, 36.818886837604097 ], [ 73.749092096063279, 36.827367692427039 ], [ 73.747273632840347, 36.827747406368189 ], [ 73.738659623800544, 36.825994695396297 ], [ 73.736632458580956, 36.830146083077558 ], [ 73.732023204654752, 36.830981596077535 ], [ 73.725297393256724, 36.835075746990547 ], [ 73.719835201544683, 36.836324982657423 ], [ 73.711785304858907, 36.834368942852791 ], [ 73.705509598825586, 36.837811560937254 ], [ 73.706966798268766, 36.846422345683557 ], [ 73.706187224095501, 36.857953284478185 ], [ 73.689423240657391, 36.865908131586984 ], [ 73.687261700047685, 36.869942342585389 ], [ 73.682501822004568, 36.873438288753533 ], [ 73.667007455405255, 36.880880696054625 ], [ 73.665510301593173, 36.885382932497976 ], [ 73.665288125765514, 36.891820294218626 ], [ 73.667715744667433, 36.900353396009429 ], [ 73.671358632333465, 36.904485259995468 ], [ 73.671093305032826, 36.911698335870256 ], [ 73.690045452450732, 36.914270263108911 ], [ 73.697239022905407, 36.91430672643402 ], [ 73.703451298896525, 36.91208538014093 ], [ 73.720550119475348, 36.900697901115912 ], [ 73.728725089496464, 36.897990252596813 ], [ 73.733514942523996, 36.898939354886807 ], [ 73.744862623788066, 36.90890062914653 ], [ 73.751322494336094, 36.909686513815124 ], [ 73.755857949865089, 36.90773689847861 ], [ 73.758760621245429, 36.905284582492747 ], [ 73.765545480703707, 36.905192601663678 ], [ 73.770194335062556, 36.901187715651901 ], [ 73.773581252279982, 36.896300009462458 ], [ 73.786931437314124, 36.900154007622952 ], [ 73.794102125881906, 36.900157557795048 ], [ 73.796849903452767, 36.898376805354836 ], [ 73.799606423427932, 36.893591477856553 ], [ 73.800719916663624, 36.887495871453254 ], [ 73.810168643858702, 36.888580973284931 ], [ 73.820442789849238, 36.903091027519785 ], [ 73.838411819223566, 36.899466706420888 ], [ 73.859261154622587, 36.897318610143643 ], [ 73.870497397180728, 36.894206236029724 ], [ 73.88259161887008, 36.88098161618025 ], [ 73.893020413430023, 36.875460526045487 ], [ 73.896070875640902, 36.8766936514726 ], [ 73.906752134524922, 36.88382635558343 ], [ 73.914902264331786, 36.88298262311887 ], [ 73.921028782654332, 36.879188646993704 ], [ 73.932994870448198, 36.868209306313538 ], [ 73.9412692103094, 36.862109713665888 ], [ 73.947037216391934, 36.850413430890825 ], [ 73.950557133678714, 36.845776582214114 ], [ 73.957229095567044, 36.843377130380318 ], [ 73.961499254338094, 36.839266719240911 ], [ 73.968481616496405, 36.836877490977137 ], [ 73.981956356538007, 36.829576735318355 ], [ 73.99542147472458, 36.834171320581717 ], [ 74.008376778326166, 36.833773854979846 ], [ 74.027779863847002, 36.826112086265667 ], [ 74.031498920564289, 36.823616960676333 ], [ 74.039692226996991, 36.815112451723529 ], [ 74.046521447958966, 36.810821760125492 ], [ 74.068682527590369, 36.831303407792149 ], [ 74.079785986573086, 36.838823187164259 ], [ 74.085516779944982, 36.841507319140447 ], [ 74.088826870544338, 36.842143352229307 ], [ 74.102835550326162, 36.839338351540462 ], [ 74.113625053506979, 36.835703126795671 ], [ 74.116314558263653, 36.835727927791929 ], [ 74.133459049191515, 36.847903451263981 ], [ 74.135300927900616, 36.850127863619605 ], [ 74.136997472671482, 36.863029676027438 ], [ 74.139884986778029, 36.871842103041949 ], [ 74.142634379519762, 36.886481512454942 ], [ 74.144199062386718, 36.890924062125926 ], [ 74.155750258775001, 36.910507680438393 ], [ 74.169355632723537, 36.909322547242908 ], [ 74.196506676790108, 36.904916008429083 ], [ 74.221095243271122, 36.902714072722915 ], [ 74.225882673542344, 36.90162687522745 ], [ 74.241792151634442, 36.895204704521007 ], [ 74.248970822631804, 36.893605663959711 ], [ 74.263995215827322, 36.901370724258001 ], [ 74.272587601519916, 36.904075818409723 ], [ 74.282608948114742, 36.909185702344288 ], [ 74.314821334054045, 36.927332227814738 ], [ 74.329130216430812, 36.938146019196537 ], [ 74.330149512325789, 36.940602776855791 ], [ 74.336437938503551, 36.947029052652759 ], [ 74.346866004529815, 36.957191003415147 ], [ 74.350803221605403, 36.960068899047194 ], [ 74.36562828133431, 36.967226568884534 ], [ 74.375688849272763, 36.973378630725293 ], [ 74.381045249987068, 36.974008664360873 ], [ 74.388664006540424, 36.973466416998221 ], [ 74.408181867110187, 36.981555822571302 ], [ 74.412688837061523, 36.984515584961741 ], [ 74.41714653801273, 36.993433403483763 ], [ 74.426424322097446, 36.995692890971199 ], [ 74.438084882981698, 36.995997162429738 ], [ 74.451119732401693, 36.998243291004805 ], [ 74.456832700503426, 36.998292758687697 ], [ 74.495796981323338, 36.996244067306897 ], [ 74.513829217957692, 36.9964809685601 ], [ 74.522957458598725, 36.995128727260351 ], [ 74.530912513851774, 36.987648901492555 ], [ 74.534309928781596, 36.98323579285875 ], [ 74.53728757265722, 36.977368621943683 ], [ 74.538036511584323, 36.970318496001106 ], [ 74.53928949072575, 36.964659282950599 ], [ 74.540333833447505, 36.963316323841177 ], [ 74.54255070578715, 36.961354833849889 ], [ 74.551067934829817, 36.959065039791831 ], [ 74.560543868401595, 36.957197532080627 ], [ 74.564101339758807, 36.957897249598439 ], [ 74.565749856103025, 36.959258276837893 ], [ 74.569136882016565, 36.970301081569787 ], [ 74.574151009336248, 36.989972839982471 ], [ 74.575354370931294, 36.9989164067361 ], [ 74.576601241528806, 37.001216032109561 ], [ 74.579259235181951, 37.012607127809673 ], [ 74.580418348461038, 37.021011851503232 ], [ 74.580058028810669, 37.031023791753448 ], [ 74.577906081309891, 37.045798417755222 ], [ 74.574960123709275, 37.049562141341568 ], [ 74.568121734541535, 37.051760008384484 ], [ 74.581668840167453, 37.057574602891748 ], [ 74.589407933239656, 37.059162114802419 ], [ 74.604793823776859, 37.059249705969791 ], [ 74.622364597646381, 37.061426377010918 ], [ 74.633799050776986, 37.063703066619105 ], [ 74.652374009081811, 37.070086746512395 ], [ 74.667076871880923, 37.079566501657048 ], [ 74.681170492762789, 37.086713809242433 ], [ 74.690122957357232, 37.088140591378682 ], [ 74.696788083964577, 37.088341773437755 ], [ 74.707390544428492, 37.087288350685078 ], [ 74.708857596593703, 37.073313730732714 ] ] ] } }
]
}
