{
"type": "FeatureCollection",
"name": "mizoram",
"crs": { "type": "name", "properties": { "name": "urn:ogc:def:crs:OGC:1.3:CRS84" } },
"features": [
{ "type": "Feature", "properties": { "pincode": "796001", "officename": "Aizawl H.O", "officetype": "H.O", "circle": "North Eastern", "region": "North East - I", "division": "Mizoram", "state": "Mizoram", "district": "Mizoram" }, "geometry": { "type": "Polygon", "coordinates": [ [ [ 92.714374000025842, 23.738977999656935 ], [ 92.715198000381434, 23.735484000363691 ], [ 92.721551999981699, 23.735799999990565 ], [ 92.721491999707226, 23.735085000338685 ], [ 92.72330500027492, 23.734328000008407 ], [ 92.722705000225261, 23.732835000403039 ], [ 92.719489000067099, 23.731806999724483 ], [ 92.717743000344896, 23.730236999725168 ], [ 92.72057500036351, 23.728626000318926 ], [ 92.7220449999012, 23.726415999991847 ], [ 92.728900999641766, 23.725513000156401 ], [ 92.734835000015778, 23.725839000382219 ], [ 92.736444000368948, 23.722195000044575 ], [ 92.732634999833806, 23.723184999887984 ], [ 92.730069999778877, 23.722379000192092 ], [ 92.726798000442514, 23.722575999937071 ], [ 92.72503900030155, 23.720718999942484 ], [ 92.726636999885727, 23.717881000023578 ], [ 92.721090000024333, 23.715905999979672 ], [ 92.719610000440923, 23.714512999873339 ], [ 92.715665000361682, 23.715186000051741 ], [ 92.716348000251969, 23.718200999901075 ], [ 92.712624999930597, 23.715807999681697 ], [ 92.707282000283712, 23.715356000358881 ], [ 92.706435000361878, 23.716524999992377 ], [ 92.704450000265084, 23.716259999905446 ], [ 92.704861999993739, 23.72084700016276 ], [ 92.705669999557514, 23.721583000224559 ], [ 92.704521000410196, 23.723389000382038 ], [ 92.702680000253466, 23.724383000359126 ], [ 92.699890000067597, 23.724619000152185 ], [ 92.697100999706706, 23.728070000013915 ], [ 92.698716999732554, 23.72914699983826 ], [ 92.701501000070593, 23.729320000037312 ], [ 92.703261000036491, 23.728188000327204 ], [ 92.704839000427512, 23.730236999725168 ], [ 92.709701999675374, 23.730049999993224 ], [ 92.711476999709902, 23.73336500009183 ], [ 92.711306000005663, 23.736935000018008 ], [ 92.71369299978538, 23.737106999805743 ], [ 92.712609000037062, 23.737780000120519 ], [ 92.714164999788466, 23.738094000068983 ], [ 92.714374000025842, 23.738977999656935 ] ] ] } },
{ "type": "Feature", "properties": { "pincode": "796004", "officename": "Mizoram University S.O", "officetype": "S.O", "circle": "North Eastern", "region": "North East - I", "division": "Mizoram", "state": "Mizoram", "district": "Mizoram" }, "geometry": { "type": "Polygon", "coordinates": [ [ [ 92.661611999785407, 23.728167000132892 ], [ 92.647228000284585, 23.721889000082431 ], [ 92.642858000057927, 23.727000999661211 ], [ 92.64176599991373, 23.733778999944303 ], [ 92.637275000211531, 23.740946000249245 ], [ 92.636727999865343, 23.747278999766007 ], [ 92.634119000327786, 23.75872199983386 ], [ 92.645433000158619, 23.761608000263202 ], [ 92.65235599984635, 23.753861999794836 ], [ 92.656680999867163, 23.751653999634808 ], [ 92.666163999586971, 23.749293000300934 ], [ 92.666208999792801, 23.746015000319293 ], [ 92.670472999714264, 23.744140000028416 ], [ 92.670760999594364, 23.72966799974218 ], [ 92.661611999785407, 23.728167000132892 ] ] ] } },
{ "type": "Feature", "properties": { "pincode": "796005", "officename": "Kulikawn S.O", "officetype": "S.O", "circle": "North Eastern", "region": "North East - I", "division": "Mizoram", "state": "Mizoram", "district": "Mizoram" }, "geometry": { "type": "Polygon", "coordinates": [ [ [ 92.692279016636391, 23.730043639828214 ], [ 92.690455000028393, 23.72845200001402 ], [ 92.690691000029958, 23.727347999785078 ], [ 92.689764999567103, 23.725763999966041 ], [ 92.690523999625356, 23.723313000154661 ], [ 92.692891000211901, 23.723555999730479 ], [ 92.692906000280502, 23.724549000042071 ], [ 92.696068999836939, 23.725994000392834 ], [ 92.697100999706706, 23.728070000013915 ], [ 92.699890000067597, 23.724619000152185 ], [ 92.702680000253466, 23.724383000359126 ], [ 92.704521000410196, 23.723389000382038 ], [ 92.705669999557514, 23.721583000224559 ], [ 92.704861999993739, 23.72084700016276 ], [ 92.704450000265084, 23.716259999905446 ], [ 92.706435000361878, 23.716524999992377 ], [ 92.707282000283712, 23.715356000358881 ], [ 92.712624999930597, 23.715807999681697 ], [ 92.716348000251969, 23.718200999901075 ], [ 92.715665000361682, 23.715186000051741 ], [ 92.718123000286511, 23.714471000011049 ], [ 92.719610000440923, 23.714512999873339 ], [ 92.721090000024333, 23.715905999979672 ], [ 92.726636999885727, 23.717881000023578 ], [ 92.72503900030155, 23.720718999942484 ], [ 92.726798000442514, 23.722575999937071 ], [ 92.730069999778877, 23.722379000192092 ], [ 92.732634999833806, 23.723184999887984 ], [ 92.736444000368948, 23.722195000044575 ], [ 92.744509000429574, 23.723660000226214 ], [ 92.752193999650345, 23.722361000046078 ], [ 92.7669119999603, 23.726806000063121 ], [ 92.773556999813664, 23.725806000303116 ], [ 92.778018000276973, 23.719554999626002 ], [ 92.792340999678387, 23.703551999981087 ], [ 92.79501200003854, 23.685767999621785 ], [ 92.800594999884936, 23.674651000360182 ], [ 92.794041000268138, 23.634625000063284 ], [ 92.781902000256807, 23.593696000152224 ], [ 92.756896999962947, 23.581681999669872 ], [ 92.715020000106222, 23.593168000005168 ], [ 92.711413000135792, 23.589041999599115 ], [ 92.700212000282889, 23.589468999654198 ], [ 92.674114000019884, 23.593252000264261 ], [ 92.663918000272588, 23.597477999695993 ], [ 92.670472999714264, 23.606153999896975 ], [ 92.668044999926678, 23.625060999870684 ], [ 92.652508000182323, 23.627729999981288 ], [ 92.645952999842279, 23.637738999818993 ], [ 92.635946000240878, 23.648140999670446 ], [ 92.634659000102957, 23.659854999904738 ], [ 92.640323999965133, 23.663235999724566 ], [ 92.649250000191344, 23.675183999889374 ], [ 92.648477999714245, 23.676206000004658 ], [ 92.65440000039267, 23.683988000311881 ], [ 92.6554299997143, 23.68870399971809 ], [ 92.666587999909481, 23.70575899981441 ], [ 92.665900999821218, 23.709452999859813 ], [ 92.664099000022532, 23.712439000154028 ], [ 92.654141999751502, 23.714206999979581 ], [ 92.648392000398857, 23.716563999720744 ], [ 92.647189999751447, 23.7192749995992 ], [ 92.647228000284585, 23.721889000082431 ], [ 92.661611999785407, 23.728167000132892 ], [ 92.670760999594364, 23.72966799974218 ], [ 92.675965000222376, 23.72893100008978 ], [ 92.681502999862943, 23.729362000051001 ], [ 92.688952999805338, 23.732848000058123 ], [ 92.692632999570733, 23.731750999931386 ], [ 92.692279016636391, 23.730043639828214 ] ] ] } },
{ "type": "Feature", "properties": { "pincode": "796007", "officename": "Chandmary S.O", "officetype": "S.O", "circle": "North Eastern", "region": "North East - I", "division": "Mizoram", "state": "Mizoram", "district": "Mizoram" }, "geometry": { "type": "Polygon", "coordinates": [ [ [ 92.718677000305377, 23.750639999638807 ], [ 92.71963300000715, 23.743613000262084 ], [ 92.720771000182125, 23.744212000077464 ], [ 92.721741999952485, 23.743733000259063 ], [ 92.721279000170213, 23.741503999702999 ], [ 92.720481999578809, 23.741066000236248 ], [ 92.723373000046962, 23.740619000073114 ], [ 92.722758999753623, 23.739524000251468 ], [ 92.72053199980752, 23.739607000344808 ], [ 92.720017000146697, 23.738682999662203 ], [ 92.721551999981699, 23.735799999990565 ], [ 92.715198000381434, 23.735484000363691 ], [ 92.714374000025842, 23.738977999656935 ], [ 92.715651000117987, 23.741256000332228 ], [ 92.714416999683522, 23.742720000156169 ], [ 92.71741000025898, 23.748228999850102 ], [ 92.713847999596069, 23.747866000046667 ], [ 92.713375999592984, 23.748385000215887 ], [ 92.707767999632182, 23.74422400035585 ], [ 92.69854299965526, 23.750889999722567 ], [ 92.701608000200736, 23.755556000189049 ], [ 92.699847000409903, 23.759166999978625 ], [ 92.69226100002507, 23.764804999654448 ], [ 92.686889999890738, 23.764999000190954 ], [ 92.68382500024363, 23.769581999814982 ], [ 92.683672999907657, 23.777856999865769 ], [ 92.675904999947917, 23.782856000208604 ], [ 92.673902000307777, 23.789491999903273 ], [ 92.679805999646234, 23.809101000242549 ], [ 92.689332999746966, 23.812124000249351 ], [ 92.705727000357243, 23.80878699989405 ], [ 92.712420999716102, 23.802033999737457 ], [ 92.725025999882746, 23.797340000300149 ], [ 92.722548999691355, 23.789349999629607 ], [ 92.718344000219432, 23.789036000036525 ], [ 92.71482500011254, 23.781653000409793 ], [ 92.724887999790482, 23.764353000113378 ], [ 92.719146999760326, 23.75609800034621 ], [ 92.720254999798073, 23.752847999728033 ], [ 92.718677000305377, 23.750639999638807 ] ] ] } },
{ "type": "Feature", "properties": { "pincode": "796008", "officename": "Armed Veng S.O", "officetype": "S.O", "circle": "North Eastern", "region": "North East - I", "division": "Mizoram", "state": "Mizoram", "district": "Mizoram" }, "geometry": { "type": "Polygon", "coordinates": [ [ [ 92.728046000222363, 23.741231000140672 ], [ 92.735640000104809, 23.736585000092994 ], [ 92.736111000283003, 23.732446000255973 ], [ 92.734835000015778, 23.725839000382219 ], [ 92.728900999641766, 23.725513000156401 ], [ 92.7220449999012, 23.726415999991847 ], [ 92.72057500036351, 23.728626000318926 ], [ 92.717743000344896, 23.730236999725168 ], [ 92.72346400028357, 23.733806999819297 ], [ 92.721491999707226, 23.735085000338685 ], [ 92.720017000146697, 23.738682999662203 ], [ 92.72053199980752, 23.739607000344808 ], [ 92.722758999753623, 23.739524000251468 ], [ 92.723373000046962, 23.740619000073114 ], [ 92.728046000222363, 23.741231000140672 ] ] ] } },
{ "type": "Feature", "properties": { "pincode": "796009", "officename": "Vaivakawn S.O", "officetype": "S.O", "circle": "North Eastern", "region": "North East - I", "division": "Mizoram", "state": "Mizoram", "district": "Mizoram" }, "geometry": { "type": "Polygon", "coordinates": [ [ [ 92.665253000091042, 23.811037999987896 ], [ 92.672595999903336, 23.806312999915839 ], [ 92.679805999646234, 23.809101000242549 ], [ 92.673902000307777, 23.789491999903273 ], [ 92.675904999947917, 23.782856000208604 ], [ 92.683672999907657, 23.777856999865769 ], [ 92.68382500024363, 23.769581999814982 ], [ 92.686889999890738, 23.764999000190954 ], [ 92.69226100002507, 23.764804999654448 ], [ 92.699847000409903, 23.759166999978625 ], [ 92.701608000200736, 23.755556000189049 ], [ 92.69854299965526, 23.750889999722567 ], [ 92.707767999632182, 23.74422400035585 ], [ 92.713375999592984, 23.748385000215887 ], [ 92.713847999596069, 23.747866000046667 ], [ 92.71741000025898, 23.748228999850102 ], [ 92.714416999683522, 23.742720000156169 ], [ 92.715651000117987, 23.741256000332228 ], [ 92.714164999788466, 23.738094000068983 ], [ 92.712609000037062, 23.737780000120519 ], [ 92.71369299978538, 23.737106999805743 ], [ 92.711306000005663, 23.736935000018008 ], [ 92.711476999709902, 23.73336500009183 ], [ 92.709701999675374, 23.730049999993224 ], [ 92.704839000427512, 23.730236999725168 ], [ 92.703261000036491, 23.728188000327204 ], [ 92.701501000070593, 23.729320000037312 ], [ 92.698716999732554, 23.72914699983826 ], [ 92.697100999706706, 23.728070000013915 ], [ 92.696068999836939, 23.725994000392834 ], [ 92.692906000280502, 23.724549000042071 ], [ 92.692891000211901, 23.723555999730479 ], [ 92.690523999625356, 23.723313000154661 ], [ 92.689764999567103, 23.725763999966041 ], [ 92.690691000029958, 23.727347999785078 ], [ 92.690455000028393, 23.72845200001402 ], [ 92.692747000271851, 23.730451999784602 ], [ 92.692632999570733, 23.731750999931386 ], [ 92.688952999805338, 23.732848000058123 ], [ 92.681502999862943, 23.729362000051001 ], [ 92.675965000222376, 23.72893100008978 ], [ 92.670760999594364, 23.72966799974218 ], [ 92.670472999714264, 23.744140000028416 ], [ 92.666208999792801, 23.746015000319293 ], [ 92.666163999586971, 23.749293000300934 ], [ 92.656680999867163, 23.751653999634808 ], [ 92.65235599984635, 23.753861999794836 ], [ 92.645433000158619, 23.761608000263202 ], [ 92.634119000327786, 23.75872199983386 ], [ 92.627791999593441, 23.759895000040839 ], [ 92.625132000002253, 23.76578700020184 ], [ 92.633542999669302, 23.770029000015708 ], [ 92.636890000247078, 23.775920000343877 ], [ 92.638865000298125, 23.787229999591094 ], [ 92.642796999958563, 23.790491999590678 ], [ 92.648685000301811, 23.790270000038468 ], [ 92.652144000134243, 23.793490999830468 ], [ 92.654329000247586, 23.7980999999406 ], [ 92.665253000091042, 23.811037999987896 ] ] ] } },
{ "type": "Feature", "properties": { "pincode": "796012", "officename": "Ramhlun S.O", "officetype": "S.O", "circle": "North Eastern", "region": "North East - I", "division": "Mizoram", "state": "Mizoram", "district": "Mizoram" }, "geometry": { "type": "Polygon", "coordinates": [ [ [ 92.729663000073103, 23.747689000366734 ], [ 92.733492999626293, 23.74231699966434 ], [ 92.72476899996478, 23.740389999881035 ], [ 92.720481999578809, 23.741066000236248 ], [ 92.721279000170213, 23.741503999702999 ], [ 92.721741999952485, 23.743733000259063 ], [ 92.720771000182125, 23.744212000077464 ], [ 92.71963300000715, 23.743613000262084 ], [ 92.719800000411709, 23.747042999897825 ], [ 92.718677000305377, 23.750639999638807 ], [ 92.720254999798073, 23.752847999728033 ], [ 92.72609000043785, 23.75536800000182 ], [ 92.726798000442514, 23.754572999926058 ], [ 92.725521000350383, 23.753198000353326 ], [ 92.725768000222573, 23.751076999964756 ], [ 92.724061999785036, 23.750311000277176 ], [ 92.729663000073103, 23.747689000366734 ] ] ] } },
{ "type": "Feature", "properties": { "pincode": "796014", "officename": "Bawngkawn S.O", "officetype": "S.O", "circle": "North Eastern", "region": "North East - I", "division": "Mizoram", "state": "Mizoram", "district": "Mizoram" }, "geometry": { "type": "Polygon", "coordinates": [ [ [ 92.732849000094063, 23.755377999651259 ], [ 92.736132000199419, 23.751430999740549 ], [ 92.735193000216057, 23.749147000328669 ], [ 92.735965999619737, 23.747467000121478 ], [ 92.731816000399419, 23.745151999898262 ], [ 92.729663000073103, 23.747689000366734 ], [ 92.724061999785036, 23.750311000277176 ], [ 92.725768000222573, 23.751076999964756 ], [ 92.725521000350383, 23.753198000353326 ], [ 92.726776999627802, 23.755005000367827 ], [ 92.72609000043785, 23.75536800000182 ], [ 92.720254999798073, 23.752847999728033 ], [ 92.719146999760326, 23.75609800034621 ], [ 92.724887999790482, 23.764353000113378 ], [ 92.730381000123501, 23.765530999974626 ], [ 92.731496999658859, 23.766651000024947 ], [ 92.733106999836934, 23.762565999810462 ], [ 92.732120000173026, 23.759679000302675 ], [ 92.732849000094063, 23.755377999651259 ] ] ] } },
{ "type": "Feature", "properties": { "pincode": "796015", "officename": "Durtlang S.O", "officetype": "S.O", "circle": "North Eastern", "region": "North East - I", "division": "Mizoram", "state": "Mizoram", "district": "Mizoram" }, "geometry": { "type": "Polygon", "coordinates": [ [ [ 92.759627999699248, 23.889762000409963 ], [ 92.769241000013665, 23.886229999856194 ], [ 92.77825400027848, 23.887564000004691 ], [ 92.785720999939358, 23.884504000277566 ], [ 92.790355999581578, 23.885838000151999 ], [ 92.791901000360667, 23.883012000227311 ], [ 92.794475999563005, 23.88222799984624 ], [ 92.804259999581689, 23.885524000014165 ], [ 92.808208000033972, 23.885366999659485 ], [ 92.82104800037726, 23.883035000139518 ], [ 92.826328000274955, 23.87992699984629 ], [ 92.825889999708707, 23.866373000115775 ], [ 92.8281209998528, 23.860408000085059 ], [ 92.820381000380479, 23.857559999900651 ], [ 92.82511499975692, 23.857059999767518 ], [ 92.824143999986518, 23.852009000394144 ], [ 92.81995600023302, 23.848068000278261 ], [ 92.818560000315216, 23.829248999595091 ], [ 92.812247999649458, 23.8112050002884 ], [ 92.811640999927135, 23.805151999670692 ], [ 92.82331499960803, 23.778903999669346 ], [ 92.815074999645191, 23.765080000214937 ], [ 92.754649999925334, 23.76162299984016 ], [ 92.746840000132792, 23.769674999850857 ], [ 92.74070300026753, 23.766179999933474 ], [ 92.739437000046024, 23.761328999923883 ], [ 92.73220800003655, 23.759081999652789 ], [ 92.733106999836934, 23.762565999810462 ], [ 92.731496999658859, 23.766651000024947 ], [ 92.730381000123501, 23.765530999974626 ], [ 92.724887999790482, 23.764353000113378 ], [ 92.71482500011254, 23.781653000409793 ], [ 92.718344000219432, 23.789036000036525 ], [ 92.722548999691355, 23.789349999629607 ], [ 92.725025999882746, 23.797340000300149 ], [ 92.712420999716102, 23.802033999737457 ], [ 92.705727000357243, 23.80878699989405 ], [ 92.689332999746966, 23.812124000249351 ], [ 92.693367000412962, 23.829477000210691 ], [ 92.703495000388216, 23.850831000135546 ], [ 92.701607000375802, 23.858995000139501 ], [ 92.700920000287525, 23.872337999770437 ], [ 92.705727000357243, 23.883639999612285 ], [ 92.709160000250392, 23.894626999830617 ], [ 92.713623000363498, 23.899806000120517 ], [ 92.723408000207073, 23.903572999938852 ], [ 92.741432000188581, 23.902002999945459 ], [ 92.751817999906706, 23.896746000082398 ], [ 92.759627999699248, 23.889762000409963 ] ] ] } },
{ "type": "Feature", "properties": { "pincode": "796017", "officename": "Zemabawk S.O", "officetype": "S.O", "circle": "North Eastern", "region": "North East - I", "division": "Mizoram", "state": "Mizoram", "district": "Mizoram" }, "geometry": { "type": "Polygon", "coordinates": [ [ [ 93.007163999941724, 24.00820800002494 ], [ 93.009224000381593, 23.940133999889561 ], [ 92.995491000085735, 23.892430000348131 ], [ 92.979011999984976, 23.866686999888319 ], [ 92.962875000190948, 23.831204000113591 ], [ 92.922707000246504, 23.792255999660352 ], [ 92.925453000051434, 23.747953999867665 ], [ 92.919655999944794, 23.734981999870005 ], [ 92.882043000009517, 23.740446000072936 ], [ 92.83907400000858, 23.736334999688424 ], [ 92.836402999648442, 23.720777999738374 ], [ 92.836282000172943, 23.703441000155252 ], [ 92.812611999697509, 23.696882999847034 ], [ 92.792340999678387, 23.703551999981087 ], [ 92.778018000276973, 23.719554999626002 ], [ 92.773556999813664, 23.725806000303116 ], [ 92.7669119999603, 23.726806000063121 ], [ 92.752193999650345, 23.722361000046078 ], [ 92.744509000429574, 23.723660000226214 ], [ 92.736444000368948, 23.722195000044575 ], [ 92.734715000365185, 23.72516700011478 ], [ 92.736111000283003, 23.732446000255973 ], [ 92.735640000104809, 23.736585000092994 ], [ 92.728046000222363, 23.741231000140672 ], [ 92.733492999626293, 23.74231699966434 ], [ 92.731816000399419, 23.745151999898262 ], [ 92.735965999619737, 23.747467000121478 ], [ 92.735193000216057, 23.749147000328669 ], [ 92.736132000199419, 23.751430999740549 ], [ 92.732849000094063, 23.755377999651259 ], [ 92.73220800003655, 23.759081999652789 ], [ 92.739437000046024, 23.761328999923883 ], [ 92.74070300026753, 23.766179999933474 ], [ 92.746840000132792, 23.769674999850857 ], [ 92.754649999925334, 23.76162299984016 ], [ 92.815074999645191, 23.765080000214937 ], [ 92.82331499960803, 23.778903999669346 ], [ 92.811640999927135, 23.805151999670692 ], [ 92.812247999649458, 23.8112050002884 ], [ 92.818560000315216, 23.829248999595091 ], [ 92.81995600023302, 23.848068000278261 ], [ 92.824143999986518, 23.852009000394144 ], [ 92.82511499975692, 23.857059999767518 ], [ 92.820381000380479, 23.857559999900651 ], [ 92.8281209998528, 23.860408000085059 ], [ 92.825889999708707, 23.866373000115775 ], [ 92.826328000274955, 23.87992699984629 ], [ 92.851280999791967, 23.989417999951034 ], [ 92.930260000121095, 23.996917000048441 ], [ 92.955322000316386, 23.994094000263736 ], [ 93.007163999941724, 24.00820800002494 ] ] ] } },
{ "type": "Feature", "properties": { "pincode": "796070", "officename": "Kawnpui S.O", "officetype": "S.O", "circle": "North Eastern", "region": "North East - I", "division": "Mizoram", "state": "Mizoram", "district": "Mizoram" }, "geometry": { "type": "Polygon", "coordinates": [ [ [ 92.908629999994076, 24.240704000052101 ], [ 92.826328000274955, 23.87992699984629 ], [ 92.82104800037726, 23.883035000139518 ], [ 92.808208000033972, 23.885366999659485 ], [ 92.804259999581689, 23.885524000014165 ], [ 92.794475999563005, 23.88222799984624 ], [ 92.791901000360667, 23.883012000227311 ], [ 92.790355999581578, 23.885838000151999 ], [ 92.785720999939358, 23.884504000277566 ], [ 92.77825400027848, 23.887564000004691 ], [ 92.769241000013665, 23.886229999856194 ], [ 92.759627999699248, 23.889762000409963 ], [ 92.751817999906706, 23.896746000082398 ], [ 92.741432000188581, 23.902002999945459 ], [ 92.723408000207073, 23.903572999938852 ], [ 92.713623000363498, 23.899806000120517 ], [ 92.655816000401998, 23.928326999657596 ], [ 92.5830769998703, 23.935854999658019 ], [ 92.548655999803785, 23.968998999848317 ], [ 92.54075999979753, 24.005698999983981 ], [ 92.540072999709253, 24.043485000130488 ], [ 92.557068000194064, 24.071856999706583 ], [ 92.562045999967978, 24.133907999998549 ], [ 92.585220000150841, 24.140488000159007 ], [ 92.64907799976389, 24.120122000243956 ], [ 92.691865000189907, 24.118554999613032 ], [ 92.692980999725279, 24.127289000159426 ], [ 92.695469999612243, 24.131714999906922 ], [ 92.693410000070671, 24.137551000371435 ], [ 92.694739999866258, 24.143660000187285 ], [ 92.696971999835256, 24.145969999605146 ], [ 92.696071000385075, 24.150435000294799 ], [ 92.694783000422291, 24.152470999817364 ], [ 92.739781999827542, 24.164086000264831 ], [ 92.740510999748594, 24.180253999823247 ], [ 92.770250000317219, 24.229962999641646 ], [ 92.787243000253895, 24.279543000224798 ], [ 92.81977399975986, 24.330872000316276 ], [ 92.837252999943317, 24.341489999888825 ], [ 92.846235000245997, 24.337176000270311 ], [ 92.908629999994076, 24.240704000052101 ] ] ] } },
{ "type": "Feature", "properties": { "pincode": "796081", "officename": "Kolasib S.O", "officetype": "S.O", "circle": "North Eastern", "region": "North East - I", "division": "Mizoram", "state": "Mizoram", "district": "Mizoram" }, "geometry": { "type": "Polygon", "coordinates": [ [ [ 92.636429999939509, 24.335278999772406 ], [ 92.624358999700263, 24.316752000336564 ], [ 92.637061999776193, 24.3139369998357 ], [ 92.655258000185142, 24.303611000145761 ], [ 92.721648000241174, 24.290430000082676 ], [ 92.754955000422171, 24.261063000138012 ], [ 92.77709000016425, 24.249921999606368 ], [ 92.770250000317219, 24.229962999641646 ], [ 92.740510999748594, 24.180253999823247 ], [ 92.739781999827542, 24.164086000264831 ], [ 92.694783000422291, 24.152470999817364 ], [ 92.696071000385075, 24.150435000294799 ], [ 92.696971999835256, 24.145969999605146 ], [ 92.694739999866258, 24.143660000187285 ], [ 92.693410000070671, 24.137551000371435 ], [ 92.695469999612243, 24.131714999906922 ], [ 92.692980999725279, 24.127289000159426 ], [ 92.691865000189907, 24.118554999613032 ], [ 92.64907799976389, 24.120122000243956 ], [ 92.585220000150841, 24.140488000159007 ], [ 92.562045999967978, 24.133907999998549 ], [ 92.515102999575461, 24.168737000114071 ], [ 92.523177999681891, 24.17081499961925 ], [ 92.523555999973638, 24.172201999646319 ], [ 92.524433000032701, 24.171493999909366 ], [ 92.530165999666934, 24.176323000153918 ], [ 92.53042199975998, 24.177018999933072 ], [ 92.528713999672632, 24.177361000355415 ], [ 92.528934999605553, 24.178083000058503 ], [ 92.534212000028532, 24.180147000343798 ], [ 92.531108000023337, 24.18510700023241 ], [ 92.534638000000896, 24.193667000238307 ], [ 92.537840999740268, 24.196769000389537 ], [ 92.538085000137755, 24.198563000297526 ], [ 92.536689000219894, 24.201255000384943 ], [ 92.540481999963163, 24.203581999809295 ], [ 92.542009000300581, 24.207553000187552 ], [ 92.540955999616088, 24.210240000272538 ], [ 92.543262999928174, 24.211466000020778 ], [ 92.542297000180653, 24.213444999964473 ], [ 92.543604000410028, 24.215813000018485 ], [ 92.545921999694457, 24.216906000347691 ], [ 92.545817999937384, 24.218808999963283 ], [ 92.547115999945902, 24.220156999910976 ], [ 92.546812000172295, 24.221647000402644 ], [ 92.547738999561744, 24.22313099986026 ], [ 92.546749000423091, 24.22990799996801 ], [ 92.548484000274627, 24.23186499972622 ], [ 92.546920000127344, 24.232800999704555 ], [ 92.547052000371792, 24.236454000065823 ], [ 92.55089600016872, 24.247222000364193 ], [ 92.555952999585315, 24.246809000384882 ], [ 92.562611999682403, 24.25120099998087 ], [ 92.572128999737387, 24.251881999675639 ], [ 92.580176000254681, 24.24981100022568 ], [ 92.582872999655777, 24.250467000229396 ], [ 92.587550000029125, 24.249705000239686 ], [ 92.588947999596769, 24.248804000068247 ], [ 92.590947999762207, 24.248750999666701 ], [ 92.595707999976199, 24.250487999767863 ], [ 92.600913000429145, 24.250145999832508 ], [ 92.602557999868992, 24.248598000392583 ], [ 92.606215999893053, 24.248479000101913 ], [ 92.608401000006396, 24.251071999974304 ], [ 92.612312999575366, 24.253485000252233 ], [ 92.612901999754328, 24.255694000169918 ], [ 92.614156000280261, 24.255951999684644 ], [ 92.613110000166785, 24.258646000371506 ], [ 92.614417000396173, 24.260985999753878 ], [ 92.614414999848037, 24.263717000100723 ], [ 92.615334999564794, 24.264565999833742 ], [ 92.614923999661031, 24.266169000189944 ], [ 92.615994000063949, 24.268962999848863 ], [ 92.616604000159313, 24.275071999829585 ], [ 92.617897000144978, 24.277087000056536 ], [ 92.617101000276804, 24.280245999744135 ], [ 92.618350999706422, 24.281190000001885 ], [ 92.618155999712741, 24.284056999705872 ], [ 92.619187999582522, 24.284816999710952 ], [ 92.619703000141641, 24.287242000107007 ], [ 92.615913999698023, 24.289576000046395 ], [ 92.618185999849985, 24.298176999963108 ], [ 92.619186999757588, 24.306019000009311 ], [ 92.618303999850738, 24.307449999942126 ], [ 92.619495999554076, 24.308005999939255 ], [ 92.618744999891732, 24.309405000335779 ], [ 92.619553983110734, 24.313544954526456 ], [ 92.621601000199817, 24.316597000393465 ], [ 92.62178000029995, 24.318859999743086 ], [ 92.623428999937758, 24.319782000249997 ], [ 92.623859999932989, 24.322320000176244 ], [ 92.623132999661763, 24.323281999858388 ], [ 92.621549000321252, 24.323433000250908 ], [ 92.621906999623235, 24.32527899982658 ], [ 92.623132999661763, 24.326087999909728 ], [ 92.622427000205221, 24.326723999900054 ], [ 92.623654999893574, 24.327164999722331 ], [ 92.622336999793546, 24.328105000224731 ], [ 92.622387999847177, 24.331192999654352 ], [ 92.624769999603984, 24.334074999789014 ], [ 92.630236000172843, 24.333624999937417 ], [ 92.635389999673862, 24.336753000332134 ], [ 92.636429999939509, 24.335278999772406 ] ] ] } },
{ "type": "Feature", "properties": { "pincode": "796091", "officename": "Bilkhawthlir S.O", "officetype": "S.O", "circle": "North Eastern", "region": "North East - I", "division": "Mizoram", "state": "Mizoram", "district": "Mizoram" }, "geometry": { "type": "Polygon", "coordinates": [ [ [ 92.801646999846156, 24.424687000156432 ], [ 92.802697000157593, 24.424656000125736 ], [ 92.801914999634789, 24.420786999743441 ], [ 92.800531000310826, 24.41970700001108 ], [ 92.799287999655562, 24.41991400011689 ], [ 92.799367000196597, 24.419129000122844 ], [ 92.804343000320671, 24.417533000298071 ], [ 92.805514999932527, 24.41876600005099 ], [ 92.806847000276235, 24.418847999642505 ], [ 92.807789999559233, 24.415769999827766 ], [ 92.808998000054402, 24.415693000180397 ], [ 92.808218999904625, 24.414935000135095 ], [ 92.808797000212948, 24.412682000168306 ], [ 92.811611999614797, 24.413284000109144 ], [ 92.811246999741826, 24.41215999964033 ], [ 92.810074000305065, 24.411860999822956 ], [ 92.810867999625145, 24.411193999880712 ], [ 92.812164999808772, 24.411479000276191 ], [ 92.812446999841072, 24.409284999750497 ], [ 92.814882000199674, 24.408780000080316 ], [ 92.818943999556438, 24.410049999946931 ], [ 92.819151000143989, 24.409223999917042 ], [ 92.81828900015357, 24.409241999656391 ], [ 92.817683000256153, 24.408022999875556 ], [ 92.819131999877428, 24.407121000161375 ], [ 92.818748999562771, 24.405482000110883 ], [ 92.820163999747194, 24.403713000230841 ], [ 92.82374399995345, 24.401885999863513 ], [ 92.827682000359971, 24.402122000231085 ], [ 92.829946000116024, 24.400289999654422 ], [ 92.829157999745448, 24.396908000351232 ], [ 92.82481299963311, 24.391589000141309 ], [ 92.823143999903806, 24.386470000048444 ], [ 92.825391999766325, 24.384457000298873 ], [ 92.825452000040798, 24.382628999818323 ], [ 92.826611000132161, 24.381233999981696 ], [ 92.825729999875151, 24.377027000011438 ], [ 92.829594999588451, 24.373593000100062 ], [ 92.832162000191502, 24.374894000176958 ], [ 92.835754000093331, 24.378492000032857 ], [ 92.839854999808182, 24.376697000146823 ], [ 92.843358999846444, 24.377867000094763 ], [ 92.845225999942485, 24.379704000223605 ], [ 92.846240000268878, 24.386002000162602 ], [ 92.84786700016538, 24.386128000176459 ], [ 92.849621000283491, 24.389627000211252 ], [ 92.852449000104173, 24.392106000190086 ], [ 92.856456000107684, 24.393623000391706 ], [ 92.860940999962111, 24.398498999764183 ], [ 92.868804000356391, 24.394649000191794 ], [ 92.870509000070697, 24.395556000095073 ], [ 92.873343999564057, 24.394860999973002 ], [ 92.883684999974648, 24.402413000344072 ], [ 92.888554999793513, 24.398332000330022 ], [ 92.889555999701116, 24.399975000330247 ], [ 92.891453999759293, 24.400448999786299 ], [ 92.890797999633165, 24.398332000330022 ], [ 92.892562999621944, 24.397473999858953 ], [ 92.891832999875959, 24.39595700008352 ], [ 92.892971000050949, 24.392675999770123 ], [ 92.901021999867879, 24.390577000085127 ], [ 92.903854999711442, 24.391872000263895 ], [ 92.902633999695794, 24.394978999820584 ], [ 92.906711999844418, 24.402758000149085 ], [ 92.906300000115763, 24.405900000239605 ], [ 92.907210999611706, 24.411710999847539 ], [ 92.909344999671404, 24.412909000382626 ], [ 92.910853999567138, 24.412321999978772 ], [ 92.909266000028694, 24.41013799961771 ], [ 92.918732999854967, 24.405202999644445 ], [ 92.903771000045865, 24.378421999630493 ], [ 92.88386400007478, 24.334412000159087 ], [ 92.865798000260469, 24.306936999644371 ], [ 92.846235000245997, 24.337176000270311 ], [ 92.837252999943317, 24.341489999888825 ], [ 92.81977399975986, 24.330872000316276 ], [ 92.787243000253895, 24.279543000224798 ], [ 92.77709000016425, 24.249921999606368 ], [ 92.754955000422171, 24.261063000138012 ], [ 92.721648000241174, 24.290430000082676 ], [ 92.655258000185142, 24.303611000145761 ], [ 92.637061999776193, 24.3139369998357 ], [ 92.624358999700263, 24.316752000336564 ], [ 92.636512999780209, 24.335405999762255 ], [ 92.638686000197993, 24.334283000380768 ], [ 92.635424000009024, 24.33355699971171 ], [ 92.636296000045206, 24.331344999862988 ], [ 92.637216999586911, 24.331258999853489 ], [ 92.640355999752174, 24.333609999914827 ], [ 92.638724999657711, 24.328424000320641 ], [ 92.64576500041963, 24.327781999899639 ], [ 92.645529000418051, 24.33035899983129 ], [ 92.646424999845394, 24.3310229998512 ], [ 92.648198000230096, 24.328784000372806 ], [ 92.650025999968037, 24.328949999697652 ], [ 92.650109999633628, 24.331596000346856 ], [ 92.650928000141448, 24.331847999748735 ], [ 92.651717000336987, 24.331049000365507 ], [ 92.65161400040482, 24.335468999606874 ], [ 92.652698000153109, 24.336714000086776 ], [ 92.653831000305203, 24.33662399966358 ], [ 92.657592000261417, 24.341276999694422 ], [ 92.659108999654762, 24.341895000054222 ], [ 92.659153999860592, 24.342830000208405 ], [ 92.657680999949861, 24.344377999828748 ], [ 92.660618000448792, 24.34405299979489 ], [ 92.660159999791091, 24.345185999778518 ], [ 92.661368000286259, 24.34815600017555 ], [ 92.663156999666157, 24.348819000104804 ], [ 92.664273999924717, 24.346055999668959 ], [ 92.665619999613824, 24.349645000402052 ], [ 92.666300000029395, 24.346304000108255 ], [ 92.667926000101005, 24.346850000393239 ], [ 92.668936000229465, 24.346090999826387 ], [ 92.669808000265633, 24.347481000362009 ], [ 92.67159699964553, 24.347497999780678 ], [ 92.673390999946605, 24.349642000122405 ], [ 92.677156000100808, 24.350150999903946 ], [ 92.679095999991745, 24.347797999738052 ], [ 92.682003000353461, 24.34762100017657 ], [ 92.684698002799678, 24.346432997465065 ], [ 92.685122000427256, 24.347737999803442 ], [ 92.683821999870588, 24.349146000376461 ], [ 92.683759000121384, 24.350460000085064 ], [ 92.689762000092344, 24.353603999778713 ], [ 92.689249999906266, 24.3552380004034 ], [ 92.691507999814561, 24.357539999836586 ], [ 92.691166000406085, 24.362518999743795 ], [ 92.693980999807977, 24.364179000085255 ], [ 92.693478999667661, 24.365353000333194 ], [ 92.694754999934872, 24.365361000085588 ], [ 92.69269700004314, 24.368238000172465 ], [ 92.69532900004522, 24.368850000183144 ], [ 92.697636000357306, 24.374303000276569 ], [ 92.700070999817569, 24.373861000257044 ], [ 92.700454999957131, 24.375003999886751 ], [ 92.701903999578391, 24.37434899968261 ], [ 92.703461000053039, 24.375184999989468 ], [ 92.704627999642014, 24.378309000021332 ], [ 92.703252999640569, 24.38003799983403 ], [ 92.716884999654113, 24.38016999999531 ], [ 92.747430000136674, 24.408049000109159 ], [ 92.782631000177858, 24.431258999883493 ], [ 92.80126699990457, 24.42892899963725 ], [ 92.801646999846156, 24.424687000156432 ] ] ] } },
{ "type": "Feature", "properties": { "pincode": "796101", "officename": "Vairengte S.O", "officetype": "S.O", "circle": "North Eastern", "region": "North East - I", "division": "Mizoram", "state": "Mizoram", "district": "Mizoram" }, "geometry": { "type": "Polygon", "coordinates": [ [ [ 92.76384099956708, 24.520977999970054 ], [ 92.770749999909398, 24.501438000293927 ], [ 92.771909999825695, 24.500581999614141 ], [ 92.79669599983643, 24.432832000193699 ], [ 92.799434000143734, 24.431335000399429 ], [ 92.799907999796673, 24.430094000233254 ], [ 92.801170999645095, 24.429854999806722 ], [ 92.80126699990457, 24.42892899963725 ], [ 92.782631000177858, 24.431258999883493 ], [ 92.747430000136674, 24.408049000109159 ], [ 92.716884999654113, 24.38016999999531 ], [ 92.703252999640569, 24.38003799983403 ], [ 92.704449000440178, 24.382588999967009 ], [ 92.704092999889724, 24.384637999959462 ], [ 92.705661000234983, 24.384381000196885 ], [ 92.707257000169349, 24.386565999831813 ], [ 92.706471000346895, 24.392150000148781 ], [ 92.709274999878119, 24.39336500033664 ], [ 92.710053000202961, 24.396097000242808 ], [ 92.709219999626526, 24.397346999989168 ], [ 92.713275000208938, 24.403315999816428 ], [ 92.71137600032587, 24.407223999714589 ], [ 92.713943999855545, 24.408113999851679 ], [ 92.713667999671003, 24.408958000379229 ], [ 92.715107000144869, 24.409663000099712 ], [ 92.712897999742069, 24.411206000065302 ], [ 92.71508599663521, 24.414976004045002 ], [ 92.7173929996422, 24.415598999591115 ], [ 92.717969000300727, 24.420150000321158 ], [ 92.721581000294023, 24.424809000387924 ], [ 92.721245999659942, 24.426569999926503 ], [ 92.72285800038614, 24.428114000405937 ], [ 92.721707999617308, 24.431951000050365 ], [ 92.723896000103693, 24.436225999875994 ], [ 92.726119999676769, 24.438514999915615 ], [ 92.727498999876175, 24.446424000198867 ], [ 92.730609999554048, 24.449005999927206 ], [ 92.733646999612105, 24.454739999879518 ], [ 92.73691600037202, 24.4626349996933 ], [ 92.740505999725713, 24.468549000226286 ], [ 92.740673000130286, 24.471920999938927 ], [ 92.743656999586577, 24.476575000137938 ], [ 92.746980999699815, 24.48702499975423 ], [ 92.750818999648899, 24.492086000081059 ], [ 92.749370000027639, 24.495167999614193 ], [ 92.754223000128079, 24.501999000374816 ], [ 92.75189200042486, 24.504014999698555 ], [ 92.752151999817542, 24.506230999738996 ], [ 92.75331500010688, 24.50684200010971 ], [ 92.753994999624126, 24.508665999623176 ], [ 92.756130000407055, 24.509570999714398 ], [ 92.75603900017046, 24.511263000368508 ], [ 92.758052999681269, 24.511020999790063 ], [ 92.757646999800372, 24.512542000291784 ], [ 92.761190000196734, 24.516760999829692 ], [ 92.760985999982239, 24.518430999694996 ], [ 92.762997000018288, 24.521131999629212 ], [ 92.76384099956708, 24.520977999970054 ] ] ] } },
{ "type": "Feature", "properties": { "pincode": "796111", "officename": "Darlawn S.O", "officetype": "S.O", "circle": "North Eastern", "region": "North East - I", "division": "Mizoram", "state": "Mizoram", "district": "Mizoram" }, "geometry": { "type": "Polygon", "coordinates": [ [ [ 92.975642999665922, 24.407502999805754 ], [ 92.976303999814903, 24.408279000180404 ], [ 92.979162999597719, 24.407320000088212 ], [ 92.979299999865049, 24.406480000275039 ], [ 92.984820999787175, 24.405646000138457 ], [ 92.984435999822722, 24.405010000040065 ], [ 92.988658999736273, 24.403517000165742 ], [ 92.992391000278502, 24.398945999681196 ], [ 92.998308000035749, 24.399755999799535 ], [ 93.020354999914304, 24.387850000049113 ], [ 93.013094000117761, 24.377354000210467 ], [ 93.018106000226851, 24.371609999927415 ], [ 93.015310000193239, 24.35624700001382 ], [ 93.017546000360213, 24.344219000392336 ], [ 93.027727999863842, 24.341863000019561 ], [ 93.03931700005424, 24.34074200009708 ], [ 93.031161999581911, 24.315765000212309 ], [ 93.014148999553754, 24.290563000041104 ], [ 93.00701400015393, 24.285498000251721 ], [ 93.004150000348233, 24.277907000262676 ], [ 93.009835000301891, 24.269086000261474 ], [ 93.002660999645684, 24.260215999899163 ], [ 93.002612000140203, 24.251391999623383 ], [ 93.013904000229687, 24.233778999854035 ], [ 93.022208999591527, 24.230125000329565 ], [ 93.015280999880915, 24.226255000175566 ], [ 93.015275000033142, 24.222497000187264 ], [ 93.019535999581549, 24.214967999907319 ], [ 93.018116000272613, 24.207459999631595 ], [ 93.013847000328283, 24.204967999600022 ], [ 93.01246200028109, 24.197446999751151 ], [ 93.008219000276014, 24.194954999814364 ], [ 92.998894999666561, 24.194966999983386 ], [ 92.998944000070381, 24.191759000369764 ], [ 93.006733999771441, 24.179644999681191 ], [ 92.99914900010981, 24.171499999868065 ], [ 93.001264999727866, 24.158057000151391 ], [ 92.996486000145552, 24.154189000152069 ], [ 92.9889199998522, 24.150657999958895 ], [ 92.986964000067729, 24.147806999767692 ], [ 92.986731000439207, 24.144339999809532 ], [ 92.988703999942146, 24.137863999715012 ], [ 92.985218000345526, 24.129267000040365 ], [ 92.981899000255183, 24.126371999764931 ], [ 92.973378000084921, 24.123899000145613 ], [ 92.969433999830628, 24.12140200005517 ], [ 92.970688000356517, 24.114539999870342 ], [ 92.972194999704129, 24.112346000360734 ], [ 92.980586000178022, 24.112335000127928 ], [ 92.985097999796594, 24.11382300015126 ], [ 92.992203999782433, 24.11420000000339 ], [ 92.996471000076951, 24.112655999749681 ], [ 93.005440999785748, 24.107392999928553 ], [ 93.009874999586543, 24.101966999873625 ], [ 93.01723900021355, 24.098870000058096 ], [ 93.02304999966556, 24.101048000100345 ], [ 93.026029999822214, 24.098237000357109 ], [ 93.030441000056769, 24.096635999744805 ], [ 93.034629999635158, 24.091290999791021 ], [ 93.033600000313555, 24.083455000282498 ], [ 93.001328000375366, 24.059318000237234 ], [ 93.007163999941724, 24.00820800002494 ], [ 92.955322000316386, 23.994094000263736 ], [ 92.930260000121095, 23.996917000048441 ], [ 92.851280999791967, 23.989417999951034 ], [ 92.908629999994076, 24.240704000052101 ], [ 92.865798000260469, 24.306936999644371 ], [ 92.88386400007478, 24.334412000159087 ], [ 92.903771000045865, 24.378421999630493 ], [ 92.918732999854967, 24.405202999644445 ], [ 92.920957000326368, 24.403100999670674 ], [ 92.922204000281269, 24.403258999866704 ], [ 92.921892999936659, 24.401801000028694 ], [ 92.920404999957327, 24.401675000100902 ], [ 92.920369999797217, 24.400885000324894 ], [ 92.924360999907194, 24.397890999783161 ], [ 92.924187999654833, 24.396053999748748 ], [ 92.926436000415691, 24.395578999614681 ], [ 92.927525000186861, 24.396477000243788 ], [ 92.928993999899603, 24.395005000285217 ], [ 92.929614999865635, 24.395294000149612 ], [ 92.930787000375773, 24.393229999983728 ], [ 92.934000000160907, 24.392281000176805 ], [ 92.934888000090638, 24.393138000169618 ], [ 92.934483999859594, 24.394181000326103 ], [ 92.935283999925758, 24.395638999764632 ], [ 92.936663999950056, 24.396933999600773 ], [ 92.936699999935072, 24.398391999990459 ], [ 92.938932999728991, 24.399230999906088 ], [ 92.939141000141447, 24.40062500017736 ], [ 92.94211299990215, 24.401193000398635 ], [ 92.94546499960444, 24.400053999954082 ], [ 92.9471910001335, 24.400780000314001 ], [ 92.948024999636516, 24.40255400038539 ], [ 92.951894000446089, 24.402868000149613 ], [ 92.953672999780238, 24.400857999746076 ], [ 92.956399000391983, 24.393285999802178 ], [ 92.957324999956526, 24.392076000097887 ], [ 92.960167999845808, 24.391934000055791 ], [ 92.966225000243455, 24.396847000265897 ], [ 92.9684959996722, 24.401196999959037 ], [ 92.971187999948739, 24.402780000320472 ], [ 92.972782000233266, 24.405468999730491 ], [ 92.97383800039249, 24.405707999714306 ], [ 92.972966000356308, 24.406967999724824 ], [ 92.97338099955968, 24.408173000142714 ], [ 92.974835999927052, 24.408455999921479 ], [ 92.975642999665922, 24.407502999805754 ] ] ] } },
{ "type": "Feature", "properties": { "pincode": "796161", "officename": "Thingsulthliah S.O", "officetype": "S.O", "circle": "North Eastern", "region": "North East - I", "division": "Mizoram", "state": "Mizoram", "district": "Mizoram" }, "geometry": { "type": "Polygon", "coordinates": [ [ [ 92.903823999749278, 23.699549999689943 ], [ 92.883567999798785, 23.663706999806337 ], [ 92.888030999911891, 23.568707000382002 ], [ 92.920302999850065, 23.545733999869132 ], [ 93.027218000225901, 23.57850699976316 ], [ 93.033407999794619, 23.540737000208541 ], [ 93.000633999716086, 23.504231999750484 ], [ 92.974657999651825, 23.440992000003867 ], [ 92.948681999587563, 23.397329999971792 ], [ 92.866401999609749, 23.43064699984285 ], [ 92.827787999766883, 23.430818000286912 ], [ 92.828878000261284, 23.440880999724666 ], [ 92.752284999886953, 23.538511999848492 ], [ 92.707069999673294, 23.550864000268355 ], [ 92.706888000098431, 23.551809000286362 ], [ 92.708495999728342, 23.555007999870956 ], [ 92.709223999824502, 23.559682000136629 ], [ 92.711136000126345, 23.561657000313712 ], [ 92.713746000387133, 23.573255000154568 ], [ 92.715930999602151, 23.575814000231226 ], [ 92.715445000253652, 23.578456000174228 ], [ 92.720452000339876, 23.582795000251767 ], [ 92.720751999915535, 23.592015000088082 ], [ 92.756896999962947, 23.581681999669872 ], [ 92.781902000256807, 23.593696000152224 ], [ 92.794041000268138, 23.634625000063284 ], [ 92.800594999884936, 23.674651000360182 ], [ 92.79501200003854, 23.685767999621785 ], [ 92.792340999678387, 23.703551999981087 ], [ 92.812611999697509, 23.696882999847034 ], [ 92.836282000172943, 23.703441000155252 ], [ 92.836402999648442, 23.720777999738374 ], [ 92.83907400000858, 23.736334999688424 ], [ 92.882043000009517, 23.740446000072936 ], [ 92.919655999944794, 23.734981999870005 ], [ 92.903823999749278, 23.699549999689943 ] ] ] } },
{ "type": "Feature", "properties": { "pincode": "796181", "officename": "Serchhip S.O", "officetype": "S.O", "circle": "North Eastern", "region": "North East - I", "division": "Mizoram", "state": "Mizoram", "district": "Mizoram" }, "geometry": { "type": "Polygon", "coordinates": [ [ [ 93.029765999664065, 23.42718199989994 ], [ 93.077105999716579, 23.376161000403179 ], [ 93.06587200025173, 23.351712000054277 ], [ 93.039092999748249, 23.345407999855606 ], [ 93.019867000017697, 23.312305999822414 ], [ 93.032570000093628, 23.282665000252848 ], [ 93.071021999554773, 23.259326000261609 ], [ 93.046499000208044, 23.20602799985668 ], [ 93.022725999800471, 23.201786999967123 ], [ 92.994564999622867, 23.200448000218728 ], [ 92.940215999668894, 23.186443999936493 ], [ 92.873611000426052, 23.17697599974387 ], [ 92.81977399975986, 23.158938000362376 ], [ 92.828756000062555, 23.221198000273905 ], [ 92.808363999669595, 23.273170000031218 ], [ 92.816739000249953, 23.309403999663953 ], [ 92.817992999877546, 23.340364000015441 ], [ 92.827787999766883, 23.430818000286912 ], [ 92.866401999609749, 23.43064699984285 ], [ 92.948681999587563, 23.397329999971792 ], [ 92.974657999651825, 23.440992000003867 ], [ 92.985339999645944, 23.433195999886692 ], [ 93.029765999664065, 23.42718199989994 ] ] ] } },
{ "type": "Feature", "properties": { "pincode": "796184", "officename": "N. Vanlaiphai S.O", "officetype": "S.O", "circle": "North Eastern", "region": "North East - I", "division": "Mizoram", "state": "Mizoram", "district": "Mizoram" }, "geometry": { "type": "Polygon", "coordinates": [ [ [ 93.18500500028162, 23.062359000181146 ], [ 93.185469999713689, 23.059205000139332 ], [ 93.182873678099753, 23.059416586060696 ], [ 93.178720067651966, 23.055354014611762 ], [ 93.175666271793091, 23.054053705648137 ], [ 93.168962875158002, 23.046687064888108 ], [ 93.160396582829449, 23.047947547863298 ], [ 93.15976934406379, 23.047251524284668 ], [ 93.159863635727589, 23.044312037720434 ], [ 93.1560919161751, 23.043180603739728 ], [ 93.1527996849819, 23.0441908707928 ], [ 93.153534238288046, 23.046307302314954 ], [ 93.151351334842573, 23.053749877249142 ], [ 93.149689970793204, 23.054336206195234 ], [ 93.143790409132251, 23.052593733399078 ], [ 93.140152043585346, 23.053299411883959 ], [ 93.139539305424975, 23.054234113147793 ], [ 93.140649430876692, 23.057120014236389 ], [ 93.140329061103671, 23.058954840003292 ], [ 93.138574389944026, 23.060427571881025 ], [ 93.136265006401516, 23.060647646013102 ], [ 93.133923992279506, 23.058780027914523 ], [ 93.133261923135336, 23.054742001198871 ], [ 93.135525218612202, 23.049902184234625 ], [ 93.135365744293082, 23.048358330856583 ], [ 93.126730004108225, 23.043870856954907 ], [ 93.125771666091779, 23.039139404370509 ], [ 93.126478538710742, 23.033977833657612 ], [ 93.110536999746159, 23.03084399960068 ], [ 93.086088000019274, 23.029417999646668 ], [ 93.025639000009946, 23.076774000162914 ], [ 92.940215999668894, 23.186443999936493 ], [ 92.994564999622867, 23.200448000218728 ], [ 93.022725999800471, 23.201786999967123 ], [ 93.046499000208044, 23.20602799985668 ], [ 93.038063000426646, 23.183920000223676 ], [ 93.065529000120065, 23.173819999733194 ], [ 93.100547999688047, 23.145095000210215 ], [ 93.123894000298378, 23.11036500036602 ], [ 93.142089999809045, 23.093628000053403 ], [ 93.16612199978438, 23.086679999945805 ], [ 93.18500500028162, 23.062359000181146 ] ] ] } },
{ "type": "Feature", "properties": { "pincode": "796186", "officename": "Thenzawl S.O", "officetype": "S.O", "circle": "North Eastern", "region": "North East - I", "division": "Mizoram", "state": "Mizoram", "district": "Mizoram" }, "geometry": { "type": "Polygon", "coordinates": [ [ [ 92.750112000367466, 23.355278000349724 ], [ 92.764090999812339, 23.339418999857973 ], [ 92.817992999877546, 23.340364000015441 ], [ 92.816739000249953, 23.309403999663953 ], [ 92.808363999669595, 23.273170000031218 ], [ 92.828756000062555, 23.221198000273905 ], [ 92.81977399975986, 23.158938000362376 ], [ 92.820872999576736, 23.132168999817218 ], [ 92.727698999892723, 23.128363000099604 ], [ 92.706159000177365, 23.16183999958827 ], [ 92.694263999665196, 23.220082000234566 ], [ 92.695478000008151, 23.242835999687191 ], [ 92.725822999575868, 23.274062000401933 ], [ 92.728007999689211, 23.302604000141418 ], [ 92.71028599983147, 23.337159000216666 ], [ 92.722424999842815, 23.355880999788475 ], [ 92.750112000367466, 23.355278000349724 ] ] ] } },
{ "type": "Feature", "properties": { "pincode": "796190", "officename": "Aibawk S.O", "officetype": "S.O", "circle": "North Eastern", "region": "North East - I", "division": "Mizoram", "state": "Mizoram", "district": "Mizoram" }, "geometry": { "type": "Polygon", "coordinates": [ [ [ 92.700212000282889, 23.589468999654198 ], [ 92.711413000135792, 23.589041999599115 ], [ 92.715020000106222, 23.593168000005168 ], [ 92.720751999915535, 23.592015000088082 ], [ 92.720452000339876, 23.582795000251767 ], [ 92.715445000253652, 23.578456000174228 ], [ 92.715930999602151, 23.575814000231226 ], [ 92.713746000387133, 23.573255000154568 ], [ 92.711136000126345, 23.561657000313712 ], [ 92.709223999824502, 23.559682000136629 ], [ 92.707069999673294, 23.550864000268355 ], [ 92.752284999886953, 23.538511999848492 ], [ 92.828878000261284, 23.440880999724666 ], [ 92.817992999877546, 23.340364000015441 ], [ 92.764090999812339, 23.339418999857973 ], [ 92.750112000367466, 23.355278000349724 ], [ 92.722424999842815, 23.355880999788475 ], [ 92.71028599983147, 23.337159000216666 ], [ 92.689589999664904, 23.350450999803094 ], [ 92.657605999606787, 23.464154000180457 ], [ 92.655664000066025, 23.489316000354172 ], [ 92.658335000426192, 23.513582000192699 ], [ 92.65268300008448, 23.518033999903441 ], [ 92.639636999876871, 23.524014999597277 ], [ 92.635430999681716, 23.534953000051356 ], [ 92.635345000366328, 23.539674999729307 ], [ 92.642641000322953, 23.542350000265046 ], [ 92.644787000078239, 23.551004999928438 ], [ 92.647018000222317, 23.55391700000192 ], [ 92.653971000047278, 23.555253999868778 ], [ 92.658261999732929, 23.561469999962934 ], [ 92.660408000386511, 23.566268999629187 ], [ 92.660493999701913, 23.569887999606024 ], [ 92.658520000374097, 23.574136000274695 ], [ 92.652168000423686, 23.578698000227089 ], [ 92.650451999940387, 23.585385000004671 ], [ 92.650107999983831, 23.589947000049332 ], [ 92.653798999619838, 23.593958000237677 ], [ 92.658691000078321, 23.594351999594753 ], [ 92.663918000272588, 23.597477999695993 ], [ 92.674114000019884, 23.593252000264261 ], [ 92.700212000282889, 23.589468999654198 ] ] ] } },
{ "type": "Feature", "properties": { "pincode": "796261", "officename": "Saitual S.O", "officetype": "S.O", "circle": "North Eastern", "region": "North East - I", "division": "Mizoram", "state": "Mizoram", "district": "Mizoram" }, "geometry": { "type": "Polygon", "coordinates": [ [ [ 93.075165000000709, 24.100271000064055 ], [ 93.080880000091611, 24.087638000355401 ], [ 93.08515099968578, 24.081333000004946 ], [ 93.090840999662277, 24.07755200040652 ], [ 93.097948000371346, 24.071262999821073 ], [ 93.096522000316298, 24.063709999645578 ], [ 93.097936999602368, 24.059940000363593 ], [ 93.096513000095442, 24.0536510001319 ], [ 93.099357999634577, 24.049888999754675 ], [ 93.095087000040394, 24.046107000393327 ], [ 93.096507000247669, 24.042337000113726 ], [ 93.102203000071981, 24.046116999731169 ], [ 93.106456000122776, 24.047389000379908 ], [ 93.107883000002758, 24.052421000247158 ], [ 93.114982000315877, 24.053695999834179 ], [ 93.116403000348086, 24.057472999932248 ], [ 93.124942999886585, 24.061276000238308 ], [ 93.130640000434099, 24.070099999825729 ], [ 93.130651000304766, 24.076390999591315 ], [ 93.137772000359192, 24.083955000304282 ], [ 93.143469000008423, 24.085238999632654 ], [ 93.154012000085388, 24.080953000135814 ], [ 93.156861999647361, 24.07467500004487 ], [ 93.165395000411465, 24.072169999724252 ], [ 93.165382999817567, 24.068403000048807 ], [ 93.162508000141258, 24.058339999617825 ], [ 93.165156999861765, 24.052452999997318 ], [ 93.16268899989123, 24.050853000256669 ], [ 93.184165000032479, 24.03877000013172 ], [ 93.179066999709661, 24.012827000262938 ], [ 93.188049999837247, 23.986879000106185 ], [ 93.189506000029525, 23.925647000092599 ], [ 93.185379000375406, 23.873044999795258 ], [ 93.154791000235122, 23.828637999652994 ], [ 93.180767000299412, 23.803097999816902 ], [ 93.226443999572098, 23.724424000280646 ], [ 93.200673000445562, 23.710442000052133 ], [ 93.060354999629254, 23.668426000362761 ], [ 93.006946000381845, 23.661088000065529 ], [ 93.008159999826489, 23.642409000206097 ], [ 93.024910999913814, 23.592584000049147 ], [ 93.027218000225901, 23.57850699976316 ], [ 92.920302999850065, 23.545733999869132 ], [ 92.888030999911891, 23.568707000382002 ], [ 92.883567999798785, 23.663706999806337 ], [ 92.903823999749278, 23.699549999689943 ], [ 92.925453000051434, 23.747953999867665 ], [ 92.922707000246504, 23.792255999660352 ], [ 92.962875000190948, 23.831204000113591 ], [ 92.979011999984976, 23.866686999888319 ], [ 92.995491000085735, 23.892430000348131 ], [ 93.009224000381593, 23.940133999889561 ], [ 93.007163999941724, 24.00820800002494 ], [ 93.001328000375366, 24.059318000237234 ], [ 93.033600000313555, 24.083455000282498 ], [ 93.034629999635158, 24.091290999791021 ], [ 93.033415000365608, 24.092570999993345 ], [ 93.049387000303184, 24.088047000093503 ], [ 93.060867999640223, 24.091606000069152 ], [ 93.069449000084958, 24.097801999751859 ], [ 93.075165000000709, 24.100271000064055 ] ] ] } },
{ "type": "Feature", "properties": { "pincode": "796290", "officename": "Ngopa S.O", "officetype": "S.O", "circle": "North Eastern", "region": "North East - I", "division": "Mizoram", "state": "Mizoram", "district": "Mizoram" }, "geometry": { "type": "Polygon", "coordinates": [ [ [ 93.243449000102629, 24.082273000280519 ], [ 93.259108000045757, 24.069713999664412 ], [ 93.259109999695568, 24.064690000091485 ], [ 93.261986000095149, 24.057151999891328 ], [ 93.259128999962144, 24.054636999983945 ], [ 93.257702999907096, 24.054631000287269 ], [ 93.247753000207069, 24.030755000276425 ], [ 93.252065999634041, 24.025735999768763 ], [ 93.250638999754045, 24.02071199994753 ], [ 93.261449999619629, 24.026562000077536 ], [ 93.26646299955361, 24.018148999848094 ], [ 93.276415999626707, 23.978449999682262 ], [ 93.279815000082991, 23.940735999708608 ], [ 93.267919999570793, 23.891691000008393 ], [ 93.277629999969648, 23.823975000202296 ], [ 93.272047000123237, 23.791768999691797 ], [ 93.180767000299412, 23.803097999816902 ], [ 93.154791000235122, 23.828637999652994 ], [ 93.185379000375406, 23.873044999795258 ], [ 93.189506000029525, 23.925647000092599 ], [ 93.188049999837247, 23.986879000106185 ], [ 93.179066999709661, 24.012827000262938 ], [ 93.184165000032479, 24.03877000013172 ], [ 93.16268899989123, 24.050853000256669 ], [ 93.165156999861765, 24.052452999997318 ], [ 93.171014000242877, 24.050801999682164 ], [ 93.189465999846533, 24.053334000214505 ], [ 93.193718000072465, 24.049558999715344 ], [ 93.21216899985123, 24.047062999691256 ], [ 93.216430000297976, 24.058370999612595 ], [ 93.217864999675541, 24.064658999982765 ], [ 93.220705000090092, 24.070945000118769 ], [ 93.217866000398757, 24.078484999714103 ], [ 93.219291999555494, 24.080995999795519 ], [ 93.222138999642766, 24.083512999889688 ], [ 93.232070999799433, 24.081001000155531 ], [ 93.237764999973919, 24.083521000144511 ], [ 93.243449000102629, 24.082273000280519 ] ] ] } },
{ "type": "Feature", "properties": { "pincode": "796291", "officename": "Mimbung S.O", "officetype": "S.O", "circle": "North Eastern", "region": "North East - I", "division": "Mizoram", "state": "Mizoram", "district": "Mizoram" }, "geometry": { "type": "Polygon", "coordinates": [ [ [ 93.328149189914953, 24.042089941945715 ], [ 93.331590489343, 24.042614588246813 ], [ 93.334060876137272, 24.040450613027275 ], [ 93.337014438875102, 24.041446509675382 ], [ 93.337865653692262, 24.039828811355058 ], [ 93.336839097613122, 24.038932989774743 ], [ 93.334971529781825, 24.039073619143224 ], [ 93.332385480403175, 24.038020656135231 ], [ 93.332724693237608, 24.03694755969174 ], [ 93.335323842748068, 24.035627825895236 ], [ 93.32870991472204, 24.03379770261958 ], [ 93.325897780945922, 24.029336612595252 ], [ 93.331819334263344, 24.029972681170687 ], [ 93.330711504007198, 24.027093683862169 ], [ 93.333802581747022, 24.027360177619347 ], [ 93.335683639578917, 24.025815189109437 ], [ 93.337786028822094, 24.025596414232385 ], [ 93.337782854175884, 24.023587237073137 ], [ 93.338962861370163, 24.021477668098683 ], [ 93.335099618761546, 24.01902649125476 ], [ 93.333262057355739, 24.019287437730874 ], [ 93.331572149338172, 24.021069991379097 ], [ 93.329604361860547, 24.020438252946541 ], [ 93.330410847763048, 24.015311540865028 ], [ 93.333496374812725, 24.014440399035468 ], [ 93.33283218384787, 24.007605196069917 ], [ 93.334490964342478, 24.004709813127096 ], [ 93.333292619838318, 24.00330965811473 ], [ 93.332207323821081, 23.999411625214542 ], [ 93.334298827279625, 23.997724704052118 ], [ 93.334241971108668, 23.992181847630754 ], [ 93.337501784798221, 23.989665587750235 ], [ 93.33716494531275, 23.988879149812025 ], [ 93.33198562499885, 23.986678318630027 ], [ 93.329826407432463, 23.98658076089518 ], [ 93.328623385400618, 23.985379651249374 ], [ 93.331550917656429, 23.983976573368111 ], [ 93.334151170298057, 23.985134518269671 ], [ 93.335062928870414, 23.982603888643137 ], [ 93.332476344994149, 23.980263464052385 ], [ 93.333278171335309, 23.979064366331432 ], [ 93.339465857742127, 23.980556602818329 ], [ 93.339474238125419, 23.979381204662509 ], [ 93.337174928290523, 23.977546954373665 ], [ 93.336690146159228, 23.975883799625464 ], [ 93.343279789129866, 23.975083910628271 ], [ 93.34401304526871, 23.971243163748429 ], [ 93.343438731646344, 23.970216566611061 ], [ 93.341028028919524, 23.969787212349416 ], [ 93.344522214863332, 23.965547821120271 ], [ 93.346718052252257, 23.964417480347958 ], [ 93.347488678306959, 23.961256322649479 ], [ 93.348395366787827, 23.961073835911762 ], [ 93.350121576624332, 23.962612271115262 ], [ 93.351143698619211, 23.961653429335755 ], [ 93.350921893795785, 23.959241617021075 ], [ 93.352010036574157, 23.957286955964396 ], [ 93.350610976994489, 23.956147487070751 ], [ 93.350247353340492, 23.954552675401729 ], [ 93.352848624671665, 23.953524551374322 ], [ 93.353580395895378, 23.951067456194501 ], [ 93.351114779155267, 23.948289406983275 ], [ 93.348756194884643, 23.949130451118723 ], [ 93.34855814870383, 23.94805051516806 ], [ 93.350295840806297, 23.946237121374228 ], [ 93.353155741599338, 23.946943118742375 ], [ 93.354523486806514, 23.943290062873881 ], [ 93.353478155039625, 23.942166016349553 ], [ 93.350963380690544, 23.942515360809413 ], [ 93.350763915171598, 23.941649953194105 ], [ 93.353340658902255, 23.941009114828702 ], [ 93.35602241119804, 23.942337935410038 ], [ 93.357497160128602, 23.945454906799057 ], [ 93.36025635977829, 23.945067443802007 ], [ 93.361727938554239, 23.943775820099599 ], [ 93.359334194223365, 23.940932041660798 ], [ 93.363714721806872, 23.938347020323267 ], [ 93.365404042326219, 23.933569770492849 ], [ 93.368740122085072, 23.932874906872666 ], [ 93.369520584692111, 23.931094628722356 ], [ 93.368710925940007, 23.931017885460427 ], [ 93.368928608394583, 23.930182496406282 ], [ 93.371588132776992, 23.932351559691092 ], [ 93.378380217385114, 23.932812227302502 ], [ 93.380704784252544, 23.934531682457074 ], [ 93.381084559615346, 23.932910213279623 ], [ 93.383182439315789, 23.932049495338791 ], [ 93.384901135643233, 23.930100243862562 ], [ 93.386815671889138, 23.93119699980279 ], [ 93.393135115995349, 23.92884009359317 ], [ 93.390643178617424, 23.926881721137477 ], [ 93.390674010594594, 23.923821349729238 ], [ 93.392749866299226, 23.92549392500073 ], [ 93.393961295663843, 23.925340005608593 ], [ 93.394237011980749, 23.923860314312329 ], [ 93.391821355045138, 23.920240073181613 ], [ 93.391618067194685, 23.918509488082854 ], [ 93.392752819061585, 23.91810412803423 ], [ 93.392507949993217, 23.916694882740476 ], [ 93.394306675432688, 23.916962854750565 ], [ 93.395276084286735, 23.915374273737665 ], [ 93.39139737538386, 23.914241018329662 ], [ 93.391815339027687, 23.906491113405359 ], [ 93.390104162497494, 23.906029377916092 ], [ 93.391446724334017, 23.903532174819219 ], [ 93.390025461993758, 23.901897986679785 ], [ 93.390800293960623, 23.900411391750872 ], [ 93.38978996864202, 23.898243257377555 ], [ 93.39029236224448, 23.896405163802569 ], [ 93.389153259836618, 23.894776102618135 ], [ 93.389771791232263, 23.892453391184759 ], [ 93.388630604732981, 23.890859219480987 ], [ 93.38924757305999, 23.888842560272373 ], [ 93.388096853638913, 23.88516118600246 ], [ 93.386990773300937, 23.883974391225259 ], [ 93.387481575042941, 23.881795361387255 ], [ 93.385835730288406, 23.880530494237654 ], [ 93.386190872947807, 23.878528627252042 ], [ 93.384638815003854, 23.876813543687859 ], [ 93.384760919407157, 23.873008865432816 ], [ 93.387636597311527, 23.868657633862011 ], [ 93.386795211860218, 23.86672620102981 ], [ 93.388792137092409, 23.865107349709032 ], [ 93.387350224280425, 23.863634075248736 ], [ 93.387987230428195, 23.861299563004135 ], [ 93.385653007569729, 23.858535994396988 ], [ 93.387572088392645, 23.855150110629321 ], [ 93.386146365917028, 23.853678209164134 ], [ 93.386360350905932, 23.851413044323266 ], [ 93.384963835355123, 23.848127476358282 ], [ 93.386554616077674, 23.845746208250908 ], [ 93.387194581275992, 23.841732934497227 ], [ 93.388524579274929, 23.840713403284848 ], [ 93.388417044647213, 23.838114459970488 ], [ 93.389406309862309, 23.836632844947768 ], [ 93.388733440273441, 23.834790302267418 ], [ 93.39015620729181, 23.833841512384236 ], [ 93.388624476426116, 23.832876946867565 ], [ 93.390011236272926, 23.830113824050024 ], [ 93.38845513411357, 23.825574089984627 ], [ 93.391893113368354, 23.824323252921161 ], [ 93.392389597852855, 23.823422626267934 ], [ 93.3901996417341, 23.821161442840268 ], [ 93.390050215071412, 23.817718099215782 ], [ 93.391919607381041, 23.816441332033492 ], [ 93.393002327030047, 23.816464711115444 ], [ 93.393596717999031, 23.817663664146174 ], [ 93.394519035369228, 23.817443543672297 ], [ 93.396682644799029, 23.814074678688893 ], [ 93.398497372826995, 23.815281618106205 ], [ 93.401884060973998, 23.812444891904345 ], [ 93.401834742566592, 23.81023606023756 ], [ 93.403262332639699, 23.807045625381193 ], [ 93.403125091623835, 23.803631106152249 ], [ 93.402166035853469, 23.802049148348434 ], [ 93.402844227062047, 23.797087118988017 ], [ 93.401756977209047, 23.795088983906719 ], [ 93.397893652853782, 23.792780210763166 ], [ 93.397698547757216, 23.787909278925653 ], [ 93.396328505557818, 23.786448977642316 ], [ 93.272047000123237, 23.791768999691797 ], [ 93.277629999969648, 23.823975000202296 ], [ 93.267919999570793, 23.891691000008393 ], [ 93.279815000082991, 23.940735999708608 ], [ 93.276415999626707, 23.978449999682262 ], [ 93.26646299955361, 24.018148999848094 ], [ 93.261449999619629, 24.026562000077536 ], [ 93.269292999922442, 24.030804000337071 ], [ 93.272123000291216, 24.03708100029468 ], [ 93.280707000210654, 24.043377000268933 ], [ 93.283530000008454, 24.048396999885078 ], [ 93.293594000409612, 24.048412999852477 ], [ 93.307848000214079, 24.050927000314296 ], [ 93.325800832963822, 24.050353809657143 ], [ 93.325937019357525, 24.045966543618018 ], [ 93.32740637839639, 24.04477019782885 ], [ 93.328149189914953, 24.042089941945715 ] ] ] } },
{ "type": "Feature", "properties": { "pincode": "796310", "officename": "Khawzawl S.O", "officetype": "S.O", "circle": "North Eastern", "region": "North East - I", "division": "Mizoram", "state": "Mizoram", "district": "Mizoram" }, "geometry": { "type": "Polygon", "coordinates": [ [ [ 93.24170099983229, 23.454131999625606 ], [ 93.257481000149255, 23.422949000308055 ], [ 93.207227999887266, 23.42339499981901 ], [ 93.183923000183128, 23.351647000325727 ], [ 93.204918000100434, 23.329331000282302 ], [ 93.192215000024518, 23.295910000042422 ], [ 93.203887999880507, 23.249548000064035 ], [ 93.134880000066133, 23.266896000372494 ], [ 93.102951000259623, 23.321764999809314 ], [ 93.06587200025173, 23.351712000054277 ], [ 93.077105999716579, 23.376161000403179 ], [ 93.029765999664065, 23.42718199989994 ], [ 92.985339999645944, 23.433195999886692 ], [ 92.974657999651825, 23.440992000003867 ], [ 93.000633999716086, 23.504231999750484 ], [ 93.033407999794619, 23.540737000208541 ], [ 93.024910999913814, 23.592584000049147 ], [ 93.008159999826489, 23.642409000206097 ], [ 93.006946000381845, 23.661088000065529 ], [ 93.060354999629254, 23.668426000362761 ], [ 93.200673000445562, 23.710442000052133 ], [ 93.226443999572098, 23.724424000280646 ], [ 93.243643000271391, 23.707774999899545 ], [ 93.239759000291528, 23.690436000225116 ], [ 93.241214999585509, 23.675762999702041 ], [ 93.229077000297409, 23.669538000013922 ], [ 93.216452999864188, 23.623281999757673 ], [ 93.258937000341547, 23.592139000286991 ], [ 93.247527000251267, 23.570556999630533 ], [ 93.225435999991774, 23.544742999972378 ], [ 93.219852000320472, 23.521817999712493 ], [ 93.260150999786148, 23.515585000368358 ], [ 93.24170099983229, 23.454131999625606 ] ] ] } },
{ "type": "Feature", "properties": { "pincode": "796320", "officename": "S.Khawbung S.O", "officetype": "S.O", "circle": "North Eastern", "region": "North East - I", "division": "Mizoram", "state": "Mizoram", "district": "Mizoram" }, "geometry": { "type": "Polygon", "coordinates": [ [ [ 93.301239000345689, 23.283120999609778 ], [ 93.358726999566642, 23.237875999637193 ], [ 93.382105791379772, 23.231209060290084 ], [ 93.380797128368826, 23.22760603718875 ], [ 93.381269151728105, 23.224301053214749 ], [ 93.38355203856301, 23.223920319741737 ], [ 93.386000021374088, 23.219361417638755 ], [ 93.388381772297578, 23.21747814384991 ], [ 93.388035682859666, 23.215203695297568 ], [ 93.381382646677736, 23.215754338278341 ], [ 93.378324209223749, 23.212370754804873 ], [ 93.378333034273098, 23.207642030225042 ], [ 93.375450256084747, 23.204221602396984 ], [ 93.377354654842676, 23.201467594607259 ], [ 93.378929954897956, 23.2012361392479 ], [ 93.380268416823526, 23.199899724120812 ], [ 93.379795790694658, 23.196878280677122 ], [ 93.376964936027989, 23.19026089173456 ], [ 93.380636548223592, 23.186586011903294 ], [ 93.378361959126934, 23.184716426631518 ], [ 93.377916486374176, 23.181400874589379 ], [ 93.374307528076415, 23.177215228359952 ], [ 93.370301748883392, 23.176495588168251 ], [ 93.368645803471793, 23.175295908929289 ], [ 93.372552108620155, 23.171191755071188 ], [ 93.371231624678373, 23.165581837127615 ], [ 93.372079054893234, 23.159300632086811 ], [ 93.369598903411813, 23.156359761848854 ], [ 93.369254250380024, 23.15411795392534 ], [ 93.369787207363359, 23.152996534123567 ], [ 93.371391019047451, 23.152338698946597 ], [ 93.368281570760061, 23.145793250341658 ], [ 93.368234327460968, 23.144098716101478 ], [ 93.37118300066868, 23.141093589377427 ], [ 93.37516080362883, 23.141687960302843 ], [ 93.378281285024542, 23.140683126973194 ], [ 93.383529962464905, 23.144492518048491 ], [ 93.386453373250234, 23.144106235344967 ], [ 93.387088060846224, 23.143407616279472 ], [ 93.385649731413878, 23.13892151814197 ], [ 93.385612985827208, 23.133835432030846 ], [ 93.384478343554747, 23.132609845406094 ], [ 93.37962494999222, 23.133128410197759 ], [ 93.377451719605759, 23.132626871925044 ], [ 93.376863081447823, 23.131110099732204 ], [ 93.377956586270145, 23.12860570424694 ], [ 93.3775884674465, 23.126788430272612 ], [ 93.376195211881864, 23.126012561323382 ], [ 93.372342437341288, 23.126049812328617 ], [ 93.366207800045217, 23.121377649598369 ], [ 93.364546813288229, 23.119559042598045 ], [ 93.364240247027851, 23.115982221145256 ], [ 93.363207214993849, 23.114935714335672 ], [ 93.35756980598731, 23.116677221437641 ], [ 93.355664594254051, 23.116052167314304 ], [ 93.355401307027421, 23.113140532299148 ], [ 93.358507503413492, 23.109567699883094 ], [ 93.356424036283457, 23.106810008795836 ], [ 93.355370975411859, 23.103721829119642 ], [ 93.354118258578481, 23.099134999945569 ], [ 93.354288647428305, 23.096830111988581 ], [ 93.351550781868312, 23.09382320937209 ], [ 93.350599935801327, 23.091345737923721 ], [ 93.347132412753481, 23.093014303183114 ], [ 93.345610400760862, 23.092847513613556 ], [ 93.34457000703307, 23.091767488648138 ], [ 93.34639689375841, 23.0878978406007 ], [ 93.343446503870155, 23.085951600969359 ], [ 93.342915537553509, 23.083851157154079 ], [ 93.343511213113345, 23.080177821030858 ], [ 93.339260615157585, 23.07383377899367 ], [ 93.340097294335123, 23.073107194739841 ], [ 93.343676758247156, 23.075266410219527 ], [ 93.345178100903425, 23.075134004264555 ], [ 93.348004879015292, 23.073369893136441 ], [ 93.35158974539543, 23.072887699671451 ], [ 93.352059758325126, 23.070397137878338 ], [ 93.348213349246635, 23.070158927863176 ], [ 93.345859968018146, 23.070971757626403 ], [ 93.344006669026854, 23.069114055114774 ], [ 93.340814510156292, 23.067702064373456 ], [ 93.340408221916221, 23.064870542028125 ], [ 93.343617967105075, 23.059076835890885 ], [ 93.342430961136415, 23.057540180351033 ], [ 93.337179877109406, 23.059994228231574 ], [ 93.334605449235568, 23.059452456201619 ], [ 93.333151940071573, 23.054061668016658 ], [ 93.334043479363487, 23.05065405527564 ], [ 93.333599582255729, 23.048568641014189 ], [ 93.327417012652731, 23.04751680837326 ], [ 93.327998979921333, 23.039598687145027 ], [ 93.323684718361406, 23.035980963439421 ], [ 93.320365054416087, 23.036670904685433 ], [ 93.320307482287845, 23.028891633018091 ], [ 93.318603017071098, 23.02766427012363 ], [ 93.315695976285241, 23.027690956268067 ], [ 93.313671091888153, 23.026798665263325 ], [ 93.314154450189704, 23.01986775036023 ], [ 93.31339625592021, 23.018937715168853 ], [ 93.311470288612327, 23.019151718200209 ], [ 93.30710460119731, 23.021408221286098 ], [ 93.304522024705534, 23.020220188799222 ], [ 93.301835468219608, 23.016655896251006 ], [ 93.298230911666764, 23.013715710086778 ], [ 93.294378841405347, 23.006933450697897 ], [ 93.292771779616558, 23.006241133008103 ], [ 93.290403503422326, 23.008614554675653 ], [ 93.287733976299251, 23.007962939275956 ], [ 93.283169591424866, 23.008372012659965 ], [ 93.280773338997776, 23.005286591322051 ], [ 93.275012193349042, 23.003910613594115 ], [ 93.272380795218197, 23.009692099022697 ], [ 93.26994377185359, 23.010867285901281 ], [ 93.267309473961006, 23.010478968791613 ], [ 93.263995028329148, 23.008101002456893 ], [ 93.260271930989717, 23.008453199607459 ], [ 93.246912495104766, 23.006598811328011 ], [ 93.240939396456312, 23.007146644260626 ], [ 93.23550643682195, 23.011271638349548 ], [ 93.23047211357806, 23.011428592119454 ], [ 93.228699862388311, 23.012295187791722 ], [ 93.228663136564535, 23.014918487364824 ], [ 93.230570963293601, 23.017340385293146 ], [ 93.230478157443272, 23.018618472286811 ], [ 93.228762281825823, 23.020570020314413 ], [ 93.225524891882387, 23.020272630595866 ], [ 93.224990875785366, 23.023870250043071 ], [ 93.218700520026374, 23.023943970315671 ], [ 93.215285195384709, 23.026874123393164 ], [ 93.215207652809397, 23.02873485995767 ], [ 93.217547623089018, 23.031927021840133 ], [ 93.217423285473913, 23.033867211036458 ], [ 93.216351980717235, 23.036042009004515 ], [ 93.213457272901891, 23.035940309643749 ], [ 93.211304607647207, 23.03917494263461 ], [ 93.210731120474861, 23.046580980089185 ], [ 93.209865362831579, 23.048539559367722 ], [ 93.206132960742451, 23.048661995354927 ], [ 93.202008197893363, 23.050750539302456 ], [ 93.20124900829056, 23.052097630945926 ], [ 93.20207110691274, 23.05369206913522 ], [ 93.201516321766306, 23.054852003282647 ], [ 93.194727465703309, 23.054469741046855 ], [ 93.189718658206743, 23.051746071878192 ], [ 93.187176959551962, 23.052932930418919 ], [ 93.186948600620212, 23.057605249709862 ], [ 93.185469804779288, 23.059205076181048 ], [ 93.18500500028162, 23.062359000181146 ], [ 93.16612199978438, 23.086679999945805 ], [ 93.142089999809045, 23.093628000053403 ], [ 93.123894000298378, 23.11036500036602 ], [ 93.100547999688047, 23.145095000210215 ], [ 93.144493000380564, 23.149830999588659 ], [ 93.109130999782579, 23.201907000018526 ], [ 93.136939999607662, 23.224940999707623 ], [ 93.134880000066133, 23.266896000372494 ], [ 93.203887999880507, 23.249548000064035 ], [ 93.192215000024518, 23.295910000042422 ], [ 93.204918000100434, 23.329331000282302 ], [ 93.258476000209086, 23.327754999596554 ], [ 93.265342999820319, 23.308207000023042 ], [ 93.301239000345689, 23.283120999609778 ] ] ] } },
{ "type": "Feature", "properties": { "pincode": "796321", "officename": "Champhai S.O", "officetype": "S.O", "circle": "North Eastern", "region": "North East - I", "division": "Mizoram", "state": "Mizoram", "district": "Mizoram" }, "geometry": { "type": "Polygon", "coordinates": [ [ [ 93.395192455625349, 23.749322030400432 ], [ 93.401556118403107, 23.747379203068324 ], [ 93.403768736321553, 23.745269354062959 ], [ 93.403393597163941, 23.740919038000879 ], [ 93.403986985613074, 23.737737460913753 ], [ 93.405532637670717, 23.736063827193874 ], [ 93.40654570913911, 23.732550431970711 ], [ 93.409750737274436, 23.731055274692654 ], [ 93.411037355628309, 23.729113532667981 ], [ 93.409904241390194, 23.726748630495063 ], [ 93.410956222486789, 23.72375304375171 ], [ 93.409343496820142, 23.720986658081117 ], [ 93.411209609380677, 23.719708920677963 ], [ 93.412287211327509, 23.717427702666789 ], [ 93.409993224908973, 23.717985063438917 ], [ 93.409387523252221, 23.716740425664373 ], [ 93.408097237975355, 23.716941137406234 ], [ 93.408076491383852, 23.715536759811155 ], [ 93.407068065103786, 23.714781619868777 ], [ 93.406140011990516, 23.715322671111224 ], [ 93.406130357796144, 23.712550244002372 ], [ 93.40756873843246, 23.709351271280038 ], [ 93.408592486377998, 23.70869734682697 ], [ 93.407274845604107, 23.707243766886709 ], [ 93.409289640123916, 23.706688227319518 ], [ 93.410242321449047, 23.703799793062668 ], [ 93.412045215071444, 23.704066413342694 ], [ 93.414091275454723, 23.702619075869553 ], [ 93.41571164308948, 23.702720799005025 ], [ 93.416874648768697, 23.701519250992163 ], [ 93.41718624110311, 23.702235682493757 ], [ 93.419449559936169, 23.701487643907672 ], [ 93.419762269774765, 23.699768050198045 ], [ 93.421326565467851, 23.699205711616226 ], [ 93.419835730405438, 23.69859795282909 ], [ 93.421174421401432, 23.696014731310711 ], [ 93.422125144399217, 23.69596419781654 ], [ 93.422645182710454, 23.694507915337109 ], [ 93.425622066611382, 23.691949332975963 ], [ 93.425537915130477, 23.689276162856192 ], [ 93.427153372573912, 23.689222917861034 ], [ 93.427320691880411, 23.688055234177384 ], [ 93.428790656383782, 23.687506594624601 ], [ 93.436602867828569, 23.68721517841136 ], [ 93.436068187876515, 23.684785296596782 ], [ 93.436838242602676, 23.683464786839405 ], [ 93.436574472980752, 23.681732902842615 ], [ 93.435289966566089, 23.68110522891341 ], [ 93.435053995310625, 23.679127171395066 ], [ 93.436100155324183, 23.678047953700073 ], [ 93.432557368726918, 23.67489240233985 ], [ 93.431430159115138, 23.674890063370043 ], [ 93.43288347963292, 23.673042435264332 ], [ 93.431102525564697, 23.673421150795846 ], [ 93.429954504682726, 23.669637031390835 ], [ 93.425588864878449, 23.664271223988443 ], [ 93.425799691390822, 23.662220389200026 ], [ 93.422415381084363, 23.65996706034143 ], [ 93.42410012917891, 23.656103557368528 ], [ 93.420386923189056, 23.653320867788555 ], [ 93.42199938744595, 23.651649520335287 ], [ 93.419576877263097, 23.650075506725791 ], [ 93.420438783828715, 23.649620779197356 ], [ 93.420212390410811, 23.648758356662501 ], [ 93.416501565854801, 23.647628637261004 ], [ 93.418427111852836, 23.646714353006072 ], [ 93.417188609062194, 23.6418055518796 ], [ 93.41713800965718, 23.637653359135903 ], [ 93.418343928755831, 23.635888541751058 ], [ 93.423377791163986, 23.633866041289679 ], [ 93.422672707090754, 23.631155455611712 ], [ 93.424577966434725, 23.629539016115469 ], [ 93.424486054408121, 23.628673361836565 ], [ 93.421565036734719, 23.626904816148347 ], [ 93.422687695481258, 23.624584059978343 ], [ 93.419941868152904, 23.623451829101619 ], [ 93.422429949063329, 23.615518991313404 ], [ 93.420524504666417, 23.61159759176191 ], [ 93.42208033283957, 23.61032024336826 ], [ 93.421636688158401, 23.607334756801876 ], [ 93.423260753258887, 23.606882284417399 ], [ 93.424482808794991, 23.604910414364987 ], [ 93.421673818224065, 23.603118538073982 ], [ 93.42487641911147, 23.602194006621328 ], [ 93.425889608259155, 23.600764420378979 ], [ 93.424283930774237, 23.601071837432151 ], [ 93.424560040553217, 23.59974271521957 ], [ 93.426497100258246, 23.599261980492535 ], [ 93.425854080787985, 23.596363998335736 ], [ 93.427561275086575, 23.59411176293138 ], [ 93.425859331440805, 23.591032758714732 ], [ 93.427411242061069, 23.590416674072305 ], [ 93.428553439165015, 23.588797986830194 ], [ 93.428235717625441, 23.587875829153525 ], [ 93.423228108481467, 23.584442793699754 ], [ 93.422733068487943, 23.57823020589203 ], [ 93.421451954111831, 23.574009522085788 ], [ 93.422071896760741, 23.571370441235729 ], [ 93.418117282013029, 23.568676378092071 ], [ 93.414668216649332, 23.571156412985196 ], [ 93.413554088304721, 23.565067044404241 ], [ 93.411994580632125, 23.563823505062842 ], [ 93.410468257624458, 23.564542113203704 ], [ 93.409815319855142, 23.563648662984413 ], [ 93.409774794157741, 23.563009091200374 ], [ 93.413776697120326, 23.560267915193581 ], [ 93.409149410413121, 23.558717819487292 ], [ 93.409055798773991, 23.557406121595218 ], [ 93.409483320492456, 23.556672642365477 ], [ 93.412436504141212, 23.556440386031252 ], [ 93.41259743642604, 23.553456956884784 ], [ 93.414484344087072, 23.549650902190752 ], [ 93.415326384410236, 23.544568271686003 ], [ 93.417802131451779, 23.542566297354607 ], [ 93.41853631465203, 23.540007095278682 ], [ 93.416088123431805, 23.536656825441952 ], [ 93.41398144832641, 23.529537738842002 ], [ 93.411142559127853, 23.525039737614765 ], [ 93.409192398392719, 23.523433693651963 ], [ 93.408750152388464, 23.517307650151178 ], [ 93.407518223469083, 23.516531459735585 ], [ 93.405500441152611, 23.517282491854044 ], [ 93.403804146113401, 23.516724054341886 ], [ 93.404277437893896, 23.512588018399089 ], [ 93.401572949238258, 23.509917819109056 ], [ 93.399318264113404, 23.511005043774787 ], [ 93.397961437030148, 23.510562367483843 ], [ 93.396557737652046, 23.507662017880513 ], [ 93.39695282390052, 23.504987145934738 ], [ 93.394722588222734, 23.503759566160337 ], [ 93.395411968846474, 23.50198677838441 ], [ 93.394467348104399, 23.499391851843825 ], [ 93.395284438618873, 23.491469815060469 ], [ 93.393785210596803, 23.486680638178999 ], [ 93.395780195467964, 23.485751548003975 ], [ 93.39598572012352, 23.483916278245097 ], [ 93.395508273634846, 23.48131779912999 ], [ 93.392673513093342, 23.47982655661971 ], [ 93.392498019117738, 23.478813909242323 ], [ 93.395404193927689, 23.475015813934959 ], [ 93.398162512330103, 23.474802591344197 ], [ 93.397464922901278, 23.472866906730065 ], [ 93.39931261281194, 23.471883431847374 ], [ 93.397847272835662, 23.469323611837918 ], [ 93.397413585081097, 23.466294183644234 ], [ 93.393959942801018, 23.464474014664866 ], [ 93.394315257038627, 23.461870529714524 ], [ 93.393528802668612, 23.460579537975946 ], [ 93.394189022181635, 23.458339461335679 ], [ 93.392206270567982, 23.457373701304295 ], [ 93.396013139400935, 23.453674227749747 ], [ 93.392958290716521, 23.450781800947325 ], [ 93.394782028846777, 23.448958696018813 ], [ 93.394756988308217, 23.448069600821224 ], [ 93.393007316273142, 23.447765544693993 ], [ 93.39054561618768, 23.450716023249957 ], [ 93.389285078621441, 23.449708220869685 ], [ 93.388012843193565, 23.446377600432289 ], [ 93.388238868302182, 23.444889371022565 ], [ 93.391078021605423, 23.442028759372917 ], [ 93.38974635543498, 23.439441000838713 ], [ 93.390735035846788, 23.43650112527812 ], [ 93.389291199741763, 23.432779239158979 ], [ 93.390290671615105, 23.427367776434494 ], [ 93.389844825163181, 23.423893864949378 ], [ 93.388441043140034, 23.422543523994989 ], [ 93.388312168134448, 23.420816679133679 ], [ 93.390792758892005, 23.418557799989443 ], [ 93.391494624301586, 23.40828501234077 ], [ 93.394442462076128, 23.397174702425847 ], [ 93.398127187878188, 23.396570561786966 ], [ 93.398341612143241, 23.392798724189685 ], [ 93.402393323095083, 23.389315717927438 ], [ 93.401647264166769, 23.38374855463309 ], [ 93.400667406109363, 23.383178995714129 ], [ 93.396956269837958, 23.383539961341715 ], [ 93.395839519311025, 23.381911007309814 ], [ 93.395000006847098, 23.376815627343223 ], [ 93.393049164290673, 23.375033682376866 ], [ 93.3864904413321, 23.374078718178655 ], [ 93.386936306648664, 23.371843920903778 ], [ 93.390103062959582, 23.371174992899149 ], [ 93.391195365836055, 23.370036759866863 ], [ 93.387963132222353, 23.367420533142816 ], [ 93.389120022171127, 23.36667615876236 ], [ 93.389300395795345, 23.364521858195435 ], [ 93.38763068639696, 23.359396960759426 ], [ 93.384009640368745, 23.361928444374676 ], [ 93.382535802329869, 23.360976870049114 ], [ 93.38141366280955, 23.358186490750388 ], [ 93.380343665999916, 23.358638901795626 ], [ 93.379319691678916, 23.360831302320097 ], [ 93.374878260115793, 23.358985032949686 ], [ 93.371187254191568, 23.359065647019893 ], [ 93.365869084877446, 23.356505994632329 ], [ 93.36075124256665, 23.356306384873651 ], [ 93.356200472558697, 23.353399524972666 ], [ 93.355772619361915, 23.351891917170761 ], [ 93.358290873784412, 23.346089726237334 ], [ 93.35812044361208, 23.342303310963484 ], [ 93.360100231683589, 23.340936101736109 ], [ 93.36303908989855, 23.336317739958808 ], [ 93.370085027626146, 23.333064752595455 ], [ 93.37288270301778, 23.329417940156674 ], [ 93.371604853119365, 23.326146755806878 ], [ 93.366917671240586, 23.322156260147512 ], [ 93.3675460634431, 23.319744280895232 ], [ 93.371470793037929, 23.316561853406494 ], [ 93.371573777698742, 23.313544596352486 ], [ 93.369018442617957, 23.313061829397089 ], [ 93.365489086732467, 23.314109591805554 ], [ 93.363832550229432, 23.313234671935994 ], [ 93.367286912958363, 23.310458937781135 ], [ 93.371624486698224, 23.309614270376461 ], [ 93.369430991217243, 23.307714340010225 ], [ 93.366049001259185, 23.307325347191941 ], [ 93.365084959838967, 23.306335122344443 ], [ 93.368544315404279, 23.301829457731831 ], [ 93.368604918448256, 23.29920862400688 ], [ 93.365997848491958, 23.293982508122586 ], [ 93.369564437749318, 23.289499007050743 ], [ 93.369927341852744, 23.287167520634746 ], [ 93.367219197952224, 23.283105295181571 ], [ 93.366897283975234, 23.280983600164767 ], [ 93.363884372241515, 23.281504318355619 ], [ 93.362676533443135, 23.280396344367297 ], [ 93.362614712283573, 23.279137561391266 ], [ 93.363464309234885, 23.278105212087908 ], [ 93.369162643780626, 23.276065829803652 ], [ 93.365708034014986, 23.269204375021729 ], [ 93.366332995551403, 23.268596443492083 ], [ 93.368397304311372, 23.268769678834765 ], [ 93.368592913362818, 23.266195111343436 ], [ 93.369880896257612, 23.263470960741081 ], [ 93.373643567080279, 23.261256124721957 ], [ 93.372657751395877, 23.259475771016202 ], [ 93.370227536362819, 23.258644139401024 ], [ 93.370092201571993, 23.256670526352693 ], [ 93.371693338971497, 23.254630802788977 ], [ 93.36947237839901, 23.250443278404472 ], [ 93.376636081667129, 23.247891742359368 ], [ 93.377010026065378, 23.246048474897282 ], [ 93.376211110265757, 23.244053763888651 ], [ 93.379389109890823, 23.237814326107337 ], [ 93.378796882065032, 23.234306490289036 ], [ 93.381577900894641, 23.23280510892365 ], [ 93.382105791379772, 23.231209060290084 ], [ 93.358726999566642, 23.237875999637193 ], [ 93.301239000345689, 23.283120999609778 ], [ 93.265342999820319, 23.308207000023042 ], [ 93.258476000209086, 23.327754999596554 ], [ 93.204918000100434, 23.329331000282302 ], [ 93.183923000183128, 23.351647000325727 ], [ 93.207227999887266, 23.42339499981901 ], [ 93.257481000149255, 23.422949000308055 ], [ 93.24170099983229, 23.454131999625606 ], [ 93.260150999786148, 23.515585000368358 ], [ 93.219852000320472, 23.521817999712493 ], [ 93.225435999991774, 23.544742999972378 ], [ 93.247527000251267, 23.570556999630533 ], [ 93.258937000341547, 23.592139000286991 ], [ 93.216452999864188, 23.623281999757673 ], [ 93.229077000297409, 23.669538000013922 ], [ 93.241214999585509, 23.675762999702041 ], [ 93.239759000291528, 23.690436000225116 ], [ 93.243643000271391, 23.707774999899545 ], [ 93.226443999572098, 23.724424000280646 ], [ 93.180767000299412, 23.803097999816902 ], [ 93.272047000123237, 23.791768999691797 ], [ 93.396328505557818, 23.786448977642316 ], [ 93.395861951141981, 23.783123989334765 ], [ 93.396490077443161, 23.780495082800183 ], [ 93.394089327151406, 23.774412098919097 ], [ 93.39570705643419, 23.768521036875647 ], [ 93.393945319126502, 23.763597013436602 ], [ 93.391669170554579, 23.760668064981864 ], [ 93.392648752829174, 23.760160065137107 ], [ 93.391717212455944, 23.757951930075915 ], [ 93.391927278993563, 23.755845924337887 ], [ 93.395238950627814, 23.753855842234771 ], [ 93.395192455625349, 23.749322030400432 ] ] ] } },
{ "type": "Feature", "properties": { "pincode": "796370", "officename": "Lungdar S.O", "officetype": "S.O", "circle": "North Eastern", "region": "North East - I", "division": "Mizoram", "state": "Mizoram", "district": "Mizoram" }, "geometry": { "type": "Polygon", "coordinates": [ [ [ 93.144493000380564, 23.149830999588659 ], [ 93.100547999688047, 23.145095000210215 ], [ 93.065529000120065, 23.173819999733194 ], [ 93.038063000426646, 23.183920000223676 ], [ 93.046499000208044, 23.20602799985668 ], [ 93.071021999554773, 23.259326000261609 ], [ 93.032570000093628, 23.282665000252848 ], [ 93.019867000017697, 23.312305999822414 ], [ 93.039092999748249, 23.345407999855606 ], [ 93.06587200025173, 23.351712000054277 ], [ 93.102951000259623, 23.321764999809314 ], [ 93.134880000066133, 23.266896000372494 ], [ 93.136939999607662, 23.224940999707623 ], [ 93.109130999782579, 23.201907000018526 ], [ 93.144493000380564, 23.149830999588659 ] ] ] } },
{ "type": "Feature", "properties": { "pincode": "796410", "officename": "Sairang S.O", "officetype": "S.O", "circle": "North Eastern", "region": "North East - I", "division": "Mizoram", "state": "Mizoram", "district": "Mizoram" }, "geometry": { "type": "Polygon", "coordinates": [ [ [ 92.693367000412962, 23.829477000210691 ], [ 92.689332999746966, 23.812124000249351 ], [ 92.672595999903336, 23.806312999915839 ], [ 92.665253000091042, 23.811037999987896 ], [ 92.654329000247586, 23.7980999999406 ], [ 92.652144000134243, 23.793490999830468 ], [ 92.648685000301811, 23.790270000038468 ], [ 92.642796999958563, 23.790491999590678 ], [ 92.638865000298125, 23.787229999591094 ], [ 92.636890000247078, 23.775920000343877 ], [ 92.633542999669302, 23.770029000015708 ], [ 92.625132000002253, 23.76578700020184 ], [ 92.627791999593441, 23.759895000040839 ], [ 92.634119000327786, 23.75872199983386 ], [ 92.586232999754003, 23.74622399978696 ], [ 92.543141999554337, 23.74311299963296 ], [ 92.509518999904159, 23.750112000022394 ], [ 92.503935000232858, 23.760222000321203 ], [ 92.497624000290315, 23.791546999855029 ], [ 92.515587999997379, 23.807540000296239 ], [ 92.600068999982028, 23.829556000207983 ], [ 92.622556999901576, 23.824923000218316 ], [ 92.642125999763834, 23.827827999665931 ], [ 92.642125999763834, 23.839762000276487 ], [ 92.622643000115289, 23.854364000145623 ], [ 92.613028999975938, 23.855933999753265 ], [ 92.587365999906112, 23.86927700009867 ], [ 92.576637000056323, 23.902473999810148 ], [ 92.5830769998703, 23.935854999658019 ], [ 92.655816000401998, 23.928326999657596 ], [ 92.713623000363498, 23.899806000120517 ], [ 92.709160000250392, 23.894626999830617 ], [ 92.705727000357243, 23.883639999612285 ], [ 92.700920000287525, 23.872337999770437 ], [ 92.701607000375802, 23.858995000139501 ], [ 92.703495000388216, 23.850831000135546 ], [ 92.693367000412962, 23.829477000210691 ] ] ] } },
{ "type": "Feature", "properties": { "pincode": "796421", "officename": "Lengpui Airport S.O", "officetype": "S.O", "circle": "North Eastern", "region": "North East - I", "division": "Mizoram", "state": "Mizoram", "district": "Mizoram" }, "geometry": { "type": "Polygon", "coordinates": [ [ [ 92.642125999763834, 23.839762000276487 ], [ 92.642125999763834, 23.827827999665931 ], [ 92.622556999901576, 23.824923000218316 ], [ 92.600068999982028, 23.829556000207983 ], [ 92.515587999997379, 23.807540000296239 ], [ 92.525783999744718, 23.851732000067368 ], [ 92.552488999730016, 23.863499000180806 ], [ 92.570453000335391, 23.868161000318192 ], [ 92.587365999906112, 23.86927700009867 ], [ 92.613028999975938, 23.855933999753265 ], [ 92.622643000115289, 23.854364000145623 ], [ 92.642125999763834, 23.839762000276487 ] ] ] } },
{ "type": "Feature", "properties": { "pincode": "796431", "officename": "Phaileng S.O", "officetype": "S.O", "circle": "North Eastern", "region": "North East - I", "division": "Mizoram", "state": "Mizoram", "district": "Mizoram" }, "geometry": { "type": "Polygon", "coordinates": [ [ [ 92.543141999554337, 23.74311299963296 ], [ 92.470551000058975, 23.545733999869132 ], [ 92.51861599983458, 23.507329999697792 ], [ 92.51243600031161, 23.449861000032652 ], [ 92.492007999933634, 23.427810999772877 ], [ 92.489432999832971, 23.410012000162713 ], [ 92.458191000114709, 23.360537999952395 ], [ 92.456130999674841, 23.292757000325992 ], [ 92.441024999925688, 23.271626999994563 ], [ 92.42179900019508, 23.239453000172084 ], [ 92.399070000251172, 23.262653000155279 ], [ 92.391333875212638, 23.259102145600792 ], [ 92.389594338868932, 23.259413329210471 ], [ 92.388739394246741, 23.266062214076193 ], [ 92.389572108260595, 23.266096951940586 ], [ 92.390971699642932, 23.264413848138251 ], [ 92.393435858417334, 23.263804777325365 ], [ 92.39472074841261, 23.264332102978493 ], [ 92.39432366970081, 23.266285014739527 ], [ 92.39065720664847, 23.273540031789018 ], [ 92.388142704488942, 23.281294117093374 ], [ 92.385962410649356, 23.283252722986433 ], [ 92.381164558124226, 23.285102869224581 ], [ 92.38247657005455, 23.29067537724298 ], [ 92.384694450303925, 23.292614722596191 ], [ 92.382742446225805, 23.296112998392307 ], [ 92.384624885666625, 23.298119015667101 ], [ 92.383046902343622, 23.301830638368472 ], [ 92.38576030138853, 23.303096621331239 ], [ 92.385683010341495, 23.30620336406297 ], [ 92.383077239349063, 23.308718222369876 ], [ 92.37626448540459, 23.312963265664024 ], [ 92.377334622351412, 23.318326452930748 ], [ 92.376090431428381, 23.319890938037258 ], [ 92.371355335208989, 23.317957029110993 ], [ 92.369368984944316, 23.322438021784148 ], [ 92.367429700112339, 23.322928072483489 ], [ 92.368819490874913, 23.318341177296951 ], [ 92.368042209202287, 23.317109567395313 ], [ 92.364364109373739, 23.322918332745221 ], [ 92.368285349013718, 23.325457920378426 ], [ 92.372087654405021, 23.331684496336713 ], [ 92.374848665956648, 23.33735497408372 ], [ 92.376188365760683, 23.347002890091375 ], [ 92.380684810151777, 23.351179867808646 ], [ 92.380493908272427, 23.355569881826131 ], [ 92.376418448559448, 23.356669498616743 ], [ 92.379057810255276, 23.36182777028619 ], [ 92.375686814777964, 23.365370202370649 ], [ 92.370995349731928, 23.365634382373376 ], [ 92.369264227009168, 23.367008230301526 ], [ 92.369341418343225, 23.36923290517997 ], [ 92.371124295704433, 23.372619292805034 ], [ 92.370490139911084, 23.37358059465247 ], [ 92.368539931565238, 23.371905120838473 ], [ 92.365640926209593, 23.367099763472051 ], [ 92.363939764996474, 23.366162061293778 ], [ 92.36027004105965, 23.367730480368632 ], [ 92.356425356746485, 23.372346963127878 ], [ 92.357408068751582, 23.37464931725939 ], [ 92.360116863032346, 23.37573261401992 ], [ 92.361745426895766, 23.377660906261561 ], [ 92.365107275726828, 23.379591141973375 ], [ 92.363385316718279, 23.381018878123783 ], [ 92.356190614386364, 23.379616206946942 ], [ 92.353702330456699, 23.379966776361485 ], [ 92.352664866135044, 23.380865143770531 ], [ 92.353047093898553, 23.382860627304201 ], [ 92.3566752959063, 23.384709351955959 ], [ 92.356014905713394, 23.387765624199805 ], [ 92.358037120317476, 23.388837216292817 ], [ 92.358810479945575, 23.390702513915393 ], [ 92.357306300409661, 23.391716906731407 ], [ 92.355567727059892, 23.388878335050553 ], [ 92.354532910971741, 23.389057865345322 ], [ 92.352942668340035, 23.399395024909143 ], [ 92.353410768756476, 23.405787029832442 ], [ 92.354230320654793, 23.405727026909851 ], [ 92.355415539874372, 23.400806987373084 ], [ 92.358147630165405, 23.404765232011808 ], [ 92.357401039434464, 23.410698267167003 ], [ 92.352556435886996, 23.413507291340729 ], [ 92.347752142441237, 23.412806394269595 ], [ 92.348266797149009, 23.419019923887127 ], [ 92.346490484675854, 23.433186307810832 ], [ 92.344156716364964, 23.433356366177861 ], [ 92.3423914882041, 23.43562709607664 ], [ 92.341367598324723, 23.435528090989017 ], [ 92.338077912957047, 23.431764153852715 ], [ 92.335681391035322, 23.433450060764759 ], [ 92.335295198108156, 23.428648784608839 ], [ 92.333916692880507, 23.428833831266846 ], [ 92.3330289399875, 23.431004945430217 ], [ 92.332899594264688, 23.435575118847606 ], [ 92.330823503201458, 23.439768989858599 ], [ 92.331208248044362, 23.442940645488058 ], [ 92.330381135026286, 23.446162095677213 ], [ 92.329587654932467, 23.447779072050078 ], [ 92.327079679931757, 23.448543940662777 ], [ 92.32927379075872, 23.4499476663457 ], [ 92.33329509822974, 23.455931620085494 ], [ 92.331724542177511, 23.457091432122851 ], [ 92.331573431173652, 23.454714136160572 ], [ 92.329935075673646, 23.454039850050325 ], [ 92.325504109483575, 23.45908113729541 ], [ 92.327036987497891, 23.459734829111348 ], [ 92.330660618877474, 23.459361911493335 ], [ 92.33213402392839, 23.464462788065688 ], [ 92.331801110979072, 23.466064749178518 ], [ 92.330298987686803, 23.467007077384576 ], [ 92.327837016310156, 23.46640598988057 ], [ 92.326838828129368, 23.467481741428674 ], [ 92.319325199617055, 23.469962410278249 ], [ 92.31713375678649, 23.471654445459453 ], [ 92.319004202819968, 23.473033808437844 ], [ 92.318848436746336, 23.47418523132847 ], [ 92.320058600384698, 23.475291903785241 ], [ 92.320804741957971, 23.473720496380373 ], [ 92.323704643832301, 23.475217210651099 ], [ 92.322451935982102, 23.478199468286178 ], [ 92.322854111734785, 23.478923976242477 ], [ 92.325286815101208, 23.47799628898278 ], [ 92.326159678418364, 23.478802581694413 ], [ 92.324060445855096, 23.48024702900744 ], [ 92.320942382724141, 23.480447363104943 ], [ 92.321773936114639, 23.482888156169775 ], [ 92.316058530883595, 23.486823763852843 ], [ 92.319117104881499, 23.489407195965594 ], [ 92.321945527808651, 23.49011434765244 ], [ 92.321945089430798, 23.491770539323412 ], [ 92.3189026563619, 23.492133712194502 ], [ 92.317430855702099, 23.49425414315639 ], [ 92.320516462701846, 23.494449819379941 ], [ 92.319292286243382, 23.500609711044287 ], [ 92.322827141615008, 23.50102179262419 ], [ 92.320489605769808, 23.501455501785621 ], [ 92.318915652289149, 23.503316521176163 ], [ 92.319488341757506, 23.504911121098026 ], [ 92.318825871964705, 23.507898648831091 ], [ 92.319704750401002, 23.509428557750056 ], [ 92.319786885164064, 23.512433747615056 ], [ 92.31613489576759, 23.511836986688497 ], [ 92.315596787844399, 23.512882776800097 ], [ 92.315667304695893, 23.513605281929909 ], [ 92.318378498376774, 23.514918732128461 ], [ 92.317685421185615, 23.517160733140077 ], [ 92.316788910616935, 23.517660322959205 ], [ 92.315126624896038, 23.515359850961236 ], [ 92.313600341414258, 23.515504149753539 ], [ 92.314276873434508, 23.517029944062482 ], [ 92.313256193235631, 23.520754438030036 ], [ 92.3174854741697, 23.524430458242044 ], [ 92.317894128572235, 23.52632618833746 ], [ 92.3162595756408, 23.529262497312207 ], [ 92.314248374382117, 23.52944457125097 ], [ 92.313973771976165, 23.533261356713162 ], [ 92.309044654028469, 23.532342064891438 ], [ 92.306253538135039, 23.535039719974829 ], [ 92.307212893044408, 23.536188716708583 ], [ 92.30799300441015, 23.540929847634782 ], [ 92.310076660186411, 23.542104603661731 ], [ 92.309810513622239, 23.544084001272115 ], [ 92.310685328978522, 23.547060370688683 ], [ 92.310292379822116, 23.548418793811251 ], [ 92.308706756327595, 23.54960973797159 ], [ 92.309204731117148, 23.552318122099386 ], [ 92.310616217990457, 23.55543529176828 ], [ 92.312617028436264, 23.5529852171308 ], [ 92.313513848923748, 23.554989265221909 ], [ 92.311813415346023, 23.559708601218222 ], [ 92.307456809000229, 23.563031942602073 ], [ 92.306748222395711, 23.564501425460094 ], [ 92.306935372012106, 23.56615570629819 ], [ 92.307512883636903, 23.564900194281964 ], [ 92.308347458061718, 23.56506728977795 ], [ 92.309038126869595, 23.571124608915969 ], [ 92.306812056679789, 23.57171537933942 ], [ 92.308224712261293, 23.569947818358315 ], [ 92.30765922817983, 23.569009979606637 ], [ 92.305087324571943, 23.573425695408389 ], [ 92.308211174649969, 23.577705118181299 ], [ 92.306762492133998, 23.579361119729274 ], [ 92.305939282295839, 23.582969577261366 ], [ 92.303950631445701, 23.582908455410799 ], [ 92.303710956436348, 23.585927971370783 ], [ 92.301594764578809, 23.588392293738277 ], [ 92.302101223057889, 23.591898151201494 ], [ 92.301437304282544, 23.592887143145528 ], [ 92.298342202988565, 23.5926009042362 ], [ 92.29652420778794, 23.588025927245763 ], [ 92.294678628019838, 23.589800390604271 ], [ 92.293157304136741, 23.593339090030977 ], [ 92.293584189847948, 23.595163994712664 ], [ 92.291410130316464, 23.595317535371901 ], [ 92.288982367684113, 23.598129399147908 ], [ 92.28848465879588, 23.595420868198602 ], [ 92.287259168102139, 23.596038789789677 ], [ 92.287451853137313, 23.605468911807918 ], [ 92.28823136712343, 23.607350462247254 ], [ 92.287381492592687, 23.609594765039581 ], [ 92.287955877182, 23.611355016954402 ], [ 92.287341490613102, 23.616742039188601 ], [ 92.289738367369367, 23.619750179335231 ], [ 92.295874442868183, 23.620604257904269 ], [ 92.295765480817479, 23.621627865493934 ], [ 92.294185535573874, 23.624239201630825 ], [ 92.289492449068746, 23.628508362063805 ], [ 92.28281439211122, 23.630117645185443 ], [ 92.281516721784399, 23.629802069598696 ], [ 92.280693032245878, 23.630587935739015 ], [ 92.279128071799533, 23.628656637600418 ], [ 92.280036435638408, 23.625557808251482 ], [ 92.278631284582787, 23.62491993738 ], [ 92.276637045313279, 23.631749729858385 ], [ 92.278129950992394, 23.63416198834819 ], [ 92.279571844939753, 23.634948818347237 ], [ 92.279658847673332, 23.636685808752606 ], [ 92.281544360250749, 23.636611869768007 ], [ 92.281777392218601, 23.638558358910203 ], [ 92.275524391104057, 23.641936238096513 ], [ 92.272974646239305, 23.64193974373223 ], [ 92.27484323994662, 23.646333660890129 ], [ 92.274835906100648, 23.649523962643265 ], [ 92.278064762947153, 23.653229333366681 ], [ 92.278567193380511, 23.65618714947399 ], [ 92.280305605931829, 23.657972391933143 ], [ 92.281427034884743, 23.661107181148228 ], [ 92.283590967708037, 23.661782677318591 ], [ 92.284978516275686, 23.668950787913403 ], [ 92.288522288324828, 23.676364539001963 ], [ 92.289172894067661, 23.680335617950991 ], [ 92.291476757462775, 23.681233064789364 ], [ 92.290922116046772, 23.684438509861309 ], [ 92.289589615341455, 23.686591016343574 ], [ 92.290942352395206, 23.690831171035914 ], [ 92.289688112917403, 23.692477711297094 ], [ 92.28997834421267, 23.694572875119771 ], [ 92.289229020806644, 23.695731474343049 ], [ 92.289930702959907, 23.699843165091501 ], [ 92.288682289056723, 23.700050066221742 ], [ 92.289351089277332, 23.701795102389646 ], [ 92.287270620723703, 23.701530047705923 ], [ 92.287278085723713, 23.702604924938875 ], [ 92.285536767122451, 23.703122707020373 ], [ 92.284795556401747, 23.707124082863501 ], [ 92.283218718430703, 23.706743356144358 ], [ 92.280808807119698, 23.708263226259366 ], [ 92.281446678345077, 23.709065192483809 ], [ 92.278645911850575, 23.709814922267508 ], [ 92.278412781067999, 23.711204222022104 ], [ 92.279384595610367, 23.71251444908075 ], [ 92.278660613678497, 23.71469997089735 ], [ 92.279693456167976, 23.71580616231936 ], [ 92.265490555231807, 23.725007095995842 ], [ 92.266629999897802, 23.731462999910534 ], [ 92.343521000197953, 23.736954999679874 ], [ 92.50082399965666, 23.775664999971539 ], [ 92.503935000232858, 23.760222000321203 ], [ 92.509518999904159, 23.750112000022394 ], [ 92.543141999554337, 23.74311299963296 ] ] ] } },
{ "type": "Feature", "properties": { "pincode": "796441", "officename": "Mamit S.O", "officetype": "S.O", "circle": "North Eastern", "region": "North East - I", "division": "Mizoram", "state": "Mizoram", "district": "Mizoram" }, "geometry": { "type": "Polygon", "coordinates": [ [ [ 92.548655999803785, 23.968998999848317 ], [ 92.5830769998703, 23.935854999658019 ], [ 92.576637000056323, 23.902473999810148 ], [ 92.587365999906112, 23.86927700009867 ], [ 92.570453000335391, 23.868161000318192 ], [ 92.552488999730016, 23.863499000180806 ], [ 92.525783999744718, 23.851732000067368 ], [ 92.515587999997379, 23.807540000296239 ], [ 92.497624000290315, 23.791546999855029 ], [ 92.50082399965666, 23.775664999971539 ], [ 92.343521000197953, 23.736954999679874 ], [ 92.266629999897802, 23.731462999910534 ], [ 92.265526000057989, 23.743226000012086 ], [ 92.267173000046, 23.752399999889814 ], [ 92.265507999616318, 23.761365999888337 ], [ 92.267351000321227, 23.768094999767715 ], [ 92.264870999756795, 23.77316199981826 ], [ 92.260014000356719, 23.793472000144355 ], [ 92.257773999991784, 23.804369999720642 ], [ 92.257097999774174, 23.812769999634661 ], [ 92.266276999720361, 23.815913999811677 ], [ 92.281287000108378, 23.814130000377517 ], [ 92.282512000321987, 23.815386999930329 ], [ 92.282385000100362, 23.818018999708716 ], [ 92.278067999577132, 23.826629000020251 ], [ 92.272314000026512, 23.834586999890021 ], [ 92.271076000292453, 23.83898300008968 ], [ 92.26869799983524, 23.841662999880093 ], [ 92.269175999686141, 23.846913000104909 ], [ 92.272688999945245, 23.851505999732908 ], [ 92.279270000224514, 23.856341999622305 ], [ 92.283343000350271, 23.86507699984784 ], [ 92.285111999638687, 23.867148999854276 ], [ 92.287594999677864, 23.86847700018696 ], [ 92.290482999772976, 23.867570999627493 ], [ 92.292714999742003, 23.864452999900642 ], [ 92.296356000047624, 23.86290899961017 ], [ 92.299340000402182, 23.859687000142031 ], [ 92.308545000287623, 23.856785999904716 ], [ 92.311700000346448, 23.860214999751864 ], [ 92.315033999607095, 23.860499000350984 ], [ 92.315200000186763, 23.862588000315117 ], [ 92.316730999823818, 23.864346999913661 ], [ 92.314206999776744, 23.868279999722386 ], [ 92.311969999784878, 23.868484000089527 ], [ 92.310973000075222, 23.86975100004549 ], [ 92.310629000118666, 23.873344000003438 ], [ 92.313179000104952, 23.877469999608323 ], [ 92.311173999916676, 23.879699999760344 ], [ 92.312481000146065, 23.881628000235096 ], [ 92.313072999799743, 23.885148000348007 ], [ 92.314524999794088, 23.885452999887814 ], [ 92.314706000442357, 23.887578999813027 ], [ 92.316647000158227, 23.889066999753179 ], [ 92.317451000422352, 23.893544000364653 ], [ 92.316875999588774, 23.899598000165891 ], [ 92.317313000330074, 23.900115000082931 ], [ 92.318108000373385, 23.898408999608872 ], [ 92.319202999992328, 23.900525000150232 ], [ 92.322244000248332, 23.902127000179146 ], [ 92.323974999901921, 23.904870000133059 ], [ 92.321978000109524, 23.910074999867383 ], [ 92.325189000244862, 23.914089999962904 ], [ 92.324862000006704, 23.914749999839927 ], [ 92.322045000056704, 23.914638000347157 ], [ 92.319274000137426, 23.915692999593986 ], [ 92.317704000142356, 23.924954999811494 ], [ 92.316299999828587, 23.928065000165937 ], [ 92.308987000153522, 23.931222999615525 ], [ 92.308997000199284, 23.932819999643122 ], [ 92.310677999624133, 23.934830000220565 ], [ 92.309273000383797, 23.943993000049129 ], [ 92.310923999671417, 23.948208000096432 ], [ 92.310533999684083, 23.952341000056499 ], [ 92.308291999669336, 23.954228000054343 ], [ 92.309199999690534, 23.957387000291888 ], [ 92.307965000329503, 23.960559000128569 ], [ 92.309998000106873, 23.963014999988097 ], [ 92.308599999640919, 23.968082000250359 ], [ 92.310308999553186, 23.969517999729838 ], [ 92.310865000120174, 23.972905000235862 ], [ 92.314227999693159, 23.972706000201178 ], [ 92.315681000410706, 23.975058000095537 ], [ 92.317346999766954, 23.975113000154803 ], [ 92.317182999735422, 23.976368000126222 ], [ 92.336997999644993, 23.969626999839512 ], [ 92.363434000016795, 23.94986100022037 ], [ 92.408065999899222, 23.982802000098406 ], [ 92.444457999818837, 24.001934999909444 ], [ 92.467117000340906, 24.021379000332523 ], [ 92.50900300041846, 24.02294699990782 ], [ 92.540485000336233, 24.02080299965403 ], [ 92.54075999979753, 24.005698999983981 ], [ 92.548655999803785, 23.968998999848317 ] ] ] } },
{ "type": "Feature", "properties": { "pincode": "796470", "officename": "Kawrthah S.O", "officetype": "S.O", "circle": "North Eastern", "region": "North East - I", "division": "Mizoram", "state": "Mizoram", "district": "Mizoram" }, "geometry": { "type": "Polygon", "coordinates": [ [ [ 92.419635999823058, 24.222616000195927 ], [ 92.421174999856021, 24.21810799978007 ], [ 92.41858899988469, 24.212759000130049 ], [ 92.419235999790004, 24.208858000355587 ], [ 92.418737999847622, 24.204827000205281 ], [ 92.421321000344221, 24.201192000338811 ], [ 92.419167000193013, 24.191938999922506 ], [ 92.421548000124929, 24.189504999595087 ], [ 92.429494000359909, 24.186490999776822 ], [ 92.433791999718238, 24.18313200032479 ], [ 92.434181999705572, 24.180819999820002 ], [ 92.435740000005111, 24.1791529999267 ], [ 92.434011999826254, 24.175131999880318 ], [ 92.434566999670068, 24.173903000403811 ], [ 92.43662299901365, 24.172832992581291 ], [ 92.437920999920479, 24.169510000286508 ], [ 92.435842000112373, 24.16513200004702 ], [ 92.436196000114705, 24.153511999648792 ], [ 92.436899000096474, 24.152753000233695 ], [ 92.440460999861088, 24.152747000213868 ], [ 92.442804000158162, 24.154461000156498 ], [ 92.44423000021321, 24.153129000093877 ], [ 92.445683999857351, 24.14925499989883 ], [ 92.447321999624506, 24.148409999891129 ], [ 92.449120000123557, 24.143966999717247 ], [ 92.450182999955459, 24.144368000102169 ], [ 92.449535000225282, 24.146797000094217 ], [ 92.450577999965688, 24.147135000115529 ], [ 92.452372000266791, 24.144195999612794 ], [ 92.454291000241341, 24.144979999814037 ], [ 92.456725999701604, 24.144364999895448 ], [ 92.456827999808866, 24.142730999799003 ], [ 92.459606000299132, 24.14111300000031 ], [ 92.459648999956826, 24.139591999904248 ], [ 92.461011000437779, 24.13763600007513 ], [ 92.462121999950256, 24.13735100036347 ], [ 92.463785999656679, 24.138884999882119 ], [ 92.463306999980901, 24.136868000324867 ], [ 92.464979999908124, 24.136134999812192 ], [ 92.465959000074449, 24.136626999686108 ], [ 92.46568000041519, 24.138649000334308 ], [ 92.467401999847937, 24.138707000353875 ], [ 92.468889000002363, 24.140303999799308 ], [ 92.470402999920978, 24.139544999820032 ], [ 92.472572999965678, 24.139894999770881 ], [ 92.472731999974343, 24.142048999640721 ], [ 92.474256999763611, 24.142394999776684 ], [ 92.474616999613716, 24.14363700011269 ], [ 92.478678999868805, 24.142021999747072 ], [ 92.478652000104645, 24.144261000063253 ], [ 92.480359000367102, 24.14447199984733 ], [ 92.480606000239277, 24.145407000242905 ], [ 92.47704500029964, 24.147394999838912 ], [ 92.480698000300833, 24.150034000092528 ], [ 92.480642000224293, 24.154335999717077 ], [ 92.481843999973378, 24.155968999813048 ], [ 92.479428999706258, 24.156611999691581 ], [ 92.483420999641169, 24.15825699972422 ], [ 92.482413997190832, 24.160613998912968 ], [ 92.483715000267367, 24.16303299983192 ], [ 92.486666000111683, 24.162065000400375 ], [ 92.490386999884933, 24.162793000101455 ], [ 92.49193500013871, 24.160845999940491 ], [ 92.494212000313567, 24.160175999908308 ], [ 92.498080000399895, 24.160850999640036 ], [ 92.501507000445272, 24.160388000403795 ], [ 92.503248999969514, 24.162282999791433 ], [ 92.503351000076762, 24.16342999971414 ], [ 92.505682999604872, 24.16331399996082 ], [ 92.506183999920296, 24.164131999604781 ], [ 92.503465999704488, 24.166553999959643 ], [ 92.503273000258957, 24.167772000140676 ], [ 92.50753499963227, 24.167061999821854 ], [ 92.51034099971163, 24.164622000062291 ], [ 92.511510999673661, 24.16632499997721 ], [ 92.508764000043854, 24.167374999824492 ], [ 92.506906999993561, 24.169883000384626 ], [ 92.509174999947604, 24.170585000039502 ], [ 92.511518000244664, 24.169128000223228 ], [ 92.514411000362657, 24.169465000297688 ], [ 92.51467599977822, 24.170719999593626 ], [ 92.512108000248546, 24.170482999972087 ], [ 92.509964999968005, 24.172462999829754 ], [ 92.516041999558837, 24.17900499962942 ], [ 92.516465999881348, 24.177276000036485 ], [ 92.519338000082953, 24.17389699973851 ], [ 92.523555999973638, 24.172201999646319 ], [ 92.523177999681891, 24.17081499961925 ], [ 92.515102999575461, 24.168737000114071 ], [ 92.562045999967978, 24.133907999998549 ], [ 92.557068000194064, 24.071856999706583 ], [ 92.540072999709253, 24.043485000130488 ], [ 92.540485000336233, 24.02080299965403 ], [ 92.50900300041846, 24.02294699990782 ], [ 92.467117000340906, 24.021379000332523 ], [ 92.444457999818837, 24.001934999909444 ], [ 92.408065999899222, 23.982802000098406 ], [ 92.363434000016795, 23.94986100022037 ], [ 92.336997999644993, 23.969626999839512 ], [ 92.317001000160545, 23.976358000289228 ], [ 92.316811000189759, 23.976991999746716 ], [ 92.317314999979914, 23.978782000283822 ], [ 92.3201439996255, 23.979019999595184 ], [ 92.320673000428314, 23.981979999925709 ], [ 92.321867999606383, 23.98272800022184 ], [ 92.321255999861194, 23.987076000276591 ], [ 92.323580999716611, 23.988545000317966 ], [ 92.322259000316961, 23.990357000371986 ], [ 92.32215999968443, 23.993917000394941 ], [ 92.322987000413079, 23.995432999931502 ], [ 92.326197999650091, 23.997775999792506 ], [ 92.322839000275081, 24.002726999943068 ], [ 92.324362000414524, 24.004650999969151 ], [ 92.32064599976583, 24.006442999849444 ], [ 92.318895999845651, 24.008211999626816 ], [ 92.319093000387497, 24.010756000231385 ], [ 92.320184999633355, 24.012258000155708 ], [ 92.31919299994658, 24.0151740003211 ], [ 92.317087000374272, 24.016141000301715 ], [ 92.316415000354638, 24.019309999809408 ], [ 92.313949999858806, 24.021223999946471 ], [ 92.315420000294793, 24.02337299988676 ], [ 92.317183999560328, 24.021577000405621 ], [ 92.318770000347271, 24.021881999938099 ], [ 92.319823000133454, 24.024438999995922 ], [ 92.319255999695784, 24.02540700021186 ], [ 92.314784000260161, 24.025949999998655 ], [ 92.315006999842936, 24.027645000247034 ], [ 92.316945999908967, 24.0300590001603 ], [ 92.312111000250198, 24.032414000023895 ], [ 92.315736999588893, 24.034865999608005 ], [ 92.315712000372841, 24.037683999955469 ], [ 92.312677999789543, 24.037593999977631 ], [ 92.312009999967842, 24.038507999610513 ], [ 92.316427000050197, 24.045612999811894 ], [ 92.312447999635779, 24.050323999666468 ], [ 92.312286999977303, 24.054118999709782 ], [ 92.313385999794221, 24.054895999747266 ], [ 92.315934000130696, 24.053250000301873 ], [ 92.317608999707772, 24.05496999993521 ], [ 92.316299000003681, 24.059498000027265 ], [ 92.319858000293522, 24.063740000105074 ], [ 92.316795000296224, 24.06653200040725 ], [ 92.316564000317541, 24.070037999754863 ], [ 92.319392000138222, 24.070118000025872 ], [ 92.321290000196356, 24.072687000315732 ], [ 92.320805999599372, 24.07618899960789 ], [ 92.318884999975026, 24.077439999780069 ], [ 92.319250999672903, 24.078186000350843 ], [ 92.323235999935108, 24.078176000231185 ], [ 92.32415900002492, 24.079264000148257 ], [ 92.322187000346929, 24.081541000164197 ], [ 92.324821999823754, 24.08817399989498 ], [ 92.324918999908121, 24.097586999981786 ], [ 92.327668000086064, 24.101487999902673 ], [ 92.326898000157115, 24.104440000141611 ], [ 92.323273999569949, 24.103644999774822 ], [ 92.322620999816863, 24.104386999614729 ], [ 92.325354000101299, 24.107348999749266 ], [ 92.325785999921422, 24.109897000198188 ], [ 92.327914999958281, 24.111944999611726 ], [ 92.325021000015354, 24.112699000248345 ], [ 92.324298999767009, 24.11506699976513 ], [ 92.324801069975933, 24.116161558068892 ], [ 92.326072000151697, 24.115856999902469 ], [ 92.327104999846384, 24.11700500018269 ], [ 92.32474300018103, 24.119678000300837 ], [ 92.325856000241615, 24.132493000250918 ], [ 92.324617999609217, 24.135846999627415 ], [ 92.325098000008254, 24.137666999740837 ], [ 92.324555999684961, 24.139434000232743 ], [ 92.329203999745971, 24.138973999963163 ], [ 92.330701999771037, 24.13969400004504 ], [ 92.330690000075478, 24.141216999934446 ], [ 92.328737999590658, 24.143118999760414 ], [ 92.331731000166073, 24.151784999949761 ], [ 92.328725999895084, 24.155071999908259 ], [ 92.328633999833599, 24.166252000096904 ], [ 92.32442299961555, 24.168182000154196 ], [ 92.323866000121967, 24.171234000062007 ], [ 92.325908999945071, 24.17355499986866 ], [ 92.325937000432504, 24.176505999629963 ], [ 92.326729000102731, 24.17789799995289 ], [ 92.331346000201606, 24.178363999843281 ], [ 92.332056999681001, 24.179560999857376 ], [ 92.330247000384688, 24.180868000071992 ], [ 92.327023999655495, 24.180883000095832 ], [ 92.326293000084632, 24.181676000101469 ], [ 92.325446000162813, 24.185523000404249 ], [ 92.322426999648101, 24.188722000398659 ], [ 92.322703999657548, 24.189673999738083 ], [ 92.326361999681609, 24.19136400032426 ], [ 92.322250000096105, 24.192934000377981 ], [ 92.321773000070138, 24.194183000225653 ], [ 92.322917000092886, 24.195181999883708 ], [ 92.325030000236211, 24.195323999783007 ], [ 92.326077000174578, 24.197066999876228 ], [ 92.319119000326737, 24.197859000406016 ], [ 92.319387999940247, 24.200510999881946 ], [ 92.321537999893479, 24.203732000293979 ], [ 92.31470399989422, 24.206385000075546 ], [ 92.314185000035465, 24.209608000281523 ], [ 92.316266000391707, 24.211804000032899 ], [ 92.313412999558381, 24.216392999919588 ], [ 92.310859000272401, 24.21784299999856 ], [ 92.311179999764448, 24.219895999843004 ], [ 92.310409999835528, 24.221272999847155 ], [ 92.309398999882177, 24.222263000128148 ], [ 92.30428200019108, 24.223509000127518 ], [ 92.297351999932346, 24.231490000306046 ], [ 92.2951640003443, 24.237351000233026 ], [ 92.294805000319087, 24.241762000245259 ], [ 92.293058999698573, 24.246052000231838 ], [ 92.292576999649711, 24.249995999958713 ], [ 92.289593000193463, 24.252353000333336 ], [ 92.422532000314121, 24.254856000395048 ], [ 92.419603000211126, 24.229075999623817 ], [ 92.419635999823058, 24.222616000195927 ] ] ] } },
{ "type": "Feature", "properties": { "pincode": "796501", "officename": "Reiek S.O", "officetype": "S.O", "circle": "North Eastern", "region": "North East - I", "division": "Mizoram", "state": "Mizoram", "district": "Mizoram" }, "geometry": { "type": "Polygon", "coordinates": [ [ [ 92.657605999606787, 23.464154000180457 ], [ 92.665164000402569, 23.437285999889269 ], [ 92.507277999714333, 23.444293000028853 ], [ 92.51243600031161, 23.449861000032652 ], [ 92.51861599983458, 23.507329999697792 ], [ 92.470551000058975, 23.545733999869132 ], [ 92.543141999554337, 23.74311299963296 ], [ 92.586232999754003, 23.74622399978696 ], [ 92.634119000327786, 23.75872199983386 ], [ 92.636727999865343, 23.747278999766007 ], [ 92.637275000211531, 23.740946000249245 ], [ 92.64176599991373, 23.733778999944303 ], [ 92.642858000057927, 23.727000999661211 ], [ 92.647228000284585, 23.721889000082431 ], [ 92.647189999751447, 23.7192749995992 ], [ 92.648392000398857, 23.716563999720744 ], [ 92.654141999751502, 23.714206999979581 ], [ 92.664099000022532, 23.712439000154028 ], [ 92.665900999821218, 23.709452999859813 ], [ 92.666587999909481, 23.70575899981441 ], [ 92.6554299997143, 23.68870399971809 ], [ 92.65440000039267, 23.683988000311881 ], [ 92.648477999714245, 23.676206000004658 ], [ 92.649250000191344, 23.675183999889374 ], [ 92.640323999965133, 23.663235999724566 ], [ 92.634659000102957, 23.659854999904738 ], [ 92.635946000240878, 23.648140999670446 ], [ 92.645952999842279, 23.637738999818993 ], [ 92.652508000182323, 23.627729999981288 ], [ 92.668044999926678, 23.625060999870684 ], [ 92.670472999714264, 23.606153999896975 ], [ 92.663918000272588, 23.597477999695993 ], [ 92.658691000078321, 23.594351999594753 ], [ 92.653798999619838, 23.593958000237677 ], [ 92.650107999983831, 23.589947000049332 ], [ 92.652168000423686, 23.578698000227089 ], [ 92.658520000374097, 23.574136000274695 ], [ 92.660493999701913, 23.569887999606024 ], [ 92.660408000386511, 23.566268999629187 ], [ 92.658261999732929, 23.561469999962934 ], [ 92.653971000047278, 23.555253999868778 ], [ 92.647018000222317, 23.55391700000192 ], [ 92.644787000078239, 23.551004999928438 ], [ 92.642641000322953, 23.542350000265046 ], [ 92.635345000366328, 23.539674999729307 ], [ 92.635430999681716, 23.534953000051356 ], [ 92.639636999876871, 23.524014999597277 ], [ 92.65268300008448, 23.518033999903441 ], [ 92.658335000426192, 23.513582000192699 ], [ 92.655664000066025, 23.489316000354172 ], [ 92.657605999606787, 23.464154000180457 ] ] ] } },
{ "type": "Feature", "properties": { "pincode": "796571", "officename": "Hnahthial S.O", "officetype": "S.O", "circle": "North Eastern", "region": "North East - I", "division": "Mizoram", "state": "Mizoram", "district": "Mizoram" }, "geometry": { "type": "Polygon", "coordinates": [ [ [ 93.025639000009946, 23.076774000162914 ], [ 93.086088000019274, 23.029417999646668 ], [ 93.110536999746159, 23.03084399960068 ], [ 93.126478538710742, 23.033977833657612 ], [ 93.127906823181561, 23.032423648312566 ], [ 93.127643084102345, 23.028688128354151 ], [ 93.125276268568769, 23.024270040332318 ], [ 93.125356584243377, 23.018217140636573 ], [ 93.123119770202749, 23.01266991905813 ], [ 93.123582174402017, 23.009151521263117 ], [ 93.120167026728495, 23.002441711009631 ], [ 93.121995330995333, 23.001639109856395 ], [ 93.12387307134891, 23.002634302327596 ], [ 93.125986996756964, 23.002634249406796 ], [ 93.127038393948624, 23.000035513135604 ], [ 93.127335636594665, 22.996088687038327 ], [ 93.131937740829514, 22.99120827840893 ], [ 93.133495537211473, 22.990569783896113 ], [ 93.13468870382637, 22.991662659326867 ], [ 93.137445598399026, 22.991810489793163 ], [ 93.140627478746097, 22.989955346089172 ], [ 93.140947675144261, 22.987661107093665 ], [ 93.139239197153202, 22.985622908153502 ], [ 93.13915052624813, 22.981635576155671 ], [ 93.140577793826054, 22.979172256655424 ], [ 93.142845429064067, 22.97796626126588 ], [ 93.143806250922282, 22.974881992746802 ], [ 93.142362538784766, 22.97151954089157 ], [ 93.137412358038574, 22.971608043165805 ], [ 93.13576188875696, 22.970388363148889 ], [ 93.135459506849159, 22.967947524329212 ], [ 93.137162541049648, 22.965488774933256 ], [ 93.137216121064768, 22.961759243625114 ], [ 93.140364519404542, 22.959699114208377 ], [ 93.141324302810304, 22.957619806242807 ], [ 93.140591040383228, 22.953672842903902 ], [ 93.138039114408912, 22.950564520922789 ], [ 93.144327457941685, 22.946852821808896 ], [ 93.146099020123629, 22.943679654849333 ], [ 93.146505396398581, 22.941676335239425 ], [ 93.145133850419413, 22.938400183736842 ], [ 93.145104064081224, 22.932301449770616 ], [ 93.148129621399178, 22.925111798381831 ], [ 93.152774271642514, 22.921696288144812 ], [ 93.153067818619462, 22.918856382121938 ], [ 93.154365991104541, 22.917327616594417 ], [ 93.157461344825137, 22.917974725147843 ], [ 93.161679778602121, 22.916630156025548 ], [ 93.163237809444368, 22.914969315266525 ], [ 93.164527546748928, 22.910987375152001 ], [ 93.163950213888882, 22.909444806592841 ], [ 93.160984337045122, 22.908765863769418 ], [ 93.150262881247102, 22.907874065924524 ], [ 93.147246413083209, 22.910788334900417 ], [ 93.143324783574386, 22.912955114676844 ], [ 93.139783496265323, 22.913509820757252 ], [ 93.136189043962744, 22.912053503629295 ], [ 93.129856117940761, 22.903874132140778 ], [ 93.129661682987418, 22.900617293356486 ], [ 93.133667342704513, 22.895045263244274 ], [ 93.134346560687476, 22.891291847177133 ], [ 93.131120614382453, 22.884117805324159 ], [ 93.128863484043407, 22.881048131992792 ], [ 93.128654936556913, 22.878523503592245 ], [ 93.126029637986846, 22.876435691175111 ], [ 93.127499379708027, 22.874586272905802 ], [ 93.126657289977544, 22.870603127620548 ], [ 93.124045456255274, 22.866880131411182 ], [ 93.118684622355076, 22.864627405999695 ], [ 93.117298722195983, 22.863105211703775 ], [ 93.118855099239809, 22.858684986671047 ], [ 93.117416531753889, 22.85419778262397 ], [ 93.116563323575164, 22.846074765664881 ], [ 93.118121720930034, 22.842489265047792 ], [ 93.115581443410051, 22.838903531656083 ], [ 93.115326001170814, 22.83596917635008 ], [ 93.111261278122072, 22.834231809804962 ], [ 93.110109610978355, 22.832968966849371 ], [ 93.113022106334654, 22.830632674706798 ], [ 93.113108347296873, 22.829032777870452 ], [ 93.111110115015961, 22.826886979981758 ], [ 93.105501917425812, 22.826094680927525 ], [ 93.10360675694227, 22.82432529966637 ], [ 93.104138552403953, 22.821557406911623 ], [ 93.109422238987591, 22.820129697368028 ], [ 93.110546891095737, 22.818053121904175 ], [ 93.106764123163572, 22.815076728354008 ], [ 93.105034974039455, 22.812339090827095 ], [ 93.096795945155463, 22.808912958690076 ], [ 93.094854993050291, 22.806682717981641 ], [ 93.094767717228862, 22.804568809007936 ], [ 93.09639302110611, 22.801325244255853 ], [ 93.095885197187812, 22.798165069224424 ], [ 93.097775744822357, 22.792626084032285 ], [ 93.097395814949337, 22.788383418191778 ], [ 93.096770999838313, 22.789793000125268 ], [ 93.079262000415937, 22.787260000268432 ], [ 92.895475999831405, 22.755997999752612 ], [ 92.88386400007478, 22.806710000006397 ], [ 92.920989999938342, 22.889459999698961 ], [ 92.906914000409103, 22.916658000139602 ], [ 92.871894999942782, 22.9517540000403 ], [ 92.848892000362426, 22.993794999622988 ], [ 92.784003999631167, 22.998219999866571 ], [ 92.80700700010982, 23.039929999984722 ], [ 92.822455999990638, 23.093628000053403 ], [ 92.81977399975986, 23.158938000362376 ], [ 92.873611000426052, 23.17697599974387 ], [ 92.940215999668894, 23.186443999936493 ], [ 93.025639000009946, 23.076774000162914 ] ] ] } },
{ "type": "Feature", "properties": { "pincode": "796691", "officename": "Zotlang S.O", "officetype": "S.O", "circle": "North Eastern", "region": "North East - I", "division": "Mizoram", "state": "Mizoram", "district": "Mizoram" }, "geometry": { "type": "Polygon", "coordinates": [ [ [ 92.846145999659242, 22.920453000402297 ], [ 92.773360999995106, 22.898316000044925 ], [ 92.755337000013597, 22.902031999890564 ], [ 92.732676999666594, 22.922349999828718 ], [ 92.71945999975479, 22.971511999594597 ], [ 92.711562999923629, 23.019550000371044 ], [ 92.741089000056917, 23.040718999650569 ], [ 92.727698999892723, 23.128363000099604 ], [ 92.820872999576736, 23.132168999817218 ], [ 92.822455999990638, 23.093628000053403 ], [ 92.80700700010982, 23.039929999984722 ], [ 92.784003999631167, 22.998219999866571 ], [ 92.848892000362426, 22.993794999622988 ], [ 92.871894999942782, 22.9517540000403 ], [ 92.875669000317785, 22.947971999852385 ], [ 92.846145999659242, 22.920453000402297 ] ] ] } },
{ "type": "Feature", "properties": { "pincode": "796701", "officename": "Lunglei MDG", "officetype": "S.O", "circle": "North Eastern", "region": "North East - I", "division": "Mizoram", "state": "Mizoram", "district": "Mizoram" }, "geometry": { "type": "Polygon", "coordinates": [ [ [ 92.695478000008151, 23.242835999687191 ], [ 92.694263999665196, 23.220082000234566 ], [ 92.706159000177365, 23.16183999958827 ], [ 92.727698999892723, 23.128363000099604 ], [ 92.741089000056917, 23.040718999650569 ], [ 92.711562999923629, 23.019550000371044 ], [ 92.71945999975479, 22.971511999594597 ], [ 92.732676999666594, 22.922349999828718 ], [ 92.755337000013597, 22.902031999890564 ], [ 92.773360999995106, 22.898316000044925 ], [ 92.846145999659242, 22.920453000402297 ], [ 92.875669000317785, 22.947971999852385 ], [ 92.906914000409103, 22.916658000139602 ], [ 92.920989999938342, 22.889459999698961 ], [ 92.88386400007478, 22.806710000006397 ], [ 92.902314000028639, 22.726123000021623 ], [ 92.887748000054657, 22.602912999761401 ], [ 92.664185000236245, 22.57153599979706 ], [ 92.658004999814978, 22.652671000245039 ], [ 92.602386000339877, 22.698288000329271 ], [ 92.578464999794278, 22.767318000286288 ], [ 92.562441999803085, 22.771795000023488 ], [ 92.568268000222062, 22.80760499992267 ], [ 92.535787999871388, 22.85513700035953 ], [ 92.532910999646944, 22.864554000349145 ], [ 92.543021000078838, 22.931301999935258 ], [ 92.558557999823222, 22.948739999646431 ], [ 92.511461000343274, 23.02226900019242 ], [ 92.488641000162715, 23.106922000030295 ], [ 92.439116999821792, 23.108262000104528 ], [ 92.358381701484035, 23.105797693595203 ], [ 92.361070904406773, 23.112194828002892 ], [ 92.360578483900639, 23.113092551863652 ], [ 92.362825036577235, 23.115467402141341 ], [ 92.362576129581711, 23.117641396482782 ], [ 92.364738108569242, 23.11941116563872 ], [ 92.363909867267182, 23.120274096047247 ], [ 92.366635206718854, 23.122533069760134 ], [ 92.366030416852169, 23.124389588487237 ], [ 92.367268025819101, 23.125083149070292 ], [ 92.368199653328873, 23.127264335162902 ], [ 92.365761119896291, 23.127008695626262 ], [ 92.363000876404215, 23.131165483823803 ], [ 92.361970600401506, 23.130643621908099 ], [ 92.358122895054066, 23.134346792811524 ], [ 92.356967808922406, 23.134150433033454 ], [ 92.358847762724807, 23.140871233324855 ], [ 92.360189851149201, 23.141684419099079 ], [ 92.359619002328827, 23.143796439355953 ], [ 92.360960513136462, 23.145323935039723 ], [ 92.36037834195028, 23.146856619601568 ], [ 92.358255227675187, 23.146352977636415 ], [ 92.360342084148812, 23.148730599212065 ], [ 92.359826423327931, 23.149938714319852 ], [ 92.361018326013195, 23.15118833697694 ], [ 92.360466084895691, 23.152839177273609 ], [ 92.362216630991526, 23.152917739673786 ], [ 92.361409562082386, 23.154130734774764 ], [ 92.362123272677309, 23.156342606193473 ], [ 92.364358662888179, 23.15661519922914 ], [ 92.362724241110783, 23.160241066056685 ], [ 92.360936544288052, 23.161996088007719 ], [ 92.362509154787389, 23.164894454777823 ], [ 92.361671906077959, 23.167550080202769 ], [ 92.359025206942874, 23.168618597830431 ], [ 92.357570965651902, 23.171783178808351 ], [ 92.356506208715345, 23.176235123131111 ], [ 92.357254215191148, 23.177961282326663 ], [ 92.354451270282084, 23.178506691151387 ], [ 92.35563620832896, 23.180212101839203 ], [ 92.357650635437849, 23.179598961319428 ], [ 92.360823369138672, 23.180071624868347 ], [ 92.361280424768708, 23.182570866778509 ], [ 92.360285448065071, 23.182385321931509 ], [ 92.36032714247068, 23.183772844160895 ], [ 92.358469554922209, 23.184208193727724 ], [ 92.358424413680865, 23.184882841013703 ], [ 92.356245116971252, 23.185269618825469 ], [ 92.354477555885623, 23.184342151030354 ], [ 92.354296893003905, 23.185544691358444 ], [ 92.353338140864096, 23.185722395347526 ], [ 92.353878045417829, 23.187991164038753 ], [ 92.353180649126799, 23.188945093023914 ], [ 92.354135234880289, 23.190117250366878 ], [ 92.35284294636034, 23.191950556328901 ], [ 92.353107505601386, 23.193985650857744 ], [ 92.352283574416063, 23.194573595876896 ], [ 92.354345816152559, 23.197073784726026 ], [ 92.354689120813134, 23.198751153889244 ], [ 92.354073614045063, 23.199593051953251 ], [ 92.354909446111279, 23.200163259167429 ], [ 92.35322146498001, 23.203131836061122 ], [ 92.354123586425999, 23.203255420717156 ], [ 92.354086256036055, 23.204087689777285 ], [ 92.352730932732612, 23.204892401121793 ], [ 92.353384474169815, 23.206000285727271 ], [ 92.35240515510155, 23.206313606063723 ], [ 92.353965774888465, 23.20724797893978 ], [ 92.35447463097104, 23.206427655012227 ], [ 92.355103203734927, 23.20680330539604 ], [ 92.354085008276115, 23.207869729457453 ], [ 92.354301868772254, 23.209103693367794 ], [ 92.353310942572236, 23.2110211108911 ], [ 92.353863807120575, 23.212457393740749 ], [ 92.352975108301578, 23.214125595717555 ], [ 92.353770614096362, 23.215369731593313 ], [ 92.353261802929538, 23.217843465091065 ], [ 92.353932014403455, 23.219802538316536 ], [ 92.353162997231465, 23.220468786828722 ], [ 92.352756411649011, 23.223792284801529 ], [ 92.353292929554129, 23.224387296416424 ], [ 92.35246454901322, 23.224757509778222 ], [ 92.351393741923175, 23.228082165671349 ], [ 92.350979595220991, 23.233772082282364 ], [ 92.35000185718765, 23.234728911177672 ], [ 92.3478462194077, 23.234616217035995 ], [ 92.346784691016239, 23.235673424060998 ], [ 92.401409503406839, 23.236580823110529 ], [ 92.400397475780792, 23.238770255187525 ], [ 92.403965201407033, 23.240278834001604 ], [ 92.403992501208478, 23.241103206679998 ], [ 92.402677464650594, 23.242302464458763 ], [ 92.399468414757763, 23.241864074314442 ], [ 92.395456732734985, 23.248701817115904 ], [ 92.398384757267607, 23.254164537747993 ], [ 92.398482022354997, 23.255772340924327 ], [ 92.391333875212638, 23.259102145600792 ], [ 92.399070000251172, 23.262653000155279 ], [ 92.42179900019508, 23.239453000172084 ], [ 92.441024999925688, 23.271626999994563 ], [ 92.456130999674841, 23.292757000325992 ], [ 92.458191000114709, 23.360537999952395 ], [ 92.489432999832971, 23.410012000162713 ], [ 92.492007999933634, 23.427810999772877 ], [ 92.507277999714333, 23.444293000028853 ], [ 92.665164000402569, 23.437285999889269 ], [ 92.689589999664904, 23.350450999803094 ], [ 92.71028599983147, 23.337159000216666 ], [ 92.728007999689211, 23.302604000141418 ], [ 92.725822999575868, 23.274062000401933 ], [ 92.695478000008151, 23.242835999687191 ] ] ] } },
{ "type": "Feature", "properties": { "pincode": "796751", "officename": "Tlabung S.O", "officetype": "S.O", "circle": "North Eastern", "region": "North East - I", "division": "Mizoram", "state": "Mizoram", "district": "Mizoram" }, "geometry": { "type": "Polygon", "coordinates": [ [ [ 92.488641000162715, 23.106922000030295 ], [ 92.511461000343274, 23.02226900019242 ], [ 92.558557999823222, 22.948739999646431 ], [ 92.543021000078838, 22.931301999935258 ], [ 92.532910999646944, 22.864554000349145 ], [ 92.535787999871388, 22.85513700035953 ], [ 92.568268000222062, 22.80760499992267 ], [ 92.562441999803085, 22.771795000023488 ], [ 92.578464999794278, 22.767318000286288 ], [ 92.499453378043938, 22.737852899614548 ], [ 92.497925242236008, 22.739892703219478 ], [ 92.49424168693875, 22.740052215330532 ], [ 92.493950747771052, 22.742593362629215 ], [ 92.491043720459899, 22.741091373347231 ], [ 92.490279691632651, 22.745380949878719 ], [ 92.488712011985939, 22.746275951159102 ], [ 92.48216928981924, 22.746989724249882 ], [ 92.476552068652083, 22.745211302853544 ], [ 92.473844174483233, 22.746208516985234 ], [ 92.479354647048538, 22.75279655133421 ], [ 92.476932349766358, 22.754228547078373 ], [ 92.475968013698747, 22.755953258355092 ], [ 92.477474845959691, 22.757652282962848 ], [ 92.476908017100271, 22.759355694195417 ], [ 92.473676099693563, 22.759710947874474 ], [ 92.476411800313727, 22.764172255633564 ], [ 92.47287336964726, 22.764941641692449 ], [ 92.474018471902852, 22.769625580378452 ], [ 92.475848306000614, 22.771176591073242 ], [ 92.472716527391896, 22.7761108508017 ], [ 92.472952015353755, 22.782848165201358 ], [ 92.471844100655971, 22.783763011111066 ], [ 92.470131704213586, 22.781801098868108 ], [ 92.469102825091127, 22.782474464105903 ], [ 92.470049776961375, 22.785676123470676 ], [ 92.469417654055491, 22.787620759239854 ], [ 92.471154716438932, 22.790445222181923 ], [ 92.471223937919774, 22.794181364939497 ], [ 92.472272845879814, 22.795856459652022 ], [ 92.471069451945439, 22.798271824053469 ], [ 92.46734416361501, 22.800225260348483 ], [ 92.465467157185046, 22.802217645319732 ], [ 92.464851109631198, 22.804616200105546 ], [ 92.466850079428951, 22.807578924586306 ], [ 92.465568968646082, 22.809625774039311 ], [ 92.462586072320988, 22.811280607703324 ], [ 92.462795639395281, 22.807474653001854 ], [ 92.461183452717819, 22.807353582926542 ], [ 92.460997856288529, 22.811308353346284 ], [ 92.458221385629187, 22.816586604278427 ], [ 92.459051672395148, 22.81852518596228 ], [ 92.454249877164244, 22.818861945965757 ], [ 92.458133633700669, 22.822953457587076 ], [ 92.455317345216386, 22.825941898920252 ], [ 92.458896488429843, 22.827774182929378 ], [ 92.461946926386204, 22.830796554078219 ], [ 92.459582922579457, 22.833310013700164 ], [ 92.456465191825174, 22.839048481381816 ], [ 92.453181898869047, 22.84146755446352 ], [ 92.452890199726625, 22.842965036793739 ], [ 92.45564759016932, 22.842573121989876 ], [ 92.457801343283819, 22.84072522977927 ], [ 92.463247682426015, 22.841746214930197 ], [ 92.463521000241144, 22.842792612797734 ], [ 92.462887572083147, 22.843316291769277 ], [ 92.458463849009249, 22.844736687396992 ], [ 92.459448657682145, 22.8461156694088 ], [ 92.459051906855464, 22.847723150311523 ], [ 92.460094876053148, 22.848976746906867 ], [ 92.460056967148148, 22.85032707240785 ], [ 92.457048634127474, 22.850206508161403 ], [ 92.456477229249984, 22.851029727195723 ], [ 92.458307916747273, 22.852918490358142 ], [ 92.462421729132998, 22.852310279770876 ], [ 92.464154107700537, 22.853491248590259 ], [ 92.464457831691377, 22.854653922069271 ], [ 92.459790623852939, 22.858047796804026 ], [ 92.461957046806205, 22.860668985940897 ], [ 92.461606356197379, 22.861537493184532 ], [ 92.455425623649148, 22.860764935919565 ], [ 92.452681931616198, 22.862178135771412 ], [ 92.45211742041019, 22.864936802231831 ], [ 92.453805185047457, 22.866901700055198 ], [ 92.454711480964548, 22.869526981059156 ], [ 92.455850177333872, 22.870225806983871 ], [ 92.459025463148436, 22.870008759965906 ], [ 92.460468428785944, 22.870902015104967 ], [ 92.457977230721482, 22.872729238786466 ], [ 92.448548736281566, 22.876371566652857 ], [ 92.44871914399603, 22.881920264701968 ], [ 92.450634908238939, 22.890349265414294 ], [ 92.449236043593672, 22.895008986970023 ], [ 92.447486714715026, 22.896728237179182 ], [ 92.445962132642379, 22.897096060215357 ], [ 92.437303231194562, 22.886016815164172 ], [ 92.436065404835333, 22.885211743977724 ], [ 92.433730775938358, 22.885791059707035 ], [ 92.43315172460116, 22.89171207316739 ], [ 92.42649435943791, 22.89721680462231 ], [ 92.420245721440693, 22.909613490277398 ], [ 92.419714715598147, 22.912155938350352 ], [ 92.420915048074065, 22.915926365431488 ], [ 92.420265178949762, 22.918345099352901 ], [ 92.41909176538968, 22.918832374285952 ], [ 92.415224397717296, 22.914445090945325 ], [ 92.41302332135362, 22.913385715756981 ], [ 92.411237075310069, 22.914021812670843 ], [ 92.406769049122943, 22.917837000168287 ], [ 92.404149124274923, 22.917753392414188 ], [ 92.403362595344731, 22.917003139422995 ], [ 92.403246553671281, 22.912820282279874 ], [ 92.402463625188801, 22.911917236378176 ], [ 92.401099204646457, 22.911952692272045 ], [ 92.399700693039108, 22.912929536149381 ], [ 92.397340418139095, 22.916959016060975 ], [ 92.397318949302132, 22.918205668643093 ], [ 92.401324741071576, 22.923984098111212 ], [ 92.397586221455356, 22.929698804800271 ], [ 92.392975667666946, 22.930693501887347 ], [ 92.387401285359061, 22.92930951481187 ], [ 92.378906886101021, 22.929355292132726 ], [ 92.376419073786863, 22.928621350692808 ], [ 92.376247775841989, 22.93031040318569 ], [ 92.377576595251298, 22.931809226264928 ], [ 92.376142312729314, 22.935016350072903 ], [ 92.373506578430593, 22.934480342255789 ], [ 92.371853284845727, 22.935943844135874 ], [ 92.372302730846982, 22.936663294771915 ], [ 92.375906740325846, 22.93679202285745 ], [ 92.372688468328306, 22.939851990299847 ], [ 92.374750233957698, 22.947435668600175 ], [ 92.376190475004961, 22.946873790403103 ], [ 92.37744944770597, 22.948166094939374 ], [ 92.375801051736019, 22.949886168018168 ], [ 92.378190536255786, 22.952307993825773 ], [ 92.377772719037367, 22.954880990610881 ], [ 92.376856632381973, 22.955599011313261 ], [ 92.375700945277373, 22.953522948244032 ], [ 92.374486054703979, 22.953134073357226 ], [ 92.375006080438823, 22.95610060537091 ], [ 92.372844437421179, 22.958232514250788 ], [ 92.37727290090487, 22.959660880009306 ], [ 92.374052391203961, 22.961291348410455 ], [ 92.375627949974046, 22.963580309748426 ], [ 92.374513435353848, 22.965285283849607 ], [ 92.375148159780792, 22.967034127633283 ], [ 92.374341549910767, 22.970646190897348 ], [ 92.377077407736095, 22.973551011856983 ], [ 92.378328320752402, 22.976767976412781 ], [ 92.379203334636372, 22.976973166328079 ], [ 92.379466281401506, 22.975245847051486 ], [ 92.380407979923945, 22.975822586111967 ], [ 92.381445863758799, 22.978603237372887 ], [ 92.379263987986036, 22.979721433147276 ], [ 92.379441401661396, 22.980689859329882 ], [ 92.381454572027167, 22.982397116842318 ], [ 92.384210384129929, 22.981605212258387 ], [ 92.383921467968236, 22.983351318372179 ], [ 92.385018504067943, 22.986112632687295 ], [ 92.382232619064425, 22.987057801301528 ], [ 92.381962692389536, 22.988094876808287 ], [ 92.382478098088853, 22.99019644589518 ], [ 92.385290548970275, 22.992192141636245 ], [ 92.382239430989202, 22.998659262740581 ], [ 92.382064242440833, 23.000872236688622 ], [ 92.383283926424568, 23.002031113879447 ], [ 92.384182944191252, 23.004875257833952 ], [ 92.383341690792307, 23.008880624250395 ], [ 92.384650212767767, 23.009644838254086 ], [ 92.380663678183069, 23.010790353658439 ], [ 92.379755610788209, 23.012062588405335 ], [ 92.380642722284108, 23.012994786020808 ], [ 92.380612486788266, 23.017016261340963 ], [ 92.383718128913785, 23.023081693261613 ], [ 92.383081641093952, 23.02431263804116 ], [ 92.383421479155828, 23.026316406688512 ], [ 92.384951496934249, 23.027315172969185 ], [ 92.382537374321203, 23.033273287375422 ], [ 92.383847167412782, 23.037897696993614 ], [ 92.38816604092338, 23.039738909409554 ], [ 92.388142601182665, 23.043766314092395 ], [ 92.389541978765976, 23.047261312218662 ], [ 92.388525860212113, 23.0492642229929 ], [ 92.391270397559737, 23.049162159990232 ], [ 92.389978675876733, 23.051551009783037 ], [ 92.391508850860305, 23.052104927203416 ], [ 92.392194420830663, 23.053785147154461 ], [ 92.390582720141737, 23.055186569154497 ], [ 92.392384503446451, 23.056450740838269 ], [ 92.39070524226166, 23.060514191678088 ], [ 92.387496267827316, 23.061887021107655 ], [ 92.388790772491106, 23.064843730182321 ], [ 92.38731614393474, 23.065805940673645 ], [ 92.387527044108978, 23.06692233326125 ], [ 92.385398815724955, 23.068260952751405 ], [ 92.383127769583794, 23.071937188815923 ], [ 92.38315328712774, 23.073231467074471 ], [ 92.385143123754062, 23.074444919626693 ], [ 92.385484583275002, 23.076957088723308 ], [ 92.380807031336076, 23.080507139862121 ], [ 92.380684785897287, 23.082582335788487 ], [ 92.379315055413301, 23.083653906215876 ], [ 92.380491723569662, 23.085421264796889 ], [ 92.380053729291674, 23.08628650020977 ], [ 92.377276981951212, 23.086976662899033 ], [ 92.376607499010987, 23.084803586950898 ], [ 92.375106627071958, 23.084447574003914 ], [ 92.371345210297434, 23.088664020931049 ], [ 92.369966410422336, 23.092768132669548 ], [ 92.370276260025079, 23.09437440682855 ], [ 92.369177385073996, 23.095115517705807 ], [ 92.370174494378134, 23.096510904231039 ], [ 92.366958098961234, 23.095958470283268 ], [ 92.364912175121844, 23.097861726978621 ], [ 92.363062928430779, 23.097427514038433 ], [ 92.361516380752803, 23.098238356121591 ], [ 92.361875691595102, 23.100442816170187 ], [ 92.359831372146843, 23.100948687114929 ], [ 92.360787775192165, 23.101431354188719 ], [ 92.360526318732099, 23.102217392913438 ], [ 92.358011857895036, 23.103270177699439 ], [ 92.360114107899363, 23.105728322114157 ], [ 92.439116999821792, 23.108262000104528 ], [ 92.488641000162715, 23.106922000030295 ] ] ] } },
{ "type": "Feature", "properties": { "pincode": "796770", "officename": "Chawngte S.O", "officetype": "S.O", "circle": "North Eastern", "region": "North East - I", "division": "Mizoram", "state": "Mizoram", "district": "Mizoram" }, "geometry": { "type": "Polygon", "coordinates": [ [ [ 92.578464999794278, 22.767318000286288 ], [ 92.602386000339877, 22.698288000329271 ], [ 92.658004999814978, 22.652671000245039 ], [ 92.664185000236245, 22.57153599979706 ], [ 92.680664000337046, 22.534756000393362 ], [ 92.68842600044897, 22.50265400015989 ], [ 92.724609000131224, 22.452283000112086 ], [ 92.811813000354576, 22.395157999764013 ], [ 92.565994000420261, 22.400237000090325 ], [ 92.556858000131783, 22.40442499969603 ], [ 92.556748366141264, 22.403080423316581 ], [ 92.55481627591638, 22.405717137785516 ], [ 92.557667483712393, 22.407826139984692 ], [ 92.554965972073617, 22.410593064466607 ], [ 92.553177131695548, 22.408875596782845 ], [ 92.552076638878631, 22.408973571059072 ], [ 92.553107491599761, 22.411015648752599 ], [ 92.552312981138314, 22.415329269273787 ], [ 92.554574444950333, 22.416877594412902 ], [ 92.553506952643673, 22.419606592862234 ], [ 92.550904143396735, 22.421366293537222 ], [ 92.550693220764671, 22.42257401101541 ], [ 92.551250080121079, 22.423212454265972 ], [ 92.5526657747032, 22.422593055382414 ], [ 92.554494027766054, 22.423296562466838 ], [ 92.555232472574033, 22.422541416194075 ], [ 92.556385656073914, 22.42510168571247 ], [ 92.554979746840189, 22.425078624292237 ], [ 92.554986265015884, 22.427213730031475 ], [ 92.553111943650308, 22.42654987411435 ], [ 92.551242112962825, 22.427378927290675 ], [ 92.551934663741221, 22.428398007783247 ], [ 92.553617916140837, 22.427453139112703 ], [ 92.555384011175931, 22.429206709444113 ], [ 92.554859872055417, 22.432519588985578 ], [ 92.553375633322162, 22.433794023759678 ], [ 92.554253269388468, 22.43622437446858 ], [ 92.551676488826885, 22.437686961444147 ], [ 92.552608135201297, 22.438414260784736 ], [ 92.551306329929233, 22.440633447546752 ], [ 92.552052859574758, 22.442254890661982 ], [ 92.549463828687635, 22.443514664717728 ], [ 92.551309599796866, 22.445935821893826 ], [ 92.550030325170425, 22.447737220078341 ], [ 92.551423587921605, 22.448688316926585 ], [ 92.550338467075818, 22.451044450795195 ], [ 92.550966934736792, 22.454398074387477 ], [ 92.548111285670004, 22.456021668676943 ], [ 92.550145937449173, 22.456895399441375 ], [ 92.548230547803755, 22.457407236861204 ], [ 92.549476840784536, 22.458955057669829 ], [ 92.546347975412274, 22.462457614963654 ], [ 92.54807703380655, 22.465688763264801 ], [ 92.546524485382449, 22.466204361108975 ], [ 92.545542406689677, 22.471630559706956 ], [ 92.547511711421834, 22.475928555369698 ], [ 92.545361613552217, 22.479706760727218 ], [ 92.545612860659077, 22.482434805205539 ], [ 92.544225247412768, 22.482938856315087 ], [ 92.546141063757929, 22.486788375301199 ], [ 92.545635065216288, 22.487696007958885 ], [ 92.546268637104689, 22.488658325242206 ], [ 92.543464341129422, 22.49020771247659 ], [ 92.544360725035673, 22.491952877242159 ], [ 92.543325858641879, 22.493253075785738 ], [ 92.545177178644607, 22.495214473454169 ], [ 92.549513678897711, 22.495752360337377 ], [ 92.549927285712386, 22.497327521120972 ], [ 92.549377947051525, 22.498425596066035 ], [ 92.542595323500009, 22.498755282846499 ], [ 92.543354591256232, 22.500380056028803 ], [ 92.545933216957394, 22.499482855069189 ], [ 92.547121846181781, 22.501592313674774 ], [ 92.548507034875172, 22.500948597021985 ], [ 92.549323204616442, 22.501449154762895 ], [ 92.549452476677388, 22.502685901419564 ], [ 92.547194892689106, 22.503515908378798 ], [ 92.548171664135182, 22.507419419386405 ], [ 92.550217509821124, 22.506784302665569 ], [ 92.550831036702291, 22.509607377058373 ], [ 92.54656846420383, 22.509889988215466 ], [ 92.55067346860821, 22.512026612972754 ], [ 92.551281489714995, 22.513296356340998 ], [ 92.547247530371493, 22.515080697212106 ], [ 92.546998695241172, 22.516816985085452 ], [ 92.545035897904924, 22.513520504226484 ], [ 92.543383832317048, 22.514171244295156 ], [ 92.545686529698912, 22.517785105237689 ], [ 92.544144442156309, 22.521337519085517 ], [ 92.542314239749274, 22.521451204260597 ], [ 92.541788839394101, 22.522418062183153 ], [ 92.542247305379149, 22.524540309709405 ], [ 92.54376399395538, 22.52497014409397 ], [ 92.540811273837321, 22.525596514335337 ], [ 92.541188317423305, 22.527583843196446 ], [ 92.539184975525046, 22.528929167670626 ], [ 92.541227196508785, 22.529540947755752 ], [ 92.541512524799245, 22.530368874239233 ], [ 92.54080544377112, 22.532286953949143 ], [ 92.541315694039014, 22.534264228136891 ], [ 92.540563840977129, 22.534721419051369 ], [ 92.539029856238415, 22.533959131330839 ], [ 92.538603706247386, 22.53472753496618 ], [ 92.53987533441412, 22.53701756966132 ], [ 92.539095456610355, 22.538395811208062 ], [ 92.539995308911926, 22.540603199275147 ], [ 92.537037015645822, 22.541899747601502 ], [ 92.53766754943193, 22.544134199067585 ], [ 92.537211993090125, 22.545167352624514 ], [ 92.534205833992417, 22.544086366921189 ], [ 92.531550961086552, 22.545096316787728 ], [ 92.531205062989784, 22.546857588219545 ], [ 92.532453679013884, 22.550514590153405 ], [ 92.531918416055206, 22.552211231300962 ], [ 92.528355381431425, 22.556621712406677 ], [ 92.524280371774367, 22.557773396139062 ], [ 92.521671274320454, 22.55988430659103 ], [ 92.524245349156388, 22.561127730738626 ], [ 92.528043223158363, 22.565622652736263 ], [ 92.527295101698201, 22.572988164679078 ], [ 92.529794559771688, 22.572829486882743 ], [ 92.532644747081548, 22.571469125067775 ], [ 92.538138644831548, 22.575099908084038 ], [ 92.538165367016305, 22.576907333962172 ], [ 92.536455349312817, 22.578725166618732 ], [ 92.537452169359412, 22.579797903128473 ], [ 92.537096689831813, 22.584620126305193 ], [ 92.538549895365264, 22.58591200425192 ], [ 92.534377525399407, 22.585171269148987 ], [ 92.533164464694224, 22.58599024827279 ], [ 92.532971681742694, 22.587763731272855 ], [ 92.533635136089046, 22.588461044786381 ], [ 92.536003166144894, 22.586629535823526 ], [ 92.539374668272004, 22.589148422714061 ], [ 92.538686534509864, 22.589857551412646 ], [ 92.536189913316036, 22.589419276861648 ], [ 92.535013743724662, 22.591034746438542 ], [ 92.534830249353149, 22.59163433532515 ], [ 92.536713338275888, 22.592146465873572 ], [ 92.537821237702317, 22.594053424717092 ], [ 92.535922683383646, 22.595713320151482 ], [ 92.535372941379222, 22.600135749035257 ], [ 92.530433879081301, 22.603494833575702 ], [ 92.529949969214158, 22.609140052292609 ], [ 92.531315986961076, 22.609159420926137 ], [ 92.533748816091617, 22.60749623117318 ], [ 92.534815352590769, 22.608713541951573 ], [ 92.535363825275709, 22.611666296666311 ], [ 92.532159452012252, 22.611673783257348 ], [ 92.529100415381976, 22.614760483789574 ], [ 92.528674299526969, 22.617021511676437 ], [ 92.530019476359257, 22.620575116399838 ], [ 92.527434345058822, 22.620784767018709 ], [ 92.529658047289544, 22.62528924104436 ], [ 92.532611643265014, 22.62750206128176 ], [ 92.531891921144208, 22.630596956705691 ], [ 92.532489201095174, 22.63297142681871 ], [ 92.52621315280372, 22.633567546266576 ], [ 92.526295422314064, 22.634595478871567 ], [ 92.527913386955419, 22.635658607348162 ], [ 92.526535628227762, 22.63671275991884 ], [ 92.526772912820178, 22.639338529065945 ], [ 92.524923196310226, 22.640137511412629 ], [ 92.524624349273068, 22.650468462432258 ], [ 92.527301965725286, 22.650771920863761 ], [ 92.526660479679222, 22.653739902972621 ], [ 92.524411090122939, 22.653868140763667 ], [ 92.523520492265433, 22.6562442653461 ], [ 92.52432826096215, 22.658985393894426 ], [ 92.527488087669013, 22.658727827697952 ], [ 92.528680805126257, 22.65949103473227 ], [ 92.526530220369736, 22.660471207904468 ], [ 92.528724474927145, 22.665152151246691 ], [ 92.526074011851037, 22.665193462332063 ], [ 92.525947998877911, 22.673104852968486 ], [ 92.522525457171298, 22.67408268177028 ], [ 92.523265282689849, 22.679160956634746 ], [ 92.521198425409409, 22.682443144389758 ], [ 92.521428236916961, 22.684012517790027 ], [ 92.518890566307931, 22.687900194778273 ], [ 92.518932709871166, 22.69334447864912 ], [ 92.51648939919788, 22.702170543635702 ], [ 92.516599720399583, 22.704444680644418 ], [ 92.515498734407615, 22.70726741426882 ], [ 92.513896775947941, 22.707998619231279 ], [ 92.513850251301065, 22.710319481663007 ], [ 92.515621846720663, 22.712058974864782 ], [ 92.51756389117719, 22.715925159938852 ], [ 92.516640389827444, 22.722360235796913 ], [ 92.515369332090927, 22.723458807943778 ], [ 92.51415829169683, 22.723268190299166 ], [ 92.514076563870589, 22.724652901700814 ], [ 92.511939282265161, 22.727735669050976 ], [ 92.509937984932478, 22.728627653902542 ], [ 92.513195900481804, 22.732785208951839 ], [ 92.511173452315774, 22.733040851298753 ], [ 92.509054269966654, 22.731673401239405 ], [ 92.508198359655523, 22.736445907362732 ], [ 92.505636171327453, 22.739221456877864 ], [ 92.502544699227201, 22.737388148782824 ], [ 92.499453378043938, 22.737852899614548 ], [ 92.578464999794278, 22.767318000286288 ] ] ] } },
{ "type": "Feature", "properties": { "pincode": "796891", "officename": "Lawngtlai S.O", "officetype": "S.O", "circle": "North Eastern", "region": "North East - I", "division": "Mizoram", "state": "Mizoram", "district": "Mizoram" }, "geometry": { "type": "Polygon", "coordinates": [ [ [ 92.8598789999551, 22.41356799978545 ], [ 92.820053000317415, 22.365951000111298 ], [ 92.871551999811089, 22.325940999977359 ], [ 92.853012000343853, 22.284330999674104 ], [ 92.8437420001611, 22.184862000389597 ], [ 92.768210999793737, 22.162923999680462 ], [ 92.738682000185705, 22.141045999938473 ], [ 92.729154779997756, 22.143649786996406 ], [ 92.728605898579374, 22.144216144669109 ], [ 92.729003956454804, 22.145696838132501 ], [ 92.727908957734186, 22.146240071786753 ], [ 92.728471967855356, 22.147522141693173 ], [ 92.727585019852839, 22.147401739632702 ], [ 92.727561985252322, 22.148369186597598 ], [ 92.726074050849988, 22.149335635973316 ], [ 92.725025365672167, 22.149175725124365 ], [ 92.724920543956586, 22.147951779383519 ], [ 92.721065216403986, 22.148639629947681 ], [ 92.712815926962762, 22.147409413490735 ], [ 92.710398495854491, 22.151117868132932 ], [ 92.707197631410537, 22.151851949600058 ], [ 92.704370032238501, 22.150207004007669 ], [ 92.700836479423998, 22.151565302365931 ], [ 92.699764127231674, 22.155073065774225 ], [ 92.694742906814511, 22.15349365030659 ], [ 92.694747159439075, 22.147020388382405 ], [ 92.696967927772079, 22.142434381779513 ], [ 92.695853727562238, 22.137490045782936 ], [ 92.693786035746925, 22.139042826062354 ], [ 92.692017411954296, 22.139104008378265 ], [ 92.691612843987997, 22.133061293241433 ], [ 92.692622359026174, 22.120962697370562 ], [ 92.691152363980081, 22.105234085264769 ], [ 92.692437121923035, 22.100341796246397 ], [ 92.691324925854587, 22.088536741388513 ], [ 92.692529389682477, 22.075099279617532 ], [ 92.691474505230886, 22.074624321997106 ], [ 92.691076325184525, 22.07263016685101 ], [ 92.689629389891806, 22.071881628093529 ], [ 92.688644745610546, 22.072708731768707 ], [ 92.688434749141535, 22.089435052309678 ], [ 92.689020957356604, 22.092052780047705 ], [ 92.68810553635285, 22.094287164931686 ], [ 92.68803804412893, 22.103726359871295 ], [ 92.686952980775345, 22.104305051901626 ], [ 92.681765634912693, 22.103460475347525 ], [ 92.682570922462574, 22.100350656216026 ], [ 92.681748869654513, 22.091136017223622 ], [ 92.682236568615522, 22.072882546764291 ], [ 92.683497768240159, 22.068676002844843 ], [ 92.685176096075338, 22.043045066833116 ], [ 92.683242394272867, 22.026302406865209 ], [ 92.681178281345609, 22.015097949922453 ], [ 92.679812182750354, 22.013520934012405 ], [ 92.679748168803187, 22.011552715732677 ], [ 92.675851811598278, 22.010406618603415 ], [ 92.671333671994731, 22.011092090293534 ], [ 92.669787106350441, 22.009665205464021 ], [ 92.669211904294244, 22.010769805670858 ], [ 92.667849937050946, 22.010972778666304 ], [ 92.668104561823284, 22.012077200450587 ], [ 92.666777098870057, 22.013498377805604 ], [ 92.663274602611565, 22.014256077503042 ], [ 92.660703384418227, 22.013299086183721 ], [ 92.658046783153779, 22.015584793419141 ], [ 92.651612651135238, 22.015908899273988 ], [ 92.651391233485697, 22.010015309610452 ], [ 92.649528740237471, 22.008858392137615 ], [ 92.648277512810807, 22.005847290064114 ], [ 92.643424891799441, 22.002485024347749 ], [ 92.643444161560595, 21.996541678288022 ], [ 92.642389479229905, 21.995558963138244 ], [ 92.641904609063744, 21.992155960492227 ], [ 92.64076071414388, 21.992275955145043 ], [ 92.636771968805249, 21.990105528056763 ], [ 92.635608538222897, 21.988044499718729 ], [ 92.634940203329634, 21.983219736158095 ], [ 92.624571904914177, 21.983028976917957 ], [ 92.619260542134967, 21.979132262532744 ], [ 92.607540914325824, 21.974656700176187 ], [ 92.605375623249842, 21.975695561612888 ], [ 92.603219901028226, 21.977625102359855 ], [ 92.604040087137165, 21.982626254349857 ], [ 92.610553219696698, 21.983772352739194 ], [ 92.611928681432175, 21.985912366919383 ], [ 92.612646023915801, 21.990755762157665 ], [ 92.610050016712194, 21.992786791720235 ], [ 92.609997706914882, 21.997671188344782 ], [ 92.603512396078003, 22.001044807321076 ], [ 92.602373481418056, 22.003454940897122 ], [ 92.599275952876184, 22.006745912143433 ], [ 92.599142813567937, 22.008531450117523 ], [ 92.59809635082209, 22.008976669478386 ], [ 92.597489730188812, 22.012249601665335 ], [ 92.59908187006242, 22.014185315296317 ], [ 92.598694306306143, 22.015383382723833 ], [ 92.60054232410188, 22.019729512518207 ], [ 92.599516480386782, 22.023836660167731 ], [ 92.600066763176997, 22.028406568557376 ], [ 92.593623971399111, 22.031514795823313 ], [ 92.592616329348303, 22.037438212031201 ], [ 92.593649449417214, 22.040972907110387 ], [ 92.599143922088984, 22.042254196642485 ], [ 92.597847548929437, 22.044412521938977 ], [ 92.597972793842985, 22.049367358125313 ], [ 92.600317862061843, 22.052987075918661 ], [ 92.600351333289325, 22.058217036550268 ], [ 92.602659052253628, 22.061100549950829 ], [ 92.60126914560837, 22.061826801273963 ], [ 92.599105683502273, 22.06122905973352 ], [ 92.59555760223472, 22.061713992916427 ], [ 92.592219208415699, 22.065621287833181 ], [ 92.589861960838206, 22.070622130960569 ], [ 92.590671673489211, 22.071696365244016 ], [ 92.589734742326002, 22.075672898627765 ], [ 92.590649714172088, 22.080996041699251 ], [ 92.584893516443984, 22.08250567391158 ], [ 92.58545591032086, 22.085046874151306 ], [ 92.583343911799076, 22.086890144491523 ], [ 92.584349124805399, 22.090024644612747 ], [ 92.581704179181756, 22.091640787872823 ], [ 92.582788036097909, 22.092951296660818 ], [ 92.582091763599294, 22.094239922486246 ], [ 92.582573024334664, 22.09756636860487 ], [ 92.58027288445642, 22.101618401853276 ], [ 92.576608134491281, 22.104966463273627 ], [ 92.575831923610508, 22.108953980110684 ], [ 92.576308603836225, 22.110221040054924 ], [ 92.574858211826268, 22.112854007470009 ], [ 92.575497869800728, 22.114427924898919 ], [ 92.575140544235225, 22.116165794554291 ], [ 92.572441228079015, 22.119733164576122 ], [ 92.567270483981119, 22.124056416303755 ], [ 92.563898370101285, 22.125557991824632 ], [ 92.562620068350313, 22.128023681308111 ], [ 92.563664027491427, 22.129756417130412 ], [ 92.563968312030994, 22.133521618596923 ], [ 92.565677372130381, 22.134784432795843 ], [ 92.577352863912992, 22.136447645100041 ], [ 92.57747603731147, 22.137952280458769 ], [ 92.57632366768523, 22.139583293757113 ], [ 92.578455987895353, 22.141421438870939 ], [ 92.578498063186643, 22.143407366115557 ], [ 92.584609842850298, 22.14099829721394 ], [ 92.591970900596451, 22.139386075410542 ], [ 92.593281400662164, 22.137386441781754 ], [ 92.591287385073159, 22.133930745778379 ], [ 92.588953634728568, 22.131823131169757 ], [ 92.589375889624492, 22.130521258320741 ], [ 92.593002097372349, 22.126262178051448 ], [ 92.59583502714726, 22.124259541229918 ], [ 92.599175774552336, 22.123140526378471 ], [ 92.604595148964648, 22.122981300628123 ], [ 92.605746379527162, 22.123392339967605 ], [ 92.606914316058962, 22.12551209381229 ], [ 92.608164058570424, 22.129972550142067 ], [ 92.607863950298636, 22.133313580051166 ], [ 92.608217866757627, 22.134309457238086 ], [ 92.610077787230892, 22.135170425395007 ], [ 92.610862029050338, 22.138440681120059 ], [ 92.609828290940513, 22.141898218495729 ], [ 92.609902915787799, 22.145378133745062 ], [ 92.609013006938113, 22.146761700293069 ], [ 92.609038283733568, 22.151591338462715 ], [ 92.608064582729142, 22.153632633162694 ], [ 92.608270643678892, 22.158306372292184 ], [ 92.60744041620174, 22.160392564377045 ], [ 92.609226464615901, 22.164018640442645 ], [ 92.606664338271557, 22.165907221378877 ], [ 92.607758903105918, 22.168472851274785 ], [ 92.607328283996395, 22.17234958236816 ], [ 92.605339706808124, 22.172700954529798 ], [ 92.603745886186644, 22.171609575814436 ], [ 92.59679356997961, 22.175265436432191 ], [ 92.595225732229423, 22.175390147021929 ], [ 92.597057979202006, 22.177338452368108 ], [ 92.595593500710081, 22.1788693145823 ], [ 92.595680663343799, 22.180890938067968 ], [ 92.594395899112655, 22.181215458045646 ], [ 92.5969148317632, 22.183697899407758 ], [ 92.594995904552192, 22.183883787816914 ], [ 92.59614665002438, 22.185981593401678 ], [ 92.595742578826432, 22.189189490087323 ], [ 92.596607413001593, 22.19026162959603 ], [ 92.595326086623061, 22.192621657169255 ], [ 92.595256241711397, 22.193375052592273 ], [ 92.596412189327424, 22.193593695450318 ], [ 92.595415323466767, 22.194388248484085 ], [ 92.595678777780023, 22.19586357875173 ], [ 92.595047098641899, 22.196459347910459 ], [ 92.594074103713254, 22.195957270164666 ], [ 92.595220626205318, 22.198552432745796 ], [ 92.593978874208318, 22.201967886472247 ], [ 92.594842754372621, 22.204200241223798 ], [ 92.593609686389456, 22.204399067001212 ], [ 92.594117094387812, 22.206838050690507 ], [ 92.592694990326137, 22.211473042667215 ], [ 92.590438711589968, 22.213258990325045 ], [ 92.591791411812792, 22.214234164866195 ], [ 92.588047661306661, 22.215983538099909 ], [ 92.588959405505946, 22.217638983946323 ], [ 92.588119296560663, 22.218542625904607 ], [ 92.590187348600409, 22.220824840868747 ], [ 92.590352407745655, 22.222926140147749 ], [ 92.589323037244753, 22.224225353712235 ], [ 92.588088646043161, 22.223968080052696 ], [ 92.589393155244267, 22.225904341328047 ], [ 92.588518630043808, 22.226808627714117 ], [ 92.589331025962579, 22.228233884271724 ], [ 92.588147993242416, 22.230392078171896 ], [ 92.590677898814121, 22.230945495913307 ], [ 92.589522739020609, 22.231990996724111 ], [ 92.590322916054873, 22.23284037957691 ], [ 92.588761047609736, 22.232949217535833 ], [ 92.591608159088068, 22.234672976886188 ], [ 92.589669804910713, 22.23566893418084 ], [ 92.590397115100728, 22.236727702192113 ], [ 92.589973190236691, 22.23780771866042 ], [ 92.591842599614296, 22.239221466964747 ], [ 92.590463597618282, 22.2442878621689 ], [ 92.591745761226662, 22.244760282596079 ], [ 92.590673065877908, 22.245244176346709 ], [ 92.591422568947024, 22.246534584213322 ], [ 92.589105632369581, 22.247521529173078 ], [ 92.590924992111141, 22.249000240775633 ], [ 92.58977971288742, 22.25051766783217 ], [ 92.590175876215909, 22.252974837082618 ], [ 92.589430902452492, 22.253916766858069 ], [ 92.59058366643913, 22.253959505170361 ], [ 92.5907705366795, 22.255468354199134 ], [ 92.590242830349013, 22.25611822317666 ], [ 92.58879592919223, 22.255584808439593 ], [ 92.589073820330441, 22.257332031934283 ], [ 92.587027545249796, 22.257313753963629 ], [ 92.586763888815582, 22.259062964478911 ], [ 92.585112100807123, 22.258597298179772 ], [ 92.585231199447492, 22.25934725730119 ], [ 92.586729685461137, 22.25987975899336 ], [ 92.585131642757815, 22.26032528784053 ], [ 92.584365905334877, 22.261507627277084 ], [ 92.584838078712835, 22.262691173825413 ], [ 92.586893632492078, 22.263949570449473 ], [ 92.584030774445125, 22.265154544848741 ], [ 92.584318135623036, 22.267349712539264 ], [ 92.581021377819113, 22.269178745880772 ], [ 92.582506248966311, 22.270279672166861 ], [ 92.582020791301943, 22.271304819250652 ], [ 92.583165850438419, 22.27259603101686 ], [ 92.582286665676577, 22.27410852964324 ], [ 92.580760542993232, 22.273496459726498 ], [ 92.581404505694522, 22.275076962155609 ], [ 92.580728930380047, 22.276057595198704 ], [ 92.583499803636883, 22.276174659085388 ], [ 92.583378005559055, 22.277321151801864 ], [ 92.58632735160495, 22.276530678171468 ], [ 92.584925473111895, 22.277316667958974 ], [ 92.584386384228409, 22.27905497424252 ], [ 92.586586953043948, 22.280246715586902 ], [ 92.584200654848502, 22.281642968342453 ], [ 92.581847968017684, 22.281790283800913 ], [ 92.581921853551492, 22.283245251688399 ], [ 92.584108150832108, 22.284682013162119 ], [ 92.580918144324983, 22.286421664216512 ], [ 92.582592099161403, 22.287735893730385 ], [ 92.582191352628314, 22.28971253113302 ], [ 92.581066218124846, 22.290473104772222 ], [ 92.582492279265324, 22.291047334741354 ], [ 92.58263528027878, 22.298112238167541 ], [ 92.583329647450711, 22.29891549731747 ], [ 92.582592586946589, 22.300095411087206 ], [ 92.581276299933805, 22.300275610643329 ], [ 92.581744225178795, 22.301971197851103 ], [ 92.580757941472186, 22.301809551065432 ], [ 92.580193986323309, 22.302614204344348 ], [ 92.58215417225702, 22.302722975578124 ], [ 92.583409406169835, 22.303930209741932 ], [ 92.580301276609276, 22.303846747494177 ], [ 92.580677939309609, 22.305764997759603 ], [ 92.579569264637072, 22.306127632612622 ], [ 92.581446045589914, 22.306899314989909 ], [ 92.58136602186778, 22.308421540902252 ], [ 92.577253553361672, 22.311152569135075 ], [ 92.5776147111402, 22.311819713871067 ], [ 92.578949134240247, 22.310913933986111 ], [ 92.58015837980038, 22.311751794669984 ], [ 92.578557610710192, 22.312444471570931 ], [ 92.579961895789879, 22.314926119780605 ], [ 92.578019900740699, 22.316535651988598 ], [ 92.580451981574598, 22.319210074765664 ], [ 92.579452017424515, 22.321041535751021 ], [ 92.581165817035355, 22.321763859036007 ], [ 92.57847352121307, 22.32338268846237 ], [ 92.579931848940276, 22.323870135210054 ], [ 92.580225869329382, 22.324979511343951 ], [ 92.576721924088361, 22.324992484624048 ], [ 92.575778253763858, 22.331275196379426 ], [ 92.574283202009511, 22.33165883680655 ], [ 92.576084191203535, 22.33295898007048 ], [ 92.574083053770977, 22.334344432338785 ], [ 92.575955716846551, 22.335159251345782 ], [ 92.575034454098471, 22.336177509372021 ], [ 92.575986101462703, 22.337081347130209 ], [ 92.575183825065608, 22.338026603735919 ], [ 92.574357643600493, 22.337447059723431 ], [ 92.573665755778777, 22.338040233878157 ], [ 92.575045653395122, 22.342160769855052 ], [ 92.57252078557552, 22.342668538183936 ], [ 92.573315881738552, 22.345424263089033 ], [ 92.571903831621526, 22.34663283110126 ], [ 92.573225334252854, 22.348294907195839 ], [ 92.570940998435375, 22.356616695362749 ], [ 92.571869439620883, 22.358638374248439 ], [ 92.570406991321477, 22.360089963281617 ], [ 92.568023574023144, 22.360513314951294 ], [ 92.568359441531456, 22.361481924083328 ], [ 92.566837874204879, 22.365330591789515 ], [ 92.567903478252816, 22.367305661584282 ], [ 92.567035068782786, 22.368736022595204 ], [ 92.567402330613675, 22.370724311331053 ], [ 92.564388108237992, 22.370734707649238 ], [ 92.562476195072705, 22.371661059264841 ], [ 92.563787661725669, 22.37543430807716 ], [ 92.561995367325309, 22.375745160012958 ], [ 92.561538228151946, 22.378346193315274 ], [ 92.563376782196187, 22.380101994804175 ], [ 92.559330256320152, 22.381858505103221 ], [ 92.561138920719941, 22.385108161971548 ], [ 92.559439912768568, 22.38744417422966 ], [ 92.561062804669291, 22.388520851741308 ], [ 92.561055851708971, 22.389318810008533 ], [ 92.558293796315027, 22.391126816608551 ], [ 92.559748199302732, 22.39132969892372 ], [ 92.55846320330626, 22.394079192561342 ], [ 92.559829786991784, 22.395521319832117 ], [ 92.555947689643659, 22.398537393145709 ], [ 92.556700415867994, 22.399468871757033 ], [ 92.559337944102339, 22.3997501228632 ], [ 92.559887881939517, 22.401509446337982 ], [ 92.558823799637707, 22.402613607251819 ], [ 92.556916561305144, 22.402790517485585 ], [ 92.556858000131783, 22.40442499969603 ], [ 92.565994000420261, 22.400237000090325 ], [ 92.811813000354576, 22.395157999764013 ], [ 92.724609000131224, 22.452283000112086 ], [ 92.68842600044897, 22.50265400015989 ], [ 92.680664000337046, 22.534756000393362 ], [ 92.664185000236245, 22.57153599979706 ], [ 92.887748000054657, 22.602912999761401 ], [ 92.930960999554728, 22.560996999905477 ], [ 92.92707599974996, 22.550684000012605 ], [ 92.933388000415746, 22.536108999595243 ], [ 92.930231999633705, 22.495069999917582 ], [ 92.920322000116641, 22.479870999820637 ], [ 92.893867000376574, 22.464656999811087 ], [ 92.8598789999551, 22.41356799978545 ] ] ] } },
{ "type": "Feature", "properties": { "pincode": "796901", "officename": "Saiha S.O", "officetype": "S.O", "circle": "North Eastern", "region": "North East - I", "division": "Mizoram", "state": "Mizoram", "district": "Mizoram" }, "geometry": { "type": "Polygon", "coordinates": [ [ [ 93.092652755164949, 22.700745480385542 ], [ 93.096928186148403, 22.698818360024248 ], [ 93.09881138915722, 22.693713345593174 ], [ 93.098609416440311, 22.690903309754471 ], [ 93.096596340397625, 22.688049579853455 ], [ 93.096607669051664, 22.68673911772018 ], [ 93.097825884289946, 22.685726965069726 ], [ 93.100092913165113, 22.686532919513606 ], [ 93.100871612379265, 22.686109112715595 ], [ 93.101923074249655, 22.682671405704049 ], [ 93.100894188838978, 22.680562374387737 ], [ 93.094760224381076, 22.680525446734546 ], [ 93.095630498753607, 22.671762625421174 ], [ 93.101566398166099, 22.665110470441171 ], [ 93.10152371651202, 22.660714368347307 ], [ 93.108431541857968, 22.656858485112817 ], [ 93.109570820335591, 22.655487456711466 ], [ 93.109733708252776, 22.650777033476956 ], [ 93.110790714525109, 22.649232504125621 ], [ 93.110813744634044, 22.647313202292057 ], [ 93.109933111787981, 22.644187235222066 ], [ 93.106991412201808, 22.639967575675865 ], [ 93.10778370472282, 22.636631308714076 ], [ 93.108795799722515, 22.635191941163466 ], [ 93.11245721244633, 22.6339293107686 ], [ 93.116448249387247, 22.631109866724419 ], [ 93.121374310368054, 22.62565804965481 ], [ 93.125949208226189, 22.625813740393614 ], [ 93.127967709194877, 22.623940875202535 ], [ 93.128404004758735, 22.621287014410381 ], [ 93.127273510007939, 22.617058055892926 ], [ 93.128858325917051, 22.615482458150101 ], [ 93.132287637327622, 22.615129062745737 ], [ 93.133689832925995, 22.614146161221125 ], [ 93.133993160759772, 22.610245551083011 ], [ 93.137349111252689, 22.603324029866151 ], [ 93.137038134264259, 22.597996560745742 ], [ 93.140313752014578, 22.592265174318417 ], [ 93.140150579331433, 22.588886356364871 ], [ 93.138014164600236, 22.582840108336633 ], [ 93.128578948965369, 22.578248002030826 ], [ 93.125912768965037, 22.575304088687641 ], [ 93.124924002314941, 22.570402119525621 ], [ 93.122845660971933, 22.567295820630147 ], [ 93.120676173865235, 22.565220679061934 ], [ 93.1156870286936, 22.563733893955433 ], [ 93.112070716786931, 22.557622733742004 ], [ 93.109331516330386, 22.546733284470527 ], [ 93.109798765143964, 22.542491054289407 ], [ 93.10917749927664, 22.537052200211022 ], [ 93.109912276263259, 22.535912624220195 ], [ 93.111850675356408, 22.535177172200086 ], [ 93.112496349348334, 22.53275179827963 ], [ 93.107301056988646, 22.528732394586822 ], [ 93.106550387007999, 22.527025056195139 ], [ 93.108531479433324, 22.524820692229309 ], [ 93.11499774418958, 22.525763131859634 ], [ 93.125093202693662, 22.525494812964904 ], [ 93.128207117404628, 22.523653353333437 ], [ 93.127977147793587, 22.520061425994548 ], [ 93.126502011689126, 22.515270359723385 ], [ 93.123732397870327, 22.51036499500259 ], [ 93.123785007704939, 22.50837982601432 ], [ 93.125723520884108, 22.501712536637772 ], [ 93.13401592945894, 22.493161409102434 ], [ 93.134560046213082, 22.491751905750895 ], [ 93.134766897680294, 22.490409654811831 ], [ 93.132824221708105, 22.487891560409636 ], [ 93.134002074742341, 22.482079809728216 ], [ 93.131805639973734, 22.477715842703276 ], [ 93.132474819283388, 22.473662471374222 ], [ 93.130851355155826, 22.468159188854465 ], [ 93.131970141265185, 22.465379512219993 ], [ 93.136309915877504, 22.461587902395515 ], [ 93.138704324961665, 22.454516202206882 ], [ 93.144180214185184, 22.453689858279066 ], [ 93.15089993500554, 22.454548689892473 ], [ 93.154621169239107, 22.453315597062602 ], [ 93.158703897221059, 22.453387858951466 ], [ 93.163469049273232, 22.451298246443606 ], [ 93.16657263156182, 22.447176590437881 ], [ 93.16831737723588, 22.443273657666719 ], [ 93.172659453331946, 22.441203414477886 ], [ 93.176942730201077, 22.44029917785824 ], [ 93.178594069950208, 22.437222770065336 ], [ 93.177642198905502, 22.43464531216495 ], [ 93.178111687219072, 22.43280211583274 ], [ 93.181142723361916, 22.43092682196648 ], [ 93.182323993587516, 22.429272277914521 ], [ 93.184216162681153, 22.429172354157256 ], [ 93.185290100399968, 22.42815307590983 ], [ 93.185728001253196, 22.424005194477662 ], [ 93.182753166409441, 22.422550607881316 ], [ 93.181536227677199, 22.418867326596146 ], [ 93.183005395374906, 22.410405514197638 ], [ 93.1863618902469, 22.407111013205718 ], [ 93.187460052833956, 22.403381885140469 ], [ 93.186922850412586, 22.40246837279436 ], [ 93.184328868011661, 22.401941667389774 ], [ 93.183399488086678, 22.398116828176192 ], [ 93.181621470611148, 22.395312555779718 ], [ 93.184445951730822, 22.391889148713322 ], [ 93.185055384989255, 22.387171253343357 ], [ 93.189065634199167, 22.384386353057895 ], [ 93.189772089999835, 22.382694161852456 ], [ 93.186070531565974, 22.381036106277623 ], [ 93.183543813216858, 22.374359423260223 ], [ 93.18360561371513, 22.371012703165242 ], [ 93.187072758572285, 22.367661734853534 ], [ 93.188005381415422, 22.365493102044223 ], [ 93.186677203403192, 22.359883319373651 ], [ 93.187296006090051, 22.356612593738681 ], [ 93.186908960661668, 22.350833398444738 ], [ 93.188130143035337, 22.345106583587214 ], [ 93.186077013809069, 22.341992678782084 ], [ 93.185832907410386, 22.339943558318701 ], [ 93.187609342054387, 22.337824006852919 ], [ 93.194343683854356, 22.333798970191193 ], [ 93.196677365927016, 22.32875557906171 ], [ 93.196348209732193, 22.327333951629289 ], [ 93.189739069726627, 22.324137475410549 ], [ 93.189045149017417, 22.322725565942171 ], [ 93.189566866279932, 22.320444032885426 ], [ 93.194329005382613, 22.317096358700148 ], [ 93.195748357006281, 22.31432453025101 ], [ 93.194989055114064, 22.312729517662056 ], [ 93.191231187583213, 22.310914932095301 ], [ 93.190530667849927, 22.30953495334645 ], [ 93.195176988061363, 22.303737116107843 ], [ 93.195398998599018, 22.301700861401258 ], [ 93.194125907076682, 22.301204957865561 ], [ 93.191205724836479, 22.302671380853138 ], [ 93.190063912211471, 22.302503213117372 ], [ 93.189568760826845, 22.300797018897722 ], [ 93.192409446655972, 22.297419860873234 ], [ 93.197250203617401, 22.296358524086603 ], [ 93.199176065822414, 22.294238686364746 ], [ 93.198135437634349, 22.291214148139623 ], [ 93.195135237061933, 22.291333298901446 ], [ 93.193682430380463, 22.290618018773166 ], [ 93.193593877154726, 22.28809426809616 ], [ 93.197377440095906, 22.278771349059504 ], [ 93.197291194642119, 22.272706389271704 ], [ 93.198054115846602, 22.269689645148336 ], [ 93.201806085937619, 22.264764237315802 ], [ 93.201945113702536, 22.263090975331405 ], [ 93.198061234995237, 22.260214273849215 ], [ 93.199040787625435, 22.255692960289124 ], [ 93.192756014895934, 22.254604240606014 ], [ 93.18626763541404, 22.250479330029904 ], [ 93.181301743133545, 22.248866869694574 ], [ 93.177619107711109, 22.245724967939267 ], [ 93.171066195055829, 22.246497820083231 ], [ 93.167558323278683, 22.246076459078434 ], [ 93.163947686029658, 22.249978991273998 ], [ 93.154521260409851, 22.247239483012624 ], [ 93.151823163267466, 22.247481951701868 ], [ 93.14958398575935, 22.249531148891247 ], [ 93.148329790299016, 22.249529511805648 ], [ 93.145489546440999, 22.248601981252563 ], [ 93.142095429226586, 22.245464090310314 ], [ 93.141832223746661, 22.243105479602342 ], [ 93.143555282293121, 22.237947100365073 ], [ 93.142210495329664, 22.23624043220526 ], [ 93.140093927078041, 22.236186128015238 ], [ 93.139937206095269, 22.234709725825681 ], [ 93.141704689925774, 22.232595384306194 ], [ 93.147400056437803, 22.229340347107097 ], [ 93.152340178747778, 22.216636430195909 ], [ 93.14884576373359, 22.213264875877496 ], [ 93.148644297666479, 22.211706376790403 ], [ 93.153436675858288, 22.208998405150655 ], [ 93.157089627350459, 22.201354756998583 ], [ 93.160606493958554, 22.198816901734368 ], [ 93.161461392766654, 22.197096398007069 ], [ 93.160400520145373, 22.192090376382531 ], [ 93.157283155903684, 22.188370512834005 ], [ 93.157515336268645, 22.185933315331511 ], [ 93.155639921653375, 22.184710626915376 ], [ 93.155847159396131, 22.181417690281545 ], [ 93.153373859365416, 22.17800352366476 ], [ 93.150827493064412, 22.176260318828763 ], [ 93.147688541408158, 22.176371673798212 ], [ 93.146537774376355, 22.175035957377894 ], [ 93.139205739400438, 22.175884823118931 ], [ 93.129433188410076, 22.173252119069865 ], [ 93.123562397991009, 22.173546027686179 ], [ 93.122512255745804, 22.175251137415511 ], [ 93.123368048377614, 22.179629559126223 ], [ 93.12049480580599, 22.18235211346024 ], [ 93.119575386400882, 22.18526525626649 ], [ 93.116891630862028, 22.189340338869023 ], [ 93.114461077164108, 22.190677717631505 ], [ 93.114462628554591, 22.194582446127814 ], [ 93.111042514095857, 22.204028372222279 ], [ 93.104196035598974, 22.201098914371137 ], [ 93.102737855195514, 22.199477252775484 ], [ 93.088722399421499, 22.196538539961725 ], [ 93.082997396589917, 22.199860566852973 ], [ 93.080308685045622, 22.200054212981591 ], [ 93.070772953320358, 22.20416287382286 ], [ 93.067757207401939, 22.204649829436033 ], [ 93.063298503032527, 22.207301320745952 ], [ 93.061582256410858, 22.204424837150086 ], [ 93.056823040426067, 22.200814406921172 ], [ 93.055666289716186, 22.200842464954547 ], [ 93.053668822799892, 22.20245915462629 ], [ 93.050523388900544, 22.200407436306207 ], [ 93.046423565080389, 22.202442576167233 ], [ 93.042981119402015, 22.199177356725027 ], [ 93.043545094313814, 22.19729689566115 ], [ 93.043013947435767, 22.195577056176202 ], [ 93.038220366399784, 22.195028029472528 ], [ 93.038146126031464, 22.193591186857166 ], [ 93.042122545586082, 22.18999892035249 ], [ 93.040141990353291, 22.186878381325158 ], [ 93.042148359574071, 22.185263188384447 ], [ 93.048105700874103, 22.175151437732843 ], [ 93.04878572823911, 22.173110234857681 ], [ 93.048235074444676, 22.170559812649476 ], [ 93.049100152063303, 22.168902210359768 ], [ 93.047567060249932, 22.162257865373451 ], [ 93.044883241829027, 22.161587288621003 ], [ 93.042129317985001, 22.159400920864609 ], [ 93.042241670277576, 22.158397943092176 ], [ 93.043810248239566, 22.158180863666963 ], [ 93.044545401620326, 22.157246012780409 ], [ 93.041215611865113, 22.150685527736005 ], [ 93.036913434442383, 22.148874381353323 ], [ 93.037195327575191, 22.144378643843915 ], [ 93.038514282584345, 22.14392043910631 ], [ 93.039812909616941, 22.145263549191725 ], [ 93.040611136408728, 22.142700391651697 ], [ 93.044091918590183, 22.143183764348677 ], [ 93.044227663911073, 22.1425544344612 ], [ 93.041913908268072, 22.141502549890753 ], [ 93.039514668044291, 22.138546988629358 ], [ 93.042206158976072, 22.136475795861152 ], [ 93.043863599184292, 22.137595357162532 ], [ 93.04496340568835, 22.137305607142842 ], [ 93.045075510944216, 22.133589322944612 ], [ 93.049408242764684, 22.129550723821147 ], [ 93.050789554329342, 22.127098001900205 ], [ 93.05391428116306, 22.125306817047285 ], [ 93.054413430050687, 22.121094678659922 ], [ 93.057050431872284, 22.121369535050821 ], [ 93.056786975762364, 22.115586686809387 ], [ 93.05834952423217, 22.113696884114351 ], [ 93.05776215898706, 22.110077489392101 ], [ 93.058861727437531, 22.10716910471757 ], [ 93.057791506049057, 22.103041843119257 ], [ 93.059575929410911, 22.101252210357838 ], [ 93.059056094118915, 22.100344001043013 ], [ 93.057619187618002, 22.100817094336868 ], [ 93.056074650369624, 22.099977130400365 ], [ 93.055053774338035, 22.100706168176618 ], [ 93.053015052292295, 22.099407879916395 ], [ 93.047352928835693, 22.098140680399968 ], [ 93.038513206402612, 22.100321508620091 ], [ 93.035215965305099, 22.099956012071157 ], [ 93.025334728046815, 22.101816716758417 ], [ 93.02346548575585, 22.100915802940339 ], [ 93.019401618801581, 22.101139689837353 ], [ 93.007715849393819, 22.104638761284598 ], [ 93.005422006705729, 22.104555747243836 ], [ 93.004532372740485, 22.103592731862097 ], [ 93.004266139039743, 22.099970300423564 ], [ 93.006236932280316, 22.097721978286465 ], [ 93.006606229693602, 22.094670508350362 ], [ 93.010581144570125, 22.092342171937531 ], [ 93.011625516037995, 22.088395579246171 ], [ 93.008720259306259, 22.084755940677219 ], [ 93.008453112018856, 22.080791307824025 ], [ 93.005182307441814, 22.080028486976783 ], [ 93.005078472974745, 22.076246140704228 ], [ 93.003635977156122, 22.074570001185148 ], [ 93.005762381960125, 22.073506396927559 ], [ 93.006596401226105, 22.070960682616796 ], [ 93.001404275427817, 22.066814446833074 ], [ 93.001448811204654, 22.065236003218697 ], [ 93.002883960600855, 22.062796495368879 ], [ 93.001265838754307, 22.060925838799911 ], [ 93.001865460613203, 22.057909452355489 ], [ 92.997505146920247, 22.054345159108983 ], [ 92.998081046069103, 22.051955453371463 ], [ 92.995806776772739, 22.048065845368434 ], [ 92.99632302778673, 22.045133331906772 ], [ 92.994691639620044, 22.042196118942208 ], [ 92.995013553597076, 22.039166134375474 ], [ 92.997144529927539, 22.037714261285611 ], [ 92.997369795061431, 22.035613387165785 ], [ 92.99481351315633, 22.032192372842772 ], [ 92.995608155670155, 22.029911041424018 ], [ 92.999079637593454, 22.025240265856414 ], [ 92.999363869939245, 22.023339391312042 ], [ 93.00426765449761, 22.017045597859159 ], [ 93.004453035331238, 22.0134942203475 ], [ 93.001811691951872, 22.006789658307824 ], [ 93.002703821436953, 22.005551084863402 ], [ 93.002757066380482, 21.996923649936534 ], [ 93.004488511598424, 21.993601899296802 ], [ 93.005117652097553, 21.986811748371192 ], [ 93.007413529469773, 21.982325471597285 ], [ 93.003307030268758, 21.981911975386112 ], [ 92.993823019944273, 21.977801494032473 ], [ 92.985913234391688, 21.9800952780652 ], [ 92.982922545181481, 21.979049068208262 ], [ 92.98056133783021, 21.980058241145532 ], [ 92.978140446411487, 21.98686649602794 ], [ 92.978927025647309, 21.991784806876311 ], [ 92.977922841211992, 21.997473719387191 ], [ 92.97353996992392, 22.000435360071375 ], [ 92.973845694462895, 22.001283586279978 ], [ 92.972131322625216, 22.003813438331434 ], [ 92.972370157709804, 22.006080273337794 ], [ 92.969589650021575, 22.007252847948344 ], [ 92.968188171278825, 22.006707608732043 ], [ 92.967239588068054, 22.009665206296848 ], [ 92.964995271298164, 22.010794057974213 ], [ 92.96494991176624, 22.013587010252539 ], [ 92.964237604339772, 22.013882480768334 ], [ 92.964671540029343, 22.014952412143401 ], [ 92.963254408142774, 22.015734686150186 ], [ 92.96503209683496, 22.017391362367466 ], [ 92.963722833749372, 22.017909979232709 ], [ 92.960751788897824, 22.021713446624922 ], [ 92.961785588991418, 22.023537575390929 ], [ 92.960979118360228, 22.0256584507021 ], [ 92.957028385232846, 22.029444514156296 ], [ 92.952249205987528, 22.029710341430111 ], [ 92.950380172105696, 22.026947170361279 ], [ 92.947288815888143, 22.024905841005072 ], [ 92.94676909198725, 22.022464027997991 ], [ 92.94546421268025, 22.021091758943435 ], [ 92.942136012943109, 22.020055265302663 ], [ 92.942387357068014, 22.016681742308986 ], [ 92.940709826038457, 22.016821836766763 ], [ 92.941135001357381, 22.014418065833539 ], [ 92.93996784276662, 22.013558088784297 ], [ 92.930760421023152, 22.017568529895112 ], [ 92.927245767863923, 22.015636107945603 ], [ 92.928952650447073, 22.00852818783104 ], [ 92.932451845396884, 22.010651514835228 ], [ 92.934615494352556, 22.010690141155916 ], [ 92.935781984596773, 22.009914252211612 ], [ 92.935051483590868, 22.008318437728985 ], [ 92.935777368154518, 22.005696959613978 ], [ 92.933335615159933, 22.001261388769901 ], [ 92.931013105434459, 21.998827197612506 ], [ 92.930986913255737, 21.997642406058407 ], [ 92.929947952340854, 21.997393253629578 ], [ 92.929969103174216, 21.995921500241209 ], [ 92.922345903553449, 21.993624714381927 ], [ 92.920748194125096, 21.991827314059538 ], [ 92.921753062178297, 21.990604473633873 ], [ 92.920134298036317, 21.989973002982744 ], [ 92.920345381466859, 21.988721669011426 ], [ 92.919514366167192, 21.987841633011545 ], [ 92.920334974484291, 21.985995864592823 ], [ 92.918810360970596, 21.981236607062918 ], [ 92.917011789143032, 21.981365840731804 ], [ 92.915341141005172, 21.97895521525529 ], [ 92.912931278203175, 21.970282378192987 ], [ 92.91343459078216, 21.967364307249962 ], [ 92.911561296190925, 21.965950589700213 ], [ 92.911453379779218, 21.964345422246918 ], [ 92.912933960572602, 21.965523027965773 ], [ 92.91356940185517, 21.965141060953162 ], [ 92.911356691410262, 21.960957701614277 ], [ 92.911460346214241, 21.950794489218207 ], [ 92.90950235845807, 21.946942613203095 ], [ 92.905939393004516, 21.943614933088941 ], [ 92.907459066682478, 21.942821804414756 ], [ 92.906136193222011, 21.940580030147725 ], [ 92.903544516796416, 21.940077565823184 ], [ 92.901163536627436, 21.94693813967335 ], [ 92.901529145558186, 21.951888843694146 ], [ 92.898808206953078, 21.955954808434978 ], [ 92.900521520575353, 21.957507758691026 ], [ 92.899844648093591, 21.958577751934065 ], [ 92.90037641031762, 21.960088051045709 ], [ 92.898939945787816, 21.963317473288281 ], [ 92.900476074805127, 21.96436961167143 ], [ 92.899266463630639, 21.965343730161166 ], [ 92.898627152405879, 21.971498022690774 ], [ 92.89700727435293, 21.972987959367462 ], [ 92.897949379812204, 21.973791291263012 ], [ 92.89776093931674, 21.979773810175605 ], [ 92.896653008449263, 21.981684542751708 ], [ 92.896753819187111, 21.984131171475386 ], [ 92.895254150092214, 21.989386577981925 ], [ 92.895065573052833, 21.995369083402771 ], [ 92.894141307236794, 21.998197365258477 ], [ 92.894430948338893, 22.003745913318856 ], [ 92.893881448879597, 22.005071342963141 ], [ 92.892189977793478, 22.00596427230829 ], [ 92.890725687049439, 22.012015553344444 ], [ 92.878643568361895, 22.015053714961461 ], [ 92.878500456855662, 22.018058800192282 ], [ 92.879940625139398, 22.022009566413651 ], [ 92.875745464914786, 22.021153677750807 ], [ 92.871671667085039, 22.02266449675766 ], [ 92.868597489350648, 22.022458724909463 ], [ 92.867666219370349, 22.023465106486611 ], [ 92.865064797122201, 22.02369221229338 ], [ 92.86388957076187, 22.026753321333679 ], [ 92.863598532779477, 22.03296303360078 ], [ 92.864971608589599, 22.03642008308918 ], [ 92.864607596863422, 22.041006051240039 ], [ 92.8659254541313, 22.051563116860613 ], [ 92.863038717067468, 22.057700438121742 ], [ 92.86340280694705, 22.062674050362265 ], [ 92.86187580840631, 22.06270856725197 ], [ 92.858812345776627, 22.067045478281674 ], [ 92.855131892362039, 22.065705218056838 ], [ 92.852374077914519, 22.066328632032882 ], [ 92.850216145837308, 22.062632506035779 ], [ 92.848055228658453, 22.061619453750556 ], [ 92.847462259722533, 22.060535309659944 ], [ 92.84385333376413, 22.060256899700256 ], [ 92.84225879718538, 22.059054498094564 ], [ 92.840761421489418, 22.059588565199295 ], [ 92.838597344037368, 22.065052370058226 ], [ 92.83789151436244, 22.069931466416964 ], [ 92.836743649787351, 22.071657509988626 ], [ 92.834707698145934, 22.071694898411259 ], [ 92.831032036345078, 22.073286962391663 ], [ 92.826911726444877, 22.072487099087144 ], [ 92.823431414980647, 22.074332206596395 ], [ 92.821839120596849, 22.073653814980844 ], [ 92.818169654476492, 22.074946205657184 ], [ 92.816706453388875, 22.080969762812561 ], [ 92.817674236292234, 22.086880165774232 ], [ 92.813462403335961, 22.089098391149356 ], [ 92.809942087197186, 22.095921881307468 ], [ 92.806592890238548, 22.095984479004006 ], [ 92.803924868691894, 22.098006510249984 ], [ 92.801070807846529, 22.094334298323709 ], [ 92.798397898566392, 22.093460863497892 ], [ 92.796414376198257, 22.094784189324919 ], [ 92.795937542360576, 22.098906084295074 ], [ 92.79255263557279, 22.100003557230334 ], [ 92.792377753349925, 22.101909685097301 ], [ 92.790801030363227, 22.102990943993994 ], [ 92.790346873596633, 22.104804496254761 ], [ 92.783905046609362, 22.10543285617204 ], [ 92.78237773994644, 22.106702155773963 ], [ 92.780138605557482, 22.106822456954589 ], [ 92.77906245169487, 22.10766339134274 ], [ 92.777099477390507, 22.106777975200323 ], [ 92.773680121109891, 22.106975895012908 ], [ 92.772762687879904, 22.107907126283724 ], [ 92.772952875598591, 22.109021388323292 ], [ 92.771049998586747, 22.109073009339959 ], [ 92.77038602321754, 22.111905898486089 ], [ 92.76682958492286, 22.114097853059608 ], [ 92.767656971028785, 22.116709182036558 ], [ 92.765709505239514, 22.116959579034443 ], [ 92.766425315197239, 22.119156983359151 ], [ 92.763299527453157, 22.118773679850861 ], [ 92.764128638324422, 22.120686193276875 ], [ 92.761898211305464, 22.120394597626952 ], [ 92.759876356925844, 22.123451441982134 ], [ 92.760522492651816, 22.124536867986958 ], [ 92.760032493105356, 22.125513520974 ], [ 92.756571704727207, 22.125747765030383 ], [ 92.753564223309411, 22.124230876242095 ], [ 92.747178265244614, 22.127779153986289 ], [ 92.746237022168003, 22.131185439194574 ], [ 92.744581002196242, 22.131901837878971 ], [ 92.743541487020821, 22.130419875155795 ], [ 92.741304550809303, 22.131183516972527 ], [ 92.741245754277358, 22.132823034709876 ], [ 92.738868332335215, 22.13230711786219 ], [ 92.736744159844704, 22.134563645681922 ], [ 92.735377494412504, 22.134442752412472 ], [ 92.735363359421498, 22.13573577038413 ], [ 92.733912458965079, 22.136418449215913 ], [ 92.732564249420335, 22.138427917723259 ], [ 92.733626836925538, 22.138658290242311 ], [ 92.73321976984613, 22.139723104121835 ], [ 92.731314659622484, 22.14065615512671 ], [ 92.729154779997756, 22.143649786996406 ], [ 92.738682000185705, 22.141045999938473 ], [ 92.768210999793737, 22.162923999680462 ], [ 92.8437420001611, 22.184862000389597 ], [ 92.853012000343853, 22.284330999674104 ], [ 92.871551999811089, 22.325940999977359 ], [ 92.820053000317415, 22.365951000111298 ], [ 92.8598789999551, 22.41356799978545 ], [ 92.893867000376574, 22.464656999811087 ], [ 92.920322000116641, 22.479870999820637 ], [ 92.930231999633705, 22.495069999917582 ], [ 92.933388000415746, 22.536108999595243 ], [ 92.92707599974996, 22.550684000012605 ], [ 92.930960999554728, 22.560996999905477 ], [ 92.887748000054657, 22.602912999761401 ], [ 92.902314000028639, 22.726123000021623 ], [ 92.895475999831405, 22.755997999752612 ], [ 93.096770999838313, 22.789793000125268 ], [ 93.097395814949337, 22.788383418191778 ], [ 93.095649060642316, 22.785810013612888 ], [ 93.09685159399065, 22.780685329373775 ], [ 93.099425216974012, 22.776844323949373 ], [ 93.099295175955149, 22.775036307741733 ], [ 93.102309353415109, 22.767437637292712 ], [ 93.100174420904125, 22.763875301590247 ], [ 93.104713684391569, 22.75812502665535 ], [ 93.107355932374404, 22.752615439190219 ], [ 93.106002346412751, 22.742817002697887 ], [ 93.103492920632846, 22.739756570064408 ], [ 93.098551794904722, 22.728209073019251 ], [ 93.097506109201603, 22.72329322280563 ], [ 93.09830686475091, 22.720288272626906 ], [ 93.097854080610077, 22.717897708197722 ], [ 93.09682500924815, 22.715788701305105 ], [ 93.092845371029853, 22.712782756024584 ], [ 93.092015854120106, 22.710690309918469 ], [ 93.092009762644153, 22.706625911948873 ], [ 93.090962166224443, 22.704013465099106 ], [ 93.092652755164949, 22.700745480385542 ] ] ] } }
]
}
