{
"type": "FeatureCollection",
"name": "punjab",
"crs": { "type": "name", "properties": { "name": "urn:ogc:def:crs:OGC:1.3:CRS84" } },
"features": [
{ "type": "Feature", "properties": { "pincode": "151211", "state": "Punjab", "district": "Muktsar", "officename": "Mandi Killianwali", "officetype": "S.O" }, "geometry": { "type": "Polygon", "coordinates": [ [ [ 74.510187262532213, 29.971831081839071 ], [ 74.511909458854632, 29.996368159363215 ], [ 74.537529890292376, 30.01644176937225 ], [ 74.584900516245966, 29.985063788263403 ], [ 74.59608290690079, 30.008280203268782 ], [ 74.622126446878212, 30.004535096217808 ], [ 74.606078388506944, 29.985216650528116 ], [ 74.60828557571881, 29.96975168469254 ], [ 74.646540940512068, 29.970857236572442 ], [ 74.65069809174372, 29.963960495880258 ], [ 74.700694212867688, 29.968506327804846 ], [ 74.690834000089183, 29.948445999883234 ], [ 74.649642999924481, 29.921818000400492 ], [ 74.656699999805255, 29.903956999616014 ], [ 74.649361000409897, 29.903256999710834 ], [ 74.561690999939742, 29.928772000027834 ], [ 74.502009894441073, 29.965463393420919 ], [ 74.510187262532213, 29.971831081839071 ] ] ] } },
{ "type": "Feature", "properties": { "pincode": "148035", "state": "Punjab", "district": "Sangrur", "officename": "Dirba", "officetype": "S.O" }, "geometry": { "type": "Polygon", "coordinates": [ [ [ 75.918417941434825, 30.008185690817072 ], [ 75.887700064506532, 30.035291041448431 ], [ 75.899137341914866, 30.038959684541908 ], [ 75.916262241309425, 30.064204934110592 ], [ 75.943102021241316, 30.043533807339429 ], [ 75.959691071286045, 30.054274582306277 ], [ 75.947291461731822, 30.078941349263971 ], [ 75.928268472112393, 30.092212052044601 ], [ 75.931444636560798, 30.111992044197564 ], [ 75.916429407291446, 30.118366513503929 ], [ 75.939186919840722, 30.147747995173972 ], [ 75.951995999715734, 30.136816000058445 ], [ 75.975339572563428, 30.145264669329094 ], [ 75.999946280096879, 30.131746197928692 ], [ 76.00565543724872, 30.135757176952268 ], [ 75.99195696833948, 30.154373634335911 ], [ 76.012115000406993, 30.161359999664285 ], [ 76.049675000400953, 30.129391000294618 ], [ 76.067245000356536, 30.144115000307238 ], [ 76.080368000283102, 30.137482000194154 ], [ 76.071823000131531, 30.126989000142373 ], [ 76.084647999805327, 30.125278000379524 ], [ 76.079261999641631, 30.11717199978807 ], [ 76.096687000105135, 30.122002000392172 ], [ 76.107169999695827, 30.113446999779342 ], [ 76.085823000031553, 30.073534000094128 ], [ 76.090782000289266, 30.063798999924074 ], [ 76.068397999568219, 30.06292500008874 ], [ 76.057137000072487, 30.073483000440206 ], [ 76.046660999905384, 30.061339999841209 ], [ 76.052109000230189, 30.056768000343141 ], [ 76.033798000277613, 30.045171999788124 ], [ 76.036629000428206, 30.035686000308715 ], [ 76.014052999846172, 30.0224549998984 ], [ 76.013640999732502, 30.008053000345797 ], [ 75.967801505535249, 30.015540649581396 ], [ 75.941229092248989, 29.995669691003627 ], [ 75.939589023814506, 30.008688552135141 ], [ 75.918417941434825, 30.008185690817072 ] ] ] } },
{ "type": "Feature", "properties": { "pincode": "144030", "state": "Punjab", "district": "Jalandhar", "officename": "Padhiana", "officetype": "S.O" }, "geometry": { "type": "Polygon", "coordinates": [ [ [ 75.770135812318074, 31.379993607419237 ], [ 75.757450924320835, 31.394208967969632 ], [ 75.789164598067828, 31.406741578261403 ], [ 75.802623387759297, 31.423484794587694 ], [ 75.815842000008331, 31.422329000283128 ], [ 75.822960000004173, 31.405724999908898 ], [ 75.770135812318074, 31.379993607419237 ] ] ] } },
{ "type": "Feature", "properties": { "pincode": "141008", "state": "Punjab", "district": "Ludhiana", "officename": "Guru Arjan Dev Nagar", "officetype": "S.O" }, "geometry": { "type": "Polygon", "coordinates": [ [ [ 75.680530260363355, 30.963283796310293 ], [ 75.660278000029734, 30.96795099983882 ], [ 75.65295400042703, 30.982235000245112 ], [ 75.759871999993038, 31.014994000073102 ], [ 75.799232000256723, 30.993962999692826 ], [ 75.827507000148046, 31.00442900029816 ], [ 75.824612691322727, 30.970894591512319 ], [ 75.842663191852921, 30.95669141767479 ], [ 75.862788368988163, 30.955928612715468 ], [ 75.857317371199883, 30.935474376341517 ], [ 75.870794264244068, 30.930716973509618 ], [ 75.876824505446621, 30.917421578942822 ], [ 75.904309301633134, 30.929615333680886 ], [ 75.912976426121304, 30.920380285521787 ], [ 75.894421773745876, 30.916942267271963 ], [ 75.892303923387487, 30.905947095682052 ], [ 75.879530169781674, 30.910725426637327 ], [ 75.883864723078602, 30.89146447010927 ], [ 75.853612971961127, 30.904972878995181 ], [ 75.828605702791037, 30.947643409615694 ], [ 75.811608947794866, 30.935374936504331 ], [ 75.800110655882122, 30.938991630259636 ], [ 75.787382568950534, 30.91385964220882 ], [ 75.779059830846677, 30.914308018100598 ], [ 75.768204013704349, 30.921451961738683 ], [ 75.769444369462235, 30.930816764082579 ], [ 75.755358694748111, 30.931404799292125 ], [ 75.752344845338428, 30.947391359323774 ], [ 75.726993763551377, 30.935037160136915 ], [ 75.717945971329641, 30.943091278839574 ], [ 75.706075202708575, 30.936530321617056 ], [ 75.697302301759976, 30.940822640952035 ], [ 75.695094399586878, 30.956580487199801 ], [ 75.684478883094016, 30.954196693822382 ], [ 75.680530260363355, 30.963283796310293 ] ] ] } },
{ "type": "Feature", "properties": { "pincode": "147007", "state": "Punjab", "district": "Patiala", "officename": "New Lal Bagh Colony", "officetype": "S.O" }, "geometry": { "type": "Polygon", "coordinates": [ [ [ 76.341288745279371, 30.282176860473783 ], [ 76.318157685828737, 30.291442232872839 ], [ 76.322879195818302, 30.312767090329089 ], [ 76.344636236872987, 30.324046023205483 ], [ 76.332423529822165, 30.338312228726409 ], [ 76.360478410750034, 30.34015627599149 ], [ 76.360112205014275, 30.349610370222535 ], [ 76.374225543774003, 30.350621345798515 ], [ 76.374346466616203, 30.36532450582132 ], [ 76.39521348011823, 30.347314843505387 ], [ 76.402012813440535, 30.37071297822132 ], [ 76.410793831670048, 30.370575527638664 ], [ 76.420997300385181, 30.360011082745416 ], [ 76.406681274221512, 30.346582741400368 ], [ 76.410954519835229, 30.341291007274322 ], [ 76.423486002377217, 30.339836142524007 ], [ 76.427967478816072, 30.352632348604175 ], [ 76.436998005853468, 30.343581960039558 ], [ 76.423363735947703, 30.321897503267337 ], [ 76.4382242512483, 30.316802464362411 ], [ 76.419901105052077, 30.29346844591214 ], [ 76.437802593315212, 30.2747286348187 ], [ 76.436122460083538, 30.258917753751518 ], [ 76.446821244804823, 30.247052200299038 ], [ 76.440054938184915, 30.240287250756069 ], [ 76.446357808865969, 30.234994320531484 ], [ 76.439265788485386, 30.223522421922326 ], [ 76.428036911874131, 30.233177999365296 ], [ 76.421715078088425, 30.224573955124129 ], [ 76.39613568271551, 30.233343554661531 ], [ 76.399762183577991, 30.217300173664171 ], [ 76.4117414059412, 30.208738649369309 ], [ 76.408835012925692, 30.201297207300343 ], [ 76.396393012927433, 30.203697918723947 ], [ 76.408640798933789, 30.193430162871834 ], [ 76.39291399998109, 30.179540999917322 ], [ 76.4135059999021, 30.153980000176887 ], [ 76.396399999760433, 30.142074999761519 ], [ 76.382139191970282, 30.142152878352761 ], [ 76.374737955892044, 30.150374393263746 ], [ 76.388094590692901, 30.170835629061173 ], [ 76.38907359986689, 30.187408789883875 ], [ 76.357147743673522, 30.19776358572102 ], [ 76.338447359757993, 30.212740070398127 ], [ 76.325479180819627, 30.209878793671635 ], [ 76.318444903209809, 30.198774959696721 ], [ 76.30537047117042, 30.21355246577383 ], [ 76.306374170331878, 30.23162468223353 ], [ 76.341288745279371, 30.282176860473783 ] ] ] } },
{ "type": "Feature", "properties": { "pincode": "140301", "state": "Punjab", "district": "Sahibzada Ajit Singh Nagar", "officename": "Kharar (Rupnagar)", "officetype": "S.O" }, "geometry": { "type": "Polygon", "coordinates": [ [ [ 76.55014000016098, 30.70815299996093 ], [ 76.531447112094554, 30.70888603376352 ], [ 76.527696448132588, 30.717560649604422 ], [ 76.54455599985954, 30.727475999817671 ], [ 76.537560000094118, 30.737599999940187 ], [ 76.544563000182336, 30.747205999557423 ], [ 76.563260427127204, 30.752068034911815 ], [ 76.573613581701579, 30.738902766849435 ], [ 76.595165507182628, 30.732116115766189 ], [ 76.61850501509457, 30.738779976115097 ], [ 76.595893434634434, 30.756512132828732 ], [ 76.607748541562046, 30.771668959455042 ], [ 76.632355001781832, 30.777022243182103 ], [ 76.62361739832437, 30.79082519622591 ], [ 76.685666222718112, 30.806380248949495 ], [ 76.708499068777144, 30.788132632315239 ], [ 76.70724832135312, 30.765718102308767 ], [ 76.694472121591332, 30.759097957105212 ], [ 76.7063897403944, 30.754466040275702 ], [ 76.703791545943204, 30.737352953476147 ], [ 76.681732168105214, 30.738131607187995 ], [ 76.679636837669989, 30.728382073973648 ], [ 76.660000553582734, 30.718442137194927 ], [ 76.650607374930587, 30.721913789190125 ], [ 76.644550257488447, 30.709726950238633 ], [ 76.622762892193805, 30.697406588043634 ], [ 76.623539912736817, 30.688252462681191 ], [ 76.578141419990743, 30.667443548980771 ], [ 76.554604000074733, 30.691276999633999 ], [ 76.55014000016098, 30.70815299996093 ] ] ] } },
{ "type": "Feature", "properties": { "pincode": "147101", "state": "Punjab", "district": "Patiala", "officename": "Samana", "officetype": "S.O" }, "geometry": { "type": "Polygon", "coordinates": [ [ [ 76.050369000029377, 30.188512999975046 ], [ 76.079857000100503, 30.230566000320721 ], [ 76.083549000386085, 30.225427999902308 ], [ 76.115630999571124, 30.230100999561728 ], [ 76.11637899989114, 30.238659000312623 ], [ 76.136940000181028, 30.246983000165415 ], [ 76.140724000212572, 30.240858000096694 ], [ 76.155318999672033, 30.254063000207282 ], [ 76.166083999676914, 30.251182999595812 ], [ 76.167296999856831, 30.239922000100421 ], [ 76.173660000109066, 30.244316000383321 ], [ 76.211769000239201, 30.231693000131884 ], [ 76.235526999571505, 30.25602699994613 ], [ 76.262362823385843, 30.234754384107703 ], [ 76.251353985698131, 30.215611623677546 ], [ 76.266948158930518, 30.221232288439467 ], [ 76.286321049576827, 30.210205551545016 ], [ 76.303070634901985, 30.216394543773276 ], [ 76.318444903209809, 30.198774959696721 ], [ 76.325479180819627, 30.209878793671635 ], [ 76.338447359757993, 30.212740070398127 ], [ 76.357147743673522, 30.19776358572102 ], [ 76.38907359986689, 30.187408789883875 ], [ 76.388094590692901, 30.170835629061173 ], [ 76.374737955892044, 30.150374393263746 ], [ 76.382139191970282, 30.142152878352761 ], [ 76.396399999760433, 30.142074999761519 ], [ 76.401824999923974, 30.123778999601257 ], [ 76.37554899958684, 30.123820999739394 ], [ 76.354889000127343, 30.149769000239303 ], [ 76.337669000124379, 30.145589999978426 ], [ 76.360694999874454, 30.123961999946459 ], [ 76.340117999745928, 30.105833000292819 ], [ 76.304794000342895, 30.115003999635007 ], [ 76.283721999870579, 30.110746000227891 ], [ 76.256256000414226, 30.118306999968127 ], [ 76.215591000224492, 30.155429999594844 ], [ 76.223617999870783, 30.131566999917197 ], [ 76.205771999778165, 30.137310000356308 ], [ 76.202271000206679, 30.131500000424865 ], [ 76.240341000337139, 30.105784999877983 ], [ 76.266663000097424, 30.100996000265297 ], [ 76.231708255132048, 30.0628912161568 ], [ 76.218205381573227, 30.06621721395328 ], [ 76.205651454651047, 30.082729908858369 ], [ 76.230019038747685, 30.08734511088818 ], [ 76.229200856234684, 30.09905277756377 ], [ 76.184369088362928, 30.100250891265716 ], [ 76.183696681456922, 30.116720099453119 ], [ 76.172527432595132, 30.116503061567187 ], [ 76.17154887847812, 30.123661636275642 ], [ 76.144165704783518, 30.110802357143086 ], [ 76.139570667352586, 30.11970116137968 ], [ 76.11879377761079, 30.106604838042983 ], [ 76.104705906752258, 30.107701645814529 ], [ 76.09739699957197, 30.12184300025433 ], [ 76.079261999641631, 30.11717199978807 ], [ 76.084647999805327, 30.125278000379524 ], [ 76.071823000131531, 30.126989000142373 ], [ 76.080368000283102, 30.137482000194154 ], [ 76.063202000072295, 30.143154000057223 ], [ 76.072616999874811, 30.154162999622883 ], [ 76.056320000167943, 30.168204999660986 ], [ 76.050369000029377, 30.188512999975046 ] ] ] } },
{ "type": "Feature", "properties": { "pincode": "140133", "state": "Punjab", "district": "Rupnagar", "officename": "Bhanupali", "officetype": "S.O" }, "geometry": { "type": "Polygon", "coordinates": [ [ [ 76.38390643533387, 31.307608994359668 ], [ 76.431293931669643, 31.336456374961813 ], [ 76.462303000083466, 31.303190000118434 ], [ 76.442474000275126, 31.286450999813781 ], [ 76.449327608582337, 31.244633122720586 ], [ 76.438447241746928, 31.22987780831437 ], [ 76.389279056283556, 31.2364179795062 ], [ 76.382732827258224, 31.251750546250776 ], [ 76.398800645533413, 31.258918204111978 ], [ 76.380338857152708, 31.290755614679938 ], [ 76.381563348869634, 31.312411729317887 ], [ 76.38390643533387, 31.307608994359668 ] ] ] } },
{ "type": "Feature", "properties": { "pincode": "141015", "state": "Punjab", "district": "Ludhiana", "officename": "Mundian Kalan", "officetype": "S.O" }, "geometry": { "type": "Polygon", "coordinates": [ [ [ 75.899545199751287, 30.917805993252102 ], [ 75.91282877542767, 30.919915744316256 ], [ 75.904309301633134, 30.929615333680886 ], [ 75.928918547952833, 30.943721653231876 ], [ 75.932345294999493, 30.96279199485474 ], [ 75.947340393844229, 30.957079235918229 ], [ 75.960661583665342, 30.963004931832302 ], [ 75.960313082882635, 30.954148583690312 ], [ 75.968777004655124, 30.962424355599694 ], [ 75.994374910773615, 30.965927522537186 ], [ 75.991971925863936, 30.941866793417887 ], [ 75.966577833999963, 30.939651431368532 ], [ 75.981486311943854, 30.927913305554796 ], [ 75.960907398058168, 30.918612782254286 ], [ 75.973408002377482, 30.905024293236579 ], [ 75.957384080011423, 30.909051926805091 ], [ 75.958258846968249, 30.891172507005649 ], [ 75.949577424159031, 30.882040627273227 ], [ 75.928666458090618, 30.892153627787934 ], [ 75.927030524738996, 30.907827798414246 ], [ 75.903903719081427, 30.910648702775575 ], [ 75.899545199751287, 30.917805993252102 ] ] ] } },
{ "type": "Feature", "properties": { "pincode": "144005", "state": "Punjab", "district": "Jalandhar", "officename": "Jalandhar Cantt", "officetype": "H.O" }, "geometry": { "type": "Polygon", "coordinates": [ [ [ 75.597343407272604, 31.265742217529407 ], [ 75.591410862121677, 31.282846573710628 ], [ 75.603251308301424, 31.306700550490234 ], [ 75.628062279750509, 31.309080736686838 ], [ 75.618395842094515, 31.319715457302607 ], [ 75.6317756344381, 31.318620710777338 ], [ 75.636986314466867, 31.3042398147158 ], [ 75.666122979092222, 31.284892462117568 ], [ 75.642139847076407, 31.29374805932548 ], [ 75.640847809079276, 31.278073430044856 ], [ 75.610877321831083, 31.267054804136137 ], [ 75.613105345435429, 31.252934696179466 ], [ 75.597343407272604, 31.265742217529407 ] ] ] } },
{ "type": "Feature", "properties": { "pincode": "144043", "state": "Punjab", "district": "Jalandhar", "officename": "Sarih", "officetype": "S.O" }, "geometry": { "type": "Polygon", "coordinates": [ [ [ 75.541962914656835, 31.151375401453834 ], [ 75.528921028182936, 31.168849559759565 ], [ 75.554516412602538, 31.171510392890468 ], [ 75.581702999893594, 31.13808099973852 ], [ 75.549642136575471, 31.130149536871784 ], [ 75.542945495937886, 31.133120388794964 ], [ 75.541962914656835, 31.151375401453834 ] ] ] } },
{ "type": "Feature", "properties": { "pincode": "144216", "state": "Punjab", "district": "Hoshiarpur", "officename": "Talwara Township", "officetype": "S.O" }, "geometry": { "type": "Polygon", "coordinates": [ [ [ 75.84860325083946, 31.934077285638239 ], [ 75.881058000126586, 31.967829000308143 ], [ 75.909423999717944, 31.948729999989609 ], [ 75.921061872707355, 31.92281467006103 ], [ 75.883843012545128, 31.887832811435203 ], [ 75.845136840992438, 31.906543746196974 ], [ 75.845623812189331, 31.922244796660152 ], [ 75.852814741806981, 31.927086228546784 ], [ 75.84860325083946, 31.934077285638239 ] ] ] } },
{ "type": "Feature", "properties": { "pincode": "144311", "state": "Punjab", "district": "Jalandhar", "officename": "Dhesian Kahna", "officetype": "S.O" }, "geometry": { "type": "Polygon", "coordinates": [ [ [ 75.676111403718494, 31.139426982669306 ], [ 75.672943082257461, 31.159597516212443 ], [ 75.722209511459823, 31.164820386551696 ], [ 75.720017303355917, 31.139248299069834 ], [ 75.676111403718494, 31.139426982669306 ] ] ] } },
{ "type": "Feature", "properties": { "pincode": "144504", "state": "Punjab", "district": "Shahid Bhagat Singh Nagar", "officename": "Behram", "officetype": "S.O" }, "geometry": { "type": "Polygon", "coordinates": [ [ [ 75.877963838560333, 31.192276513250476 ], [ 75.878053071092438, 31.207082805726998 ], [ 75.892771270477738, 31.214693274475167 ], [ 75.924574722645389, 31.20716540036301 ], [ 75.931916589079492, 31.196886053148887 ], [ 75.959508646506947, 31.195913166559478 ], [ 75.946436178586907, 31.18621731297884 ], [ 75.942160768304916, 31.162581180776954 ], [ 75.901190915028735, 31.17399846805489 ], [ 75.887639675930416, 31.181643771143229 ], [ 75.889010450472142, 31.19400064221594 ], [ 75.877963838560333, 31.192276513250476 ] ] ] } },
{ "type": "Feature", "properties": { "pincode": "144602", "state": "Punjab", "district": "Kapurthala", "officename": "Rail Coach Factory", "officetype": "S.O" }, "geometry": { "type": "Polygon", "coordinates": [ [ [ 75.338018705299078, 31.306254797021438 ], [ 75.338391921250206, 31.317793658250764 ], [ 75.354768757372426, 31.325662906917671 ], [ 75.386296766982241, 31.299824479815982 ], [ 75.381051830877425, 31.292744870079673 ], [ 75.367184313705309, 31.297212859385979 ], [ 75.355960992206121, 31.291748377185911 ], [ 75.338018705299078, 31.306254797021438 ] ] ] } },
{ "type": "Feature", "properties": { "pincode": "146107", "state": "Punjab", "district": "Hoshiarpur", "officename": "Paldi (Hoshiarpur)", "officetype": "S.O" }, "geometry": { "type": "Polygon", "coordinates": [ [ [ 76.016692743875069, 31.317416396249769 ], [ 75.971273287032716, 31.311949269143554 ], [ 75.968363606095636, 31.326740460204121 ], [ 75.977370238146136, 31.329715750281707 ], [ 75.981274701466418, 31.320676659000583 ], [ 76.015363238322834, 31.330119232017012 ], [ 76.016692743875069, 31.317416396249769 ] ] ] } },
{ "type": "Feature", "properties": { "pincode": "146115", "state": "Punjab", "district": "Hoshiarpur", "officename": "Pajjodeotta", "officetype": "S.O" }, "geometry": { "type": "Polygon", "coordinates": [ [ [ 75.694153000061078, 31.555684999563084 ], [ 75.682151999715074, 31.592386000413569 ], [ 75.689467999848375, 31.595287000195128 ], [ 75.699402000202269, 31.585747000024128 ], [ 75.721068124294618, 31.583811095106 ], [ 75.73844773237704, 31.552530187718105 ], [ 75.728575037907831, 31.550634052619557 ], [ 75.725782341681906, 31.559926368707011 ], [ 75.694153000061078, 31.555684999563084 ] ] ] } },
{ "type": "Feature", "properties": { "pincode": "147004", "state": "Punjab", "district": "Patiala", "officename": "Govt. Printing Press", "officetype": "S.O" }, "geometry": { "type": "Polygon", "coordinates": [ [ [ 76.343993484212092, 30.350624327950413 ], [ 76.351191437534908, 30.361514608912103 ], [ 76.344731262837684, 30.363621411099359 ], [ 76.347322315772374, 30.374836072127096 ], [ 76.365813770988836, 30.362478333208685 ], [ 76.364091086334668, 30.370180256713525 ], [ 76.394884988351635, 30.38964826595469 ], [ 76.39989299176824, 30.401742886624959 ], [ 76.416229988823147, 30.396435714736526 ], [ 76.416030289866171, 30.38640340409404 ], [ 76.43236732379313, 30.395678956818529 ], [ 76.450674864053781, 30.390464683998061 ], [ 76.459420235855248, 30.402794161721317 ], [ 76.48036227529883, 30.396335759587828 ], [ 76.487643784633008, 30.380426093389531 ], [ 76.529109930578898, 30.361093847603058 ], [ 76.52826111985479, 30.341627486819164 ], [ 76.548031217666562, 30.332407716343198 ], [ 76.516426000359843, 30.310742999689808 ], [ 76.515713454012939, 30.323725823188227 ], [ 76.469914203577787, 30.339056363760335 ], [ 76.460679055594028, 30.375575605330141 ], [ 76.450265506148185, 30.378445191792252 ], [ 76.402012813440535, 30.37071297822132 ], [ 76.39521348011823, 30.347314843505387 ], [ 76.375333970786187, 30.365316589089502 ], [ 76.374225543774003, 30.350621345798515 ], [ 76.343993484212092, 30.350624327950413 ] ] ] } },
{ "type": "Feature", "properties": { "pincode": "152118", "state": "Punjab", "district": "Tarn Taran", "officename": "Sitto", "officetype": "S.O" }, "geometry": { "type": "Polygon", "coordinates": [ [ [ 74.780707382739649, 31.164351402695161 ], [ 74.78917691628169, 31.187499705746973 ], [ 74.8116013037573, 31.196886690768281 ], [ 74.806802698485797, 31.179929431298433 ], [ 74.815713101278789, 31.169315444552183 ], [ 74.807028958020055, 31.16958457656699 ], [ 74.789993497102273, 31.152311837621369 ], [ 74.780707382739649, 31.164351402695161 ] ] ] } },
{ "type": "Feature", "properties": { "pincode": "148018", "state": "Punjab", "district": "Sangrur", "officename": "Bagrian", "officetype": "S.O" }, "geometry": { "type": "Polygon", "coordinates": [ [ [ 75.977543575275831, 30.34301872003789 ], [ 75.964964916097927, 30.365779299275403 ], [ 75.990639587447106, 30.383118557475484 ], [ 75.988811540020606, 30.348949819078939 ], [ 75.977543575275831, 30.34301872003789 ] ] ] } },
{ "type": "Feature", "properties": { "pincode": "151004", "state": "Punjab", "district": "Bathinda", "officename": "Bathinda Cantt", "officetype": "S.O" }, "geometry": { "type": "Polygon", "coordinates": [ [ [ 74.965175492555034, 30.237559306616731 ], [ 74.97459987048768, 30.246808528990471 ], [ 75.001917766891495, 30.246848091066568 ], [ 74.99312967999083, 30.263057867326893 ], [ 75.00654453959902, 30.269538258783768 ], [ 75.008636563226787, 30.257299540641384 ], [ 75.058827171736823, 30.255181589558731 ], [ 75.056895851562444, 30.22329103355446 ], [ 75.036589549168355, 30.222424176135007 ], [ 75.036676032472997, 30.202198259642103 ], [ 74.99767693014644, 30.196646330963517 ], [ 74.996676220331494, 30.174569839026958 ], [ 74.967420790337428, 30.175572351083247 ], [ 74.965175492555034, 30.237559306616731 ] ] ] } },
{ "type": "Feature", "properties": { "pincode": "140001", "state": "Punjab", "district": "Rupnagar", "officename": "Ropar", "officetype": "H.O" }, "geometry": { "type": "Polygon", "coordinates": [ [ [ 76.497752417140418, 30.922281807559386 ], [ 76.504903260377205, 30.939983222747628 ], [ 76.496163049784968, 30.947595946995364 ], [ 76.502105784254638, 30.955790153093233 ], [ 76.495131148783514, 30.96651466472008 ], [ 76.534690999989778, 31.009405000440609 ], [ 76.538500393278582, 31.025321862114424 ], [ 76.548247161077825, 31.015489726170074 ], [ 76.578503848573916, 31.021194562978735 ], [ 76.589227255833293, 31.015620776277729 ], [ 76.619824410468311, 31.02883604754561 ], [ 76.627204999910873, 31.018665000289673 ], [ 76.623642000178279, 31.000905999712188 ], [ 76.673876019862519, 30.970280486755087 ], [ 76.639074213604147, 30.95247139753701 ], [ 76.598145922496485, 30.952114037533022 ], [ 76.565169500771958, 30.941962759173919 ], [ 76.557589862582176, 30.92640196877602 ], [ 76.543663854403349, 30.920003243854751 ], [ 76.519530055367909, 30.915739801750476 ], [ 76.517574264640643, 30.921799447186743 ], [ 76.497752417140418, 30.922281807559386 ] ] ] } },
{ "type": "Feature", "properties": { "pincode": "140101", "state": "Punjab", "district": "Rupnagar", "officename": "Morinda", "officetype": "S.O" }, "geometry": { "type": "Polygon", "coordinates": [ [ [ 76.43754253635899, 30.812904522825477 ], [ 76.467773247837272, 30.826793762222508 ], [ 76.488294943257074, 30.823399196515936 ], [ 76.514300136142367, 30.837524695907973 ], [ 76.521529614300391, 30.831157083932283 ], [ 76.552280666319803, 30.841573265693683 ], [ 76.566731603380845, 30.822809462486816 ], [ 76.558188999922606, 30.784309000060489 ], [ 76.495026000049904, 30.745648999701643 ], [ 76.471046000372723, 30.745716000093523 ], [ 76.445952999731276, 30.759527000270964 ], [ 76.43754253635899, 30.812904522825477 ] ] ] } },
{ "type": "Feature", "properties": { "pincode": "140102", "state": "Punjab", "district": "Rupnagar", "officename": "Lutheri", "officetype": "S.O" }, "geometry": { "type": "Polygon", "coordinates": [ [ [ 76.40088471825527, 30.859415661303899 ], [ 76.432832380310117, 30.865528634738894 ], [ 76.435161136976944, 30.8778111597573 ], [ 76.456081466786429, 30.873479378170885 ], [ 76.481754711810538, 30.882893273605816 ], [ 76.48914386010108, 30.875030833705978 ], [ 76.557145325896329, 30.903905052776054 ], [ 76.571282481401568, 30.884013895425142 ], [ 76.565227810115459, 30.880376368874408 ], [ 76.573533498871939, 30.845988344286695 ], [ 76.521529614300391, 30.831157083932283 ], [ 76.514300136142367, 30.837524695907973 ], [ 76.488294943257074, 30.823399196515936 ], [ 76.467773247837272, 30.826793762222508 ], [ 76.43754253635899, 30.812904522825477 ], [ 76.428346936062269, 30.821977543728792 ], [ 76.412402017339332, 30.818717013879279 ], [ 76.407018959757238, 30.832808282376391 ], [ 76.412751748394669, 30.84615828647577 ], [ 76.40088471825527, 30.859415661303899 ] ] ] } },
{ "type": "Feature", "properties": { "pincode": "140103", "state": "Punjab", "district": "Sahibzada Ajit Singh Nagar", "officename": "Kurali", "officetype": "S.O" }, "geometry": { "type": "Polygon", "coordinates": [ [ [ 76.558835952417382, 30.785505424835605 ], [ 76.566731603380845, 30.822809462486816 ], [ 76.558187143721739, 30.83808329990444 ], [ 76.603785002675806, 30.858984954392326 ], [ 76.612913336381439, 30.848720092558381 ], [ 76.603189545361431, 30.840941884960216 ], [ 76.634278207373427, 30.834168435924767 ], [ 76.628026449661036, 30.822404578708415 ], [ 76.638065843364075, 30.813473014867895 ], [ 76.645188701497432, 30.816729388050931 ], [ 76.657305868171534, 30.79804189771545 ], [ 76.62361739832437, 30.79082519622591 ], [ 76.632355001781832, 30.777022243182103 ], [ 76.607748541562046, 30.771668959455042 ], [ 76.600044680017959, 30.75913636175369 ], [ 76.589888822311536, 30.775560497718914 ], [ 76.558835952417382, 30.785505424835605 ] ] ] } },
{ "type": "Feature", "properties": { "pincode": "140108", "state": "Punjab", "district": "Rupnagar", "officename": "Mian Pur", "officetype": "S.O" }, "geometry": { "type": "Polygon", "coordinates": [ [ [ 76.471734466472526, 30.879861871228513 ], [ 76.468045683961236, 30.891061900286502 ], [ 76.474891963693153, 30.90126076986877 ], [ 76.467383864773694, 30.918866187824221 ], [ 76.483174716140297, 30.92731063297947 ], [ 76.517574264640643, 30.921799447186743 ], [ 76.519530055367909, 30.915739801750476 ], [ 76.543663854403349, 30.920003243854751 ], [ 76.557589862582176, 30.92640196877602 ], [ 76.565169500771958, 30.941962759173919 ], [ 76.598145922496485, 30.952114037533022 ], [ 76.639074213604147, 30.95247139753701 ], [ 76.673876019862519, 30.970280486755087 ], [ 76.707809000085319, 30.969015000341983 ], [ 76.737678999786226, 30.947043999780874 ], [ 76.731277000433352, 30.934786000173858 ], [ 76.699135000280194, 30.930739999751154 ], [ 76.684066999692277, 30.915775000315989 ], [ 76.64710200015719, 30.908245000206648 ], [ 76.608955000073308, 30.888840000165885 ], [ 76.597068999634814, 30.876219000006927 ], [ 76.603813802565014, 30.858975272290991 ], [ 76.573533498871939, 30.845988344286695 ], [ 76.56758212101812, 30.85084432270753 ], [ 76.571062428987943, 30.873714277492013 ], [ 76.565227810115459, 30.880376368874408 ], [ 76.571282481401568, 30.884013895425142 ], [ 76.564059820104774, 30.902136773393408 ], [ 76.48914386010108, 30.875030833705978 ], [ 76.481754711810538, 30.882893273605816 ], [ 76.471734466472526, 30.879861871228513 ] ] ] } },
{ "type": "Feature", "properties": { "pincode": "140109", "state": "Punjab", "district": "Sahibzada Ajit Singh Nagar", "officename": "Khizrabad West", "officetype": "S.O" }, "geometry": { "type": "Polygon", "coordinates": [ [ [ 76.596549999982699, 30.868387000359917 ], [ 76.64710200015719, 30.908245000206648 ], [ 76.739028999988534, 30.938965000434564 ], [ 76.783370999771932, 30.902755999789633 ], [ 76.684189452281487, 30.855940021714787 ], [ 76.664350595004009, 30.853434178644477 ], [ 76.65257208603299, 30.839229087452452 ], [ 76.639797029309591, 30.844969826996135 ], [ 76.635544889884841, 30.833101196962843 ], [ 76.603189545361431, 30.840941884960216 ], [ 76.612913336381439, 30.848720092558381 ], [ 76.596549999982699, 30.868387000359917 ] ] ] } },
{ "type": "Feature", "properties": { "pincode": "140110", "state": "Punjab", "district": "Sahibzada Ajit Singh Nagar", "officename": "Sialba Majri", "officetype": "S.O" }, "geometry": { "type": "Polygon", "coordinates": [ [ [ 76.645188701497432, 30.816729388050931 ], [ 76.627956585827917, 30.824693670776469 ], [ 76.639797029309591, 30.844969826996135 ], [ 76.65257208603299, 30.839229087452452 ], [ 76.664350595004009, 30.853434178644477 ], [ 76.684189452281487, 30.855940021714787 ], [ 76.783370999771932, 30.902755999789633 ], [ 76.776024000007681, 30.889774000070133 ], [ 76.781810560908696, 30.874650543687835 ], [ 76.750408933025994, 30.855799975688456 ], [ 76.734925271184466, 30.832606200215992 ], [ 76.72515578740979, 30.838537342424445 ], [ 76.694890255980624, 30.822014934841377 ], [ 76.698747535470432, 30.814707572696477 ], [ 76.691598346986211, 30.807591331774631 ], [ 76.660435279564695, 30.800468403494165 ], [ 76.645188701497432, 30.816729388050931 ] ] ] } },
{ "type": "Feature", "properties": { "pincode": "140111", "state": "Punjab", "district": "Rupnagar", "officename": "Bela (Rupnagar)", "officetype": "S.O" }, "geometry": { "type": "Polygon", "coordinates": [ [ [ 76.309975000046279, 30.989694999824621 ], [ 76.325782999685885, 30.995344000425234 ], [ 76.325843999800895, 30.981090999650064 ], [ 76.362434000029168, 30.970615000381997 ], [ 76.501382936173684, 30.978316528185417 ], [ 76.496163049784968, 30.947595946995364 ], [ 76.504903260377205, 30.939983222747628 ], [ 76.497752417140418, 30.922281807559386 ], [ 76.483174716140297, 30.92731063297947 ], [ 76.467383864773694, 30.918866187824221 ], [ 76.474891963693153, 30.90126076986877 ], [ 76.468045683961236, 30.891061900286502 ], [ 76.471734466472526, 30.879861871228513 ], [ 76.456081466786429, 30.873479378170885 ], [ 76.431554047081704, 30.876378523550102 ], [ 76.427036417896488, 30.889775554998039 ], [ 76.434537470627788, 30.909719561908389 ], [ 76.410763371632356, 30.908948436421383 ], [ 76.399918108933832, 30.918622566878071 ], [ 76.37505904713737, 30.914050893833689 ], [ 76.366205597510429, 30.903552531124546 ], [ 76.326744792238514, 30.922892609106839 ], [ 76.309975000046279, 30.989694999824621 ] ] ] } },
{ "type": "Feature", "properties": { "pincode": "140112", "state": "Punjab", "district": "Rupnagar", "officename": "Chamkaur Sahib", "officetype": "S.O" }, "geometry": { "type": "Polygon", "coordinates": [ [ [ 76.316894514270643, 30.920594406906389 ], [ 76.32287378010102, 30.929278963853221 ], [ 76.366205597510429, 30.903552531124546 ], [ 76.37505904713737, 30.914050893833689 ], [ 76.399918108933832, 30.918622566878071 ], [ 76.410763371632356, 30.908948436421383 ], [ 76.434537470627788, 30.909719561908389 ], [ 76.427036417896488, 30.889775554998039 ], [ 76.432832380310117, 30.865528634738894 ], [ 76.400476487200308, 30.862968281061399 ], [ 76.410698101536184, 30.847217367687449 ], [ 76.398904930018489, 30.846467821432896 ], [ 76.386493474594374, 30.850911054201788 ], [ 76.384715573365099, 30.862126903234071 ], [ 76.370138188026942, 30.872405897914007 ], [ 76.347463582178591, 30.862577427606368 ], [ 76.339653968455934, 30.874642510043827 ], [ 76.323721252633675, 30.869074309931477 ], [ 76.316894514270643, 30.920594406906389 ] ] ] } },
{ "type": "Feature", "properties": { "pincode": "140113", "state": "Punjab", "district": "Rupnagar", "officename": "Nuhon Colony Ropar", "officetype": "S.O" }, "geometry": { "type": "Polygon", "coordinates": [ [ [ 76.548247161077825, 31.015489726170074 ], [ 76.527145000041855, 31.045853000415718 ], [ 76.560782999935611, 31.062184999937926 ], [ 76.560005000030799, 31.073924999938868 ], [ 76.569620967733613, 31.084066410936089 ], [ 76.580450409558864, 31.068875074625225 ], [ 76.603952354817352, 31.060501322478103 ], [ 76.603061196816839, 31.045080552925242 ], [ 76.613808340782498, 31.045607183324989 ], [ 76.619824410468311, 31.02883604754561 ], [ 76.596983990319131, 31.016393636557154 ], [ 76.57474334602864, 31.021167667853661 ], [ 76.548247161077825, 31.015489726170074 ] ] ] } },
{ "type": "Feature", "properties": { "pincode": "140114", "state": "Punjab", "district": "Rupnagar", "officename": "Bharatgarh", "officetype": "S.O" }, "geometry": { "type": "Polygon", "coordinates": [ [ [ 76.573620462414624, 31.101489047081941 ], [ 76.567465865657425, 31.120370688456489 ], [ 76.581438785171997, 31.135471739129514 ], [ 76.591260384659165, 31.129038492832422 ], [ 76.609721756653812, 31.13926564789142 ], [ 76.603111000372564, 31.124516000113431 ], [ 76.637505000055739, 31.114767000196935 ], [ 76.639525999725208, 31.106987000249887 ], [ 76.618614000336038, 31.075131999842085 ], [ 76.623206999903346, 31.057387999956347 ], [ 76.613808340782498, 31.045607183324989 ], [ 76.603061196816839, 31.045080552925242 ], [ 76.603952354817352, 31.060501322478103 ], [ 76.580450409558864, 31.068875074625225 ], [ 76.569620967733613, 31.084066410936089 ], [ 76.573620462414624, 31.101489047081941 ] ] ] } },
{ "type": "Feature", "properties": { "pincode": "140115", "state": "Punjab", "district": "Rupnagar", "officename": "Kiratpur Sahib", "officetype": "S.O" }, "geometry": { "type": "Polygon", "coordinates": [ [ [ 76.550827369087926, 31.180479247119536 ], [ 76.55936385715637, 31.215021004515791 ], [ 76.585735100194881, 31.230694488060237 ], [ 76.596789281700126, 31.229010754842477 ], [ 76.589928000376972, 31.222714999597713 ], [ 76.594558999898027, 31.213260999795523 ], [ 76.630263999783836, 31.226325999745143 ], [ 76.649398999963921, 31.20982000029278 ], [ 76.604285999699243, 31.179729000293264 ], [ 76.609721756653812, 31.13926564789142 ], [ 76.591260384659165, 31.129038492832422 ], [ 76.581438785171997, 31.135471739129514 ], [ 76.567465865657425, 31.120370688456489 ], [ 76.561133999934327, 31.126733999874375 ], [ 76.569237706355239, 31.163955900644339 ], [ 76.550827369087926, 31.180479247119536 ] ] ] } },
{ "type": "Feature", "properties": { "pincode": "140116", "state": "Punjab", "district": "Rupnagar", "officename": "Kotla Power House", "officetype": "S.O" }, "geometry": { "type": "Polygon", "coordinates": [ [ [ 76.482758645695014, 31.180399235336552 ], [ 76.484832853753289, 31.201738794909488 ], [ 76.501408942768649, 31.210233752285944 ], [ 76.50366217347073, 31.223894189765076 ], [ 76.528251017770287, 31.242190978630788 ], [ 76.559929000123418, 31.252880000311904 ], [ 76.584564000328385, 31.277143000449087 ], [ 76.615638999840087, 31.247832999593413 ], [ 76.596789281700126, 31.229010754842477 ], [ 76.561959689987873, 31.217780528348896 ], [ 76.551583942644982, 31.201403345088522 ], [ 76.550827369087926, 31.180479247119536 ], [ 76.567566855925634, 31.159632159896319 ], [ 76.545225981293981, 31.171883982060194 ], [ 76.549459690012668, 31.162294062321166 ], [ 76.513467794703047, 31.160215618456164 ], [ 76.482758645695014, 31.180399235336552 ] ] ] } },
{ "type": "Feature", "properties": { "pincode": "140117", "state": "Punjab", "district": "Rupnagar", "officename": "Nurpur Bedi", "officetype": "S.O" }, "geometry": { "type": "Polygon", "coordinates": [ [ [ 76.387511999978926, 31.148796000135349 ], [ 76.342223999737939, 31.215819999993016 ], [ 76.384874514147555, 31.244875007975338 ], [ 76.400734872316605, 31.230173838152325 ], [ 76.43907689488293, 31.230430131445587 ], [ 76.45532757320899, 31.211527025951511 ], [ 76.486883978013225, 31.202846886474674 ], [ 76.482758645695014, 31.180399235336552 ], [ 76.495222152080714, 31.167912861889192 ], [ 76.534279092506154, 31.159526650534531 ], [ 76.549667467579582, 31.162474147963565 ], [ 76.541928892204737, 31.171835789190425 ], [ 76.548232529108077, 31.171813505788805 ], [ 76.567566855925634, 31.159632159896319 ], [ 76.562816951641196, 31.125042824766695 ], [ 76.544720134226964, 31.117620868308563 ], [ 76.517889388884328, 31.133614581547818 ], [ 76.472031763455277, 31.109579197122343 ], [ 76.43210680728339, 31.105572051908837 ], [ 76.417769999585971, 31.127306000171814 ], [ 76.387511999978926, 31.148796000135349 ] ] ] } },
{ "type": "Feature", "properties": { "pincode": "140118", "state": "Punjab", "district": "Rupnagar", "officename": "Anand Pur Sahib", "officetype": "S.O" }, "geometry": { "type": "Polygon", "coordinates": [ [ [ 76.43907689488293, 31.230430131445587 ], [ 76.449327608582337, 31.244633122720586 ], [ 76.460992211221651, 31.23802325676786 ], [ 76.479199760360814, 31.240929951955877 ], [ 76.481161882315178, 31.256912977651893 ], [ 76.492965011126387, 31.253501015459676 ], [ 76.502594000112992, 31.270508000244206 ], [ 76.52493299965829, 31.279700999701504 ], [ 76.532088999607652, 31.259366999987094 ], [ 76.55121600031822, 31.280996000065329 ], [ 76.548926999981234, 31.252376999598994 ], [ 76.50366217347073, 31.223894189765076 ], [ 76.502833478782236, 31.212467580114776 ], [ 76.492155917161938, 31.204950992494389 ], [ 76.45532757320899, 31.211527025951511 ], [ 76.43907689488293, 31.230430131445587 ] ] ] } },
{ "type": "Feature", "properties": { "pincode": "140119", "state": "Punjab", "district": "Rupnagar", "officename": "Takhatgarh", "officetype": "S.O" }, "geometry": { "type": "Polygon", "coordinates": [ [ [ 76.43210680728339, 31.105572051908837 ], [ 76.472031763455277, 31.109579197122343 ], [ 76.517889388884328, 31.133614581547818 ], [ 76.544720134226964, 31.117620868308563 ], [ 76.562816951641196, 31.125042824766695 ], [ 76.571700999801408, 31.116114000261121 ], [ 76.574989000342214, 31.091058999573249 ], [ 76.560005000030799, 31.073924999938868 ], [ 76.560782999935611, 31.062184999937926 ], [ 76.527145000041855, 31.045853000415718 ], [ 76.537902999723656, 31.018255000268141 ], [ 76.520057999676965, 30.995034999665677 ], [ 76.466254999768523, 31.04015000002272 ], [ 76.436546000297824, 31.080417999890813 ], [ 76.43210680728339, 31.105572051908837 ] ] ] } },
{ "type": "Feature", "properties": { "pincode": "140123", "state": "Punjab", "district": "Rupnagar", "officename": "Ganugwal", "officetype": "S.O" }, "geometry": { "type": "Polygon", "coordinates": [ [ [ 76.440276922342207, 31.277164138114586 ], [ 76.480751000058774, 31.307383000125526 ], [ 76.502594000112992, 31.270508000244206 ], [ 76.492965011126387, 31.253501015459676 ], [ 76.481161882315178, 31.256912977651893 ], [ 76.479199760360814, 31.240929951955877 ], [ 76.460992211221651, 31.23802325676786 ], [ 76.445491477549751, 31.249696883204592 ], [ 76.448222159225395, 31.265964492167768 ], [ 76.440276922342207, 31.277164138114586 ] ] ] } },
{ "type": "Feature", "properties": { "pincode": "140124", "state": "Punjab", "district": "Rupnagar", "officename": "Labour Colony Nangal", "officetype": "S.O" }, "geometry": { "type": "Polygon", "coordinates": [ [ [ 76.371166961186418, 31.363671020201593 ], [ 76.362013083137469, 31.382481256305084 ], [ 76.377364999694976, 31.438834999735548 ], [ 76.387214999772425, 31.411084999773095 ], [ 76.404541000167171, 31.39472599990512 ], [ 76.393387000209941, 31.388567000066985 ], [ 76.405779795601234, 31.375022746902289 ], [ 76.371166961186418, 31.363671020201593 ] ] ] } },
{ "type": "Feature", "properties": { "pincode": "140125", "state": "Punjab", "district": "Rupnagar", "officename": "Pratap Nagar Nangal", "officetype": "S.O" }, "geometry": { "type": "Polygon", "coordinates": [ [ [ 76.371166961186418, 31.363671020201593 ], [ 76.405779795601234, 31.375022746902289 ], [ 76.431293931669643, 31.336456374961813 ], [ 76.396413451819456, 31.312174370351102 ], [ 76.367460567251385, 31.346848796634731 ], [ 76.371166961186418, 31.363671020201593 ] ] ] } },
{ "type": "Feature", "properties": { "pincode": "140126", "state": "Punjab", "district": "Rupnagar", "officename": "Factory Area Nangal", "officetype": "S.O" }, "geometry": { "type": "Polygon", "coordinates": [ [ [ 76.291275000141297, 31.30740700033283 ], [ 76.316216000068493, 31.323813999716492 ], [ 76.309959000207868, 31.3397119999089 ], [ 76.331841000262102, 31.349682000124176 ], [ 76.344092999592363, 31.342718000035745 ], [ 76.35069299998213, 31.350441000052285 ], [ 76.343650999893839, 31.37698400011169 ], [ 76.332313999591577, 31.378591999621278 ], [ 76.329955999669664, 31.399899000138817 ], [ 76.361022999711736, 31.403186999780246 ], [ 76.373337000102481, 31.413093999788316 ], [ 76.362013083137469, 31.382481256305084 ], [ 76.373282259268876, 31.358206235829186 ], [ 76.367460567251385, 31.346848796634731 ], [ 76.396413451819456, 31.312174370351102 ], [ 76.381563348869634, 31.312411729317887 ], [ 76.378436161499735, 31.304030700756414 ], [ 76.398800645533413, 31.258918204111978 ], [ 76.382732827258224, 31.251750546250776 ], [ 76.384874514147555, 31.244875007975338 ], [ 76.368315254145784, 31.228074487747335 ], [ 76.342223999737939, 31.215819999993016 ], [ 76.335510000386421, 31.226730000389296 ], [ 76.351730000139526, 31.238257999607072 ], [ 76.313095000034423, 31.275037999604024 ], [ 76.308380000236923, 31.292827999812459 ], [ 76.294448999921428, 31.295584000101599 ], [ 76.291275000141297, 31.30740700033283 ] ] ] } },
{ "type": "Feature", "properties": { "pincode": "140201", "state": "Punjab", "district": "Sahibzada Ajit Singh Nagar", "officename": "Mubarakpur (Patiala)", "officetype": "S.O" }, "geometry": { "type": "Polygon", "coordinates": [ [ [ 76.791981936417301, 30.592071804470379 ], [ 76.821259306271998, 30.600140985917847 ], [ 76.824334610853839, 30.618664147632387 ], [ 76.835472013822425, 30.610059967593543 ], [ 76.873107343728975, 30.627192010303133 ], [ 76.872477669009299, 30.59906780963189 ], [ 76.847034958896359, 30.589476943805892 ], [ 76.827809914096349, 30.560085736867279 ], [ 76.81449808172124, 30.553642557558078 ], [ 76.787242836587723, 30.570749644980253 ], [ 76.795841960638086, 30.580688515162933 ], [ 76.791981936417301, 30.592071804470379 ] ] ] } },
{ "type": "Feature", "properties": { "pincode": "140306", "state": "Punjab", "district": "Sahibzada Ajit Singh Nagar", "officename": "Manauli", "officetype": "S.O" }, "geometry": { "type": "Polygon", "coordinates": [ [ [ 76.734263113851739, 30.662901581442895 ], [ 76.765409680512505, 30.684112674660184 ], [ 76.780440999552638, 30.634782999735762 ], [ 76.758629000927726, 30.617092001394838 ], [ 76.764708999820527, 30.608472999629385 ], [ 76.759131999842111, 30.598270000360287 ], [ 76.731856998401781, 30.571061996613878 ], [ 76.71838400032135, 30.588888000281031 ], [ 76.703522000240298, 30.586785999574374 ], [ 76.705749999562897, 30.575720000078093 ], [ 76.691871999893124, 30.569096000380341 ], [ 76.68426499983002, 30.577618000370478 ], [ 76.688072000022771, 30.593049999757625 ], [ 76.663222999841707, 30.583083999726909 ], [ 76.664444000390347, 30.610979000080761 ], [ 76.65051300007508, 30.625921000253925 ], [ 76.633361999656643, 30.620281000068132 ], [ 76.629699999855291, 30.626122999676625 ], [ 76.626151999914839, 30.644369000229233 ], [ 76.639296999956741, 30.657301000341079 ], [ 76.647253108744167, 30.635161750114719 ], [ 76.661060794020557, 30.641807768813635 ], [ 76.674862833353131, 30.679057927181645 ], [ 76.687050643572491, 30.675605042238885 ], [ 76.698658960342925, 30.68424459171473 ], [ 76.71424700649419, 30.666011288690129 ], [ 76.725275026721192, 30.67421778672167 ], [ 76.734263113851739, 30.662901581442895 ] ] ] } },
{ "type": "Feature", "properties": { "pincode": "140307", "state": "Punjab", "district": "Sahibzada Ajit Singh Nagar", "officename": "Landran", "officetype": "S.O" }, "geometry": { "type": "Polygon", "coordinates": [ [ [ 76.578141419990743, 30.667443548980771 ], [ 76.623539912736817, 30.688252462681191 ], [ 76.622762892193805, 30.697406588043634 ], [ 76.651244508627315, 30.722170099570519 ], [ 76.660000553582734, 30.718442137194927 ], [ 76.672364085934021, 30.726171743631085 ], [ 76.701018106900165, 30.703095041902714 ], [ 76.68931103647526, 30.695481071194536 ], [ 76.698658960342925, 30.68424459171473 ], [ 76.687050643572491, 30.675605042238885 ], [ 76.674862833353131, 30.679057927181645 ], [ 76.670531281093872, 30.655102919664103 ], [ 76.647253108744167, 30.635161750114719 ], [ 76.641258967227714, 30.657156928049915 ], [ 76.620714157432587, 30.641530934105447 ], [ 76.578141419990743, 30.667443548980771 ] ] ] } },
{ "type": "Feature", "properties": { "pincode": "140308", "state": "Punjab", "district": "Sahibzada Ajit Singh Nagar", "officename": "Sohana", "officetype": "S.O" }, "geometry": { "type": "Polygon", "coordinates": [ [ [ 76.71424700649419, 30.666011288690129 ], [ 76.68931103647526, 30.695481071194536 ], [ 76.701292178891038, 30.703273291129619 ], [ 76.716597857704983, 30.684935902370171 ], [ 76.72829970127043, 30.692285265552584 ], [ 76.732352887276079, 30.687428506520462 ], [ 76.71424700649419, 30.666011288690129 ] ] ] } },
{ "type": "Feature", "properties": { "pincode": "140401", "state": "Punjab", "district": "Patiala", "officename": "Rajpura", "officetype": "H.O" }, "geometry": { "type": "Polygon", "coordinates": [ [ [ 76.517006000126969, 30.444651000143608 ], [ 76.539861424565174, 30.468451441181173 ], [ 76.533169372268844, 30.476279900197312 ], [ 76.54302727199115, 30.486289049700133 ], [ 76.555090250914475, 30.480889024609041 ], [ 76.555286904766945, 30.492938226817841 ], [ 76.570617019060364, 30.503392522746879 ], [ 76.607304799876715, 30.496437041036643 ], [ 76.611700302926749, 30.473642596028981 ], [ 76.603669768045449, 30.460478482695919 ], [ 76.608948716510099, 30.455592265470784 ], [ 76.588996797364473, 30.454754443562933 ], [ 76.578613248402633, 30.424695056531675 ], [ 76.562874449796027, 30.420969531318917 ], [ 76.55490185463708, 30.407185638506519 ], [ 76.537220978165692, 30.411993895302089 ], [ 76.542304660431796, 30.426434302201471 ], [ 76.517006000126969, 30.444651000143608 ] ] ] } },
{ "type": "Feature", "properties": { "pincode": "140402", "state": "Punjab", "district": "Patiala", "officename": "Rajpura Township", "officetype": "S.O" }, "geometry": { "type": "Polygon", "coordinates": [ [ [ 76.452150990575774, 30.455365361122631 ], [ 76.468334485947821, 30.459903639641311 ], [ 76.464153721217315, 30.468280386530694 ], [ 76.4711548309308, 30.479679358215833 ], [ 76.4957052597901, 30.485967682362741 ], [ 76.489044000280387, 30.499186999680376 ], [ 76.502486999675284, 30.529955000323071 ], [ 76.501099000418606, 30.56117999955751 ], [ 76.512633999959235, 30.567532000201766 ], [ 76.540618999966853, 30.557104000449328 ], [ 76.57025100038345, 30.563374000010128 ], [ 76.588541836636523, 30.57930323365747 ], [ 76.601720356209569, 30.559109599228634 ], [ 76.60963409973408, 30.566549503456997 ], [ 76.630239558908727, 30.558683227948677 ], [ 76.633041944430374, 30.540745406175688 ], [ 76.679262055999232, 30.535436084907531 ], [ 76.685276368409802, 30.523854353895445 ], [ 76.689524076874761, 30.532682538868187 ], [ 76.696422323931188, 30.523262356272937 ], [ 76.683969832441846, 30.510448787881387 ], [ 76.700155495180127, 30.500865986276324 ], [ 76.697974042967815, 30.494797505000975 ], [ 76.667501130572816, 30.486262731939689 ], [ 76.677705629011768, 30.457770921690837 ], [ 76.661730371659417, 30.453906970130674 ], [ 76.666179102883348, 30.441693327785003 ], [ 76.654807389649534, 30.42888148159517 ], [ 76.625485256939157, 30.433724939654326 ], [ 76.636197445156029, 30.418205608002381 ], [ 76.630033608764109, 30.410874512748705 ], [ 76.614571795951804, 30.420999617238635 ], [ 76.617898409783891, 30.429502414005242 ], [ 76.593842473151653, 30.414382485663339 ], [ 76.57471952388704, 30.422549477376435 ], [ 76.588996797364473, 30.454754443562933 ], [ 76.608948716510099, 30.455592265470784 ], [ 76.603669768045449, 30.460478482695919 ], [ 76.611700302926749, 30.473642596028981 ], [ 76.607304799876715, 30.496437041036643 ], [ 76.593016214726617, 30.503949564620825 ], [ 76.570617019060364, 30.503392522746879 ], [ 76.555286904766945, 30.492938226817841 ], [ 76.555090250914475, 30.480889024609041 ], [ 76.54302727199115, 30.486289049700133 ], [ 76.533169372268844, 30.476279900197312 ], [ 76.539861424565174, 30.468451441181173 ], [ 76.533110338971142, 30.458205930059705 ], [ 76.5047070004278, 30.436183999991727 ], [ 76.489632000416634, 30.441327999787461 ], [ 76.478988999742626, 30.430574000289994 ], [ 76.462074000314999, 30.43402300016146 ], [ 76.468049406255204, 30.445383664324822 ], [ 76.452150990575774, 30.455365361122631 ] ] ] } },
{ "type": "Feature", "properties": { "pincode": "140405", "state": "Punjab", "district": "Fatehgarh Sahib", "officename": "Sangatpur Sodhian", "officetype": "S.O" }, "geometry": { "type": "Polygon", "coordinates": [ [ [ 76.29767600034728, 30.592483999736942 ], [ 76.293541000317077, 30.617590000078508 ], [ 76.309311000002708, 30.626536999882831 ], [ 76.328080487824309, 30.607828049025329 ], [ 76.363854091593169, 30.610574705358488 ], [ 76.377196232020481, 30.595886780750504 ], [ 76.392487456031404, 30.59627226075628 ], [ 76.384970390870876, 30.586768812630623 ], [ 76.395963547080214, 30.566569190515906 ], [ 76.39628708538072, 30.535983838583377 ], [ 76.381853262418247, 30.528792263252399 ], [ 76.357850304847886, 30.555972236029902 ], [ 76.343651365918049, 30.552117303770615 ], [ 76.326909437420795, 30.563296181673479 ], [ 76.300857999596928, 30.556376000152284 ], [ 76.28960400042439, 30.581096999826627 ], [ 76.29767600034728, 30.592483999736942 ] ] ] } },
{ "type": "Feature", "properties": { "pincode": "140406", "state": "Punjab", "district": "Fatehgarh Sahib", "officename": "Sirhind City", "officetype": "S.O" }, "geometry": { "type": "Polygon", "coordinates": [ [ [ 76.344955644587458, 30.648322113275015 ], [ 76.389546137843979, 30.630031828306301 ], [ 76.409510776101627, 30.634755420226554 ], [ 76.418065944887644, 30.659704732587386 ], [ 76.434783222967496, 30.657175834497309 ], [ 76.474397870765188, 30.622616490858377 ], [ 76.465002632665517, 30.605393392691042 ], [ 76.477180676247428, 30.603545177068327 ], [ 76.487468225278349, 30.579212446197573 ], [ 76.49949127790029, 30.579232829331715 ], [ 76.502486999675284, 30.529955000323071 ], [ 76.489044000280387, 30.499186999680376 ], [ 76.497374999556826, 30.489855000108321 ], [ 76.4711548309308, 30.479679358215833 ], [ 76.464153721217315, 30.468280386530694 ], [ 76.468334485947821, 30.459903639641311 ], [ 76.452150990575774, 30.455365361122631 ], [ 76.468049406255204, 30.445383664324822 ], [ 76.463261909409823, 30.437592196223022 ], [ 76.447005999727139, 30.44826699962249 ], [ 76.43393186716213, 30.442141523812325 ], [ 76.424934935199133, 30.461761047234575 ], [ 76.410446251793189, 30.448985637976989 ], [ 76.391773408715892, 30.473613238560176 ], [ 76.380417385953592, 30.476575756466048 ], [ 76.35844575676623, 30.459180489388075 ], [ 76.344895006899151, 30.479701977963884 ], [ 76.351048045131165, 30.486448551659521 ], [ 76.33384141624839, 30.496226668026395 ], [ 76.324776411002745, 30.538852647132103 ], [ 76.36989246356643, 30.500625038115174 ], [ 76.374515802662188, 30.52091392423813 ], [ 76.399517766731606, 30.54318903864322 ], [ 76.384970390870876, 30.586768812630623 ], [ 76.392487456031404, 30.59627226075628 ], [ 76.377196232020481, 30.595886780750504 ], [ 76.363854091593169, 30.610574705358488 ], [ 76.328080487824309, 30.607828049025329 ], [ 76.309567261819666, 30.62463933233937 ], [ 76.344955644587458, 30.648322113275015 ] ] ] } },
{ "type": "Feature", "properties": { "pincode": "140407", "state": "Punjab", "district": "Fatehgarh Sahib", "officename": "Fatehgarh Sahib", "officetype": "S.O" }, "geometry": { "type": "Polygon", "coordinates": [ [ [ 76.336565785582593, 30.646500067923967 ], [ 76.333409632848429, 30.670314905308771 ], [ 76.352475743161165, 30.656505325160708 ], [ 76.381792828875973, 30.682136810165787 ], [ 76.408917102142539, 30.664306050883681 ], [ 76.401172968957326, 30.657594480600892 ], [ 76.418065944887644, 30.659704732587386 ], [ 76.409510776101627, 30.634755420226554 ], [ 76.389546137843979, 30.630031828306301 ], [ 76.367172698761067, 30.64429860399747 ], [ 76.336565785582593, 30.646500067923967 ] ] ] } },
{ "type": "Feature", "properties": { "pincode": "140408", "state": "Punjab", "district": "Fatehgarh Sahib", "officename": "Chuni Kalan", "officetype": "S.O" }, "geometry": { "type": "Polygon", "coordinates": [ [ [ 76.444940308248817, 30.645455313811794 ], [ 76.448443029122529, 30.673752980216022 ], [ 76.494498534180138, 30.660254468369089 ], [ 76.494705289217791, 30.669647906026114 ], [ 76.518653775751204, 30.691202585231338 ], [ 76.508976219776855, 30.699383457081012 ], [ 76.509816334056666, 30.709009343406535 ], [ 76.527696448132588, 30.717560649604422 ], [ 76.531447112094554, 30.70888603376352 ], [ 76.55014000016098, 30.70815299996093 ], [ 76.554604000074733, 30.691276999633999 ], [ 76.564201000176183, 30.688313999691502 ], [ 76.578422268373174, 30.664802351647381 ], [ 76.587340999787386, 30.665934000054222 ], [ 76.61722164296458, 30.642280501943787 ], [ 76.626151999914839, 30.644369000229233 ], [ 76.632259601699332, 30.623277608574881 ], [ 76.601342434106186, 30.593643802319775 ], [ 76.572442656303679, 30.630014894971566 ], [ 76.559074000265127, 30.629238000333544 ], [ 76.552621330410147, 30.611606504736471 ], [ 76.560148963503934, 30.60546452276958 ], [ 76.545933462659207, 30.593019154810236 ], [ 76.552673761784774, 30.582301251401759 ], [ 76.504747955553626, 30.563609075598436 ], [ 76.49949127790029, 30.579232829331715 ], [ 76.486460372148542, 30.580408435700917 ], [ 76.477180676247428, 30.603545177068327 ], [ 76.465002632665517, 30.605393392691042 ], [ 76.474397870765188, 30.622616490858377 ], [ 76.444940308248817, 30.645455313811794 ] ] ] } },
{ "type": "Feature", "properties": { "pincode": "140412", "state": "Punjab", "district": "Fatehgarh Sahib", "officename": "Bassi (Fatehgarh Sahib)", "officetype": "S.O" }, "geometry": { "type": "Polygon", "coordinates": [ [ [ 76.346033295899986, 30.714192197512034 ], [ 76.384272618586465, 30.720718116248122 ], [ 76.377288999787652, 30.73960299967888 ], [ 76.401242921823439, 30.755785915887373 ], [ 76.397861305454967, 30.769248743534718 ], [ 76.40368067812085, 30.772325960075136 ], [ 76.413909672293642, 30.773751875648657 ], [ 76.430236999837632, 30.757920999954422 ], [ 76.46340899982556, 30.75428999978368 ], [ 76.471046000372723, 30.745716000093523 ], [ 76.507568000163189, 30.749502000217262 ], [ 76.533355999579783, 30.765077999949938 ], [ 76.544563000182336, 30.747205999557423 ], [ 76.537560000094118, 30.737599999940187 ], [ 76.54455599985954, 30.727475999817671 ], [ 76.509816334056666, 30.709009343406535 ], [ 76.508976219776855, 30.699383457081012 ], [ 76.518653775751204, 30.691202585231338 ], [ 76.494705289217791, 30.669647906026114 ], [ 76.494498534180138, 30.660254468369089 ], [ 76.448443029122529, 30.673752980216022 ], [ 76.444940308248817, 30.645455313811794 ], [ 76.434783222967496, 30.657175834497309 ], [ 76.401172968957326, 30.657594480600892 ], [ 76.408917102142539, 30.664306050883681 ], [ 76.381792828875973, 30.682136810165787 ], [ 76.366652012880195, 30.662974830324117 ], [ 76.352475743161165, 30.656505325160708 ], [ 76.342191026095122, 30.663459830207046 ], [ 76.333409632848429, 30.670314905308771 ], [ 76.350014000146075, 30.693199000133916 ], [ 76.346033295899986, 30.714192197512034 ] ] ] } },
{ "type": "Feature", "properties": { "pincode": "140413", "state": "Punjab", "district": "Sahibzada Ajit Singh Nagar", "officename": "Gharuan", "officetype": "S.O" }, "geometry": { "type": "Polygon", "coordinates": [ [ [ 76.533355999579783, 30.765077999949938 ], [ 76.543182000349134, 30.780288999937511 ], [ 76.57791936838413, 30.782139666212686 ], [ 76.590342831556484, 30.775130391554399 ], [ 76.600557145196206, 30.748870552034418 ], [ 76.618675636271632, 30.739251116545915 ], [ 76.595165507182628, 30.732116115766189 ], [ 76.573613581701579, 30.738902766849435 ], [ 76.563260427127204, 30.752068034911815 ], [ 76.544563000182336, 30.747205999557423 ], [ 76.533355999579783, 30.765077999949938 ] ] ] } },
{ "type": "Feature", "properties": { "pincode": "140417", "state": "Punjab", "district": "Patiala", "officename": "Shambhu", "officetype": "S.O" }, "geometry": { "type": "Polygon", "coordinates": [ [ [ 76.653044972947328, 30.367768633815388 ], [ 76.612210266190914, 30.387746385987043 ], [ 76.636385027547021, 30.416584857904866 ], [ 76.625485256939157, 30.433724939654326 ], [ 76.654807389649534, 30.42888148159517 ], [ 76.661831316062489, 30.435201476267309 ], [ 76.661730371659417, 30.453906970130674 ], [ 76.677705629011768, 30.457770921690837 ], [ 76.667501130572816, 30.486262731939689 ], [ 76.697974042967815, 30.494797505000975 ], [ 76.700155495180127, 30.500865986276324 ], [ 76.683969832441846, 30.510448787881387 ], [ 76.696422323931188, 30.523262356272937 ], [ 76.718927389587407, 30.523071658630215 ], [ 76.734649903270565, 30.53477840979582 ], [ 76.792290687165632, 30.506216689848429 ], [ 76.772205751094702, 30.490849068429839 ], [ 76.741964289120801, 30.446499728379877 ], [ 76.73468438957309, 30.420658754398119 ], [ 76.739119999688398, 30.401009000265276 ], [ 76.712669000274275, 30.389628999778665 ], [ 76.717399999910072, 30.376836999827788 ], [ 76.730597999698091, 30.373102000257177 ], [ 76.723853999862342, 30.361126000164745 ], [ 76.742897000296466, 30.363409000225204 ], [ 76.751014999642621, 30.355612000393478 ], [ 76.723389000002385, 30.325837999723944 ], [ 76.691879000215749, 30.317381000033322 ], [ 76.654224744976034, 30.320150739265273 ], [ 76.635402868947267, 30.334157549731231 ], [ 76.653044972947328, 30.367768633815388 ] ] ] } },
{ "type": "Feature", "properties": { "pincode": "140501", "state": "Punjab", "district": "Sahibzada Ajit Singh Nagar", "officename": "Lalru", "officetype": "S.O" }, "geometry": { "type": "Polygon", "coordinates": [ [ [ 76.790443867290833, 30.541525317139758 ], [ 76.823465684094117, 30.562100156197289 ], [ 76.827207133602542, 30.529986503574321 ], [ 76.885796931583229, 30.542655347666312 ], [ 76.932990999934873, 30.520555000313095 ], [ 76.925232000056894, 30.48951000038619 ], [ 76.901748999916549, 30.480461000374873 ], [ 76.910850999673983, 30.463623000001633 ], [ 76.901596000055406, 30.436942999919722 ], [ 76.91645099981389, 30.420687000304895 ], [ 76.917885000292586, 30.400475999967512 ], [ 76.944121999730669, 30.392823999628035 ], [ 76.910384999767928, 30.358369999875777 ], [ 76.889038000103824, 30.3591350000803 ], [ 76.892883000250379, 30.382026999946333 ], [ 76.878883000350186, 30.390654000281984 ], [ 76.877425999710226, 30.404622999651792 ], [ 76.852408999875536, 30.416619999813292 ], [ 76.845153999857189, 30.429775000316056 ], [ 76.821105999742201, 30.407767999893395 ], [ 76.783431999886943, 30.414256999660779 ], [ 76.775993000376729, 30.435717000039631 ], [ 76.761497000086422, 30.422625999790114 ], [ 76.73468438957309, 30.420658754398119 ], [ 76.757575148374428, 30.470108130885706 ], [ 76.792862632604567, 30.504625494171364 ], [ 76.775668778591296, 30.514495733491287 ], [ 76.785982675959815, 30.521314432814847 ], [ 76.790443867290833, 30.541525317139758 ] ] ] } },
{ "type": "Feature", "properties": { "pincode": "140506", "state": "Punjab", "district": "Patiala, Sahibzada Ajit Singh Nagar", "officename": "Dappar Ad", "officetype": "S.O" }, "geometry": { "type": "Polygon", "coordinates": [ [ [ 76.765518915765313, 30.5534886295967 ], [ 76.776516074856943, 30.566718837704229 ], [ 76.772962578260433, 30.586672222744994 ], [ 76.784755117554823, 30.599497364511933 ], [ 76.795841960638086, 30.580688515162933 ], [ 76.787242836587723, 30.570749644980253 ], [ 76.815063609598042, 30.553032688607743 ], [ 76.788963422224185, 30.539231625039463 ], [ 76.765518915765313, 30.5534886295967 ] ] ] } },
{ "type": "Feature", "properties": { "pincode": "140507", "state": "Punjab", "district": "Sahibzada Ajit Singh Nagar", "officename": "Derabassi", "officetype": "S.O" }, "geometry": { "type": "Polygon", "coordinates": [ [ [ 76.827207133602542, 30.529986503574321 ], [ 76.829350511217115, 30.562857162328328 ], [ 76.847034958896359, 30.589476943805892 ], [ 76.873069032609919, 30.599951305408524 ], [ 76.873107343728975, 30.627192010303133 ], [ 76.85070911033722, 30.617593133316575 ], [ 76.840012818536877, 30.635586177959738 ], [ 76.875389000202176, 30.675330999925791 ], [ 76.871666000285813, 30.636648000305001 ], [ 76.890197999638133, 30.633023999558077 ], [ 76.926490999660132, 30.595626999886122 ], [ 76.911597999947901, 30.584351999745138 ], [ 76.917541999763614, 30.576481000098227 ], [ 76.911873000039066, 30.559944000115536 ], [ 76.918906999758235, 30.554293000321934 ], [ 76.897963999838908, 30.536334999560609 ], [ 76.873382252089414, 30.543455488879886 ], [ 76.84920127641783, 30.529884615782578 ], [ 76.827207133602542, 30.529986503574321 ] ] ] } },
{ "type": "Feature", "properties": { "pincode": "140601", "state": "Punjab", "district": "Patiala, Sahibzada Ajit Singh Nagar", "officename": "Banur", "officetype": "S.O" }, "geometry": { "type": "Polygon", "coordinates": [ [ [ 76.775832032522374, 30.514880105532484 ], [ 76.734649903270565, 30.53477840979582 ], [ 76.720403450458946, 30.529203378433238 ], [ 76.736702497922124, 30.55474830279212 ], [ 76.732016423019616, 30.571179432784731 ], [ 76.759131999842111, 30.598270000360287 ], [ 76.764996402462145, 30.623007588029736 ], [ 76.787857147289628, 30.602225086518558 ], [ 76.772962578260433, 30.586672222744994 ], [ 76.776516074856943, 30.566718837704229 ], [ 76.763662902121212, 30.552006448838654 ], [ 76.788963422224185, 30.539231625039463 ], [ 76.785982675959815, 30.521314432814847 ], [ 76.775832032522374, 30.514880105532484 ] ] ] } },
{ "type": "Feature", "properties": { "pincode": "140602", "state": "Punjab", "district": "Fatehgarh Sahib, Patiala", "officename": "Manakpur", "officetype": "S.O" }, "geometry": { "type": "Polygon", "coordinates": [ [ [ 76.51809700007658, 30.564074999961349 ], [ 76.516619262868801, 30.571104086684329 ], [ 76.527824321835169, 30.577915846838891 ], [ 76.552673761784774, 30.582301251401759 ], [ 76.545933462659207, 30.593019154810236 ], [ 76.560148963503934, 30.60546452276958 ], [ 76.552621330410147, 30.611606504736471 ], [ 76.559074000265127, 30.629238000333544 ], [ 76.56887342696723, 30.630174451789628 ], [ 76.592776739654823, 30.610834213728083 ], [ 76.601342434106186, 30.593643802319775 ], [ 76.61309534927102, 30.611043319593705 ], [ 76.65051300007508, 30.625921000253925 ], [ 76.664444000390347, 30.610979000080761 ], [ 76.663222999841707, 30.583083999726909 ], [ 76.688072000022771, 30.593049999757625 ], [ 76.68426499983002, 30.577618000370478 ], [ 76.691871999893124, 30.569096000380341 ], [ 76.705749999562897, 30.575720000078093 ], [ 76.703522000240298, 30.586785999574374 ], [ 76.71838400032135, 30.588888000281031 ], [ 76.737517442875799, 30.562164197819413 ], [ 76.720676445061883, 30.53832686749098 ], [ 76.720015821073332, 30.523788534313439 ], [ 76.700810525385521, 30.521662791504639 ], [ 76.689524076874761, 30.532682538868187 ], [ 76.685276368409802, 30.523854353895445 ], [ 76.679262055999232, 30.535436084907531 ], [ 76.633041944430374, 30.540745406175688 ], [ 76.630239558908727, 30.558683227948677 ], [ 76.60963409973408, 30.566549503456997 ], [ 76.601720356209569, 30.559109599228634 ], [ 76.588541836636523, 30.57930323365747 ], [ 76.57025100038345, 30.563374000010128 ], [ 76.540618999966853, 30.557104000449328 ], [ 76.51809700007658, 30.564074999961349 ] ] ] } },
{ "type": "Feature", "properties": { "pincode": "140603", "state": "Punjab", "district": "Sahibzada Ajit Singh Nagar", "officename": "Zirakpur", "officetype": "S.O" }, "geometry": { "type": "Polygon", "coordinates": [ [ [ 76.796193244822575, 30.656845888527016 ], [ 76.810617369496072, 30.656508958421739 ], [ 76.806800113434633, 30.665620893889184 ], [ 76.817903360152059, 30.674564755958841 ], [ 76.823159309354651, 30.669982671463174 ], [ 76.85070911033722, 30.617593133316575 ], [ 76.835472013822425, 30.610059967593543 ], [ 76.824334610853839, 30.618664147632387 ], [ 76.821259306271998, 30.600140985917847 ], [ 76.790220191508752, 30.590756190745765 ], [ 76.783787231195845, 30.610530271654795 ], [ 76.764996402462145, 30.623007588029736 ], [ 76.780440999552638, 30.634782999735762 ], [ 76.777516688444507, 30.645227345565729 ], [ 76.799670264870997, 30.647680599879891 ], [ 76.796193244822575, 30.656845888527016 ] ] ] } },
{ "type": "Feature", "properties": { "pincode": "140604", "state": "Punjab", "district": "Sahibzada Ajit Singh Nagar", "officename": "Baltana", "officetype": "S.O" }, "geometry": { "type": "Polygon", "coordinates": [ [ [ 76.817967575343459, 30.672473025509873 ], [ 76.832954000227062, 30.681946000108042 ], [ 76.831908999700772, 30.656677000343223 ], [ 76.817967575343459, 30.672473025509873 ] ] ] } },
{ "type": "Feature", "properties": { "pincode": "140701", "state": "Punjab", "district": "Patiala", "officename": "Kauli", "officetype": "S.O" }, "geometry": { "type": "Polygon", "coordinates": [ [ [ 76.479463237438495, 30.41396955654983 ], [ 76.482985999704226, 30.436209000245185 ], [ 76.489632000416634, 30.441327999787461 ], [ 76.5047070004278, 30.436183999991727 ], [ 76.517006000126969, 30.444651000143608 ], [ 76.542304660431796, 30.426434302201471 ], [ 76.537220978165692, 30.411993895302089 ], [ 76.55490185463708, 30.407185638506519 ], [ 76.562874449796027, 30.420969531318917 ], [ 76.578377661100262, 30.423641087965962 ], [ 76.593842473151653, 30.414382485663339 ], [ 76.611429100672524, 30.430122421013095 ], [ 76.630033608764109, 30.410874512748705 ], [ 76.605126767786203, 30.371678172010036 ], [ 76.592915221760109, 30.384791766826652 ], [ 76.571079753527783, 30.381153077452666 ], [ 76.567505614792424, 30.370666841201796 ], [ 76.589889120886369, 30.351952391889427 ], [ 76.570311913264277, 30.358610137747689 ], [ 76.544667728033289, 30.335513310990564 ], [ 76.526162175044476, 30.344916937067183 ], [ 76.533221922353846, 30.348207009645819 ], [ 76.529109930578898, 30.361093847603058 ], [ 76.487643784633008, 30.380426093389531 ], [ 76.479463237438495, 30.41396955654983 ] ] ] } },
{ "type": "Feature", "properties": { "pincode": "140702", "state": "Punjab", "district": "Patiala", "officename": "Ghanur", "officetype": "S.O" }, "geometry": { "type": "Polygon", "coordinates": [ [ [ 76.582512000128929, 30.299373999710497 ], [ 76.528655999574823, 30.315393000086999 ], [ 76.559220184164246, 30.349219069804349 ], [ 76.570311913264277, 30.358610137747689 ], [ 76.589889120886369, 30.351952391889427 ], [ 76.567505614792424, 30.370666841201796 ], [ 76.571079753527783, 30.381153077452666 ], [ 76.592915221760109, 30.384791766826652 ], [ 76.604221960775021, 30.371430810783465 ], [ 76.612210266190914, 30.387746385987043 ], [ 76.653044972947328, 30.367768633815388 ], [ 76.641110825504256, 30.355343267677767 ], [ 76.636803526161998, 30.332227154060035 ], [ 76.659464584623038, 30.317832757375982 ], [ 76.68562105876498, 30.319434856433475 ], [ 76.674766999797328, 30.29556500032453 ], [ 76.63858799963657, 30.279978000084725 ], [ 76.635116999649938, 30.287432000286685 ], [ 76.622069999630924, 30.266657000020643 ], [ 76.56711861313363, 30.280769564463924 ], [ 76.582512000128929, 30.299373999710497 ] ] ] } },
{ "type": "Feature", "properties": { "pincode": "140802", "state": "Punjab", "district": "Fatehgarh Sahib", "officename": "Sanghol", "officetype": "S.O" }, "geometry": { "type": "Polygon", "coordinates": [ [ [ 76.383652295916761, 30.744345202169484 ], [ 76.365048803159823, 30.752488103743133 ], [ 76.36330755200197, 30.770020206267532 ], [ 76.382201506894148, 30.771057770299933 ], [ 76.382112500091864, 30.786811073172601 ], [ 76.401038914214553, 30.795990410129434 ], [ 76.410918871608828, 30.774415032128104 ], [ 76.397861305454967, 30.769248743534718 ], [ 76.401242921823439, 30.755785915887373 ], [ 76.383652295916761, 30.744345202169484 ] ] ] } },
{ "type": "Feature", "properties": { "pincode": "140901", "state": "Punjab", "district": "Sahibzada Ajit Singh Nagar", "officename": "Mullanpur", "officetype": "S.O" }, "geometry": { "type": "Polygon", "coordinates": [ [ [ 76.709602536927605, 30.781262594293366 ], [ 76.685666222718112, 30.806380248949495 ], [ 76.698747535470432, 30.814707572696477 ], [ 76.694890255980624, 30.822014934841377 ], [ 76.72515578740979, 30.838537342424445 ], [ 76.734925271184466, 30.832606200215992 ], [ 76.750408933025994, 30.855799975688456 ], [ 76.781810560908696, 30.874650543687835 ], [ 76.81463599995152, 30.838783000335184 ], [ 76.841164000218555, 30.828794000143034 ], [ 76.846878000219533, 30.800768000043149 ], [ 76.860161000330038, 30.78869199983609 ], [ 76.841476000217369, 30.759958000361507 ], [ 76.814712999905112, 30.75897199985809 ], [ 76.804951850147859, 30.764794678431656 ], [ 76.8154749999714, 30.778045999922995 ], [ 76.778966939672614, 30.771558020886118 ], [ 76.789888429807434, 30.781999253263109 ], [ 76.772659000412602, 30.795318999672077 ], [ 76.744951598637329, 30.777822763909455 ], [ 76.732406327689944, 30.778392867536922 ], [ 76.730968734419548, 30.784955237594204 ], [ 76.709602536927605, 30.781262594293366 ] ] ] } },
{ "type": "Feature", "properties": { "pincode": "141001", "state": "Punjab", "district": "Ludhiana", "officename": "Ludhiana", "officetype": "H.O" }, "geometry": { "type": "Polygon", "coordinates": [ [ [ 75.794770739678142, 30.878636788656934 ], [ 75.81396780566979, 30.884669839341768 ], [ 75.80449801826893, 30.892536078877072 ], [ 75.821295549150364, 30.902262331341433 ], [ 75.81967010818903, 30.911902201225644 ], [ 75.79895169416551, 30.906797781492571 ], [ 75.787382568950534, 30.91385964220882 ], [ 75.791853665414408, 30.933320356149579 ], [ 75.801957110632316, 30.939410068619907 ], [ 75.811608947794866, 30.935374936504331 ], [ 75.828605702791037, 30.947643409615694 ], [ 75.851643276815821, 30.91741417842178 ], [ 75.852878845482394, 30.8988765493134 ], [ 75.830851237994295, 30.898710159446523 ], [ 75.81289937330763, 30.871247601695416 ], [ 75.794770739678142, 30.878636788656934 ] ] ] } },
{ "type": "Feature", "properties": { "pincode": "141002", "state": "Punjab", "district": "Ludhiana", "officename": "New Model Town", "officetype": "S.O" }, "geometry": { "type": "Polygon", "coordinates": [ [ [ 75.824531855760654, 30.886563403278501 ], [ 75.841394627060481, 30.902350491881634 ], [ 75.853766322557874, 30.889220938595486 ], [ 75.852771705649729, 30.874967996276098 ], [ 75.824531855760654, 30.886563403278501 ] ] ] } },
{ "type": "Feature", "properties": { "pincode": "141003", "state": "Punjab", "district": "Ludhiana", "officename": "A.P. Basti", "officetype": "S.O" }, "geometry": { "type": "Polygon", "coordinates": [ [ [ 75.845902896101791, 30.877265160658737 ], [ 75.852771705649729, 30.874967996276098 ], [ 75.853766322557874, 30.889220938595486 ], [ 75.846087885747409, 30.894741145487615 ], [ 75.853612971961127, 30.904972878995181 ], [ 75.882522765513272, 30.892950826419678 ], [ 75.890750163789164, 30.882725184919536 ], [ 75.881055323744306, 30.869310019541899 ], [ 75.885081923991834, 30.848233965824875 ], [ 75.845902896101791, 30.877265160658737 ] ] ] } },
{ "type": "Feature", "properties": { "pincode": "141004", "state": "Punjab", "district": "Ludhiana", "officename": "P.A.U.", "officetype": "S.O" }, "geometry": { "type": "Polygon", "coordinates": [ [ [ 75.780557216442446, 30.914344200524624 ], [ 75.79895169416551, 30.906797781492571 ], [ 75.81967010818903, 30.911902201225644 ], [ 75.821295549150364, 30.902262331341433 ], [ 75.806358506040283, 30.893159037459725 ], [ 75.779822308452879, 30.903351867194999 ], [ 75.780557216442446, 30.914344200524624 ] ] ] } },
{ "type": "Feature", "properties": { "pincode": "141006", "state": "Punjab", "district": "Ludhiana", "officename": "Gne College", "officetype": "S.O" }, "geometry": { "type": "Polygon", "coordinates": [ [ [ 75.85249647173498, 30.871602716991902 ], [ 75.869134658937355, 30.857025900924612 ], [ 75.879418384950725, 30.847520961723035 ], [ 75.850675955231225, 30.847066274389022 ], [ 75.85249647173498, 30.871602716991902 ] ] ] } },
{ "type": "Feature", "properties": { "pincode": "141007", "state": "Punjab", "district": "Ludhiana", "officename": "Basti Jodhewal", "officetype": "S.O" }, "geometry": { "type": "Polygon", "coordinates": [ [ [ 75.830246755083635, 30.991198087122086 ], [ 75.827507000148046, 31.00442900029816 ], [ 75.845779000100947, 31.010362999652841 ], [ 75.895859000093026, 31.005778999601262 ], [ 75.908966000180783, 31.018613999736374 ], [ 75.942054999938421, 31.008119999638325 ], [ 75.957206999903178, 31.01911500035709 ], [ 75.992859000042984, 31.004729999789674 ], [ 75.96328040766474, 30.984652600037464 ], [ 75.961037953538892, 30.963141907573061 ], [ 75.947340393844229, 30.957079235918229 ], [ 75.932345294999493, 30.96279199485474 ], [ 75.923136562802256, 30.938320303439411 ], [ 75.876824505446621, 30.917421578942822 ], [ 75.870794264244068, 30.930716973509618 ], [ 75.857317371199883, 30.935474376341517 ], [ 75.862788368988163, 30.955928612715468 ], [ 75.842663191852921, 30.95669141767479 ], [ 75.824612691322727, 30.970894591512319 ], [ 75.825359740159911, 30.993236736885933 ], [ 75.830246755083635, 30.991198087122086 ] ] ] } },
{ "type": "Feature", "properties": { "pincode": "141010", "state": "Punjab", "district": "Ludhiana", "officename": "Moti Nagar", "officetype": "S.O" }, "geometry": { "type": "Polygon", "coordinates": [ [ [ 75.883864723078602, 30.89146447010927 ], [ 75.879530169781674, 30.910725426637327 ], [ 75.892303923387487, 30.905947095682052 ], [ 75.894421773745876, 30.916942267271963 ], [ 75.915056109252077, 30.914161828805447 ], [ 75.915175739768586, 30.907359128421149 ], [ 75.927030524738996, 30.907827798414246 ], [ 75.928666458090618, 30.892153627787934 ], [ 75.969987110816703, 30.867272720559583 ], [ 75.931253892153507, 30.861623565275352 ], [ 75.896954569497836, 30.845990784147489 ], [ 75.88669804617814, 30.850908144895016 ], [ 75.887106503862128, 30.869499836748105 ], [ 75.897927925533452, 30.87258716256747 ], [ 75.909659395464928, 30.86039054618675 ], [ 75.918769219324133, 30.868917765842298 ], [ 75.883864723078602, 30.89146447010927 ] ] ] } },
{ "type": "Feature", "properties": { "pincode": "141012", "state": "Punjab", "district": "Ludhiana", "officename": "Aggar Nagar", "officetype": "S.O" }, "geometry": { "type": "Polygon", "coordinates": [ [ [ 75.81396780566979, 30.884669839341768 ], [ 75.773022958043214, 30.875541961592262 ], [ 75.76165946011605, 30.889620383274234 ], [ 75.777353893367547, 30.894743383900106 ], [ 75.766868496184316, 30.911893014651127 ], [ 75.780023029039683, 30.914325874139934 ], [ 75.779822308452879, 30.903351867194999 ], [ 75.81396780566979, 30.884669839341768 ] ] ] } },
{ "type": "Feature", "properties": { "pincode": "141013", "state": "Punjab", "district": "Ludhiana", "officename": "Basant Avenue", "officetype": "S.O" }, "geometry": { "type": "Polygon", "coordinates": [ [ [ 75.786683473763446, 30.870361181323517 ], [ 75.794770739678142, 30.878636788656934 ], [ 75.81289937330763, 30.871247601695416 ], [ 75.826060041337996, 30.885496669735574 ], [ 75.85249647173498, 30.871602716991902 ], [ 75.850592981081377, 30.846600618024183 ], [ 75.803438361491317, 30.848669284460016 ], [ 75.798586290624996, 30.853292999472501 ], [ 75.805037944245782, 30.861853285400969 ], [ 75.786683473763446, 30.870361181323517 ] ] ] } },
{ "type": "Feature", "properties": { "pincode": "141014", "state": "Punjab", "district": "Ludhiana", "officename": "Dhandari Kalan", "officetype": "S.O" }, "geometry": { "type": "Polygon", "coordinates": [ [ [ 75.881055323744306, 30.869310019541899 ], [ 75.890970329517131, 30.883039298325059 ], [ 75.919452334457617, 30.863627766508444 ], [ 75.909659395464928, 30.86039054618675 ], [ 75.897927925533452, 30.87258716256747 ], [ 75.881055323744306, 30.869310019541899 ] ] ] } },
{ "type": "Feature", "properties": { "pincode": "141016", "state": "Punjab", "district": "Ludhiana", "officename": "Lohora", "officetype": "S.O" }, "geometry": { "type": "Polygon", "coordinates": [ [ [ 75.884456839411826, 30.847048723219984 ], [ 75.892399833385639, 30.850919098637462 ], [ 75.891882823933315, 30.846408190086095 ], [ 75.884456839411826, 30.847048723219984 ] ] ] } },
{ "type": "Feature", "properties": { "pincode": "141017", "state": "Punjab", "district": "Ludhiana", "officename": "Jugiana", "officetype": "S.O" }, "geometry": { "type": "Polygon", "coordinates": [ [ [ 75.902730416775455, 30.846418810180069 ], [ 75.931253892153507, 30.861623565275352 ], [ 75.948290525787343, 30.861469089626723 ], [ 75.940818468097916, 30.855861047749272 ], [ 75.947321819246724, 30.85193490447233 ], [ 75.942488153905174, 30.839128295934245 ], [ 75.913030075177858, 30.839417120403823 ], [ 75.902730416775455, 30.846418810180069 ] ] ] } },
{ "type": "Feature", "properties": { "pincode": "141101", "state": "Punjab", "district": "Ludhiana", "officename": "Dakha Mandi", "officetype": "S.O" }, "geometry": { "type": "Polygon", "coordinates": [ [ [ 75.614105590300881, 30.805868110225333 ], [ 75.606128664905953, 30.814732876021594 ], [ 75.620826352554275, 30.833689296024374 ], [ 75.614868771177044, 30.845068488020331 ], [ 75.639046000272799, 30.862030000384436 ], [ 75.623168317563909, 30.871954297053321 ], [ 75.633674999901416, 30.884594000412847 ], [ 75.660951853944937, 30.88265233983384 ], [ 75.661821114353131, 30.870432873478478 ], [ 75.679830966426096, 30.857714195253891 ], [ 75.668114500783645, 30.849154412046516 ], [ 75.668921460656918, 30.840032034550802 ], [ 75.703224761913361, 30.84221949693233 ], [ 75.72181024394763, 30.817615689712284 ], [ 75.704515193721193, 30.809907515919178 ], [ 75.692007232048184, 30.822353901911242 ], [ 75.674601693813315, 30.819322203656839 ], [ 75.654280092152703, 30.837041616077784 ], [ 75.634962533194539, 30.822894736203295 ], [ 75.634796651444447, 30.814132097418394 ], [ 75.614105590300881, 30.805868110225333 ] ] ] } },
{ "type": "Feature", "properties": { "pincode": "141102", "state": "Punjab", "district": "Ludhiana", "officename": "Dakha", "officetype": "S.O" }, "geometry": { "type": "Polygon", "coordinates": [ [ [ 75.667879125721242, 30.864557877743948 ], [ 75.662719717840787, 30.879162756256221 ], [ 75.677124802967285, 30.891019357857147 ], [ 75.676993056784227, 30.915713850014242 ], [ 75.70864854889146, 30.916308759641595 ], [ 75.729350518811486, 30.894961557629813 ], [ 75.72427624795057, 30.882853833837544 ], [ 75.737075214949186, 30.855254993723122 ], [ 75.713090406597132, 30.834103325008641 ], [ 75.703224761913361, 30.84221949693233 ], [ 75.668921460656918, 30.840032034550802 ], [ 75.668114500783645, 30.849154412046516 ], [ 75.679830966426096, 30.857714195253891 ], [ 75.673517662710026, 30.867260747885325 ], [ 75.667879125721242, 30.864557877743948 ] ] ] } },
{ "type": "Feature", "properties": { "pincode": "141103", "state": "Punjab", "district": "Ludhiana", "officename": "Mohie", "officetype": "S.O" }, "geometry": { "type": "Polygon", "coordinates": [ [ [ 75.673493334250054, 30.786501670415817 ], [ 75.674666608677171, 30.819487499948195 ], [ 75.692007232048184, 30.822353901911242 ], [ 75.702914513793928, 30.810423234844507 ], [ 75.720094154921526, 30.80783594107595 ], [ 75.708619027746124, 30.786808021772913 ], [ 75.673493334250054, 30.786501670415817 ] ] ] } },
{ "type": "Feature", "properties": { "pincode": "141104", "state": "Punjab", "district": "Ludhiana", "officename": "KCG Sudhar", "officetype": "S.O" }, "geometry": { "type": "Polygon", "coordinates": [ [ [ 75.620825214911918, 30.768823873223198 ], [ 75.630563109100365, 30.786803611497589 ], [ 75.653714771119837, 30.786296188818028 ], [ 75.657717807330982, 30.799280844235625 ], [ 75.675513517335048, 30.794662128554421 ], [ 75.659073680106303, 30.749132561418605 ], [ 75.650657557300519, 30.768537313246384 ], [ 75.620825214911918, 30.768823873223198 ] ] ] } },
{ "type": "Feature", "properties": { "pincode": "141105", "state": "Punjab", "district": "Ludhiana", "officename": "Sarabha", "officetype": "S.O" }, "geometry": { "type": "Polygon", "coordinates": [ [ [ 75.659073680106303, 30.749132561418605 ], [ 75.673493334250054, 30.786501670415817 ], [ 75.712467358981485, 30.785843729104784 ], [ 75.711176179836912, 30.769539963798479 ], [ 75.695805853257582, 30.764598624426981 ], [ 75.703780998894104, 30.761141000956627 ], [ 75.694955914783691, 30.744202524726802 ], [ 75.670243075557664, 30.721900475626512 ], [ 75.663760484359045, 30.72075449472419 ], [ 75.659073680106303, 30.749132561418605 ] ] ] } },
{ "type": "Feature", "properties": { "pincode": "141106", "state": "Punjab", "district": "Ludhiana", "officename": "Halwara Aerodrome", "officetype": "S.O" }, "geometry": { "type": "Polygon", "coordinates": [ [ [ 75.634395166204001, 30.731248898617821 ], [ 75.608041370013325, 30.772934015092858 ], [ 75.650657557300519, 30.768537313246384 ], [ 75.663344177391878, 30.733981864571433 ], [ 75.634395166204001, 30.731248898617821 ] ] ] } },
{ "type": "Feature", "properties": { "pincode": "141107", "state": "Punjab", "district": "Ludhiana", "officename": "Halwara", "officetype": "S.O" }, "geometry": { "type": "Polygon", "coordinates": [ [ [ 75.556609131406276, 30.714093926793396 ], [ 75.583661993106602, 30.773045975291666 ], [ 75.599878789474587, 30.765703242810446 ], [ 75.608041370013325, 30.772934015092858 ], [ 75.60844407473428, 30.758249357721866 ], [ 75.63224023230083, 30.732652914800212 ], [ 75.661369995528901, 30.730858529897318 ], [ 75.663760484359045, 30.72075449472419 ], [ 75.675024672850327, 30.718897532295387 ], [ 75.684612351478961, 30.691005514992639 ], [ 75.715576639950029, 30.697507465896877 ], [ 75.738110837345346, 30.687865872911743 ], [ 75.719797261734357, 30.688416673490735 ], [ 75.701040077537584, 30.675708782634331 ], [ 75.702725032034721, 30.662692998982777 ], [ 75.717167297832589, 30.650824011918644 ], [ 75.710891998566922, 30.640468999344876 ], [ 75.725864059478909, 30.620753906767334 ], [ 75.722881236679825, 30.614708842938796 ], [ 75.707524342374427, 30.606054980752845 ], [ 75.665581722118759, 30.611410380584744 ], [ 75.667532214939911, 30.623755282580305 ], [ 75.655051998251167, 30.634460000129138 ], [ 75.661727904119459, 30.641261017881675 ], [ 75.643074187823572, 30.668564414516084 ], [ 75.628989269439444, 30.664293556602388 ], [ 75.62035103836979, 30.686999830278069 ], [ 75.607776472006719, 30.695694213217507 ], [ 75.608352507562302, 30.709213279069729 ], [ 75.574700693182592, 30.727409628051987 ], [ 75.567739806546967, 30.714099390174795 ], [ 75.556609131406276, 30.714093926793396 ] ] ] } },
{ "type": "Feature", "properties": { "pincode": "141108", "state": "Punjab", "district": "Ludhiana", "officename": "Pakhowal", "officetype": "S.O" }, "geometry": { "type": "Polygon", "coordinates": [ [ [ 75.684612351478961, 30.691005514992639 ], [ 75.670243075557664, 30.721900475626512 ], [ 75.694955914783691, 30.744202524726802 ], [ 75.725073504138948, 30.75220051224386 ], [ 75.759363420785292, 30.705446254641004 ], [ 75.735710601662959, 30.694740055009618 ], [ 75.738110837345346, 30.687865872911743 ], [ 75.715576639950029, 30.697507465896877 ], [ 75.684612351478961, 30.691005514992639 ] ] ] } },
{ "type": "Feature", "properties": { "pincode": "141109", "state": "Punjab", "district": "Ludhiana", "officename": "Raekot", "officetype": "S.O" }, "geometry": { "type": "Polygon", "coordinates": [ [ [ 75.50854819304476, 30.567369990033114 ], [ 75.489916300597031, 30.579914207874424 ], [ 75.496434036401808, 30.598719968951514 ], [ 75.518165998062386, 30.59854299945988 ], [ 75.535697512430261, 30.616871439965053 ], [ 75.520935298425286, 30.620759016715397 ], [ 75.513408335326631, 30.63204815329965 ], [ 75.518209278835343, 30.637985025988257 ], [ 75.505207571372523, 30.642220295030768 ], [ 75.503033574539984, 30.671468873989397 ], [ 75.508803329810007, 30.664072768543576 ], [ 75.522540672813932, 30.671831059755732 ], [ 75.533082105854533, 30.696479137901861 ], [ 75.54816534455523, 30.695590624807664 ], [ 75.554484116149183, 30.717330750513895 ], [ 75.567739806546967, 30.714099390174795 ], [ 75.573277342475421, 30.727162414314137 ], [ 75.608352507562302, 30.709213279069729 ], [ 75.607776472006719, 30.695694213217507 ], [ 75.62035103836979, 30.686999830278069 ], [ 75.628989269439444, 30.664293556602388 ], [ 75.643074187823572, 30.668564414516084 ], [ 75.661727904119459, 30.641261017881675 ], [ 75.655051998251167, 30.634460000129138 ], [ 75.667532214939911, 30.623755282580305 ], [ 75.663648463006325, 30.61380447389746 ], [ 75.67446629997994, 30.606090831326924 ], [ 75.666593104188621, 30.589079511810155 ], [ 75.622010506080073, 30.595745915441739 ], [ 75.597117333897984, 30.587281209460286 ], [ 75.576046587080441, 30.563952339628827 ], [ 75.563234319108574, 30.565792081839277 ], [ 75.550993963300868, 30.579870056557866 ], [ 75.53752247338349, 30.562869402101228 ], [ 75.527278464130006, 30.585602134730891 ], [ 75.512167775422597, 30.578939774451101 ], [ 75.50854819304476, 30.567369990033114 ] ] ] } },
{ "type": "Feature", "properties": { "pincode": "141110", "state": "Punjab", "district": "Ludhiana", "officename": "Hambran", "officetype": "S.O" }, "geometry": { "type": "Polygon", "coordinates": [ [ [ 75.597637660949488, 30.898283484195474 ], [ 75.599781204938722, 30.969036848471887 ], [ 75.65295400042703, 30.982235000245112 ], [ 75.660278000029734, 30.96795099983882 ], [ 75.680530260363355, 30.963283796310293 ], [ 75.684478883094016, 30.954196693822382 ], [ 75.695094399586878, 30.956580487199801 ], [ 75.698248911058442, 30.940121113098996 ], [ 75.716014253654919, 30.937352650904245 ], [ 75.705196156777447, 30.916440253115297 ], [ 75.676993056784227, 30.915713850014242 ], [ 75.677124802967285, 30.891019357857147 ], [ 75.6638129013445, 30.88027490736107 ], [ 75.636445696012174, 30.881930463919787 ], [ 75.637900999631484, 30.901019999773155 ], [ 75.628511744721379, 30.90829938490873 ], [ 75.607364406242425, 30.892631837789168 ], [ 75.597637660949488, 30.898283484195474 ] ] ] } },
{ "type": "Feature", "properties": { "pincode": "141112", "state": "Punjab", "district": "Ludhiana", "officename": "Kohara", "officetype": "S.O" }, "geometry": { "type": "Polygon", "coordinates": [ [ [ 75.964808221822068, 30.867307660120503 ], [ 75.988900927236102, 30.867804786461818 ], [ 75.985048849425027, 30.897077720860239 ], [ 75.960907398058168, 30.918612782254286 ], [ 75.981486311943854, 30.927913305554796 ], [ 75.966577833999963, 30.939651431368532 ], [ 76.00711789857229, 30.936719832154665 ], [ 76.025145120151251, 30.947884045712158 ], [ 76.00959031833861, 30.915375472000449 ], [ 76.011820199942292, 30.900039673991898 ], [ 76.023809849045335, 30.902206577871368 ], [ 76.050260372718185, 30.883421327632277 ], [ 76.04316305083421, 30.868549105856573 ], [ 76.026125017855406, 30.866187323386328 ], [ 76.038320203414742, 30.845819596397291 ], [ 76.020826749255207, 30.830631070467689 ], [ 75.964808221822068, 30.867307660120503 ] ] ] } },
{ "type": "Feature", "properties": { "pincode": "141113", "state": "Punjab", "district": "Ludhiana", "officename": "Katani Kalan", "officetype": "S.O" }, "geometry": { "type": "Polygon", "coordinates": [ [ [ 76.038320203414742, 30.845819596397291 ], [ 76.026601817719893, 30.866919160191173 ], [ 76.04316305083421, 30.868549105856573 ], [ 76.051612775909007, 30.885162862975733 ], [ 76.069775700688126, 30.883963251003308 ], [ 76.073139032040785, 30.877154258962037 ], [ 76.090402483687626, 30.885340592394471 ], [ 76.08368190039937, 30.920432204282974 ], [ 76.09654042500074, 30.926430510559726 ], [ 76.10792807422132, 30.918455383809089 ], [ 76.108176697196996, 30.898745471326492 ], [ 76.118970975530033, 30.888619827243303 ], [ 76.101920999554636, 30.852921000303979 ], [ 76.085738999755108, 30.837304999626156 ], [ 76.089828000362047, 30.816959000257839 ], [ 76.078629000128387, 30.817786999770192 ], [ 76.065612999740267, 30.837935999946581 ], [ 76.049872999639319, 30.842299999745308 ], [ 76.051665999586248, 30.850511999828939 ], [ 76.038320203414742, 30.845819596397291 ] ] ] } },
{ "type": "Feature", "properties": { "pincode": "141114", "state": "Punjab", "district": "Ludhiana", "officename": "Samrala City", "officetype": "S.O" }, "geometry": { "type": "Polygon", "coordinates": [ [ [ 76.124384857375276, 30.851719153516171 ], [ 76.142096925932378, 30.870226569900524 ], [ 76.146623564526067, 30.862153084297631 ], [ 76.169302306356371, 30.869622254263675 ], [ 76.17699127602657, 30.863558773218983 ], [ 76.194814367688991, 30.870671658770107 ], [ 76.204044438100482, 30.887490029641185 ], [ 76.23911140406824, 30.883818732648535 ], [ 76.269708655829845, 30.85193333065871 ], [ 76.264068759965539, 30.830544772423423 ], [ 76.285233080342493, 30.816187472773834 ], [ 76.288585725051178, 30.797655598427241 ], [ 76.26928492226142, 30.789566882805502 ], [ 76.261366063393211, 30.777056873376068 ], [ 76.246703999689998, 30.778227000176003 ], [ 76.245399565437822, 30.767854449922936 ], [ 76.228669561051333, 30.771189874413324 ], [ 76.217238338778429, 30.760496519798551 ], [ 76.184646995062849, 30.752862607523468 ], [ 76.162887468282122, 30.73343506867343 ], [ 76.161186031909892, 30.746042975602961 ], [ 76.181369228806943, 30.765472794234142 ], [ 76.168220390458657, 30.771983474857564 ], [ 76.167671767138415, 30.753658458071413 ], [ 76.15818914011686, 30.774395758757294 ], [ 76.134909585509092, 30.771187488511885 ], [ 76.119883749635392, 30.780639745427948 ], [ 76.115024957236074, 30.797995114083392 ], [ 76.13105657150362, 30.797605193225138 ], [ 76.139036088744547, 30.805507507265759 ], [ 76.13038045489418, 30.821251389739928 ], [ 76.140914988336192, 30.842639618823398 ], [ 76.124384857375276, 30.851719153516171 ] ] ] } },
{ "type": "Feature", "properties": { "pincode": "141115", "state": "Punjab", "district": "Ludhiana", "officename": "Machhiwara", "officetype": "S.O" }, "geometry": { "type": "Polygon", "coordinates": [ [ [ 76.110291012320545, 30.873319523677139 ], [ 76.119285999949057, 30.889707999724521 ], [ 76.131523000386153, 30.889607999609666 ], [ 76.142791875244825, 30.917869375671273 ], [ 76.13283554112752, 30.922001031122818 ], [ 76.126083000430242, 30.952702999943597 ], [ 76.135864000023616, 30.964515999713797 ], [ 76.151809999731825, 30.96809400013808 ], [ 76.141098000372494, 30.987265000179718 ], [ 76.175636000401141, 30.996787999566664 ], [ 76.185593000017093, 30.992692999582403 ], [ 76.183814999862477, 31.000560999990228 ], [ 76.229019025907348, 31.004944314528586 ], [ 76.254684553849188, 31.016418785198937 ], [ 76.254271999753087, 31.010900000134939 ], [ 76.262878347158107, 31.014902236848911 ], [ 76.270682999321082, 30.990104891927274 ], [ 76.289551389185306, 30.991586720151133 ], [ 76.287228889101982, 30.977220429079694 ], [ 76.273868720864868, 30.969346349254749 ], [ 76.282299549384788, 30.945844341043539 ], [ 76.266504594411686, 30.949641673524525 ], [ 76.255187195732674, 30.943686568880139 ], [ 76.257460520886411, 30.932006372895842 ], [ 76.245446025313925, 30.928688254959184 ], [ 76.242601297911676, 30.882460045894504 ], [ 76.204044438100482, 30.887490029641185 ], [ 76.194814367688991, 30.870671658770107 ], [ 76.173836562207669, 30.863188361353878 ], [ 76.169302306356371, 30.869622254263675 ], [ 76.146623564526067, 30.862153084297631 ], [ 76.142096925932378, 30.870226569900524 ], [ 76.129827732464037, 30.861331405220312 ], [ 76.110291012320545, 30.873319523677139 ] ] ] } },
{ "type": "Feature", "properties": { "pincode": "141116", "state": "Punjab", "district": "Ludhiana", "officename": "Gill", "officetype": "S.O" }, "geometry": { "type": "Polygon", "coordinates": [ [ [ 75.79285853549311, 30.786071902396429 ], [ 75.78816167232344, 30.80664947809106 ], [ 75.804986145094688, 30.821819537341753 ], [ 75.792907815643218, 30.841856061108501 ], [ 75.801165487797107, 30.839861966456624 ], [ 75.810558897575106, 30.849701120710279 ], [ 75.843324960678387, 30.845439126514634 ], [ 75.861955302695094, 30.851498664032249 ], [ 75.88453360104495, 30.840498331233107 ], [ 75.861725021392772, 30.835926742725178 ], [ 75.855015595093789, 30.810734884107717 ], [ 75.874890585332423, 30.7884870668247 ], [ 75.867708563499548, 30.776609697179936 ], [ 75.851877911736381, 30.77826162407473 ], [ 75.847065117861121, 30.762523119546529 ], [ 75.839392924144192, 30.76017532153395 ], [ 75.830393762762071, 30.779404646207524 ], [ 75.818608911771889, 30.778021175037168 ], [ 75.806895727755716, 30.791123912338719 ], [ 75.79285853549311, 30.786071902396429 ] ] ] } },
{ "type": "Feature", "properties": { "pincode": "141117", "state": "Punjab", "district": "Ludhiana", "officename": "Sihar", "officetype": "S.O" }, "geometry": { "type": "Polygon", "coordinates": [ [ [ 75.853553999817336, 30.670571999897959 ], [ 75.846342044050175, 30.71475887292371 ], [ 75.876050121715821, 30.700158079132109 ], [ 75.8927895141249, 30.705693155414735 ], [ 75.887735602116379, 30.711391687976118 ], [ 75.893371728922318, 30.719237412176938 ], [ 75.913094516998456, 30.720818195503398 ], [ 75.922194729803095, 30.712545275344155 ], [ 75.937345413160415, 30.72134867230352 ], [ 75.941463197468636, 30.704277296959731 ], [ 75.971565418309581, 30.69688089473749 ], [ 75.985904215307528, 30.675495025475186 ], [ 75.959173984491883, 30.670505901526155 ], [ 75.931748817853759, 30.676139256621639 ], [ 75.928303109500973, 30.649885146682266 ], [ 75.916000345239809, 30.647586983152905 ], [ 75.909955356954185, 30.656917709284926 ], [ 75.901060436889679, 30.644705601182579 ], [ 75.880783000035649, 30.675009000365264 ], [ 75.853553999817336, 30.670571999897959 ] ] ] } },
{ "type": "Feature", "properties": { "pincode": "141118", "state": "Punjab", "district": "Ludhiana", "officename": "Dehlon", "officetype": "S.O" }, "geometry": { "type": "Polygon", "coordinates": [ [ [ 75.814658600114342, 30.740780840863295 ], [ 75.822676823276765, 30.782364344738937 ], [ 75.836340069338803, 30.77461742275591 ], [ 75.839392924144192, 30.76017532153395 ], [ 75.852110801972003, 30.763828085297973 ], [ 75.843787339913945, 30.733864831297012 ], [ 75.814658600114342, 30.740780840863295 ] ] ] } },
{ "type": "Feature", "properties": { "pincode": "141119", "state": "Punjab", "district": "Ludhiana", "officename": "Maloudh", "officetype": "S.O" }, "geometry": { "type": "Polygon", "coordinates": [ [ [ 75.895812999770214, 30.605586999640536 ], [ 75.876404000444268, 30.638251999630199 ], [ 75.901060436889679, 30.644705601182579 ], [ 75.909955356954185, 30.656917709284926 ], [ 75.916000345239809, 30.647586983152905 ], [ 75.928303109500973, 30.649885146682266 ], [ 75.931748817853759, 30.676139256621639 ], [ 75.959173984491883, 30.670505901526155 ], [ 75.985764493936358, 30.675545896525819 ], [ 75.994943246333946, 30.668198220471595 ], [ 75.974227801871734, 30.640143982558925 ], [ 75.986586307012601, 30.624403187457233 ], [ 76.011012968473779, 30.612335062613113 ], [ 75.93769799956317, 30.568980999573625 ], [ 75.923515000217151, 30.588631000120699 ], [ 75.930946000257904, 30.595715000347127 ], [ 75.925819000346678, 30.605510999732985 ], [ 75.895812999770214, 30.605586999640536 ] ] ] } },
{ "type": "Feature", "properties": { "pincode": "141120", "state": "Punjab", "district": "Ludhiana", "officename": "Sanehwal", "officetype": "S.O" }, "geometry": { "type": "Polygon", "coordinates": [ [ [ 75.914384281509456, 30.834267418007016 ], [ 75.942488153905174, 30.839128295934245 ], [ 75.947321819246724, 30.85193490447233 ], [ 75.940818468097916, 30.855861047749272 ], [ 75.964808221822068, 30.867307660120503 ], [ 76.020826749255207, 30.830631070467689 ], [ 75.981274415481892, 30.793408257784847 ], [ 75.974175411865815, 30.802188195029316 ], [ 75.95025945021348, 30.803672528764366 ], [ 75.935096268078496, 30.795937334840232 ], [ 75.912921238324543, 30.81362828911432 ], [ 75.929443266393776, 30.822359018154316 ], [ 75.914384281509456, 30.834267418007016 ] ] ] } },
{ "type": "Feature", "properties": { "pincode": "141121", "state": "Punjab", "district": "Ludhiana", "officename": "Behlolpur", "officetype": "S.O" }, "geometry": { "type": "Polygon", "coordinates": [ [ [ 76.242601297911676, 30.882460045894504 ], [ 76.245446025313925, 30.928688254959184 ], [ 76.257460520886411, 30.932006372895842 ], [ 76.255187195732674, 30.943686568880139 ], [ 76.26798164903397, 30.949860240257976 ], [ 76.282299549384788, 30.945844341043539 ], [ 76.273868720864868, 30.969346349254749 ], [ 76.287228889101982, 30.977220429079694 ], [ 76.289551389185306, 30.991586720151133 ], [ 76.270682999321082, 30.990104891927274 ], [ 76.262878347158107, 31.014902236848911 ], [ 76.280666843700033, 31.016606333415723 ], [ 76.327461469171624, 30.998779546438982 ], [ 76.327384999817923, 30.993233000202792 ], [ 76.308365000444553, 30.99162299970169 ], [ 76.31604800041481, 30.983062999757806 ], [ 76.324286999945286, 30.930821999935404 ], [ 76.315948000299954, 30.92520299981868 ], [ 76.323721252633675, 30.869074309931477 ], [ 76.295843695530209, 30.854392666188573 ], [ 76.263277452792352, 30.852225715544421 ], [ 76.242601297911676, 30.882460045894504 ] ] ] } },
{ "type": "Feature", "properties": { "pincode": "141122", "state": "Punjab", "district": "Ludhiana", "officename": "Jaspal Banger", "officetype": "S.O" }, "geometry": { "type": "Polygon", "coordinates": [ [ [ 75.861118135493712, 30.814698196364759 ], [ 75.861725021392772, 30.835926742725178 ], [ 75.868778369126574, 30.842141244223114 ], [ 75.881493894327889, 30.835850417262975 ], [ 75.877458406080677, 30.847276034061792 ], [ 75.892399833385639, 30.850919098637462 ], [ 75.91730712312534, 30.839357402721987 ], [ 75.914384281509456, 30.834267418007016 ], [ 75.929469948379506, 30.823782760965798 ], [ 75.902826490450309, 30.810939460987413 ], [ 75.894761423401121, 30.816888107600221 ], [ 75.861118135493712, 30.814698196364759 ] ] ] } },
{ "type": "Feature", "properties": { "pincode": "141123", "state": "Punjab", "district": "Ludhiana", "officename": "Ramgarh (Ludhiana)", "officetype": "S.O" }, "geometry": { "type": "Polygon", "coordinates": [ [ [ 75.949577424159031, 30.882040627273227 ], [ 75.958258846968249, 30.891172507005649 ], [ 75.957384080011423, 30.909051926805091 ], [ 75.976582651468277, 30.904195164175519 ], [ 75.985550687314515, 30.895666140480046 ], [ 75.98189743701721, 30.883501486904208 ], [ 75.988900927236102, 30.867804786461818 ], [ 75.949577424159031, 30.882040627273227 ] ] ] } },
{ "type": "Feature", "properties": { "pincode": "141125", "state": "Punjab", "district": "Ludhiana", "officename": "Kakrala Kalan", "officetype": "S.O" }, "geometry": { "type": "Polygon", "coordinates": [ [ [ 76.264399570184082, 30.831610496926885 ], [ 76.270231079201039, 30.850393086072074 ], [ 76.299775670910549, 30.856105746083415 ], [ 76.312065638718423, 30.835472908847692 ], [ 76.285233080342493, 30.816187472773834 ], [ 76.264399570184082, 30.831610496926885 ] ] ] } },
{ "type": "Feature", "properties": { "pincode": "141126", "state": "Punjab", "district": "Ludhiana", "officename": "Sri Bhaini Sahib", "officetype": "S.O" }, "geometry": { "type": "Polygon", "coordinates": [ [ [ 75.991971925863936, 30.941866793417887 ], [ 75.994374910773615, 30.965927522537186 ], [ 75.959045624256191, 30.955869488586075 ], [ 75.961170186255231, 30.981283445574718 ], [ 75.980874764858697, 31.001642894304268 ], [ 76.000052999945979, 30.988947000403812 ], [ 76.007209999941665, 30.995780999893327 ], [ 76.056381000283125, 30.997264999979905 ], [ 76.141098000372494, 30.987265000179718 ], [ 76.151809999731825, 30.96809400013808 ], [ 76.135864000023616, 30.964515999713797 ], [ 76.126083000430242, 30.952702999943597 ], [ 76.13283554112752, 30.922001031122818 ], [ 76.142791875244825, 30.917869375671273 ], [ 76.131523000386153, 30.889607999609666 ], [ 76.118970975530033, 30.888619827243303 ], [ 76.108176697196996, 30.898745471326492 ], [ 76.10792807422132, 30.918455383809089 ], [ 76.088985896781708, 30.925869996403378 ], [ 76.08368190039937, 30.920432204282974 ], [ 76.090402483687626, 30.885340592394471 ], [ 76.073139032040785, 30.877154258962037 ], [ 76.023809849045335, 30.902206577871368 ], [ 76.011820199942292, 30.900039673991898 ], [ 76.009119391047136, 30.92234915778738 ], [ 76.025145120151251, 30.947884045712158 ], [ 76.00711789857229, 30.936719832154665 ], [ 75.991971925863936, 30.941866793417887 ] ] ] } },
{ "type": "Feature", "properties": { "pincode": "141127", "state": "Punjab", "district": "Fatehgarh Sahib", "officename": "Koom Kalan", "officetype": "S.O" }, "geometry": { "type": "Polygon", "coordinates": [ [ [ 76.261366063393211, 30.777056873376068 ], [ 76.26928492226142, 30.789566882805502 ], [ 76.288585725051178, 30.797655598427241 ], [ 76.287363317962786, 30.820456106664096 ], [ 76.311053362722589, 30.831736955096517 ], [ 76.299775670910549, 30.856105746083415 ], [ 76.339653968455934, 30.874642510043827 ], [ 76.347463582178591, 30.862577427606368 ], [ 76.370138188026942, 30.872405897914007 ], [ 76.384715573365099, 30.862126903234071 ], [ 76.385305396426929, 30.853886331688955 ], [ 76.369880345201807, 30.843561201788191 ], [ 76.376678000389575, 30.83178499957819 ], [ 76.37289314780071, 30.807988134245136 ], [ 76.359473832951153, 30.800351725451833 ], [ 76.359265739722275, 30.780448339119687 ], [ 76.338323099531522, 30.779993337022916 ], [ 76.335983717374745, 30.767363057659168 ], [ 76.324333558746901, 30.760875431156308 ], [ 76.301506061855378, 30.764064864202339 ], [ 76.291343374697078, 30.775150840339109 ], [ 76.261366063393211, 30.777056873376068 ] ] ] } },
{ "type": "Feature", "properties": { "pincode": "141201", "state": "Punjab", "district": "Ludhiana", "officename": "Kila Raipur", "officetype": "S.O" }, "geometry": { "type": "Polygon", "coordinates": [ [ [ 75.799810010723604, 30.736455438168036 ], [ 75.77818982669919, 30.74555461225566 ], [ 75.806895727755716, 30.791123912338719 ], [ 75.820477740755337, 30.774432453794873 ], [ 75.819645305786366, 30.754829984216485 ], [ 75.812204647026874, 30.750720627455109 ], [ 75.814453921611232, 30.740451979475381 ], [ 75.799810010723604, 30.736455438168036 ] ] ] } },
{ "type": "Feature", "properties": { "pincode": "141202", "state": "Punjab", "district": "Ludhiana", "officename": "Gujjarwal", "officetype": "S.O" }, "geometry": { "type": "Polygon", "coordinates": [ [ [ 75.691019074970427, 30.744549985893116 ], [ 75.703780998894104, 30.761141000956627 ], [ 75.695805853257582, 30.764598624426981 ], [ 75.737414098382146, 30.778248997593209 ], [ 75.74105573393507, 30.790722692398447 ], [ 75.761954085213006, 30.784417474486929 ], [ 75.765880630486834, 30.749699927509766 ], [ 75.773305851483997, 30.751857385809785 ], [ 75.77948369481669, 30.74729819715418 ], [ 75.770945442278503, 30.749391469940576 ], [ 75.773938825816344, 30.737306423452765 ], [ 75.756181810042619, 30.729815115775125 ], [ 75.741006264927307, 30.738025651762598 ], [ 75.752454473595321, 30.721242449779368 ], [ 75.738173335730835, 30.728643149861455 ], [ 75.73737935487344, 30.742890137769677 ], [ 75.72671270832501, 30.751720053038127 ], [ 75.691019074970427, 30.744549985893116 ] ] ] } },
{ "type": "Feature", "properties": { "pincode": "141203", "state": "Punjab", "district": "Ludhiana", "officename": "Narangwal", "officetype": "S.O" }, "geometry": { "type": "Polygon", "coordinates": [ [ [ 75.757320985774868, 30.788943615755443 ], [ 75.800027757275245, 30.784931055723689 ], [ 75.800708231999408, 30.773986684138322 ], [ 75.782821488121215, 30.746377306667455 ], [ 75.765880630486834, 30.749699927509766 ], [ 75.757320985774868, 30.788943615755443 ] ] ] } },
{ "type": "Feature", "properties": { "pincode": "141204", "state": "Punjab", "district": "Ludhiana", "officename": "Ghungrana", "officetype": "S.O" }, "geometry": { "type": "Polygon", "coordinates": [ [ [ 75.752639137686117, 30.721355343474499 ], [ 75.741006264927307, 30.738025651762598 ], [ 75.756181810042619, 30.729815115775125 ], [ 75.773938825816344, 30.737306423452765 ], [ 75.775051400501866, 30.749111929172273 ], [ 75.786755969012859, 30.723789610402434 ], [ 75.813967348814231, 30.725124023554827 ], [ 75.818241052182827, 30.707070097507028 ], [ 75.829897643661411, 30.696128203553826 ], [ 75.846502741208667, 30.699418934436437 ], [ 75.849590267576787, 30.68310391591308 ], [ 75.836219999953073, 30.687796000085484 ], [ 75.817496999886828, 30.664278000129627 ], [ 75.785682999570895, 30.65925399957257 ], [ 75.784735293998722, 30.683161624509353 ], [ 75.772151795568959, 30.696092140739722 ], [ 75.779373631288138, 30.706216585127493 ], [ 75.752639137686117, 30.721355343474499 ] ] ] } },
{ "type": "Feature", "properties": { "pincode": "141205", "state": "Punjab", "district": "Ludhiana", "officename": "Latala", "officetype": "S.O" }, "geometry": { "type": "Polygon", "coordinates": [ [ [ 75.717671124123115, 30.647870979162349 ], [ 75.700882368826399, 30.666643843039139 ], [ 75.703438448925283, 30.679517953790651 ], [ 75.719797261734357, 30.688416673490735 ], [ 75.738812072019584, 30.686266226305293 ], [ 75.735710601662959, 30.694740055009618 ], [ 75.75728985034641, 30.702284794107982 ], [ 75.751507987503658, 30.721675241319417 ], [ 75.779373631288138, 30.706216585127493 ], [ 75.772151795568959, 30.696092140739722 ], [ 75.784439557339738, 30.677944294893393 ], [ 75.770324999998877, 30.672202999568924 ], [ 75.765677999739978, 30.656074999561554 ], [ 75.775680998779194, 30.657691999486303 ], [ 75.781173999380599, 30.643122000280073 ], [ 75.800163000022508, 30.631443000394313 ], [ 75.785987998347537, 30.623603999525074 ], [ 75.762755998090995, 30.637753000000998 ], [ 75.740424998015385, 30.628808999435762 ], [ 75.731276997935083, 30.615779999347524 ], [ 75.710891998566922, 30.640468999344876 ], [ 75.717671124123115, 30.647870979162349 ] ] ] } },
{ "type": "Feature", "properties": { "pincode": "141206", "state": "Punjab", "district": "Ludhiana", "officename": "Ghawaddi", "officetype": "S.O" }, "geometry": { "type": "Polygon", "coordinates": [ [ [ 75.844975737340633, 30.735137334220838 ], [ 75.851877911736381, 30.77826162407473 ], [ 75.867708563499548, 30.776609697179936 ], [ 75.874890585332423, 30.7884870668247 ], [ 75.854493151038128, 30.813973837422679 ], [ 75.894761423401121, 30.816888107600221 ], [ 75.930669171844897, 30.803794865340933 ], [ 75.941449839838413, 30.778180532205909 ], [ 75.919520080387372, 30.757417510909477 ], [ 75.914292638794393, 30.739227857379774 ], [ 75.887368850492066, 30.744844872692909 ], [ 75.859570298830249, 30.732116727305311 ], [ 75.844975737340633, 30.735137334220838 ] ] ] } },
{ "type": "Feature", "properties": { "pincode": "141401", "state": "Punjab", "district": "Ludhiana", "officename": "Khanna", "officetype": "H.O" }, "geometry": { "type": "Polygon", "coordinates": [ [ [ 76.09514848491466, 30.70296254928229 ], [ 76.09187124746029, 30.722765988559672 ], [ 76.126265481866596, 30.744966582442032 ], [ 76.142492331755818, 30.738533033972431 ], [ 76.145106241859821, 30.729855844271981 ], [ 76.176261999591588, 30.742803999804778 ], [ 76.194503999959807, 30.731704999686031 ], [ 76.228513574541978, 30.747576390737891 ], [ 76.239606551001657, 30.741292343766759 ], [ 76.237899474081473, 30.726871967467503 ], [ 76.256455916107825, 30.721297429832589 ], [ 76.257573848954053, 30.707561354872837 ], [ 76.286109241248482, 30.680411593919985 ], [ 76.216492000405424, 30.677734000124076 ], [ 76.185516000063444, 30.666261999891447 ], [ 76.179427999902373, 30.679295000164245 ], [ 76.16888306220352, 30.662277723538182 ], [ 76.156848653842474, 30.66758949276101 ], [ 76.149193160536015, 30.701263934982535 ], [ 76.121197110558342, 30.710775977029925 ], [ 76.09514848491466, 30.70296254928229 ] ] ] } },
{ "type": "Feature", "properties": { "pincode": "141411", "state": "Punjab", "district": "Fatehgarh Sahib, Ludhiana", "officename": "Bhari", "officetype": "S.O" }, "geometry": { "type": "Polygon", "coordinates": [ [ [ 76.256455916107825, 30.721297429832589 ], [ 76.264724999759096, 30.749525000378469 ], [ 76.249542000163217, 30.770155000253112 ], [ 76.253464000263534, 30.777532999648372 ], [ 76.291343374697078, 30.775150840339109 ], [ 76.309583682541131, 30.760658838434779 ], [ 76.335983717374745, 30.767363057659168 ], [ 76.344525279418349, 30.755471056044485 ], [ 76.360405168164164, 30.770642934623879 ], [ 76.365048803159823, 30.752488103743133 ], [ 76.383652295916761, 30.744345202169484 ], [ 76.377288999787652, 30.73960299967888 ], [ 76.384272618586465, 30.720718116248122 ], [ 76.374854999958416, 30.717035000365115 ], [ 76.327141000257086, 30.708551000328384 ], [ 76.313416000448228, 30.725528999963331 ], [ 76.301811000377484, 30.719391000194435 ], [ 76.306625949028444, 30.705084765849392 ], [ 76.321196524699985, 30.701554551801337 ], [ 76.328863317987839, 30.690213288712528 ], [ 76.298508000044308, 30.67928899988749 ], [ 76.286109241248482, 30.680411593919985 ], [ 76.265753026480979, 30.699213359309226 ], [ 76.256455916107825, 30.721297429832589 ] ] ] } },
{ "type": "Feature", "properties": { "pincode": "141412", "state": "Punjab", "district": "Ludhiana", "officename": "Daheru", "officetype": "S.O" }, "geometry": { "type": "Polygon", "coordinates": [ [ [ 76.063828600009913, 30.737290686216227 ], [ 76.07795181332574, 30.756112562244994 ], [ 76.074483010382721, 30.763844068049423 ], [ 76.088572590852323, 30.767601219720632 ], [ 76.099266000325827, 30.767783999731876 ], [ 76.102074000314929, 30.750715000397008 ], [ 76.107291999926019, 30.762196000145423 ], [ 76.140213008123908, 30.776093566365034 ], [ 76.15818914011686, 30.774395758757294 ], [ 76.167671767138415, 30.753658458071413 ], [ 76.168220390458657, 30.771983474857564 ], [ 76.181369228806943, 30.765472794234142 ], [ 76.162309965032989, 30.747880161940031 ], [ 76.159297557236528, 30.731331751359335 ], [ 76.145106241859821, 30.729855844271981 ], [ 76.142492331755818, 30.738533033972431 ], [ 76.126265481866596, 30.744966582442032 ], [ 76.091393917895061, 30.721740836070921 ], [ 76.063828600009913, 30.737290686216227 ] ] ] } },
{ "type": "Feature", "properties": { "pincode": "141413", "state": "Punjab", "district": "Ludhiana", "officename": "Dhamote", "officetype": "S.O" }, "geometry": { "type": "Polygon", "coordinates": [ [ [ 75.974517501381627, 30.697502677007094 ], [ 76.000545046916443, 30.707939337230755 ], [ 75.998777163235559, 30.716247016186912 ], [ 76.009513699697607, 30.721971191117575 ], [ 76.024580675058303, 30.707096472824048 ], [ 76.048033103644968, 30.701599034068295 ], [ 76.052296308327982, 30.687735189727277 ], [ 76.043015562918072, 30.684366820372475 ], [ 76.039393004683575, 30.670711838180921 ], [ 76.052701458305705, 30.657495989548408 ], [ 76.024987982509515, 30.643981738666469 ], [ 76.032482443210426, 30.623070617914721 ], [ 76.028037999953824, 30.61486200018129 ], [ 76.011012968473779, 30.612335062613113 ], [ 75.986586307012601, 30.624403187457233 ], [ 75.974227801871734, 30.640143982558925 ], [ 75.994943246333946, 30.668198220471595 ], [ 75.972636483886788, 30.686388689686396 ], [ 75.974517501381627, 30.697502677007094 ] ] ] } },
{ "type": "Feature", "properties": { "pincode": "141414", "state": "Punjab", "district": "Ludhiana", "officename": "Issru", "officetype": "S.O" }, "geometry": { "type": "Polygon", "coordinates": [ [ [ 76.039393004683575, 30.670711838180921 ], [ 76.043015562918072, 30.684366820372475 ], [ 76.052296308327982, 30.687735189727277 ], [ 76.044760149661272, 30.713684960992225 ], [ 76.093423024053379, 30.699077753235827 ], [ 76.121197110558342, 30.710775977029925 ], [ 76.149193160536015, 30.701263934982535 ], [ 76.156848653842474, 30.66758949276101 ], [ 76.16888306220352, 30.662277723538182 ], [ 76.152527000420889, 30.65303599971179 ], [ 76.151267999918446, 30.637938000438396 ], [ 76.129554999563766, 30.630004999731057 ], [ 76.099045545015997, 30.603896307468631 ], [ 76.09021899411141, 30.604600667287116 ], [ 76.089178484799277, 30.623519775317391 ], [ 76.060140246475328, 30.629620034137417 ], [ 76.054854652020765, 30.655421410969439 ], [ 76.039393004683575, 30.670711838180921 ] ] ] } },
{ "type": "Feature", "properties": { "pincode": "141415", "state": "Punjab", "district": "Ludhiana", "officename": "Jarg", "officetype": "S.O" }, "geometry": { "type": "Polygon", "coordinates": [ [ [ 76.032482443210426, 30.623070617914721 ], [ 76.024987982509515, 30.643981738666469 ], [ 76.052701458305705, 30.657495989548408 ], [ 76.062215086756964, 30.627612690673175 ], [ 76.089178484799277, 30.623519775317391 ], [ 76.09021899411141, 30.604600667287116 ], [ 76.115005000380506, 30.613547999840534 ], [ 76.123923999792794, 30.596418000390372 ], [ 76.113075000411072, 30.589607000163085 ], [ 76.107154999903514, 30.562234999645682 ], [ 76.071502999763823, 30.563794999639583 ], [ 76.065117000249415, 30.582066000445593 ], [ 76.037803999754829, 30.587176999618976 ], [ 76.027821208482123, 30.614870390855913 ], [ 76.032482443210426, 30.623070617914721 ] ] ] } },
{ "type": "Feature", "properties": { "pincode": "141416", "state": "Punjab", "district": "Ludhiana", "officename": "Payal", "officetype": "S.O" }, "geometry": { "type": "Polygon", "coordinates": [ [ [ 76.015093019927065, 30.732735679408222 ], [ 75.995001666294002, 30.744131918053768 ], [ 76.004635931603104, 30.758115145597628 ], [ 76.037805776815276, 30.741971457816589 ], [ 76.052027779758248, 30.764622893531794 ], [ 76.068637567269889, 30.767754917455534 ], [ 76.078630149461958, 30.758483515102114 ], [ 76.063828600009913, 30.737290686216227 ], [ 76.077227956205377, 30.726302324292874 ], [ 76.0859535546129, 30.730097196228712 ], [ 76.09514848491466, 30.70296254928229 ], [ 76.075059695248797, 30.700816350494335 ], [ 76.047083307149137, 30.714524707449527 ], [ 76.048033103644968, 30.701599034068295 ], [ 76.025435105645727, 30.706646695788379 ], [ 76.015093019927065, 30.732735679408222 ] ] ] } },
{ "type": "Feature", "properties": { "pincode": "141417", "state": "Punjab", "district": "Ludhiana", "officename": "Rahawan", "officetype": "S.O" }, "geometry": { "type": "Polygon", "coordinates": [ [ [ 76.176261999591588, 30.742803999804778 ], [ 76.228669561051333, 30.771189874413324 ], [ 76.245399565437822, 30.767854449922936 ], [ 76.249068999934536, 30.779563999778929 ], [ 76.264724999759096, 30.749525000378469 ], [ 76.258170836015438, 30.721152075108421 ], [ 76.237899474081473, 30.726871967467503 ], [ 76.239606551001657, 30.741292343766759 ], [ 76.228513574541978, 30.747576390737891 ], [ 76.194503999959807, 30.731704999686031 ], [ 76.176261999591588, 30.742803999804778 ] ] ] } },
{ "type": "Feature", "properties": { "pincode": "141418", "state": "Punjab", "district": "Ludhiana", "officename": "Rampur (Ludhiana)", "officetype": "S.O" }, "geometry": { "type": "Polygon", "coordinates": [ [ [ 75.788444137686895, 30.723220082341072 ], [ 75.783026191805448, 30.731557335502714 ], [ 75.795036053171486, 30.740900857188876 ], [ 75.859570298830249, 30.732116727305311 ], [ 75.889442388555494, 30.744854644726217 ], [ 75.914292638794393, 30.739227857379774 ], [ 75.927952024966032, 30.717271992408655 ], [ 75.922194729803095, 30.712545275344155 ], [ 75.913094516998456, 30.720818195503398 ], [ 75.893371728922318, 30.719237412176938 ], [ 75.887735602116379, 30.711391687976118 ], [ 75.8927895141249, 30.705693155414735 ], [ 75.876050121715821, 30.700158079132109 ], [ 75.846342044050175, 30.71475887292371 ], [ 75.844407203929507, 30.699679189243284 ], [ 75.829897643661411, 30.696128203553826 ], [ 75.813967348814231, 30.725124023554827 ], [ 75.788444137686895, 30.723220082341072 ] ] ] } },
{ "type": "Feature", "properties": { "pincode": "141419", "state": "Punjab", "district": "Ludhiana", "officename": "Ghudani Kalan", "officetype": "S.O" }, "geometry": { "type": "Polygon", "coordinates": [ [ [ 75.927952024966032, 30.717271992408655 ], [ 75.916829289939869, 30.728455941588606 ], [ 75.916882847265526, 30.748102268405034 ], [ 75.929203713980314, 30.75026357040764 ], [ 75.945036954891577, 30.727414021240179 ], [ 75.968176744960886, 30.732904756449443 ], [ 75.97840311850922, 30.75325157599957 ], [ 76.015093019927065, 30.732735679408222 ], [ 76.018737303084265, 30.719327909155766 ], [ 76.005249093870532, 30.720626134488668 ], [ 76.000545046916443, 30.707939337230755 ], [ 75.970966849340812, 30.697249955820894 ], [ 75.941463197468636, 30.704277296959731 ], [ 75.938838348910735, 30.721025258109421 ], [ 75.927952024966032, 30.717271992408655 ] ] ] } },
{ "type": "Feature", "properties": { "pincode": "141421", "state": "Punjab", "district": "Ludhiana", "officename": "Doraha (Ludhiana)", "officetype": "S.O" }, "geometry": { "type": "Polygon", "coordinates": [ [ [ 75.917411512831109, 30.748713813691609 ], [ 75.941449839838413, 30.778180532205909 ], [ 75.933253621957135, 30.785017746771587 ], [ 75.935096268078496, 30.795937334840232 ], [ 75.95025945021348, 30.803672528764366 ], [ 75.974175411865815, 30.802188195029316 ], [ 75.981274415481892, 30.793408257784847 ], [ 76.030891000219526, 30.844011000407477 ], [ 76.051665999586248, 30.850511999828939 ], [ 76.049872999639319, 30.842299999745308 ], [ 76.065612999740267, 30.837935999946581 ], [ 76.078629000128387, 30.817786999770192 ], [ 76.089828000362047, 30.816959000257839 ], [ 76.085738999755108, 30.837304999626156 ], [ 76.110291012320545, 30.873319523677139 ], [ 76.129827732464037, 30.861331405220312 ], [ 76.124384857375276, 30.851719153516171 ], [ 76.140914988336192, 30.842639618823398 ], [ 76.13038045489418, 30.821251389739928 ], [ 76.139036088744547, 30.805507507265759 ], [ 76.13105657150362, 30.797605193225138 ], [ 76.115024957236074, 30.797995114083392 ], [ 76.119883749635392, 30.780639745427948 ], [ 76.134909585509092, 30.771187488511885 ], [ 76.107291999926019, 30.762196000145423 ], [ 76.104751999705172, 30.751597999747958 ], [ 76.099266000325827, 30.767783999731876 ], [ 76.057257565884015, 30.766994403069305 ], [ 76.037805776815276, 30.741971457816589 ], [ 76.007296792613033, 30.759403322805213 ], [ 75.994232035480195, 30.747318352759919 ], [ 75.97336469642363, 30.751360690243644 ], [ 75.968176744960886, 30.732904756449443 ], [ 75.945036954891577, 30.727414021240179 ], [ 75.931220098328879, 30.748776699685095 ], [ 75.917411512831109, 30.748713813691609 ] ] ] } },
{ "type": "Feature", "properties": { "pincode": "141422", "state": "Punjab", "district": "Ludhiana", "officename": "Bopa Rai Kalan (Ludhiana)", "officetype": "S.O" }, "geometry": { "type": "Polygon", "coordinates": [ [ [ 75.634796651444447, 30.814132097418394 ], [ 75.634962533194539, 30.822894736203295 ], [ 75.659858999593212, 30.835238999680087 ], [ 75.677558998349127, 30.814713999251751 ], [ 75.675513517335048, 30.794662128554421 ], [ 75.657717807330982, 30.799280844235625 ], [ 75.650505397406221, 30.785121362161306 ], [ 75.619215762097895, 30.790127075904024 ], [ 75.61187696504993, 30.80392353764131 ], [ 75.634796651444447, 30.814132097418394 ] ] ] } },
{ "type": "Feature", "properties": { "pincode": "141801", "state": "Punjab", "district": "Fatehgarh Sahib", "officename": "Khamano Kalan", "officetype": "S.O" }, "geometry": { "type": "Polygon", "coordinates": [ [ [ 76.341615098458135, 30.755777878646256 ], [ 76.333497561363345, 30.774611781308806 ], [ 76.361371174939904, 30.782128483143083 ], [ 76.359473832951153, 30.800351725451833 ], [ 76.372578503795069, 30.806164864916582 ], [ 76.376678000389575, 30.83178499957819 ], [ 76.369880345201807, 30.843561201788191 ], [ 76.385305396426929, 30.853886331688955 ], [ 76.412751748394669, 30.84615828647577 ], [ 76.407018959757238, 30.832808282376391 ], [ 76.412402017339332, 30.818717013879279 ], [ 76.4379678167615, 30.816085674914063 ], [ 76.445952999731276, 30.759527000270964 ], [ 76.421806000446736, 30.760559000197929 ], [ 76.401038914214553, 30.795990410129434 ], [ 76.382112500091864, 30.786811073172601 ], [ 76.382201506894148, 30.771057770299933 ], [ 76.360405168164164, 30.770642934623879 ], [ 76.341615098458135, 30.755777878646256 ] ] ] } },
{ "type": "Feature", "properties": { "pincode": "142001", "state": "Punjab", "district": "Moga", "officename": "Moga", "officetype": "H.O" }, "geometry": { "type": "Polygon", "coordinates": [ [ [ 75.132054999038985, 30.847614698059942 ], [ 75.157444035813796, 30.836321362540957 ], [ 75.170211397937749, 30.839406917595284 ], [ 75.174662837919698, 30.832342332832582 ], [ 75.203214930624597, 30.834404370365633 ], [ 75.218395955309234, 30.822319355354011 ], [ 75.216875143273285, 30.795472747769338 ], [ 75.203010570481581, 30.802155956132594 ], [ 75.192549399235531, 30.7974471067987 ], [ 75.20127518290343, 30.78194703322913 ], [ 75.190579925323391, 30.773354145077917 ], [ 75.161979155014137, 30.788789359541283 ], [ 75.161560849753528, 30.804480753084533 ], [ 75.139038733850555, 30.787359434790233 ], [ 75.125048514977038, 30.806443661945593 ], [ 75.132054999038985, 30.847614698059942 ] ] ] } },
{ "type": "Feature", "properties": { "pincode": "142002", "state": "Punjab", "district": "Moga", "officename": "Purana Moga", "officetype": "S.O" }, "geometry": { "type": "Polygon", "coordinates": [ [ [ 75.161979155014137, 30.788789359541283 ], [ 75.211358057028747, 30.754518277396642 ], [ 75.196368664382533, 30.740657129223223 ], [ 75.199793475188869, 30.726410191677076 ], [ 75.217097010518785, 30.718423679509385 ], [ 75.211492799753103, 30.704154536802491 ], [ 75.197306201320202, 30.697949407139618 ], [ 75.147017826611489, 30.715756754370886 ], [ 75.124078382111804, 30.715298093832018 ], [ 75.125596019540865, 30.733702250958288 ], [ 75.116605095948557, 30.751572288130774 ], [ 75.098930679307387, 30.741822482421696 ], [ 75.066518656810729, 30.744118728596618 ], [ 75.05941836986193, 30.730405716750568 ], [ 75.022933261161086, 30.756978991587289 ], [ 75.014632162544444, 30.777037281645335 ], [ 75.02947051225442, 30.780994968643029 ], [ 75.035221566122573, 30.770069754415715 ], [ 75.045929314386456, 30.779683804763863 ], [ 75.067322232535105, 30.781350859154941 ], [ 75.07609458939379, 30.771555296839722 ], [ 75.08970650035468, 30.770700882439826 ], [ 75.108499693406202, 30.788821454546678 ], [ 75.132353482227529, 30.795569800805708 ], [ 75.139038733850555, 30.787359434790233 ], [ 75.161560849753528, 30.804480753084533 ], [ 75.161979155014137, 30.788789359541283 ] ] ] } },
{ "type": "Feature", "properties": { "pincode": "142003", "state": "Punjab", "district": "Moga", "officename": "Moga Kty", "officetype": "S.O" }, "geometry": { "type": "Polygon", "coordinates": [ [ [ 75.157444035813796, 30.836321362540957 ], [ 75.132182484234363, 30.84855830811955 ], [ 75.147633044729389, 30.869236760767876 ], [ 75.164345831594915, 30.873351864197275 ], [ 75.175958969630813, 30.862444536586224 ], [ 75.214504539353186, 30.856440223737536 ], [ 75.249464049826202, 30.866530522665471 ], [ 75.256153248573639, 30.841368929832356 ], [ 75.242394070030286, 30.829669067473617 ], [ 75.244467548738442, 30.810989416528457 ], [ 75.231319690651389, 30.824915636947082 ], [ 75.217489139212546, 30.823746847439054 ], [ 75.203214930624597, 30.834404370365633 ], [ 75.157444035813796, 30.836321362540957 ] ] ] } },
{ "type": "Feature", "properties": { "pincode": "142011", "state": "Punjab", "district": "Moga", "officename": "Dala", "officetype": "S.O" }, "geometry": { "type": "Polygon", "coordinates": [ [ [ 75.201163329724068, 30.78174432783851 ], [ 75.190098504742309, 30.794979821261904 ], [ 75.203010570481581, 30.802155956132594 ], [ 75.216875143273285, 30.795472747769338 ], [ 75.217489139212546, 30.823746847439054 ], [ 75.227820208236096, 30.826893070758786 ], [ 75.244467548738442, 30.810989416528457 ], [ 75.24879197836708, 30.822506023134622 ], [ 75.292125866016136, 30.823281210859307 ], [ 75.28027162513547, 30.796236233515458 ], [ 75.284255829542928, 30.789439648521068 ], [ 75.274180270503223, 30.784596365829714 ], [ 75.278966023563214, 30.778514388428391 ], [ 75.272374359888772, 30.762690128147028 ], [ 75.255821644253615, 30.762934245519034 ], [ 75.244064813440389, 30.752996001264478 ], [ 75.227312408740829, 30.761586915403825 ], [ 75.211358057028747, 30.754518277396642 ], [ 75.191368351068718, 30.774405159370531 ], [ 75.201163329724068, 30.78174432783851 ] ] ] } },
{ "type": "Feature", "properties": { "pincode": "142021", "state": "Punjab", "district": "Ludhiana", "officename": "Baddowal", "officetype": "S.O" }, "geometry": { "type": "Polygon", "coordinates": [ [ [ 75.72181024394763, 30.817615689712284 ], [ 75.713090406597132, 30.834103325008641 ], [ 75.737075214949186, 30.855254993723122 ], [ 75.72427624795057, 30.882853833837544 ], [ 75.76165946011605, 30.889620383274234 ], [ 75.776011360236339, 30.872637940988227 ], [ 75.774782756818922, 30.860551874669227 ], [ 75.754300576710307, 30.865430839761643 ], [ 75.74673807690084, 30.851054831515398 ], [ 75.759059858226067, 30.834026231525399 ], [ 75.742378183406572, 30.820469377959625 ], [ 75.735251164110082, 30.826793523002834 ], [ 75.733309214848418, 30.815806458801092 ], [ 75.72181024394763, 30.817615689712284 ] ] ] } },
{ "type": "Feature", "properties": { "pincode": "142022", "state": "Punjab", "district": "Ludhiana", "officename": "Lalton Kalan", "officetype": "S.O" }, "geometry": { "type": "Polygon", "coordinates": [ [ [ 75.786156501621406, 30.866542576278903 ], [ 75.805037944245782, 30.861853285400969 ], [ 75.798586290624996, 30.853292999472501 ], [ 75.810558897575106, 30.849701120710279 ], [ 75.790806951679542, 30.838804505823418 ], [ 75.804986145094688, 30.821819537341753 ], [ 75.78816167232344, 30.80664947809106 ], [ 75.788374893486662, 30.788430098370384 ], [ 75.76932184582671, 30.805202049834861 ], [ 75.766941549013382, 30.81887753207252 ], [ 75.778277780395399, 30.829104176316832 ], [ 75.758834682374925, 30.834524948767466 ], [ 75.74673807690084, 30.851054831515398 ], [ 75.754300576710307, 30.865430839761643 ], [ 75.767651848853802, 30.858040489077496 ], [ 75.786156501621406, 30.866542576278903 ] ] ] } },
{ "type": "Feature", "properties": { "pincode": "142023", "state": "Punjab", "district": "Ludhiana", "officename": "Mann", "officetype": "S.O" }, "geometry": { "type": "Polygon", "coordinates": [ [ [ 75.528469383255469, 30.798101565035438 ], [ 75.526667209324273, 30.812353713253287 ], [ 75.562921891931808, 30.827459855887696 ], [ 75.564140529961549, 30.851074557245056 ], [ 75.600883401447902, 30.834324485386674 ], [ 75.60135458774414, 30.841185600335223 ], [ 75.614868771177044, 30.845068488020331 ], [ 75.620826352554275, 30.833689296024374 ], [ 75.606278713192125, 30.812825768294601 ], [ 75.628511370603405, 30.785616587335767 ], [ 75.620825214911918, 30.768823873223198 ], [ 75.608041370013325, 30.772934015092858 ], [ 75.599878789474587, 30.765703242810446 ], [ 75.57937260016547, 30.775307215355838 ], [ 75.572652732737481, 30.792596196057843 ], [ 75.509773570593893, 30.790519474394216 ], [ 75.528469383255469, 30.798101565035438 ] ] ] } },
{ "type": "Feature", "properties": { "pincode": "142024", "state": "Punjab", "district": "Ludhiana", "officename": "Sidhwan Khurd", "officetype": "S.O" }, "geometry": { "type": "Polygon", "coordinates": [ [ [ 75.509982679157417, 30.853160847694994 ], [ 75.501724106782092, 30.866920090989595 ], [ 75.541015927643059, 30.890421376145525 ], [ 75.551935926701844, 30.878933608998921 ], [ 75.547357110342489, 30.854401243023119 ], [ 75.562379873232715, 30.846007927923665 ], [ 75.562921891931808, 30.827459855887696 ], [ 75.531013437620118, 30.814513209417214 ], [ 75.532106285676605, 30.846494871241475 ], [ 75.509982679157417, 30.853160847694994 ] ] ] } },
{ "type": "Feature", "properties": { "pincode": "142025", "state": "Punjab", "district": "Ludhiana", "officename": "Sowaddi", "officetype": "S.O" }, "geometry": { "type": "Polygon", "coordinates": [ [ [ 75.579800395072368, 30.894395761755163 ], [ 75.553980949960987, 30.927287558174271 ], [ 75.570990806280747, 30.954619205212339 ], [ 75.554983501587458, 30.954438660016308 ], [ 75.555367784595717, 30.97550066722215 ], [ 75.574538999575282, 30.977772000377684 ], [ 75.599781204938722, 30.969036848471887 ], [ 75.597637660949488, 30.898283484195474 ], [ 75.611377777462508, 30.894018452089881 ], [ 75.625485484667422, 30.90826637709182 ], [ 75.637900999631484, 30.901019999773155 ], [ 75.623168317563909, 30.871954297053321 ], [ 75.637481760874664, 30.857949019931482 ], [ 75.60135458774414, 30.841185600335223 ], [ 75.600883401447902, 30.834324485386674 ], [ 75.576721438343839, 30.840573289725683 ], [ 75.564549338381426, 30.851019370347728 ], [ 75.557510414873889, 30.886589232707081 ], [ 75.579800395072368, 30.894395761755163 ] ] ] } },
{ "type": "Feature", "properties": { "pincode": "142026", "state": "Punjab", "district": "Ludhiana", "officename": "Jagraon", "officetype": "H.O" }, "geometry": { "type": "Polygon", "coordinates": [ [ [ 75.423488320129991, 30.776095514296628 ], [ 75.406702738540559, 30.813544548742016 ], [ 75.432023336008228, 30.831331520033757 ], [ 75.464643083011993, 30.826768221476414 ], [ 75.464472936676771, 30.844527331771133 ], [ 75.474810677770677, 30.846349949990326 ], [ 75.489053406489575, 30.835712944196985 ], [ 75.508659320471338, 30.85408321846586 ], [ 75.532106285676605, 30.846494871241475 ], [ 75.53456221997061, 30.833192184971438 ], [ 75.525521793196276, 30.811094152473174 ], [ 75.528928091458226, 30.797661753387388 ], [ 75.509773570593893, 30.790519474394216 ], [ 75.572652732737481, 30.792596196057843 ], [ 75.585449642986816, 30.770022030992095 ], [ 75.564907562633948, 30.731847964911822 ], [ 75.551682577788938, 30.74590644952309 ], [ 75.519505064307339, 30.741705309752433 ], [ 75.510142446416921, 30.762025976118025 ], [ 75.49516793844964, 30.748554702937327 ], [ 75.492272948837694, 30.728017943873169 ], [ 75.476162727527992, 30.720334694790324 ], [ 75.455328803681425, 30.732846244758491 ], [ 75.456933914568481, 30.745099181182354 ], [ 75.443714033376068, 30.770695333622825 ], [ 75.423488320129991, 30.776095514296628 ] ] ] } },
{ "type": "Feature", "properties": { "pincode": "142027", "state": "Punjab", "district": "Ludhiana", "officename": "Ayali Kalan", "officetype": "S.O" }, "geometry": { "type": "Polygon", "coordinates": [ [ [ 75.730161402427029, 30.886181025933638 ], [ 75.705196156777447, 30.916440253115297 ], [ 75.717945971329641, 30.943091278839574 ], [ 75.726993763551377, 30.935037160136915 ], [ 75.750226374447834, 30.948342671177443 ], [ 75.755358694748111, 30.931404799292125 ], [ 75.769444369462235, 30.930816764082579 ], [ 75.768204013704349, 30.921451961738683 ], [ 75.778364165673736, 30.920374483995431 ], [ 75.779059830846677, 30.914308018100598 ], [ 75.764956974584834, 30.908928181890133 ], [ 75.777353893367547, 30.894743383900106 ], [ 75.730161402427029, 30.886181025933638 ] ] ] } },
{ "type": "Feature", "properties": { "pincode": "142028", "state": "Punjab", "district": "Ludhiana", "officename": "Threeke", "officetype": "S.O" }, "geometry": { "type": "Polygon", "coordinates": [ [ [ 75.774782756818922, 30.860551874669227 ], [ 75.773110954007507, 30.876490149201231 ], [ 75.782300643060296, 30.878775842730988 ], [ 75.786156501621406, 30.866542576278903 ], [ 75.774782756818922, 30.860551874669227 ] ] ] } },
{ "type": "Feature", "properties": { "pincode": "142029", "state": "Punjab", "district": "Ludhiana", "officename": "Jodhan", "officetype": "S.O" }, "geometry": { "type": "Polygon", "coordinates": [ [ [ 75.708619027746124, 30.786808021772913 ], [ 75.720375334254527, 30.807080554624065 ], [ 75.710494394800492, 30.811148254788179 ], [ 75.733309214848418, 30.815806458801092 ], [ 75.735251164110082, 30.826793523002834 ], [ 75.742378183406572, 30.820469377959625 ], [ 75.766587590245138, 30.835756714201125 ], [ 75.778277780395399, 30.829104176316832 ], [ 75.766941549013382, 30.81887753207252 ], [ 75.76932184582671, 30.805202049834861 ], [ 75.786968601120179, 30.78902746044912 ], [ 75.74105573393507, 30.790722692398447 ], [ 75.737414098382146, 30.778248997593209 ], [ 75.718377852755737, 30.771428630027401 ], [ 75.711808180203434, 30.771306566844714 ], [ 75.708619027746124, 30.786808021772913 ] ] ] } },
{ "type": "Feature", "properties": { "pincode": "142030", "state": "Punjab", "district": "Ludhiana", "officename": "Kamalpura", "officetype": "S.O" }, "geometry": { "type": "Polygon", "coordinates": [ [ [ 75.476162727527992, 30.720334694790324 ], [ 75.492272948837694, 30.728017943873169 ], [ 75.49516793844964, 30.748554702937327 ], [ 75.510142446416921, 30.762025976118025 ], [ 75.519505064307339, 30.741705309752433 ], [ 75.551682577788938, 30.74590644952309 ], [ 75.564907562633948, 30.731847964911822 ], [ 75.545682941414782, 30.694437009560431 ], [ 75.500410493149843, 30.697043290715385 ], [ 75.476162727527992, 30.720334694790324 ] ] ] } },
{ "type": "Feature", "properties": { "pincode": "142031", "state": "Punjab", "district": "Ludhiana", "officename": "Hathur", "officetype": "S.O" }, "geometry": { "type": "Polygon", "coordinates": [ [ [ 75.399413999556486, 30.591042999834599 ], [ 75.401641999778462, 30.616850000127442 ], [ 75.419851574190943, 30.63131381098367 ], [ 75.429094526491326, 30.650651630768209 ], [ 75.419548825518007, 30.662229866115581 ], [ 75.432470177656683, 30.666915685610491 ], [ 75.456618836190501, 30.654149089708824 ], [ 75.466993699499767, 30.638676777311503 ], [ 75.459461016712567, 30.627671794117987 ], [ 75.461288291621372, 30.611103975268293 ], [ 75.469162446090081, 30.607991852442183 ], [ 75.463927999677594, 30.600581999959502 ], [ 75.42757400043979, 30.583483000140404 ], [ 75.407996999661975, 30.58239899961427 ], [ 75.399413999556486, 30.591042999834599 ] ] ] } },
{ "type": "Feature", "properties": { "pincode": "142032", "state": "Punjab", "district": "Ludhiana", "officename": "Bassian", "officetype": "S.O" }, "geometry": { "type": "Polygon", "coordinates": [ [ [ 75.461288291621372, 30.611103975268293 ], [ 75.459461016712567, 30.627671794117987 ], [ 75.466993699499767, 30.638676777311503 ], [ 75.459975599794291, 30.640379636411069 ], [ 75.456859407535774, 30.655028689622441 ], [ 75.491982124275751, 30.660107509254317 ], [ 75.501719854787609, 30.642553779833179 ], [ 75.518209278835343, 30.637985025988257 ], [ 75.513408335326631, 30.63204815329965 ], [ 75.520935298425286, 30.620759016715397 ], [ 75.535697512430261, 30.616871439965053 ], [ 75.518165998062386, 30.59854299945988 ], [ 75.495254998219707, 30.598250999484208 ], [ 75.470015998039912, 30.60347899955633 ], [ 75.461288291621372, 30.611103975268293 ] ] ] } },
{ "type": "Feature", "properties": { "pincode": "142033", "state": "Punjab", "district": "Ludhiana", "officename": "Sidhwan Bet", "officetype": "S.O" }, "geometry": { "type": "Polygon", "coordinates": [ [ [ 75.36259499955969, 30.956895999950518 ], [ 75.365753000400616, 30.973185000187698 ], [ 75.355431000140584, 30.988898999988976 ], [ 75.409721000024149, 30.979470999587079 ], [ 75.421173000233807, 30.986605000320537 ], [ 75.494391999791048, 30.970570000105624 ], [ 75.563667000032183, 30.978457999637044 ], [ 75.555367784595717, 30.97550066722215 ], [ 75.553095392038927, 30.95907773724781 ], [ 75.559654816816476, 30.950815594564233 ], [ 75.570990806280747, 30.954619205212339 ], [ 75.55409399923866, 30.925463771735792 ], [ 75.557756053898913, 30.91281459491762 ], [ 75.579800395072368, 30.894395761755163 ], [ 75.557510414873889, 30.886589232707081 ], [ 75.564562651045605, 30.851220384113503 ], [ 75.547885364917704, 30.853263862337485 ], [ 75.551935926701844, 30.878933608998921 ], [ 75.536673416245264, 30.891843393158126 ], [ 75.501724106782092, 30.866920090989595 ], [ 75.506101475902426, 30.850458188894379 ], [ 75.494701798249423, 30.847280809461779 ], [ 75.489053406489575, 30.835712944196985 ], [ 75.474810677770677, 30.846349949990326 ], [ 75.464472936676771, 30.844527331771133 ], [ 75.463081737632081, 30.854889744866 ], [ 75.43995155322159, 30.868186211424529 ], [ 75.448485940473972, 30.874626354622649 ], [ 75.443640758414347, 30.884300819627242 ], [ 75.415446732580676, 30.883218791314221 ], [ 75.419977086273605, 30.865924771711036 ], [ 75.412341857391027, 30.859377316909729 ], [ 75.393171818724511, 30.864716690822718 ], [ 75.407150000172408, 30.893859999639403 ], [ 75.393355999879645, 30.909081000088236 ], [ 75.378119999638272, 30.911856000354248 ], [ 75.381362999902706, 30.92529699965678 ], [ 75.371238999780189, 30.929137999619172 ], [ 75.36259499955969, 30.956895999950518 ] ] ] } },
{ "type": "Feature", "properties": { "pincode": "142034", "state": "Punjab", "district": "Ludhiana", "officename": "Manuke", "officetype": "S.O" }, "geometry": { "type": "Polygon", "coordinates": [ [ [ 75.42709629315948, 30.666862925084047 ], [ 75.416895093433993, 30.706659280901022 ], [ 75.433858074390741, 30.723044316142364 ], [ 75.44211972334665, 30.71603846160582 ], [ 75.45564880494851, 30.732590530628613 ], [ 75.500410493149843, 30.697043290715385 ], [ 75.531618935865254, 30.694457758718727 ], [ 75.522540672813932, 30.671831059755732 ], [ 75.508803329810007, 30.664072768543576 ], [ 75.503033574539984, 30.671468873989397 ], [ 75.503231810299894, 30.642035115628062 ], [ 75.493911611631574, 30.659969585628005 ], [ 75.45188810994847, 30.6544566722377 ], [ 75.42709629315948, 30.666862925084047 ] ] ] } },
{ "type": "Feature", "properties": { "pincode": "142035", "state": "Punjab", "district": "Ludhiana", "officename": "Mallah", "officetype": "S.O" }, "geometry": { "type": "Polygon", "coordinates": [ [ [ 75.377852999916229, 30.622752999851116 ], [ 75.371139999711431, 30.7058750001313 ], [ 75.383254999918393, 30.710235999791678 ], [ 75.387206227085869, 30.721935554582274 ], [ 75.377220000402815, 30.730248999991488 ], [ 75.377884000446386, 30.748338999645114 ], [ 75.394836682367043, 30.810053555927027 ], [ 75.404294778581175, 30.81947689514277 ], [ 75.422956402616023, 30.776585266197173 ], [ 75.443714033376068, 30.770695333622825 ], [ 75.456925811676967, 30.736472140377089 ], [ 75.44211972334665, 30.71603846160582 ], [ 75.433858074390741, 30.723044316142364 ], [ 75.416895093433993, 30.706659280901022 ], [ 75.427180587514272, 30.666673750892926 ], [ 75.419548825518007, 30.662229866115581 ], [ 75.429094526491326, 30.650651630768209 ], [ 75.419851574190943, 30.63131381098367 ], [ 75.401641999778462, 30.616850000127442 ], [ 75.394997000011699, 30.626158000391513 ], [ 75.377852999916229, 30.622752999851116 ] ] ] } },
{ "type": "Feature", "properties": { "pincode": "142036", "state": "Punjab", "district": "Ludhiana", "officename": "Galib Kalan", "officetype": "S.O" }, "geometry": { "type": "Polygon", "coordinates": [ [ [ 75.376712004855278, 30.857504599257879 ], [ 75.392006737121221, 30.866057067379813 ], [ 75.412341857391027, 30.859377316909729 ], [ 75.419977086273605, 30.865924771711036 ], [ 75.415446732580676, 30.883218791314221 ], [ 75.443640758414347, 30.884300819627242 ], [ 75.448485940473972, 30.874626354622649 ], [ 75.43995155322159, 30.868186211424529 ], [ 75.463081737632081, 30.854889744866 ], [ 75.466232354139834, 30.829612823872935 ], [ 75.432620411203175, 30.831597416287934 ], [ 75.421575583546485, 30.817910759973699 ], [ 75.406702738540559, 30.813544548742016 ], [ 75.404294778581175, 30.81947689514277 ], [ 75.394836682367043, 30.810053555927027 ], [ 75.377823000331375, 30.820835000035345 ], [ 75.371384000171474, 30.839582000309122 ], [ 75.376712004855278, 30.857504599257879 ] ] ] } },
{ "type": "Feature", "properties": { "pincode": "142037", "state": "Punjab", "district": "Moga", "officename": "Badhni Kalan", "officetype": "S.O" }, "geometry": { "type": "Polygon", "coordinates": [ [ [ 75.225926884418186, 30.633442785955992 ], [ 75.226851515185331, 30.675798096105439 ], [ 75.234238622914233, 30.67730860550779 ], [ 75.204719339925589, 30.700540979882533 ], [ 75.228577769248773, 30.727261638314019 ], [ 75.244328484771927, 30.728054236913579 ], [ 75.265572975212706, 30.708948882884783 ], [ 75.307360225893888, 30.727836579394705 ], [ 75.325209673088011, 30.707782205884087 ], [ 75.32768057210086, 30.679839695245789 ], [ 75.313994217958907, 30.664941532525745 ], [ 75.314026732048148, 30.640883703720021 ], [ 75.288887311100666, 30.626292040745057 ], [ 75.265397838539513, 30.623229343759249 ], [ 75.255346681704168, 30.603719260635444 ], [ 75.249004527736815, 30.61162188584143 ], [ 75.253717553522279, 30.622771101405192 ], [ 75.225926884418186, 30.633442785955992 ] ] ] } },
{ "type": "Feature", "properties": { "pincode": "142038", "state": "Punjab", "district": "Moga", "officename": "Baghapurana", "officetype": "S.O" }, "geometry": { "type": "Polygon", "coordinates": [ [ [ 74.905951999885076, 30.701714999847468 ], [ 74.918879937759073, 30.7771660276901 ], [ 74.944226523835141, 30.790607202360491 ], [ 74.962012851212251, 30.773092771514371 ], [ 74.997182640266828, 30.791063859209885 ], [ 75.014632162544444, 30.777037281645335 ], [ 75.022933261161086, 30.756978991587289 ], [ 75.05941836986193, 30.730405716750568 ], [ 75.066518656810729, 30.744118728596618 ], [ 75.098930679307387, 30.741822482421696 ], [ 75.116605095948557, 30.751572288130774 ], [ 75.125596019540865, 30.733702250958288 ], [ 75.124757964708408, 30.705045166901073 ], [ 75.166728689677484, 30.692220781464073 ], [ 75.15729369255007, 30.669967094306003 ], [ 75.124264762109135, 30.670376755283144 ], [ 75.127056630059485, 30.661127527513315 ], [ 75.16222993816109, 30.658620286896792 ], [ 75.159394332582508, 30.647317567851474 ], [ 75.137447334926662, 30.633186817317835 ], [ 75.182066534542969, 30.615104129152371 ], [ 75.183115538851098, 30.590905803759995 ], [ 75.166296348697585, 30.573532075444973 ], [ 75.121697380230103, 30.594148199679921 ], [ 75.129595239928449, 30.598797754013333 ], [ 75.125110701297842, 30.619022706432816 ], [ 75.089429662049326, 30.611519432375985 ], [ 75.074017784093598, 30.618816032334166 ], [ 75.069027250907084, 30.634031878768383 ], [ 75.033301330991719, 30.628176136619572 ], [ 75.029630366748165, 30.639401847617307 ], [ 75.066240770794991, 30.690615736227301 ], [ 74.972925981249091, 30.711170791998541 ], [ 74.958232324362314, 30.67547224834567 ], [ 74.923911999838992, 30.677322000010406 ], [ 74.922676000397189, 30.686049999607917 ], [ 74.914993000426705, 30.680017000184534 ], [ 74.905951999885076, 30.701714999847468 ] ] ] } },
{ "type": "Feature", "properties": { "pincode": "142039", "state": "Punjab", "district": "Moga", "officename": "Bilaspur (Moga)", "officetype": "S.O" }, "geometry": { "type": "Polygon", "coordinates": [ [ [ 75.288887311100666, 30.626292040745057 ], [ 75.314026732048148, 30.640883703720021 ], [ 75.313994217958907, 30.664941532525745 ], [ 75.32768057210086, 30.679839695245789 ], [ 75.325209673088011, 30.707782205884087 ], [ 75.338159962712325, 30.710690633166223 ], [ 75.341972205952686, 30.696693006577163 ], [ 75.352270375977128, 30.691459815618032 ], [ 75.372541928567273, 30.69473664028385 ], [ 75.381476999763834, 30.663588999832484 ], [ 75.373519999748112, 30.648932000211687 ], [ 75.377852999916229, 30.622752999851116 ], [ 75.394997000011699, 30.626158000391513 ], [ 75.40436600039078, 30.612824999773977 ], [ 75.399413999556486, 30.591042999834599 ], [ 75.407996999661975, 30.58239899961427 ], [ 75.410034000069061, 30.56010200020728 ], [ 75.421439999956078, 30.550929999919674 ], [ 75.415184000141721, 30.540951000188613 ], [ 75.364204000014524, 30.514459999829228 ], [ 75.339721999670587, 30.516258000006928 ], [ 75.328735000220092, 30.535278000279618 ], [ 75.31470499983601, 30.534583999751817 ], [ 75.312233002750929, 30.559009145855384 ], [ 75.341516831536637, 30.569247133248723 ], [ 75.353168135900773, 30.595800255177835 ], [ 75.295123389133323, 30.618093802087344 ], [ 75.288887311100666, 30.626292040745057 ] ] ] } },
{ "type": "Feature", "properties": { "pincode": "142040", "state": "Punjab", "district": "Moga", "officename": "Butter", "officetype": "S.O" }, "geometry": { "type": "Polygon", "coordinates": [ [ [ 75.199816569778932, 30.743295695140432 ], [ 75.221621300083086, 30.761272525906463 ], [ 75.244064813440389, 30.752996001264478 ], [ 75.257969958246974, 30.763364713210933 ], [ 75.30953173610078, 30.751200487712424 ], [ 75.313411406011767, 30.738715690776587 ], [ 75.30884432130847, 30.72557799233067 ], [ 75.265572975212706, 30.708948882884783 ], [ 75.244328484771927, 30.728054236913579 ], [ 75.217097010518785, 30.718423679509385 ], [ 75.202669602420315, 30.723570256762116 ], [ 75.199816569778932, 30.743295695140432 ] ] ] } },
{ "type": "Feature", "properties": { "pincode": "142041", "state": "Punjab", "district": "Moga", "officename": "Bhinder (Firozpur)", "officetype": "S.O" }, "geometry": { "type": "Polygon", "coordinates": [ [ [ 75.252069101607788, 30.861764856862692 ], [ 75.249277078974046, 30.871688331551411 ], [ 75.272385807359285, 30.887336588213088 ], [ 75.290334440782033, 30.917440437726157 ], [ 75.297811086812317, 30.906074222047835 ], [ 75.333237439856134, 30.911178764988165 ], [ 75.358486411718729, 30.891023218646694 ], [ 75.396978919641526, 30.904079072491129 ], [ 75.407150000172408, 30.893859999639403 ], [ 75.398284999653129, 30.870865000419428 ], [ 75.373984999608069, 30.856576999828803 ], [ 75.335986424533871, 30.871658964189919 ], [ 75.31533698581336, 30.871890727575078 ], [ 75.297369865027349, 30.860094443503783 ], [ 75.275566177936867, 30.866064574920188 ], [ 75.252069101607788, 30.861764856862692 ] ] ] } },
{ "type": "Feature", "properties": { "pincode": "142042", "state": "Punjab", "district": "Moga", "officename": "Dharamkot", "officetype": "S.O" }, "geometry": { "type": "Polygon", "coordinates": [ [ [ 75.091631524375543, 31.038581573381009 ], [ 75.104879519274505, 31.05318639073937 ], [ 75.089107379202346, 31.06133899959525 ], [ 75.08702061301102, 31.066449479859671 ], [ 75.104322709425617, 31.064735810009722 ], [ 75.093095321192266, 31.081394827309566 ], [ 75.10639977193199, 31.074220395754764 ], [ 75.128292948760588, 31.077044037652342 ], [ 75.132651999590166, 31.097000000149933 ], [ 75.15397599999244, 31.081966000230807 ], [ 75.17092900027319, 31.093749999562874 ], [ 75.174751000258482, 31.079049999757729 ], [ 75.194556999905785, 31.079345999918132 ], [ 75.211743850898131, 31.068587947176127 ], [ 75.207313896619155, 31.049507222880095 ], [ 75.230422544964597, 31.030450755098343 ], [ 75.24115000007248, 31.046146000437659 ], [ 75.283020000073066, 31.042187000429863 ], [ 75.295151000118665, 31.034057999676975 ], [ 75.297302000387049, 31.01462400009774 ], [ 75.309196000295231, 31.015347000163956 ], [ 75.306325280687247, 30.996202218058045 ], [ 75.320005701102389, 30.993184547429109 ], [ 75.323263323443712, 30.984777246972385 ], [ 75.308918093595253, 30.976980467474618 ], [ 75.316055070185428, 30.970121638602848 ], [ 75.306896044416987, 30.958870859002957 ], [ 75.28289254005881, 30.95139316166518 ], [ 75.288909871493331, 30.945921751987328 ], [ 75.276728771115927, 30.938847387996532 ], [ 75.29970477665421, 30.92257580313094 ], [ 75.271093663242084, 30.894338943487526 ], [ 75.272385807359285, 30.887336588213088 ], [ 75.255655463029314, 30.880789884345688 ], [ 75.250609044172108, 30.865001649106887 ], [ 75.214504539353186, 30.856440223737536 ], [ 75.175958969630813, 30.862444536586224 ], [ 75.171767978709227, 30.869944011906796 ], [ 75.179961053459976, 30.883997784969779 ], [ 75.189327191297025, 30.885606771035782 ], [ 75.193073011510307, 30.900879076907984 ], [ 75.168196186305011, 30.917389086437424 ], [ 75.169990011829725, 30.939243157146109 ], [ 75.163865192524668, 30.936496080829613 ], [ 75.165225425213293, 30.951142361430925 ], [ 75.178643337120548, 30.964389626979823 ], [ 75.161973866101221, 30.977468391053492 ], [ 75.164412331963661, 30.993523635907081 ], [ 75.15477673475857, 31.006182459752779 ], [ 75.163301894067217, 31.011787872912237 ], [ 75.167117373068379, 31.024661400003822 ], [ 75.158290403079832, 31.027415331852069 ], [ 75.169701362727778, 31.043987957578224 ], [ 75.152657276412128, 31.048268462519673 ], [ 75.136777872401069, 31.03876426076215 ], [ 75.103710350252641, 31.037909014489571 ], [ 75.091631524375543, 31.038581573381009 ] ] ] } },
{ "type": "Feature", "properties": { "pincode": "142043", "state": "Punjab", "district": "Firozpur, Moga", "officename": "Kot Ise Khan", "officetype": "S.O" }, "geometry": { "type": "Polygon", "coordinates": [ [ [ 75.027821056696325, 31.01259253771542 ], [ 75.063598594999348, 31.063724990915716 ], [ 75.092641546670166, 31.045912549924367 ], [ 75.091631524375543, 31.038581573381009 ], [ 75.136777872401069, 31.03876426076215 ], [ 75.152657276412128, 31.048268462519673 ], [ 75.169701362727778, 31.043987957578224 ], [ 75.158290403079832, 31.027415331852069 ], [ 75.167117373068379, 31.024661400003822 ], [ 75.163301894067217, 31.011787872912237 ], [ 75.15477673475857, 31.006182459752779 ], [ 75.164412331963661, 30.993523635907081 ], [ 75.161973866101221, 30.977468391053492 ], [ 75.178643337120548, 30.964389626979823 ], [ 75.165225425213293, 30.951142361430925 ], [ 75.163865192524668, 30.936496080829613 ], [ 75.169990011829725, 30.939243157146109 ], [ 75.168196186305011, 30.917389086437424 ], [ 75.193073011510307, 30.900879076907984 ], [ 75.189327191297025, 30.885606771035782 ], [ 75.179961053459976, 30.883997784969779 ], [ 75.170938743528268, 30.867060643334071 ], [ 75.160613576755168, 30.872061558294433 ], [ 75.153713445619189, 30.909625769813601 ], [ 75.145124533370733, 30.905861847146696 ], [ 75.143115934452965, 30.912173907100339 ], [ 75.118498041151838, 30.916710485900239 ], [ 75.10740788766401, 30.904370760402287 ], [ 75.086089338951922, 30.912246993204292 ], [ 75.094387576825284, 30.930657546308908 ], [ 75.080629015217028, 30.955509683325261 ], [ 75.100365653752078, 30.968443942534009 ], [ 75.098133937531372, 30.98452308507251 ], [ 75.064628230608491, 31.00305004282535 ], [ 75.052457575856579, 30.998015653299831 ], [ 75.031364683233619, 31.004316647995097 ], [ 75.027821056696325, 31.01259253771542 ] ] ] } },
{ "type": "Feature", "properties": { "pincode": "142044", "state": "Punjab", "district": "Firozpur", "officename": "Makhu", "officetype": "S.O" }, "geometry": { "type": "Polygon", "coordinates": [ [ [ 74.812906508728418, 31.11869000843717 ], [ 74.810386999560365, 31.133862000331078 ], [ 74.850319000121829, 31.134238999730087 ], [ 74.896851000173569, 31.160656000274287 ], [ 74.914719000381695, 31.155874000085021 ], [ 74.921370999572105, 31.161224000387392 ], [ 75.008324000252514, 31.119837000177483 ], [ 75.014647999605529, 31.128222000145286 ], [ 75.007469000394224, 31.144755999989513 ], [ 75.039116000203421, 31.161813999716401 ], [ 75.074088999607795, 31.144362999852547 ], [ 75.08330382561121, 31.15198014336903 ], [ 75.080808132289519, 31.133815828237914 ], [ 75.122548044456835, 31.124068062191498 ], [ 75.136531388013111, 31.102987989404426 ], [ 75.128292948760588, 31.077044037652342 ], [ 75.10639977193199, 31.074220395754764 ], [ 75.093095321192266, 31.081394827309566 ], [ 75.104322709425617, 31.064735810009722 ], [ 75.08702061301102, 31.066449479859671 ], [ 75.104707821608827, 31.049137590727298 ], [ 75.08519500724384, 31.045515040586736 ], [ 75.063598594999348, 31.063724990915716 ], [ 75.036096755760866, 31.026029633061171 ], [ 75.00886319867783, 31.036008702040135 ], [ 74.994768344583633, 31.018925065339488 ], [ 74.969881718566626, 31.020176485456545 ], [ 74.966514577685643, 31.030272291832887 ], [ 74.940382412218526, 31.042033189380277 ], [ 74.947310323412808, 31.051875269128402 ], [ 74.921222695970698, 31.060023217697449 ], [ 74.924444286974449, 31.076330800626067 ], [ 74.905608412997992, 31.081276972054809 ], [ 74.892776413001172, 31.070857387258741 ], [ 74.868092929445197, 31.094361360488506 ], [ 74.855959102830468, 31.092133709203381 ], [ 74.842046904641052, 31.104874125840411 ], [ 74.827791502675893, 31.102675324806569 ], [ 74.812906508728418, 31.11869000843717 ] ] ] } },
{ "type": "Feature", "properties": { "pincode": "142045", "state": "Punjab", "district": "Moga", "officename": "Manoke", "officetype": "S.O" }, "geometry": { "type": "Polygon", "coordinates": [ [ [ 75.166296348697585, 30.573532075444973 ], [ 75.185558712664601, 30.596680118592701 ], [ 75.18258313120657, 30.614401124612243 ], [ 75.1637447526183, 30.627419749222099 ], [ 75.168125410559355, 30.635576907748145 ], [ 75.187254530972041, 30.64832622047868 ], [ 75.227064557383642, 30.641811902996949 ], [ 75.187379018726915, 30.599613790743945 ], [ 75.219677827369992, 30.593051235426287 ], [ 75.208921015692511, 30.570888402278001 ], [ 75.218576460035592, 30.547850831850326 ], [ 75.199519326755649, 30.539209169867377 ], [ 75.210045000076832, 30.515526000424529 ], [ 75.204994000073157, 30.506630000274527 ], [ 75.184020999669428, 30.508654000082117 ], [ 75.178802000012467, 30.553764000208503 ], [ 75.166296348697585, 30.573532075444973 ] ] ] } },
{ "type": "Feature", "properties": { "pincode": "142046", "state": "Punjab", "district": "Moga", "officename": "Patto Hira Singh", "officetype": "S.O" }, "geometry": { "type": "Polygon", "coordinates": [ [ [ 75.187379018726915, 30.599613790743945 ], [ 75.224701147140308, 30.636248246259697 ], [ 75.254376651361326, 30.622040235868383 ], [ 75.250184669387181, 30.60677743852807 ], [ 75.266183363971265, 30.596654131782827 ], [ 75.26006246930757, 30.566043415371439 ], [ 75.243294982077828, 30.559916705691535 ], [ 75.234241936915907, 30.530289667734223 ], [ 75.259865717428966, 30.536299470044582 ], [ 75.258514000420973, 30.517476999563883 ], [ 75.221717999686064, 30.508499000128779 ], [ 75.210045000076832, 30.515526000424529 ], [ 75.199519326755649, 30.539209169867377 ], [ 75.218576460035592, 30.547850831850326 ], [ 75.208921015692511, 30.570888402278001 ], [ 75.219677827369992, 30.593051235426287 ], [ 75.187379018726915, 30.599613790743945 ] ] ] } },
{ "type": "Feature", "properties": { "pincode": "142047", "state": "Punjab", "district": "Firozpur", "officename": "Zira", "officetype": "S.O" }, "geometry": { "type": "Polygon", "coordinates": [ [ [ 74.873463187876041, 31.033019703596551 ], [ 74.884761780831695, 31.04676599035821 ], [ 74.87576174440909, 31.05946719385588 ], [ 74.892425696288967, 31.063300317555729 ], [ 74.903654517142343, 31.08090007248046 ], [ 74.924444286974449, 31.076330800626067 ], [ 74.921222695970698, 31.060023217697449 ], [ 74.947310323412808, 31.051875269128402 ], [ 74.940382412218526, 31.042033189380277 ], [ 74.966514577685643, 31.030272291832887 ], [ 74.969881718566626, 31.020176485456545 ], [ 74.994768344583633, 31.018925065339488 ], [ 75.010281833340002, 31.036174733077587 ], [ 75.036695844537689, 31.027428872944256 ], [ 75.028231009053911, 31.009094601234892 ], [ 75.052457575856579, 30.998015653299831 ], [ 75.064628230608491, 31.00305004282535 ], [ 75.065902252487035, 30.969723977279784 ], [ 75.055001684180411, 30.962825733820637 ], [ 75.032217225244835, 30.969809965057891 ], [ 75.022078766721791, 30.926056777498331 ], [ 75.009466860507302, 30.908501198171905 ], [ 74.987510666384253, 30.910032186936121 ], [ 74.990782606831885, 30.949121683718829 ], [ 74.947488451231038, 30.947125798516822 ], [ 74.931654114945502, 30.962057056288188 ], [ 74.909025799001483, 30.953815620494481 ], [ 74.885876643392521, 30.963063778070932 ], [ 74.900350818035918, 30.980788750100942 ], [ 74.888047360397422, 30.996278253039009 ], [ 74.869275695317128, 30.999370486458929 ], [ 74.880625613481357, 31.0154191482751 ], [ 74.873463187876041, 31.033019703596551 ] ] ] } },
{ "type": "Feature", "properties": { "pincode": "142048", "state": "Punjab", "district": "Moga", "officename": "Ghall Kalan", "officetype": "S.O" }, "geometry": { "type": "Polygon", "coordinates": [ [ [ 74.913068654494907, 30.750258542298127 ], [ 74.909805000400524, 30.755650999594138 ], [ 74.91259000022842, 30.771496000040429 ], [ 74.930138000068837, 30.787641999978348 ], [ 74.929931999562257, 30.80262200010543 ], [ 74.949600000040107, 30.829408999725672 ], [ 74.945313000195029, 30.87703099968104 ], [ 74.955169999695727, 30.891256000064516 ], [ 74.999611000447487, 30.902493000251923 ], [ 75.032463000067537, 30.894854999658492 ], [ 75.039456710159129, 30.881933742848048 ], [ 75.093944627442681, 30.871472508649504 ], [ 75.138719988037167, 30.879880443128059 ], [ 75.146428838120471, 30.870435058830992 ], [ 75.132182484234363, 30.84855830811955 ], [ 75.125048514977038, 30.806443661945593 ], [ 75.132353482227529, 30.795569800805708 ], [ 75.106993672520048, 30.788034357999436 ], [ 75.08970650035468, 30.770700882439826 ], [ 75.063104053309587, 30.781371565145832 ], [ 75.035221566122573, 30.770069754415715 ], [ 75.02947051225442, 30.780994968643029 ], [ 75.014110968546447, 30.776928076969284 ], [ 74.997182640266828, 30.791063859209885 ], [ 74.962012851212251, 30.773092771514371 ], [ 74.944226523835141, 30.790607202360491 ], [ 74.918879937759073, 30.7771660276901 ], [ 74.913068654494907, 30.750258542298127 ] ] ] } },
{ "type": "Feature", "properties": { "pincode": "142049", "state": "Punjab", "district": "Moga", "officename": "Guru Teg Bahadur Garh", "officetype": "S.O" }, "geometry": { "type": "Polygon", "coordinates": [ [ [ 74.954441162130138, 30.577854547249615 ], [ 74.955414000156111, 30.674294999814492 ], [ 74.972925981249091, 30.711170791998541 ], [ 75.066240770794991, 30.690615736227301 ], [ 75.029630366748165, 30.639401847617307 ], [ 75.033301330991719, 30.628176136619572 ], [ 75.069027250907084, 30.634031878768383 ], [ 75.074017784093598, 30.618816032334166 ], [ 75.098855601205116, 30.612069325538982 ], [ 75.092839421802069, 30.594617357105392 ], [ 75.081575290867079, 30.599602450292878 ], [ 75.077425675954373, 30.594503681000219 ], [ 75.076522529990882, 30.562187298704885 ], [ 75.070807998490409, 30.55934724507938 ], [ 75.061012946090841, 30.582414928406422 ], [ 75.047637833819067, 30.582885629068699 ], [ 75.05234671283057, 30.561450301590185 ], [ 75.069527252380908, 30.557902173946218 ], [ 75.088665315651781, 30.527372441485227 ], [ 75.053870999846822, 30.499053999842374 ], [ 75.035323999802813, 30.503852999916148 ], [ 75.020614999582676, 30.490079999692284 ], [ 74.99977900010083, 30.487975999792639 ], [ 74.991684000016676, 30.496761000220033 ], [ 74.99710099981138, 30.534057999776905 ], [ 74.991797999877974, 30.543225999880178 ], [ 74.979301000041232, 30.542742000043347 ], [ 74.945839000169826, 30.569780000446713 ], [ 74.954441162130138, 30.577854547249615 ] ] ] } },
{ "type": "Feature", "properties": { "pincode": "142050", "state": "Punjab", "district": "Firozpur", "officename": "Talwandi Bhai", "officetype": "S.O" }, "geometry": { "type": "Polygon", "coordinates": [ [ [ 74.83678400008165, 30.908002999838629 ], [ 74.861000234573282, 30.948791453562933 ], [ 74.872590251938675, 30.948740654457708 ], [ 74.885876643392521, 30.963063778070932 ], [ 74.909025799001483, 30.953815620494481 ], [ 74.931654114945502, 30.962057056288188 ], [ 74.947488451231038, 30.947125798516822 ], [ 74.990782606831885, 30.949121683718829 ], [ 74.987510666384253, 30.910032186936121 ], [ 75.009466860507302, 30.908501198171905 ], [ 75.007216915928041, 30.900724645326306 ], [ 74.955169999695727, 30.891256000064516 ], [ 74.945313000195029, 30.87703099968104 ], [ 74.947693000231709, 30.846354999683626 ], [ 74.918832699069867, 30.848892578929508 ], [ 74.884443083581573, 30.826807268240998 ], [ 74.861168833175157, 30.841982443734821 ], [ 74.88159787144474, 30.854337721208992 ], [ 74.873304203926125, 30.866444749825462 ], [ 74.863987047664182, 30.863682575690348 ], [ 74.847638769513708, 30.873859898415731 ], [ 74.853158130143584, 30.888554611106485 ], [ 74.83704915709302, 30.893423693548755 ], [ 74.83678400008165, 30.908002999838629 ] ] ] } },
{ "type": "Feature", "properties": { "pincode": "142052", "state": "Punjab", "district": "Firozpur", "officename": "Ferozeshah", "officetype": "S.O" }, "geometry": { "type": "Polygon", "coordinates": [ [ [ 74.693441766024819, 30.826134391888672 ], [ 74.696002546880095, 30.865572101671205 ], [ 74.716579675611683, 30.884275308558756 ], [ 74.703639453897779, 30.890723995316137 ], [ 74.705206743796339, 30.900212262885645 ], [ 74.718812008767316, 30.898216249080747 ], [ 74.721476713479717, 30.90628714643475 ], [ 74.754151715729222, 30.923503416949188 ], [ 74.792766585409709, 30.902107684821885 ], [ 74.808622179869815, 30.915372104938626 ], [ 74.805691064491157, 30.926006523382455 ], [ 74.822328721093584, 30.936866219300612 ], [ 74.819298000402512, 30.950335999606864 ], [ 74.838868821039284, 30.953912665437201 ], [ 74.847870641716781, 30.967652752272784 ], [ 74.85709162178108, 30.965489134516019 ], [ 74.859385439786308, 30.979700082992508 ], [ 74.841126741705921, 30.969905530615847 ], [ 74.832582309026463, 30.979338807340241 ], [ 74.814856329755912, 30.969567544706592 ], [ 74.798186999930294, 30.991756000439239 ], [ 74.792571999997904, 31.016921999950398 ], [ 74.797886302610777, 31.022239604873903 ], [ 74.829111519481103, 31.012227945363577 ], [ 74.848537438651931, 31.030808859741171 ], [ 74.873463187876041, 31.033019703596551 ], [ 74.880625613481357, 31.0154191482751 ], [ 74.869275695317128, 30.999370486458929 ], [ 74.888047360397422, 30.996278253039009 ], [ 74.900306809711481, 30.97923889356008 ], [ 74.872590251938675, 30.948740654457708 ], [ 74.861000234573282, 30.948791453562933 ], [ 74.84419300000701, 30.91343100014069 ], [ 74.833332811260334, 30.907709322627227 ], [ 74.83704915709302, 30.893423693548755 ], [ 74.853158130143584, 30.888554611106485 ], [ 74.847638769513708, 30.873859898415731 ], [ 74.863987047664182, 30.863682575690348 ], [ 74.873304203926125, 30.866444749825462 ], [ 74.88159787144474, 30.854337721208992 ], [ 74.861168833175157, 30.841982443734821 ], [ 74.866364270594829, 30.838665498514104 ], [ 74.86127415277997, 30.82730529480358 ], [ 74.853553651979496, 30.828658380579782 ], [ 74.840092881081773, 30.813452793611589 ], [ 74.843668027957222, 30.801017948619517 ], [ 74.830952719492586, 30.804285179317731 ], [ 74.80704500012672, 30.785293999618318 ], [ 74.784508000443907, 30.791888999777484 ], [ 74.771461000424893, 30.812127999607469 ], [ 74.69892900017328, 30.822955999819669 ], [ 74.693441766024819, 30.826134391888672 ] ] ] } },
{ "type": "Feature", "properties": { "pincode": "142053", "state": "Punjab", "district": "Moga", "officename": "Dhudike", "officetype": "S.O" }, "geometry": { "type": "Polygon", "coordinates": [ [ [ 75.284255829542928, 30.789439648521068 ], [ 75.292125866016136, 30.823281210859307 ], [ 75.318361213399385, 30.819489977580531 ], [ 75.371481876087898, 30.839297094185667 ], [ 75.377823000331375, 30.820835000035345 ], [ 75.397125000118649, 30.803859999639428 ], [ 75.377884000446386, 30.748338999645114 ], [ 75.377220000402815, 30.730248999991488 ], [ 75.38662000041262, 30.715888999677702 ], [ 75.372580999613604, 30.709107999934247 ], [ 75.372541928567273, 30.69473664028385 ], [ 75.344504270555831, 30.693881126912629 ], [ 75.338159962712325, 30.710690633166223 ], [ 75.325209673088011, 30.707782205884087 ], [ 75.312428872394662, 30.719373162141835 ], [ 75.30953173610078, 30.751200487712424 ], [ 75.275025934499467, 30.755558306470732 ], [ 75.274180270503223, 30.784596365829714 ], [ 75.284255829542928, 30.789439648521068 ] ] ] } },
{ "type": "Feature", "properties": { "pincode": "142054", "state": "Punjab", "district": "Moga", "officename": "Kokri Kalan", "officetype": "S.O" }, "geometry": { "type": "Polygon", "coordinates": [ [ [ 75.256153248573639, 30.841368929832356 ], [ 75.252069101607788, 30.861764856862692 ], [ 75.275566177936867, 30.866064574920188 ], [ 75.298039934595522, 30.860180710971235 ], [ 75.31533698581336, 30.871890727575078 ], [ 75.357755216130386, 30.868360713176457 ], [ 75.373984999608069, 30.856576999828803 ], [ 75.371481876087898, 30.839297094185667 ], [ 75.318361213399385, 30.819489977580531 ], [ 75.248092652953687, 30.821066043063581 ], [ 75.242394070030286, 30.829669067473617 ], [ 75.256153248573639, 30.841368929832356 ] ] ] } },
{ "type": "Feature", "properties": { "pincode": "142055", "state": "Punjab", "district": "Moga", "officename": "Nihal Singh Wala", "officetype": "S.O" }, "geometry": { "type": "Polygon", "coordinates": [ [ [ 75.234241936915907, 30.530289667734223 ], [ 75.245397665369978, 30.561801661317645 ], [ 75.26006246930757, 30.566043415371439 ], [ 75.266183363971265, 30.596654131782827 ], [ 75.255346681704168, 30.603719260635444 ], [ 75.265397838539513, 30.623229343759249 ], [ 75.288887311100666, 30.626292040745057 ], [ 75.318974253359329, 30.605020094002327 ], [ 75.352555480850924, 30.598058191132679 ], [ 75.341516831536637, 30.569247133248723 ], [ 75.312233002750929, 30.559009145855384 ], [ 75.31470499983601, 30.534583999751817 ], [ 75.294166999707329, 30.509562999732736 ], [ 75.282309999706854, 30.507509000340121 ], [ 75.260490000713048, 30.5203689998296 ], [ 75.259865717428966, 30.536299470044582 ], [ 75.234241936915907, 30.530289667734223 ] ] ] } },
{ "type": "Feature", "properties": { "pincode": "142056", "state": "Punjab", "district": "Moga", "officename": "Gholia Khurd", "officetype": "S.O" }, "geometry": { "type": "Polygon", "coordinates": [ [ [ 75.159973580516407, 30.648372650677345 ], [ 75.160308123820926, 30.66217783673784 ], [ 75.127056630059485, 30.661127527513315 ], [ 75.124264762109135, 30.670376755283144 ], [ 75.15729369255007, 30.669967094306003 ], [ 75.166728689677484, 30.692220781464073 ], [ 75.124757964708408, 30.705045166901073 ], [ 75.124078382111804, 30.715298093832018 ], [ 75.204719339925589, 30.700540979882533 ], [ 75.234238622914233, 30.67730860550779 ], [ 75.226851515185331, 30.675798096105439 ], [ 75.232507780509707, 30.654681032403857 ], [ 75.227064557383642, 30.641811902996949 ], [ 75.187254530972041, 30.64832622047868 ], [ 75.163556311374691, 30.627903062876044 ], [ 75.139495195546942, 30.629814351551147 ], [ 75.159973580516407, 30.648372650677345 ] ] ] } },
{ "type": "Feature", "properties": { "pincode": "142057", "state": "Punjab", "district": "Moga", "officename": "Samadh Bhai", "officetype": "S.O" }, "geometry": { "type": "Polygon", "coordinates": [ [ [ 75.068359528569374, 30.556245926708186 ], [ 75.05234671283057, 30.561450301590185 ], [ 75.047637833819067, 30.582885629068699 ], [ 75.061012946090841, 30.582414928406422 ], [ 75.070807998490409, 30.55934724507938 ], [ 75.076522529990882, 30.562187298704885 ], [ 75.077425675954373, 30.594503681000219 ], [ 75.081575290867079, 30.599602450292878 ], [ 75.092839421802069, 30.594617357105392 ], [ 75.107881983267134, 30.619018588437086 ], [ 75.125110701297842, 30.619022706432816 ], [ 75.129595239928449, 30.598797754013333 ], [ 75.121697380230103, 30.594148199679921 ], [ 75.15182755110078, 30.580338918106577 ], [ 75.140198000437465, 30.578895999950589 ], [ 75.122971000111704, 30.561927999877526 ], [ 75.129898000292599, 30.522352000444528 ], [ 75.088665315651781, 30.527372441485227 ], [ 75.068359528569374, 30.556245926708186 ] ] ] } },
{ "type": "Feature", "properties": { "pincode": "142058", "state": "Punjab", "district": "Moga", "officename": "Kishanpura (Moga)", "officetype": "S.O" }, "geometry": { "type": "Polygon", "coordinates": [ [ [ 75.288461472219183, 30.945407226462407 ], [ 75.28289254005881, 30.95139316166518 ], [ 75.306896044416987, 30.958870859002957 ], [ 75.316055070185428, 30.970121638602848 ], [ 75.308918093595253, 30.976980467474618 ], [ 75.323263323443712, 30.984777246972385 ], [ 75.320005701102389, 30.993184547429109 ], [ 75.306325280687247, 30.996202218058045 ], [ 75.306739190961082, 31.001318560103527 ], [ 75.355431000140584, 30.988898999988976 ], [ 75.365753000400616, 30.973185000187698 ], [ 75.365829000308167, 30.940728999943531 ], [ 75.381362999902706, 30.92529699965678 ], [ 75.378119999638272, 30.911856000354248 ], [ 75.396978919641526, 30.904079072491129 ], [ 75.358486411718729, 30.891023218646694 ], [ 75.333237439856134, 30.911178764988165 ], [ 75.294440063558341, 30.907353545429828 ], [ 75.290334440782033, 30.917440437726157 ], [ 75.29970477665421, 30.92257580313094 ], [ 75.298005424910627, 30.92947815019653 ], [ 75.276728771115927, 30.938847387996532 ], [ 75.288461472219183, 30.945407226462407 ] ] ] } },
{ "type": "Feature", "properties": { "pincode": "142060", "state": "Punjab", "district": "Firozpur", "officename": "Mudki", "officetype": "S.O" }, "geometry": { "type": "Polygon", "coordinates": [ [ [ 74.839606999863292, 30.765698999809103 ], [ 74.812584000151617, 30.767684999663118 ], [ 74.80704500012672, 30.785293999618318 ], [ 74.830952719492586, 30.804285179317731 ], [ 74.843668027957222, 30.801017948619517 ], [ 74.840092881081773, 30.813452793611589 ], [ 74.866364270594829, 30.838665498514104 ], [ 74.884443083581573, 30.826807268240998 ], [ 74.918832699069867, 30.848892578929508 ], [ 74.947693000231709, 30.846354999683626 ], [ 74.947547999840481, 30.823532000301668 ], [ 74.929931999562257, 30.80262200010543 ], [ 74.930138000068837, 30.787641999978348 ], [ 74.91259000022842, 30.771496000040429 ], [ 74.911171000441414, 30.735771000131649 ], [ 74.860382000129334, 30.742278999876135 ], [ 74.839606999863292, 30.765698999809103 ] ] ] } },
{ "type": "Feature", "properties": { "pincode": "143001", "state": "Punjab", "district": "Amritsar", "officename": "Amritsar G.P.O.", "officetype": "H.O" }, "geometry": { "type": "Polygon", "coordinates": [ [ [ 74.843979766253369, 31.629595620941302 ], [ 74.872461162352863, 31.633768343934037 ], [ 74.846915791030938, 31.661141943446125 ], [ 74.858680203128984, 31.664551853385433 ], [ 74.86727001559882, 31.642294335115537 ], [ 74.87558811320099, 31.641157949080139 ], [ 74.879023409203171, 31.649969449830337 ], [ 74.884347709579174, 31.643893894487803 ], [ 74.88864521440513, 31.657264372552788 ], [ 74.893434276970538, 31.638426910373823 ], [ 74.90788055194605, 31.636682720231477 ], [ 74.895064799101135, 31.631490995213426 ], [ 74.928901857634742, 31.622773576139707 ], [ 74.903210109958763, 31.606801541058303 ], [ 74.891430986750777, 31.613617499248164 ], [ 74.881520388555145, 31.605224799285111 ], [ 74.888100854770812, 31.615921644168736 ], [ 74.881131963269411, 31.629668338323256 ], [ 74.872168726205928, 31.633296734057183 ], [ 74.857107968757816, 31.611939250096441 ], [ 74.855671385426092, 31.622744885068471 ], [ 74.843979766253369, 31.629595620941302 ] ] ] } },
{ "type": "Feature", "properties": { "pincode": "143002", "state": "Punjab", "district": "Amritsar", "officename": "Khalsa College", "officetype": "S.O" }, "geometry": { "type": "Polygon", "coordinates": [ [ [ 74.821135050941905, 31.626172017924375 ], [ 74.831240614063177, 31.631670555651738 ], [ 74.824645440334791, 31.64932460804431 ], [ 74.846915791030938, 31.661141943446125 ], [ 74.872461162352863, 31.633768343934037 ], [ 74.821135050941905, 31.626172017924375 ] ] ] } },
{ "type": "Feature", "properties": { "pincode": "143003", "state": "Punjab", "district": "Amritsar", "officename": "J.F.Mill", "officetype": "S.O" }, "geometry": { "type": "Polygon", "coordinates": [ [ [ 74.895542609803613, 31.64248495002056 ], [ 74.88864521440513, 31.657264372552788 ], [ 74.894595938452028, 31.671883538594557 ], [ 74.916522640207802, 31.664382373447779 ], [ 74.93604215092472, 31.627320762443276 ], [ 74.928901857634742, 31.622773576139707 ], [ 74.895064799101135, 31.631490995213426 ], [ 74.90788055194605, 31.636682720231477 ], [ 74.901951071684778, 31.637623757330744 ], [ 74.910205097087669, 31.650971271207311 ], [ 74.895542609803613, 31.64248495002056 ] ] ] } },
{ "type": "Feature", "properties": { "pincode": "143004", "state": "Punjab", "district": "Amritsar", "officename": "Khanna Nagar", "officetype": "S.O" }, "geometry": { "type": "Polygon", "coordinates": [ [ [ 74.895542609803613, 31.64248495002056 ], [ 74.910205097087669, 31.650971271207311 ], [ 74.910372794568843, 31.65076759005234 ], [ 74.901951071684778, 31.637623757330744 ], [ 74.895542609803613, 31.64248495002056 ] ] ] } },
{ "type": "Feature", "properties": { "pincode": "143005", "state": "Punjab", "district": "Amritsar", "officename": "Guru Nanak Dev University", "officetype": "S.O" }, "geometry": { "type": "Polygon", "coordinates": [ [ [ 74.809256973530637, 31.645391888924735 ], [ 74.830207826330309, 31.643252541171933 ], [ 74.831240614063177, 31.631670555651738 ], [ 74.809994679311046, 31.636760727425781 ], [ 74.809256973530637, 31.645391888924735 ] ] ] } },
{ "type": "Feature", "properties": { "pincode": "143006", "state": "Punjab", "district": "Amritsar", "officename": "Gandhi Bazar (Amritsar)", "officetype": "S.O" }, "geometry": { "type": "Polygon", "coordinates": [ [ [ 74.857107968757816, 31.611939250096441 ], [ 74.873895896678334, 31.633460026659009 ], [ 74.888100854770812, 31.615921644168736 ], [ 74.881520388555145, 31.605224799285111 ], [ 74.891430986750777, 31.613617499248164 ], [ 74.903210109958763, 31.606801541058303 ], [ 74.882035431190332, 31.594638252653397 ], [ 74.857107968757816, 31.611939250096441 ] ] ] } },
{ "type": "Feature", "properties": { "pincode": "143008", "state": "Punjab", "district": "Amritsar", "officename": "Sjs Avenue", "officetype": "S.O" }, "geometry": { "type": "Polygon", "coordinates": [ [ [ 74.790710528368436, 31.6583450770637 ], [ 74.809055234011851, 31.668361944548337 ], [ 74.813800763094832, 31.682364024580124 ], [ 74.865675902520991, 31.699006325281744 ], [ 74.866454504971614, 31.711835882720038 ], [ 74.890863020811935, 31.721894511122969 ], [ 74.91372897900942, 31.721999230879931 ], [ 74.936447196580957, 31.71074343666038 ], [ 74.910124034896398, 31.667581676553255 ], [ 74.894595938452028, 31.671883538594557 ], [ 74.884347709579174, 31.643893894487803 ], [ 74.879023409203171, 31.649969449830337 ], [ 74.87558811320099, 31.641157949080139 ], [ 74.86727001559882, 31.642294335115537 ], [ 74.858680203128984, 31.664551853385433 ], [ 74.83553908745904, 31.658834088822289 ], [ 74.82308427661809, 31.645908919061469 ], [ 74.790710528368436, 31.6583450770637 ] ] ] } },
{ "type": "Feature", "properties": { "pincode": "143009", "state": "Punjab", "district": "Amritsar", "officename": "Fatahpur", "officetype": "S.O" }, "geometry": { "type": "Polygon", "coordinates": [ [ [ 74.805869999900722, 31.557563999878766 ], [ 74.798865999766178, 31.570138999715084 ], [ 74.821135050941905, 31.626172017924375 ], [ 74.843979766253369, 31.629595620941302 ], [ 74.882035431190332, 31.594638252653397 ], [ 74.863632162594399, 31.581313471839394 ], [ 74.874520836467525, 31.537820173962018 ], [ 74.844299000398621, 31.530172000237826 ], [ 74.832274999891524, 31.539992999877143 ], [ 74.824928000127215, 31.536102000307096 ], [ 74.817038999650322, 31.55864700035886 ], [ 74.805869999900722, 31.557563999878766 ] ] ] } },
{ "type": "Feature", "properties": { "pincode": "143022", "state": "Punjab", "district": "Amritsar, Tarn Taran", "officename": "Kot Mit Singh", "officetype": "S.O" }, "geometry": { "type": "Polygon", "coordinates": [ [ [ 74.874520836467525, 31.537820173962018 ], [ 74.867665675030992, 31.587231819393139 ], [ 74.915739331604925, 31.614345656027126 ], [ 74.934683483955723, 31.604951579851729 ], [ 74.963598654554232, 31.611613169412408 ], [ 74.982630998921593, 31.603116708369384 ], [ 74.98184740433436, 31.574264950766974 ], [ 74.995402908017979, 31.56504495725892 ], [ 74.962348152645291, 31.562894742098706 ], [ 74.950939832507288, 31.547049386420099 ], [ 74.958669474017086, 31.540319121930054 ], [ 74.956692740777441, 31.530203528669972 ], [ 74.946350544442168, 31.536866487898237 ], [ 74.936420823062633, 31.524121098010369 ], [ 74.951005064831918, 31.500489643182732 ], [ 74.922776934008539, 31.503012622834433 ], [ 74.917080417727277, 31.496583826382619 ], [ 74.901256437134919, 31.510855051919236 ], [ 74.895744000385548, 31.55370299989363 ], [ 74.874520836467525, 31.537820173962018 ] ] ] } },
{ "type": "Feature", "properties": { "pincode": "143101", "state": "Punjab", "district": "Amritsar", "officename": "Raja Sansi", "officetype": "S.O" }, "geometry": { "type": "Polygon", "coordinates": [ [ [ 74.714451666511366, 31.747077468250723 ], [ 74.718980952708819, 31.761693541523869 ], [ 74.75470495886691, 31.78467644666074 ], [ 74.796619708232981, 31.76349451306146 ], [ 74.818347977277426, 31.780195403695075 ], [ 74.821363565975844, 31.803570223487213 ], [ 74.838672795813011, 31.800865400917701 ], [ 74.853641865579675, 31.818147434356717 ], [ 74.873627739528729, 31.811597805894166 ], [ 74.878820302714871, 31.796728993448539 ], [ 74.906713770624208, 31.793731944273816 ], [ 74.887385436888565, 31.757932627089019 ], [ 74.87290200012734, 31.755342000433075 ], [ 74.865675902520991, 31.699006325281744 ], [ 74.813800763094832, 31.682364024580124 ], [ 74.805423856126197, 31.666337035525828 ], [ 74.792408185789327, 31.670296932157783 ], [ 74.773819000346634, 31.693735000370054 ], [ 74.762077241271697, 31.691409392229673 ], [ 74.757175219360818, 31.704907895982842 ], [ 74.739038711267426, 31.714606345906191 ], [ 74.737964810127892, 31.731560830967624 ], [ 74.714451666511366, 31.747077468250723 ] ] ] } },
{ "type": "Feature", "properties": { "pincode": "143102", "state": "Punjab", "district": "Amritsar", "officename": "Ajnala", "officetype": "S.O" }, "geometry": { "type": "Polygon", "coordinates": [ [ [ 74.595989285676978, 31.861170146685026 ], [ 74.610755326297408, 31.872824943116825 ], [ 74.613388138352036, 31.89213537494777 ], [ 74.636821277380136, 31.885622713117868 ], [ 74.661180313420857, 31.903054650052184 ], [ 74.67322780961581, 31.92410343182803 ], [ 74.7212643089008, 31.926518813892187 ], [ 74.724510033211629, 31.943389037873885 ], [ 74.754923709961304, 31.944151330219881 ], [ 74.760927611819966, 31.957265173249198 ], [ 74.773174703549898, 31.950257204406626 ], [ 74.814176739065374, 31.962328356368687 ], [ 74.817570548442177, 31.969421151065319 ], [ 74.836383388982313, 31.958714343492204 ], [ 74.839036594063714, 31.946163945509795 ], [ 74.846672970481336, 31.949609475796819 ], [ 74.857083106999823, 31.942146144229127 ], [ 74.847036108629538, 31.913205317771315 ], [ 74.803255035791324, 31.915650423328486 ], [ 74.805742119003583, 31.876827805758694 ], [ 74.813150620704562, 31.873274157176695 ], [ 74.780704103811388, 31.835664909408194 ], [ 74.785024586315785, 31.826372596917849 ], [ 74.815335579373482, 31.828088824439931 ], [ 74.821796021169632, 31.80515882462015 ], [ 74.818347977277426, 31.780195403695075 ], [ 74.796619708232981, 31.76349451306146 ], [ 74.75470495886691, 31.78467644666074 ], [ 74.702502753998942, 31.755287351330423 ], [ 74.69062342563069, 31.762736332415898 ], [ 74.69372645451233, 31.77412774799717 ], [ 74.658243749949179, 31.789545171172847 ], [ 74.656327836060825, 31.820560383754867 ], [ 74.640645056224457, 31.824295397714479 ], [ 74.63097184937152, 31.844835734281901 ], [ 74.616243377030401, 31.845512455235678 ], [ 74.616092403341895, 31.854962023178928 ], [ 74.595989285676978, 31.861170146685026 ] ] ] } },
{ "type": "Feature", "properties": { "pincode": "143103", "state": "Punjab", "district": "Amritsar", "officename": "Chamiari", "officetype": "S.O" }, "geometry": { "type": "Polygon", "coordinates": [ [ [ 74.787520068296487, 31.829371951954045 ], [ 74.783302844150967, 31.84204650134501 ], [ 74.791979699303738, 31.843748635591226 ], [ 74.794065447462629, 31.858560122551694 ], [ 74.804582054718082, 31.860341589592792 ], [ 74.813150620704562, 31.873274157176695 ], [ 74.805742119003583, 31.876827805758694 ], [ 74.803255035791324, 31.915650423328486 ], [ 74.847036108629538, 31.913205317771315 ], [ 74.857381806025728, 31.940757341877998 ], [ 74.889332628298234, 31.938979574647647 ], [ 74.911339000094927, 31.89533800014874 ], [ 74.899548694716486, 31.894736091097798 ], [ 74.902372664866675, 31.872943192274477 ], [ 74.884578054733538, 31.870991207478255 ], [ 74.86846873184669, 31.845082519043103 ], [ 74.857640305355915, 31.842357632598748 ], [ 74.861716250504628, 31.831396518334714 ], [ 74.85293918479573, 31.825665873681316 ], [ 74.85375383836913, 31.814980457382319 ], [ 74.834635820087215, 31.799914113345778 ], [ 74.821363565975844, 31.803570223487213 ], [ 74.815335579373482, 31.828088824439931 ], [ 74.787520068296487, 31.829371951954045 ] ] ] } },
{ "type": "Feature", "properties": { "pincode": "143105", "state": "Punjab", "district": "Amritsar", "officename": "Chheharta", "officetype": "S.O" }, "geometry": { "type": "Polygon", "coordinates": [ [ [ 74.718523492765144, 31.627212114447616 ], [ 74.760367999683467, 31.647929999669941 ], [ 74.755234000348992, 31.690053999692452 ], [ 74.773819000346634, 31.693735000370054 ], [ 74.801882995903725, 31.667713724009218 ], [ 74.790710528368436, 31.6583450770637 ], [ 74.82308427661809, 31.645908919061469 ], [ 74.809256973530637, 31.645391888924735 ], [ 74.821887747521657, 31.627979971798311 ], [ 74.812171087226091, 31.591026516860325 ], [ 74.798865999766178, 31.570138999715084 ], [ 74.773247000049196, 31.558252000129869 ], [ 74.738952999581329, 31.565011999804028 ], [ 74.751265999925977, 31.583795999985625 ], [ 74.733315000387051, 31.588508999690646 ], [ 74.732990358618167, 31.619311956981278 ], [ 74.718523492765144, 31.627212114447616 ] ] ] } },
{ "type": "Feature", "properties": { "pincode": "143107", "state": "Punjab", "district": "Amritsar, Tarn Taran", "officename": "Distrillery Khasa", "officetype": "S.O" }, "geometry": { "type": "Polygon", "coordinates": [ [ [ 74.634727000050987, 31.630232000106844 ], [ 74.648264306852411, 31.653785325432523 ], [ 74.674091139894188, 31.647566062024225 ], [ 74.687197514953368, 31.669456012085334 ], [ 74.704782026369628, 31.65891277770254 ], [ 74.745331933122372, 31.663712388416229 ], [ 74.754073026848744, 31.682968324928368 ], [ 74.761353000141014, 31.675271999703057 ], [ 74.760367999683467, 31.647929999669941 ], [ 74.718523492765144, 31.627212114447616 ], [ 74.732990358618167, 31.619311956981278 ], [ 74.733315000387051, 31.588508999690646 ], [ 74.751265999925977, 31.583795999985625 ], [ 74.712599252853352, 31.541297621188392 ], [ 74.694205822840502, 31.545329755863577 ], [ 74.687885076335249, 31.513893349398586 ], [ 74.6701485678023, 31.516053742186443 ], [ 74.678042882373234, 31.539575161364723 ], [ 74.658016431912927, 31.5395427354091 ], [ 74.661607094791634, 31.575143330300534 ], [ 74.647234511163845, 31.585598379861381 ], [ 74.657260659651797, 31.615719366855274 ], [ 74.634727000050987, 31.630232000106844 ] ] ] } },
{ "type": "Feature", "properties": { "pincode": "143108", "state": "Punjab", "district": "Amritsar", "officename": "Attari Rd. Check Post", "officetype": "S.O" }, "geometry": { "type": "Polygon", "coordinates": [ [ [ 74.592605590975325, 31.592309951942752 ], [ 74.542992164656766, 31.678457669086299 ], [ 74.557869731103267, 31.673183675886094 ], [ 74.602491094488471, 31.710910713258841 ], [ 74.63445509542629, 31.70506871994553 ], [ 74.650758813968082, 31.659153179076043 ], [ 74.63070336306987, 31.630423801217489 ], [ 74.657260659651797, 31.615719366855274 ], [ 74.647234511163845, 31.585598379861381 ], [ 74.661607094791634, 31.575143330300534 ], [ 74.658016431912927, 31.5395427354091 ], [ 74.674201373394737, 31.54185281045892 ], [ 74.673541560594629, 31.53066646548524 ], [ 74.650441527754424, 31.535198185248078 ], [ 74.631861759112951, 31.520808024370922 ], [ 74.620610670146505, 31.497312333897185 ], [ 74.611740112716234, 31.506189346661188 ], [ 74.592605590975325, 31.592309951942752 ] ] ] } },
{ "type": "Feature", "properties": { "pincode": "143109", "state": "Punjab", "district": "Amritsar", "officename": "Chogawan", "officetype": "S.O" }, "geometry": { "type": "Polygon", "coordinates": [ [ [ 74.629208679037504, 31.709759535174385 ], [ 74.65040575092479, 31.737633163140003 ], [ 74.644793698070885, 31.760403751831745 ], [ 74.670664456699399, 31.771534078035359 ], [ 74.674839630344763, 31.781070085216413 ], [ 74.69372645451233, 31.77412774799717 ], [ 74.692577456384583, 31.761135678568735 ], [ 74.714562004333118, 31.756689162375096 ], [ 74.713629295855526, 31.747870269197563 ], [ 74.737964810127892, 31.731560830967624 ], [ 74.739038711267426, 31.714606345906191 ], [ 74.757175219360818, 31.704907895982842 ], [ 74.762077241271697, 31.691409392229673 ], [ 74.749813062423073, 31.681274282781999 ], [ 74.745331933122372, 31.663712388416229 ], [ 74.704782026369628, 31.65891277770254 ], [ 74.687197514953368, 31.669456012085334 ], [ 74.674091139894188, 31.647566062024225 ], [ 74.648264306852411, 31.653785325432523 ], [ 74.642068026518245, 31.677267877710506 ], [ 74.647473622909388, 31.679253754357433 ], [ 74.629208679037504, 31.709759535174385 ] ] ] } },
{ "type": "Feature", "properties": { "pincode": "143110", "state": "Punjab", "district": "Amritsar", "officename": "Preet Nagar (Amritsar)", "officetype": "S.O" }, "geometry": { "type": "Polygon", "coordinates": [ [ [ 74.517280578835766, 31.722911835013122 ], [ 74.517150878610266, 31.760419845199806 ], [ 74.532398809257813, 31.750911236764239 ], [ 74.562982943508246, 31.761557894980967 ], [ 74.554905861516545, 31.783364885281401 ], [ 74.570166077802355, 31.800316079723473 ], [ 74.561033379686933, 31.808923774312746 ], [ 74.575750141955666, 31.818109786937271 ], [ 74.57428571921082, 31.8398978123343 ], [ 74.595989285676978, 31.861170146685026 ], [ 74.616092403341895, 31.854962023178928 ], [ 74.616243377030401, 31.845512455235678 ], [ 74.63097184937152, 31.844835734281901 ], [ 74.640645056224457, 31.824295397714479 ], [ 74.656327836060825, 31.820560383754867 ], [ 74.658243749949179, 31.789545171172847 ], [ 74.67181094122202, 31.788044492259587 ], [ 74.673418933537107, 31.773671339360988 ], [ 74.644793698070885, 31.760403751831745 ], [ 74.65040575092479, 31.737633163140003 ], [ 74.629208679037504, 31.709759535174385 ], [ 74.602491094488471, 31.710910713258841 ], [ 74.586916155056485, 31.703438495490218 ], [ 74.557869731103267, 31.673183675886094 ], [ 74.542992164656766, 31.678457669086299 ], [ 74.517280578835766, 31.722911835013122 ] ] ] } },
{ "type": "Feature", "properties": { "pincode": "143111", "state": "Punjab", "district": "Amritsar", "officename": "Khilchian", "officetype": "S.O" }, "geometry": { "type": "Polygon", "coordinates": [ [ [ 75.105381902153113, 31.521819445111532 ], [ 75.109677154177405, 31.54007844806199 ], [ 75.137367015575478, 31.556768030620276 ], [ 75.131226442846241, 31.58944515437048 ], [ 75.163445358416595, 31.591700946341632 ], [ 75.191318199475404, 31.624996640882273 ], [ 75.212545795252424, 31.611427044822335 ], [ 75.209624183909, 31.594501786828118 ], [ 75.218000011691288, 31.579369593532022 ], [ 75.206105553129021, 31.563226665678144 ], [ 75.212036700733165, 31.553011248570385 ], [ 75.178888557960647, 31.551630844987642 ], [ 75.173647214647303, 31.541956289151585 ], [ 75.165333410408664, 31.552019398876268 ], [ 75.160988605739533, 31.535311471047635 ], [ 75.170405989644792, 31.523927165506336 ], [ 75.162987000050009, 31.511786000423626 ], [ 75.123795000339044, 31.494986000004019 ], [ 75.105381902153113, 31.521819445111532 ] ] ] } },
{ "type": "Feature", "properties": { "pincode": "143112", "state": "Punjab", "district": "Amritsar", "officename": "Rayya", "officetype": "S.O" }, "geometry": { "type": "Polygon", "coordinates": [ [ [ 75.170405989644792, 31.523927165506336 ], [ 75.160988605739533, 31.535311471047635 ], [ 75.165333410408664, 31.552019398876268 ], [ 75.173647214647303, 31.541956289151585 ], [ 75.176255840334875, 31.550244023842822 ], [ 75.198226413718203, 31.555482354427227 ], [ 75.24845701058257, 31.551477376579726 ], [ 75.235555546051728, 31.523885834463783 ], [ 75.217398027996524, 31.530127840827276 ], [ 75.230406698910201, 31.503673457264426 ], [ 75.199119999888239, 31.499847000238901 ], [ 75.186371000121596, 31.505782999685721 ], [ 75.192290999730005, 31.519437999863783 ], [ 75.18141900018685, 31.52872800019702 ], [ 75.170405989644792, 31.523927165506336 ] ] ] } },
{ "type": "Feature", "properties": { "pincode": "143113", "state": "Punjab", "district": "Amritsar", "officename": "Fatehpur Rajputan", "officetype": "S.O" }, "geometry": { "type": "Polygon", "coordinates": [ [ [ 74.978777990312039, 31.648734755304872 ], [ 75.01562078906818, 31.661700541147184 ], [ 75.02390768199399, 31.672738395460613 ], [ 75.053444369561987, 31.654965028213667 ], [ 75.06009717184719, 31.62791966685927 ], [ 75.043581708828867, 31.623975281733919 ], [ 75.045411887648584, 31.606756223321213 ], [ 75.02870189677509, 31.602861836005104 ], [ 75.019106458796159, 31.615178219599159 ], [ 75.016072349459421, 31.590609910419232 ], [ 74.984709459873727, 31.59083791283939 ], [ 74.982630998921593, 31.603116708369384 ], [ 74.961667400930025, 31.611514788076931 ], [ 75.000398533165821, 31.622283072405878 ], [ 74.986114401458508, 31.626890168846387 ], [ 74.978777990312039, 31.648734755304872 ] ] ] } },
{ "type": "Feature", "properties": { "pincode": "143114", "state": "Punjab", "district": "Amritsar", "officename": "Mehta Chowk", "officetype": "S.O" }, "geometry": { "type": "Polygon", "coordinates": [ [ [ 75.186393079377183, 31.62863066637226 ], [ 75.175871586104847, 31.677006170498487 ], [ 75.186469928244719, 31.68078167103738 ], [ 75.1872865630246, 31.706684097493337 ], [ 75.195633715923293, 31.711321167438086 ], [ 75.212554999813449, 31.70544199974853 ], [ 75.226806999643316, 31.685489999663901 ], [ 75.240662000051429, 31.68311099967292 ], [ 75.242462000321154, 31.689836999577892 ], [ 75.282104000099594, 31.699069999980679 ], [ 75.287804000354527, 31.6770360001114 ], [ 75.308440999652589, 31.676461999721596 ], [ 75.31259200042058, 31.668601999682664 ], [ 75.302124117534049, 31.654953935975414 ], [ 75.256877385383177, 31.661883899422605 ], [ 75.252087145605344, 31.652517155442524 ], [ 75.260934927704852, 31.642814636086712 ], [ 75.234921167877701, 31.646391799242281 ], [ 75.243349890185357, 31.621019595977714 ], [ 75.233663004644029, 31.620274349381873 ], [ 75.209278796579383, 31.633382219114253 ], [ 75.20041368274525, 31.623250699759978 ], [ 75.186393079377183, 31.62863066637226 ] ] ] } },
{ "type": "Feature", "properties": { "pincode": "143115", "state": "Punjab", "district": "Amritsar", "officename": "Jandiala Guru", "officetype": "S.O" }, "geometry": { "type": "Polygon", "coordinates": [ [ [ 74.951965000284645, 31.498150000222495 ], [ 74.936420823062633, 31.524121098010369 ], [ 74.943307460770882, 31.535252917088428 ], [ 74.956692740777441, 31.530203528669972 ], [ 74.958669474017086, 31.540319121930054 ], [ 74.950939832507288, 31.547049386420099 ], [ 74.962348152645291, 31.562894742098706 ], [ 74.995402908017979, 31.56504495725892 ], [ 74.98184740433436, 31.574264950766974 ], [ 74.98697350132619, 31.591418318201022 ], [ 75.036885083479888, 31.585456568466043 ], [ 75.046535777604106, 31.576517238979477 ], [ 75.042991999980927, 31.541542000263235 ], [ 75.056999000203689, 31.542973999750416 ], [ 75.076324000152624, 31.53173100018563 ], [ 75.059985481444869, 31.510420497707912 ], [ 75.0349647269407, 31.528982939111472 ], [ 75.008148000230165, 31.526159000437644 ], [ 74.991836999877819, 31.508647999605671 ], [ 74.987946000307829, 31.5279559996697 ], [ 74.981003000288297, 31.529229999964684 ], [ 74.978256000414149, 31.515143999695908 ], [ 74.963927999777525, 31.516459000082875 ], [ 74.951965000284645, 31.498150000222495 ] ] ] } },
{ "type": "Feature", "properties": { "pincode": "143116", "state": "Punjab", "district": "Amritsar", "officename": "Tarsika", "officetype": "S.O" }, "geometry": { "type": "Polygon", "coordinates": [ [ [ 75.052148585888744, 31.664013564174695 ], [ 75.049042989442569, 31.671597779913668 ], [ 75.055163231198264, 31.674815966983431 ], [ 75.090036849221292, 31.672079004442537 ], [ 75.097663508464109, 31.683913837054035 ], [ 75.120664685127167, 31.688467029929598 ], [ 75.121082290715322, 31.669695813610986 ], [ 75.140723521973086, 31.657369049142289 ], [ 75.145585456603669, 31.68507804721412 ], [ 75.166088545949776, 31.683377605492126 ], [ 75.175871586104847, 31.677006170498487 ], [ 75.188120666235818, 31.644163767543944 ], [ 75.182701508967455, 31.632782880325692 ], [ 75.191318199475404, 31.624996640882273 ], [ 75.163445358416595, 31.591700946341632 ], [ 75.149313111411061, 31.595690707660083 ], [ 75.127169455406204, 31.584245578271009 ], [ 75.118660724912672, 31.595644147959149 ], [ 75.086820813330007, 31.600872929542106 ], [ 75.067379817024971, 31.6220784109899 ], [ 75.05553756140938, 31.624185243754141 ], [ 75.060233758181482, 31.645671977379891 ], [ 75.03596814461423, 31.664651893070584 ], [ 75.052148585888744, 31.664013564174695 ] ] ] } },
{ "type": "Feature", "properties": { "pincode": "143117", "state": "Punjab", "district": "Tarn Taran", "officename": "Khadoor Sahib", "officetype": "S.O" }, "geometry": { "type": "Polygon", "coordinates": [ [ [ 75.046282371134566, 31.441924981253123 ], [ 75.052487691453848, 31.465771463982037 ], [ 75.07921786201473, 31.489180977820013 ], [ 75.079041639859838, 31.501825541115977 ], [ 75.066485227211558, 31.501432826064217 ], [ 75.062785449588944, 31.513718432160033 ], [ 75.072251972450545, 31.524436209663406 ], [ 75.10783399993926, 31.522162999622935 ], [ 75.123795000339044, 31.494986000004019 ], [ 75.130881458412716, 31.50087715385763 ], [ 75.140936054255519, 31.486872079083298 ], [ 75.131059870416777, 31.457476868362789 ], [ 75.134138212908283, 31.432664426522081 ], [ 75.11587759387595, 31.421521477434396 ], [ 75.110469846306387, 31.404837608269077 ], [ 75.097772289559714, 31.400972712420923 ], [ 75.067756741780386, 31.409449607813315 ], [ 75.055632582877593, 31.421567833888503 ], [ 75.061909080040095, 31.429130535146271 ], [ 75.046282371134566, 31.441924981253123 ] ] ] } },
{ "type": "Feature", "properties": { "pincode": "143118", "state": "Punjab", "district": "Tarn Taran", "officename": "Vairowal", "officetype": "S.O" }, "geometry": { "type": "Polygon", "coordinates": [ [ [ 75.110560055502219, 31.393000112765094 ], [ 75.11654204268126, 31.39562282093658 ], [ 75.110632597516428, 31.404966500903413 ], [ 75.11587759387595, 31.421521477434396 ], [ 75.134138212908283, 31.432664426522081 ], [ 75.131059870416777, 31.457476868362789 ], [ 75.142307784776563, 31.480218372979664 ], [ 75.134818999697188, 31.505124999918849 ], [ 75.162987000050009, 31.511786000423626 ], [ 75.18141900018685, 31.52872800019702 ], [ 75.192290999730005, 31.519437999863783 ], [ 75.184447999575582, 31.509792000200719 ], [ 75.191467000401872, 31.503008000319085 ], [ 75.229522999886683, 31.490958999558188 ], [ 75.25190699970841, 31.501922999746682 ], [ 75.279732000431636, 31.48306099956551 ], [ 75.26245100031349, 31.476180999753524 ], [ 75.246376000052408, 31.456000999946184 ], [ 75.23738900020237, 31.460533000297858 ], [ 75.227448000424829, 31.423993999723336 ], [ 75.216651999890075, 31.423210000441316 ], [ 75.210677999590075, 31.437901999877568 ], [ 75.19522900031825, 31.435636999747885 ], [ 75.187552999771242, 31.417942000323023 ], [ 75.194869999950697, 31.408329000383162 ], [ 75.181823999977723, 31.400672999859125 ], [ 75.170546999744374, 31.378544000105592 ], [ 75.120283787167068, 31.38283674751807 ], [ 75.110560055502219, 31.393000112765094 ] ] ] } },
{ "type": "Feature", "properties": { "pincode": "143119", "state": "Punjab", "district": "Amritsar", "officename": "Mattewal", "officetype": "S.O" }, "geometry": { "type": "Polygon", "coordinates": [ [ [ 75.089494225278372, 31.701089586814987 ], [ 75.109859753424928, 31.714033015511291 ], [ 75.126468215335933, 31.712451244729209 ], [ 75.130924528744174, 31.728975947382196 ], [ 75.145534744732686, 31.730370951458383 ], [ 75.134453744544828, 31.739405922945082 ], [ 75.151390000348329, 31.748576999628938 ], [ 75.175804000254459, 31.747984000161637 ], [ 75.202941999873531, 31.727847999685537 ], [ 75.1872865630246, 31.706684097493337 ], [ 75.186469928244719, 31.68078167103738 ], [ 75.175871586104847, 31.677006170498487 ], [ 75.147457333389298, 31.686199184345014 ], [ 75.140723521973086, 31.657369049142289 ], [ 75.116920926159992, 31.67651184104875 ], [ 75.122108997232488, 31.68796719662879 ], [ 75.1072302787544, 31.687944453673708 ], [ 75.109570857908864, 31.697527545759783 ], [ 75.089494225278372, 31.701089586814987 ] ] ] } },
{ "type": "Feature", "properties": { "pincode": "143149", "state": "Punjab", "district": "Amritsar", "officename": "Jandiala R.S", "officetype": "S.O" }, "geometry": { "type": "Polygon", "coordinates": [ [ [ 75.034346380980821, 31.60426894855317 ], [ 75.049234402046011, 31.610580120875909 ], [ 75.043581708828867, 31.623975281733919 ], [ 75.067379817024971, 31.6220784109899 ], [ 75.086820813330007, 31.600872929542106 ], [ 75.118660724912672, 31.595644147959149 ], [ 75.136290465033085, 31.554159698111732 ], [ 75.109677154177405, 31.54007844806199 ], [ 75.105381902153113, 31.521819445111532 ], [ 75.085236000141435, 31.518995000119332 ], [ 75.056999000203689, 31.542973999750416 ], [ 75.042991999980927, 31.541542000263235 ], [ 75.046535777604106, 31.576517238979477 ], [ 75.01396462906439, 31.590171084428221 ], [ 75.019106458796159, 31.615178219599159 ], [ 75.034346380980821, 31.60426894855317 ] ] ] } },
{ "type": "Feature", "properties": { "pincode": "143201", "state": "Punjab", "district": "Amritsar", "officename": "Beas", "officetype": "S.O" }, "geometry": { "type": "Polygon", "coordinates": [ [ [ 75.208275000291167, 31.49825299957638 ], [ 75.230406698910201, 31.503673457264426 ], [ 75.217398027996524, 31.530127840827276 ], [ 75.235555546051728, 31.523885834463783 ], [ 75.247617609465237, 31.55219285111923 ], [ 75.292942246287794, 31.556333194021931 ], [ 75.319420068881072, 31.538120311903015 ], [ 75.283882000254209, 31.482463999913705 ], [ 75.25190699970841, 31.501922999746682 ], [ 75.229522999886683, 31.490958999558188 ], [ 75.208275000291167, 31.49825299957638 ] ] ] } },
{ "type": "Feature", "properties": { "pincode": "143202", "state": "Punjab", "district": "Amritsar", "officename": "Baba Bakala", "officetype": "S.O" }, "geometry": { "type": "Polygon", "coordinates": [ [ [ 75.215209577260168, 31.584017623514569 ], [ 75.209624183909, 31.594501786828118 ], [ 75.214091899821426, 31.609068624017937 ], [ 75.20041368274525, 31.623250699759978 ], [ 75.209278796579383, 31.633382219114253 ], [ 75.224698967183826, 31.620877124479819 ], [ 75.238858909710927, 31.624533928897677 ], [ 75.243161545169187, 31.61315978389689 ], [ 75.267579847432046, 31.602065487232608 ], [ 75.267124309339465, 31.595055002086781 ], [ 75.301489191672999, 31.570925790492993 ], [ 75.301301781052473, 31.561926701056507 ], [ 75.28738399537508, 31.554582061113365 ], [ 75.21434579282419, 31.549471712149966 ], [ 75.206105553129021, 31.563226665678144 ], [ 75.215209577260168, 31.584017623514569 ] ] ] } },
{ "type": "Feature", "properties": { "pincode": "143203", "state": "Punjab", "district": "Amritsar", "officename": "Butala", "officetype": "S.O" }, "geometry": { "type": "Polygon", "coordinates": [ [ [ 75.281406666684404, 31.619946241625826 ], [ 75.290630713436769, 31.652954044293836 ], [ 75.301947141747291, 31.654492382317528 ], [ 75.328362000106267, 31.635175999672697 ], [ 75.337799000023949, 31.640758999928039 ], [ 75.374893000112024, 31.623840000315852 ], [ 75.404899999835266, 31.594427000106066 ], [ 75.398727000251029, 31.581939999831206 ], [ 75.375686999855304, 31.579699999955096 ], [ 75.350808632312521, 31.561009481602525 ], [ 75.34247464908583, 31.594253726828185 ], [ 75.315830579617568, 31.58273360027556 ], [ 75.308362286490365, 31.603395777892956 ], [ 75.281406666684404, 31.619946241625826 ] ] ] } },
{ "type": "Feature", "properties": { "pincode": "143204", "state": "Punjab", "district": "Amritsar", "officename": "D.B.J.Singh", "officetype": "S.O" }, "geometry": { "type": "Polygon", "coordinates": [ [ [ 75.292942246287794, 31.556333194021931 ], [ 75.309816890437332, 31.587630467272277 ], [ 75.321660497733831, 31.582521915154416 ], [ 75.34247464908583, 31.594253726828185 ], [ 75.350808632312521, 31.561009481602525 ], [ 75.319420068881072, 31.538120311903015 ], [ 75.296910882531222, 31.548858453654816 ], [ 75.292942246287794, 31.556333194021931 ] ] ] } },
{ "type": "Feature", "properties": { "pincode": "143205", "state": "Punjab", "district": "Amritsar", "officename": "Sathiala", "officetype": "S.O" }, "geometry": { "type": "Polygon", "coordinates": [ [ [ 75.281555414550894, 31.590441998899337 ], [ 75.243161545169187, 31.61315978389689 ], [ 75.234921167877701, 31.646391799242281 ], [ 75.260934927704852, 31.642814636086712 ], [ 75.252480003649396, 31.65560525198083 ], [ 75.264945344652006, 31.665128682142949 ], [ 75.300316178049343, 31.657759353111715 ], [ 75.290630713436769, 31.652954044293836 ], [ 75.293003404683475, 31.642815101036035 ], [ 75.281406666684404, 31.619946241625826 ], [ 75.308362286490365, 31.603395777892956 ], [ 75.305485977595822, 31.57045407449607 ], [ 75.296014229672949, 31.571034346757813 ], [ 75.281555414550894, 31.590441998899337 ] ] ] } },
{ "type": "Feature", "properties": { "pincode": "143301", "state": "Punjab", "district": "Tarn Taran", "officename": "Chabhal", "officetype": "S.O" }, "geometry": { "type": "Polygon", "coordinates": [ [ [ 74.743809875525415, 31.480211826814468 ], [ 74.754251388490786, 31.491122577245221 ], [ 74.756278554811445, 31.509436628597655 ], [ 74.747164854874143, 31.513728709612337 ], [ 74.748243767935662, 31.523481525352224 ], [ 74.758673367581935, 31.52651253112839 ], [ 74.779085158653174, 31.516122468377432 ], [ 74.769775063868337, 31.559537367855398 ], [ 74.798865999766178, 31.570138999715084 ], [ 74.805869999900722, 31.557563999878766 ], [ 74.817038999650322, 31.55864700035886 ], [ 74.824928000127215, 31.536102000307096 ], [ 74.842789000012544, 31.534426000359758 ], [ 74.824076938399969, 31.504115448869015 ], [ 74.850522286474416, 31.488701706618599 ], [ 74.842736526369663, 31.479974445364519 ], [ 74.864552093504471, 31.447681360906074 ], [ 74.862572821478579, 31.441561817923684 ], [ 74.828932344851978, 31.449201047890142 ], [ 74.819739545044058, 31.431960368876105 ], [ 74.801360626491828, 31.425831044866868 ], [ 74.800210129194227, 31.413383712788232 ], [ 74.77092550001197, 31.414895141297848 ], [ 74.768891693097316, 31.426310311571797 ], [ 74.755677709658642, 31.432080396892786 ], [ 74.757743131340476, 31.463203042486441 ], [ 74.743809875525415, 31.480211826814468 ] ] ] } },
{ "type": "Feature", "properties": { "pincode": "143302", "state": "Punjab", "district": "Tarn Taran", "officename": "Sur Singh", "officetype": "S.O" }, "geometry": { "type": "Polygon", "coordinates": [ [ [ 74.667041728493075, 31.369727619634034 ], [ 74.65935584709473, 31.382772074571619 ], [ 74.678835099660205, 31.416417326598321 ], [ 74.680735171990591, 31.441031112695839 ], [ 74.674481324253691, 31.446565224905385 ], [ 74.685207497827889, 31.450983146255226 ], [ 74.695201589981423, 31.472826603165288 ], [ 74.736189706689743, 31.503445530387069 ], [ 74.718979021864357, 31.5116677647556 ], [ 74.710005913841883, 31.533926903603685 ], [ 74.692264904202034, 31.539838872266216 ], [ 74.694205822840502, 31.545329755863577 ], [ 74.712599252853352, 31.541297621188392 ], [ 74.716819227125768, 31.552457418175322 ], [ 74.738952999581329, 31.565011999804028 ], [ 74.769775063868337, 31.559537367855398 ], [ 74.779085158653174, 31.516122468377432 ], [ 74.758673367581935, 31.52651253112839 ], [ 74.746538394331537, 31.520056287367822 ], [ 74.756278554811445, 31.509436628597655 ], [ 74.754251388490786, 31.491122577245221 ], [ 74.743809875525415, 31.480211826814468 ], [ 74.757743131340476, 31.463203042486441 ], [ 74.755677709658642, 31.432080396892786 ], [ 74.768891693097316, 31.426310311571797 ], [ 74.77092550001197, 31.414895141297848 ], [ 74.790246152638019, 31.410377919505322 ], [ 74.803676780059448, 31.417330980240706 ], [ 74.803950913204233, 31.428025682939051 ], [ 74.819739545044058, 31.431960368876105 ], [ 74.828932344851978, 31.449201047890142 ], [ 74.85925335006209, 31.44476706824571 ], [ 74.860241434294835, 31.436236314254529 ], [ 74.834239597679414, 31.415763928662386 ], [ 74.814839397320384, 31.382687268502764 ], [ 74.802575553019381, 31.390696728671116 ], [ 74.774321850872809, 31.387803447771091 ], [ 74.733301287524569, 31.361725032084621 ], [ 74.704479347843801, 31.372114128064595 ], [ 74.667041728493075, 31.369727619634034 ] ] ] } },
{ "type": "Feature", "properties": { "pincode": "143303", "state": "Punjab", "district": "Tarn Taran", "officename": "Bhikhiwind", "officetype": "S.O" }, "geometry": { "type": "Polygon", "coordinates": [ [ [ 74.649943050631407, 31.319047629744375 ], [ 74.666613388597113, 31.34778963408445 ], [ 74.667041728493075, 31.369727619634034 ], [ 74.704479347843801, 31.372114128064595 ], [ 74.733301287524569, 31.361725032084621 ], [ 74.743441475443774, 31.373415994752463 ], [ 74.773155000303234, 31.384484999783069 ], [ 74.78907000038032, 31.367246999849272 ], [ 74.807952999731299, 31.363918000115802 ], [ 74.787246999949332, 31.35352900036321 ], [ 74.794426000060014, 31.337739999801329 ], [ 74.788122925232926, 31.311010377826676 ], [ 74.772877727625144, 31.30799512817282 ], [ 74.767117299224026, 31.297962878684075 ], [ 74.745175391730982, 31.310078617234581 ], [ 74.732974967620692, 31.304339946131677 ], [ 74.728697510481823, 31.316151414356284 ], [ 74.722758355313943, 31.299816908423736 ], [ 74.70834453147512, 31.295379573408582 ], [ 74.665553408063317, 31.296771435253731 ], [ 74.649943050631407, 31.319047629744375 ] ] ] } },
{ "type": "Feature", "properties": { "pincode": "143304", "state": "Punjab", "district": "Tarn Taran", "officename": "Kacha Pacca", "officetype": "S.O" }, "geometry": { "type": "Polygon", "coordinates": [ [ [ 74.667748598319235, 31.242950897665878 ], [ 74.662890434546114, 31.291532378916202 ], [ 74.675664787999722, 31.300652628615978 ], [ 74.70834453147512, 31.295379573408582 ], [ 74.722758355313943, 31.299816908423736 ], [ 74.728697510481823, 31.316151414356284 ], [ 74.732974967620692, 31.304339946131677 ], [ 74.745175391730982, 31.310078617234581 ], [ 74.76255000947549, 31.297034313382937 ], [ 74.776295565987709, 31.309680914542696 ], [ 74.818366319849872, 31.307736025397276 ], [ 74.821442000348043, 31.314371000421431 ], [ 74.839805132201207, 31.31608888719262 ], [ 74.846734749409279, 31.307052769070026 ], [ 74.831473999825448, 31.296666999682429 ], [ 74.815704760066808, 31.247285429379133 ], [ 74.796525935024022, 31.244328180601201 ], [ 74.775309824489, 31.266233187111936 ], [ 74.750563798480584, 31.257131867241924 ], [ 74.71640383566853, 31.25832063518925 ], [ 74.686803602904092, 31.240508096171823 ], [ 74.667748598319235, 31.242950897665878 ] ] ] } },
{ "type": "Feature", "properties": { "pincode": "143305", "state": "Punjab", "district": "Tarn Taran", "officename": "Khalra", "officetype": "S.O" }, "geometry": { "type": "Polygon", "coordinates": [ [ [ 74.536317264230433, 31.307453812743347 ], [ 74.519469219328982, 31.315959148296145 ], [ 74.529596583815362, 31.317315709952084 ], [ 74.530521359373381, 31.334653611974773 ], [ 74.542020423803649, 31.338575850395216 ], [ 74.545177674610045, 31.367567999363871 ], [ 74.580675563326679, 31.385926968254978 ], [ 74.592884958174523, 31.420658308134591 ], [ 74.605877505142814, 31.425880066012439 ], [ 74.620299627026213, 31.419528119327367 ], [ 74.636627057093165, 31.45301787227703 ], [ 74.677365648805676, 31.445126027244442 ], [ 74.678835099660205, 31.416417326598321 ], [ 74.65935584709473, 31.382772074571619 ], [ 74.666613388597113, 31.34778963408445 ], [ 74.649943050631407, 31.319047629744375 ], [ 74.636814875106438, 31.315295826341469 ], [ 74.634357930873989, 31.289789283248922 ], [ 74.613351143840191, 31.290239646642419 ], [ 74.595695117435923, 31.246115030984072 ], [ 74.560609447368165, 31.268025414541341 ], [ 74.537533844611403, 31.257114741452256 ], [ 74.521179147999476, 31.261174209222531 ], [ 74.515181408295462, 31.276471284222623 ], [ 74.536317264230433, 31.307453812743347 ] ] ] } },
{ "type": "Feature", "properties": { "pincode": "143401", "state": "Punjab", "district": "Tarn Taran", "officename": "Tarn Taran", "officetype": "H.O" }, "geometry": { "type": "Polygon", "coordinates": [ [ [ 74.896508836913483, 31.434495346383301 ], [ 74.892926572803276, 31.471147985291282 ], [ 74.914336439575152, 31.480043264185383 ], [ 74.913210002739618, 31.48953295178427 ], [ 74.934522704059702, 31.48282386992571 ], [ 74.944383635396605, 31.466417073789103 ], [ 74.935087804758382, 31.45933389914029 ], [ 74.945875113345892, 31.449456327647511 ], [ 74.973869100278876, 31.447818183762251 ], [ 74.974894585516779, 31.433271649666892 ], [ 74.956196864493734, 31.428401515018095 ], [ 74.946904395521642, 31.434937550227858 ], [ 74.932570725558719, 31.423757232510411 ], [ 74.914431546478681, 31.432254553305143 ], [ 74.910886060143582, 31.426823813668079 ], [ 74.896508836913483, 31.434495346383301 ] ] ] } },
{ "type": "Feature", "properties": { "pincode": "143402", "state": "Punjab", "district": "Tarn Taran", "officename": "Johal Raju Singh", "officetype": "B.O" }, "geometry": { "type": "Polygon", "coordinates": [ [ [ 74.874847521496065, 31.358179855116305 ], [ 74.854853014954926, 31.375200287463372 ], [ 74.8350999233229, 31.368296586018744 ], [ 74.816665654196584, 31.375176743212194 ], [ 74.834239597679414, 31.415763928662386 ], [ 74.858761951502913, 31.433691258045201 ], [ 74.864552093504471, 31.447681360906074 ], [ 74.842736526369663, 31.479974445364519 ], [ 74.850522286474416, 31.488701706618599 ], [ 74.825061300338803, 31.502732348219524 ], [ 74.824613016177921, 31.513837579740539 ], [ 74.842789000012544, 31.534426000359758 ], [ 74.879645999963088, 31.53813599967674 ], [ 74.895744000385548, 31.55370299989363 ], [ 74.901256437134919, 31.510855051919236 ], [ 74.917080417727277, 31.496583826382619 ], [ 74.922776934008539, 31.503012622834433 ], [ 74.951965000284645, 31.498150000222495 ], [ 74.963927999777525, 31.516459000082875 ], [ 74.976890409564817, 31.515269402960712 ], [ 74.977461578888779, 31.492581535709348 ], [ 74.986147365208808, 31.479967900098643 ], [ 74.976126815000725, 31.477239591733849 ], [ 74.996107393741397, 31.461439739952084 ], [ 74.994459541674701, 31.443995070416179 ], [ 75.01372659740457, 31.449082751068204 ], [ 75.014354897960175, 31.443651682279381 ], [ 74.989089713119938, 31.423290408825437 ], [ 74.980481350334117, 31.424601133835381 ], [ 74.972477141307138, 31.430032368099489 ], [ 74.973869100278876, 31.447818183762251 ], [ 74.945875113345892, 31.449456327647511 ], [ 74.935087804758382, 31.45933389914029 ], [ 74.944383635396605, 31.466417073789103 ], [ 74.934522704059702, 31.48282386992571 ], [ 74.913210002739618, 31.48953295178427 ], [ 74.914336439575152, 31.480043264185383 ], [ 74.892926572803276, 31.471147985291282 ], [ 74.891654380145724, 31.458740258456316 ], [ 74.896508836913483, 31.434495346383301 ], [ 74.910886060143582, 31.426823813668079 ], [ 74.927388670950506, 31.395658554598697 ], [ 74.916220416738952, 31.388195756329196 ], [ 74.920241247835293, 31.382603454386071 ], [ 74.911199698707264, 31.379949190802733 ], [ 74.905262569711851, 31.363066067844784 ], [ 74.874847521496065, 31.358179855116305 ] ] ] } },
{ "type": "Feature", "properties": { "pincode": "143406", "state": "Punjab", "district": "Tarn Taran", "officename": "Kang", "officetype": "S.O" }, "geometry": { "type": "Polygon", "coordinates": [ [ [ 74.986147365208808, 31.479967900098643 ], [ 74.977461578888779, 31.492581535709348 ], [ 74.981003000288297, 31.529229999964684 ], [ 74.987946000307829, 31.5279559996697 ], [ 74.991836999877819, 31.508647999605671 ], [ 75.008148000230165, 31.526159000437644 ], [ 75.041026626078008, 31.529031654487369 ], [ 75.055924697966475, 31.511675819983225 ], [ 75.062785449588944, 31.513718432160033 ], [ 75.066485227211558, 31.501432826064217 ], [ 75.079041639859838, 31.501825541115977 ], [ 75.07921786201473, 31.489180977820013 ], [ 75.052487691453848, 31.465771463982037 ], [ 75.046282371134566, 31.441924981253123 ], [ 75.061909080040095, 31.429130535146271 ], [ 75.055632582877593, 31.421567833888503 ], [ 75.067756741780386, 31.409449607813315 ], [ 75.097479455912264, 31.401852904088344 ], [ 75.08034634211009, 31.372074936509136 ], [ 75.064128088840278, 31.37263338312431 ], [ 75.06014733333302, 31.361367869931428 ], [ 75.044145056749016, 31.363844777314625 ], [ 75.029070158361321, 31.381304152564724 ], [ 75.035296000310325, 31.393017307802666 ], [ 75.017658862366773, 31.393860819721112 ], [ 75.01411375284755, 31.410326439613527 ], [ 74.990335955839782, 31.414177672961387 ], [ 74.989823353964709, 31.429451942053618 ], [ 75.01442625736604, 31.449038017890189 ], [ 74.994459541674701, 31.443995070416179 ], [ 74.996107393741397, 31.461439739952084 ], [ 74.976126815000725, 31.477239591733849 ], [ 74.986147365208808, 31.479967900098643 ] ] ] } },
{ "type": "Feature", "properties": { "pincode": "143407", "state": "Punjab", "district": "Tarn Taran", "officename": "Fatehabad (Amritsar)", "officetype": "S.O" }, "geometry": { "type": "Polygon", "coordinates": [ [ [ 75.026152557994294, 31.264204998262187 ], [ 75.052523047400825, 31.310139035488135 ], [ 75.042785492256769, 31.325313303566077 ], [ 75.072488977983994, 31.32398499141425 ], [ 75.066427905323678, 31.339827539409498 ], [ 75.051927350866606, 31.347510733633442 ], [ 75.063198568459256, 31.356143491429179 ], [ 75.06049782881189, 31.369713458009812 ], [ 75.08034634211009, 31.372074936509136 ], [ 75.097772289559714, 31.400972712420923 ], [ 75.110632597516428, 31.404966500903413 ], [ 75.11654204268126, 31.39562282093658 ], [ 75.09606559934798, 31.371054207785562 ], [ 75.103291635800417, 31.35691134158526 ], [ 75.095934819036813, 31.347798761303977 ], [ 75.104577885760989, 31.330232913518216 ], [ 75.122939242352231, 31.322026146589621 ], [ 75.108093000191786, 31.316301000390865 ], [ 75.093764999555162, 31.283664999939788 ], [ 75.103897000046572, 31.278235999591686 ], [ 75.084189999569048, 31.272389999798804 ], [ 75.081396536221291, 31.257099104939869 ], [ 75.026152557994294, 31.264204998262187 ] ] ] } },
{ "type": "Feature", "properties": { "pincode": "143408", "state": "Punjab", "district": "Tarn Taran", "officename": "Chohla Sahib", "officetype": "S.O" }, "geometry": { "type": "Polygon", "coordinates": [ [ [ 74.953124999819124, 31.179361000409926 ], [ 74.958634334806789, 31.19365420267934 ], [ 74.968883117661903, 31.197351145638891 ], [ 74.966159698911099, 31.212858391301779 ], [ 74.974065873741324, 31.221501633393757 ], [ 74.966110178641998, 31.281780207990437 ], [ 74.986613247303694, 31.283008926520722 ], [ 74.987107187347021, 31.293093861892316 ], [ 75.004937073387339, 31.28869142506943 ], [ 74.999149205771403, 31.279775048080126 ], [ 75.00678412708578, 31.267708295601494 ], [ 75.081396536221291, 31.257099104939869 ], [ 75.081351999995036, 31.247989999638889 ], [ 75.05841099966807, 31.224553999867283 ], [ 75.06329299997202, 31.216957000265438 ], [ 75.05081199997386, 31.191896000200416 ], [ 74.96999399982343, 31.153953999677469 ], [ 74.970512000328654, 31.166438999859963 ], [ 74.953124999819124, 31.179361000409926 ] ] ] } },
{ "type": "Feature", "properties": { "pincode": "143409", "state": "Punjab", "district": "Tarn Taran", "officename": "Naushehra Pannuan", "officetype": "S.O" }, "geometry": { "type": "Polygon", "coordinates": [ [ [ 74.919936714008145, 31.317732511546183 ], [ 74.922481417683343, 31.334274870588786 ], [ 74.912142438223043, 31.336929359002909 ], [ 74.918325108217289, 31.345432390492476 ], [ 74.91007276094922, 31.353585417533168 ], [ 74.952855658262024, 31.365073634340717 ], [ 75.001750718720814, 31.346167206751375 ], [ 74.981777973974374, 31.325727565474779 ], [ 75.017139881600315, 31.333106196194024 ], [ 75.052523047400825, 31.310139035488135 ], [ 75.024646985869936, 31.263327945228582 ], [ 75.00678412708578, 31.267708295601494 ], [ 74.999149205771403, 31.279775048080126 ], [ 75.004937073387339, 31.28869142506943 ], [ 74.968736420249627, 31.303364432622573 ], [ 74.961550320890694, 31.292757519044358 ], [ 74.939604864672901, 31.293115107476297 ], [ 74.931749425995406, 31.318324728603443 ], [ 74.919936714008145, 31.317732511546183 ] ] ] } },
{ "type": "Feature", "properties": { "pincode": "143410", "state": "Punjab", "district": "Tarn Taran", "officename": "Sarhali (Tarn Taran)", "officetype": "S.O" }, "geometry": { "type": "Polygon", "coordinates": [ [ [ 74.901146000387712, 31.28555900004784 ], [ 74.925111744911192, 31.318007196874703 ], [ 74.931749425995406, 31.318324728603443 ], [ 74.939604864672901, 31.293115107476297 ], [ 74.961550320890694, 31.292757519044358 ], [ 74.968736420249627, 31.303364432622573 ], [ 74.985101430286875, 31.292705389841899 ], [ 74.986613247303694, 31.283008926520722 ], [ 74.964689027676684, 31.28028557072264 ], [ 74.974065873741324, 31.221501633393757 ], [ 74.966159698911099, 31.212858391301779 ], [ 74.968883117661903, 31.197351145638891 ], [ 74.945215528973733, 31.207300325649612 ], [ 74.948562999882711, 31.217998999754116 ], [ 74.935294999564576, 31.239837999624115 ], [ 74.911178999910987, 31.236155999799621 ], [ 74.909004000334448, 31.252882000404099 ], [ 74.892700000304899, 31.252239000429597 ], [ 74.891379999687274, 31.264176999668848 ], [ 74.905364999794926, 31.269634000409042 ], [ 74.901146000387712, 31.28555900004784 ] ] ] } },
{ "type": "Feature", "properties": { "pincode": "143411", "state": "Punjab", "district": "Tarn Taran", "officename": "Dhotian", "officetype": "S.O" }, "geometry": { "type": "Polygon", "coordinates": [ [ [ 74.908067033566795, 31.366465837028784 ], [ 74.911199698707264, 31.379949190802733 ], [ 74.920241247835293, 31.382603454386071 ], [ 74.916220416738952, 31.388195756329196 ], [ 74.927388670950506, 31.395658554598697 ], [ 74.91393108095474, 31.431783028863777 ], [ 74.932570725558719, 31.423757232510411 ], [ 74.946904395521642, 31.434937550227858 ], [ 74.972477141307138, 31.430032368099489 ], [ 74.98935978762421, 31.423247901469551 ], [ 74.996467373470637, 31.408939765957427 ], [ 75.01411375284755, 31.410326439613527 ], [ 75.01332287375169, 31.395957259919783 ], [ 75.035296000310325, 31.393017307802666 ], [ 75.029070158361321, 31.381304152564724 ], [ 75.044145056749016, 31.363844777314625 ], [ 75.06286611697783, 31.359399192818728 ], [ 75.051927350866606, 31.347510733633442 ], [ 75.066427905323678, 31.339827539409498 ], [ 75.072488977983994, 31.32398499141425 ], [ 75.0312682156557, 31.321968318383369 ], [ 75.017139881600315, 31.333106196194024 ], [ 74.981777973974374, 31.325727565474779 ], [ 74.982122159809933, 31.332685362039967 ], [ 74.99717140593566, 31.335048388272639 ], [ 75.003109647392478, 31.343975302618333 ], [ 74.98703117484888, 31.355557399654231 ], [ 74.960043764907937, 31.357155860054945 ], [ 74.952855658262024, 31.365073634340717 ], [ 74.927574698413821, 31.355289519495841 ], [ 74.908067033566795, 31.366465837028784 ] ] ] } },
{ "type": "Feature", "properties": { "pincode": "143412", "state": "Punjab", "district": "Tarn Taran", "officename": "Harike", "officetype": "S.O" }, "geometry": { "type": "Polygon", "coordinates": [ [ [ 74.869611849307432, 31.200097070823233 ], [ 74.886017086919196, 31.252285105972931 ], [ 74.909004000334448, 31.252882000404099 ], [ 74.911178999910987, 31.236155999799621 ], [ 74.935294999564576, 31.239837999624115 ], [ 74.948562999882711, 31.217998999754116 ], [ 74.945215528973733, 31.207300325649612 ], [ 74.961582111924997, 31.195388565929647 ], [ 74.953124999819124, 31.179361000409926 ], [ 74.970512000328654, 31.166438999859963 ], [ 74.96999399982343, 31.153953999677469 ], [ 74.94920299971875, 31.149851000223521 ], [ 74.921370999572105, 31.161224000387392 ], [ 74.886821786796077, 31.153891453627921 ], [ 74.869611849307432, 31.200097070823233 ] ] ] } },
{ "type": "Feature", "properties": { "pincode": "143413", "state": "Punjab", "district": "Tarn Taran", "officename": "Bundala (Amritsar)", "officetype": "S.O" }, "geometry": { "type": "Polygon", "coordinates": [ [ [ 74.625349131457313, 31.191284723811123 ], [ 74.618210621523019, 31.237156762674488 ], [ 74.664276559615587, 31.237515316978431 ], [ 74.677761881105994, 31.219252178944942 ], [ 74.669899500561485, 31.210410594073721 ], [ 74.675430041563175, 31.198217764738217 ], [ 74.665982021353443, 31.196760562650013 ], [ 74.674069167658047, 31.187052573617621 ], [ 74.669555755393901, 31.173399051025626 ], [ 74.632953998328503, 31.170115502128851 ], [ 74.617061311330588, 31.177579996519796 ], [ 74.625349131457313, 31.191284723811123 ] ] ] } },
{ "type": "Feature", "properties": { "pincode": "143414", "state": "Punjab", "district": "Tarn Taran", "officename": "Sarai Amant Khan", "officetype": "S.O" }, "geometry": { "type": "Polygon", "coordinates": [ [ [ 74.620610670146505, 31.497312333897185 ], [ 74.631861759112951, 31.520808024370922 ], [ 74.652471655542627, 31.53549141999315 ], [ 74.666468404393413, 31.534646552796175 ], [ 74.672399246228338, 31.512841844075979 ], [ 74.687885076335249, 31.513893349398586 ], [ 74.692264904202034, 31.539838872266216 ], [ 74.710005913841883, 31.533926903603685 ], [ 74.718979021864357, 31.5116677647556 ], [ 74.736189706689743, 31.503445530387069 ], [ 74.695201589981423, 31.472826603165288 ], [ 74.685207497827889, 31.450983146255226 ], [ 74.671065199999077, 31.446572494125292 ], [ 74.636627057093165, 31.45301787227703 ], [ 74.639480590656945, 31.471843719712126 ], [ 74.620610670146505, 31.497312333897185 ] ] ] } },
{ "type": "Feature", "properties": { "pincode": "143415", "state": "Punjab", "district": "Tarn Taran", "officename": "Kairon", "officetype": "S.O" }, "geometry": { "type": "Polygon", "coordinates": [ [ [ 74.787893562138379, 31.310819748532651 ], [ 74.794426000060014, 31.337739999801329 ], [ 74.787246999949332, 31.35352900036321 ], [ 74.807952999731299, 31.363918000115802 ], [ 74.772208999845532, 31.378924999688934 ], [ 74.778118672538767, 31.388610533549411 ], [ 74.802575553019381, 31.390696728671116 ], [ 74.8350999233229, 31.368296586018744 ], [ 74.854853014954926, 31.375200287463372 ], [ 74.874847521496065, 31.358179855116305 ], [ 74.910445924739747, 31.363626851797903 ], [ 74.918325108217289, 31.345432390492476 ], [ 74.912142438223043, 31.336929359002909 ], [ 74.922481417683343, 31.334274870588786 ], [ 74.92182843883154, 31.317686715369746 ], [ 74.90721100038752, 31.299121999580734 ], [ 74.890297000106614, 31.307359999964092 ], [ 74.846734749409279, 31.307052769070026 ], [ 74.839805132201207, 31.31608888719262 ], [ 74.821442000348043, 31.314371000421431 ], [ 74.818366319849872, 31.307736025397276 ], [ 74.787893562138379, 31.310819748532651 ] ] ] } },
{ "type": "Feature", "properties": { "pincode": "143416", "state": "Punjab", "district": "Tarn Taran", "officename": "Patti (Tarn Taran)", "officetype": "S.O" }, "geometry": { "type": "Polygon", "coordinates": [ [ [ 74.669555755393901, 31.173399051025626 ], [ 74.674069167658047, 31.187052573617621 ], [ 74.665982021353443, 31.196760562650013 ], [ 74.675430041563175, 31.198217764738217 ], [ 74.669899500561485, 31.210410594073721 ], [ 74.677761881105994, 31.219252178944942 ], [ 74.665660025390025, 31.233569377824722 ], [ 74.667748598319235, 31.242950897665878 ], [ 74.686803602904092, 31.240508096171823 ], [ 74.71640383566853, 31.25832063518925 ], [ 74.750563798480584, 31.257131867241924 ], [ 74.775309824489, 31.266233187111936 ], [ 74.796525935024022, 31.244328180601201 ], [ 74.815704760066808, 31.247285429379133 ], [ 74.831473999825448, 31.296666999682429 ], [ 74.847213999926225, 31.307586999640421 ], [ 74.890297000106614, 31.307359999964092 ], [ 74.911110000326232, 31.294458000336476 ], [ 74.901146000387712, 31.28555900004784 ], [ 74.905364999794926, 31.269634000409042 ], [ 74.891379999687274, 31.264176999668848 ], [ 74.892700000304899, 31.252239000429597 ], [ 74.880011380121175, 31.247390524153445 ], [ 74.887360725317421, 31.239613661941121 ], [ 74.880440285690725, 31.228434642844547 ], [ 74.848333458022921, 31.231339610434759 ], [ 74.825258161035435, 31.200646563787927 ], [ 74.78917691628169, 31.187499705746973 ], [ 74.780707382739649, 31.164351402695161 ], [ 74.789993497102273, 31.152311837621369 ], [ 74.787455336894368, 31.130508564218985 ], [ 74.764655999574813, 31.128811000327573 ], [ 74.759682000424107, 31.111765000254593 ], [ 74.744925999835232, 31.115809999731823 ], [ 74.744437999814011, 31.104237000237504 ], [ 74.727204883198851, 31.103733870921474 ], [ 74.712563000282444, 31.104711999659116 ], [ 74.705924999938929, 31.114634000358933 ], [ 74.692497075879487, 31.112793763521381 ], [ 74.678021509085568, 31.152160731732522 ], [ 74.684196614882012, 31.163146722143551 ], [ 74.669555755393901, 31.173399051025626 ] ] ] } },
{ "type": "Feature", "properties": { "pincode": "143419", "state": "Punjab", "district": "Tarn Taran", "officename": "Khem Karan", "officetype": "S.O" }, "geometry": { "type": "Polygon", "coordinates": [ [ [ 74.502979042548816, 31.175298725855669 ], [ 74.518900777648923, 31.215833182255608 ], [ 74.51039568761081, 31.23366649651183 ], [ 74.525168554085667, 31.257798522084329 ], [ 74.560609447368165, 31.268025414541341 ], [ 74.595695117435923, 31.246115030984072 ], [ 74.613351143840191, 31.290239646642419 ], [ 74.634357930873989, 31.289789283248922 ], [ 74.636814875106438, 31.315295826341469 ], [ 74.649943050631407, 31.319047629744375 ], [ 74.665553408063317, 31.296771435253731 ], [ 74.667748598319235, 31.242950897665878 ], [ 74.618210621523019, 31.237156762674488 ], [ 74.626514817404882, 31.206260879336241 ], [ 74.617061311330588, 31.177579996519796 ], [ 74.637954599425427, 31.168158063843578 ], [ 74.669555755393901, 31.173399051025626 ], [ 74.684196614882012, 31.163146722143551 ], [ 74.678021509085568, 31.152160731732522 ], [ 74.6836615560361, 31.122949652704335 ], [ 74.712563000282444, 31.104711999659116 ], [ 74.707578838792529, 31.075200602825646 ], [ 74.687149047790513, 31.065093993792971 ], [ 74.664436340364887, 31.10667228699657 ], [ 74.617561340683437, 31.119049072656765 ], [ 74.594233153437528, 31.11188294813968 ], [ 74.602077439622235, 31.113180311921951 ], [ 74.602969673211987, 31.103237303958451 ], [ 74.593055072134064, 31.092551787834793 ], [ 74.579005996229853, 31.096039933396185 ], [ 74.561913713447325, 31.08524884585762 ], [ 74.542095327437494, 31.090852903738664 ], [ 74.533187769200367, 31.171976088825431 ], [ 74.502979042548816, 31.175298725855669 ] ] ] } },
{ "type": "Feature", "properties": { "pincode": "143422", "state": "Punjab", "district": "Tarn Taran", "officename": "Goindwal", "officetype": "S.O" }, "geometry": { "type": "Polygon", "coordinates": [ [ [ 75.09734541645787, 31.338704836559032 ], [ 75.103291635800417, 31.35691134158526 ], [ 75.09606559934798, 31.371054207785562 ], [ 75.11189162859597, 31.387018248793254 ], [ 75.163293353205688, 31.380107827614324 ], [ 75.160384999668111, 31.363809999631883 ], [ 75.17272200022029, 31.36318200034907 ], [ 75.133743000439324, 31.311137999718937 ], [ 75.121878125974888, 31.326685173482076 ], [ 75.09734541645787, 31.338704836559032 ] ] ] } },
{ "type": "Feature", "properties": { "pincode": "143501", "state": "Punjab", "district": "Amritsar", "officename": "Verka", "officetype": "S.O" }, "geometry": { "type": "Polygon", "coordinates": [ [ [ 74.915739331604925, 31.614345656027126 ], [ 74.93604215092472, 31.627320762443276 ], [ 74.909825530124238, 31.667689138343121 ], [ 74.93709303391654, 31.702732994432267 ], [ 74.935395157960272, 31.717883489831308 ], [ 74.95453896160393, 31.721458463137651 ], [ 74.957042458342926, 31.712706520889412 ], [ 74.970542465762435, 31.709463149205135 ], [ 74.96779174629205, 31.694362629132172 ], [ 74.984199393187623, 31.682312789303865 ], [ 75.01274166799368, 31.682584024832977 ], [ 75.016643515186217, 31.662584861602113 ], [ 74.978777990312039, 31.648734755304872 ], [ 74.986114401458508, 31.626890168846387 ], [ 74.999574211880486, 31.621652545128939 ], [ 74.934683483955723, 31.604951579851729 ], [ 74.915739331604925, 31.614345656027126 ] ] ] } },
{ "type": "Feature", "properties": { "pincode": "143502", "state": "Punjab", "district": "Amritsar", "officename": "Kathunangal", "officetype": "S.O" }, "geometry": { "type": "Polygon", "coordinates": [ [ [ 74.954391578908371, 31.721369845741776 ], [ 74.966858223028566, 31.740113651623915 ], [ 74.984671750401048, 31.740764668155123 ], [ 74.998569486592601, 31.760483742031113 ], [ 75.018821743328772, 31.754663404392772 ], [ 75.059820825470865, 31.759824463428345 ], [ 75.068595974724474, 31.767218418595235 ], [ 75.084903969542665, 31.754069795184932 ], [ 75.080542066063572, 31.738592943010133 ], [ 75.063408116791209, 31.729939397385522 ], [ 75.038557305375434, 31.731256769284585 ], [ 75.042265661631063, 31.716899634210847 ], [ 75.035166679598831, 31.713847674230863 ], [ 75.04632426964946, 31.69957319404773 ], [ 75.042600200438926, 31.678188451635833 ], [ 75.05002114426054, 31.662905045431614 ], [ 75.017717019724785, 31.671202392076907 ], [ 75.00064952855314, 31.68738735963899 ], [ 74.979155610243424, 31.685103075346774 ], [ 74.96779174629205, 31.694362629132172 ], [ 74.970542465762435, 31.709463149205135 ], [ 74.957042458342926, 31.712706520889412 ], [ 74.954391578908371, 31.721369845741776 ] ] ] } },
{ "type": "Feature", "properties": { "pincode": "143504", "state": "Punjab", "district": "Amritsar", "officename": "Chawinda Devi", "officetype": "S.O" }, "geometry": { "type": "Polygon", "coordinates": [ [ [ 75.109657424850411, 31.688447396829986 ], [ 75.090036849221292, 31.672079004442537 ], [ 75.049274856249781, 31.671666317246832 ], [ 75.042600200438926, 31.678188451635833 ], [ 75.04632426964946, 31.69957319404773 ], [ 75.035166679598831, 31.713847674230863 ], [ 75.042265661631063, 31.716899634210847 ], [ 75.038557305375434, 31.731256769284585 ], [ 75.063408116791209, 31.729939397385522 ], [ 75.098541000366936, 31.760468000298033 ], [ 75.117531000155736, 31.750360000013927 ], [ 75.119934000353851, 31.757785999824023 ], [ 75.144897000396384, 31.758233999799302 ], [ 75.151390000348329, 31.748576999628938 ], [ 75.134453744544828, 31.739405922945082 ], [ 75.145534744732686, 31.730370951458383 ], [ 75.130924528744174, 31.728975947382196 ], [ 75.126468215335933, 31.712451244729209 ], [ 75.109859753424928, 31.714033015511291 ], [ 75.08663157079053, 31.703538180842429 ], [ 75.109570857908864, 31.697527545759783 ], [ 75.109657424850411, 31.688447396829986 ] ] ] } },
{ "type": "Feature", "properties": { "pincode": "143505", "state": "Punjab", "district": "Gurdaspur", "officename": "Batala", "officetype": "H.O" }, "geometry": { "type": "Polygon", "coordinates": [ [ [ 75.162441451511768, 31.810735753552308 ], [ 75.144217419598363, 31.826751034332801 ], [ 75.173886251749252, 31.82475192685996 ], [ 75.157606394919185, 31.838132041160748 ], [ 75.16524076674807, 31.848930915029825 ], [ 75.175352841860274, 31.853520877586561 ], [ 75.189414979517778, 31.846061516525822 ], [ 75.211579049233876, 31.85654844165731 ], [ 75.222249124897246, 31.84572977640812 ], [ 75.217430932391835, 31.832197639809294 ], [ 75.231064995453323, 31.795689921252972 ], [ 75.22599475985038, 31.787966722486431 ], [ 75.215320040087875, 31.793676311312822 ], [ 75.198930230345923, 31.783482646107416 ], [ 75.162993726979096, 31.79576726474761 ], [ 75.162441451511768, 31.810735753552308 ] ] ] } },
{ "type": "Feature", "properties": { "pincode": "143506", "state": "Punjab", "district": "Gurdaspur", "officename": "Govt. Poly. Tech Batala", "officetype": "S.O" }, "geometry": { "type": "Polygon", "coordinates": [ [ [ 75.098541000366936, 31.760468000298033 ], [ 75.114280999568507, 31.774281999714731 ], [ 75.119041886374021, 31.803890169895567 ], [ 75.144315364762349, 31.81076492666017 ], [ 75.142478988714515, 31.824324938645077 ], [ 75.162441451511768, 31.810735753552308 ], [ 75.162993726979096, 31.79576726474761 ], [ 75.170177647280582, 31.791987993351313 ], [ 75.198930230345923, 31.783482646107416 ], [ 75.215320040087875, 31.793676311312822 ], [ 75.22599475985038, 31.787966722486431 ], [ 75.231064995453323, 31.795689921252972 ], [ 75.217430932391835, 31.832197639809294 ], [ 75.218697569937092, 31.852172140931543 ], [ 75.207501807262645, 31.856253890304913 ], [ 75.187613639258075, 31.845931068963694 ], [ 75.175352841860274, 31.853520877586561 ], [ 75.155934834924722, 31.834235061998641 ], [ 75.133619059472153, 31.856119782501992 ], [ 75.144124011514066, 31.863544755286341 ], [ 75.129826255977036, 31.886053749181428 ], [ 75.152849834752089, 31.882101815146825 ], [ 75.172966873022858, 31.894910561373536 ], [ 75.195884999992927, 31.892887000434825 ], [ 75.201926999831301, 31.901080999688475 ], [ 75.210448999821608, 31.896935000050291 ], [ 75.208214000175985, 31.88652800036698 ], [ 75.246414000006212, 31.875837000177626 ], [ 75.253517159389332, 31.844392219225597 ], [ 75.277006318087274, 31.851189372591421 ], [ 75.279278102702278, 31.83298939844201 ], [ 75.320569492388245, 31.776762874906922 ], [ 75.343385211758175, 31.775224182550119 ], [ 75.339106433515212, 31.754779247864121 ], [ 75.312724869856936, 31.747742058249571 ], [ 75.313818606443533, 31.729705073630271 ], [ 75.286779306520032, 31.721080407035174 ], [ 75.29373663453805, 31.711942964096693 ], [ 75.290093708458016, 31.696090932750451 ], [ 75.2514799998022, 31.693135999726678 ], [ 75.240662000051429, 31.68311099967292 ], [ 75.226806999643316, 31.685489999663901 ], [ 75.212554999813449, 31.70544199974853 ], [ 75.193764000208546, 31.712276000137422 ], [ 75.202941999873531, 31.727847999685537 ], [ 75.190720000128124, 31.741220000302917 ], [ 75.151390000348329, 31.748576999628938 ], [ 75.144897000396384, 31.758233999799302 ], [ 75.119934000353851, 31.757785999824023 ], [ 75.117531000155736, 31.750360000013927 ], [ 75.098541000366936, 31.760468000298033 ] ] ] } },
{ "type": "Feature", "properties": { "pincode": "143507", "state": "Punjab", "district": "Gurdaspur", "officename": "Aliwal", "officetype": "S.O" }, "geometry": { "type": "Polygon", "coordinates": [ [ [ 75.058219184168081, 31.807803388115985 ], [ 75.07273236870401, 31.8148766504371 ], [ 75.080420177349538, 31.830637610137785 ], [ 75.098636216987984, 31.834268446631484 ], [ 75.098869406697816, 31.845990450299098 ], [ 75.092431200639624, 31.845171444007008 ], [ 75.08193744245898, 31.864775631290513 ], [ 75.096410220455482, 31.870451140307921 ], [ 75.133619059472153, 31.856119782501992 ], [ 75.146917034193905, 31.837571373220271 ], [ 75.174512124135333, 31.829796903204738 ], [ 75.173056816918574, 31.823543019494821 ], [ 75.139506557581626, 31.823130900670606 ], [ 75.144315364762349, 31.81076492666017 ], [ 75.119041886374021, 31.803890169895567 ], [ 75.113045000126704, 31.779987000199924 ], [ 75.086867999858498, 31.790871000296477 ], [ 75.07684299980474, 31.806086999615502 ], [ 75.058219184168081, 31.807803388115985 ] ] ] } },
{ "type": "Feature", "properties": { "pincode": "143511", "state": "Punjab", "district": "Gurdaspur", "officename": "Bhagowal", "officetype": "S.O" }, "geometry": { "type": "Polygon", "coordinates": [ [ [ 75.082557158086388, 31.907278629005646 ], [ 75.109692519993928, 31.915837506595722 ], [ 75.1153420745772, 31.92853366939346 ], [ 75.108486647840664, 31.952238847944557 ], [ 75.098207937346558, 31.957329778746328 ], [ 75.140386186273645, 31.991830920061034 ], [ 75.167579898893337, 31.990774015208672 ], [ 75.189842724062487, 31.968147660686043 ], [ 75.203503117475009, 31.974317777943156 ], [ 75.212174736774784, 31.964415471496864 ], [ 75.205346867064293, 31.959025977466979 ], [ 75.237188826403383, 31.937062713773344 ], [ 75.234373471758488, 31.92850747304152 ], [ 75.212497096963432, 31.920216143760229 ], [ 75.212647568830448, 31.905868435380114 ], [ 75.195884999992927, 31.892887000434825 ], [ 75.172966873022858, 31.894910561373536 ], [ 75.146087290895821, 31.880895930402971 ], [ 75.129826255977036, 31.886053749181428 ], [ 75.144124011514066, 31.863544755286341 ], [ 75.133619059472153, 31.856119782501992 ], [ 75.096410220455482, 31.870451140307921 ], [ 75.083349712619338, 31.86722090052433 ], [ 75.077077445867474, 31.875734144715182 ], [ 75.09145545510529, 31.900341906254027 ], [ 75.082557158086388, 31.907278629005646 ] ] ] } },
{ "type": "Feature", "properties": { "pincode": "143512", "state": "Punjab", "district": "Gurdaspur", "officename": "Kalanaur (Gurdaspur)", "officetype": "S.O" }, "geometry": { "type": "Polygon", "coordinates": [ [ [ 75.075791595205999, 31.990769330640205 ], [ 75.089534131794892, 32.010739105825166 ], [ 75.121211295764624, 32.02048195797596 ], [ 75.094452632882735, 32.058712778472 ], [ 75.110939026215192, 32.060245513719508 ], [ 75.126693725734924, 32.074295043781376 ], [ 75.171905517425671, 32.066116333002526 ], [ 75.194351196350794, 32.080928802922131 ], [ 75.205009460318365, 32.115600586098196 ], [ 75.222709656026041, 32.112529754744571 ], [ 75.223571777615632, 32.091011047521874 ], [ 75.233428955182262, 32.084362029584042 ], [ 75.23557076887613, 32.039802339006826 ], [ 75.249002881078184, 32.022532848412311 ], [ 75.243409706792704, 32.013502951799978 ], [ 75.252788699538883, 31.989564193233093 ], [ 75.244028065343002, 31.988835619168526 ], [ 75.244072980183944, 31.972655731876728 ], [ 75.212174736774784, 31.964415471496864 ], [ 75.203503117475009, 31.974317777943156 ], [ 75.189842724062487, 31.968147660686043 ], [ 75.167579898893337, 31.990774015208672 ], [ 75.140386186273645, 31.991830920061034 ], [ 75.130713752837607, 31.978777318118887 ], [ 75.090775421048818, 31.967213557359969 ], [ 75.066991968204889, 31.98965014503824 ], [ 75.075791595205999, 31.990769330640205 ] ] ] } },
{ "type": "Feature", "properties": { "pincode": "143513", "state": "Punjab", "district": "Gurdaspur", "officename": "Kala Afgana", "officetype": "S.O" }, "geometry": { "type": "Polygon", "coordinates": [ [ [ 74.96218498774698, 31.926019791779993 ], [ 74.965814448278195, 31.931925237659698 ], [ 74.987334740106235, 31.9240618750556 ], [ 75.000328029914783, 31.933612963867176 ], [ 74.995796649196109, 31.950818063902716 ], [ 75.007149925428848, 31.955951020023633 ], [ 75.019024921762878, 31.948850492056636 ], [ 75.013870593253273, 31.905932852019589 ], [ 75.048021771487583, 31.908482115257414 ], [ 75.059169155132565, 31.901218507827934 ], [ 75.074044218765835, 31.90885758580913 ], [ 75.09145545510529, 31.900341906254027 ], [ 75.077077445867474, 31.875734144715182 ], [ 75.083349712619338, 31.86722090052433 ], [ 75.046910810185807, 31.882912583648931 ], [ 75.021309343651467, 31.873319438041619 ], [ 75.013030566207817, 31.888003597188401 ], [ 74.98243309141418, 31.898692288818324 ], [ 74.96218498774698, 31.926019791779993 ] ] ] } },
{ "type": "Feature", "properties": { "pincode": "143514", "state": "Punjab", "district": "Gurdaspur", "officename": "Ghoman", "officetype": "S.O" }, "geometry": { "type": "Polygon", "coordinates": [ [ [ 75.288453659808738, 31.718881587115618 ], [ 75.337321647975728, 31.730877058429428 ], [ 75.363697837285372, 31.74906052732149 ], [ 75.374403316560006, 31.739185005383831 ], [ 75.403866483651484, 31.737366668836728 ], [ 75.411951549824323, 31.722171039162333 ], [ 75.404511655488704, 31.709883978862649 ], [ 75.411364181012232, 31.701118995545187 ], [ 75.425935088533492, 31.702649754082927 ], [ 75.422453365930323, 31.692366693568147 ], [ 75.430151255975716, 31.676690118154568 ], [ 75.412105818628618, 31.672686033333889 ], [ 75.415759437648035, 31.652108400082625 ], [ 75.392664427521311, 31.631306542463108 ], [ 75.416419999583525, 31.612310000106504 ], [ 75.41345999977932, 31.5994430002944 ], [ 75.404899999835266, 31.594427000106066 ], [ 75.374893000112024, 31.623840000315852 ], [ 75.337799000023949, 31.640758999928039 ], [ 75.328362000106267, 31.635175999672697 ], [ 75.300911000442454, 31.651790999655077 ], [ 75.31259200042058, 31.668601999682664 ], [ 75.308440999652589, 31.676461999721596 ], [ 75.284491999606189, 31.681547000393891 ], [ 75.29373663453805, 31.711942964096693 ], [ 75.288453659808738, 31.718881587115618 ] ] ] } },
{ "type": "Feature", "properties": { "pincode": "143515", "state": "Punjab", "district": "Gurdaspur", "officename": "Srihargobindpur", "officetype": "S.O" }, "geometry": { "type": "Polygon", "coordinates": [ [ [ 75.395162515737638, 31.627348714271875 ], [ 75.394261299719346, 31.63511367665501 ], [ 75.417185799285392, 31.655602486565726 ], [ 75.412105818628618, 31.672686033333889 ], [ 75.430151255975716, 31.676690118154568 ], [ 75.422453365930323, 31.692366693568147 ], [ 75.425935088533492, 31.702649754082927 ], [ 75.411364181012232, 31.701118995545187 ], [ 75.404511655488704, 31.709883978862649 ], [ 75.411951549824323, 31.722171039162333 ], [ 75.407092789800515, 31.742943280308339 ], [ 75.427104833121632, 31.731853909230608 ], [ 75.443290134332358, 31.737685894888216 ], [ 75.458087037886571, 31.733361028188938 ], [ 75.497188652134696, 31.714409451035465 ], [ 75.517558068949825, 31.718221108817033 ], [ 75.496330000129376, 31.699985999953981 ], [ 75.467979000330729, 31.634607000412871 ], [ 75.429771000131666, 31.62990999964677 ], [ 75.419571000101826, 31.612217000314445 ], [ 75.395162515737638, 31.627348714271875 ] ] ] } },
{ "type": "Feature", "properties": { "pincode": "143516", "state": "Punjab", "district": "Gurdaspur", "officename": "Qadian", "officetype": "S.O" }, "geometry": { "type": "Polygon", "coordinates": [ [ [ 75.320569492388245, 31.776762874906922 ], [ 75.279278102702278, 31.83298939844201 ], [ 75.276021484903765, 31.848892605709182 ], [ 75.282607455869481, 31.856685530712753 ], [ 75.292152000314616, 31.845280000271941 ], [ 75.3099289999235, 31.848265000329604 ], [ 75.313010999957669, 31.839942999669802 ], [ 75.338866999812296, 31.828758000081734 ], [ 75.340355000083377, 31.844124000022646 ], [ 75.355331000025728, 31.834337000152573 ], [ 75.368967877065984, 31.853299698322473 ], [ 75.359159771906093, 31.877656334072583 ], [ 75.394584577216563, 31.881730100164134 ], [ 75.405075365835557, 31.892179171032069 ], [ 75.416638144534886, 31.888942329325232 ], [ 75.413782890568086, 31.878902288110282 ], [ 75.434512948114218, 31.870210947577334 ], [ 75.43821600376566, 31.875679076528172 ], [ 75.448237326491608, 31.867189482708625 ], [ 75.462074581476827, 31.870542074357331 ], [ 75.442368524388087, 31.857760162101783 ], [ 75.453450723372384, 31.850102905225071 ], [ 75.453410259276154, 31.831921015542491 ], [ 75.436806198647332, 31.833798745116098 ], [ 75.420401093235967, 31.823971676851386 ], [ 75.418903697747623, 31.812085548709206 ], [ 75.391280522877992, 31.798398096495077 ], [ 75.402462637440863, 31.782706334230056 ], [ 75.426048550600285, 31.782286260902254 ], [ 75.419079603341174, 31.764765722759819 ], [ 75.402415487784594, 31.751295960440245 ], [ 75.403866483651484, 31.737366668836728 ], [ 75.374403316560006, 31.739185005383831 ], [ 75.363697837285372, 31.74906052732149 ], [ 75.337321647975728, 31.730877058429428 ], [ 75.313818606443533, 31.729705073630271 ], [ 75.312724869856936, 31.747742058249571 ], [ 75.339106433515212, 31.754779247864121 ], [ 75.343385211758175, 31.775224182550119 ], [ 75.320569492388245, 31.776762874906922 ] ] ] } },
{ "type": "Feature", "properties": { "pincode": "143517", "state": "Punjab", "district": "Gurdaspur", "officename": "Bhattian", "officetype": "S.O" }, "geometry": { "type": "Polygon", "coordinates": [ [ [ 75.442368524388087, 31.857760162101783 ], [ 75.478782275481819, 31.873503976227596 ], [ 75.47680667538782, 31.889400515021919 ], [ 75.499596219090279, 31.889087336011869 ], [ 75.500702974262936, 31.908340310157314 ], [ 75.509301556921287, 31.910214287759231 ], [ 75.511211293366728, 31.90149448638158 ], [ 75.525351346487469, 31.907033911785788 ], [ 75.526977866635377, 31.915264264334439 ], [ 75.540940977244475, 31.914208268696825 ], [ 75.543748710134878, 31.924762958643782 ], [ 75.552383000375187, 31.920340000190947 ], [ 75.553641999978424, 31.886312000298631 ], [ 75.572783999581986, 31.855495000094322 ], [ 75.564667000281872, 31.838233999999147 ], [ 75.573607999809497, 31.778446000182896 ], [ 75.549422999671833, 31.774975000196264 ], [ 75.549544999901968, 31.781983999661861 ], [ 75.529296999656992, 31.786883999896759 ], [ 75.536284999952898, 31.809112999765318 ], [ 75.529082999680668, 31.82559599995551 ], [ 75.533209886027635, 31.838308222846365 ], [ 75.513650138742832, 31.82335175887664 ], [ 75.498065362526631, 31.832715380410605 ], [ 75.470271437876647, 31.815920408999659 ], [ 75.453410259276154, 31.831921015542491 ], [ 75.453450723372384, 31.850102905225071 ], [ 75.442368524388087, 31.857760162101783 ] ] ] } },
{ "type": "Feature", "properties": { "pincode": "143518", "state": "Punjab", "district": "Gurdaspur", "officename": "Naushera Majja Singh", "officetype": "S.O" }, "geometry": { "type": "Polygon", "coordinates": [ [ [ 75.212180999653526, 31.886727999697484 ], [ 75.204292000075839, 31.901059999619235 ], [ 75.212647568830448, 31.905868435380114 ], [ 75.212497096963432, 31.920216143760229 ], [ 75.2427472670729, 31.93773787890018 ], [ 75.283605000070679, 31.918659043180412 ], [ 75.310883302022887, 31.926798592081411 ], [ 75.318266720732709, 31.902761587077578 ], [ 75.353813368891906, 31.905988638764768 ], [ 75.363312148636908, 31.927969128072903 ], [ 75.373356940970098, 31.919090362530426 ], [ 75.387324702872775, 31.924665640307069 ], [ 75.409281956397308, 31.908620384223468 ], [ 75.394584577216563, 31.881730100164134 ], [ 75.359159771906093, 31.877656334072583 ], [ 75.368967877065984, 31.853299698322473 ], [ 75.355331000025728, 31.834337000152573 ], [ 75.340355000083377, 31.844124000022646 ], [ 75.338866999812296, 31.828758000081734 ], [ 75.313010999957669, 31.839942999669802 ], [ 75.3099289999235, 31.848265000329604 ], [ 75.292152000314616, 31.845280000271941 ], [ 75.282607455869481, 31.856685530712753 ], [ 75.257864816707979, 31.842397311586694 ], [ 75.246773896997865, 31.85369913760519 ], [ 75.252914220614912, 31.862856891732122 ], [ 75.246414000006212, 31.875837000177626 ], [ 75.212180999653526, 31.886727999697484 ] ] ] } },
{ "type": "Feature", "properties": { "pincode": "143519", "state": "Punjab", "district": "Gurdaspur", "officename": "Dhariwal", "officetype": "S.O" }, "geometry": { "type": "Polygon", "coordinates": [ [ [ 75.205346867064293, 31.959025977466979 ], [ 75.244072980183944, 31.972655731876728 ], [ 75.244028065343002, 31.988835619168526 ], [ 75.252788699538883, 31.989564193233093 ], [ 75.243409706792704, 32.013502951799978 ], [ 75.253241309439034, 32.024779563526181 ], [ 75.284274968914815, 32.000900438104793 ], [ 75.287194668299492, 32.008786015761984 ], [ 75.322656409665626, 32.004495601191138 ], [ 75.355195294127668, 31.967340787147577 ], [ 75.349110366950072, 31.957843326708314 ], [ 75.366940983239829, 31.952060422450643 ], [ 75.384023771879697, 31.924662669846441 ], [ 75.373356940970098, 31.919090362530426 ], [ 75.363312148636908, 31.927969128072903 ], [ 75.353813368891906, 31.905988638764768 ], [ 75.318266720732709, 31.902761587077578 ], [ 75.310883302022887, 31.926798592081411 ], [ 75.283605000070679, 31.918659043180412 ], [ 75.268232156289116, 31.930390456454631 ], [ 75.254731540927992, 31.92729072628606 ], [ 75.205346867064293, 31.959025977466979 ] ] ] } },
{ "type": "Feature", "properties": { "pincode": "143520", "state": "Punjab", "district": "Gurdaspur", "officename": "Sohal", "officetype": "S.O" }, "geometry": { "type": "Polygon", "coordinates": [ [ [ 75.267265024461494, 32.01028710746408 ], [ 75.270422704244538, 32.017526141818109 ], [ 75.260535484824857, 32.026578243591132 ], [ 75.277388859108726, 32.051880105482667 ], [ 75.310246188111194, 32.041653312850201 ], [ 75.311961397600498, 32.032371252631435 ], [ 75.334470007484867, 32.028797456537518 ], [ 75.332255150854678, 32.022441643667037 ], [ 75.382075538155618, 32.027400754541134 ], [ 75.380594057070084, 32.014638109361385 ], [ 75.39973379847612, 32.006046400221294 ], [ 75.401678889069558, 31.997962947432029 ], [ 75.377760561300875, 31.982542164389542 ], [ 75.375847670933354, 31.971755555474488 ], [ 75.355195294127668, 31.967340787147577 ], [ 75.322656409665626, 32.004495601191138 ], [ 75.287194668299492, 32.008786015761984 ], [ 75.284274968914815, 32.000900438104793 ], [ 75.267265024461494, 32.01028710746408 ] ] ] } },
{ "type": "Feature", "properties": { "pincode": "143521", "state": "Punjab", "district": "Gurdaspur", "officename": "Gurdaspur", "officetype": "H.O" }, "geometry": { "type": "Polygon", "coordinates": [ [ [ 75.262089142799937, 32.068152217351098 ], [ 75.265888809920739, 32.0776170989501 ], [ 75.291900224316123, 32.083872775008672 ], [ 75.35398556028548, 32.089683272265177 ], [ 75.380029855693465, 32.113615683417208 ], [ 75.395314520049169, 32.094958163888236 ], [ 75.43366470666092, 32.088751892985499 ], [ 75.438876372346783, 32.082315964909867 ], [ 75.432028773309298, 32.071724454919774 ], [ 75.460232354439768, 32.07202926843604 ], [ 75.476676349234197, 32.045614789590957 ], [ 75.468393401634216, 32.023388175623836 ], [ 75.439667335978811, 31.993785072223432 ], [ 75.402142682938461, 31.978643142866815 ], [ 75.39036199041368, 31.989208690328837 ], [ 75.401102517167544, 31.99375500788733 ], [ 75.39973379847612, 32.006046400221294 ], [ 75.379566241688849, 32.016920733505117 ], [ 75.384162892503525, 32.026469676534475 ], [ 75.332255150854678, 32.022441643667037 ], [ 75.334470007484867, 32.028797456537518 ], [ 75.311961397600498, 32.032371252631435 ], [ 75.310246188111194, 32.041653312850201 ], [ 75.277388859108726, 32.051880105482667 ], [ 75.271495029771984, 32.066832756326733 ], [ 75.262089142799937, 32.068152217351098 ] ] ] } },
{ "type": "Feature", "properties": { "pincode": "143525", "state": "Punjab", "district": "Gurdaspur", "officename": "Marara", "officetype": "S.O" }, "geometry": { "type": "Polygon", "coordinates": [ [ [ 75.314512904647017, 32.160104844263287 ], [ 75.317192077652408, 32.192806244312692 ], [ 75.340913282122301, 32.207158391746532 ], [ 75.376700999851266, 32.185665000439428 ], [ 75.395157000195468, 32.191504999955782 ], [ 75.399924999739085, 32.188061000315088 ], [ 75.393677000293451, 32.18200699992309 ], [ 75.411025999950084, 32.177669999570981 ], [ 75.398550302354522, 32.17034217694993 ], [ 75.401636643416396, 32.162841462363588 ], [ 75.392229559446832, 32.154325580461204 ], [ 75.38324737186889, 32.154936394599133 ], [ 75.380743802284712, 32.140881240177123 ], [ 75.36291297645289, 32.135316113048248 ], [ 75.352284010598737, 32.133737607704575 ], [ 75.352725451818173, 32.141935709665404 ], [ 75.336823852538885, 32.147009303336802 ], [ 75.334483729340718, 32.154858248909022 ], [ 75.314512904647017, 32.160104844263287 ] ] ] } },
{ "type": "Feature", "properties": { "pincode": "143526", "state": "Punjab", "district": "Gurdaspur", "officename": "Dorangla", "officetype": "S.O" }, "geometry": { "type": "Polygon", "coordinates": [ [ [ 75.238717375306635, 32.032455752930616 ], [ 75.230394083220517, 32.079345934067646 ], [ 75.271972656113292, 32.112751006853614 ], [ 75.283264159713326, 32.142169952481481 ], [ 75.314512904647017, 32.160104844263287 ], [ 75.334483729340718, 32.154858248909022 ], [ 75.336823852538885, 32.147009303336802 ], [ 75.352725451818173, 32.141935709665404 ], [ 75.352284010598737, 32.133737607704575 ], [ 75.36291297645289, 32.135316113048248 ], [ 75.372624406291493, 32.111769603684422 ], [ 75.35398556028548, 32.089683272265177 ], [ 75.265888809920739, 32.0776170989501 ], [ 75.261174703150232, 32.069121099259291 ], [ 75.271495029771984, 32.066832756326733 ], [ 75.277388859108726, 32.051880105482667 ], [ 75.258175667373166, 32.021536666683915 ], [ 75.238717375306635, 32.032455752930616 ] ] ] } },
{ "type": "Feature", "properties": { "pincode": "143527", "state": "Punjab", "district": "Gurdaspur", "officename": "Harchowal", "officetype": "S.O" }, "geometry": { "type": "Polygon", "coordinates": [ [ [ 75.497188652134696, 31.714409451035465 ], [ 75.443290134332358, 31.737685894888216 ], [ 75.427104833121632, 31.731853909230608 ], [ 75.403651988148908, 31.746503305982969 ], [ 75.426048550600285, 31.782286260902254 ], [ 75.402462637440863, 31.782706334230056 ], [ 75.391873493566891, 31.796050631231822 ], [ 75.39422316216934, 31.804424379781494 ], [ 75.418903697747623, 31.812085548709206 ], [ 75.420401093235967, 31.823971676851386 ], [ 75.436806198647332, 31.833798745116098 ], [ 75.456939837503683, 31.83108159913661 ], [ 75.470271437876647, 31.815920408999659 ], [ 75.498065362526631, 31.832715380410605 ], [ 75.503310242873567, 31.825103204749269 ], [ 75.507636945089075, 31.822752206049529 ], [ 75.513650138742832, 31.82335175887664 ], [ 75.533209886027635, 31.838308222846365 ], [ 75.529082999680668, 31.82559599995551 ], [ 75.536284999952898, 31.809112999765318 ], [ 75.529296999656992, 31.786883999896759 ], [ 75.549544999901968, 31.781983999661861 ], [ 75.549422999671833, 31.774975000196264 ], [ 75.53807099957703, 31.772406000436661 ], [ 75.533073000218792, 31.734997000211479 ], [ 75.558797064133387, 31.715224399586418 ], [ 75.558936885329047, 31.705769103861201 ], [ 75.53047286772869, 31.705885160471723 ], [ 75.509759958455447, 31.720296722515911 ], [ 75.497188652134696, 31.714409451035465 ] ] ] } },
{ "type": "Feature", "properties": { "pincode": "143528", "state": "Punjab", "district": "Gurdaspur", "officename": "Kahnuwan", "officetype": "S.O" }, "geometry": { "type": "Polygon", "coordinates": [ [ [ 75.405075365835557, 31.892179171032069 ], [ 75.409281956397308, 31.908620384223468 ], [ 75.403541039687298, 31.913301765564199 ], [ 75.421047702189867, 31.93541420070494 ], [ 75.452664868788645, 31.928653991488488 ], [ 75.463790952890179, 31.960200709695073 ], [ 75.4959436234995, 31.969749868561564 ], [ 75.505909099225732, 31.96262514253641 ], [ 75.535375438226026, 31.96448314278291 ], [ 75.530457000090678, 31.943590000378435 ], [ 75.538399000313802, 31.940181999699632 ], [ 75.540940977244475, 31.914208268696825 ], [ 75.526977866635377, 31.915264264334439 ], [ 75.525351346487469, 31.907033911785788 ], [ 75.511211293366728, 31.90149448638158 ], [ 75.509301556921287, 31.910214287759231 ], [ 75.500702974262936, 31.908340310157314 ], [ 75.499596219090279, 31.889087336011869 ], [ 75.47680667538782, 31.889400515021919 ], [ 75.478782275481819, 31.873503976227596 ], [ 75.448237326491608, 31.867189482708625 ], [ 75.43821600376566, 31.875679076528172 ], [ 75.434512948114218, 31.870210947577334 ], [ 75.413782890568086, 31.878902288110282 ], [ 75.416638144534886, 31.888942329325232 ], [ 75.405075365835557, 31.892179171032069 ] ] ] } },
{ "type": "Feature", "properties": { "pincode": "143529", "state": "Punjab", "district": "Gurdaspur", "officename": "Tibber", "officetype": "S.O" }, "geometry": { "type": "Polygon", "coordinates": [ [ [ 75.353387056967335, 31.953558162379522 ], [ 75.355195294127668, 31.967340787147577 ], [ 75.375847670933354, 31.971755555474488 ], [ 75.377760561300875, 31.982542164389542 ], [ 75.397142324658716, 31.985666869630393 ], [ 75.402142682938461, 31.978643142866815 ], [ 75.419133614824489, 31.990016311203874 ], [ 75.426327157872095, 31.989921814040542 ], [ 75.437942420106822, 31.970745796681285 ], [ 75.463708316885288, 31.960121403879839 ], [ 75.452664868788645, 31.928653991488488 ], [ 75.421047702189867, 31.93541420070494 ], [ 75.403541039687298, 31.913301765564199 ], [ 75.384023771879697, 31.924662669846441 ], [ 75.366940983239829, 31.952060422450643 ], [ 75.353387056967335, 31.953558162379522 ] ] ] } },
{ "type": "Feature", "properties": { "pincode": "143530", "state": "Punjab", "district": "Gurdaspur", "officename": "Tibri", "officetype": "S.O" }, "geometry": { "type": "Polygon", "coordinates": [ [ [ 75.463708316885288, 31.960121403879839 ], [ 75.426327157872095, 31.989921814040542 ], [ 75.45872751886003, 32.012477287596823 ], [ 75.471109283167038, 32.036778222037526 ], [ 75.50250957735534, 32.02860576424473 ], [ 75.515368623563234, 32.044619443332749 ], [ 75.536118000345539, 32.031654000132107 ], [ 75.559218999957068, 32.000464999859844 ], [ 75.535375438226026, 31.96448314278291 ], [ 75.505909099225732, 31.96262514253641 ], [ 75.4959436234995, 31.969749868561564 ], [ 75.463708316885288, 31.960121403879839 ] ] ] } },
{ "type": "Feature", "properties": { "pincode": "143531", "state": "Punjab", "district": "Gurdaspur, Pathankot", "officename": "Dinanagar", "officetype": "S.O" }, "geometry": { "type": "Polygon", "coordinates": [ [ [ 75.431536677775568, 32.089354490017683 ], [ 75.439551685861773, 32.146396679763086 ], [ 75.430743991042448, 32.150850275419941 ], [ 75.42999803757931, 32.165879439684545 ], [ 75.469803967579196, 32.168831496676432 ], [ 75.472290000383339, 32.156512999675329 ], [ 75.505883026080824, 32.150207112668284 ], [ 75.503231943399442, 32.164808070136417 ], [ 75.539894983866475, 32.180550410273327 ], [ 75.54923963600038, 32.169009670360083 ], [ 75.552552463225709, 32.176238892211245 ], [ 75.566266749410943, 32.172781804736474 ], [ 75.576297937699678, 32.157573089026926 ], [ 75.576061749650137, 32.13812286927498 ], [ 75.550568000312978, 32.141064000403276 ], [ 75.533893506580171, 32.117004272229622 ], [ 75.538122470475685, 32.112527230347496 ], [ 75.506526114188944, 32.091795853496023 ], [ 75.549676591401635, 32.083977947124652 ], [ 75.551444666638076, 32.067327613678628 ], [ 75.576563887013833, 32.071443849354125 ], [ 75.5582959996608, 32.033694999824377 ], [ 75.536118000345539, 32.031654000132107 ], [ 75.514769492518212, 32.044685177479039 ], [ 75.50250957735534, 32.02860576424473 ], [ 75.472755860894381, 32.036663628623671 ], [ 75.476394612321485, 32.047411445282023 ], [ 75.465097326080922, 32.055472727984181 ], [ 75.460232354439768, 32.07202926843604 ], [ 75.432028773309298, 32.071724454919774 ], [ 75.438876372346783, 32.082315964909867 ], [ 75.431536677775568, 32.089354490017683 ] ] ] } },
{ "type": "Feature", "properties": { "pincode": "143532", "state": "Punjab", "district": "Gurdaspur", "officename": "Behrampur", "officetype": "S.O" }, "geometry": { "type": "Polygon", "coordinates": [ [ [ 75.372624406291493, 32.111769603684422 ], [ 75.36291297645289, 32.135316113048248 ], [ 75.380743802284712, 32.140881240177123 ], [ 75.38324737186889, 32.154936394599133 ], [ 75.401636643416396, 32.162841462363588 ], [ 75.400045624006452, 32.171980498001744 ], [ 75.411025999950084, 32.177669999570981 ], [ 75.433828448024542, 32.160974014739168 ], [ 75.430743991042448, 32.150850275419941 ], [ 75.439551685861773, 32.146396679763086 ], [ 75.431536677775568, 32.089354490017683 ], [ 75.395314520049169, 32.094958163888236 ], [ 75.388053932543016, 32.111258782466905 ], [ 75.372624406291493, 32.111769603684422 ] ] ] } },
{ "type": "Feature", "properties": { "pincode": "143533", "state": "Punjab", "district": "Gurdaspur", "officename": "Gharota", "officetype": "S.O" }, "geometry": { "type": "Polygon", "coordinates": [ [ [ 75.530852934715313, 32.105205843275087 ], [ 75.550568000312978, 32.141064000403276 ], [ 75.58496900031929, 32.138354999583726 ], [ 75.587250000287384, 32.108077999999807 ], [ 75.599173999780419, 32.110790000058614 ], [ 75.593643000124416, 32.081435999871474 ], [ 75.553121546122611, 32.06695839791189 ], [ 75.546889763252068, 32.070631418005632 ], [ 75.553388868701404, 32.076324856806934 ], [ 75.549676591401635, 32.083977947124652 ], [ 75.506526114188944, 32.091795853496023 ], [ 75.530852934715313, 32.105205843275087 ] ] ] } },
{ "type": "Feature", "properties": { "pincode": "143534", "state": "Punjab", "district": "Pathankot", "officename": "Taragarh (Gurdaspur)", "officetype": "S.O" }, "geometry": { "type": "Polygon", "coordinates": [ [ [ 75.390580098492876, 32.198451822093944 ], [ 75.412079419030022, 32.216826130721415 ], [ 75.401618192925298, 32.218511884715781 ], [ 75.426828465161634, 32.242817716864181 ], [ 75.427774740811685, 32.259241978734337 ], [ 75.484080158272775, 32.26297637935653 ], [ 75.512965618868293, 32.244750156694352 ], [ 75.504345049584458, 32.232697069414314 ], [ 75.509740715661621, 32.212998340900867 ], [ 75.503300733442074, 32.201131445659826 ], [ 75.526871039766775, 32.172391501666425 ], [ 75.503231943399442, 32.164808070136417 ], [ 75.505883026080824, 32.150207112668284 ], [ 75.472290000383339, 32.156512999675329 ], [ 75.469803967579196, 32.168831496676432 ], [ 75.425369000379192, 32.16449700003659 ], [ 75.393677000293451, 32.18200699992309 ], [ 75.40314116153553, 32.194065597349436 ], [ 75.390580098492876, 32.198451822093944 ] ] ] } },
{ "type": "Feature", "properties": { "pincode": "143601", "state": "Punjab", "district": "Amritsar", "officename": "Majitha", "officetype": "S.O" }, "geometry": { "type": "Polygon", "coordinates": [ [ [ 74.897999969523084, 31.774253969645088 ], [ 74.904638923147786, 31.764058120885693 ], [ 74.918846000043004, 31.774886999735315 ], [ 74.916977000188524, 31.79009100029964 ], [ 74.928215000422028, 31.796246999999141 ], [ 74.92847998116639, 31.806994982132778 ], [ 74.944387301033089, 31.810541412756038 ], [ 74.956239631753704, 31.831833889222821 ], [ 74.968811000127744, 31.834273999945196 ], [ 75.008956999765758, 31.824669000374229 ], [ 75.012549999982582, 31.817688000400949 ], [ 75.025818000300603, 31.823168000403143 ], [ 75.025642000278197, 31.813889999723926 ], [ 75.038879000065833, 31.804169000199295 ], [ 75.07684299980474, 31.806086999615502 ], [ 75.086867999858498, 31.790871000296477 ], [ 75.114280999568507, 31.774281999714731 ], [ 75.086389560529824, 31.75229835018888 ], [ 75.068595974724474, 31.767218418595235 ], [ 75.059820825470865, 31.759824463428345 ], [ 75.018821743328772, 31.754663404392772 ], [ 74.998569486592601, 31.760483742031113 ], [ 74.984671750401048, 31.740764668155123 ], [ 74.971230368886552, 31.743872352826997 ], [ 74.950165432588733, 31.71882862244297 ], [ 74.926649759179099, 31.712622361432977 ], [ 74.91372897900942, 31.721999230879931 ], [ 74.890863020811935, 31.721894511122969 ], [ 74.866454504971614, 31.711835882720038 ], [ 74.87290200012734, 31.755342000433075 ], [ 74.887385436888565, 31.757932627089019 ], [ 74.897999969523084, 31.774253969645088 ] ] ] } },
{ "type": "Feature", "properties": { "pincode": "143602", "state": "Punjab", "district": "Gurdaspur", "officename": "Fatehgarh Churian", "officetype": "S.O" }, "geometry": { "type": "Polygon", "coordinates": [ [ [ 74.891026279239327, 31.928848241453238 ], [ 74.895438999809983, 31.935935999946594 ], [ 74.940674000305023, 31.943237000287411 ], [ 74.959911854148856, 31.955515579080782 ], [ 74.969271171527396, 31.940044707397476 ], [ 74.960859217978737, 31.927629478417828 ], [ 74.98243309141418, 31.898692288818324 ], [ 75.013030566207817, 31.888003597188401 ], [ 75.021309343651467, 31.873319438041619 ], [ 75.046910810185807, 31.882912583648931 ], [ 75.083349712619338, 31.86722090052433 ], [ 75.092431200639624, 31.845171444007008 ], [ 75.100948364075805, 31.841876176944027 ], [ 75.098636216987984, 31.834268446631484 ], [ 75.080420177349538, 31.830637610137785 ], [ 75.07273236870401, 31.8148766504371 ], [ 75.045731000385331, 31.802944000365471 ], [ 75.025642000278197, 31.813889999723926 ], [ 75.025818000300603, 31.823168000403143 ], [ 75.012549999982582, 31.817688000400949 ], [ 75.008956999765758, 31.824669000374229 ], [ 74.968811000127744, 31.834273999945196 ], [ 74.963691999686034, 31.854690999889783 ], [ 74.945324070849267, 31.861211015476044 ], [ 74.946526000374774, 31.871864000423386 ], [ 74.938010999807943, 31.869520000247917 ], [ 74.917816000208404, 31.882328000037205 ], [ 74.919715999693778, 31.894541000266997 ], [ 74.906174000230124, 31.897169000049416 ], [ 74.891026279239327, 31.928848241453238 ] ] ] } },
{ "type": "Feature", "properties": { "pincode": "143603", "state": "Punjab", "district": "Amritsar", "officename": "Ramdass", "officetype": "S.O" }, "geometry": { "type": "Polygon", "coordinates": [ [ [ 74.817570548442177, 31.969421151065319 ], [ 74.831680298007541, 32.000000000000114 ], [ 74.847244263012499, 32.001495361221941 ], [ 74.912026009293072, 32.05116907269462 ], [ 74.924048999861498, 32.041447000278879 ], [ 74.936431999836998, 32.015316000333144 ], [ 74.931617999970854, 32.009765999801118 ], [ 74.937697999763031, 32.008513999621528 ], [ 74.915313999941191, 31.977271999603204 ], [ 74.937873999785381, 31.963527999817472 ], [ 74.974174000130233, 31.976802999558856 ], [ 74.973335000110183, 31.961711999709109 ], [ 74.940674000305023, 31.943237000287411 ], [ 74.921317999825987, 31.944241999868382 ], [ 74.90162700008608, 31.93387600027728 ], [ 74.884622635926121, 31.942653685619234 ], [ 74.869406972953527, 31.936777417344047 ], [ 74.846672970481336, 31.949609475796819 ], [ 74.839036594063714, 31.946163945509795 ], [ 74.836383388982313, 31.958714343492204 ], [ 74.817570548442177, 31.969421151065319 ] ] ] } },
{ "type": "Feature", "properties": { "pincode": "143604", "state": "Punjab", "district": "Gurdaspur", "officename": "Dera Baba Nanak", "officetype": "S.O" }, "geometry": { "type": "Polygon", "coordinates": [ [ [ 74.912026009293072, 32.05116907269462 ], [ 74.946296692138731, 32.059387207053987 ], [ 75.004928589183237, 32.028755188401135 ], [ 75.023025512717368, 32.039047241237256 ], [ 75.050849914492005, 32.041309356341912 ], [ 75.073631286954424, 32.062816619691375 ], [ 75.081626892167378, 32.055862426709723 ], [ 75.094452632882735, 32.058712778472 ], [ 75.121211295764624, 32.02048195797596 ], [ 75.089534131794892, 32.010739105825166 ], [ 75.077775746054044, 31.9911598873191 ], [ 75.041210935836204, 31.977259326356887 ], [ 75.045539674116753, 31.951285036874992 ], [ 75.039322217446511, 31.952628546670326 ], [ 75.035626618973424, 31.93991590559466 ], [ 75.013218811399156, 31.936918566838472 ], [ 75.019024921762878, 31.948850492056636 ], [ 75.007149925428848, 31.955951020023633 ], [ 74.995796649196109, 31.950818063902716 ], [ 75.000328029914783, 31.933612963867176 ], [ 74.985378745232993, 31.924205148748797 ], [ 74.966157642161647, 31.931836676921193 ], [ 74.969016732636078, 31.94113213973651 ], [ 74.959911854148856, 31.955515579080782 ], [ 74.973335000110183, 31.961711999709109 ], [ 74.974174000130233, 31.976802999558856 ], [ 74.937873999785381, 31.963527999817472 ], [ 74.915313999941191, 31.977271999603204 ], [ 74.937697999763031, 32.008513999621528 ], [ 74.931617999970854, 32.009765999801118 ], [ 74.936431999836998, 32.015316000333144 ], [ 74.924048999861498, 32.041447000278879 ], [ 74.912026009293072, 32.05116907269462 ] ] ] } },
{ "type": "Feature", "properties": { "pincode": "143605", "state": "Punjab", "district": "Gurdaspur", "officename": "Dhianpur", "officetype": "S.O" }, "geometry": { "type": "Polygon", "coordinates": [ [ [ 75.012614138731692, 31.93236470846449 ], [ 75.029654948816983, 31.943670019356034 ], [ 75.035626618973424, 31.93991590559466 ], [ 75.039322217446511, 31.952628546670326 ], [ 75.045539674116753, 31.951285036874992 ], [ 75.041210935836204, 31.977259326356887 ], [ 75.066991968204889, 31.98965014503824 ], [ 75.088446184144175, 31.976054498316557 ], [ 75.089165545553726, 31.967506337947327 ], [ 75.113233526805971, 31.97080516632542 ], [ 75.098207937346558, 31.957329778746328 ], [ 75.108486647840664, 31.952238847944557 ], [ 75.1153420745772, 31.92853366939346 ], [ 75.109692519993928, 31.915837506595722 ], [ 75.059169155132565, 31.901218507827934 ], [ 75.048021771487583, 31.908482115257414 ], [ 75.028552995124812, 31.903416303419704 ], [ 75.013870593253273, 31.905932852019589 ], [ 75.012614138731692, 31.93236470846449 ] ] ] } },
{ "type": "Feature", "properties": { "pincode": "143606", "state": "Punjab", "district": "Amritsar", "officename": "Chetanpura", "officetype": "S.O" }, "geometry": { "type": "Polygon", "coordinates": [ [ [ 74.852202467370148, 31.820888728931834 ], [ 74.861716250504628, 31.831396518334714 ], [ 74.857640305355915, 31.842357632598748 ], [ 74.86846873184669, 31.845082519043103 ], [ 74.873691869284414, 31.860853589821488 ], [ 74.884578054733538, 31.870991207478255 ], [ 74.902372664866675, 31.872943192274477 ], [ 74.899548694716486, 31.894736091097798 ], [ 74.919715999693778, 31.894541000266997 ], [ 74.917816000208404, 31.882328000037205 ], [ 74.938010999807943, 31.869520000247917 ], [ 74.946526000374774, 31.871864000423386 ], [ 74.945324070849267, 31.861211015476044 ], [ 74.967383999971787, 31.846191000014812 ], [ 74.968811000127744, 31.834273999945196 ], [ 74.956239631753704, 31.831833889222821 ], [ 74.944387301033089, 31.810541412756038 ], [ 74.92847998116639, 31.806994982132778 ], [ 74.928215000422028, 31.796246999999141 ], [ 74.916977000188524, 31.79009100029964 ], [ 74.918846000043004, 31.774886999735315 ], [ 74.904638923147786, 31.764058120885693 ], [ 74.897999969523084, 31.774253969645088 ], [ 74.906713770624208, 31.793731944273816 ], [ 74.878820302714871, 31.796728993448539 ], [ 74.873627739528729, 31.811597805894166 ], [ 74.852202467370148, 31.820888728931834 ] ] ] } },
{ "type": "Feature", "properties": { "pincode": "144001", "state": "Punjab", "district": "Jalandhar", "officename": "Jalandhar City", "officetype": "H.O" }, "geometry": { "type": "Polygon", "coordinates": [ [ [ 75.565002482478576, 31.327832590601588 ], [ 75.579884280235547, 31.339454499725377 ], [ 75.567138705087189, 31.351071512940052 ], [ 75.568510458990545, 31.360224702108439 ], [ 75.605759257583827, 31.34541663886688 ], [ 75.610964580351322, 31.337070067829359 ], [ 75.600757658239331, 31.337291124785565 ], [ 75.600715739939574, 31.329105007190435 ], [ 75.609953571500284, 31.327342247846616 ], [ 75.600193302179321, 31.324530980620295 ], [ 75.609418987496383, 31.318214788281921 ], [ 75.601386886895398, 31.297452556590315 ], [ 75.589294642233995, 31.29895516634798 ], [ 75.586527378835626, 31.309294292397681 ], [ 75.565943615805395, 31.30831379754369 ], [ 75.571597569872097, 31.318260943288124 ], [ 75.565002482478576, 31.327832590601588 ] ] ] } },
{ "type": "Feature", "properties": { "pincode": "144002", "state": "Punjab", "district": "Jalandhar", "officename": "Basti Nau", "officetype": "S.O" }, "geometry": { "type": "Polygon", "coordinates": [ [ [ 75.449539234548183, 31.321169325603876 ], [ 75.477901579294553, 31.326052259404321 ], [ 75.485412779076512, 31.341837478317075 ], [ 75.506239069477544, 31.338693443947363 ], [ 75.510207051914051, 31.344343339373722 ], [ 75.528549879773323, 31.340586879281204 ], [ 75.527108871777045, 31.329473150965271 ], [ 75.549389053861717, 31.335246242720132 ], [ 75.571598979109638, 31.318229396869299 ], [ 75.565943615805395, 31.30831379754369 ], [ 75.55757482072147, 31.315319130473597 ], [ 75.531561875680097, 31.302590192783214 ], [ 75.531799266123357, 31.291892940506898 ], [ 75.505999911866525, 31.275035895190456 ], [ 75.502170280234282, 31.258718681422238 ], [ 75.497149701597493, 31.265823847192792 ], [ 75.49166520858256, 31.261772428355073 ], [ 75.491248999641641, 31.27120199987263 ], [ 75.449580309283931, 31.289092281683622 ], [ 75.449539234548183, 31.321169325603876 ] ] ] } },
{ "type": "Feature", "properties": { "pincode": "144003", "state": "Punjab", "district": "Jalandhar", "officename": "Model Town (Jalandhar)", "officetype": "S.O" }, "geometry": { "type": "Polygon", "coordinates": [ [ [ 75.531561875680097, 31.302590192783214 ], [ 75.552943597269234, 31.312539316136679 ], [ 75.559574996589049, 31.306710494294066 ], [ 75.586527378835626, 31.309294292397681 ], [ 75.589294642233995, 31.29895516634798 ], [ 75.580029770757392, 31.294514174689482 ], [ 75.5727694323636, 31.303581438132881 ], [ 75.568333410358775, 31.288976466091128 ], [ 75.574486233652806, 31.285660762834141 ], [ 75.556643475615886, 31.275258230982729 ], [ 75.549587433513295, 31.2805343708647 ], [ 75.557507260951411, 31.294352685228375 ], [ 75.534399180078083, 31.29367501099307 ], [ 75.531561875680097, 31.302590192783214 ] ] ] } },
{ "type": "Feature", "properties": { "pincode": "144004", "state": "Punjab", "district": "Jalandhar", "officename": "Guru Ravidass Road", "officetype": "S.O" }, "geometry": { "type": "Polygon", "coordinates": [ [ [ 75.540013268997143, 31.413093078882468 ], [ 75.585517965381825, 31.4035186517645 ], [ 75.578240401373534, 31.3894341470683 ], [ 75.583971431836176, 31.390056720741086 ], [ 75.587923063698611, 31.373543922414171 ], [ 75.581291614016777, 31.37147068112705 ], [ 75.581093721797913, 31.358134378199111 ], [ 75.568510458990545, 31.360224702108439 ], [ 75.575047258624181, 31.379892377031638 ], [ 75.564171412680707, 31.382846423323826 ], [ 75.549611708014083, 31.3740847737933 ], [ 75.527206782766939, 31.400778915714568 ], [ 75.540013268997143, 31.413093078882468 ] ] ] } },
{ "type": "Feature", "properties": { "pincode": "144006", "state": "Punjab", "district": "Jalandhar", "officename": "P.A.P. Lines Jalandhar Cantt", "officetype": "S.O" }, "geometry": { "type": "Polygon", "coordinates": [ [ [ 75.606239253638819, 31.310877810562488 ], [ 75.615604329376481, 31.330086577633494 ], [ 75.628062279750509, 31.309080736686838 ], [ 75.62695181487436, 31.307008316480676 ], [ 75.606239253638819, 31.310877810562488 ] ] ] } },
{ "type": "Feature", "properties": { "pincode": "144007", "state": "Punjab", "district": "Jalandhar", "officename": "Ladhewali", "officetype": "S.O" }, "geometry": { "type": "Polygon", "coordinates": [ [ [ 75.621380559765214, 31.342605113535228 ], [ 75.656257234583791, 31.341118895720626 ], [ 75.648700769225286, 31.318376132952324 ], [ 75.618395842094515, 31.319715457302607 ], [ 75.621380559765214, 31.342605113535228 ] ] ] } },
{ "type": "Feature", "properties": { "pincode": "144008", "state": "Punjab", "district": "Jalandhar", "officename": "Grain Market (Jalandhar)", "officetype": "S.O" }, "geometry": { "type": "Polygon", "coordinates": [ [ [ 75.565002482478576, 31.327832590601588 ], [ 75.552194159832709, 31.331074360593277 ], [ 75.552090672146903, 31.341708859975881 ], [ 75.540045449438026, 31.347138472762424 ], [ 75.564062721517416, 31.354831320309188 ], [ 75.549611708014083, 31.3740847737933 ], [ 75.567551403074788, 31.382866190422533 ], [ 75.575047258624181, 31.379892377031638 ], [ 75.567138705087189, 31.351071512940052 ], [ 75.579884280235547, 31.339454499725377 ], [ 75.565002482478576, 31.327832590601588 ] ] ] } },
{ "type": "Feature", "properties": { "pincode": "144009", "state": "Punjab", "district": "Jalandhar", "officename": "Chogitti", "officetype": "S.O" }, "geometry": { "type": "Polygon", "coordinates": [ [ [ 75.600193302179321, 31.324530980620295 ], [ 75.609953571500284, 31.327342247846616 ], [ 75.600715739939574, 31.329105007190435 ], [ 75.600757658239331, 31.337291124785565 ], [ 75.610964580351322, 31.337070067829359 ], [ 75.605212107352941, 31.345756946825759 ], [ 75.622018225860643, 31.349728556228001 ], [ 75.613393975651547, 31.31622302287434 ], [ 75.600193302179321, 31.324530980620295 ] ] ] } },
{ "type": "Feature", "properties": { "pincode": "144010", "state": "Punjab", "district": "Jalandhar", "officename": "Dhanowali", "officetype": "S.O" }, "geometry": { "type": "Polygon", "coordinates": [ [ [ 75.636986314466867, 31.3042398147158 ], [ 75.65607659855624, 31.309782848199916 ], [ 75.666122979092222, 31.284892462117568 ], [ 75.636986314466867, 31.3042398147158 ] ] ] } },
{ "type": "Feature", "properties": { "pincode": "144011", "state": "Punjab", "district": "Jalandhar", "officename": "R.E.C. Jalandhar", "officetype": "S.O" }, "geometry": { "type": "Polygon", "coordinates": [ [ [ 75.579989175360311, 31.300907703327937 ], [ 75.568333410358775, 31.288976466091128 ], [ 75.5727694323636, 31.303581438132881 ], [ 75.579989175360311, 31.300907703327937 ] ] ] } },
{ "type": "Feature", "properties": { "pincode": "144012", "state": "Punjab", "district": "Jalandhar", "officename": "Reru", "officetype": "S.O" }, "geometry": { "type": "Polygon", "coordinates": [ [ [ 75.577983635036787, 31.404286778012477 ], [ 75.607837493705517, 31.427470788646076 ], [ 75.607257014599668, 31.398040328998093 ], [ 75.618926686717373, 31.385045509442875 ], [ 75.594831762675767, 31.360523332785647 ], [ 75.596301057048322, 31.351169630773938 ], [ 75.579098234096421, 31.360726861955129 ], [ 75.587923063698611, 31.373543922414171 ], [ 75.583971431836176, 31.390056720741086 ], [ 75.578240401373534, 31.3894341470683 ], [ 75.585517965381825, 31.4035186517645 ], [ 75.577983635036787, 31.404286778012477 ] ] ] } },
{ "type": "Feature", "properties": { "pincode": "144013", "state": "Punjab", "district": "Jalandhar", "officename": "Nagra (Jalandhar)", "officetype": "S.O" }, "geometry": { "type": "Polygon", "coordinates": [ [ [ 75.482304283216195, 31.366344539169233 ], [ 75.475959999654378, 31.374350000052573 ], [ 75.510657999866964, 31.377451000063843 ], [ 75.516875437651322, 31.387586585252734 ], [ 75.533718350121944, 31.389235071341545 ], [ 75.556892995215719, 31.35341533774772 ], [ 75.528549879773323, 31.340586879281204 ], [ 75.495560009586939, 31.33916000952695 ], [ 75.485412779076512, 31.341837478317075 ], [ 75.489490458118269, 31.359511084669009 ], [ 75.501729463144386, 31.360382612267927 ], [ 75.502708000174323, 31.367557999801988 ], [ 75.482304283216195, 31.366344539169233 ] ] ] } },
{ "type": "Feature", "properties": { "pincode": "144014", "state": "Punjab", "district": "Jalandhar", "officename": "Tower Town Colony", "officetype": "S.O" }, "geometry": { "type": "Polygon", "coordinates": [ [ [ 75.551329035406752, 31.282625106663431 ], [ 75.535274228523008, 31.284360972680929 ], [ 75.534399180078083, 31.29367501099307 ], [ 75.557507260951411, 31.294352685228375 ], [ 75.551329035406752, 31.282625106663431 ] ] ] } },
{ "type": "Feature", "properties": { "pincode": "144015", "state": "Punjab", "district": "Jalandhar", "officename": "Nodal Parcel Delivery Centre Jalandhar", "officetype": "S.O" }, "geometry": { "type": "Polygon", "coordinates": [ [ [ 75.55757482072147, 31.315319130473597 ], [ 75.559574996589049, 31.306710494294066 ], [ 75.554804185764624, 31.313827870160139 ], [ 75.55757482072147, 31.315319130473597 ] ] ] } },
{ "type": "Feature", "properties": { "pincode": "144020", "state": "Punjab", "district": "Jalandhar", "officename": "Jamsher", "officetype": "S.O" }, "geometry": { "type": "Polygon", "coordinates": [ [ [ 75.562122966601805, 31.219830181318002 ], [ 75.558758949965522, 31.234162647088624 ], [ 75.575833094321865, 31.250646571781942 ], [ 75.575809544674826, 31.263878967040796 ], [ 75.597343407272604, 31.265742217529407 ], [ 75.611495449255699, 31.252617456730377 ], [ 75.614516941104057, 31.269076733704424 ], [ 75.617366548227665, 31.258209818928037 ], [ 75.628745651191025, 31.258148217166479 ], [ 75.665311322060006, 31.229515791620599 ], [ 75.652389999598938, 31.219629000278189 ], [ 75.640450000267435, 31.222207999599675 ], [ 75.63082899995851, 31.20834399967589 ], [ 75.605552999871065, 31.206809999981544 ], [ 75.597884999693122, 31.218293999868422 ], [ 75.562122966601805, 31.219830181318002 ] ] ] } },
{ "type": "Feature", "properties": { "pincode": "144021", "state": "Punjab", "district": "Jalandhar", "officename": "Basti Bawa Khel", "officetype": "S.O" }, "geometry": { "type": "Polygon", "coordinates": [ [ [ 75.527766617035809, 31.330397617156336 ], [ 75.53006991839203, 31.342426470405428 ], [ 75.552090672146903, 31.341708859975881 ], [ 75.544850347265765, 31.329905412804578 ], [ 75.527766617035809, 31.330397617156336 ] ] ] } },
{ "type": "Feature", "properties": { "pincode": "144022", "state": "Punjab", "district": "Jalandhar", "officename": "Urban Estate (Jalandhar)", "officetype": "S.O" }, "geometry": { "type": "Polygon", "coordinates": [ [ [ 75.567832490676835, 31.276681086163421 ], [ 75.574383046340643, 31.294483950274184 ], [ 75.601386886895398, 31.297452556590315 ], [ 75.591410862121677, 31.282846573710628 ], [ 75.596162567748479, 31.262450027946613 ], [ 75.572788111282478, 31.265870547188172 ], [ 75.567832490676835, 31.276681086163421 ] ] ] } },
{ "type": "Feature", "properties": { "pincode": "144023", "state": "Punjab", "district": "Jalandhar", "officename": "Dakoha", "officetype": "S.O" }, "geometry": { "type": "Polygon", "coordinates": [ [ [ 75.637441007196912, 31.304451058269819 ], [ 75.632212293962255, 31.320131479184624 ], [ 75.650973168077314, 31.321794353526627 ], [ 75.645859962867121, 31.304440623436221 ], [ 75.637441007196912, 31.304451058269819 ] ] ] } },
{ "type": "Feature", "properties": { "pincode": "144024", "state": "Punjab", "district": "Jalandhar", "officename": "Kukar Pind", "officetype": "S.O" }, "geometry": { "type": "Polygon", "coordinates": [ [ [ 75.614792830624708, 31.267794273486913 ], [ 75.640847809079276, 31.278073430044856 ], [ 75.642139847076407, 31.29374805932548 ], [ 75.663408905197002, 31.281670154354174 ], [ 75.675537000432314, 31.287693000431716 ], [ 75.673964999884959, 31.271156000449139 ], [ 75.680594999859409, 31.266187999776434 ], [ 75.673224999933893, 31.250542000413134 ], [ 75.678916999819876, 31.24561900001703 ], [ 75.671618107489735, 31.241461725578176 ], [ 75.662888113196004, 31.250806573764464 ], [ 75.643549834757152, 31.240899913700105 ], [ 75.632766300624326, 31.255601897409633 ], [ 75.617366548227665, 31.258209818928037 ], [ 75.614792830624708, 31.267794273486913 ] ] ] } },
{ "type": "Feature", "properties": { "pincode": "144025", "state": "Punjab", "district": "Jalandhar", "officename": "Jandu Singha", "officetype": "S.O" }, "geometry": { "type": "Polygon", "coordinates": [ [ [ 75.607837493705517, 31.427470788646076 ], [ 75.626087837983448, 31.412062311026887 ], [ 75.661747355556201, 31.408722614756982 ], [ 75.668191793016831, 31.380919418995973 ], [ 75.68316081422023, 31.385611112862648 ], [ 75.683763586620387, 31.365732317592517 ], [ 75.693575303457465, 31.355470775156277 ], [ 75.637602081171167, 31.339289487619908 ], [ 75.639410926273342, 31.345839324725148 ], [ 75.621912595989727, 31.342465266259239 ], [ 75.622018225860643, 31.349728556228001 ], [ 75.596301057048322, 31.351169630773938 ], [ 75.594831762675767, 31.360523332785647 ], [ 75.618926686717373, 31.385045509442875 ], [ 75.607257014599668, 31.398040328998093 ], [ 75.607837493705517, 31.427470788646076 ] ] ] } },
{ "type": "Feature", "properties": { "pincode": "144026", "state": "Punjab", "district": "Jalandhar", "officename": "Lambra", "officetype": "S.O" }, "geometry": { "type": "Polygon", "coordinates": [ [ [ 75.501000271245744, 31.249818317761196 ], [ 75.505999911866525, 31.275035895190456 ], [ 75.533423685454864, 31.296895145994426 ], [ 75.535274228523008, 31.284360972680929 ], [ 75.57355232997611, 31.275005892008494 ], [ 75.572788111282478, 31.265870547188172 ], [ 75.582008104790134, 31.2629635165531 ], [ 75.575809544674826, 31.263878967040796 ], [ 75.575833094321865, 31.250646571781942 ], [ 75.558758949965522, 31.234162647088624 ], [ 75.558410999567968, 31.209886999785283 ], [ 75.543800000269869, 31.213423000071487 ], [ 75.534142000053407, 31.206281999914381 ], [ 75.519302000087293, 31.206243999960805 ], [ 75.52400200009231, 31.226261000345005 ], [ 75.501000271245744, 31.249818317761196 ] ] ] } },
{ "type": "Feature", "properties": { "pincode": "144027", "state": "Punjab", "district": "Jalandhar", "officename": "Suranussi", "officetype": "S.O" }, "geometry": { "type": "Polygon", "coordinates": [ [ [ 75.558047545757802, 31.351396913736721 ], [ 75.527206782766939, 31.400778915714568 ], [ 75.564062721517416, 31.354831320309188 ], [ 75.558047545757802, 31.351396913736721 ] ] ] } },
{ "type": "Feature", "properties": { "pincode": "144028", "state": "Punjab", "district": "Jalandhar", "officename": "Chitti", "officetype": "S.O" }, "geometry": { "type": "Polygon", "coordinates": [ [ [ 75.46220400021457, 31.238120999584567 ], [ 75.489458244402442, 31.269162406719943 ], [ 75.49166520858256, 31.261772428355073 ], [ 75.497149701597493, 31.265823847192792 ], [ 75.519963102515192, 31.226456900565665 ], [ 75.504744999682032, 31.219917000069472 ], [ 75.472694000128115, 31.223915000077341 ], [ 75.46220400021457, 31.238120999584567 ] ] ] } },
{ "type": "Feature", "properties": { "pincode": "144029", "state": "Punjab", "district": "Jalandhar, Shahid Bhagat Singh Nagar", "officename": "Moron", "officetype": "S.O" }, "geometry": { "type": "Polygon", "coordinates": [ [ [ 75.905607462214675, 31.072387998307477 ], [ 75.892255086603086, 31.091107796787526 ], [ 75.91231499993728, 31.097921000354006 ], [ 75.917418999687186, 31.106919999858178 ], [ 75.90831765733418, 31.117709306739187 ], [ 75.924389453310766, 31.127674116067794 ], [ 75.942360803608267, 31.114356936323588 ], [ 75.960332252831279, 31.11813857473561 ], [ 75.964418588746923, 31.094121129086943 ], [ 75.950674284990328, 31.09862447523949 ], [ 75.929709483705835, 31.081373835334318 ], [ 75.932387457914956, 31.063942851681418 ], [ 75.914720262829917, 31.060767722352693 ], [ 75.911663710012135, 31.073788781427197 ], [ 75.905607462214675, 31.072387998307477 ] ] ] } },
{ "type": "Feature", "properties": { "pincode": "144031", "state": "Punjab", "district": "Jalandhar", "officename": "Rurka Kalan", "officetype": "S.O" }, "geometry": { "type": "Polygon", "coordinates": [ [ [ 75.653209085031449, 31.096679003333406 ], [ 75.648606966338605, 31.105392511255388 ], [ 75.660429524103336, 31.11272138878121 ], [ 75.658663980458357, 31.127292855680764 ], [ 75.674290982542914, 31.127334595914988 ], [ 75.678318148464029, 31.140644269917232 ], [ 75.696337643067807, 31.137293937365371 ], [ 75.703431328992735, 31.143517509425578 ], [ 75.720159871081364, 31.139339400393112 ], [ 75.721685237283964, 31.130291104550963 ], [ 75.732502669562564, 31.125917899291665 ], [ 75.726581004410036, 31.092144734891633 ], [ 75.736229694844553, 31.076818092880615 ], [ 75.714036584221049, 31.076965513347773 ], [ 75.700282449975077, 31.065081961763212 ], [ 75.686883904968283, 31.084404814130949 ], [ 75.653209085031449, 31.096679003333406 ] ] ] } },
{ "type": "Feature", "properties": { "pincode": "144032", "state": "Punjab", "district": "Jalandhar", "officename": "Samrai", "officetype": "S.O" }, "geometry": { "type": "Polygon", "coordinates": [ [ [ 75.632097640294035, 31.162882285489331 ], [ 75.615867999808472, 31.194826000419766 ], [ 75.603400999556584, 31.198266999922339 ], [ 75.605552999871065, 31.206809999981544 ], [ 75.63082899995851, 31.20834399967589 ], [ 75.643982000369078, 31.223268999964375 ], [ 75.686110999723041, 31.222850999574007 ], [ 75.692176999768776, 31.212222999591859 ], [ 75.6872182612139, 31.195980678665421 ], [ 75.65482936118616, 31.195345681757885 ], [ 75.632097640294035, 31.162882285489331 ] ] ] } },
{ "type": "Feature", "properties": { "pincode": "144033", "state": "Punjab", "district": "Jalandhar", "officename": "Jandiala", "officetype": "S.O" }, "geometry": { "type": "Polygon", "coordinates": [ [ [ 75.514391369865905, 31.196183697020047 ], [ 75.519302000087293, 31.206243999960805 ], [ 75.558410999567968, 31.209886999785283 ], [ 75.560790999605047, 31.220265999975936 ], [ 75.597884999693122, 31.218293999868422 ], [ 75.603400999556584, 31.198266999922339 ], [ 75.615867999808472, 31.194826000419766 ], [ 75.615601000086201, 31.176223999637898 ], [ 75.580750895737367, 31.143737723716981 ], [ 75.554516412602538, 31.171510392890468 ], [ 75.544452054618716, 31.167031391385706 ], [ 75.536705525639547, 31.172586831916931 ], [ 75.541323843820408, 31.189817846816311 ], [ 75.514391369865905, 31.196183697020047 ] ] ] } },
{ "type": "Feature", "properties": { "pincode": "144034", "state": "Punjab", "district": "Jalandhar", "officename": "Bundala (Jalandhar)", "officetype": "S.O" }, "geometry": { "type": "Polygon", "coordinates": [ [ [ 75.579484607129018, 31.141738615344991 ], [ 75.615273820430559, 31.178096862080622 ], [ 75.64297542877307, 31.149193522962776 ], [ 75.657586344434435, 31.161001916405382 ], [ 75.672943082257461, 31.159597516212443 ], [ 75.676684423847064, 31.136345094150897 ], [ 75.674290982542914, 31.127334595914988 ], [ 75.658663980458357, 31.127292855680764 ], [ 75.660429524103336, 31.11272138878121 ], [ 75.648992593833327, 31.106407288265871 ], [ 75.62378135572493, 31.118308862264371 ], [ 75.628171474534042, 31.133880788967303 ], [ 75.604871685180342, 31.1271964303711 ], [ 75.605288322198362, 31.142608463909539 ], [ 75.579484607129018, 31.141738615344991 ] ] ] } },
{ "type": "Feature", "properties": { "pincode": "144035", "state": "Punjab", "district": "Jalandhar", "officename": "Partappura", "officetype": "S.O" }, "geometry": { "type": "Polygon", "coordinates": [ [ [ 75.69263983496063, 31.03929132463503 ], [ 75.693129085938665, 31.058192941750974 ], [ 75.710372313631524, 31.075472692710719 ], [ 75.736229694844553, 31.076818092880615 ], [ 75.750293896446294, 31.062825924276979 ], [ 75.748864814359877, 31.042707857181881 ], [ 75.732110866423511, 31.021408945166627 ], [ 75.7360149996926, 31.005793000246911 ], [ 75.707076999803803, 30.998958999858019 ], [ 75.698794110659833, 31.039449668267821 ], [ 75.69263983496063, 31.03929132463503 ] ] ] } },
{ "type": "Feature", "properties": { "pincode": "144036", "state": "Punjab", "district": "Jalandhar", "officename": "Bilga", "officetype": "S.O" }, "geometry": { "type": "Polygon", "coordinates": [ [ [ 75.652182597049375, 30.982159151423843 ], [ 75.631996228243338, 31.008898619176023 ], [ 75.631274162572652, 31.031293976535721 ], [ 75.642871520204721, 31.035839760796421 ], [ 75.668241271917282, 31.028591233198881 ], [ 75.684850014416838, 31.042606049429764 ], [ 75.698794110659833, 31.039449668267821 ], [ 75.707076999803803, 30.998958999858019 ], [ 75.652182597049375, 30.982159151423843 ] ] ] } },
{ "type": "Feature", "properties": { "pincode": "144037", "state": "Punjab", "district": "Jalandhar", "officename": "Pasla", "officetype": "S.O" }, "geometry": { "type": "Polygon", "coordinates": [ [ [ 75.635096988135558, 31.061575209228636 ], [ 75.65641583362401, 31.088567621198933 ], [ 75.652665233513687, 31.094926404530099 ], [ 75.686883904968283, 31.084404814130949 ], [ 75.700282449975077, 31.065081961763212 ], [ 75.692493160031404, 31.043175866173442 ], [ 75.668241271917282, 31.028591233198881 ], [ 75.640133697911949, 31.034754907712966 ], [ 75.635096988135558, 31.061575209228636 ] ] ] } },
{ "type": "Feature", "properties": { "pincode": "144039", "state": "Punjab", "district": "Jalandhar", "officename": "Nurmahal", "officetype": "S.O" }, "geometry": { "type": "Polygon", "coordinates": [ [ [ 75.515694680864954, 31.033355626461173 ], [ 75.529114000210996, 31.057491000209666 ], [ 75.529067999888525, 31.090259999599539 ], [ 75.542770000435326, 31.098577000028683 ], [ 75.540909000050419, 31.10639800006777 ], [ 75.552566999867281, 31.103239000079782 ], [ 75.53889499980437, 31.117905000115684 ], [ 75.551620000263028, 31.131801999762729 ], [ 75.568595999805666, 31.130056000184368 ], [ 75.579484607129018, 31.141738615344991 ], [ 75.605288322198362, 31.142608463909539 ], [ 75.604871685180342, 31.1271964303711 ], [ 75.628171474534042, 31.133880788967303 ], [ 75.62378135572493, 31.118308862264371 ], [ 75.648992593833327, 31.106407288265871 ], [ 75.65641583362401, 31.088567621198933 ], [ 75.635096988135558, 31.061575209228636 ], [ 75.640476114780824, 31.035724900284038 ], [ 75.631274162572652, 31.031293976535721 ], [ 75.630231659463732, 31.016454579115532 ], [ 75.652182597049375, 30.982159151423843 ], [ 75.602615000182197, 30.9689289999734 ], [ 75.563667000032183, 30.978457999637044 ], [ 75.570259000052886, 30.985152999911179 ], [ 75.554176000322286, 31.01032100041391 ], [ 75.526427999552652, 31.0143510000986 ], [ 75.532989999988672, 31.027927000230875 ], [ 75.515694680864954, 31.033355626461173 ] ] ] } },
{ "type": "Feature", "properties": { "pincode": "144040", "state": "Punjab", "district": "Jalandhar", "officename": "D.G.Nakoder", "officetype": "S.O" }, "geometry": { "type": "Polygon", "coordinates": [ [ [ 75.416504664458785, 31.090812150960062 ], [ 75.377576150818811, 31.101448252035311 ], [ 75.39333639106178, 31.114955229200518 ], [ 75.397632887747704, 31.143249029419337 ], [ 75.391285039273271, 31.152409732423337 ], [ 75.405237449748597, 31.155312232273729 ], [ 75.403839048033831, 31.181549286570544 ], [ 75.411627140080441, 31.181284154740126 ], [ 75.446506538945812, 31.141862059886137 ], [ 75.45235366019341, 31.155977720695432 ], [ 75.478421719286985, 31.14813922974173 ], [ 75.48245879843472, 31.163831724054944 ], [ 75.489629605721916, 31.14344618329477 ], [ 75.508995909733528, 31.149109160259684 ], [ 75.517525456834335, 31.130787209262394 ], [ 75.549642136575471, 31.130149536871784 ], [ 75.53889499980437, 31.117905000115684 ], [ 75.553604000024677, 31.106935999696759 ], [ 75.530680041850474, 31.104527927322238 ], [ 75.511615786839229, 31.091313171365869 ], [ 75.499343592333105, 31.101758876970734 ], [ 75.466374945247651, 31.067234808339776 ], [ 75.457656938017408, 31.077528838784872 ], [ 75.447491562785331, 31.071659313626526 ], [ 75.442515775782454, 31.081743686022321 ], [ 75.422589670776631, 31.079113404660006 ], [ 75.416504664458785, 31.090812150960062 ] ] ] } },
{ "type": "Feature", "properties": { "pincode": "144041", "state": "Punjab", "district": "Jalandhar", "officename": "Mehatpur (Jalandhar)", "officetype": "S.O" }, "geometry": { "type": "Polygon", "coordinates": [ [ [ 75.362865360048545, 30.98885146542284 ], [ 75.37536266655394, 31.02803256625009 ], [ 75.396128374125226, 31.037151592871737 ], [ 75.403734202371709, 31.05923875256633 ], [ 75.416538351263966, 31.052252747866135 ], [ 75.422589670776631, 31.079113404660006 ], [ 75.442515775782454, 31.081743686022321 ], [ 75.448635072350783, 31.071054257847891 ], [ 75.457656938017408, 31.077528838784872 ], [ 75.467464875903431, 31.063749304087082 ], [ 75.493291594731545, 31.059090958880802 ], [ 75.515814325770691, 31.075961182862329 ], [ 75.529568024744719, 31.074396203322237 ], [ 75.529114000210996, 31.057491000209666 ], [ 75.512207000252886, 31.034413999906235 ], [ 75.532989999988672, 31.027927000230875 ], [ 75.526427999552652, 31.0143510000986 ], [ 75.548446999629448, 31.008275999637704 ], [ 75.550041000292083, 31.014900000235002 ], [ 75.570259000052886, 30.985152999911179 ], [ 75.563667000032183, 30.978457999637044 ], [ 75.494391999791048, 30.970570000105624 ], [ 75.421173000233807, 30.986605000320537 ], [ 75.409721000024149, 30.979470999587079 ], [ 75.362865360048545, 30.98885146542284 ] ] ] } },
{ "type": "Feature", "properties": { "pincode": "144042", "state": "Punjab", "district": "Jalandhar", "officename": "Shankar", "officetype": "S.O" }, "geometry": { "type": "Polygon", "coordinates": [ [ [ 75.499788760343108, 31.195905453973694 ], [ 75.541323843820408, 31.189817846816311 ], [ 75.543643465173886, 31.179212838002229 ], [ 75.528493196404042, 31.16745774018267 ], [ 75.543929461275695, 31.149446676722789 ], [ 75.542945495937886, 31.133120388794964 ], [ 75.511994160402253, 31.134375749741196 ], [ 75.508995909733528, 31.149109160259684 ], [ 75.514933534255192, 31.153654796132003 ], [ 75.501791526257989, 31.162542840879496 ], [ 75.505410167944888, 31.177930466817713 ], [ 75.496169999046231, 31.189096323436559 ], [ 75.499788760343108, 31.195905453973694 ] ] ] } },
{ "type": "Feature", "properties": { "pincode": "144044", "state": "Punjab", "district": "Jalandhar", "officename": "Sidhwan R.S.", "officetype": "S.O" }, "geometry": { "type": "Polygon", "coordinates": [ [ [ 75.467464875903431, 31.063749304087082 ], [ 75.469429539341945, 31.077267402268888 ], [ 75.483621603853976, 31.079244818093969 ], [ 75.499343592333105, 31.101758876970734 ], [ 75.511615786839229, 31.091313171365869 ], [ 75.541541656921993, 31.103739358584619 ], [ 75.529067999888525, 31.090259999599539 ], [ 75.529568024744719, 31.074396203322237 ], [ 75.515814325770691, 31.075961182862329 ], [ 75.497491263211373, 31.058933924660835 ], [ 75.467464875903431, 31.063749304087082 ] ] ] } },
{ "type": "Feature", "properties": { "pincode": "144101", "state": "Punjab", "district": "Jalandhar", "officename": "Patara (Jalandhar)", "officetype": "S.O" }, "geometry": { "type": "Polygon", "coordinates": [ [ [ 75.647364528650201, 31.308603424208741 ], [ 75.656257234583791, 31.341118895720626 ], [ 75.691643975189493, 31.354566689401224 ], [ 75.723029999834694, 31.322477000113565 ], [ 75.720207000053165, 31.316012999700206 ], [ 75.686264511298248, 31.319423379085663 ], [ 75.68459501794581, 31.293249265641236 ], [ 75.675537000432314, 31.287693000431716 ], [ 75.661996376032107, 31.290423607463595 ], [ 75.666264634905019, 31.295390960624388 ], [ 75.654030831557748, 31.303434023061754 ], [ 75.65607659855624, 31.309782848199916 ], [ 75.647364528650201, 31.308603424208741 ] ] ] } },
{ "type": "Feature", "properties": { "pincode": "144102", "state": "Punjab", "district": "Jalandhar", "officename": "Adampur Doaba", "officetype": "S.O" }, "geometry": { "type": "Polygon", "coordinates": [ [ [ 75.732874264036184, 31.413747172893807 ], [ 75.738235825123354, 31.386687706572445 ], [ 75.756018827706896, 31.394979009773635 ], [ 75.765256616999523, 31.381188426904373 ], [ 75.783950999738977, 31.383848000085266 ], [ 75.788375999652828, 31.370045000276718 ], [ 75.765792999647374, 31.352387999906284 ], [ 75.759513999671412, 31.33036200040624 ], [ 75.739540000370823, 31.325490999709928 ], [ 75.728714000250989, 31.343752000054849 ], [ 75.691643975189493, 31.354566689401224 ], [ 75.68316081422023, 31.385611112862648 ], [ 75.668191793016831, 31.380919418995973 ], [ 75.661747355556201, 31.408722614756982 ], [ 75.648361150147025, 31.409713416740885 ], [ 75.649409458379921, 31.417004968804349 ], [ 75.666831497375938, 31.421759661979024 ], [ 75.663842720165519, 31.449389572770656 ], [ 75.677933508424871, 31.464376289933909 ], [ 75.676932489243029, 31.470590010820388 ], [ 75.652170229572562, 31.472970606208548 ], [ 75.661524666330365, 31.499542853120204 ], [ 75.67526172155118, 31.494500998322565 ], [ 75.691888347069721, 31.501937327745509 ], [ 75.697755473736152, 31.495430335241792 ], [ 75.738968000073214, 31.503928999623781 ], [ 75.736397000221416, 31.497615999878633 ], [ 75.760085999969021, 31.476017000284401 ], [ 75.764454355184512, 31.46214257002373 ], [ 75.695795065889627, 31.434438386022805 ], [ 75.697091949434025, 31.41794369824305 ], [ 75.715820586450889, 31.420830419488425 ], [ 75.713186614270967, 31.409482332343941 ], [ 75.732874264036184, 31.413747172893807 ] ] ] } },
{ "type": "Feature", "properties": { "pincode": "144103", "state": "Punjab", "district": "Jalandhar", "officename": "Adampur AD", "officetype": "S.O" }, "geometry": { "type": "Polygon", "coordinates": [ [ [ 75.696991198385092, 31.418525525432699 ], [ 75.696502433040962, 31.439224551871689 ], [ 75.740296099985187, 31.451007466621377 ], [ 75.755939474227375, 31.436073407461777 ], [ 75.778515256274204, 31.433944636635829 ], [ 75.76180749032352, 31.409475034345462 ], [ 75.739610415488471, 31.407396309891908 ], [ 75.738465876199314, 31.386540528922296 ], [ 75.732874264036184, 31.413747172893807 ], [ 75.713186614270967, 31.409482332343941 ], [ 75.715820586450889, 31.420830419488425 ], [ 75.696991198385092, 31.418525525432699 ] ] ] } },
{ "type": "Feature", "properties": { "pincode": "144104", "state": "Punjab", "district": "Jalandhar", "officename": "Daroli Kalan", "officetype": "S.O" }, "geometry": { "type": "Polygon", "coordinates": [ [ [ 75.743119262544042, 31.390051328406173 ], [ 75.739610415488471, 31.407396309891908 ], [ 75.76180749032352, 31.409475034345462 ], [ 75.778989033517234, 31.434783979297322 ], [ 75.806267000022217, 31.440638000143736 ], [ 75.820632999713212, 31.425394000432846 ], [ 75.802623387759297, 31.423484794587694 ], [ 75.789164598067828, 31.406741578261403 ], [ 75.743119262544042, 31.390051328406173 ] ] ] } },
{ "type": "Feature", "properties": { "pincode": "144105", "state": "Punjab", "district": "Hoshiarpur", "officename": "Sham Chaurasi", "officetype": "S.O" }, "geometry": { "type": "Polygon", "coordinates": [ [ [ 75.730644000220593, 31.517833999639379 ], [ 75.704520999744375, 31.528692000335639 ], [ 75.700637999644073, 31.538920999904235 ], [ 75.704454100076703, 31.552356682414995 ], [ 75.725782341681906, 31.559926368707011 ], [ 75.728575037907831, 31.550634052619557 ], [ 75.747764932705479, 31.551255329469939 ], [ 75.759895755584694, 31.560534013633912 ], [ 75.769797656436822, 31.547505806747608 ], [ 75.784421382940536, 31.560585944086199 ], [ 75.797108846596188, 31.559937290973266 ], [ 75.799589140826299, 31.550192443226763 ], [ 75.788814231191907, 31.535386108482214 ], [ 75.802874721291403, 31.537944191371537 ], [ 75.810280387430055, 31.52599877991986 ], [ 75.83263425906398, 31.5334371876761 ], [ 75.836562483371949, 31.522643277165628 ], [ 75.828121854040432, 31.510591242092232 ], [ 75.806171211432343, 31.508014507263738 ], [ 75.801956060224029, 31.49062245166499 ], [ 75.791849548318226, 31.489721202371697 ], [ 75.800566020405654, 31.470889056085184 ], [ 75.782375739149074, 31.466761943109191 ], [ 75.749168000103225, 31.485342000432979 ], [ 75.736397000221416, 31.497615999878633 ], [ 75.730644000220593, 31.517833999639379 ] ] ] } },
{ "type": "Feature", "properties": { "pincode": "144106", "state": "Punjab", "district": "Jalandhar", "officename": "Adda Kathar", "officetype": "S.O" }, "geometry": { "type": "Polygon", "coordinates": [ [ [ 75.740030451044674, 31.451464341106487 ], [ 75.764454355184512, 31.46214257002373 ], [ 75.759352015583204, 31.475629451837733 ], [ 75.76760899975568, 31.477780999793538 ], [ 75.778732000081789, 31.472888999927534 ], [ 75.79013099964601, 31.450189999968586 ], [ 75.801444999787009, 31.45490599981224 ], [ 75.806267000022217, 31.440638000143736 ], [ 75.783773612062703, 31.43242172648155 ], [ 75.755939474227375, 31.436073407461777 ], [ 75.740030451044674, 31.451464341106487 ] ] ] } },
{ "type": "Feature", "properties": { "pincode": "144201", "state": "Punjab", "district": "Jalandhar", "officename": "Bhogpur (Jalandhar)", "officetype": "S.O" }, "geometry": { "type": "Polygon", "coordinates": [ [ [ 75.604263518646519, 31.538704787595918 ], [ 75.595047000119109, 31.604843000204369 ], [ 75.603470000040488, 31.612515999713764 ], [ 75.62364200037814, 31.604685000112795 ], [ 75.640944999712076, 31.61697999962729 ], [ 75.650771999628091, 31.60626400008357 ], [ 75.670958999758113, 31.607460000378808 ], [ 75.694153000061078, 31.555684999563084 ], [ 75.705085999719188, 31.550919000111833 ], [ 75.704520999744375, 31.528692000335639 ], [ 75.730644000220593, 31.517833999639379 ], [ 75.735396999971726, 31.507243999611035 ], [ 75.697755473736152, 31.495430335241792 ], [ 75.691888347069721, 31.501937327745509 ], [ 75.67526172155118, 31.494500998322565 ], [ 75.664398418452322, 31.501483747477096 ], [ 75.653007707040217, 31.488517441826559 ], [ 75.641516455020565, 31.511879259220564 ], [ 75.635036049174516, 31.507545620534131 ], [ 75.622775450526717, 31.51396528347118 ], [ 75.616644554502784, 31.533661408447301 ], [ 75.604263518646519, 31.538704787595918 ] ] ] } },
{ "type": "Feature", "properties": { "pincode": "144202", "state": "Punjab", "district": "Hoshiarpur", "officename": "Miani", "officetype": "S.O" }, "geometry": { "type": "Polygon", "coordinates": [ [ [ 75.474922000350091, 31.651462999817682 ], [ 75.496330000129376, 31.699985999953981 ], [ 75.513485951315829, 31.713644288053615 ], [ 75.558936885329047, 31.705769103861201 ], [ 75.558797064133387, 31.715224399586418 ], [ 75.533073000218792, 31.734997000211479 ], [ 75.539058626954215, 31.765409471869702 ], [ 75.553428901123084, 31.765165323021336 ], [ 75.558953510196375, 31.755618531170398 ], [ 75.585066200844608, 31.758385495094728 ], [ 75.586221330550075, 31.74663437227855 ], [ 75.593207697677201, 31.754076213646385 ], [ 75.618101688242291, 31.753204103286862 ], [ 75.620319989276197, 31.727727535497422 ], [ 75.610910788302249, 31.723663506365881 ], [ 75.611477169635748, 31.71309255038102 ], [ 75.598045835347079, 31.710637858950236 ], [ 75.617038093333463, 31.702209612383797 ], [ 75.606886656693916, 31.679093702012892 ], [ 75.60758943820224, 31.653898448454754 ], [ 75.561194191758659, 31.658147130885482 ], [ 75.547737969631669, 31.642389629078309 ], [ 75.533127000011177, 31.649936999593024 ], [ 75.532158000291417, 31.636401999552788 ], [ 75.525557999901821, 31.634746999674292 ], [ 75.522484000236545, 31.641459999879089 ], [ 75.474922000350091, 31.651462999817682 ] ] ] } },
{ "type": "Feature", "properties": { "pincode": "144204", "state": "Punjab", "district": "Hoshiarpur", "officename": "Urmar", "officetype": "S.O" }, "geometry": { "type": "Polygon", "coordinates": [ [ [ 75.598012725906528, 31.709764428385768 ], [ 75.611477169635748, 31.71309255038102 ], [ 75.610910788302249, 31.723663506365881 ], [ 75.636307599715963, 31.726610975915889 ], [ 75.641827442382692, 31.748324349489337 ], [ 75.650820626870598, 31.740756363815308 ], [ 75.665225122941195, 31.750687748940607 ], [ 75.669499874919381, 31.741404864942581 ], [ 75.662952833806401, 31.734234042367234 ], [ 75.679557380069184, 31.735928613314968 ], [ 75.681371719129686, 31.725430554576576 ], [ 75.666368244898649, 31.7209766171772 ], [ 75.654433725136528, 31.729946993059286 ], [ 75.644813878657828, 31.70233982702149 ], [ 75.635333967588736, 31.696062444026722 ], [ 75.598012725906528, 31.709764428385768 ] ] ] } },
{ "type": "Feature", "properties": { "pincode": "144205", "state": "Punjab", "district": "Hoshiarpur", "officename": "Dasuya", "officetype": "H.O" }, "geometry": { "type": "Polygon", "coordinates": [ [ [ 75.539058626954215, 31.765409471869702 ], [ 75.53807099957703, 31.772406000436661 ], [ 75.573607999809497, 31.778446000182896 ], [ 75.565819000346835, 31.799359999664262 ], [ 75.570310485340713, 31.863994572791341 ], [ 75.584368233407304, 31.862960508021217 ], [ 75.584258610546499, 31.855734985980973 ], [ 75.59602333560855, 31.850456343285714 ], [ 75.599652036212547, 31.859935491729686 ], [ 75.617223257447336, 31.856295115227567 ], [ 75.624715929396757, 31.868367588293609 ], [ 75.615984551945644, 31.880699783768193 ], [ 75.627661507672599, 31.885159825765413 ], [ 75.627101092441592, 31.891791823134326 ], [ 75.64568030530188, 31.890380251747217 ], [ 75.65765019270242, 31.902348806352393 ], [ 75.693922290681314, 31.891889208020586 ], [ 75.703088759238994, 31.900673685942024 ], [ 75.70206234140403, 31.894143945986343 ], [ 75.718692423916309, 31.890022799113012 ], [ 75.745518056613207, 31.898546702968076 ], [ 75.745528406910523, 31.912265936323877 ], [ 75.752807550128466, 31.917081372407324 ], [ 75.770159500460522, 31.919417141088218 ], [ 75.838861039905112, 31.864031132031243 ], [ 75.832729286827202, 31.843763094891074 ], [ 75.842360999860375, 31.833521000294127 ], [ 75.77247294886763, 31.786804648215991 ], [ 75.72026099984538, 31.775507000447931 ], [ 75.690959473301234, 31.788066570615797 ], [ 75.690690397943683, 31.769982224999808 ], [ 75.670603765751309, 31.77156629624767 ], [ 75.640872150129724, 31.757365126999105 ], [ 75.633200496905545, 31.761469749729315 ], [ 75.625481964721132, 31.75255141131862 ], [ 75.593207697677201, 31.754076213646385 ], [ 75.586221330550075, 31.74663437227855 ], [ 75.585066200844608, 31.758385495094728 ], [ 75.558953510196375, 31.755618531170398 ], [ 75.553428901123084, 31.765165323021336 ], [ 75.539058626954215, 31.765409471869702 ] ] ] } },
{ "type": "Feature", "properties": { "pincode": "144206", "state": "Punjab", "district": "Hoshiarpur", "officename": "Dholbaha", "officetype": "S.O" }, "geometry": { "type": "Polygon", "coordinates": [ [ [ 75.845295026344388, 31.73777271004252 ], [ 75.830521301916747, 31.736630350710243 ], [ 75.830451333762085, 31.753776373381072 ], [ 75.878515882002432, 31.76113871647874 ], [ 75.880140055819027, 31.776048292494863 ], [ 75.895845438316428, 31.783770802380616 ], [ 75.903396116537635, 31.815336186016282 ], [ 75.914846242560031, 31.828727055309514 ], [ 75.934150999668816, 31.820372000067891 ], [ 75.951154095785, 31.78294771226723 ], [ 75.922413685043523, 31.750298324508151 ], [ 75.92279858049028, 31.741192811998701 ], [ 75.892423832693794, 31.737054123848793 ], [ 75.893195601196226, 31.74842529119428 ], [ 75.867588815171871, 31.714620791716243 ], [ 75.845127111227384, 31.706659956092324 ], [ 75.83774107998687, 31.71323575932297 ], [ 75.848694847689217, 31.730946585016966 ], [ 75.845295026344388, 31.73777271004252 ] ] ] } },
{ "type": "Feature", "properties": { "pincode": "144207", "state": "Punjab", "district": "Hoshiarpur", "officename": "Garhdiwala", "officetype": "S.O" }, "geometry": { "type": "Polygon", "coordinates": [ [ [ 75.675256555845465, 31.767499037650509 ], [ 75.694062555242851, 31.772947778117498 ], [ 75.690959473301234, 31.788066570615797 ], [ 75.72026099984538, 31.775507000447931 ], [ 75.783862370651946, 31.792919281799641 ], [ 75.78064428610503, 31.782340834461991 ], [ 75.788557626733336, 31.779041426021138 ], [ 75.799955585781731, 31.788630244990031 ], [ 75.804988823275721, 31.783393533185176 ], [ 75.783168386312127, 31.771084329778091 ], [ 75.793383489556447, 31.763692826163037 ], [ 75.833325732496576, 31.774985776772326 ], [ 75.840926039805083, 31.76851282630588 ], [ 75.835687561731731, 31.760374123666907 ], [ 75.879923088979467, 31.764132871634899 ], [ 75.857352426773218, 31.754269537309426 ], [ 75.830451333762085, 31.753776373381072 ], [ 75.830521301916747, 31.736630350710243 ], [ 75.806975915805879, 31.737110666024535 ], [ 75.799447316840315, 31.727210149229165 ], [ 75.804229627295513, 31.708144037117677 ], [ 75.784391727796049, 31.700768110659965 ], [ 75.759342610473084, 31.708462733468366 ], [ 75.749164937012438, 31.694977921893667 ], [ 75.730586369865193, 31.697429284933662 ], [ 75.724949367119677, 31.690553084757141 ], [ 75.705909007095045, 31.699997826938159 ], [ 75.702748015109023, 31.724115749342445 ], [ 75.688947731252881, 31.718355820065085 ], [ 75.680115000207138, 31.726355000083174 ], [ 75.6855809644901, 31.75261588191762 ], [ 75.675256555845465, 31.767499037650509 ] ] ] } },
{ "type": "Feature", "properties": { "pincode": "144208", "state": "Punjab", "district": "Hoshiarpur", "officename": "Hariana", "officetype": "S.O" }, "geometry": { "type": "Polygon", "coordinates": [ [ [ 75.803347967035165, 31.605354352921154 ], [ 75.780177321226518, 31.645693489163364 ], [ 75.798379660592957, 31.66238170025531 ], [ 75.797807955273072, 31.674693884015653 ], [ 75.814190317729015, 31.67228240950584 ], [ 75.813593637336623, 31.678013188158332 ], [ 75.845339738837993, 31.693696025551333 ], [ 75.865712493037222, 31.6638447965002 ], [ 75.889801075958985, 31.664137959299467 ], [ 75.904615733029686, 31.648768861194014 ], [ 75.886130326653415, 31.623050605101412 ], [ 75.861176655278484, 31.620784824360271 ], [ 75.858769858142466, 31.628334973780227 ], [ 75.833960056711248, 31.610796459988762 ], [ 75.876049762886396, 31.6130631058777 ], [ 75.884429526101826, 31.605083389886602 ], [ 75.841620057419846, 31.583760480361946 ], [ 75.839270435582307, 31.594379305460677 ], [ 75.826891971787177, 31.601319529272985 ], [ 75.830440612044526, 31.607556491339096 ], [ 75.803347967035165, 31.605354352921154 ] ] ] } },
{ "type": "Feature", "properties": { "pincode": "144209", "state": "Punjab", "district": "Hoshiarpur", "officename": "Janauri", "officetype": "S.O" }, "geometry": { "type": "Polygon", "coordinates": [ [ [ 75.865712493037222, 31.6638447965002 ], [ 75.845339738837993, 31.693696025551333 ], [ 75.845127111227384, 31.706659956092324 ], [ 75.867588815171871, 31.714620791716243 ], [ 75.884137255430119, 31.742417696719428 ], [ 75.893195601196226, 31.74842529119428 ], [ 75.892423832693794, 31.737054123848793 ], [ 75.92279858049028, 31.741192811998701 ], [ 75.922413685043523, 31.750298324508151 ], [ 75.951154095785, 31.78294771226723 ], [ 75.959633000262897, 31.779899999785187 ], [ 75.981531134154693, 31.727777562984272 ], [ 75.936962260599898, 31.697618352105337 ], [ 75.927586903812653, 31.678402172822189 ], [ 75.940541517377255, 31.667598649458284 ], [ 75.932644716180846, 31.654189081461141 ], [ 75.902066166720317, 31.639852198220524 ], [ 75.901730284325197, 31.65567993438151 ], [ 75.889801075958985, 31.664137959299467 ], [ 75.865712493037222, 31.6638447965002 ] ] ] } },
{ "type": "Feature", "properties": { "pincode": "144210", "state": "Punjab", "district": "Hoshiarpur", "officename": "Bhunga", "officetype": "S.O" }, "geometry": { "type": "Polygon", "coordinates": [ [ [ 75.722990136485805, 31.656411518476887 ], [ 75.701825191079934, 31.659065207393496 ], [ 75.710075084097866, 31.666698392117269 ], [ 75.718346066218089, 31.663939077826228 ], [ 75.71918525779347, 31.678584102974014 ], [ 75.737237770107129, 31.67682122222169 ], [ 75.730586369865193, 31.697429284933662 ], [ 75.749164937012438, 31.694977921893667 ], [ 75.759342610473084, 31.708462733468366 ], [ 75.784391727796049, 31.700768110659965 ], [ 75.804229627295513, 31.708144037117677 ], [ 75.799958629087598, 31.730234051260538 ], [ 75.810200075273315, 31.738285798450931 ], [ 75.848482587901344, 31.73293601398592 ], [ 75.83774107998687, 31.71323575932297 ], [ 75.847826384080463, 31.704749119776125 ], [ 75.844048258420628, 31.69182010271561 ], [ 75.813593637336623, 31.678013188158332 ], [ 75.814190317729015, 31.67228240950584 ], [ 75.797807955273072, 31.674693884015653 ], [ 75.798379660592957, 31.66238170025531 ], [ 75.780177321226518, 31.645693489163364 ], [ 75.742923615932227, 31.654335899382318 ], [ 75.742247722354477, 31.647505033130813 ], [ 75.728050519116209, 31.643554160296276 ], [ 75.722990136485805, 31.656411518476887 ] ] ] } },
{ "type": "Feature", "properties": { "pincode": "144211", "state": "Punjab", "district": "Hoshiarpur", "officename": "Mukerian", "officetype": "S.O" }, "geometry": { "type": "Polygon", "coordinates": [ [ [ 75.535803049671074, 31.965365485628809 ], [ 75.559218999957068, 32.000464999859844 ], [ 75.539314000241006, 32.022564000028694 ], [ 75.539596999801688, 32.03488900002742 ], [ 75.559728862497138, 32.029732892658956 ], [ 75.548628073626617, 32.016051516264497 ], [ 75.561647503129848, 32.015427565729738 ], [ 75.577931781926168, 32.000391604389165 ], [ 75.636663835567674, 31.993293275264534 ], [ 75.663006838095271, 32.002468237019684 ], [ 75.688005650040736, 31.991794149480484 ], [ 75.662268383179367, 31.976983928765435 ], [ 75.690299536394491, 31.979976865340063 ], [ 75.6823295780477, 31.967750633385037 ], [ 75.66817487047382, 31.964663090829049 ], [ 75.68274920081501, 31.951586922198828 ], [ 75.682340909505456, 31.927235030372401 ], [ 75.664129021137569, 31.919983986471834 ], [ 75.666378275936722, 31.902291479967857 ], [ 75.639768907709083, 31.888027080285667 ], [ 75.627101092441592, 31.891791823134326 ], [ 75.62423746488713, 31.903170711159362 ], [ 75.605634719466934, 31.906144591999464 ], [ 75.592891838687592, 31.900434398828509 ], [ 75.5985892210158, 31.89257314603401 ], [ 75.553641999978424, 31.886312000298631 ], [ 75.552383000375187, 31.920340000190947 ], [ 75.530457000090678, 31.943590000378435 ], [ 75.535803049671074, 31.965365485628809 ] ] ] } },
{ "type": "Feature", "properties": { "pincode": "144212", "state": "Punjab", "district": "Hoshiarpur", "officename": "Budhipind", "officetype": "S.O" }, "geometry": { "type": "Polygon", "coordinates": [ [ [ 75.608786998821131, 31.656618791524124 ], [ 75.616706695857431, 31.702099665767037 ], [ 75.641895696429344, 31.699311824980896 ], [ 75.656517103581564, 31.730835900956095 ], [ 75.666368244898649, 31.7209766171772 ], [ 75.702748015109023, 31.724115749342445 ], [ 75.705909007095045, 31.699997826938159 ], [ 75.73728862676893, 31.683163296149246 ], [ 75.737237770107129, 31.67682122222169 ], [ 75.71918525779347, 31.678584102974014 ], [ 75.718346066218089, 31.663939077826228 ], [ 75.666175804369914, 31.65088408912959 ], [ 75.608786998821131, 31.656618791524124 ] ] ] } },
{ "type": "Feature", "properties": { "pincode": "144213", "state": "Punjab", "district": "Hoshiarpur", "officename": "Bhanowal", "officetype": "S.O" }, "geometry": { "type": "Polygon", "coordinates": [ [ [ 75.783904879806357, 31.793798799874878 ], [ 75.842360999860375, 31.833521000294127 ], [ 75.833816999754788, 31.816794999689478 ], [ 75.847435000025314, 31.801900999931377 ], [ 75.86931600003345, 31.822059999669307 ], [ 75.893241999918416, 31.816727000151047 ], [ 75.896285999999066, 31.837140999957342 ], [ 75.914846242560031, 31.828727055309514 ], [ 75.903396116537635, 31.815336186016282 ], [ 75.895845438316428, 31.783770802380616 ], [ 75.880140055819027, 31.776048292494863 ], [ 75.879923088979467, 31.764132871634899 ], [ 75.835687561731731, 31.760374123666907 ], [ 75.840926039805083, 31.76851282630588 ], [ 75.833325732496576, 31.774985776772326 ], [ 75.793383489556447, 31.763692826163037 ], [ 75.783168386312127, 31.771084329778091 ], [ 75.804988823275721, 31.783393533185176 ], [ 75.799955585781731, 31.788630244990031 ], [ 75.788557626733336, 31.779041426021138 ], [ 75.78064428610503, 31.782340834461991 ], [ 75.783904879806357, 31.793798799874878 ] ] ] } },
{ "type": "Feature", "properties": { "pincode": "144214", "state": "Punjab", "district": "Hoshiarpur", "officename": "Tanda Ram Sahai", "officetype": "S.O" }, "geometry": { "type": "Polygon", "coordinates": [ [ [ 75.561052272444499, 31.879969931766936 ], [ 75.576650280386275, 31.893069085270213 ], [ 75.5985892210158, 31.89257314603401 ], [ 75.592891838687592, 31.900434398828509 ], [ 75.601964530438863, 31.90602989336503 ], [ 75.62423746488713, 31.903170711159362 ], [ 75.627760312588521, 31.893786043691023 ], [ 75.627661507672599, 31.885159825765413 ], [ 75.61555057779691, 31.879605229697688 ], [ 75.624715929396757, 31.868367588293609 ], [ 75.619557364181048, 31.859462799069036 ], [ 75.599652036212547, 31.859935491729686 ], [ 75.59602333560855, 31.850456343285714 ], [ 75.584258610546499, 31.855734985980973 ], [ 75.584368233407304, 31.862960508021217 ], [ 75.570310485340713, 31.863994572791341 ], [ 75.561052272444499, 31.879969931766936 ] ] ] } },
{ "type": "Feature", "properties": { "pincode": "144221", "state": "Punjab", "district": "Hoshiarpur", "officename": "Hajipur", "officetype": "S.O" }, "geometry": { "type": "Polygon", "coordinates": [ [ [ 75.668204086749313, 31.894475870465214 ], [ 75.664129021137569, 31.919983986471834 ], [ 75.682340909505456, 31.927235030372401 ], [ 75.685358590027079, 31.941765814640689 ], [ 75.66817487047382, 31.964663090829049 ], [ 75.6823295780477, 31.967750633385037 ], [ 75.690299536394491, 31.979976865340063 ], [ 75.662268383179367, 31.976983928765435 ], [ 75.688005650040736, 31.991794149480484 ], [ 75.673844718259261, 32.003042149275871 ], [ 75.680775241084575, 32.010814266665193 ], [ 75.664044955210727, 32.024713922009937 ], [ 75.686471818519749, 32.03166980032114 ], [ 75.683484337232528, 32.040171961267106 ], [ 75.69556718038109, 32.064010988616417 ], [ 75.725395000079232, 32.035426999656465 ], [ 75.754950999689072, 32.03383299989315 ], [ 75.79910317687029, 31.993567596367598 ], [ 75.791824242295036, 31.977646075306211 ], [ 75.79565485868477, 31.955974065151224 ], [ 75.782488799218811, 31.946836213020788 ], [ 75.784680738425493, 31.927350496128668 ], [ 75.758526093504543, 31.925009711029418 ], [ 75.742009048578836, 31.896760333722511 ], [ 75.718692423916309, 31.890022799113012 ], [ 75.70206234140403, 31.894143945986343 ], [ 75.703088759238994, 31.900673685942024 ], [ 75.693922290681314, 31.891889208020586 ], [ 75.668204086749313, 31.894475870465214 ] ] ] } },
{ "type": "Feature", "properties": { "pincode": "144222", "state": "Punjab", "district": "Hoshiarpur", "officename": "Datarpur", "officetype": "S.O" }, "geometry": { "type": "Polygon", "coordinates": [ [ [ 75.784680738425493, 31.927350496128668 ], [ 75.782488799218811, 31.946836213020788 ], [ 75.79565485868477, 31.955974065151224 ], [ 75.791824242295036, 31.977646075306211 ], [ 75.79910317687029, 31.993567596367598 ], [ 75.881058000126586, 31.967829000308143 ], [ 75.851198968557526, 31.940652413478119 ], [ 75.845136840992438, 31.906543746196974 ], [ 75.815473987534688, 31.908526809764567 ], [ 75.821509341383035, 31.880336642921918 ], [ 75.783225242351079, 31.913955493551327 ], [ 75.759021515630479, 31.91640523601302 ], [ 75.758526093504543, 31.925009711029418 ], [ 75.784680738425493, 31.927350496128668 ] ] ] } },
{ "type": "Feature", "properties": { "pincode": "144223", "state": "Punjab", "district": "Hoshiarpur", "officename": "Kamahi Devi", "officetype": "S.O" }, "geometry": { "type": "Polygon", "coordinates": [ [ [ 75.824110693353987, 31.869756239558853 ], [ 75.814334117525618, 31.905357965797577 ], [ 75.820777954239304, 31.91190092398864 ], [ 75.88171855846474, 31.889605546958592 ], [ 75.888930443185473, 31.876983844428878 ], [ 75.882540034295232, 31.869102716617135 ], [ 75.909407945920009, 31.831329482869535 ], [ 75.896285999999066, 31.837140999957342 ], [ 75.893241999918416, 31.816727000151047 ], [ 75.86931600003345, 31.822059999669307 ], [ 75.850684999712996, 31.803253000225823 ], [ 75.840439000259664, 31.806007000422824 ], [ 75.833816999754788, 31.816794999689478 ], [ 75.842925999835188, 31.831153999957223 ], [ 75.832729286827202, 31.843763094891074 ], [ 75.838861039905112, 31.864031132031243 ], [ 75.824110693353987, 31.869756239558853 ] ] ] } },
{ "type": "Feature", "properties": { "pincode": "144224", "state": "Punjab", "district": "Hoshiarpur", "officename": "Bhambotar", "officetype": "S.O" }, "geometry": { "type": "Polygon", "coordinates": [ [ [ 75.885079718854058, 31.886306672714909 ], [ 75.906346185128427, 31.915825175091925 ], [ 75.921061872707355, 31.92281467006103 ], [ 75.986144999792145, 31.813164000418283 ], [ 75.967567000117128, 31.8226180002207 ], [ 75.943961999746591, 31.813928999723601 ], [ 75.911376999848812, 31.829608999755692 ], [ 75.882540034295232, 31.869102716617135 ], [ 75.888931595217002, 31.875460391983609 ], [ 75.885079718854058, 31.886306672714909 ] ] ] } },
{ "type": "Feature", "properties": { "pincode": "144301", "state": "Punjab", "district": "Jalandhar", "officename": "Alawalpur (Jalandhar)", "officetype": "S.O" }, "geometry": { "type": "Polygon", "coordinates": [ [ [ 75.591632955096941, 31.412234830673128 ], [ 75.577146157569132, 31.433065187808268 ], [ 75.58428871085539, 31.440507781908764 ], [ 75.571198886019943, 31.448824465776568 ], [ 75.587622934750755, 31.461283738154123 ], [ 75.573762815401665, 31.478129924156747 ], [ 75.582314717850068, 31.48849641207994 ], [ 75.606518683790341, 31.493089185917427 ], [ 75.615139835834896, 31.481094277579018 ], [ 75.60243557374281, 31.472680939973372 ], [ 75.604995226848416, 31.459648347993038 ], [ 75.619096442746695, 31.434629929028063 ], [ 75.660456034318713, 31.436553140015519 ], [ 75.669931657420136, 31.428487823854084 ], [ 75.647940729681068, 31.412266210717064 ], [ 75.626087837983448, 31.412062311026887 ], [ 75.604471344776869, 31.428784630706275 ], [ 75.591632955096941, 31.412234830673128 ] ] ] } },
{ "type": "Feature", "properties": { "pincode": "144302", "state": "Punjab", "district": "Jalandhar", "officename": "Beas Pind", "officetype": "S.O" }, "geometry": { "type": "Polygon", "coordinates": [ [ [ 75.619096442746695, 31.434629929028063 ], [ 75.613373409954988, 31.449675496027453 ], [ 75.619654660034712, 31.467865328522123 ], [ 75.647387437080738, 31.471924513905321 ], [ 75.648719942771208, 31.491553975735485 ], [ 75.657771851189977, 31.481769836608692 ], [ 75.652170229572562, 31.472970606208548 ], [ 75.678459428360043, 31.469193521064199 ], [ 75.663842720165519, 31.449389572770656 ], [ 75.662363751785904, 31.433694619710991 ], [ 75.619096442746695, 31.434629929028063 ] ] ] } },
{ "type": "Feature", "properties": { "pincode": "144303", "state": "Punjab", "district": "Jalandhar", "officename": "Kala Bakra", "officetype": "S.O" }, "geometry": { "type": "Polygon", "coordinates": [ [ [ 75.550117000199634, 31.535147000333779 ], [ 75.535048999611718, 31.551732999878084 ], [ 75.538475000221183, 31.555994000322983 ], [ 75.561454999648618, 31.547885999639163 ], [ 75.582466000005923, 31.553316000033419 ], [ 75.586075000061385, 31.572093999938261 ], [ 75.59791305494366, 31.567580752249967 ], [ 75.604263518646519, 31.538704787595918 ], [ 75.616644554502784, 31.533661408447301 ], [ 75.621949935840917, 31.514618054579614 ], [ 75.635036049174516, 31.507545620534131 ], [ 75.641516455020565, 31.511879259220564 ], [ 75.64777600715712, 31.5007474770145 ], [ 75.647387437080738, 31.471924513905321 ], [ 75.619654660034712, 31.467865328522123 ], [ 75.609913366408932, 31.448761844183878 ], [ 75.60243557374281, 31.472680939973372 ], [ 75.613924354425478, 31.485204994115236 ], [ 75.60783761061731, 31.4929765602202 ], [ 75.582314717850068, 31.48849641207994 ], [ 75.585338754779741, 31.518194846315282 ], [ 75.558123190432866, 31.525795466587681 ], [ 75.550192683545617, 31.519852921874985 ], [ 75.550117000199634, 31.535147000333779 ] ] ] } },
{ "type": "Feature", "properties": { "pincode": "144305", "state": "Punjab", "district": "Hoshiarpur", "officename": "Khudda", "officetype": "S.O" }, "geometry": { "type": "Polygon", "coordinates": [ [ [ 75.619357109443058, 31.725187125185755 ], [ 75.61471571555802, 31.750800186679385 ], [ 75.631369373797668, 31.76063741278648 ], [ 75.640872150129724, 31.757365126999105 ], [ 75.670603765751309, 31.77156629624767 ], [ 75.686035574482219, 31.74639935064954 ], [ 75.679557380069184, 31.735928613314968 ], [ 75.662952833806401, 31.734234042367234 ], [ 75.669499874919381, 31.741404864942581 ], [ 75.665225122941195, 31.750687748940607 ], [ 75.650820626870598, 31.740756363815308 ], [ 75.641827442382692, 31.748324349489337 ], [ 75.636307599715963, 31.726610975915889 ], [ 75.627747207667596, 31.724171670086548 ], [ 75.619357109443058, 31.725187125185755 ] ] ] } },
{ "type": "Feature", "properties": { "pincode": "144306", "state": "Punjab", "district": "Hoshiarpur", "officename": "Bhangala", "officetype": "S.O" }, "geometry": { "type": "Polygon", "coordinates": [ [ [ 75.559728862497138, 32.029732892658956 ], [ 75.553778252664358, 32.033620412752043 ], [ 75.561935000200265, 32.036137000022677 ], [ 75.577582999655931, 32.073704000339433 ], [ 75.593643000124416, 32.081435999871474 ], [ 75.613410999817972, 32.065696999816737 ], [ 75.66429900019881, 32.076767000396785 ], [ 75.69556718038109, 32.064010988616417 ], [ 75.683484337232528, 32.040171961267106 ], [ 75.686471818519749, 32.03166980032114 ], [ 75.664044955210727, 32.024713922009937 ], [ 75.680775241084575, 32.010814266665193 ], [ 75.673278961055303, 32.004896040519952 ], [ 75.679513074968611, 31.99657480158595 ], [ 75.663006838095271, 32.002468237019684 ], [ 75.636663835567674, 31.993293275264534 ], [ 75.600901157662349, 31.99418789025907 ], [ 75.590863019412836, 32.002693421864137 ], [ 75.577931781926168, 32.000391604389165 ], [ 75.561647503129848, 32.015427565729738 ], [ 75.548628073626617, 32.016051516264497 ], [ 75.559728862497138, 32.029732892658956 ] ] ] } },
{ "type": "Feature", "properties": { "pincode": "144401", "state": "Punjab", "district": "Kapurthala", "officename": "Phagwara", "officetype": "H.O" }, "geometry": { "type": "Polygon", "coordinates": [ [ [ 75.740262882626041, 31.209842905125981 ], [ 75.725044178146277, 31.226596170476967 ], [ 75.738354758665309, 31.223899833910366 ], [ 75.75820591507113, 31.233473561355822 ], [ 75.767024726410227, 31.255329460386292 ], [ 75.780212854339879, 31.259596111271549 ], [ 75.775509956719191, 31.275796444650325 ], [ 75.807508602240375, 31.303608755939536 ], [ 75.840236244507025, 31.291635657060056 ], [ 75.857688999847539, 31.234980000426731 ], [ 75.805008000418979, 31.219169999795724 ], [ 75.78498099957352, 31.204635999551897 ], [ 75.78788000016192, 31.198552999621313 ], [ 75.777412000363597, 31.189294999864444 ], [ 75.77899200038064, 31.16563000032437 ], [ 75.732477180077922, 31.164972119267873 ], [ 75.738261981904998, 31.178094662338879 ], [ 75.759962606689044, 31.184330219663934 ], [ 75.76897024508088, 31.201908266753321 ], [ 75.760349643421478, 31.216573910657587 ], [ 75.740262882626041, 31.209842905125981 ] ] ] } },
{ "type": "Feature", "properties": { "pincode": "144402", "state": "Punjab", "district": "Kapurthala", "officename": "Satnampura", "officetype": "S.O" }, "geometry": { "type": "Polygon", "coordinates": [ [ [ 75.709717000139506, 31.215940000131013 ], [ 75.704419244152859, 31.241689722602644 ], [ 75.749877956402656, 31.267549210028164 ], [ 75.765690563268834, 31.254066985802751 ], [ 75.75397814367642, 31.229422098451266 ], [ 75.725044178146277, 31.226596170476967 ], [ 75.740262882626041, 31.209842905125981 ], [ 75.760349643421478, 31.216573910657587 ], [ 75.76897024508088, 31.201908266753321 ], [ 75.759962606689044, 31.184330219663934 ], [ 75.738261981904998, 31.178094662338879 ], [ 75.732477180077922, 31.164972119267873 ], [ 75.706817999551106, 31.16629000018338 ], [ 75.696579000420627, 31.176430000144478 ], [ 75.697638999840024, 31.188527999567725 ], [ 75.687400999856436, 31.197112999765238 ], [ 75.692176999768776, 31.212222999591859 ], [ 75.709717000139506, 31.215940000131013 ] ] ] } },
{ "type": "Feature", "properties": { "pincode": "144403", "state": "Punjab", "district": "Kapurthala", "officename": "Ranipur (Kapurthala)", "officetype": "S.O" }, "geometry": { "type": "Polygon", "coordinates": [ [ [ 75.687978207228639, 31.305544049318598 ], [ 75.686264511298248, 31.319423379085663 ], [ 75.720207000053165, 31.316012999700206 ], [ 75.723029999834694, 31.322477000113565 ], [ 75.700829000358169, 31.347368000432937 ], [ 75.728714000250989, 31.343752000054849 ], [ 75.739540000370823, 31.325490999709928 ], [ 75.759513999671412, 31.33036200040624 ], [ 75.765792999647374, 31.352387999906284 ], [ 75.78721972511039, 31.340077248766192 ], [ 75.786800329871539, 31.329196327048919 ], [ 75.769164364643927, 31.318936408788375 ], [ 75.77350515923581, 31.291384464721318 ], [ 75.786221269895748, 31.285831796799982 ], [ 75.775509956719191, 31.275796444650325 ], [ 75.780212854339879, 31.259596111271549 ], [ 75.765946888038627, 31.252975021779946 ], [ 75.749877956402656, 31.267549210028164 ], [ 75.738641683766787, 31.25784305021682 ], [ 75.728735587577376, 31.265875523137026 ], [ 75.72877277634268, 31.278500107094317 ], [ 75.718906786319167, 31.283141512670795 ], [ 75.735976439461183, 31.292647218094828 ], [ 75.725291610419731, 31.304567012357779 ], [ 75.699420818516103, 31.294911072488048 ], [ 75.687978207228639, 31.305544049318598 ] ] ] } },
{ "type": "Feature", "properties": { "pincode": "144404", "state": "Punjab", "district": "Hoshiarpur", "officename": "Ajnoha", "officetype": "S.O" }, "geometry": { "type": "Polygon", "coordinates": [ [ [ 75.855910999692981, 31.29215800039151 ], [ 75.876777999704984, 31.328105999792172 ], [ 75.880897999942817, 31.322132000391605 ], [ 75.886093000291851, 31.335164999765027 ], [ 75.902569990312941, 31.337707526181418 ], [ 75.906167388214442, 31.325171634263484 ], [ 75.925164391923261, 31.325567728068165 ], [ 75.932670064471949, 31.294656730723659 ], [ 75.9259105891025, 31.280796311900303 ], [ 75.891998000107719, 31.275753000200893 ], [ 75.884849999627818, 31.291341999633687 ], [ 75.866889999673731, 31.28246899964472 ], [ 75.855910999692981, 31.29215800039151 ] ] ] } },
{ "type": "Feature", "properties": { "pincode": "144405", "state": "Punjab", "district": "Kapurthala", "officename": "Narur", "officetype": "S.O" }, "geometry": { "type": "Polygon", "coordinates": [ [ [ 75.801961599148513, 31.30666855530967 ], [ 75.806438188671621, 31.32042266167656 ], [ 75.839094628014664, 31.329282791467676 ], [ 75.83249700003671, 31.371982999715669 ], [ 75.845879000215803, 31.372477000013589 ], [ 75.858299000098896, 31.351320000117937 ], [ 75.871017000234417, 31.355265000379518 ], [ 75.878653870379935, 31.333094312552532 ], [ 75.855910999692981, 31.29215800039151 ], [ 75.866889999673731, 31.28246899964472 ], [ 75.884849999627818, 31.291341999633687 ], [ 75.888550000282521, 31.276493000151959 ], [ 75.910750999758989, 31.262460999675568 ], [ 75.870055999984572, 31.245452999556335 ], [ 75.871872000092878, 31.273842000208333 ], [ 75.801961599148513, 31.30666855530967 ] ] ] } },
{ "type": "Feature", "properties": { "pincode": "144406", "state": "Punjab", "district": "Hoshiarpur", "officename": "Baddon", "officetype": "S.O" }, "geometry": { "type": "Polygon", "coordinates": [ [ [ 75.878592999767193, 31.356123000376272 ], [ 75.903076000157284, 31.374328999983504 ], [ 75.949394261036446, 31.349280650681578 ], [ 75.943822491514823, 31.339669278514634 ], [ 75.922511861333419, 31.332717600037313 ], [ 75.925164391923261, 31.325567728068165 ], [ 75.906167388214442, 31.325171634263484 ], [ 75.908309999606786, 31.345779000000903 ], [ 75.891357000225412, 31.341515000317031 ], [ 75.878592999767193, 31.356123000376272 ] ] ] } },
{ "type": "Feature", "properties": { "pincode": "144407", "state": "Punjab", "district": "Kapurthala", "officename": "Domeli", "officetype": "S.O" }, "geometry": { "type": "Polygon", "coordinates": [ [ [ 75.765792999647374, 31.352387999906284 ], [ 75.804420000282903, 31.374066999592515 ], [ 75.816985999704173, 31.361491999756083 ], [ 75.831253000225786, 31.36151900010185 ], [ 75.839094628014664, 31.329282791467676 ], [ 75.806438188671621, 31.32042266167656 ], [ 75.801961599148513, 31.30666855530967 ], [ 75.807621465358523, 31.303082989788209 ], [ 75.786209859297742, 31.286307179332937 ], [ 75.77350515923581, 31.291384464721318 ], [ 75.769164364643927, 31.318936408788375 ], [ 75.786800329871539, 31.329196327048919 ], [ 75.78721972511039, 31.340077248766192 ], [ 75.765792999647374, 31.352387999906284 ] ] ] } },
{ "type": "Feature", "properties": { "pincode": "144408", "state": "Punjab", "district": "Kapurthala", "officename": "Panchhat", "officetype": "S.O" }, "geometry": { "type": "Polygon", "coordinates": [ [ [ 75.880897999942817, 31.322132000391605 ], [ 75.871017000234417, 31.355265000379518 ], [ 75.891357000225412, 31.341515000317031 ], [ 75.908309999606786, 31.345779000000903 ], [ 75.906235000145273, 31.337648000055196 ], [ 75.886093000291851, 31.335164999765027 ], [ 75.880897999942817, 31.322132000391605 ] ] ] } },
{ "type": "Feature", "properties": { "pincode": "144409", "state": "Punjab", "district": "Jalandhar", "officename": "Goraya", "officetype": "S.O" }, "geometry": { "type": "Polygon", "coordinates": [ [ [ 75.727800260273966, 31.115503862413505 ], [ 75.735355312797481, 31.115827389022911 ], [ 75.732502669562564, 31.125917899291665 ], [ 75.721685237283964, 31.130291104550963 ], [ 75.720159871081364, 31.139339400393112 ], [ 75.753523165861566, 31.133134031510394 ], [ 75.76995730498578, 31.157253842490888 ], [ 75.803255949302695, 31.157553713333186 ], [ 75.829519164877638, 31.147202687454239 ], [ 75.827911845255528, 31.13804737408708 ], [ 75.805268069965507, 31.132878140214132 ], [ 75.799825623853565, 31.105912146728315 ], [ 75.782800326174197, 31.093625901214409 ], [ 75.785920707474702, 31.075105915006134 ], [ 75.755262637261012, 31.063451640181142 ], [ 75.737699346248007, 31.070342164759211 ], [ 75.726581004410036, 31.092144734891633 ], [ 75.727800260273966, 31.115503862413505 ] ] ] } },
{ "type": "Feature", "properties": { "pincode": "144410", "state": "Punjab", "district": "Jalandhar", "officename": "Phillaur", "officetype": "S.O" }, "geometry": { "type": "Polygon", "coordinates": [ [ [ 75.737056366957916, 31.008593575433224 ], [ 75.732110866423511, 31.021408945166627 ], [ 75.748864814359877, 31.042707857181881 ], [ 75.750293896446294, 31.062825924276979 ], [ 75.78796753657258, 31.079681025259276 ], [ 75.825735949954264, 31.076009480952791 ], [ 75.831932983920069, 31.053402669597631 ], [ 75.851080823721077, 31.05669351199623 ], [ 75.858216956747242, 31.044069407377322 ], [ 75.880508883078562, 31.042823491111335 ], [ 75.891432865234606, 31.028651396944497 ], [ 75.897191849324372, 31.036421954909429 ], [ 75.903194021786874, 31.030626477230328 ], [ 75.895859000093026, 31.005778999601262 ], [ 75.845779000100947, 31.010362999652841 ], [ 75.799232000256723, 30.993962999692826 ], [ 75.759871999993038, 31.014994000073102 ], [ 75.737056366957916, 31.008593575433224 ] ] ] } },
{ "type": "Feature", "properties": { "pincode": "144411", "state": "Punjab", "district": "Jalandhar, Kapurthala", "officename": "University Campus Nanak Nagri", "officetype": "S.O" }, "geometry": { "type": "Polygon", "coordinates": [ [ [ 75.661022796964573, 31.222746329279687 ], [ 75.665311322060006, 31.229515791620599 ], [ 75.6513623964575, 31.239852181932804 ], [ 75.662888113196004, 31.250806573764464 ], [ 75.671618107489735, 31.241461725578176 ], [ 75.678916999819876, 31.24561900001703 ], [ 75.673224999933893, 31.250542000413134 ], [ 75.679404999840926, 31.254369999775804 ], [ 75.673964999884959, 31.271156000449139 ], [ 75.678825000073743, 31.294277000083468 ], [ 75.684205991013869, 31.292251014572741 ], [ 75.687978207228639, 31.305544049318598 ], [ 75.699420818516103, 31.294911072488048 ], [ 75.725291610419731, 31.304567012357779 ], [ 75.735906633184641, 31.291134687016324 ], [ 75.718906786319167, 31.283141512670795 ], [ 75.738641683766787, 31.25784305021682 ], [ 75.704419244152859, 31.241689722602644 ], [ 75.709717000139506, 31.215940000131013 ], [ 75.692176999768776, 31.212222999591859 ], [ 75.686110999723041, 31.222850999574007 ], [ 75.661022796964573, 31.222746329279687 ] ] ] } },
{ "type": "Feature", "properties": { "pincode": "144415", "state": "Punjab", "district": "Jalandhar", "officename": "Lassara", "officetype": "S.O" }, "geometry": { "type": "Polygon", "coordinates": [ [ [ 75.914720262829917, 31.060767722352693 ], [ 75.944458000136706, 31.058511999629218 ], [ 75.957206999903178, 31.01911500035709 ], [ 75.952521999690703, 31.009639999586284 ], [ 75.931269832636758, 31.011893494689161 ], [ 75.914720262829917, 31.060767722352693 ] ] ] } },
{ "type": "Feature", "properties": { "pincode": "144416", "state": "Punjab", "district": "Jalandhar", "officename": "Apra", "officetype": "S.O" }, "geometry": { "type": "Polygon", "coordinates": [ [ [ 75.868678980550612, 31.071465477349932 ], [ 75.86963728283439, 31.09964888938481 ], [ 75.862314007185716, 31.115118709760793 ], [ 75.901722316331984, 31.129806679334934 ], [ 75.917418999687186, 31.106919999858178 ], [ 75.91231499993728, 31.097921000354006 ], [ 75.893009786872312, 31.094150472166575 ], [ 75.905607462214675, 31.072387998307477 ], [ 75.903143174118441, 31.059156207393187 ], [ 75.868678980550612, 31.071465477349932 ] ] ] } },
{ "type": "Feature", "properties": { "pincode": "144417", "state": "Punjab", "district": "Shahid Bhagat Singh Nagar", "officename": "Aur", "officetype": "S.O" }, "geometry": { "type": "Polygon", "coordinates": [ [ [ 75.943488971638885, 31.056204162092513 ], [ 75.972215550807107, 31.03471363062971 ], [ 75.980441056010136, 31.044436746258953 ], [ 75.968092348982907, 31.070900584394565 ], [ 75.96824656832456, 31.092470829964896 ], [ 75.988678532088613, 31.094765349441332 ], [ 76.014097406570158, 31.082497225266877 ], [ 76.001950096420046, 31.025729445657532 ], [ 76.022014013536023, 31.020215083459391 ], [ 76.023782996188515, 30.995257282397631 ], [ 76.000052999945979, 30.988947000403812 ], [ 75.991501000370988, 31.010145000391503 ], [ 75.953048999711712, 31.021209999841744 ], [ 75.943488971638885, 31.056204162092513 ] ] ] } },
{ "type": "Feature", "properties": { "pincode": "144418", "state": "Punjab", "district": "Jalandhar", "officename": "Bara Pind", "officetype": "S.O" }, "geometry": { "type": "Polygon", "coordinates": [ [ [ 75.782800326174197, 31.093625901214409 ], [ 75.799825623853565, 31.105912146728315 ], [ 75.805268069965507, 31.132878140214132 ], [ 75.827911845255528, 31.13804737408708 ], [ 75.829519164877638, 31.147202687454239 ], [ 75.843022089697683, 31.138833951725474 ], [ 75.867616016965712, 31.139013670444683 ], [ 75.868800672313228, 31.129949834317529 ], [ 75.884283385370111, 31.127491136406832 ], [ 75.884496487822787, 31.12163188870079 ], [ 75.862314007185716, 31.115118709760793 ], [ 75.86963728283439, 31.09964888938481 ], [ 75.866900382346785, 31.072911167216773 ], [ 75.851019563701982, 31.073791830128926 ], [ 75.841307459371933, 31.050652931287857 ], [ 75.831932983920069, 31.053402669597631 ], [ 75.827389715962624, 31.074860255296642 ], [ 75.78796753657258, 31.079681025259276 ], [ 75.782800326174197, 31.093625901214409 ] ] ] } },
{ "type": "Feature", "properties": { "pincode": "144419", "state": "Punjab", "district": "Jalandhar", "officename": "Dayalpur (Jalandhar)", "officetype": "S.O" }, "geometry": { "type": "Polygon", "coordinates": [ [ [ 75.856777687140664, 31.045050930156435 ], [ 75.84821426437702, 31.057008031895236 ], [ 75.851019563701982, 31.073791830128926 ], [ 75.900230010107066, 31.057092723750372 ], [ 75.90063240995778, 31.066706626609573 ], [ 75.911663710012135, 31.073788781427197 ], [ 75.931269832636758, 31.011893494689161 ], [ 75.917351000148585, 31.01920900019519 ], [ 75.902484963910126, 31.016399296890199 ], [ 75.897814637935312, 31.036479712968571 ], [ 75.891432865234606, 31.028651396944497 ], [ 75.880508883078562, 31.042823491111335 ], [ 75.856777687140664, 31.045050930156435 ] ] ] } },
{ "type": "Feature", "properties": { "pincode": "144421", "state": "Punjab", "district": "Shahid Bhagat Singh Nagar", "officename": "Sahlon", "officetype": "S.O" }, "geometry": { "type": "Polygon", "coordinates": [ [ [ 75.997660243025734, 31.085994986379603 ], [ 75.988678532088613, 31.094765349441332 ], [ 76.002728640414489, 31.099750832934774 ], [ 75.999736737160788, 31.112727560828432 ], [ 76.010434606372087, 31.128073633591384 ], [ 76.032689789102733, 31.131957095044072 ], [ 76.048491006055201, 31.119512999625215 ], [ 76.105784800028687, 31.126000546987825 ], [ 76.113189799769543, 31.115390537942972 ], [ 76.125313863344331, 31.114307845031135 ], [ 76.108493397952032, 31.100550092812625 ], [ 76.109359401015638, 31.092338126903201 ], [ 76.090299176765711, 31.086123642492225 ], [ 76.085742589848678, 31.07095665982223 ], [ 76.06982726511643, 31.081032518336201 ], [ 76.06254894208007, 31.065217807955435 ], [ 76.045218056568103, 31.073059943861438 ], [ 76.029787238890094, 31.070010844624903 ], [ 76.027898822672569, 31.080436794822276 ], [ 75.997660243025734, 31.085994986379603 ] ] ] } },
{ "type": "Feature", "properties": { "pincode": "144422", "state": "Punjab", "district": "Shahid Bhagat Singh Nagar", "officename": "Urapar", "officetype": "S.O" }, "geometry": { "type": "Polygon", "coordinates": [ [ [ 75.930274999891367, 31.07805099955408 ], [ 75.950674284990328, 31.09862447523949 ], [ 75.96824656832456, 31.092470829964896 ], [ 75.979206571925943, 31.039723374234541 ], [ 75.972215550807107, 31.03471363062971 ], [ 75.932587000389788, 31.063261000095167 ], [ 75.930274999891367, 31.07805099955408 ] ] ] } },
{ "type": "Feature", "properties": { "pincode": "144501", "state": "Punjab", "district": "Shahid Bhagat Singh Nagar", "officename": "Kultham", "officetype": "S.O" }, "geometry": { "type": "Polygon", "coordinates": [ [ [ 75.822935207493913, 31.18862248414041 ], [ 75.826532591006412, 31.225270426788825 ], [ 75.854111000322632, 31.233530000109567 ], [ 75.880019776891231, 31.206694969497391 ], [ 75.877963838560333, 31.192276513250476 ], [ 75.889010450472142, 31.19400064221594 ], [ 75.887639675930416, 31.181643771143229 ], [ 75.902105575012399, 31.172278452588614 ], [ 75.875663999593939, 31.162185999784128 ], [ 75.853020000372851, 31.181681000377864 ], [ 75.822935207493913, 31.18862248414041 ] ] ] } },
{ "type": "Feature", "properties": { "pincode": "144502", "state": "Punjab", "district": "Jalandhar, Shahid Bhagat Singh Nagar", "officename": "Dosanjh Kalan", "officetype": "S.O" }, "geometry": { "type": "Polygon", "coordinates": [ [ [ 75.803254386280969, 31.152234036371681 ], [ 75.802533899819707, 31.171292574393021 ], [ 75.811653000185913, 31.189240000026132 ], [ 75.820167999853425, 31.190482999790788 ], [ 75.853020000372851, 31.181681000377864 ], [ 75.875663999593939, 31.162185999784128 ], [ 75.910141847568241, 31.174612471188709 ], [ 75.921033275165598, 31.173539164500937 ], [ 75.930747154757455, 31.159698914773287 ], [ 75.929754121555504, 31.150111850381677 ], [ 75.900093000191816, 31.140041000192184 ], [ 75.901722316331984, 31.129806679334934 ], [ 75.884760417259486, 31.124688977514381 ], [ 75.868800672313228, 31.129949834317529 ], [ 75.867616016965712, 31.139013670444683 ], [ 75.843022089697683, 31.138833951725474 ], [ 75.833022054824085, 31.147695369345968 ], [ 75.803254386280969, 31.152234036371681 ] ] ] } },
{ "type": "Feature", "properties": { "pincode": "144503", "state": "Punjab", "district": "Shahid Bhagat Singh Nagar", "officename": "Pharala", "officetype": "S.O" }, "geometry": { "type": "Polygon", "coordinates": [ [ [ 75.859618563645881, 31.220848805628066 ], [ 75.842139999561425, 31.283696999617007 ], [ 75.871872000092878, 31.273842000208333 ], [ 75.870055999984572, 31.245452999556335 ], [ 75.875373999710291, 31.24374399988568 ], [ 75.910750999758989, 31.262460999675568 ], [ 75.891998000107719, 31.275753000200893 ], [ 75.901398000117752, 31.280971999858025 ], [ 75.931212999979948, 31.268963000042447 ], [ 75.944908000204123, 31.273077000003639 ], [ 75.954109000030371, 31.255955000023278 ], [ 75.962540000320814, 31.255709000370132 ], [ 75.944376267950531, 31.241210185202078 ], [ 75.94247154072923, 31.224141560884448 ], [ 75.915148406673666, 31.22502583727271 ], [ 75.919646221995663, 31.207064166378245 ], [ 75.892771270477738, 31.214693274475167 ], [ 75.878053071092438, 31.207082805726998 ], [ 75.859618563645881, 31.220848805628066 ] ] ] } },
{ "type": "Feature", "properties": { "pincode": "144505", "state": "Punjab", "district": "Shahid Bhagat Singh Nagar", "officename": "Banga", "officetype": "S.O" }, "geometry": { "type": "Polygon", "coordinates": [ [ [ 75.912941148415371, 31.218321547901212 ], [ 75.915148406673666, 31.22502583727271 ], [ 75.94247154072923, 31.224141560884448 ], [ 75.944376267950531, 31.241210185202078 ], [ 75.969032000226832, 31.257309000410146 ], [ 75.975655436948898, 31.254791977867569 ], [ 75.964278874570539, 31.233932454819126 ], [ 75.980004714845848, 31.217241186031913 ], [ 75.986605422102571, 31.22345191487409 ], [ 76.011646114576592, 31.216835477575216 ], [ 76.037309725163823, 31.189522490570539 ], [ 76.013739237176082, 31.177545653209336 ], [ 76.013899486472269, 31.157691325794133 ], [ 75.994567631890732, 31.156326175612435 ], [ 75.990264522489838, 31.167335501632181 ], [ 75.976046646535622, 31.155189543162976 ], [ 75.967568991215956, 31.178060292048997 ], [ 75.946532065202689, 31.177391950977778 ], [ 75.959164709783579, 31.198081680225528 ], [ 75.931916589079492, 31.196886053148887 ], [ 75.912941148415371, 31.218321547901212 ] ] ] } },
{ "type": "Feature", "properties": { "pincode": "144506", "state": "Punjab", "district": "Shahid Bhagat Singh Nagar", "officename": "Mahil Gailan", "officetype": "S.O" }, "geometry": { "type": "Polygon", "coordinates": [ [ [ 76.063949758474678, 31.189740630125982 ], [ 76.056255870412201, 31.214438680900514 ], [ 76.066711000012674, 31.218359000167936 ], [ 76.06566600038559, 31.22552899986357 ], [ 76.08933300001803, 31.224555999959478 ], [ 76.088631000020712, 31.199205000010807 ], [ 76.095812304194567, 31.194656033948831 ], [ 76.078156507117228, 31.197582053768883 ], [ 76.063949758474678, 31.189740630125982 ] ] ] } },
{ "type": "Feature", "properties": { "pincode": "144507", "state": "Punjab", "district": "Shahid Bhagat Singh Nagar", "officename": "Mokandpur", "officetype": "S.O" }, "geometry": { "type": "Polygon", "coordinates": [ [ [ 75.90831765733418, 31.117709306739187 ], [ 75.900093000191816, 31.140041000192184 ], [ 75.917795499962438, 31.141187382192015 ], [ 75.925897914957034, 31.150270320818834 ], [ 75.951885635813539, 31.13642596838389 ], [ 75.976585201046248, 31.148487711638722 ], [ 75.976120123844794, 31.138924802138035 ], [ 75.991128788063293, 31.13801127350149 ], [ 75.997159989741817, 31.120274727196943 ], [ 75.981987592253745, 31.120138590523595 ], [ 75.99166414728262, 31.110798656233101 ], [ 75.983450375534517, 31.108034491898366 ], [ 75.987247708015332, 31.095056110151461 ], [ 75.980196386454224, 31.091403023530688 ], [ 75.964418588746923, 31.094121129086943 ], [ 75.960332252831279, 31.11813857473561 ], [ 75.942360803608267, 31.114356936323588 ], [ 75.924389453310766, 31.127674116067794 ], [ 75.90831765733418, 31.117709306739187 ] ] ] } },
{ "type": "Feature", "properties": { "pincode": "144508", "state": "Punjab", "district": "Shahid Bhagat Singh Nagar", "officename": "Naura", "officetype": "S.O" }, "geometry": { "type": "Polygon", "coordinates": [ [ [ 76.058616079968203, 31.134225996432633 ], [ 76.049897825424466, 31.149944640332876 ], [ 76.077863088910533, 31.168479282792816 ], [ 76.088364133398215, 31.135996096942506 ], [ 76.058616079968203, 31.134225996432633 ] ] ] } },
{ "type": "Feature", "properties": { "pincode": "144509", "state": "Punjab", "district": "Shahid Bhagat Singh Nagar", "officename": "Khankhana", "officetype": "S.O" }, "geometry": { "type": "Polygon", "coordinates": [ [ [ 75.930397230348035, 31.15281219162938 ], [ 75.930490360541739, 31.163110979488181 ], [ 75.942160768304916, 31.162581180776954 ], [ 75.948693583941804, 31.175765065705434 ], [ 75.967568991215956, 31.178060292048997 ], [ 75.975720439946372, 31.156799315236299 ], [ 75.965659851920805, 31.157150883606448 ], [ 75.976585201046248, 31.148487711638722 ], [ 75.951885635813539, 31.13642596838389 ], [ 75.930397230348035, 31.15281219162938 ] ] ] } },
{ "type": "Feature", "properties": { "pincode": "144510", "state": "Punjab", "district": "Shahid Bhagat Singh Nagar", "officename": "Ladhana Jhikka", "officetype": "S.O" }, "geometry": { "type": "Polygon", "coordinates": [ [ [ 75.982590161406904, 31.215666652993775 ], [ 75.964278874570539, 31.233932454819126 ], [ 75.975655436948898, 31.254791977867569 ], [ 75.995064000103582, 31.259770999732041 ], [ 76.009727000001249, 31.244434000228921 ], [ 76.025665000239599, 31.258980000126883 ], [ 76.031044000080669, 31.240947999550599 ], [ 76.05340599978723, 31.22741300040974 ], [ 76.046341000436882, 31.217565999571377 ], [ 76.058868465707178, 31.216452473403024 ], [ 76.058815754643547, 31.197587538734069 ], [ 76.031363243219289, 31.196644691299639 ], [ 76.014574213629032, 31.206516116825526 ], [ 76.011646114576592, 31.216835477575216 ], [ 75.986605422102571, 31.22345191487409 ], [ 75.982590161406904, 31.215666652993775 ] ] ] } },
{ "type": "Feature", "properties": { "pincode": "144511", "state": "Punjab", "district": "Shahid Bhagat Singh Nagar", "officename": "Dosanjh Khurd", "officetype": "S.O" }, "geometry": { "type": "Polygon", "coordinates": [ [ [ 75.976120123844794, 31.138924802138035 ], [ 75.967120073932392, 31.159467983260981 ], [ 75.977234086184239, 31.155491321467537 ], [ 75.990264522489838, 31.167335501632181 ], [ 75.994567631890732, 31.156326175612435 ], [ 76.013257733857472, 31.157524502453953 ], [ 76.003276415674122, 31.141243114078463 ], [ 76.011504982169299, 31.128102354340172 ], [ 75.999736737160788, 31.112727560828432 ], [ 76.002728640414489, 31.099750832934774 ], [ 75.987034416705058, 31.095321699736814 ], [ 75.983450375534517, 31.108034491898366 ], [ 75.99166414728262, 31.110798656233101 ], [ 75.981987592253745, 31.120138590523595 ], [ 75.997159989741817, 31.120274727196943 ], [ 75.991128788063293, 31.13801127350149 ], [ 75.976120123844794, 31.138924802138035 ] ] ] } },
{ "type": "Feature", "properties": { "pincode": "144512", "state": "Punjab", "district": "Shahid Bhagat Singh Nagar", "officename": "Kahma", "officetype": "S.O" }, "geometry": { "type": "Polygon", "coordinates": [ [ [ 76.014438546401891, 31.162190790472664 ], [ 76.013739237176082, 31.177545653209336 ], [ 76.037309725163823, 31.189522490570539 ], [ 76.035617898047519, 31.195863904395708 ], [ 76.058830538598613, 31.197641550217497 ], [ 76.063949758474678, 31.189740630125982 ], [ 76.078156507117228, 31.197582053768883 ], [ 76.095812304194567, 31.194656033948831 ], [ 76.103104000149528, 31.178315999883637 ], [ 76.122223864739624, 31.167550305602333 ], [ 76.092578542665649, 31.1592415141846 ], [ 76.069634995458784, 31.167945089994021 ], [ 76.049897825424466, 31.149944640332876 ], [ 76.032786104695049, 31.148747898097099 ], [ 76.014438546401891, 31.162190790472664 ] ] ] } },
{ "type": "Feature", "properties": { "pincode": "144513", "state": "Punjab", "district": "Shahid Bhagat Singh Nagar", "officename": "Musapur", "officetype": "S.O" }, "geometry": { "type": "Polygon", "coordinates": [ [ [ 76.003276415674122, 31.141243114078463 ], [ 76.014963308909671, 31.160160995433785 ], [ 76.032786104695049, 31.148747898097099 ], [ 76.049897825424466, 31.149944640332876 ], [ 76.058616079968203, 31.134225996432633 ], [ 76.089754657051913, 31.135589650142379 ], [ 76.089554072262786, 31.127241284058073 ], [ 76.046045165751934, 31.119796620617706 ], [ 76.032689789102733, 31.131957095044072 ], [ 76.011504982169299, 31.128102354340172 ], [ 76.003276415674122, 31.141243114078463 ] ] ] } },
{ "type": "Feature", "properties": { "pincode": "144514", "state": "Punjab", "district": "Shahid Bhagat Singh Nagar", "officename": "Nawanshahar", "officetype": "S.O" }, "geometry": { "type": "Polygon", "coordinates": [ [ [ 76.089554072262786, 31.127241284058073 ], [ 76.079021156701174, 31.160249372710496 ], [ 76.133408000079214, 31.16779500033897 ], [ 76.141800000369813, 31.148593999813443 ], [ 76.148796000135292, 31.15401499979248 ], [ 76.150987081388791, 31.125790613745835 ], [ 76.13254258157491, 31.123573342436032 ], [ 76.12318724459567, 31.113506907917497 ], [ 76.089554072262786, 31.127241284058073 ] ] ] } },
{ "type": "Feature", "properties": { "pincode": "144515", "state": "Punjab", "district": "Shahid Bhagat Singh Nagar", "officename": "Jadla", "officetype": "S.O" }, "geometry": { "type": "Polygon", "coordinates": [ [ [ 76.166190285153675, 31.043965120194343 ], [ 76.178194165128843, 31.083688050863032 ], [ 76.209975417531609, 31.090095599032793 ], [ 76.208711942002594, 31.101490279153097 ], [ 76.225006710491414, 31.099435529726009 ], [ 76.2437340623772, 31.093713100379432 ], [ 76.25620334870564, 31.079177160297775 ], [ 76.263290000133622, 31.021323999702815 ], [ 76.229019025907348, 31.004944314528586 ], [ 76.212191643829385, 31.008328252946569 ], [ 76.19989632505542, 31.033675750035968 ], [ 76.184108374901768, 31.029754663646884 ], [ 76.181494315510236, 31.044197739733988 ], [ 76.166190285153675, 31.043965120194343 ] ] ] } },
{ "type": "Feature", "properties": { "pincode": "144516", "state": "Punjab", "district": "Shahid Bhagat Singh Nagar", "officename": "Langroya", "officetype": "S.O" }, "geometry": { "type": "Polygon", "coordinates": [ [ [ 76.131375525060548, 31.09816952620281 ], [ 76.145931881551178, 31.107496833112407 ], [ 76.132005510046326, 31.118072460175881 ], [ 76.150987081388791, 31.125790613745835 ], [ 76.148796000135292, 31.15401499979248 ], [ 76.173096000180351, 31.13567000007049 ], [ 76.20754199956383, 31.129519999748368 ], [ 76.212439999706362, 31.114018999876919 ], [ 76.224663000397243, 31.106640000435789 ], [ 76.223802635183517, 31.098869064755604 ], [ 76.208711942002594, 31.101490279153097 ], [ 76.212811093257471, 31.093260329500708 ], [ 76.202490247726928, 31.086357533673322 ], [ 76.178194165128843, 31.083688050863032 ], [ 76.166151334616643, 31.056812126278714 ], [ 76.154779176218199, 31.060540049983388 ], [ 76.16278538084066, 31.087030807525821 ], [ 76.131375525060548, 31.09816952620281 ] ] ] } },
{ "type": "Feature", "properties": { "pincode": "144517", "state": "Punjab", "district": "Shahid Bhagat Singh Nagar", "officename": "Rahon", "officetype": "S.O" }, "geometry": { "type": "Polygon", "coordinates": [ [ [ 76.13481100002781, 30.986363999998787 ], [ 76.043827660618092, 30.995884128749708 ], [ 76.042902268125147, 31.022668324283927 ], [ 76.083439891038211, 31.025474227953339 ], [ 76.077509397240988, 31.04129850712053 ], [ 76.08495484129287, 31.043145255948843 ], [ 76.090331234898713, 31.063074327818072 ], [ 76.084583567877473, 31.078197274284719 ], [ 76.096019262479047, 31.091352565268778 ], [ 76.109359401015638, 31.092338126903201 ], [ 76.108493397952032, 31.100550092812625 ], [ 76.132005510046326, 31.118072460175881 ], [ 76.145931881551178, 31.107496833112407 ], [ 76.131375525060548, 31.09816952620281 ], [ 76.16278538084066, 31.087030807525821 ], [ 76.154779176218199, 31.060540049983388 ], [ 76.173847344179592, 31.054298504072676 ], [ 76.16819691275748, 31.041168203449899 ], [ 76.180740117962273, 31.044772795028564 ], [ 76.184108374901768, 31.029754663646884 ], [ 76.19989632505542, 31.033675750035968 ], [ 76.212698089844992, 31.006378400442941 ], [ 76.183814999862477, 31.000560999990228 ], [ 76.185593000017093, 30.992692999582403 ], [ 76.175636000401141, 30.996787999566664 ], [ 76.13481100002781, 30.986363999998787 ] ] ] } },
{ "type": "Feature", "properties": { "pincode": "144518", "state": "Punjab", "district": "Shahid Bhagat Singh Nagar", "officename": "Garcha", "officetype": "S.O" }, "geometry": { "type": "Polygon", "coordinates": [ [ [ 76.002904483954921, 31.024306736167034 ], [ 76.014097406570158, 31.082497225266877 ], [ 76.027898822672569, 31.080436794822276 ], [ 76.029787238890094, 31.070010844624903 ], [ 76.045218056568103, 31.073059943861438 ], [ 76.06254894208007, 31.065217807955435 ], [ 76.072952771653206, 31.080338086133793 ], [ 76.090331234898713, 31.063074327818072 ], [ 76.08495484129287, 31.043145255948843 ], [ 76.077509397240988, 31.04129850712053 ], [ 76.083439891038211, 31.025474227953339 ], [ 76.042902268125147, 31.022668324283927 ], [ 76.043827660618092, 30.995884128749708 ], [ 76.023782996188515, 30.995257282397631 ], [ 76.022014013536023, 31.020215083459391 ], [ 76.002904483954921, 31.024306736167034 ] ] ] } },
{ "type": "Feature", "properties": { "pincode": "144519", "state": "Punjab", "district": "Hoshiarpur", "officename": "Kotfathui", "officetype": "S.O" }, "geometry": { "type": "Polygon", "coordinates": [ [ [ 75.931212999979948, 31.268963000042447 ], [ 75.920062133260899, 31.27846104683988 ], [ 75.944317675320576, 31.297873550823738 ], [ 75.9460575900859, 31.308772686510338 ], [ 75.965031866127845, 31.312475738564672 ], [ 75.97786096401228, 31.304037373725976 ], [ 75.990627767657486, 31.261692596436205 ], [ 75.954109000030371, 31.255955000023278 ], [ 75.944908000204123, 31.273077000003639 ], [ 75.931212999979948, 31.268963000042447 ] ] ] } },
{ "type": "Feature", "properties": { "pincode": "144520", "state": "Punjab", "district": "Hoshiarpur", "officename": "Binjon", "officetype": "S.O" }, "geometry": { "type": "Polygon", "coordinates": [ [ [ 75.989776257168728, 31.258414836475708 ], [ 75.971873727490618, 31.311624701119172 ], [ 76.020727828326699, 31.312586072789088 ], [ 76.019153843874733, 31.284872110459617 ], [ 76.0412354295716, 31.280550659385483 ], [ 76.034328504956591, 31.263194245717955 ], [ 76.003845000346416, 31.24452199979055 ], [ 75.989776257168728, 31.258414836475708 ] ] ] } },
{ "type": "Feature", "properties": { "pincode": "144521", "state": "Punjab", "district": "Shahid Bhagat Singh Nagar", "officename": "Balachaur", "officetype": "S.O" }, "geometry": { "type": "Polygon", "coordinates": [ [ [ 76.242342770702464, 31.093317832152366 ], [ 76.245505589211575, 31.108885277533716 ], [ 76.263555451223169, 31.11128940907912 ], [ 76.272495890473124, 31.097599253502835 ], [ 76.277252115193107, 31.105851262625777 ], [ 76.300861171505915, 31.095644051831698 ], [ 76.32178061098648, 31.099339145784995 ], [ 76.322713873446673, 31.112632692245029 ], [ 76.297792114514607, 31.118190114881997 ], [ 76.294782160968111, 31.133001311361568 ], [ 76.318524360111326, 31.151619839883836 ], [ 76.376036930360158, 31.172517190216183 ], [ 76.387511999978926, 31.148796000135349 ], [ 76.430888968750992, 31.111425615000314 ], [ 76.38809729585364, 31.06507519796213 ], [ 76.376486716389024, 31.066773289755702 ], [ 76.349319517581819, 31.045352742634918 ], [ 76.333133070634744, 31.057607124269509 ], [ 76.316279355507959, 31.030968469619211 ], [ 76.320948185910083, 31.021848322442168 ], [ 76.303921480791871, 31.021866298091425 ], [ 76.295564438947736, 31.012208333847639 ], [ 76.273544350691282, 31.017678860391186 ], [ 76.254271999753087, 31.010900000134939 ], [ 76.264007999969408, 31.036507000198071 ], [ 76.25620334870564, 31.079177160297775 ], [ 76.242342770702464, 31.093317832152366 ] ] ] } },
{ "type": "Feature", "properties": { "pincode": "144522", "state": "Punjab", "district": "Shahid Bhagat Singh Nagar", "officename": "Kathagrh", "officetype": "S.O" }, "geometry": { "type": "Polygon", "coordinates": [ [ [ 76.296036708027771, 31.012101899982667 ], [ 76.303921480791871, 31.021866298091425 ], [ 76.320948185910083, 31.021848322442168 ], [ 76.316279355507959, 31.030968469619211 ], [ 76.333133070634744, 31.057607124269509 ], [ 76.349319517581819, 31.045352742634918 ], [ 76.376486716389024, 31.066773289755702 ], [ 76.38809729585364, 31.06507519796213 ], [ 76.430888968750992, 31.111425615000314 ], [ 76.436546000297824, 31.080417999890813 ], [ 76.477014048059914, 31.02874485269291 ], [ 76.43700690014839, 30.99986008187733 ], [ 76.421707628104684, 30.997243731013384 ], [ 76.402213999876267, 30.97615799969202 ], [ 76.362434000029168, 30.970615000381997 ], [ 76.325843999800895, 30.981090999650064 ], [ 76.327461469171624, 30.998779546438982 ], [ 76.296036708027771, 31.012101899982667 ] ] ] } },
{ "type": "Feature", "properties": { "pincode": "144523", "state": "Punjab", "district": "Hoshiarpur", "officename": "Binewal", "officetype": "S.O" }, "geometry": { "type": "Polygon", "coordinates": [ [ [ 76.220166147349971, 31.279167618091151 ], [ 76.20833998780023, 31.302527471365863 ], [ 76.237061000165227, 31.310644000320394 ], [ 76.269507999994403, 31.312473000128875 ], [ 76.275070000180335, 31.303336999702822 ], [ 76.291275000141297, 31.30740700033283 ], [ 76.294448999921428, 31.295584000101599 ], [ 76.308380000236923, 31.292827999812459 ], [ 76.313095000034423, 31.275037999604024 ], [ 76.351730000139526, 31.238257999607072 ], [ 76.308731000235582, 31.212021000169159 ], [ 76.2782359995918, 31.237682000024279 ], [ 76.261580999563591, 31.235483000240436 ], [ 76.241997000261335, 31.244794999789519 ], [ 76.252106950275561, 31.229647740151279 ], [ 76.243558931099869, 31.220974327603244 ], [ 76.218799724627843, 31.240256276106379 ], [ 76.220166147349971, 31.279167618091151 ] ] ] } },
{ "type": "Feature", "properties": { "pincode": "144524", "state": "Punjab", "district": "Shahid Bhagat Singh Nagar", "officename": "Saroa", "officetype": "S.O" }, "geometry": { "type": "Polygon", "coordinates": [ [ [ 76.237626762764876, 31.199871222279057 ], [ 76.252106950275561, 31.229647740151279 ], [ 76.241997000261335, 31.244794999789519 ], [ 76.261580999563591, 31.235483000240436 ], [ 76.2782359995918, 31.237682000024279 ], [ 76.297257082648343, 31.218881346197293 ], [ 76.2913435059981, 31.188123976440409 ], [ 76.269171662542306, 31.172507408290301 ], [ 76.256890293152594, 31.177951567610819 ], [ 76.242438011605088, 31.173065758677922 ], [ 76.238240207419722, 31.18484069284375 ], [ 76.255878019854833, 31.197563340675742 ], [ 76.247404938487307, 31.206868980219269 ], [ 76.237626762764876, 31.199871222279057 ] ] ] } },
{ "type": "Feature", "properties": { "pincode": "144525", "state": "Punjab", "district": "Shahid Bhagat Singh Nagar", "officename": "Sahiba", "officetype": "S.O" }, "geometry": { "type": "Polygon", "coordinates": [ [ [ 76.198336861057271, 31.189078571718824 ], [ 76.211074207408785, 31.195234405943211 ], [ 76.199740970769369, 31.187585386856085 ], [ 76.204300450805192, 31.18281064509523 ], [ 76.217970524520126, 31.190738986415226 ], [ 76.238240207419722, 31.18484069284375 ], [ 76.242438011605088, 31.173065758677922 ], [ 76.256890293152594, 31.177951567610819 ], [ 76.269171662542306, 31.172507408290301 ], [ 76.2913435059981, 31.188123976440409 ], [ 76.297257082648343, 31.218881346197293 ], [ 76.308731000235582, 31.212021000169159 ], [ 76.335510000386421, 31.226730000389296 ], [ 76.376036930360158, 31.172517190216183 ], [ 76.318524360111326, 31.151619839883836 ], [ 76.276402490582484, 31.117723629342152 ], [ 76.269834028517721, 31.127231036283376 ], [ 76.254061812003215, 31.129924000392521 ], [ 76.2569795778453, 31.141752053914161 ], [ 76.241416424928104, 31.139779641917073 ], [ 76.238644536316485, 31.147537704701278 ], [ 76.252950577307274, 31.16030617748828 ], [ 76.213570480793237, 31.149410856725694 ], [ 76.216079931044078, 31.161738713870591 ], [ 76.204353432564972, 31.162301260494814 ], [ 76.198336861057271, 31.189078571718824 ] ] ] } },
{ "type": "Feature", "properties": { "pincode": "144526", "state": "Punjab", "district": "Shahid Bhagat Singh Nagar", "officename": "Mehandpur", "officetype": "S.O" }, "geometry": { "type": "Polygon", "coordinates": [ [ [ 76.194770999682021, 31.133132999987993 ], [ 76.208655999674647, 31.141207000003192 ], [ 76.201491920215915, 31.157846153077571 ], [ 76.213570480793237, 31.149410856725694 ], [ 76.252950577307274, 31.16030617748828 ], [ 76.238644536316485, 31.147537704701278 ], [ 76.241416424928104, 31.139779641917073 ], [ 76.2569795778453, 31.141752053914161 ], [ 76.254061812003215, 31.129924000392521 ], [ 76.269834028517721, 31.127231036283376 ], [ 76.275787339014528, 31.117784805724341 ], [ 76.294782160968111, 31.133001311361568 ], [ 76.297792114514607, 31.118190114881997 ], [ 76.320748996868815, 31.11504351564588 ], [ 76.32520187756478, 31.103285209045282 ], [ 76.300861171505915, 31.095644051831698 ], [ 76.277252115193107, 31.105851262625777 ], [ 76.272495890473124, 31.097599253502835 ], [ 76.263555451223169, 31.11128940907912 ], [ 76.25509302412388, 31.110649409243024 ], [ 76.245505589211575, 31.108885277533716 ], [ 76.242342770702464, 31.093317832152366 ], [ 76.225243000164426, 31.094482000044422 ], [ 76.221909000200299, 31.112463000067578 ], [ 76.194770999682021, 31.133132999987993 ] ] ] } },
{ "type": "Feature", "properties": { "pincode": "144527", "state": "Punjab", "district": "Hoshiarpur", "officename": "Garhshanker", "officetype": "S.O" }, "geometry": { "type": "Polygon", "coordinates": [ [ [ 76.082626000089931, 31.22602300016149 ], [ 76.131013502071539, 31.255966115643901 ], [ 76.156293705590144, 31.248911205787579 ], [ 76.158180472450965, 31.232146001936428 ], [ 76.169602053092433, 31.226879558545022 ], [ 76.187841315024684, 31.250024199557288 ], [ 76.218205014649868, 31.255335850069571 ], [ 76.223138964291934, 31.233671518325934 ], [ 76.243558931099869, 31.220974327603244 ], [ 76.237719872274283, 31.198712175126786 ], [ 76.247404938487307, 31.206868980219269 ], [ 76.256121387192366, 31.196121723838473 ], [ 76.243268325972565, 31.185384139666439 ], [ 76.217970524520126, 31.190738986415226 ], [ 76.204300450805192, 31.18281064509523 ], [ 76.199740970769369, 31.187585386856085 ], [ 76.211074207408785, 31.195234405943211 ], [ 76.199058999573367, 31.19030200043693 ], [ 76.199695708790102, 31.18130962893639 ], [ 76.186929194726588, 31.177176430248153 ], [ 76.171470066390611, 31.188697607208894 ], [ 76.169821131540232, 31.203702827024017 ], [ 76.161014993447168, 31.199972954488373 ], [ 76.164420871725952, 31.188729814629255 ], [ 76.117240063878, 31.169392354573631 ], [ 76.088631000020712, 31.199205000010807 ], [ 76.08933300001803, 31.224555999959478 ], [ 76.082626000089931, 31.22602300016149 ] ] ] } },
{ "type": "Feature", "properties": { "pincode": "144528", "state": "Punjab", "district": "Hoshiarpur", "officename": "Rampur Bilron", "officetype": "S.O" }, "geometry": { "type": "Polygon", "coordinates": [ [ [ 76.085015068890527, 31.232386191069907 ], [ 76.082831708316746, 31.25003403814037 ], [ 76.098260042966785, 31.254562534733225 ], [ 76.092216766090871, 31.263223812728825 ], [ 76.081714713463327, 31.255769909653793 ], [ 76.07793274230238, 31.266817321961923 ], [ 76.088214097702519, 31.268498476823311 ], [ 76.089993734623192, 31.277666285370799 ], [ 76.110176391027778, 31.275776081301274 ], [ 76.108389201600403, 31.293018584140498 ], [ 76.138123932473491, 31.291335456166451 ], [ 76.159818011092341, 31.300285463303624 ], [ 76.157647722164768, 31.291732827907822 ], [ 76.18610000271309, 31.305342124539493 ], [ 76.20833998780023, 31.302527471365863 ], [ 76.221493296678545, 31.276186448246165 ], [ 76.218842757187588, 31.254609259909444 ], [ 76.187841315024684, 31.250024199557288 ], [ 76.171501709036761, 31.227105104017426 ], [ 76.161428933398668, 31.228667870325978 ], [ 76.156793522703026, 31.248218288043631 ], [ 76.144897272691082, 31.254692660338094 ], [ 76.131013502071539, 31.255966115643901 ], [ 76.085015068890527, 31.232386191069907 ] ] ] } },
{ "type": "Feature", "properties": { "pincode": "144529", "state": "Punjab", "district": "Hoshiarpur", "officename": "Saila Khurd", "officetype": "S.O" }, "geometry": { "type": "Polygon", "coordinates": [ [ [ 76.040876701698551, 31.280291755360338 ], [ 76.044274860196822, 31.296812726726046 ], [ 76.062322374078406, 31.294662951334203 ], [ 76.086723671060668, 31.309006527329416 ], [ 76.08458406969919, 31.317821083076581 ], [ 76.103385335964617, 31.317624312312262 ], [ 76.120796265635249, 31.328186734630208 ], [ 76.139889939269437, 31.307273664148283 ], [ 76.153054848502563, 31.305576266631533 ], [ 76.152632246281257, 31.296249244806916 ], [ 76.138123932473491, 31.291335456166451 ], [ 76.108389201600403, 31.293018584140498 ], [ 76.110176391027778, 31.275776081301274 ], [ 76.089993734623192, 31.277666285370799 ], [ 76.088214097702519, 31.268498476823311 ], [ 76.076308982173884, 31.266804147793323 ], [ 76.066757761161796, 31.283850665875605 ], [ 76.040876701698551, 31.280291755360338 ] ] ] } },
{ "type": "Feature", "properties": { "pincode": "144530", "state": "Punjab", "district": "Hoshiarpur", "officename": "Jaijon", "officetype": "S.O" }, "geometry": { "type": "Polygon", "coordinates": [ [ [ 76.028094489069588, 31.4007461039497 ], [ 76.04691038370737, 31.408492695881364 ], [ 76.086454523757311, 31.406321662314951 ], [ 76.113929700795154, 31.419302714149126 ], [ 76.132195935194318, 31.41148926391844 ], [ 76.161307426896371, 31.416499777342892 ], [ 76.170753000050922, 31.402291999876013 ], [ 76.148033000023133, 31.380450999913819 ], [ 76.148933000157967, 31.359538999625215 ], [ 76.180205999807072, 31.339158999588335 ], [ 76.18610000271309, 31.305342124539493 ], [ 76.157647722164768, 31.291732827907822 ], [ 76.159818011092341, 31.300285463303624 ], [ 76.153032393330477, 31.296671890195682 ], [ 76.152849902001549, 31.306098659425572 ], [ 76.139889939269437, 31.307273664148283 ], [ 76.120796265635249, 31.328186734630208 ], [ 76.104940083917768, 31.365366720697693 ], [ 76.067351341591177, 31.354604754106219 ], [ 76.068862865429026, 31.363639117651303 ], [ 76.047830175222487, 31.366198681723972 ], [ 76.037481768169073, 31.378898495769022 ], [ 76.044015021775976, 31.390389870096499 ], [ 76.032750533810145, 31.389746898001022 ], [ 76.037175468972748, 31.399716782203825 ], [ 76.028094489069588, 31.4007461039497 ] ] ] } },
{ "type": "Feature", "properties": { "pincode": "144531", "state": "Punjab", "district": "Hoshiarpur", "officename": "Moranwali", "officetype": "S.O" }, "geometry": { "type": "Polygon", "coordinates": [ [ [ 76.031044000080669, 31.240947999550599 ], [ 76.025787704638958, 31.258929470818487 ], [ 76.039423516881982, 31.278811869672211 ], [ 76.052669107893223, 31.283943613507063 ], [ 76.069055226817341, 31.28222885188012 ], [ 76.081714713463327, 31.255769909653793 ], [ 76.092216766090871, 31.263223812728825 ], [ 76.098260042966785, 31.254562534733225 ], [ 76.079090219238367, 31.245517449470924 ], [ 76.082626000089931, 31.22602300016149 ], [ 76.06566600038559, 31.22552899986357 ], [ 76.066711000012674, 31.218359000167936 ], [ 76.049758999778192, 31.21445700009059 ], [ 76.05340599978723, 31.22741300040974 ], [ 76.031044000080669, 31.240947999550599 ] ] ] } },
{ "type": "Feature", "properties": { "pincode": "144532", "state": "Punjab", "district": "Hoshiarpur", "officename": "Samundra", "officetype": "S.O" }, "geometry": { "type": "Polygon", "coordinates": [ [ [ 76.133408000079214, 31.16779500033897 ], [ 76.117240063878, 31.169392354573631 ], [ 76.124628160861107, 31.175015825220328 ], [ 76.164420871725952, 31.188729814629255 ], [ 76.161014993447168, 31.199972954488373 ], [ 76.169821131540232, 31.203702827024017 ], [ 76.171470066390611, 31.188697607208894 ], [ 76.186929194726588, 31.177176430248153 ], [ 76.199695708790102, 31.18130962893639 ], [ 76.204353432564972, 31.162301260494814 ], [ 76.216090893779835, 31.160409929574826 ], [ 76.210938291069283, 31.152841469058728 ], [ 76.201491920215915, 31.157846153077571 ], [ 76.208655999674647, 31.141207000003192 ], [ 76.194770999682021, 31.133132999987993 ], [ 76.173096000180351, 31.13567000007049 ], [ 76.157631000170682, 31.144263999783789 ], [ 76.15547899985603, 31.15397799988483 ], [ 76.141800000369813, 31.148593999813443 ], [ 76.133408000079214, 31.16779500033897 ] ] ] } },
{ "type": "Feature", "properties": { "pincode": "144533", "state": "Punjab", "district": "Shahid Bhagat Singh Nagar", "officename": "Asron", "officetype": "S.O" }, "geometry": { "type": "Polygon", "coordinates": [ [ [ 76.406618309087776, 30.973478001109015 ], [ 76.405988269243323, 30.984922663750012 ], [ 76.477014048059914, 31.02874485269291 ], [ 76.520057999676965, 30.995034999665677 ], [ 76.508621000159224, 30.978204999661045 ], [ 76.406618309087776, 30.973478001109015 ] ] ] } },
{ "type": "Feature", "properties": { "pincode": "144601", "state": "Punjab", "district": "Kapurthala", "officename": "Kapurthala", "officetype": "H.O" }, "geometry": { "type": "Polygon", "coordinates": [ [ [ 75.184128000107251, 31.403279999572476 ], [ 75.194869999950697, 31.408329000383162 ], [ 75.187552999771242, 31.417942000323023 ], [ 75.203330999825823, 31.438238000083686 ], [ 75.210677999590075, 31.437901999877568 ], [ 75.224974076092792, 31.416092756775413 ], [ 75.2537425124072, 31.431945103783619 ], [ 75.275908266553301, 31.417908210995279 ], [ 75.313079084032609, 31.46340185561121 ], [ 75.3496110384188, 31.446214826553103 ], [ 75.363255985975002, 31.464702635917945 ], [ 75.375577388685599, 31.461572704716616 ], [ 75.374517102382356, 31.450854728463071 ], [ 75.392455913409776, 31.444872979604327 ], [ 75.395315961662391, 31.433081446651613 ], [ 75.426537494909496, 31.464010810850311 ], [ 75.45590406671954, 31.436625324998829 ], [ 75.443625999640233, 31.429353999587534 ], [ 75.441475000271168, 31.417845000346631 ], [ 75.456229999914626, 31.409192999757238 ], [ 75.446915000227136, 31.396813999966128 ], [ 75.460937426521184, 31.388208937692411 ], [ 75.458833624472334, 31.374741342738844 ], [ 75.4420039859952, 31.356887684918775 ], [ 75.450146953219473, 31.344881041327085 ], [ 75.461927585489718, 31.357387236731654 ], [ 75.488567573834587, 31.351686898331764 ], [ 75.477901579294553, 31.326052259404321 ], [ 75.447680227960234, 31.32050199087422 ], [ 75.454173380796931, 31.306695524179133 ], [ 75.449580309283931, 31.289092281683622 ], [ 75.434100772632689, 31.289735032545934 ], [ 75.440940058337048, 31.275151086653409 ], [ 75.421606468963546, 31.27105860027433 ], [ 75.420088271256759, 31.288051482789797 ], [ 75.392402863301641, 31.281383379439433 ], [ 75.381175877065118, 31.293495477534407 ], [ 75.389255481655312, 31.303620440830798 ], [ 75.377562678974527, 31.315239781490732 ], [ 75.387300431969436, 31.316541657171797 ], [ 75.379386773880583, 31.32788738539449 ], [ 75.395118046960533, 31.335136050588289 ], [ 75.378202923426329, 31.341979045096878 ], [ 75.387735665168975, 31.358686519667117 ], [ 75.381344561102708, 31.364490647025775 ], [ 75.350568197664188, 31.37386556134652 ], [ 75.347318965098339, 31.359114788516649 ], [ 75.332116549139528, 31.356598427875213 ], [ 75.330103021937134, 31.341881044174841 ], [ 75.292800432194326, 31.379393731735377 ], [ 75.279418248553498, 31.361365467842234 ], [ 75.289569670803814, 31.339872265392785 ], [ 75.266570999651947, 31.346119000391582 ], [ 75.247107999634636, 31.340140999907248 ], [ 75.230514999767536, 31.345986999700301 ], [ 75.225501999717608, 31.358675000251139 ], [ 75.213973999600626, 31.352408999975523 ], [ 75.191643000424222, 31.36965800041645 ], [ 75.184128000107251, 31.403279999572476 ] ] ] } },
{ "type": "Feature", "properties": { "pincode": "144603", "state": "Punjab", "district": "Kapurthala", "officename": "PTU Campus Kapurthala", "officetype": "S.O" }, "geometry": { "type": "Polygon", "coordinates": [ [ [ 75.450146953219473, 31.344881041327085 ], [ 75.4420039859952, 31.356887684918775 ], [ 75.458833624472334, 31.374741342738844 ], [ 75.460937426521184, 31.388208937692411 ], [ 75.488090999699921, 31.391752000354643 ], [ 75.491280000171969, 31.401902999923607 ], [ 75.514083999577053, 31.390178999761076 ], [ 75.510657999866964, 31.377451000063843 ], [ 75.475959999654378, 31.374350000052573 ], [ 75.482421999975372, 31.366195999945433 ], [ 75.500571999698082, 31.370275000091283 ], [ 75.501729463144386, 31.360382612267927 ], [ 75.489490458118269, 31.359511084669009 ], [ 75.488567573834587, 31.351686898331764 ], [ 75.461927585489718, 31.357387236731654 ], [ 75.450146953219473, 31.344881041327085 ] ] ] } },
{ "type": "Feature", "properties": { "pincode": "144606", "state": "Punjab", "district": "Kapurthala", "officename": "Talwandi Chaudharian", "officetype": "S.O" }, "geometry": { "type": "Polygon", "coordinates": [ [ [ 75.098675467898602, 31.276370812862865 ], [ 75.103897000046572, 31.278235999591686 ], [ 75.093764999555162, 31.283664999939788 ], [ 75.108093000191786, 31.316301000390865 ], [ 75.12044499963713, 31.319359000217787 ], [ 75.133743000439324, 31.311137999718937 ], [ 75.163597292581017, 31.352480139946579 ], [ 75.191205414598187, 31.331448876964089 ], [ 75.187753414588599, 31.312254862372129 ], [ 75.194989340885513, 31.296755578407385 ], [ 75.18764993679531, 31.265142182665841 ], [ 75.172027382757733, 31.26304462550911 ], [ 75.146988237117625, 31.275789698835581 ], [ 75.136716275136166, 31.270768280232005 ], [ 75.124297566679388, 31.28027460349017 ], [ 75.098675467898602, 31.276370812862865 ] ] ] } },
{ "type": "Feature", "properties": { "pincode": "144620", "state": "Punjab", "district": "Kapurthala", "officename": "Sheikhupur (Kapurthala)", "officetype": "S.O" }, "geometry": { "type": "Polygon", "coordinates": [ [ [ 75.241321810153636, 31.213526221557913 ], [ 75.246843041373268, 31.219736009709152 ], [ 75.239894069855552, 31.23590727340212 ], [ 75.251418195693191, 31.247976416278675 ], [ 75.243399723418747, 31.261463901537979 ], [ 75.266173628810122, 31.274669001473285 ], [ 75.253639000439648, 31.295738000008782 ], [ 75.26902685030899, 31.29924359691455 ], [ 75.259251103655572, 31.308441456308117 ], [ 75.263595539602591, 31.325900432259118 ], [ 75.314494778811081, 31.316221029077383 ], [ 75.310945025192723, 31.32735453348505 ], [ 75.320856859056789, 31.337481179413089 ], [ 75.336028872534541, 31.3363381959511 ], [ 75.332116549139528, 31.356598427875213 ], [ 75.347318965098339, 31.359114788516649 ], [ 75.350568197664188, 31.37386556134652 ], [ 75.385215003070016, 31.3617796811875 ], [ 75.378202923426329, 31.341979045096878 ], [ 75.395118046960533, 31.335136050588289 ], [ 75.37909731448957, 31.326839062772706 ], [ 75.387300431969436, 31.316541657171797 ], [ 75.377562678974527, 31.315239781490732 ], [ 75.386296766982241, 31.299824479815982 ], [ 75.354768757372426, 31.325662906917671 ], [ 75.334362496232188, 31.312909086785055 ], [ 75.355960992206121, 31.291748377185911 ], [ 75.34167334325025, 31.272843074648279 ], [ 75.361019707493483, 31.258984449073125 ], [ 75.360283663660312, 31.24877718162179 ], [ 75.342994423953598, 31.245443790498655 ], [ 75.346396999921581, 31.23239099974495 ], [ 75.335716000193372, 31.217268000218155 ], [ 75.302588999582611, 31.206689999843718 ], [ 75.299262999987604, 31.194046000422532 ], [ 75.274322554042669, 31.182218749096137 ], [ 75.259083890009492, 31.191491046274905 ], [ 75.264099757997428, 31.205777496434337 ], [ 75.241321810153636, 31.213526221557913 ] ] ] } },
{ "type": "Feature", "properties": { "pincode": "144621", "state": "Punjab", "district": "Kapurthala", "officename": "Begowal", "officetype": "S.O" }, "geometry": { "type": "Polygon", "coordinates": [ [ [ 75.486032709641904, 31.611981669318709 ], [ 75.502220000152931, 31.643235999941453 ], [ 75.530830000204446, 31.635474999971336 ], [ 75.533127000011177, 31.649936999593024 ], [ 75.541877999769952, 31.651029999634943 ], [ 75.551559000147847, 31.63473700011258 ], [ 75.570723999912786, 31.638187000030143 ], [ 75.568718000035688, 31.611336000156314 ], [ 75.574752999551265, 31.617538000178683 ], [ 75.576347000214128, 31.609543000209385 ], [ 75.595047000119109, 31.604843000204369 ], [ 75.60234799956055, 31.569980999623453 ], [ 75.586075000061385, 31.572093999938261 ], [ 75.58163820194153, 31.562155884286767 ], [ 75.567914599679114, 31.572553870065121 ], [ 75.57015620754305, 31.579891703039834 ], [ 75.552576284468103, 31.588626979951243 ], [ 75.526249073136398, 31.589004830108934 ], [ 75.491503427741236, 31.604712217195242 ], [ 75.486032709641904, 31.611981669318709 ] ] ] } },
{ "type": "Feature", "properties": { "pincode": "144622", "state": "Punjab", "district": "Kapurthala", "officename": "Bholath", "officetype": "S.O" }, "geometry": { "type": "Polygon", "coordinates": [ [ [ 75.459982252978591, 31.504435740616941 ], [ 75.480911444707488, 31.513205928311095 ], [ 75.465608227337896, 31.522215695398131 ], [ 75.470786381586379, 31.528757703905001 ], [ 75.464857337496198, 31.534568695788721 ], [ 75.471417093224318, 31.55013107438964 ], [ 75.497934101977364, 31.557190848678886 ], [ 75.504664896168151, 31.602461707841599 ], [ 75.526249073136398, 31.589004830108934 ], [ 75.54844376386859, 31.590150251632792 ], [ 75.57015620754305, 31.579891703039834 ], [ 75.567914599679114, 31.572553870065121 ], [ 75.58163820194153, 31.562155884286767 ], [ 75.582466000005923, 31.553316000033419 ], [ 75.561454999648618, 31.547885999639163 ], [ 75.546752999751277, 31.556609999951718 ], [ 75.535048999611718, 31.551732999878084 ], [ 75.549751000408435, 31.530705999682311 ], [ 75.522034000169128, 31.53126700037194 ], [ 75.526169000199332, 31.494133000237923 ], [ 75.517532000301628, 31.489072999819086 ], [ 75.527015999688729, 31.479550999579033 ], [ 75.520347999760475, 31.473235999741689 ], [ 75.496529000313217, 31.495930000369356 ], [ 75.459982252978591, 31.504435740616941 ] ] ] } },
{ "type": "Feature", "properties": { "pincode": "144623", "state": "Punjab", "district": "Jalandhar, Kapurthala", "officename": "Kala Sanghian", "officetype": "S.O" }, "geometry": { "type": "Polygon", "coordinates": [ [ [ 75.369019993677796, 31.154789449173904 ], [ 75.375917906186544, 31.204357885108436 ], [ 75.364928782537277, 31.213929756353366 ], [ 75.387039977513041, 31.225744468432424 ], [ 75.377073694195815, 31.234239160508935 ], [ 75.392151000068793, 31.245861000384821 ], [ 75.435512593131818, 31.249990764562256 ], [ 75.436657796120585, 31.262111242539788 ], [ 75.421696057627116, 31.268626301962399 ], [ 75.440940058337048, 31.275151086653409 ], [ 75.434100772632689, 31.289735032545934 ], [ 75.456750179477183, 31.288164380981584 ], [ 75.491248999641641, 31.27120199987263 ], [ 75.46220400021457, 31.238120999584567 ], [ 75.470290999929773, 31.22528100011823 ], [ 75.463280734218586, 31.211062534208679 ], [ 75.447035253973979, 31.211893124668052 ], [ 75.439112961494175, 31.199134019219741 ], [ 75.418155558032822, 31.193262474183996 ], [ 75.415913799082603, 31.183020652081609 ], [ 75.399782324994533, 31.176591164950423 ], [ 75.405237449748597, 31.155312232273729 ], [ 75.388170489176844, 31.149773624353372 ], [ 75.369019993677796, 31.154789449173904 ] ] ] } },
{ "type": "Feature", "properties": { "pincode": "144624", "state": "Punjab", "district": "Kapurthala", "officename": "Nadala", "officetype": "S.O" }, "geometry": { "type": "Polygon", "coordinates": [ [ [ 75.375870913012363, 31.579759035051552 ], [ 75.456695908089785, 31.573536657291129 ], [ 75.471135721436383, 31.540588680223607 ], [ 75.450811553110839, 31.53164652596638 ], [ 75.434030491514022, 31.545427992408008 ], [ 75.427967815362479, 31.538885216779533 ], [ 75.389255721774134, 31.543361275702523 ], [ 75.374430730593872, 31.565615810021711 ], [ 75.375870913012363, 31.579759035051552 ] ] ] } },
{ "type": "Feature", "properties": { "pincode": "144625", "state": "Punjab", "district": "Jalandhar, Kapurthala", "officename": "Sidhwan Dona", "officetype": "S.O" }, "geometry": { "type": "Polygon", "coordinates": [ [ [ 75.273786715484619, 31.171494470393725 ], [ 75.276694999774634, 31.187402999848587 ], [ 75.291214000225978, 31.187182999595905 ], [ 75.302588999582611, 31.206689999843718 ], [ 75.335716000193372, 31.217268000218155 ], [ 75.346396999921581, 31.23239099974495 ], [ 75.342994423953598, 31.245443790498655 ], [ 75.360283663660312, 31.24877718162179 ], [ 75.361019707493483, 31.258984449073125 ], [ 75.34167334325025, 31.272843074648279 ], [ 75.347125075761767, 31.286871696371747 ], [ 75.367184313705309, 31.297212859385979 ], [ 75.392402863301641, 31.281383379439433 ], [ 75.420565545963314, 31.287466395557828 ], [ 75.416239174698319, 31.281876099102931 ], [ 75.421696057627116, 31.268626301962399 ], [ 75.437655740520086, 31.26071982316148 ], [ 75.435512593131818, 31.249990764562256 ], [ 75.392151000068793, 31.245861000384821 ], [ 75.377073694195815, 31.234239160508935 ], [ 75.387039977513041, 31.225744468432424 ], [ 75.364928782537277, 31.213929756353366 ], [ 75.375917906186544, 31.204357885108436 ], [ 75.37351880095207, 31.172529315775364 ], [ 75.356713743644377, 31.189648925357801 ], [ 75.347563283019269, 31.187452546198188 ], [ 75.346065937892945, 31.17741894952502 ], [ 75.324136622706988, 31.181270756640231 ], [ 75.305823820513012, 31.161924298867348 ], [ 75.295118311560998, 31.162235720602155 ], [ 75.286929000473094, 31.174394480021363 ], [ 75.273786715484619, 31.171494470393725 ] ] ] } },
{ "type": "Feature", "properties": { "pincode": "144626", "state": "Punjab", "district": "Kapurthala", "officename": "Gnqc Sultanpur", "officetype": "S.O" }, "geometry": { "type": "Polygon", "coordinates": [ [ [ 74.94920299971875, 31.149851000223521 ], [ 74.989119999588524, 31.159049999957574 ], [ 74.998497000336329, 31.171082999980626 ], [ 75.05081199997386, 31.191896000200416 ], [ 75.06329299997202, 31.216957000265438 ], [ 75.05841099966807, 31.224553999867283 ], [ 75.081351999995036, 31.247989999638889 ], [ 75.084189999569048, 31.272389999798804 ], [ 75.124297566679388, 31.28027460349017 ], [ 75.136716275136166, 31.270768280232005 ], [ 75.146988237117625, 31.275789698835581 ], [ 75.167863209619497, 31.270412628939766 ], [ 75.175649374419322, 31.262310555687634 ], [ 75.232794523048938, 31.271756895964018 ], [ 75.251533039118613, 31.252973004600619 ], [ 75.239894069855552, 31.23590727340212 ], [ 75.246843041373268, 31.219736009709152 ], [ 75.241321810153636, 31.213526221557913 ], [ 75.264099757997428, 31.205777496434337 ], [ 75.259083890009492, 31.191491046274905 ], [ 75.274322554042669, 31.182218749096137 ], [ 75.276320999614541, 31.159758000231591 ], [ 75.270195000399099, 31.148421999975426 ], [ 75.233344999872031, 31.153043999980582 ], [ 75.225784000131739, 31.174338999945007 ], [ 75.212685000412534, 31.1855109998329 ], [ 75.195350999649065, 31.181950000192501 ], [ 75.188011000207723, 31.16697100011163 ], [ 75.13035599982959, 31.169286999895235 ], [ 75.119934000353851, 31.157325999595173 ], [ 75.081229999764673, 31.152743999636016 ], [ 75.074088999607795, 31.144362999852547 ], [ 75.039116000203421, 31.161813999716401 ], [ 75.007469000394224, 31.144755999989513 ], [ 75.014647999605529, 31.128222000145286 ], [ 75.008324000252514, 31.119837000177483 ], [ 74.94920299971875, 31.149851000223521 ] ] ] } },
{ "type": "Feature", "properties": { "pincode": "144628", "state": "Punjab", "district": "Kapurthala", "officename": "Thatha Jadid", "officetype": "S.O" }, "geometry": { "type": "Polygon", "coordinates": [ [ [ 75.163597292581017, 31.352480139946579 ], [ 75.17272200022029, 31.36318200034907 ], [ 75.160384999668111, 31.363809999631883 ], [ 75.163566999817192, 31.381640999932131 ], [ 75.170546999744374, 31.378544000105592 ], [ 75.183608999555929, 31.39625500026807 ], [ 75.190322999806824, 31.391528999963384 ], [ 75.191643000424222, 31.36965800041645 ], [ 75.213973999600626, 31.352408999975523 ], [ 75.225501999717608, 31.358675000251139 ], [ 75.239348999756658, 31.341857999946797 ], [ 75.266570999651947, 31.346119000391582 ], [ 75.289569670803814, 31.339872265392785 ], [ 75.279418248553498, 31.361365467842234 ], [ 75.292800432194326, 31.379393731735377 ], [ 75.303483778253849, 31.361606005013243 ], [ 75.313169886780884, 31.362198670832072 ], [ 75.336028872534541, 31.3363381959511 ], [ 75.320856859056789, 31.337481179413089 ], [ 75.309769408931174, 31.325102628383718 ], [ 75.314494778811081, 31.316221029077383 ], [ 75.263595539602591, 31.325900432259118 ], [ 75.259251103655572, 31.308441456308117 ], [ 75.26902685030899, 31.29924359691455 ], [ 75.253639000439648, 31.295738000008782 ], [ 75.264631165595915, 31.272630852631778 ], [ 75.243399723418747, 31.261463901537979 ], [ 75.23248059490362, 31.271924543982664 ], [ 75.208533353031953, 31.266583387613423 ], [ 75.203425375580821, 31.271720676667996 ], [ 75.202312476239968, 31.265791249466702 ], [ 75.191276332437042, 31.267566164047309 ], [ 75.191205414598187, 31.331448876964089 ], [ 75.163597292581017, 31.352480139946579 ] ] ] } },
{ "type": "Feature", "properties": { "pincode": "144629", "state": "Punjab", "district": "Jalandhar", "officename": "Lohian", "officetype": "S.O" }, "geometry": { "type": "Polygon", "coordinates": [ [ [ 75.08330382561121, 31.15198014336903 ], [ 75.104874000135226, 31.150817999850915 ], [ 75.13035599982959, 31.169286999895235 ], [ 75.188011000207723, 31.16697100011163 ], [ 75.195350999649065, 31.181950000192501 ], [ 75.212685000412534, 31.1855109998329 ], [ 75.225784000131739, 31.174338999945007 ], [ 75.229323999702899, 31.155426000109969 ], [ 75.266703747679969, 31.149118604040325 ], [ 75.248507486831159, 31.134007994473393 ], [ 75.253409242542546, 31.121816294686425 ], [ 75.237240475367798, 31.117826403865479 ], [ 75.233915652985047, 31.105617010816331 ], [ 75.220605367443909, 31.105980217313231 ], [ 75.197825094852419, 31.080778047968579 ], [ 75.184074000314865, 31.078323000406328 ], [ 75.174751000258482, 31.079049999757729 ], [ 75.17092900027319, 31.093749999562874 ], [ 75.15397599999244, 31.081966000230807 ], [ 75.136008999715727, 31.088952999581295 ], [ 75.136531388013111, 31.102987989404426 ], [ 75.122548044456835, 31.124068062191498 ], [ 75.080808132289519, 31.133815828237914 ], [ 75.08330382561121, 31.15198014336903 ] ] ] } },
{ "type": "Feature", "properties": { "pincode": "144630", "state": "Punjab", "district": "Jalandhar", "officename": "Bopa Rai Kalan (Jalandhar)", "officetype": "S.O" }, "geometry": { "type": "Polygon", "coordinates": [ [ [ 75.414414962880244, 31.177829002606472 ], [ 75.416619286650871, 31.192270484195546 ], [ 75.432757592888777, 31.194403507016318 ], [ 75.447035253973979, 31.211893124668052 ], [ 75.463280734218586, 31.211062534208679 ], [ 75.470290999929773, 31.22528100011823 ], [ 75.504744999682032, 31.219917000069472 ], [ 75.52400200009231, 31.226261000345005 ], [ 75.514525788834135, 31.196284770925558 ], [ 75.499788760343108, 31.195905453973694 ], [ 75.496169999046231, 31.189096323436559 ], [ 75.505410167944888, 31.177930466817713 ], [ 75.501791526257989, 31.162542840879496 ], [ 75.514933534255192, 31.153654796132003 ], [ 75.500062188419349, 31.142802152697243 ], [ 75.489629605721916, 31.14344618329477 ], [ 75.48245879843472, 31.163831724054944 ], [ 75.478421719286985, 31.14813922974173 ], [ 75.45235366019341, 31.155977720695432 ], [ 75.446506538945812, 31.141862059886137 ], [ 75.414414962880244, 31.177829002606472 ] ] ] } },
{ "type": "Feature", "properties": { "pincode": "144631", "state": "Punjab", "district": "Kapurthala", "officename": "Nangal Lubana", "officetype": "S.O" }, "geometry": { "type": "Polygon", "coordinates": [ [ [ 75.454703279332819, 31.612943873760855 ], [ 75.475692999932164, 31.651430000094535 ], [ 75.50113218290403, 31.642910828471997 ], [ 75.48641707268979, 31.60142626441052 ], [ 75.466418024572306, 31.614523429512701 ], [ 75.454703279332819, 31.612943873760855 ] ] ] } },
{ "type": "Feature", "properties": { "pincode": "144632", "state": "Punjab", "district": "Jalandhar, Shahid Bhagat Singh Nagar", "officename": "Chachoki", "officetype": "S.O" }, "geometry": { "type": "Polygon", "coordinates": [ [ [ 75.722395311394735, 31.141302783197034 ], [ 75.722209511459823, 31.164820386551696 ], [ 75.771637000247438, 31.160874999581665 ], [ 75.77899200038064, 31.16563000032437 ], [ 75.777412000363597, 31.189294999864444 ], [ 75.78788000016192, 31.198552999621313 ], [ 75.78498099957352, 31.204635999551897 ], [ 75.812110999722904, 31.222075999807601 ], [ 75.829018065331582, 31.222397438191422 ], [ 75.822935207493913, 31.18862248414041 ], [ 75.811653000185913, 31.189240000026132 ], [ 75.803255949302695, 31.157553713333186 ], [ 75.76995730498578, 31.157253842490888 ], [ 75.751677686875723, 31.132543578923105 ], [ 75.722395311394735, 31.141302783197034 ] ] ] } },
{ "type": "Feature", "properties": { "pincode": "144633", "state": "Punjab", "district": "Jalandhar", "officename": "Sarhali (Jalandhar)", "officetype": "S.O" }, "geometry": { "type": "Polygon", "coordinates": [ [ [ 75.632097640294035, 31.162882285489331 ], [ 75.65482936118616, 31.195345681757885 ], [ 75.687400999856436, 31.197112999765238 ], [ 75.704702855252663, 31.167639006635 ], [ 75.692979822760719, 31.158126452873603 ], [ 75.684363892179988, 31.163937877331364 ], [ 75.657586344434435, 31.161001916405382 ], [ 75.64297542877307, 31.149193522962776 ], [ 75.632097640294035, 31.162882285489331 ] ] ] } },
{ "type": "Feature", "properties": { "pincode": "144701", "state": "Punjab", "district": "Jalandhar", "officename": "Malsian", "officetype": "S.O" }, "geometry": { "type": "Polygon", "coordinates": [ [ [ 75.253611547734863, 31.122034831742212 ], [ 75.248507486831159, 31.134007994473393 ], [ 75.27236899992954, 31.149762999762743 ], [ 75.276073982828166, 31.173094711451824 ], [ 75.286929000473094, 31.174394480021363 ], [ 75.295118311560998, 31.162235720602155 ], [ 75.305823820513012, 31.161924298867348 ], [ 75.324136622706988, 31.181270756640231 ], [ 75.346065937892945, 31.17741894952502 ], [ 75.347563283019269, 31.187452546198188 ], [ 75.356713743644377, 31.189648925357801 ], [ 75.372323752139607, 31.17336802441497 ], [ 75.369019993677796, 31.154789449173904 ], [ 75.391285039273271, 31.152409732423337 ], [ 75.397632887747704, 31.143249029419337 ], [ 75.39333639106178, 31.114955229200518 ], [ 75.360110426355277, 31.099804270650736 ], [ 75.343336798554446, 31.099809301458322 ], [ 75.340259320311532, 31.116067159971635 ], [ 75.275734229751095, 31.121599336840063 ], [ 75.274084499899857, 31.13325864247247 ], [ 75.253611547734863, 31.122034831742212 ] ] ] } },
{ "type": "Feature", "properties": { "pincode": "144702", "state": "Punjab", "district": "Jalandhar", "officename": "Shahkot", "officetype": "S.O" }, "geometry": { "type": "Polygon", "coordinates": [ [ [ 75.194556999905785, 31.079345999918132 ], [ 75.220605367443909, 31.105980217313231 ], [ 75.234852804113814, 31.106359704237093 ], [ 75.237240475367798, 31.117826403865479 ], [ 75.258521167118261, 31.120945470357299 ], [ 75.274084499899857, 31.13325864247247 ], [ 75.278262792394116, 31.12069000803757 ], [ 75.340259320311532, 31.116067159971635 ], [ 75.343336798554446, 31.099809301458322 ], [ 75.360110426355277, 31.099804270650736 ], [ 75.372145274484922, 31.069379825418764 ], [ 75.358519162329515, 31.076886935084019 ], [ 75.341451471508321, 31.068444122198628 ], [ 75.318206172976602, 31.043633950246715 ], [ 75.326591925677008, 31.030141221939971 ], [ 75.310287127049321, 31.031576348369924 ], [ 75.297302000387049, 31.01462400009774 ], [ 75.295151000118665, 31.034057999676975 ], [ 75.283020000073066, 31.042187000429863 ], [ 75.24115000007248, 31.046146000437659 ], [ 75.230422544964597, 31.030450755098343 ], [ 75.207313896619155, 31.049507222880095 ], [ 75.211743850898131, 31.068587947176127 ], [ 75.194556999905785, 31.079345999918132 ] ] ] } },
{ "type": "Feature", "properties": { "pincode": "144703", "state": "Punjab", "district": "Jalandhar", "officename": "Nangal Ambian", "officetype": "S.O" }, "geometry": { "type": "Polygon", "coordinates": [ [ [ 75.306899999635391, 31.000721000174167 ], [ 75.308208268596843, 31.030378517054885 ], [ 75.326591925677008, 31.030141221939971 ], [ 75.318206172976602, 31.043633950246715 ], [ 75.324009624944267, 31.054418987146676 ], [ 75.358519162329515, 31.076886935084019 ], [ 75.372145274484922, 31.069379825418764 ], [ 75.359407653840265, 31.099508343335515 ], [ 75.376800500842535, 31.107174031356578 ], [ 75.403601758314721, 31.089841353495785 ], [ 75.416504664458785, 31.090812150960062 ], [ 75.421508257600067, 31.06047490219504 ], [ 75.412983360893634, 31.05251270949401 ], [ 75.406271095434818, 31.061688842166518 ], [ 75.396128374125226, 31.037151592871737 ], [ 75.37536266655394, 31.02803256625009 ], [ 75.362865360048545, 30.98885146542284 ], [ 75.306899999635391, 31.000721000174167 ] ] ] } },
{ "type": "Feature", "properties": { "pincode": "144801", "state": "Punjab", "district": "Jalandhar", "officename": "Kartarpur", "officetype": "S.O" }, "geometry": { "type": "Polygon", "coordinates": [ [ [ 75.496878202567132, 31.430748169992114 ], [ 75.470672999559213, 31.456123000176376 ], [ 75.483126755495448, 31.451820458247596 ], [ 75.5093095276128, 31.480229314131634 ], [ 75.520347999760475, 31.473235999741689 ], [ 75.527015999688729, 31.479550999579033 ], [ 75.517532000301628, 31.489072999819086 ], [ 75.526169000199332, 31.494133000237923 ], [ 75.522034000169128, 31.53126700037194 ], [ 75.549751000408435, 31.530705999682311 ], [ 75.553148562656133, 31.518626775405494 ], [ 75.558123190432866, 31.525795466587681 ], [ 75.585338754779741, 31.518194846315282 ], [ 75.582314717850068, 31.48849641207994 ], [ 75.573762815401665, 31.478129924156747 ], [ 75.587622934750755, 31.461283738154123 ], [ 75.571198886019943, 31.448824465776568 ], [ 75.58428871085539, 31.440507781908764 ], [ 75.577746468524765, 31.425103159683147 ], [ 75.548526126479544, 31.431855924311492 ], [ 75.536554621198945, 31.416672833884263 ], [ 75.51899755529314, 31.423911849352407 ], [ 75.496365182507304, 31.410246530353334 ], [ 75.496878202567132, 31.430748169992114 ] ] ] } },
{ "type": "Feature", "properties": { "pincode": "144802", "state": "Punjab", "district": "Kapurthala", "officename": "Jagatjit Nagar", "officetype": "S.O" }, "geometry": { "type": "Polygon", "coordinates": [ [ [ 75.380018435202771, 31.449285564377476 ], [ 75.376231588816779, 31.462244633183275 ], [ 75.391341642602924, 31.471861144076627 ], [ 75.385751077250575, 31.481926569555696 ], [ 75.392110121385031, 31.497738078349698 ], [ 75.411246268200841, 31.513046593625575 ], [ 75.403377395450434, 31.525856062007733 ], [ 75.413984985318791, 31.540450619000865 ], [ 75.434030491514022, 31.545427992408008 ], [ 75.445141955337021, 31.532504841625268 ], [ 75.467127438580576, 31.533119542632846 ], [ 75.465608227337896, 31.522215695398131 ], [ 75.480911444707488, 31.513205928311095 ], [ 75.446616999974708, 31.50116699995732 ], [ 75.445801000116091, 31.491157999742029 ], [ 75.473273999895241, 31.450375000405984 ], [ 75.454917999666065, 31.451406000286624 ], [ 75.46328000037181, 31.43723100041052 ], [ 75.426537494909496, 31.464010810850311 ], [ 75.399142514015921, 31.43364960234743 ], [ 75.380018435202771, 31.449285564377476 ] ] ] } },
{ "type": "Feature", "properties": { "pincode": "144803", "state": "Punjab", "district": "Jalandhar", "officename": "Dialpur", "officetype": "S.O" }, "geometry": { "type": "Polygon", "coordinates": [ [ [ 75.447758762157321, 31.488366293669628 ], [ 75.446616999974708, 31.50116699995732 ], [ 75.481644000070673, 31.502414999952407 ], [ 75.5093095276128, 31.480229314131634 ], [ 75.483126755495448, 31.451820458247596 ], [ 75.470672999559213, 31.456123000176376 ], [ 75.447758762157321, 31.488366293669628 ] ] ] } },
{ "type": "Feature", "properties": { "pincode": "144804", "state": "Punjab", "district": "Kapurthala", "officename": "Dhilwan", "officetype": "S.O" }, "geometry": { "type": "Polygon", "coordinates": [ [ [ 75.227448000424829, 31.423993999723336 ], [ 75.23738900020237, 31.460533000297858 ], [ 75.246376000052408, 31.456000999946184 ], [ 75.26245100031349, 31.476180999753524 ], [ 75.285675000201081, 31.483112000118808 ], [ 75.319457999587144, 31.528937999988841 ], [ 75.319091999796115, 31.539412000063919 ], [ 75.375686999855304, 31.579699999955096 ], [ 75.374430730593872, 31.565615810021711 ], [ 75.389255721774134, 31.543361275702523 ], [ 75.4138130277492, 31.540245578071051 ], [ 75.403377395450434, 31.525856062007733 ], [ 75.411246268200841, 31.513046593625575 ], [ 75.392110121385031, 31.497738078349698 ], [ 75.385751077250575, 31.481926569555696 ], [ 75.391341642602924, 31.471861144076627 ], [ 75.375970489546603, 31.461421474721305 ], [ 75.363255985975002, 31.464702635917945 ], [ 75.3496110384188, 31.446214826553103 ], [ 75.313079084032609, 31.46340185561121 ], [ 75.275908266553301, 31.417908210995279 ], [ 75.2537425124072, 31.431945103783619 ], [ 75.224974076092792, 31.416092756775413 ], [ 75.216651999890075, 31.423210000441316 ], [ 75.227448000424829, 31.423993999723336 ] ] ] } },
{ "type": "Feature", "properties": { "pincode": "144805", "state": "Punjab", "district": "Jalandhar", "officename": "CRPF Campus Sarai Khas", "officetype": "S.O" }, "geometry": { "type": "Polygon", "coordinates": [ [ [ 75.527206782766939, 31.400778915714568 ], [ 75.533718350121944, 31.389235071341545 ], [ 75.512580159546928, 31.384592052381493 ], [ 75.496365182507304, 31.410246530353334 ], [ 75.51899755529314, 31.423911849352407 ], [ 75.536554621198945, 31.416672833884263 ], [ 75.548526126479544, 31.431855924311492 ], [ 75.585508924497333, 31.41757788551098 ], [ 75.577983635036787, 31.404286778012477 ], [ 75.540013268997143, 31.413093078882468 ], [ 75.527206782766939, 31.400778915714568 ] ] ] } },
{ "type": "Feature", "properties": { "pincode": "144806", "state": "Punjab", "district": "Jalandhar", "officename": "Pattar Kalan", "officetype": "S.O" }, "geometry": { "type": "Polygon", "coordinates": [ [ [ 75.445404670689072, 31.415541051478499 ], [ 75.443625999640233, 31.429353999587534 ], [ 75.46328000037181, 31.43723100041052 ], [ 75.454917999666065, 31.451406000286624 ], [ 75.473273999895241, 31.450375000405984 ], [ 75.496878202567132, 31.430748169992114 ], [ 75.49380978499363, 31.415974465349336 ], [ 75.505563341375137, 31.397366066790596 ], [ 75.491280000171969, 31.401902999923607 ], [ 75.488090999699921, 31.391752000354643 ], [ 75.475844999746982, 31.387311999749102 ], [ 75.452193999953181, 31.388734999720441 ], [ 75.446915000227136, 31.396813999966128 ], [ 75.456229999914626, 31.409192999757238 ], [ 75.445404670689072, 31.415541051478499 ] ] ] } },
{ "type": "Feature", "properties": { "pincode": "144819", "state": "Punjab", "district": "Kapurthala", "officename": "Raipur Pir Bux Wala", "officetype": "S.O" }, "geometry": { "type": "Polygon", "coordinates": [ [ [ 75.398990309155522, 31.582726697079522 ], [ 75.429771000131666, 31.62990999964677 ], [ 75.457488261174433, 31.632416248311188 ], [ 75.454703279332819, 31.612943873760855 ], [ 75.466418024572306, 31.614523429512701 ], [ 75.483542653270831, 31.600298307720891 ], [ 75.504664896168151, 31.602461707841599 ], [ 75.494386735159821, 31.551684541708312 ], [ 75.492025108272173, 31.558604274467939 ], [ 75.471143398049549, 31.549637896072056 ], [ 75.456695908089785, 31.573536657291129 ], [ 75.40466034939584, 31.573186743673432 ], [ 75.398990309155522, 31.582726697079522 ] ] ] } },
{ "type": "Feature", "properties": { "pincode": "145001", "state": "Punjab", "district": "Pathankot", "officename": "Khanpur Chowk Pathankot", "officetype": "S.O" }, "geometry": { "type": "Polygon", "coordinates": [ [ [ 75.623605747807233, 32.241243614601217 ], [ 75.608418470136371, 32.252852600467179 ], [ 75.629525418263427, 32.263618576236524 ], [ 75.619500904743006, 32.277555774679342 ], [ 75.62736915156529, 32.281825348361338 ], [ 75.62249610491142, 32.304520436269172 ], [ 75.67678456155852, 32.307222158875675 ], [ 75.706697577631189, 32.321137802367787 ], [ 75.712160976148255, 32.317369029657129 ], [ 75.759482564768689, 32.352781821823726 ], [ 75.779815428639154, 32.335428599850047 ], [ 75.807064462155324, 32.329715357977534 ], [ 75.751792999747181, 32.273444999687115 ], [ 75.691177000418236, 32.263816999954713 ], [ 75.658549012926699, 32.24887684339177 ], [ 75.639639267738175, 32.252639332539218 ], [ 75.623605747807233, 32.241243614601217 ] ] ] } },
{ "type": "Feature", "properties": { "pincode": "145022", "state": "Punjab", "district": "Pathankot", "officename": "Dunera", "officetype": "S.O" }, "geometry": { "type": "Polygon", "coordinates": [ [ [ 75.78830700006813, 32.474997999857976 ], [ 75.820228999968435, 32.486911999789129 ], [ 75.846519000051842, 32.524364000198489 ], [ 75.854395551213884, 32.52509600247862 ], [ 75.871208000049307, 32.499340000041116 ], [ 75.940299999945069, 32.43852200038998 ], [ 75.947982999915723, 32.416306000221937 ], [ 75.887679999732313, 32.398033000222938 ], [ 75.807064462155324, 32.329715357977534 ], [ 75.779815428639154, 32.335428599850047 ], [ 75.759482564768689, 32.352781821823726 ], [ 75.728857168723437, 32.328373833885394 ], [ 75.705226177046541, 32.346988990849354 ], [ 75.688727600598384, 32.375929392827345 ], [ 75.733831888231066, 32.387652286823652 ], [ 75.745840050777872, 32.403238293312825 ], [ 75.727202999818644, 32.418105999592285 ], [ 75.761741999893388, 32.476315000337138 ], [ 75.78830700006813, 32.474997999857976 ] ] ] } },
{ "type": "Feature", "properties": { "pincode": "145023", "state": "Punjab", "district": "Pathankot", "officename": "Sujanpur (Gurdaspur)", "officetype": "S.O" }, "geometry": { "type": "Polygon", "coordinates": [ [ [ 75.607906428538968, 32.331700088888169 ], [ 75.670990860939526, 32.34947666401689 ], [ 75.695669936018874, 32.363214581687714 ], [ 75.730599903762709, 32.327941611616211 ], [ 75.67678456155852, 32.307222158875675 ], [ 75.62249610491142, 32.304520436269172 ], [ 75.62736915156529, 32.281825348361338 ], [ 75.620420217818832, 32.275753099825693 ], [ 75.579976193646644, 32.270058124083334 ], [ 75.567304718138303, 32.283072779085728 ], [ 75.540271578570525, 32.279773376040566 ], [ 75.525093638560634, 32.288424055525809 ], [ 75.544608999805689, 32.349132999788083 ], [ 75.582480999798292, 32.372024999654116 ], [ 75.589862239450838, 32.374851490603874 ], [ 75.603844980461588, 32.352710529867238 ], [ 75.607906428538968, 32.331700088888169 ] ] ] } },
{ "type": "Feature", "properties": { "pincode": "145024", "state": "Punjab", "district": "Pathankot", "officename": "Madhopur (Gurdaspur)", "officetype": "S.O" }, "geometry": { "type": "Polygon", "coordinates": [ [ [ 75.607906428538968, 32.331700088888169 ], [ 75.589862239450838, 32.374851490603874 ], [ 75.616002485326476, 32.382848612973135 ], [ 75.617356643094581, 32.370850986883738 ], [ 75.654498167856332, 32.345249175908862 ], [ 75.63405404435872, 32.346744150422296 ], [ 75.607906428538968, 32.331700088888169 ] ] ] } },
{ "type": "Feature", "properties": { "pincode": "145025", "state": "Punjab", "district": "Pathankot", "officename": "Malakpur", "officetype": "S.O" }, "geometry": { "type": "Polygon", "coordinates": [ [ [ 75.478965473677817, 32.267778320213381 ], [ 75.491316251843671, 32.275913457939851 ], [ 75.480169917707656, 32.283623057158422 ], [ 75.507251676423948, 32.30364922073511 ], [ 75.505256999910728, 32.28822699967634 ], [ 75.514191000014705, 32.275539000024878 ], [ 75.525093638560634, 32.288424055525809 ], [ 75.540271578570525, 32.279773376040566 ], [ 75.567304718138303, 32.283072779085728 ], [ 75.579976193646644, 32.270058124083334 ], [ 75.620420217818832, 32.275753099825693 ], [ 75.629525418263427, 32.263618576236524 ], [ 75.608418470136371, 32.252852600467179 ], [ 75.612595963133231, 32.243762722671647 ], [ 75.625140491240927, 32.245206247870215 ], [ 75.618162340319827, 32.236925071035444 ], [ 75.637186937027593, 32.231074085400792 ], [ 75.63521172813887, 32.218651672636554 ], [ 75.627311141695998, 32.215510466634782 ], [ 75.625583088089115, 32.19672427570481 ], [ 75.612525457184233, 32.197756136236933 ], [ 75.60506596212457, 32.18289325481993 ], [ 75.588673294337127, 32.183244331260937 ], [ 75.587886529639775, 32.169105100120362 ], [ 75.574727179116223, 32.159662065751832 ], [ 75.560202294400426, 32.176209344985466 ], [ 75.550250202385087, 32.16873646351695 ], [ 75.539894983866475, 32.180550410273327 ], [ 75.526871039766775, 32.172391501666425 ], [ 75.503300733442074, 32.201131445659826 ], [ 75.509740715661621, 32.212998340900867 ], [ 75.504345049584458, 32.232697069414314 ], [ 75.512965618868293, 32.244750156694352 ], [ 75.484080158272775, 32.26297637935653 ], [ 75.457896729650543, 32.258026876838983 ], [ 75.440428045517876, 32.271557252565287 ], [ 75.453107003385696, 32.275911309459332 ], [ 75.478965473677817, 32.267778320213381 ] ] ] } },
{ "type": "Feature", "properties": { "pincode": "145026", "state": "Punjab", "district": "Pathankot", "officename": "Narot Jailmal Singh", "officetype": "S.O" }, "geometry": { "type": "Polygon", "coordinates": [ [ [ 75.376700999851266, 32.185665000439428 ], [ 75.321081648199481, 32.215478864458078 ], [ 75.386994801868809, 32.233958289443535 ], [ 75.420366633013884, 32.280620408805021 ], [ 75.409577329730041, 32.283144782405827 ], [ 75.415882589909586, 32.308840468213077 ], [ 75.439320255225709, 32.315355230859382 ], [ 75.435628075075613, 32.32547199683529 ], [ 75.488861000135103, 32.339557999801968 ], [ 75.483047000019099, 32.317898000092782 ], [ 75.505507999794531, 32.310490000213463 ], [ 75.507251676423948, 32.30364922073511 ], [ 75.480169917707656, 32.283623057158422 ], [ 75.491316251843671, 32.275913457939851 ], [ 75.482945258816756, 32.26852122587394 ], [ 75.44721481980821, 32.275363706869769 ], [ 75.440428045517876, 32.271557252565287 ], [ 75.447771410222458, 32.264938566062085 ], [ 75.425938487970882, 32.25778264705167 ], [ 75.426828465161634, 32.242817716864181 ], [ 75.401618192925298, 32.218511884715781 ], [ 75.412079419030022, 32.216826130721415 ], [ 75.391022669260792, 32.201482641710527 ], [ 75.40379796970052, 32.187487134823641 ], [ 75.376700999851266, 32.185665000439428 ] ] ] } },
{ "type": "Feature", "properties": { "pincode": "145027", "state": "Punjab", "district": "Pathankot", "officename": "Bamial", "officetype": "S.O" }, "geometry": { "type": "Polygon", "coordinates": [ [ [ 75.339920043875054, 32.288566589076822 ], [ 75.330421447591846, 32.331710815102042 ], [ 75.347014999642681, 32.345398000217699 ], [ 75.393776000362209, 32.329369000279314 ], [ 75.435628075075613, 32.32547199683529 ], [ 75.439320255225709, 32.315355230859382 ], [ 75.415882589909586, 32.308840468213077 ], [ 75.409577329730041, 32.283144782405827 ], [ 75.420366633013884, 32.280620408805021 ], [ 75.38389626060399, 32.23170742305922 ], [ 75.367889552161216, 32.231674996204219 ], [ 75.380813598668681, 32.264961242467336 ], [ 75.339920043875054, 32.288566589076822 ] ] ] } },
{ "type": "Feature", "properties": { "pincode": "145029", "state": "Punjab", "district": "Pathankot", "officename": "Shahpur Kandi Township", "officetype": "S.O" }, "geometry": { "type": "Polygon", "coordinates": [ [ [ 75.730559846159963, 32.385106695517777 ], [ 75.688727600598384, 32.375929392827345 ], [ 75.695669936018874, 32.363214581687714 ], [ 75.66188661107833, 32.347854082000424 ], [ 75.617356643094581, 32.370850986883738 ], [ 75.616002485326476, 32.382848612973135 ], [ 75.663620000362869, 32.388847000188889 ], [ 75.727202999818644, 32.418105999592285 ], [ 75.745840050777872, 32.403238293312825 ], [ 75.730559846159963, 32.385106695517777 ] ] ] } },
{ "type": "Feature", "properties": { "pincode": "145101", "state": "Punjab", "district": "Pathankot", "officename": "Mirthal", "officetype": "S.O" }, "geometry": { "type": "Polygon", "coordinates": [ [ [ 75.576315119247454, 32.155114796710734 ], [ 75.587886529639775, 32.169105100120362 ], [ 75.584702345936591, 32.179297946043391 ], [ 75.60506596212457, 32.18289325481993 ], [ 75.612525457184233, 32.197756136236933 ], [ 75.671303000333182, 32.176342000383045 ], [ 75.676948999896524, 32.164364000198418 ], [ 75.670569999805707, 32.145741000247028 ], [ 75.646202000222218, 32.11918999981873 ], [ 75.593643000124416, 32.081435999871474 ], [ 75.599173999780419, 32.110790000058614 ], [ 75.587250000287384, 32.108077999999807 ], [ 75.588226000329769, 32.13471599994358 ], [ 75.576061749650137, 32.13812286927498 ], [ 75.576315119247454, 32.155114796710734 ] ] ] } },
{ "type": "Feature", "properties": { "pincode": "146001", "state": "Punjab", "district": "Hoshiarpur", "officename": "Hoshiarpur", "officetype": "H.O" }, "geometry": { "type": "Polygon", "coordinates": [ [ [ 75.942109249742145, 31.528734315236534 ], [ 75.912252005126106, 31.49027764169989 ], [ 75.873835365809668, 31.494987604394623 ], [ 75.86505323601807, 31.482498499706026 ], [ 75.884365817228797, 31.474496831263878 ], [ 75.853692411775512, 31.472700455261986 ], [ 75.860843844068256, 31.458890656578717 ], [ 75.870845978858881, 31.456063558586379 ], [ 75.872164816653026, 31.46343257465378 ], [ 75.884250866784214, 31.453175755456812 ], [ 75.887180740199028, 31.441907060462597 ], [ 75.878069874924904, 31.424492210647031 ], [ 75.874558335299071, 31.428268205813197 ], [ 75.848152586173001, 31.404868197809208 ], [ 75.86618029518462, 31.395425676054117 ], [ 75.851715000447143, 31.369016999634937 ], [ 75.83249700003671, 31.371982999715669 ], [ 75.831253000225786, 31.36151900010185 ], [ 75.823150999818893, 31.359068000387936 ], [ 75.804420000282903, 31.374066999592515 ], [ 75.788375999652828, 31.370045000276718 ], [ 75.783950999738977, 31.383848000085266 ], [ 75.822960000004173, 31.405724999908898 ], [ 75.815842000008331, 31.422329000283128 ], [ 75.820632999713212, 31.425394000432846 ], [ 75.801957314778349, 31.45294665766221 ], [ 75.825896238820519, 31.466670731169529 ], [ 75.840049351896141, 31.464213480268086 ], [ 75.836120674329777, 31.479028539335786 ], [ 75.850606345006952, 31.490962455652834 ], [ 75.844936450456999, 31.504865928619893 ], [ 75.824813502741051, 31.512919508628613 ], [ 75.836562483371949, 31.522643277165628 ], [ 75.83263425906398, 31.5334371876761 ], [ 75.810280387430055, 31.52599877991986 ], [ 75.802874721291403, 31.537944191371537 ], [ 75.787138407511691, 31.538098497947374 ], [ 75.827393794388229, 31.566111929122314 ], [ 75.82238003171318, 31.579497898009777 ], [ 75.834978111750445, 31.587701410291913 ], [ 75.830480925054701, 31.592458135934237 ], [ 75.839270435582307, 31.594379305460677 ], [ 75.841620057419846, 31.583760480361946 ], [ 75.884429526101826, 31.605083389886602 ], [ 75.876049762886396, 31.6130631058777 ], [ 75.833960056711248, 31.610796459988762 ], [ 75.858769858142466, 31.628334973780227 ], [ 75.861176655278484, 31.620784824360271 ], [ 75.886130326653415, 31.623050605101412 ], [ 75.900981680560221, 31.640840206010751 ], [ 75.920509469536512, 31.648157258350977 ], [ 75.923847539832025, 31.634304067378821 ], [ 75.908604012265414, 31.61615961287589 ], [ 75.925554710281688, 31.616463921872537 ], [ 75.933494279637387, 31.601312077490377 ], [ 75.945261750329678, 31.604526476615717 ], [ 75.942783864483829, 31.58919473724751 ], [ 75.958549422418002, 31.571541615653132 ], [ 75.947637382359289, 31.561582891137675 ], [ 75.942109249742145, 31.528734315236534 ] ] ] } },
{ "type": "Feature", "properties": { "pincode": "146021", "state": "Punjab", "district": "Hoshiarpur", "officename": "Sadhu Ashram", "officetype": "S.O" }, "geometry": { "type": "Polygon", "coordinates": [ [ [ 75.94790854504339, 31.539723151102692 ], [ 75.947637382359289, 31.561582891137675 ], [ 75.994932797110948, 31.619836537825961 ], [ 75.995241984929748, 31.632474344515458 ], [ 76.017357376142115, 31.643080898364929 ], [ 76.037490999709917, 31.613733000078071 ], [ 76.054291000129581, 31.606695000174284 ], [ 76.074124611661546, 31.567434210420458 ], [ 76.010321848474632, 31.539388289438079 ], [ 75.99004095102913, 31.538316440551284 ], [ 75.977597549887093, 31.523868777921791 ], [ 75.965803729058905, 31.54242985685238 ], [ 75.961436661672792, 31.53484593699045 ], [ 75.94790854504339, 31.539723151102692 ] ] ] } },
{ "type": "Feature", "properties": { "pincode": "146022", "state": "Punjab", "district": "Hoshiarpur", "officename": "Piplanwala", "officetype": "S.O" }, "geometry": { "type": "Polygon", "coordinates": [ [ [ 75.784349822986087, 31.462544211746092 ], [ 75.800566020405654, 31.470889056085184 ], [ 75.791849548318226, 31.489721202371697 ], [ 75.801956060224029, 31.49062245166499 ], [ 75.806171211432343, 31.508014507263738 ], [ 75.844936450456999, 31.504865928619893 ], [ 75.850606345006952, 31.490962455652834 ], [ 75.836120674329777, 31.479028539335786 ], [ 75.840049351896141, 31.464213480268086 ], [ 75.825896238820519, 31.466670731169529 ], [ 75.794609000205128, 31.45008499962313 ], [ 75.784349822986087, 31.462544211746092 ] ] ] } },
{ "type": "Feature", "properties": { "pincode": "146023", "state": "Punjab", "district": "Hoshiarpur", "officename": "Bajwara", "officetype": "S.O" }, "geometry": { "type": "Polygon", "coordinates": [ [ [ 75.926733794329323, 31.482124296299276 ], [ 75.916721936968031, 31.499984590216684 ], [ 75.94790854504339, 31.539723151102692 ], [ 75.961436661672792, 31.53484593699045 ], [ 75.965803729058905, 31.54242985685238 ], [ 75.977597549887093, 31.523868777921791 ], [ 75.974441370173281, 31.513757669581025 ], [ 75.990967016214938, 31.514144157726832 ], [ 76.004463106187416, 31.525810179496432 ], [ 76.006852318879453, 31.517335488342269 ], [ 75.972309059615441, 31.496066379859656 ], [ 76.000790188616293, 31.492009797114576 ], [ 76.000642780739781, 31.480806792199871 ], [ 75.972687740746721, 31.474860432562991 ], [ 75.939604230450982, 31.48850269024706 ], [ 75.926733794329323, 31.482124296299276 ] ] ] } },
{ "type": "Feature", "properties": { "pincode": "146024", "state": "Punjab", "district": "Hoshiarpur", "officename": "Factory Area Chohal", "officetype": "S.O" }, "geometry": { "type": "Polygon", "coordinates": [ [ [ 75.925554710281688, 31.616463921872537 ], [ 75.908604012265414, 31.61615961287589 ], [ 75.923847539832025, 31.634304067378821 ], [ 75.920509469536512, 31.648157258350977 ], [ 75.940541517377255, 31.667598649458284 ], [ 75.927586903812653, 31.678402172822189 ], [ 75.936962260599898, 31.697618352105337 ], [ 75.981531134154693, 31.727777562984272 ], [ 75.990234000399028, 31.693778999701181 ], [ 76.01911899964216, 31.661385999664219 ], [ 76.018172027916819, 31.64309663380277 ], [ 75.995241984929748, 31.632474344515458 ], [ 75.994932797110948, 31.619836537825961 ], [ 75.960241749557213, 31.575935442366813 ], [ 75.942783864483829, 31.58919473724751 ], [ 75.945261750329678, 31.604526476615717 ], [ 75.933494279637387, 31.601312077490377 ], [ 75.925554710281688, 31.616463921872537 ] ] ] } },
{ "type": "Feature", "properties": { "pincode": "146101", "state": "Punjab", "district": "Hoshiarpur", "officename": "Barian Kalan", "officetype": "S.O" }, "geometry": { "type": "Polygon", "coordinates": [ [ [ 75.958808329141107, 31.361766906317769 ], [ 75.948145477731771, 31.384729620775488 ], [ 75.960113999961266, 31.390778999551173 ], [ 75.964576999828864, 31.406272999998976 ], [ 75.98168199992449, 31.411776000162433 ], [ 75.991073999565629, 31.403537999778905 ], [ 75.995674000354995, 31.421691999686175 ], [ 76.019119974507191, 31.417860412028517 ], [ 76.029468595599326, 31.40398615983338 ], [ 76.019505835825726, 31.39692670030712 ], [ 76.028452718718029, 31.367351693525961 ], [ 76.00409774401561, 31.34153464600729 ], [ 75.995688578365218, 31.34168165908153 ], [ 75.979949955126415, 31.360670701991523 ], [ 75.958808329141107, 31.361766906317769 ] ] ] } },
{ "type": "Feature", "properties": { "pincode": "146102", "state": "Punjab", "district": "Hoshiarpur", "officename": "Bassi Kalan", "officetype": "S.O" }, "geometry": { "type": "Polygon", "coordinates": [ [ [ 75.976387811548307, 31.457733341520736 ], [ 75.988266824254595, 31.476329569554082 ], [ 76.000642780739781, 31.480806792199871 ], [ 76.00079474727977, 31.492139243731174 ], [ 76.027265243995942, 31.505377811037192 ], [ 76.052755763867538, 31.504936772714018 ], [ 76.095751578372699, 31.538261451504866 ], [ 76.122292000075902, 31.49307800014958 ], [ 76.129615999678776, 31.463365999641269 ], [ 76.161086442785177, 31.416611415584498 ], [ 76.132195935194318, 31.41148926391844 ], [ 76.113929700795154, 31.419302714149126 ], [ 76.086454523757311, 31.406321662314951 ], [ 76.029322245325375, 31.403982832341853 ], [ 76.019119974507191, 31.417860412028517 ], [ 76.000030999830869, 31.422937000442346 ], [ 75.999375577520993, 31.438604513387645 ], [ 75.978866430341668, 31.443700848215599 ], [ 75.976387811548307, 31.457733341520736 ] ] ] } },
{ "type": "Feature", "properties": { "pincode": "146103", "state": "Punjab", "district": "Hoshiarpur", "officename": "Bham", "officetype": "S.O" }, "geometry": { "type": "Polygon", "coordinates": [ [ [ 75.959622250666484, 31.348392049453594 ], [ 75.920319869966136, 31.361323182618776 ], [ 75.917633050025358, 31.371873153823117 ], [ 75.938393000136898, 31.383313999741404 ], [ 75.949258842022005, 31.384044799627986 ], [ 75.957819370767425, 31.362396822055814 ], [ 75.97287531504378, 31.360878815904641 ], [ 75.959622250666484, 31.348392049453594 ] ] ] } },
{ "type": "Feature", "properties": { "pincode": "146104", "state": "Punjab", "district": "Hoshiarpur", "officename": "Bihala", "officetype": "S.O" }, "geometry": { "type": "Polygon", "coordinates": [ [ [ 75.906806916805806, 31.424642451388138 ], [ 75.904299418983101, 31.436203750702646 ], [ 75.940264852641008, 31.460979190837122 ], [ 75.929015938235011, 31.480910813183527 ], [ 75.939604230450982, 31.48850269024706 ], [ 75.972687740746721, 31.474860432562991 ], [ 75.988266824254595, 31.476329569554082 ], [ 75.976387811548307, 31.457733341520736 ], [ 75.978866430341668, 31.443700848215599 ], [ 75.999375577520993, 31.438604513387645 ], [ 75.991073999565629, 31.403537999778905 ], [ 75.973784999977909, 31.410254000122166 ], [ 75.964576999828864, 31.406272999998976 ], [ 75.960113999961266, 31.390778999551173 ], [ 75.938393000136898, 31.383313999741404 ], [ 75.927333020702349, 31.42432384317101 ], [ 75.906806916805806, 31.424642451388138 ] ] ] } },
{ "type": "Feature", "properties": { "pincode": "146105", "state": "Punjab", "district": "Hoshiarpur", "officename": "Mahilpur", "officetype": "S.O" }, "geometry": { "type": "Polygon", "coordinates": [ [ [ 76.019505835825726, 31.39692670030712 ], [ 76.037175468972748, 31.399716782203825 ], [ 76.032750533810145, 31.389746898001022 ], [ 76.044015021775976, 31.390389870096499 ], [ 76.037481768169073, 31.378898495769022 ], [ 76.047830175222487, 31.366198681723972 ], [ 76.068862865429026, 31.363639117651303 ], [ 76.046318092905722, 31.335004118245536 ], [ 76.021511315894486, 31.356113560192682 ], [ 76.029702053307233, 31.376050581169409 ], [ 76.019505835825726, 31.39692670030712 ] ] ] } },
{ "type": "Feature", "properties": { "pincode": "146106", "state": "Punjab", "district": "Hoshiarpur", "officename": "Nangal Kalan", "officetype": "S.O" }, "geometry": { "type": "Polygon", "coordinates": [ [ [ 75.981274701466418, 31.320676659000583 ], [ 75.981427252565823, 31.339838807914759 ], [ 76.00409774401561, 31.34153464600729 ], [ 76.02238161412032, 31.355558513914389 ], [ 76.032608278149723, 31.347086462270511 ], [ 76.017167203703423, 31.330407784891406 ], [ 75.981274701466418, 31.320676659000583 ] ] ] } },
{ "type": "Feature", "properties": { "pincode": "146108", "state": "Punjab", "district": "Hoshiarpur", "officename": "Sarhala Kalan", "officetype": "S.O" }, "geometry": { "type": "Polygon", "coordinates": [ [ [ 75.93315522803141, 31.307383238445823 ], [ 75.922511861333419, 31.332717600037313 ], [ 75.971575073430927, 31.360594211054035 ], [ 75.981679347823729, 31.359747698097976 ], [ 75.995740593353844, 31.341826839337273 ], [ 75.981427252565823, 31.339838807914759 ], [ 75.968363606095636, 31.326740460204121 ], [ 75.971275836610687, 31.309792548287589 ], [ 75.9460575900859, 31.308772686510338 ], [ 75.939399258768844, 31.294821076431731 ], [ 75.931976672785311, 31.295172298562932 ], [ 75.93315522803141, 31.307383238445823 ] ] ] } },
{ "type": "Feature", "properties": { "pincode": "146109", "state": "Punjab", "district": "Hoshiarpur", "officename": "Tuto Mazara", "officetype": "S.O" }, "geometry": { "type": "Polygon", "coordinates": [ [ [ 76.020727828326699, 31.312586072789088 ], [ 76.014758616916708, 31.329572743687265 ], [ 76.032608278149723, 31.347086462270511 ], [ 76.046318092905722, 31.335004118245536 ], [ 76.062715027077047, 31.349210996390525 ], [ 76.060006826653819, 31.354980736371999 ], [ 76.080968783382787, 31.354062522267782 ], [ 76.104940083917768, 31.365366720697693 ], [ 76.121071905144504, 31.328472643497832 ], [ 76.103385335964617, 31.317624312312262 ], [ 76.08458406969919, 31.317821083076581 ], [ 76.086723671060668, 31.309006527329416 ], [ 76.062322374078406, 31.294662951334203 ], [ 76.044274860196822, 31.296812726726046 ], [ 76.029779394103741, 31.279072699145786 ], [ 76.019153843874733, 31.284872110459617 ], [ 76.020727828326699, 31.312586072789088 ] ] ] } },
{ "type": "Feature", "properties": { "pincode": "146110", "state": "Punjab", "district": "Hoshiarpur", "officename": "Kot Abdul Khaliq", "officetype": "S.O" }, "geometry": { "type": "Polygon", "coordinates": [ [ [ 76.027265243995942, 31.505377811037192 ], [ 76.000790188616293, 31.492009797114576 ], [ 75.977975378461053, 31.493418741581763 ], [ 75.972309059615441, 31.496066379859656 ], [ 75.986407964256216, 31.499882786961109 ], [ 76.005669643839099, 31.523202519680694 ], [ 75.98111565366446, 31.512367014626079 ], [ 75.972782028367988, 31.51908555375536 ], [ 75.987122812867597, 31.536933271553437 ], [ 76.010321848474632, 31.539388289438079 ], [ 76.074124611661546, 31.567434210420458 ], [ 76.095751578372699, 31.538261451504866 ], [ 76.052755763867538, 31.504936772714018 ], [ 76.027265243995942, 31.505377811037192 ] ] ] } },
{ "type": "Feature", "properties": { "pincode": "146111", "state": "Punjab", "district": "Hoshiarpur", "officename": "Purhiran", "officetype": "S.O" }, "geometry": { "type": "Polygon", "coordinates": [ [ [ 75.853692411775512, 31.472700455261986 ], [ 75.884365817228797, 31.474496831263878 ], [ 75.86505323601807, 31.482498499706026 ], [ 75.873835365809668, 31.494987604394623 ], [ 75.912252005126106, 31.49027764169989 ], [ 75.916721936968031, 31.499984590216684 ], [ 75.94101367224323, 31.463246323259398 ], [ 75.887769607281598, 31.428784651390686 ], [ 75.884250866784214, 31.453175755456812 ], [ 75.872164816653026, 31.46343257465378 ], [ 75.870845978858881, 31.456063558586379 ], [ 75.860843844068256, 31.458890656578717 ], [ 75.853692411775512, 31.472700455261986 ] ] ] } },
{ "type": "Feature", "properties": { "pincode": "146112", "state": "Punjab", "district": "Hoshiarpur", "officename": "Rajpur Bhayan", "officetype": "S.O" }, "geometry": { "type": "Polygon", "coordinates": [ [ [ 75.847978164460869, 31.404304144820514 ], [ 75.874558335299071, 31.428268205813197 ], [ 75.903687944742956, 31.436708166049129 ], [ 75.906806916805806, 31.424642451388138 ], [ 75.927333020702349, 31.42432384317101 ], [ 75.938393000136898, 31.383313999741404 ], [ 75.91702999973478, 31.371686999555493 ], [ 75.895691000439399, 31.373021999965431 ], [ 75.878592999767193, 31.356123000376272 ], [ 75.858299000098896, 31.351320000117937 ], [ 75.851715000447143, 31.369016999634937 ], [ 75.86618029518462, 31.395425676054117 ], [ 75.847978164460869, 31.404304144820514 ] ] ] } },
{ "type": "Feature", "properties": { "pincode": "146113", "state": "Punjab", "district": "Hoshiarpur", "officename": "Bulhowal", "officetype": "S.O" }, "geometry": { "type": "Polygon", "coordinates": [ [ [ 75.720562022719207, 31.621845742886819 ], [ 75.744713941295402, 31.625168195555887 ], [ 75.748125389075483, 31.631018382592345 ], [ 75.731076332206953, 31.642696014609498 ], [ 75.742923615932227, 31.654335899382318 ], [ 75.785897748682146, 31.64370605219267 ], [ 75.803347967035165, 31.605354352921154 ], [ 75.830440612044526, 31.607556491339096 ], [ 75.834978111750445, 31.587701410291913 ], [ 75.82238003171318, 31.579497898009777 ], [ 75.827393794388229, 31.566111929122314 ], [ 75.80014148284323, 31.553088305181291 ], [ 75.796929494800395, 31.57302743596739 ], [ 75.788881214496485, 31.569773922628428 ], [ 75.771641187490843, 31.592870931948141 ], [ 75.736148268427883, 31.598562745674258 ], [ 75.720562022719207, 31.621845742886819 ] ] ] } },
{ "type": "Feature", "properties": { "pincode": "146114", "state": "Punjab", "district": "Hoshiarpur", "officename": "Nandachaur", "officetype": "S.O" }, "geometry": { "type": "Polygon", "coordinates": [ [ [ 75.73844773237704, 31.552530187718105 ], [ 75.72155097839493, 31.602524364507985 ], [ 75.71308900005738, 31.604277000183515 ], [ 75.763960869298785, 31.595957327868518 ], [ 75.761114000610746, 31.589924276284535 ], [ 75.771641187490843, 31.592870931948141 ], [ 75.800945778924699, 31.563496757269547 ], [ 75.769797656436822, 31.547505806747608 ], [ 75.759895755584694, 31.560534013633912 ], [ 75.73844773237704, 31.552530187718105 ] ] ] } },
{ "type": "Feature", "properties": { "pincode": "146116", "state": "Punjab", "district": "Hoshiarpur", "officename": "Kandhala Jattan", "officetype": "S.O" }, "geometry": { "type": "Polygon", "coordinates": [ [ [ 75.547737969631669, 31.642389629078309 ], [ 75.561194191758659, 31.658147130885482 ], [ 75.641673049471763, 31.650904811308237 ], [ 75.722990136485805, 31.656411518476887 ], [ 75.725567650127061, 31.644266494403325 ], [ 75.748125389075483, 31.631018382592345 ], [ 75.72062470456649, 31.623866315378336 ], [ 75.73125499961867, 31.608071999822982 ], [ 75.71308900005738, 31.604277000183515 ], [ 75.72155097839493, 31.602524364507985 ], [ 75.715665872482134, 31.591266315688017 ], [ 75.721404030072108, 31.583715766969135 ], [ 75.705561233864046, 31.584370128079001 ], [ 75.670081999784486, 31.597379999587417 ], [ 75.670958999758113, 31.607460000378808 ], [ 75.650771999628091, 31.60626400008357 ], [ 75.640944999712076, 31.61697999962729 ], [ 75.62364200037814, 31.604685000112795 ], [ 75.603470000040488, 31.612515999713764 ], [ 75.595047000119109, 31.604843000204369 ], [ 75.576347000214128, 31.609543000209385 ], [ 75.574752999551265, 31.617538000178683 ], [ 75.568718000035688, 31.611336000156314 ], [ 75.57301300024983, 31.636297000106481 ], [ 75.556732000381544, 31.640578999721129 ], [ 75.551559000147847, 31.63473700011258 ], [ 75.547737969631669, 31.642389629078309 ] ] ] } },
{ "type": "Feature", "properties": { "pincode": "147001", "state": "Punjab", "district": "Patiala", "officename": "Patiala", "officetype": "H.O" }, "geometry": { "type": "Polygon", "coordinates": [ [ [ 76.274368000183188, 30.389026999896146 ], [ 76.312271547493992, 30.393431468287758 ], [ 76.313418726293378, 30.381484723141568 ], [ 76.346529272907731, 30.372922457805316 ], [ 76.344731262837684, 30.363621411099359 ], [ 76.351191437534908, 30.361514608912103 ], [ 76.298811531127399, 30.363395650688801 ], [ 76.299398986274184, 30.347668957856172 ], [ 76.31756584558741, 30.333890184884183 ], [ 76.314780204542842, 30.319047837687719 ], [ 76.338246846015124, 30.32074297790632 ], [ 76.322879195818302, 30.312767090329089 ], [ 76.318506067001579, 30.290197704260777 ], [ 76.341288745279371, 30.282176860473783 ], [ 76.306374170331878, 30.23162468223353 ], [ 76.309770826962335, 30.220298970221336 ], [ 76.286321049576827, 30.210205551545016 ], [ 76.266948158930518, 30.221232288439467 ], [ 76.251353985698131, 30.215611623677546 ], [ 76.262362823385843, 30.234754384107703 ], [ 76.235526999571505, 30.25602699994613 ], [ 76.211769000239201, 30.231693000131884 ], [ 76.173660000109066, 30.244316000383321 ], [ 76.167296999856831, 30.239922000100421 ], [ 76.182914999727473, 30.273440999902277 ], [ 76.197945000361585, 30.274739999551457 ], [ 76.202423000021554, 30.286487999921349 ], [ 76.235964941528835, 30.302459511597192 ], [ 76.272074073359931, 30.294053235468482 ], [ 76.274368000183188, 30.389026999896146 ] ] ] } },
{ "type": "Feature", "properties": { "pincode": "147002", "state": "Punjab", "district": "Patiala", "officename": "University(Patiala)", "officetype": "S.O" }, "geometry": { "type": "Polygon", "coordinates": [ [ [ 76.429039043517207, 30.37393114280809 ], [ 76.460679055594028, 30.375575605330141 ], [ 76.460886833160885, 30.358926137931064 ], [ 76.470216214806612, 30.353041854897754 ], [ 76.465307146707573, 30.344443265044674 ], [ 76.479663883381534, 30.333129017590181 ], [ 76.469282479303104, 30.317676660249674 ], [ 76.456864744812322, 30.325986715214867 ], [ 76.4382242512483, 30.316802464362411 ], [ 76.423363735947703, 30.321897503267337 ], [ 76.436998005853468, 30.343581960039558 ], [ 76.427967478816072, 30.352632348604175 ], [ 76.429039043517207, 30.37393114280809 ] ] ] } },
{ "type": "Feature", "properties": { "pincode": "147003", "state": "Punjab", "district": "Patiala", "officename": "Gurbax Colony", "officetype": "S.O" }, "geometry": { "type": "Polygon", "coordinates": [ [ [ 76.422690528644978, 30.340185946424526 ], [ 76.406681274221512, 30.346582741400368 ], [ 76.420997300385181, 30.360011082745416 ], [ 76.411392548127822, 30.370027282932881 ], [ 76.415824636497916, 30.376410803016256 ], [ 76.429616896602738, 30.37548428547143 ], [ 76.432131980206918, 30.367179848571141 ], [ 76.422690528644978, 30.340185946424526 ] ] ] } },
{ "type": "Feature", "properties": { "pincode": "147005", "state": "Punjab", "district": "Patiala", "officename": "Majithia Enclave", "officetype": "S.O" }, "geometry": { "type": "Polygon", "coordinates": [ [ [ 76.332423529822165, 30.338312228726409 ], [ 76.341908249566131, 30.320993275419539 ], [ 76.314780204542842, 30.319047837687719 ], [ 76.31756584558741, 30.333890184884183 ], [ 76.299398986274184, 30.347668957856172 ], [ 76.298811531127399, 30.363395650688801 ], [ 76.347911533590377, 30.358692369956998 ], [ 76.343993484212092, 30.350624327950413 ], [ 76.360112205014275, 30.349610370222535 ], [ 76.360478410750034, 30.34015627599149 ], [ 76.332423529822165, 30.338312228726409 ] ] ] } },
{ "type": "Feature", "properties": { "pincode": "147006", "state": "Punjab", "district": "Patiala", "officename": "Prem Nagar", "officetype": "S.O" }, "geometry": { "type": "Polygon", "coordinates": [ [ [ 76.361165914575281, 30.360519320210472 ], [ 76.348420703652721, 30.374501834592024 ], [ 76.315227701797198, 30.380197012682231 ], [ 76.312271547493992, 30.393431468287758 ], [ 76.279361125215928, 30.388508507461779 ], [ 76.269309999856716, 30.394941000127233 ], [ 76.277824000377507, 30.411336999902687 ], [ 76.295150999918803, 30.408431999936965 ], [ 76.339211000187618, 30.45508800031098 ], [ 76.35844575676623, 30.459180489388075 ], [ 76.380417385953592, 30.476575756466048 ], [ 76.393186103356129, 30.446713728356031 ], [ 76.377107169460487, 30.429179116722935 ], [ 76.392510387844311, 30.406852414507398 ], [ 76.378232613444538, 30.400657173789625 ], [ 76.390470023972512, 30.386581536408812 ], [ 76.367316404128871, 30.373259872645235 ], [ 76.369406689367281, 30.364916864721579 ], [ 76.361165914575281, 30.360519320210472 ] ] ] } },
{ "type": "Feature", "properties": { "pincode": "147021", "state": "Punjab", "district": "Patiala", "officename": "Guruteghbahadurgarh", "officetype": "S.O" }, "geometry": { "type": "Polygon", "coordinates": [ [ [ 76.377107169460487, 30.429179116722935 ], [ 76.392063154091318, 30.442226553812418 ], [ 76.384883585609032, 30.46729473766203 ], [ 76.391773408715892, 30.473613238560176 ], [ 76.410446251793189, 30.448985637976989 ], [ 76.424934935199133, 30.461761047234575 ], [ 76.43393186716213, 30.442141523812325 ], [ 76.447005999727139, 30.44826699962249 ], [ 76.462074000314999, 30.43402300016146 ], [ 76.480758600229365, 30.433068890517006 ], [ 76.484357935270623, 30.400684237087887 ], [ 76.459420235855248, 30.402794161721317 ], [ 76.450674864053781, 30.390464683998061 ], [ 76.43236732379313, 30.395678956818529 ], [ 76.416030289866171, 30.38640340409404 ], [ 76.416229988823147, 30.396435714736526 ], [ 76.39989299176824, 30.401742886624959 ], [ 76.390470023972512, 30.386581536408812 ], [ 76.378232613444538, 30.400657173789625 ], [ 76.392510387844311, 30.406852414507398 ], [ 76.377107169460487, 30.429179116722935 ] ] ] } },
{ "type": "Feature", "properties": { "pincode": "147102", "state": "Punjab", "district": "Patiala", "officename": "Ghagga", "officetype": "S.O" }, "geometry": { "type": "Polygon", "coordinates": [ [ [ 76.018744650545216, 29.984897720353729 ], [ 76.005141999903628, 30.003681000178233 ], [ 76.018196000245439, 30.011993000376776 ], [ 76.014052999846172, 30.0224549998984 ], [ 76.036629000428206, 30.035686000308715 ], [ 76.034102999953632, 30.045732000431485 ], [ 76.052109000230189, 30.056768000343141 ], [ 76.046660999905384, 30.061339999841209 ], [ 76.057715999793686, 30.07385100032343 ], [ 76.068397999568219, 30.06292500008874 ], [ 76.090782000289266, 30.063798999924074 ], [ 76.085823000031553, 30.073534000094128 ], [ 76.104705906752258, 30.107701645814529 ], [ 76.11879377761079, 30.106604838042983 ], [ 76.139570667352586, 30.11970116137968 ], [ 76.144165704783518, 30.110802357143086 ], [ 76.17154887847812, 30.123661636275642 ], [ 76.172527432595132, 30.116503061567187 ], [ 76.183696681456922, 30.116720099453119 ], [ 76.184369088362928, 30.100250891265716 ], [ 76.229200856234684, 30.09905277756377 ], [ 76.230019038747685, 30.08734511088818 ], [ 76.205651454651047, 30.082729908858369 ], [ 76.215015082480079, 30.068418909005516 ], [ 76.231708255132048, 30.0628912161568 ], [ 76.209427000156097, 30.032696000020621 ], [ 76.226944000365393, 30.023550000032515 ], [ 76.201652999586372, 30.008937999788941 ], [ 76.215202000272086, 29.940488999867569 ], [ 76.19023099986083, 29.942680000181895 ], [ 76.179608223141031, 29.956854352546429 ], [ 76.156089837376328, 29.964087858767812 ], [ 76.158018374148696, 29.953588875526236 ], [ 76.143400440178425, 29.959811872020396 ], [ 76.123342032308983, 29.94846406366571 ], [ 76.123031556661147, 29.960318838743547 ], [ 76.097428968672091, 29.953089867803271 ], [ 76.074630872417004, 29.984441956531157 ], [ 76.018744650545216, 29.984897720353729 ] ] ] } },
{ "type": "Feature", "properties": { "pincode": "147103", "state": "Punjab", "district": "Patiala", "officename": "Sanaur", "officetype": "S.O" }, "geometry": { "type": "Polygon", "coordinates": [ [ [ 76.420554315029733, 30.288076457162788 ], [ 76.439061444530125, 30.317477954144408 ], [ 76.456864744812322, 30.325986715214867 ], [ 76.469282479303104, 30.317676660249674 ], [ 76.479459606875423, 30.334361517769935 ], [ 76.490685872755023, 30.335028072787338 ], [ 76.515713454012939, 30.323725823188227 ], [ 76.516426000359843, 30.310742999689808 ], [ 76.532822000135127, 30.315140000111001 ], [ 76.557174999926474, 30.300924000142516 ], [ 76.582512000128929, 30.299373999710497 ], [ 76.56711861313363, 30.280769564463924 ], [ 76.594950256249433, 30.27856202741583 ], [ 76.607259005498804, 30.267371207415522 ], [ 76.55983000005449, 30.261047000319024 ], [ 76.558121000384006, 30.239657999617236 ], [ 76.545036000411017, 30.228209000445077 ], [ 76.481130724403329, 30.24029680785145 ], [ 76.459514987526688, 30.226663863546491 ], [ 76.458262464840914, 30.2381877645538 ], [ 76.436122460083538, 30.258917753751518 ], [ 76.437802593315212, 30.2747286348187 ], [ 76.420554315029733, 30.288076457162788 ] ] ] } },
{ "type": "Feature", "properties": { "pincode": "147104", "state": "Punjab", "district": "Fatehgarh Sahib", "officename": "Chinarthal Kalan", "officetype": "S.O" }, "geometry": { "type": "Polygon", "coordinates": [ [ [ 76.312346999714464, 30.55501200020376 ], [ 76.324854103434234, 30.56344489176854 ], [ 76.343651365918049, 30.552117303770615 ], [ 76.357850304847886, 30.555972236029902 ], [ 76.381892807407212, 30.528788589521923 ], [ 76.36989246356643, 30.500625038115174 ], [ 76.34806409997833, 30.524941441794226 ], [ 76.313361999756523, 30.546521999890501 ], [ 76.312346999714464, 30.55501200020376 ] ] ] } },
{ "type": "Feature", "properties": { "pincode": "147105", "state": "Punjab", "district": "Patiala", "officename": "Patran", "officetype": "S.O" }, "geometry": { "type": "Polygon", "coordinates": [ [ [ 75.96450475998688, 29.890959446121713 ], [ 75.93797906558143, 29.901044926482257 ], [ 75.931729923996784, 29.907587661641401 ], [ 75.936511418767054, 29.915509758968369 ], [ 75.954048680702158, 29.921328401384585 ], [ 75.965272537297778, 29.914338145589056 ], [ 75.971892583575823, 29.932828592665487 ], [ 75.97228258447393, 29.916350188910144 ], [ 75.982657999966875, 29.906914000181132 ], [ 75.991271999703145, 29.94745400000221 ], [ 76.016059999769425, 29.944095999830608 ], [ 76.028976000042462, 29.957028999988381 ], [ 76.018744650545216, 29.984897720353729 ], [ 76.074630872417004, 29.984441956531157 ], [ 76.097428968672091, 29.953089867803271 ], [ 76.123031556661147, 29.960318838743547 ], [ 76.123342032308983, 29.94846406366571 ], [ 76.143400440178425, 29.959811872020396 ], [ 76.158018374148696, 29.953588875526236 ], [ 76.156089837376328, 29.964087858767812 ], [ 76.179608223141031, 29.956854352546429 ], [ 76.19023099986083, 29.942680000181895 ], [ 76.177535999886516, 29.925076999603959 ], [ 76.193274999941423, 29.919626000039898 ], [ 76.195854000162115, 29.884941000426977 ], [ 76.236541999613735, 29.881358999817962 ], [ 76.25325000028738, 29.86529199992583 ], [ 76.239699999555455, 29.850802999958546 ], [ 76.222939000034899, 29.849445000286551 ], [ 76.222260000198958, 29.83951800025568 ], [ 76.205321999710577, 29.841283999856842 ], [ 76.177734000024088, 29.814658999613187 ], [ 76.150313999991226, 29.813128000057247 ], [ 76.127379999987056, 29.792800999766428 ], [ 76.101554999763607, 29.807267999618546 ], [ 76.122283999707008, 29.835883999946816 ], [ 76.122963000442269, 29.856447000328728 ], [ 76.067977999984805, 29.842748999966489 ], [ 76.06019599994562, 29.86842300042133 ], [ 76.041083999926741, 29.87599199963114 ], [ 76.027397000071687, 29.867819000446673 ], [ 76.019753000100877, 29.89104999975774 ], [ 75.9835459383944, 29.904130154183292 ], [ 75.96450475998688, 29.890959446121713 ] ] ] } },
{ "type": "Feature", "properties": { "pincode": "147111", "state": "Punjab", "district": "Patiala", "officename": "Devigarh", "officetype": "S.O" }, "geometry": { "type": "Polygon", "coordinates": [ [ [ 76.396562806728298, 30.197038987559438 ], [ 76.396393012927433, 30.203697918723947 ], [ 76.408835012925692, 30.201297207300343 ], [ 76.4117414059412, 30.208738649369309 ], [ 76.399762183577991, 30.217300173664171 ], [ 76.39613568271551, 30.233343554661531 ], [ 76.421715078088425, 30.224573955124129 ], [ 76.428036911874131, 30.233177999365296 ], [ 76.439265788485386, 30.223522421922326 ], [ 76.446821244804823, 30.247052200299038 ], [ 76.458262464840914, 30.2381877645538 ], [ 76.459514987526688, 30.226663863546491 ], [ 76.481130724403329, 30.24029680785145 ], [ 76.544631999767091, 30.223251000233631 ], [ 76.596207000352933, 30.25260000019 ], [ 76.62416800015302, 30.226997000311371 ], [ 76.616401999952416, 30.211188999772617 ], [ 76.644958000211602, 30.20599400032296 ], [ 76.654113999761421, 30.189637999694071 ], [ 76.634816799655653, 30.166420177249506 ], [ 76.635323000156404, 30.145346000417646 ], [ 76.545485999579284, 30.078793999843128 ], [ 76.512938999635253, 30.072686999705354 ], [ 76.50264699985928, 30.093229000018425 ], [ 76.460922000250264, 30.100937000242482 ], [ 76.45834400007567, 30.133293000371793 ], [ 76.443221999695595, 30.136903999620017 ], [ 76.434143000099539, 30.154919000311736 ], [ 76.440933000257928, 30.169212000233699 ], [ 76.431968999669721, 30.194132000091827 ], [ 76.396562806728298, 30.197038987559438 ] ] ] } },
{ "type": "Feature", "properties": { "pincode": "147201", "state": "Punjab", "district": "Patiala", "officename": "Nabha", "officetype": "S.O" }, "geometry": { "type": "Polygon", "coordinates": [ [ [ 75.994820837811517, 30.336822143827021 ], [ 75.985023000211413, 30.360779000350647 ], [ 75.99265300043578, 30.370550000382309 ], [ 76.008864999819991, 30.364094000337843 ], [ 76.015433999679431, 30.381880000361775 ], [ 76.023200999926303, 30.378908000004287 ], [ 76.035843000154443, 30.400079999692309 ], [ 76.031470999986709, 30.407799000423722 ], [ 76.05300900036508, 30.421086999865281 ], [ 76.048690999989844, 30.43365700037026 ], [ 76.089560999740399, 30.455743999985657 ], [ 76.063292999772329, 30.487961000000269 ], [ 76.07981900014687, 30.501892000315593 ], [ 76.090702149484684, 30.533131535292227 ], [ 76.108102899729147, 30.523378640412034 ], [ 76.116296185820488, 30.537048326519198 ], [ 76.125937342634359, 30.538380209878881 ], [ 76.138041801887823, 30.522721746811214 ], [ 76.131565687606496, 30.514251604428182 ], [ 76.142197362218667, 30.50483464050626 ], [ 76.134892482202417, 30.495668689958222 ], [ 76.17492578329842, 30.471334537259111 ], [ 76.171776818845331, 30.465159748024007 ], [ 76.131915102999642, 30.486062303632536 ], [ 76.119180757685967, 30.481903714384998 ], [ 76.12538836677993, 30.460355190140035 ], [ 76.117358445236221, 30.448407346921556 ], [ 76.156929913884596, 30.446081630862579 ], [ 76.172226588686215, 30.4271693999479 ], [ 76.203599925696153, 30.436354911649914 ], [ 76.220757039705688, 30.428963710207199 ], [ 76.239696624399812, 30.453408890508001 ], [ 76.220783319694533, 30.465910995795923 ], [ 76.225552660127335, 30.472456747281115 ], [ 76.270136470521948, 30.455116613141172 ], [ 76.273304579742614, 30.446700449865887 ], [ 76.260762191122296, 30.44687884298429 ], [ 76.249136340270127, 30.433701660703321 ], [ 76.279746579141431, 30.435559094376686 ], [ 76.271543865457147, 30.429749395718147 ], [ 76.281437503338339, 30.415735058825931 ], [ 76.269309999856716, 30.394941000127233 ], [ 76.274368000183188, 30.389026999896146 ], [ 76.267198421370097, 30.29127997898803 ], [ 76.235964941528835, 30.302459511597192 ], [ 76.202423000021554, 30.286487999921349 ], [ 76.18296800037291, 30.305924999638989 ], [ 76.167182999995532, 30.301533000347774 ], [ 76.167244000110713, 30.319136000026504 ], [ 76.130179999607492, 30.312628000282075 ], [ 76.109169000149336, 30.318264000283477 ], [ 76.087394999679475, 30.309024999604162 ], [ 76.066802999758806, 30.316344999922023 ], [ 76.048430999690879, 30.336786000073971 ], [ 76.020538000328543, 30.328074000314984 ], [ 75.994820837811517, 30.336822143827021 ] ] ] } },
{ "type": "Feature", "properties": { "pincode": "147202", "state": "Punjab", "district": "Patiala", "officename": "Bhadson", "officetype": "S.O" }, "geometry": { "type": "Polygon", "coordinates": [ [ [ 76.117096252390297, 30.449402257907877 ], [ 76.12538836677993, 30.460355190140035 ], [ 76.119180757685967, 30.481903714384998 ], [ 76.131915102999642, 30.486062303632536 ], [ 76.138517617893797, 30.477142908518488 ], [ 76.143772312542239, 30.482062270257586 ], [ 76.174056030061877, 30.468376784860936 ], [ 76.133990636658723, 30.497001425875226 ], [ 76.142197362218667, 30.50483464050626 ], [ 76.131565687606496, 30.514251604428182 ], [ 76.146561209132528, 30.536458639254874 ], [ 76.163645335963622, 30.536014473988871 ], [ 76.170153866307999, 30.545498174801082 ], [ 76.177918052576103, 30.540093596442375 ], [ 76.205495013983864, 30.546158100016328 ], [ 76.226426191415669, 30.567584802996407 ], [ 76.237015813728931, 30.564049127365365 ], [ 76.239494765271331, 30.545323575023076 ], [ 76.253387427487837, 30.559555044230081 ], [ 76.286476746504718, 30.538472042351032 ], [ 76.324714999897537, 30.53991299998512 ], [ 76.33384141624839, 30.496226668026395 ], [ 76.351048045131165, 30.486448551659521 ], [ 76.344895006899151, 30.479701977963884 ], [ 76.35792205455931, 30.460008370190167 ], [ 76.339211000187618, 30.45508800031098 ], [ 76.295150999918803, 30.408431999936965 ], [ 76.280715999743677, 30.412848000335032 ], [ 76.271543865457147, 30.429749395718147 ], [ 76.279746579141431, 30.435559094376686 ], [ 76.249136340270127, 30.433701660703321 ], [ 76.260762191122296, 30.44687884298429 ], [ 76.273304579742614, 30.446700449865887 ], [ 76.265699049171928, 30.461414372075581 ], [ 76.250958816396405, 30.466774429496411 ], [ 76.225552660127335, 30.472456747281115 ], [ 76.220783319694533, 30.465910995795923 ], [ 76.239696624399812, 30.453408890508001 ], [ 76.220757039705688, 30.428963710207199 ], [ 76.203599925696153, 30.436354911649914 ], [ 76.172226588686215, 30.4271693999479 ], [ 76.156929913884596, 30.446081630862579 ], [ 76.117096252390297, 30.449402257907877 ] ] ] } },
{ "type": "Feature", "properties": { "pincode": "147203", "state": "Punjab", "district": "Fatehgarh Sahib", "officename": "Amloh", "officetype": "S.O" }, "geometry": { "type": "Polygon", "coordinates": [ [ [ 76.306190590823292, 30.625220073147887 ], [ 76.293541000317077, 30.617590000078508 ], [ 76.299323999902924, 30.608372000367638 ], [ 76.290050367230833, 30.578505543096355 ], [ 76.298508000044308, 30.558149000076412 ], [ 76.312346999714464, 30.55501200020376 ], [ 76.324714999897537, 30.53991299998512 ], [ 76.286476746504718, 30.538472042351032 ], [ 76.253387427487837, 30.559555044230081 ], [ 76.239494765271331, 30.545323575023076 ], [ 76.237015813728931, 30.564049127365365 ], [ 76.226426191415669, 30.567584802996407 ], [ 76.205495013983864, 30.546158100016328 ], [ 76.177918052576103, 30.540093596442375 ], [ 76.170153866307999, 30.545498174801082 ], [ 76.163645335963622, 30.536014473988871 ], [ 76.151928818160513, 30.540854340155704 ], [ 76.137855293287259, 30.522590791132188 ], [ 76.123839238690095, 30.539550339376717 ], [ 76.108102899729147, 30.523378640412034 ], [ 76.076903999719889, 30.544809000035457 ], [ 76.088759999674323, 30.567147999580584 ], [ 76.107154999903514, 30.562234999645682 ], [ 76.113075000411072, 30.589607000163085 ], [ 76.123923999792794, 30.596418000390372 ], [ 76.115005000380506, 30.613547999840534 ], [ 76.129554999563766, 30.630004999731057 ], [ 76.151267999918446, 30.637938000438396 ], [ 76.152527000420889, 30.65303599971179 ], [ 76.167296999856831, 30.660113999661462 ], [ 76.173881999554737, 30.67794399991584 ], [ 76.182288999637819, 30.67716600001097 ], [ 76.182796962809618, 30.658468024479873 ], [ 76.195253574093215, 30.644897226925536 ], [ 76.189290091364796, 30.636216047832477 ], [ 76.20117344869584, 30.623022501487412 ], [ 76.219368131234432, 30.639237562163828 ], [ 76.254757903454674, 30.64903991975649 ], [ 76.264320099792883, 30.630663878135465 ], [ 76.280504118570263, 30.626423161000162 ], [ 76.279907403104289, 30.617522796439971 ], [ 76.306190590823292, 30.625220073147887 ] ] ] } },
{ "type": "Feature", "properties": { "pincode": "147301", "state": "Punjab", "district": "Fatehgarh Sahib", "officename": "Mandigobindgarh", "officetype": "S.O" }, "geometry": { "type": "Polygon", "coordinates": [ [ [ 76.182796962809618, 30.658468024479873 ], [ 76.198135000130208, 30.674128000207077 ], [ 76.241324999848871, 30.680184999837991 ], [ 76.272713000304918, 30.675193999903229 ], [ 76.328863317987839, 30.690213288712528 ], [ 76.29928580569549, 30.715361762235716 ], [ 76.313416000448228, 30.725528999963331 ], [ 76.327141000257086, 30.708551000328384 ], [ 76.340056999630917, 30.714313999891431 ], [ 76.350165999961121, 30.70536600004084 ], [ 76.344902000027389, 30.679461999771604 ], [ 76.327219397757119, 30.664610877889629 ], [ 76.335420256140083, 30.647260879086332 ], [ 76.345031757809522, 30.644710989920384 ], [ 76.283095563609493, 30.617605521477799 ], [ 76.277958609102711, 30.629105999642263 ], [ 76.264320099792883, 30.630663878135465 ], [ 76.254757903454674, 30.64903991975649 ], [ 76.219368131234432, 30.639237562163828 ], [ 76.20117344869584, 30.623022501487412 ], [ 76.182796962809618, 30.658468024479873 ] ] ] } },
{ "type": "Feature", "properties": { "pincode": "148001", "state": "Punjab", "district": "Sangrur", "officename": "Sangrur", "officetype": "H.O" }, "geometry": { "type": "Polygon", "coordinates": [ [ [ 75.806316580545911, 30.259511546420811 ], [ 75.803800427647786, 30.274821112104803 ], [ 75.820924268540239, 30.300882759931596 ], [ 75.838599999990095, 30.297646000062969 ], [ 75.857280592525512, 30.309019943615624 ], [ 75.85539705512997, 30.291007567145641 ], [ 75.86577046963157, 30.276883887081908 ], [ 75.857326832067656, 30.271294643732858 ], [ 75.869864948009081, 30.24376898055408 ], [ 75.839155453661419, 30.228043401082232 ], [ 75.820834512602801, 30.228555624342675 ], [ 75.822188975241204, 30.240743205234878 ], [ 75.806316580545911, 30.259511546420811 ] ] ] } },
{ "type": "Feature", "properties": { "pincode": "148002", "state": "Punjab", "district": "Sangrur", "officename": "H R Sangrur", "officetype": "S.O" }, "geometry": { "type": "Polygon", "coordinates": [ [ [ 75.726401999752738, 30.278901999927484 ], [ 75.673957999562163, 30.289673000208836 ], [ 75.657220019088697, 30.317753742041646 ], [ 75.698900022018449, 30.324738678347444 ], [ 75.71626744878381, 30.301474666722584 ], [ 75.749504000309344, 30.288764999705052 ], [ 75.791317251290252, 30.300436042389549 ], [ 75.793154018543248, 30.272813605863348 ], [ 75.808848016522802, 30.269657485504695 ], [ 75.806316580545911, 30.259511546420811 ], [ 75.822188975241204, 30.240743205234878 ], [ 75.820834512602801, 30.228555624342675 ], [ 75.834471951719422, 30.227073797018193 ], [ 75.869864948009081, 30.24376898055408 ], [ 75.857326832067656, 30.271294643732858 ], [ 75.86577046963157, 30.276883887081908 ], [ 75.85539705512997, 30.291007567145641 ], [ 75.857280592525512, 30.309019943615624 ], [ 75.864141287490554, 30.312275644105796 ], [ 75.904109020814758, 30.289145585600522 ], [ 75.912745056639153, 30.292868907474087 ], [ 75.910370000175476, 30.312930999865898 ], [ 75.934479000405645, 30.29853100040549 ], [ 75.956742965915225, 30.304990772206509 ], [ 75.975886590593745, 30.286713289087118 ], [ 75.967149836995475, 30.271777138104426 ], [ 75.973776378177377, 30.261641472875738 ], [ 75.932208374117238, 30.211654594084337 ], [ 75.944233255060624, 30.196480983410765 ], [ 75.935257000310457, 30.187853000116036 ], [ 75.938255000068239, 30.175259000302731 ], [ 75.956206999653432, 30.158937000342405 ], [ 75.951995999715734, 30.136816000058445 ], [ 75.939186919840722, 30.147747995173972 ], [ 75.916429407291446, 30.118366513503929 ], [ 75.878679573903185, 30.130113630739515 ], [ 75.874100000314911, 30.157959000207825 ], [ 75.848724000112611, 30.152905000065687 ], [ 75.829001999842546, 30.18433799989873 ], [ 75.818122999976424, 30.183996000315233 ], [ 75.80854799999031, 30.167242000218323 ], [ 75.783050999604086, 30.175531000255603 ], [ 75.771551821859134, 30.16586564088675 ], [ 75.745360384774074, 30.199826067518984 ], [ 75.721482941084957, 30.193484856041323 ], [ 75.715225206478181, 30.236731422217474 ], [ 75.698663167571283, 30.244230125020351 ], [ 75.724959999804298, 30.26640700018288 ], [ 75.726401999752738, 30.278901999927484 ] ] ] } },
{ "type": "Feature", "properties": { "pincode": "148017", "state": "Punjab", "district": "Sangrur", "officename": "Bhalwan", "officetype": "S.O" }, "geometry": { "type": "Polygon", "coordinates": [ [ [ 75.911674000055086, 30.310626999736371 ], [ 75.911896000400134, 30.344325999745138 ], [ 75.89255510853144, 30.341801123423238 ], [ 75.877749503137181, 30.354973030281315 ], [ 75.900179215498383, 30.375789710526817 ], [ 75.926499642344766, 30.384719150168735 ], [ 75.925477767884672, 30.397870084836541 ], [ 75.947789365986523, 30.395858040616076 ], [ 75.959366112955763, 30.409732205576972 ], [ 75.983108827410547, 30.418618966092538 ], [ 75.997258056314422, 30.412614702706492 ], [ 75.990639587447106, 30.383118557475484 ], [ 75.964964916097927, 30.365779299275403 ], [ 75.977543575275831, 30.34301872003789 ], [ 75.988811540020606, 30.348949819078939 ], [ 75.990653999982271, 30.34319699984178 ], [ 75.985249824519713, 30.334200770249424 ], [ 75.971288041310174, 30.337583659158668 ], [ 75.963882000154172, 30.330040000146028 ], [ 75.961688997949125, 30.311442547235913 ], [ 75.983217468211592, 30.295198646200618 ], [ 75.975886590593745, 30.286713289087118 ], [ 75.956228072567512, 30.305237864536025 ], [ 75.934479000405645, 30.29853100040549 ], [ 75.911674000055086, 30.310626999736371 ] ] ] } },
{ "type": "Feature", "properties": { "pincode": "148019", "state": "Punjab", "district": "Sangrur", "officename": "Jitwal Kalan", "officetype": "S.O" }, "geometry": { "type": "Polygon", "coordinates": [ [ [ 75.83820528484614, 30.588978493662694 ], [ 75.85687308902186, 30.617839198620175 ], [ 75.855323361084231, 30.628572511012635 ], [ 75.873811249589721, 30.636767193751041 ], [ 75.895812999770214, 30.605586999640536 ], [ 75.912040999892383, 30.608571999698142 ], [ 75.917928381989441, 30.591369314342444 ], [ 75.911339925297398, 30.579673242626143 ], [ 75.881887527587537, 30.567137983830946 ], [ 75.881280086806669, 30.555868090939839 ], [ 75.859653283772218, 30.554396858528378 ], [ 75.873911324348342, 30.569295999710675 ], [ 75.854609730154948, 30.587690038564517 ], [ 75.83820528484614, 30.588978493662694 ] ] ] } },
{ "type": "Feature", "properties": { "pincode": "148020", "state": "Punjab", "district": "Sangrur", "officename": "Sandhaur", "officetype": "S.O" }, "geometry": { "type": "Polygon", "coordinates": [ [ [ 75.658278999576169, 30.534105000145814 ], [ 75.685351835219194, 30.607945433934788 ], [ 75.71473424229157, 30.607966112046597 ], [ 75.725864059478909, 30.620753906767334 ], [ 75.731276997935083, 30.615779999347524 ], [ 75.740424998015385, 30.628808999435762 ], [ 75.762755998090995, 30.637753000000998 ], [ 75.790291023212319, 30.622195219633738 ], [ 75.790053238865937, 30.597258998703978 ], [ 75.815631921975694, 30.599130894375378 ], [ 75.781896398699985, 30.570711797911315 ], [ 75.798549843800402, 30.562612989198271 ], [ 75.785657984028887, 30.523639980700693 ], [ 75.791637043015271, 30.501332242489184 ], [ 75.760627144527348, 30.477533762872838 ], [ 75.727596396556578, 30.486152021798375 ], [ 75.721786378638626, 30.5035292250937 ], [ 75.683035003562679, 30.51198709352974 ], [ 75.658278999576169, 30.534105000145814 ] ] ] } },
{ "type": "Feature", "properties": { "pincode": "148021", "state": "Punjab", "district": "Sangrur", "officename": "Ahmedgarh s.O", "officetype": "S.O" }, "geometry": { "type": "Polygon", "coordinates": [ [ [ 75.765677999739978, 30.656074999561554 ], [ 75.770324999998877, 30.672202999568924 ], [ 75.784774999966316, 30.671290999779785 ], [ 75.785682999570895, 30.65925399957257 ], [ 75.817496999886828, 30.664278000129627 ], [ 75.836219999953073, 30.687796000085484 ], [ 75.853553999817336, 30.670571999897959 ], [ 75.880783000035649, 30.675009000365264 ], [ 75.897575000086192, 30.654035999961479 ], [ 75.896628999628831, 30.646428999898546 ], [ 75.855323361084231, 30.628572511012635 ], [ 75.85687308902186, 30.617839198620175 ], [ 75.838330354462528, 30.588992019466275 ], [ 75.803581942752544, 30.580237169709676 ], [ 75.815631921975694, 30.599130894375378 ], [ 75.790053238865937, 30.597258998703978 ], [ 75.789489999763816, 30.623197999688102 ], [ 75.800163000022508, 30.631443000394313 ], [ 75.781173999380599, 30.643122000280073 ], [ 75.775680998779194, 30.657691999486303 ], [ 75.765677999739978, 30.656074999561554 ] ] ] } },
{ "type": "Feature", "properties": { "pincode": "148022", "state": "Punjab", "district": "Sangrur", "officename": "Amargarh (Sangrur)", "officetype": "S.O" }, "geometry": { "type": "Polygon", "coordinates": [ [ [ 75.957659520770335, 30.406687813391898 ], [ 75.92319356453163, 30.42908817547908 ], [ 75.961561537035493, 30.450446796182803 ], [ 75.973111993223938, 30.485993337322668 ], [ 76.010794174211924, 30.511947845316854 ], [ 76.02527247584419, 30.505736348453866 ], [ 76.04287609965229, 30.524299246712928 ], [ 76.02809580387833, 30.53117742719661 ], [ 76.029286517059177, 30.535467029679751 ], [ 76.066330878167548, 30.550369165604479 ], [ 76.056949564271008, 30.55986822144132 ], [ 76.067855999754613, 30.579923999692994 ], [ 76.068764000258568, 30.565918000415479 ], [ 76.083588000386101, 30.56179199990089 ], [ 76.076903999719889, 30.544809000035457 ], [ 76.089248999741585, 30.530676000297319 ], [ 76.07981900014687, 30.501892000315593 ], [ 76.063216999864835, 30.482405000090921 ], [ 76.089560999740399, 30.455743999985657 ], [ 76.048690999989844, 30.43365700037026 ], [ 76.05300900036508, 30.421086999865281 ], [ 76.031470999986709, 30.407799000423722 ], [ 76.035843000154443, 30.400079999692309 ], [ 76.023200999926303, 30.378908000004287 ], [ 76.015433999679431, 30.381880000361775 ], [ 76.008864999819991, 30.364094000337843 ], [ 75.985925343080282, 30.374960406997332 ], [ 75.997258056314422, 30.412614702706492 ], [ 75.983108827410547, 30.418618966092538 ], [ 75.957659520770335, 30.406687813391898 ] ] ] } },
{ "type": "Feature", "properties": { "pincode": "148023", "state": "Punjab", "district": "Sangrur", "officename": "Malerkotla", "officetype": "S.O" }, "geometry": { "type": "Polygon", "coordinates": [ [ [ 75.781896398699985, 30.570711797911315 ], [ 75.791275223273146, 30.582266985433193 ], [ 75.854609730154948, 30.587690038564517 ], [ 75.873911324348342, 30.569295999710675 ], [ 75.859653283772218, 30.554396858528378 ], [ 75.881280086806669, 30.555868090939839 ], [ 75.881887527587537, 30.567137983830946 ], [ 75.911339925297398, 30.579673242626143 ], [ 75.917928381989441, 30.591369314342444 ], [ 75.912040999892383, 30.608571999698142 ], [ 75.925819000346678, 30.605510999732985 ], [ 75.930946000257904, 30.595715000347127 ], [ 75.923515000217151, 30.588631000120699 ], [ 75.93769799956317, 30.568980999573625 ], [ 75.95751999994809, 30.576121999730674 ], [ 75.962707999974441, 30.587647999755461 ], [ 76.003624000047637, 30.602230000414181 ], [ 76.007071999872892, 30.61093699994268 ], [ 76.028037999953824, 30.61486200018129 ], [ 76.035530000109532, 30.589242999564874 ], [ 76.062485000282607, 30.58014099980744 ], [ 76.056949564271008, 30.55986822144132 ], [ 76.066330878167548, 30.550369165604479 ], [ 76.029286517059177, 30.535467029679751 ], [ 76.04287609965229, 30.524299246712928 ], [ 76.02527247584419, 30.505736348453866 ], [ 76.010794174211924, 30.511947845316854 ], [ 75.973111993223938, 30.485993337322668 ], [ 75.963841354395072, 30.4570677121053 ], [ 75.931586200642698, 30.479934705422522 ], [ 75.900751973924457, 30.446741556077995 ], [ 75.887169867395585, 30.452117884033271 ], [ 75.867959971675418, 30.435323902776076 ], [ 75.834928848687525, 30.443107216724798 ], [ 75.818077181316994, 30.4302029660941 ], [ 75.803321798562251, 30.443137660574735 ], [ 75.805321070610944, 30.488777657263142 ], [ 75.786457685474033, 30.507730385548996 ], [ 75.798549843800402, 30.562612989198271 ], [ 75.781896398699985, 30.570711797911315 ] ] ] } },
{ "type": "Feature", "properties": { "pincode": "148024", "state": "Punjab", "district": "Sangrur", "officename": "Sr Dhuri", "officetype": "S.O" }, "geometry": { "type": "Polygon", "coordinates": [ [ [ 75.900179215498383, 30.375789710526817 ], [ 75.865442609189131, 30.344910080635827 ], [ 75.851048076707627, 30.355881440876033 ], [ 75.818417165519918, 30.337833274086506 ], [ 75.737353994891066, 30.347499364604232 ], [ 75.733878187128767, 30.335109933576632 ], [ 75.711373441631224, 30.334580686149934 ], [ 75.696023626789099, 30.324793442563532 ], [ 75.657220019088697, 30.317753742041646 ], [ 75.654076000007535, 30.327175000226077 ], [ 75.686889999673838, 30.351344999672222 ], [ 75.678360000213956, 30.356807999789396 ], [ 75.679413000209991, 30.372929000373233 ], [ 75.668182000299112, 30.37780999973188 ], [ 75.701193177223388, 30.375243393068331 ], [ 75.699033822253341, 30.364378504464582 ], [ 75.7083591029903, 30.355072250684032 ], [ 75.726030061738129, 30.361583891783425 ], [ 75.715723047780614, 30.386009150302129 ], [ 75.741568705431632, 30.402740408343163 ], [ 75.737196307763327, 30.413133156470167 ], [ 75.783086741360137, 30.441044770000303 ], [ 75.807870326654381, 30.440068257344308 ], [ 75.818077181316994, 30.4302029660941 ], [ 75.839481809537972, 30.443623783710791 ], [ 75.867959971675418, 30.435323902776076 ], [ 75.887169867395585, 30.452117884033271 ], [ 75.903584131502612, 30.448434876968065 ], [ 75.932590733475593, 30.47987218185574 ], [ 75.963841354395072, 30.4570677121053 ], [ 75.922736820447824, 30.427080419226058 ], [ 75.937664399992229, 30.424131812932899 ], [ 75.956989937735443, 30.405071083263977 ], [ 75.941840710380575, 30.393765968424873 ], [ 75.925477767884672, 30.397870084836541 ], [ 75.926499642344766, 30.384719150168735 ], [ 75.900179215498383, 30.375789710526817 ] ] ] } },
{ "type": "Feature", "properties": { "pincode": "148025", "state": "Punjab", "district": "Barnala, Sangrur", "officename": "Sherpur", "officetype": "S.O" }, "geometry": { "type": "Polygon", "coordinates": [ [ [ 75.620089344647624, 30.437070763005522 ], [ 75.599819217482946, 30.445632075060189 ], [ 75.587131877034665, 30.469394244548823 ], [ 75.594364451558306, 30.502911099467838 ], [ 75.607532375318954, 30.512026793202097 ], [ 75.629225047398222, 30.503206630182035 ], [ 75.641900165160678, 30.518331805168827 ], [ 75.642600595840918, 30.508913436506077 ], [ 75.663455064699519, 30.495594757592016 ], [ 75.683035003562679, 30.51198709352974 ], [ 75.721786378638626, 30.5035292250937 ], [ 75.722968549159191, 30.490481035271614 ], [ 75.743552812212727, 30.477938709603734 ], [ 75.764669939766009, 30.479333126422773 ], [ 75.791637043015271, 30.501332242489184 ], [ 75.805321070610944, 30.488777657263142 ], [ 75.805008587676127, 30.440537585641096 ], [ 75.783086741360137, 30.441044770000303 ], [ 75.737196307763327, 30.413133156470167 ], [ 75.741568705431632, 30.402740408343163 ], [ 75.715723047780614, 30.386009150302129 ], [ 75.726030061738129, 30.361583891783425 ], [ 75.711483498864368, 30.35575715187116 ], [ 75.699033822253341, 30.364378504464582 ], [ 75.701193177223388, 30.375243393068331 ], [ 75.668182000299112, 30.37780999973188 ], [ 75.675255000018353, 30.392782000389104 ], [ 75.655073222251531, 30.393604083262005 ], [ 75.657376421085132, 30.408738674150641 ], [ 75.617565435996141, 30.42012628020376 ], [ 75.620089344647624, 30.437070763005522 ] ] ] } },
{ "type": "Feature", "properties": { "pincode": "148026", "state": "Punjab", "district": "Sangrur", "officename": "Bhawanigarh", "officetype": "S.O" }, "geometry": { "type": "Polygon", "coordinates": [ [ [ 75.938255000068239, 30.175259000302731 ], [ 75.944233255060624, 30.196480983410765 ], [ 75.933481634269981, 30.206499806920647 ], [ 75.932811575494043, 30.219186694110704 ], [ 75.973107836557631, 30.259940012221932 ], [ 75.967149836995475, 30.271777138104426 ], [ 75.983217468211592, 30.295198646200618 ], [ 75.961688997949125, 30.311442547235913 ], [ 75.971288041310174, 30.337583659158668 ], [ 75.981495261097621, 30.333325565322582 ], [ 75.990458010728787, 30.339481536244023 ], [ 76.020538000328543, 30.328074000314984 ], [ 76.048430999690879, 30.336786000073971 ], [ 76.066802999758806, 30.316344999922023 ], [ 76.087394999679475, 30.309024999604162 ], [ 76.109169000149336, 30.318264000283477 ], [ 76.130179999607492, 30.312628000282075 ], [ 76.167244000110713, 30.319136000026504 ], [ 76.167182999995532, 30.301533000347774 ], [ 76.18296800037291, 30.305924999638989 ], [ 76.20341499990252, 30.284106999838173 ], [ 76.197945000361585, 30.274739999551457 ], [ 76.182914999727473, 30.273440999902277 ], [ 76.167296999856831, 30.239922000100421 ], [ 76.166083999676914, 30.251182999595812 ], [ 76.155318999672033, 30.254063000207282 ], [ 76.140724000212572, 30.240858000096694 ], [ 76.136940000181028, 30.246983000165415 ], [ 76.11637899989114, 30.238659000312623 ], [ 76.115630999571124, 30.230100999561728 ], [ 76.077140999857306, 30.229103000303382 ], [ 76.050369000029377, 30.188512999975046 ], [ 76.056320000167943, 30.168204999660986 ], [ 76.072768999689686, 30.152036999607901 ], [ 76.049675000400953, 30.129391000294618 ], [ 76.012115000406993, 30.161359999664285 ], [ 75.99195696833948, 30.154373634335911 ], [ 76.00565543724872, 30.135757176952268 ], [ 75.999946280096879, 30.131746197928692 ], [ 75.975339572563428, 30.145264669329094 ], [ 75.951995999715734, 30.136816000058445 ], [ 75.956206999653432, 30.158937000342405 ], [ 75.938255000068239, 30.175259000302731 ] ] ] } },
{ "type": "Feature", "properties": { "pincode": "148027", "state": "Punjab", "district": "Sangrur", "officename": "Pakki Khanauri", "officetype": "S.O" }, "geometry": { "type": "Polygon", "coordinates": [ [ [ 75.918756411179515, 29.816209568417037 ], [ 75.926348693837213, 29.822782629614778 ], [ 75.954037599255969, 29.814132288274607 ], [ 75.977788863565422, 29.83472676852557 ], [ 75.990716298718382, 29.829873884672224 ], [ 76.017142729553427, 29.837523965858509 ], [ 76.050445329088745, 29.825028586600126 ], [ 76.05991055243021, 29.83067976176153 ], [ 76.046199841949317, 29.846175852233841 ], [ 76.050559999844324, 29.874068999984502 ], [ 76.06019599994562, 29.86842300042133 ], [ 76.067977999984805, 29.842748999966489 ], [ 76.125892999762243, 29.854336000106287 ], [ 76.110298000052694, 29.818305999622169 ], [ 76.088638000343508, 29.80223500044508 ], [ 76.085266000425634, 29.777684999663109 ], [ 76.06933599965663, 29.769614999832413 ], [ 76.052322000160245, 29.745249000341062 ], [ 76.028412000113747, 29.752583999552144 ], [ 75.983292000425593, 29.728928000426833 ], [ 75.944078256906039, 29.729301003238788 ], [ 75.936836413969388, 29.755118945582979 ], [ 75.913962169418767, 29.76872385442249 ], [ 75.918756411179515, 29.816209568417037 ] ] ] } },
{ "type": "Feature", "properties": { "pincode": "148028", "state": "Punjab", "district": "Sangrur", "officename": "Sunam City", "officetype": "S.O" }, "geometry": { "type": "Polygon", "coordinates": [ [ [ 75.63938100043282, 30.073807000093097 ], [ 75.630155162231006, 30.084420312347731 ], [ 75.653650822127815, 30.103897994696865 ], [ 75.694156976863042, 30.077002621373936 ], [ 75.721740999747396, 30.087425000363453 ], [ 75.728400300533565, 30.109241150258981 ], [ 75.721674019140721, 30.1187275391448 ], [ 75.701865925871971, 30.117136986482933 ], [ 75.688674928205387, 30.160633449074453 ], [ 75.707267379086318, 30.177008978481638 ], [ 75.724960015992053, 30.169063925959392 ], [ 75.721482941084957, 30.193484856041323 ], [ 75.745360384774074, 30.199826067518984 ], [ 75.771551821859134, 30.16586564088675 ], [ 75.783050999604086, 30.175531000255603 ], [ 75.80854799999031, 30.167242000218323 ], [ 75.818122999976424, 30.183996000315233 ], [ 75.829001999842546, 30.18433799989873 ], [ 75.848724000112611, 30.152905000065687 ], [ 75.874100000314911, 30.157959000207825 ], [ 75.878679573903185, 30.130113630739515 ], [ 75.929815210703623, 30.113861238305674 ], [ 75.928268472112393, 30.092212052044601 ], [ 75.947291461731822, 30.078941349263971 ], [ 75.95993885249618, 30.057030480072626 ], [ 75.943102021241316, 30.043533807339429 ], [ 75.916262241309425, 30.064204934110592 ], [ 75.899137341914866, 30.038959684541908 ], [ 75.890242918276215, 30.037941055735189 ], [ 75.864845915306717, 30.07508843688197 ], [ 75.851868902328079, 30.071998659510598 ], [ 75.826166355592989, 30.095240009119323 ], [ 75.804802118622888, 30.058708088907224 ], [ 75.786919582672738, 30.073474791428623 ], [ 75.792642303399532, 30.084465195712312 ], [ 75.78078250021241, 30.087725783118628 ], [ 75.759577785886279, 30.055405367363846 ], [ 75.768358058577746, 30.036969457874363 ], [ 75.742786878511708, 30.024650107416733 ], [ 75.729915834448263, 30.022984057568237 ], [ 75.706269094743107, 30.045176901992477 ], [ 75.683662947087441, 30.02852058535683 ], [ 75.682441999598723, 30.038725000158706 ], [ 75.65875199980502, 30.034949999642777 ], [ 75.651062000411173, 30.023372999964067 ], [ 75.642310999752965, 30.03027499989139 ], [ 75.63938100043282, 30.073807000093097 ] ] ] } },
{ "type": "Feature", "properties": { "pincode": "148029", "state": "Punjab", "district": "Sangrur", "officename": "Cheema", "officetype": "S.O" }, "geometry": { "type": "Polygon", "coordinates": [ [ [ 75.657690580356189, 30.133874438155033 ], [ 75.688674928205387, 30.160633449074453 ], [ 75.701865925871971, 30.117136986482933 ], [ 75.721674019140721, 30.1187275391448 ], [ 75.728400300533565, 30.109241150258981 ], [ 75.721740999747396, 30.087425000363453 ], [ 75.68822406119159, 30.079369185539576 ], [ 75.653650822127815, 30.103897994696865 ], [ 75.659955415909735, 30.115209874236427 ], [ 75.638718833207633, 30.120872848503211 ], [ 75.631931828690995, 30.142062609801712 ], [ 75.623716115306536, 30.144605928520889 ], [ 75.633139798962702, 30.154429594650139 ], [ 75.645495608835404, 30.150883368173083 ], [ 75.657690580356189, 30.133874438155033 ] ] ] } },
{ "type": "Feature", "properties": { "pincode": "148030", "state": "Punjab", "district": "Sangrur", "officename": "Chhajli", "officetype": "S.O" }, "geometry": { "type": "Polygon", "coordinates": [ [ [ 75.738609076148123, 30.010689405192068 ], [ 75.743602351367542, 30.02565810353866 ], [ 75.768358058577746, 30.036969457874363 ], [ 75.759577785886279, 30.055405367363846 ], [ 75.78078250021241, 30.087725783118628 ], [ 75.792642303399532, 30.084465195712312 ], [ 75.786919582672738, 30.073474791428623 ], [ 75.804802118622888, 30.058708088907224 ], [ 75.826166355592989, 30.095240009119323 ], [ 75.851868902328079, 30.071998659510598 ], [ 75.864845915306717, 30.07508843688197 ], [ 75.890307865515638, 30.027035036637756 ], [ 75.918417941434825, 30.008185690817072 ], [ 75.939589023814506, 30.008688552135141 ], [ 75.941229092248989, 29.995669691003627 ], [ 75.967801505535249, 30.015540649581396 ], [ 75.988278260933043, 30.014651202091329 ], [ 76.007500491754342, 30.005674049817685 ], [ 76.014456296321157, 29.99031386219508 ], [ 75.994057081369249, 29.977277465183022 ], [ 75.973463721673511, 29.989262337986531 ], [ 75.962403560575979, 29.981490610902995 ], [ 75.941227996874716, 29.982289207081351 ], [ 75.929655179942529, 29.972437990221124 ], [ 75.923262405835487, 29.983150545361468 ], [ 75.911125990971811, 29.971508903313236 ], [ 75.908333593320776, 29.986207340096712 ], [ 75.885238825111628, 29.989406880623108 ], [ 75.861899050101215, 29.963188960302261 ], [ 75.850389965424597, 29.9660953964854 ], [ 75.840460540821368, 29.982071557656241 ], [ 75.824264318243877, 29.983340551425329 ], [ 75.799296490640586, 29.945903749558454 ], [ 75.782048519923308, 29.955409210366838 ], [ 75.786604030351782, 29.96670229497505 ], [ 75.780479949390326, 29.977768545382105 ], [ 75.763507204494033, 29.978316975348264 ], [ 75.738609076148123, 30.010689405192068 ] ] ] } },
{ "type": "Feature", "properties": { "pincode": "148031", "state": "Punjab", "district": "Sangrur", "officename": "Gaga Road", "officetype": "S.O" }, "geometry": { "type": "Polygon", "coordinates": [ [ [ 75.640868999804582, 29.935140999657392 ], [ 75.659233000402764, 29.976916999819878 ], [ 75.653037999804042, 29.982179999707341 ], [ 75.691528000417122, 30.007481000048188 ], [ 75.690079000145886, 30.023342000333116 ], [ 75.68038514485869, 30.028332778135336 ], [ 75.706269094743107, 30.045176901992477 ], [ 75.729915834448263, 30.022984057568237 ], [ 75.742786878511708, 30.024650107416733 ], [ 75.738609076148123, 30.010689405192068 ], [ 75.763507204494033, 29.978316975348264 ], [ 75.780479949390326, 29.977768545382105 ], [ 75.786604030351782, 29.96670229497505 ], [ 75.782048519923308, 29.955409210366838 ], [ 75.799296490640586, 29.945903749558454 ], [ 75.824264318243877, 29.983340551425329 ], [ 75.840460540821368, 29.982071557656241 ], [ 75.857812385033697, 29.963211623217887 ], [ 75.885238825111628, 29.989406880623108 ], [ 75.908333593320776, 29.986207340096712 ], [ 75.911125990971811, 29.971508903313236 ], [ 75.923262405835487, 29.983150545361468 ], [ 75.929655179942529, 29.972437990221124 ], [ 75.951008151105327, 29.985029733635486 ], [ 75.962403560575979, 29.981490610902995 ], [ 75.958330284614988, 29.961856853011511 ], [ 75.936186240102984, 29.950989565915847 ], [ 75.921648153339731, 29.957070963254466 ], [ 75.922197201140023, 29.922269590469284 ], [ 75.906750875552575, 29.90239868315274 ], [ 75.868692784244786, 29.896581871756098 ], [ 75.857731217621676, 29.904672877051723 ], [ 75.857053183657627, 29.921064489035018 ], [ 75.826796835205869, 29.904926709799952 ], [ 75.825205593663441, 29.884898058698582 ], [ 75.840372710332531, 29.866882290885201 ], [ 75.8219471403483, 29.852836661183062 ], [ 75.812106541783635, 29.832721752506927 ], [ 75.759086999765373, 29.809108999980481 ], [ 75.736663999943687, 29.80854199991353 ], [ 75.75112899970361, 29.824734000173919 ], [ 75.774703999590088, 29.83457799997484 ], [ 75.776627000136102, 29.852324999998871 ], [ 75.757720999724484, 29.860454999898479 ], [ 75.764969000319184, 29.873259000402584 ], [ 75.760085999969021, 29.89187800016964 ], [ 75.770728999743653, 29.896969000219428 ], [ 75.76657899992091, 29.918254999768521 ], [ 75.757240000026115, 29.913596999901642 ], [ 75.732773000373811, 29.933105000195724 ], [ 75.708770999681974, 29.933712000308674 ], [ 75.704865000319614, 29.918243000114501 ], [ 75.673500000025228, 29.908655000427984 ], [ 75.667404000394413, 29.926820999989332 ], [ 75.650283999606927, 29.937562999832551 ], [ 75.640868999804582, 29.935140999657392 ] ] ] } },
{ "type": "Feature", "properties": { "pincode": "148033", "state": "Punjab", "district": "Sangrur", "officename": "Moonak", "officetype": "S.O" }, "geometry": { "type": "Polygon", "coordinates": [ [ [ 75.78658585955003, 29.818661264205957 ], [ 75.812106541783635, 29.832721752506927 ], [ 75.8219471403483, 29.852836661183062 ], [ 75.840372710332531, 29.866882290885201 ], [ 75.825205593663441, 29.884898058698582 ], [ 75.826796835205869, 29.904926709799952 ], [ 75.857053183657627, 29.921064489035018 ], [ 75.857731217621676, 29.904672877051723 ], [ 75.868692784244786, 29.896581871756098 ], [ 75.906750875552575, 29.90239868315274 ], [ 75.922197201140023, 29.922269590469284 ], [ 75.921648153339731, 29.957070963254466 ], [ 75.936186240102984, 29.950989565915847 ], [ 75.958330284614988, 29.961856853011511 ], [ 75.968274295322487, 29.987589573799823 ], [ 75.994057081369249, 29.977277465183022 ], [ 76.014456296321157, 29.99031386219508 ], [ 76.029105999742342, 29.971065999796224 ], [ 76.028976000042462, 29.957028999988381 ], [ 76.016059999769425, 29.944095999830608 ], [ 75.991271999703145, 29.94745400000221 ], [ 75.982657999966875, 29.906914000181132 ], [ 75.97228258447393, 29.916350188910144 ], [ 75.970698664312124, 29.93293448244043 ], [ 75.967732122839379, 29.915598138942983 ], [ 75.945262090273388, 29.920837666525074 ], [ 75.931729923996784, 29.907587661641401 ], [ 75.957558444166921, 29.891107545576915 ], [ 75.97131136612677, 29.890540790125442 ], [ 75.9835459383944, 29.904130154183292 ], [ 76.019753000100877, 29.89104999975774 ], [ 76.027397000071687, 29.867819000446673 ], [ 76.041083999926741, 29.87599199963114 ], [ 76.049360851921847, 29.871610780513322 ], [ 76.046199841949317, 29.846175852233841 ], [ 76.05991055243021, 29.83067976176153 ], [ 76.050445329088745, 29.825028586600126 ], [ 76.017142729553427, 29.837523965858509 ], [ 75.990716298718382, 29.829873884672224 ], [ 75.977788863565422, 29.83472676852557 ], [ 75.954037599255969, 29.814132288274607 ], [ 75.926348693837213, 29.822782629614778 ], [ 75.917486846341035, 29.815466737400243 ], [ 75.913962169418767, 29.76872385442249 ], [ 75.936836413969388, 29.755118945582979 ], [ 75.944078256906039, 29.729301003238788 ], [ 75.924659999959147, 29.735435000125221 ], [ 75.907974000299987, 29.752224000037643 ], [ 75.889960999700406, 29.743791999701102 ], [ 75.87445799973699, 29.749076999703902 ], [ 75.844115999853727, 29.787497999832851 ], [ 75.839782999685667, 29.809175000325979 ], [ 75.806769999835751, 29.804028000391952 ], [ 75.78658585955003, 29.818661264205957 ] ] ] } },
{ "type": "Feature", "properties": { "pincode": "148034", "state": "Punjab", "district": "Sangrur", "officename": "Ladda", "officetype": "S.O" }, "geometry": { "type": "Polygon", "coordinates": [ [ [ 75.696023626789099, 30.324793442563532 ], [ 75.711373441631224, 30.334580686149934 ], [ 75.733878187128767, 30.335109933576632 ], [ 75.737353994891066, 30.347499364604232 ], [ 75.818417165519918, 30.337833274086506 ], [ 75.851048076707627, 30.355881440876033 ], [ 75.865442609189131, 30.344910080635827 ], [ 75.877749503137181, 30.354973030281315 ], [ 75.89255510853144, 30.341801123423238 ], [ 75.911896000400134, 30.344325999745138 ], [ 75.907376341445115, 30.309452468056975 ], [ 75.912745056639153, 30.292868907474087 ], [ 75.904109020814758, 30.289145585600522 ], [ 75.864141287490554, 30.312275644105796 ], [ 75.838599999990095, 30.297646000062969 ], [ 75.820924268540239, 30.300882759931596 ], [ 75.80340173929892, 30.2743352839463 ], [ 75.793154018543248, 30.272813605863348 ], [ 75.791317251290252, 30.300436042389549 ], [ 75.749504000309344, 30.288764999705052 ], [ 75.71626744878381, 30.301474666722584 ], [ 75.696023626789099, 30.324793442563532 ] ] ] } },
{ "type": "Feature", "properties": { "pincode": "148100", "state": "Punjab", "district": "Barnala", "officename": "Tallewal", "officetype": "S.O" }, "geometry": { "type": "Polygon", "coordinates": [ [ [ 75.401295753596173, 30.480799565447739 ], [ 75.391868999654832, 30.526994999619717 ], [ 75.421439999956078, 30.550929999919674 ], [ 75.410034000069061, 30.56010200020728 ], [ 75.407996999661975, 30.58239899961427 ], [ 75.42757400043979, 30.583483000140404 ], [ 75.467696998118072, 30.605260999895279 ], [ 75.496434036401808, 30.598719968951514 ], [ 75.490806577261878, 30.577103305772994 ], [ 75.507459930631228, 30.567008146009186 ], [ 75.520038683338612, 30.5842981591328 ], [ 75.533216132718451, 30.548581890741787 ], [ 75.480150500445347, 30.539152232889364 ], [ 75.465912458992875, 30.524077206797756 ], [ 75.470426364984803, 30.513150077913906 ], [ 75.462005939822291, 30.49979066960384 ], [ 75.475821424019671, 30.491672411252921 ], [ 75.480329719141423, 30.459256074708264 ], [ 75.465393500709581, 30.437953351366161 ], [ 75.445741195200071, 30.439799539017599 ], [ 75.438347257120313, 30.425887256291958 ], [ 75.428312494925819, 30.430603231853809 ], [ 75.440063112322946, 30.454121666182004 ], [ 75.426253499799373, 30.45355777687007 ], [ 75.418725742599065, 30.465030119744313 ], [ 75.409591268322515, 30.464945958489295 ], [ 75.408085545112044, 30.479991927485514 ], [ 75.401295753596173, 30.480799565447739 ] ] ] } },
{ "type": "Feature", "properties": { "pincode": "148101", "state": "Punjab", "district": "Barnala", "officename": "Barnala", "officetype": "S.O" }, "geometry": { "type": "Polygon", "coordinates": [ [ [ 75.480232978169568, 30.458863819210137 ], [ 75.475805856755073, 30.491592649481333 ], [ 75.507164123825362, 30.49006180011213 ], [ 75.504445158517342, 30.479632058372886 ], [ 75.511387894136078, 30.473572107167172 ], [ 75.552250764061569, 30.457667632755204 ], [ 75.554813369641408, 30.44095414261983 ], [ 75.534275097018167, 30.420229840734578 ], [ 75.5473237652796, 30.403610361229255 ], [ 75.546956838287542, 30.386396205920278 ], [ 75.567632590272012, 30.372945758340165 ], [ 75.605587290121491, 30.37311934997814 ], [ 75.622775249078586, 30.357343977742403 ], [ 75.570183486678616, 30.326902027206927 ], [ 75.577586169765937, 30.340738783967936 ], [ 75.569602529133476, 30.342641392386497 ], [ 75.56828883905871, 30.356013477539932 ], [ 75.510623278841308, 30.36985196099937 ], [ 75.502971969181147, 30.376552173743846 ], [ 75.504251825861161, 30.390376343593573 ], [ 75.495752423135855, 30.391716196745165 ], [ 75.487229409609654, 30.425306181834969 ], [ 75.48019779489249, 30.432777209800633 ], [ 75.462525484463583, 30.432691704958131 ], [ 75.480232978169568, 30.458863819210137 ] ] ] } },
{ "type": "Feature", "properties": { "pincode": "148102", "state": "Punjab", "district": "Barnala", "officename": "Bhadaur (Sangrur)", "officetype": "S.O" }, "geometry": { "type": "Polygon", "coordinates": [ [ [ 75.267265000179748, 30.436384000221437 ], [ 75.269790999754946, 30.448249999737925 ], [ 75.257743999985621, 30.46501000011142 ], [ 75.295005999727209, 30.516423999568019 ], [ 75.320854000112092, 30.535476999563912 ], [ 75.348655999774735, 30.514858000196625 ], [ 75.391868999654832, 30.526994999619717 ], [ 75.401295753596173, 30.480799565447739 ], [ 75.426389050114722, 30.454019026557035 ], [ 75.421379698614373, 30.436421019914178 ], [ 75.403920481644946, 30.457231733158039 ], [ 75.387878005365621, 30.446433840449401 ], [ 75.388555866660056, 30.437515157598455 ], [ 75.353988070293326, 30.402697522372875 ], [ 75.336029000238284, 30.34547799980993 ], [ 75.325042999934681, 30.349813000070014 ], [ 75.335822999731818, 30.377781000193124 ], [ 75.309608000409071, 30.37888099965852 ], [ 75.301353000140978, 30.423691000339375 ], [ 75.280265999876121, 30.439898000392475 ], [ 75.267265000179748, 30.436384000221437 ] ] ] } },
{ "type": "Feature", "properties": { "pincode": "148103", "state": "Punjab", "district": "Barnala", "officename": "Shaina", "officetype": "S.O" }, "geometry": { "type": "Polygon", "coordinates": [ [ [ 75.364587283876062, 30.385759261081148 ], [ 75.356884918804099, 30.403087014254425 ], [ 75.388555866660056, 30.437515157598455 ], [ 75.387878005365621, 30.446433840449401 ], [ 75.403920481644946, 30.457231733158039 ], [ 75.421379698614373, 30.436421019914178 ], [ 75.426253499799373, 30.45355777687007 ], [ 75.440063112322946, 30.454121666182004 ], [ 75.42760060418459, 30.434671906883239 ], [ 75.438347257120313, 30.425887256291958 ], [ 75.445741195200071, 30.439799539017599 ], [ 75.46867300085853, 30.428158930290522 ], [ 75.481733928678011, 30.431739420937618 ], [ 75.495752423135855, 30.391716196745165 ], [ 75.50551062581485, 30.386135756859687 ], [ 75.504705074279855, 30.375034502140693 ], [ 75.486051275246268, 30.370568967983672 ], [ 75.475343310245705, 30.349326677284409 ], [ 75.464400112275484, 30.359231546798469 ], [ 75.435942171394345, 30.360264275176178 ], [ 75.433977044804919, 30.375924116904571 ], [ 75.412425729963559, 30.386785294006245 ], [ 75.400656571243815, 30.382171139686477 ], [ 75.387199795134563, 30.397223904859288 ], [ 75.364587283876062, 30.385759261081148 ] ] ] } },
{ "type": "Feature", "properties": { "pincode": "148104", "state": "Punjab", "district": "Barnala", "officename": "Mehal Kalan", "officetype": "S.O" }, "geometry": { "type": "Polygon", "coordinates": [ [ [ 75.47027725199365, 30.525839408562035 ], [ 75.480150500445347, 30.539152232889364 ], [ 75.533216132718451, 30.548581890741787 ], [ 75.520038683338612, 30.5842981591328 ], [ 75.528967649037838, 30.584582810748145 ], [ 75.53752247338349, 30.562869402101228 ], [ 75.550993963300868, 30.579870056557866 ], [ 75.563234319108574, 30.565792081839277 ], [ 75.576046587080441, 30.563952339628827 ], [ 75.597117333897984, 30.587281209460286 ], [ 75.622010506080073, 30.595745915441739 ], [ 75.666593104188621, 30.589079511810155 ], [ 75.67446629997994, 30.606090831326924 ], [ 75.685351835219194, 30.607945433934788 ], [ 75.679764000208479, 30.582265999776098 ], [ 75.663154999603591, 30.560022000115396 ], [ 75.666610999798024, 30.550587000289909 ], [ 75.656821999835586, 30.543665000339615 ], [ 75.658278999576169, 30.534105000145814 ], [ 75.684081999684679, 30.515310000356408 ], [ 75.663455064699519, 30.495594757592016 ], [ 75.642600595840918, 30.508913436506077 ], [ 75.641900165160678, 30.518331805168827 ], [ 75.629225047398222, 30.503206630182035 ], [ 75.607532375318954, 30.512026793202097 ], [ 75.594364451558306, 30.502911099467838 ], [ 75.584465779272364, 30.481217833836013 ], [ 75.56982276680742, 30.487375848916429 ], [ 75.566126264515617, 30.503272399401794 ], [ 75.542448481112672, 30.510869273998026 ], [ 75.491505775870905, 30.48866952008234 ], [ 75.465356861430223, 30.493122204726092 ], [ 75.47027725199365, 30.525839408562035 ] ] ] } },
{ "type": "Feature", "properties": { "pincode": "148105", "state": "Punjab", "district": "Barnala", "officename": "Dhanaula", "officetype": "S.O" }, "geometry": { "type": "Polygon", "coordinates": [ [ [ 75.501258070903418, 30.149531550440827 ], [ 75.490783999781911, 30.169558000001871 ], [ 75.509553513683784, 30.186543986515744 ], [ 75.505582516719812, 30.216445752969264 ], [ 75.535219498481126, 30.252066704015306 ], [ 75.519417971262385, 30.255926457540113 ], [ 75.520148349366877, 30.267212745072186 ], [ 75.572926189592124, 30.327986662654325 ], [ 75.623211901408183, 30.357600966211692 ], [ 75.65361000010148, 30.332017999630921 ], [ 75.673957999562163, 30.289673000208836 ], [ 75.726401999752738, 30.278901999927484 ], [ 75.724959999804298, 30.26640700018288 ], [ 75.700934999850404, 30.248367000137137 ], [ 75.692307000367862, 30.229877000023691 ], [ 75.682671000266566, 30.237349000156314 ], [ 75.647323999802893, 30.238054000291868 ], [ 75.611992000030966, 30.217212999680214 ], [ 75.584808000089254, 30.228387999706513 ], [ 75.587212000333636, 30.215207999849497 ], [ 75.559418000140681, 30.194421999975475 ], [ 75.559303000233285, 30.178999000103772 ], [ 75.578971999858084, 30.143410000171457 ], [ 75.566208000299071, 30.147984999807818 ], [ 75.55007900024583, 30.137471999733066 ], [ 75.538589000082425, 30.148323000106529 ], [ 75.527672000262726, 30.139773999770284 ], [ 75.501258070903418, 30.149531550440827 ] ] ] } },
{ "type": "Feature", "properties": { "pincode": "148106", "state": "Punjab", "district": "Sangrur", "officename": "Sliet Longowal", "officetype": "S.O" }, "geometry": { "type": "Polygon", "coordinates": [ [ [ 75.562243061168488, 30.199899681525267 ], [ 75.587212000333636, 30.215207999849497 ], [ 75.584808000089254, 30.228387999706513 ], [ 75.611992000030966, 30.217212999680214 ], [ 75.647323999802893, 30.238054000291868 ], [ 75.682671000266566, 30.237349000156314 ], [ 75.692307000367862, 30.229877000023691 ], [ 75.698663167571283, 30.244230125020351 ], [ 75.715225206478181, 30.236731422217474 ], [ 75.715212170805216, 30.202135753162622 ], [ 75.725921577419001, 30.172424488299669 ], [ 75.707267379086318, 30.177008978481638 ], [ 75.65659066992373, 30.133125133817884 ], [ 75.645495608835404, 30.150883368173083 ], [ 75.633139798962702, 30.154429594650139 ], [ 75.605888000031257, 30.13462999997472 ], [ 75.579520999994259, 30.14171999957847 ], [ 75.559303000233285, 30.178999000103772 ], [ 75.562243061168488, 30.199899681525267 ] ] ] } },
{ "type": "Feature", "properties": { "pincode": "148107", "state": "Punjab", "district": "Barnala", "officename": "Handiaya", "officetype": "S.O" }, "geometry": { "type": "Polygon", "coordinates": [ [ [ 75.377762000216194, 30.225089999603824 ], [ 75.424007830596963, 30.235449560049233 ], [ 75.431239260283689, 30.25517654526152 ], [ 75.454040257751728, 30.27440940606931 ], [ 75.450138058924381, 30.302636055709513 ], [ 75.455674432928788, 30.312213722185618 ], [ 75.471632122024971, 30.315483213779316 ], [ 75.467477282050993, 30.33596106904821 ], [ 75.486051275246268, 30.370568967983672 ], [ 75.504705074279855, 30.375034502140693 ], [ 75.517950297468303, 30.365664073638015 ], [ 75.56828883905871, 30.356013477539932 ], [ 75.577238305703418, 30.337626500163026 ], [ 75.520148349366877, 30.267212745072186 ], [ 75.519417971262385, 30.255926457540113 ], [ 75.535219498481126, 30.252066704015306 ], [ 75.533776815047986, 30.246398050529649 ], [ 75.505582516719812, 30.216445752969264 ], [ 75.509553513683784, 30.186543986515744 ], [ 75.490783999781911, 30.169558000001871 ], [ 75.464287000045147, 30.196419000336675 ], [ 75.417708999670822, 30.187985999954037 ], [ 75.390419000236705, 30.209994999569517 ], [ 75.372200000030091, 30.198647999705543 ], [ 75.36227400004509, 30.207189999718821 ], [ 75.377762000216194, 30.225089999603824 ] ] ] } },
{ "type": "Feature", "properties": { "pincode": "148108", "state": "Punjab", "district": "Barnala", "officename": "Tapa", "officetype": "S.O" }, "geometry": { "type": "Polygon", "coordinates": [ [ [ 75.321395999925471, 30.304031000430484 ], [ 75.321883999946692, 30.332813000319845 ], [ 75.346160999830317, 30.336995999865735 ], [ 75.336029000238284, 30.34547799980993 ], [ 75.355487268023239, 30.404039224530777 ], [ 75.364587283876062, 30.385759261081148 ], [ 75.387199795134563, 30.397223904859288 ], [ 75.400656571243815, 30.382171139686477 ], [ 75.412425729963559, 30.386785294006245 ], [ 75.433977044804919, 30.375924116904571 ], [ 75.435942171394345, 30.360264275176178 ], [ 75.464400112275484, 30.359231546798469 ], [ 75.475949127750141, 30.34811397478029 ], [ 75.467477282050993, 30.33596106904821 ], [ 75.471632122024971, 30.315483213779316 ], [ 75.455674432928788, 30.312213722185618 ], [ 75.450138058924381, 30.302636055709513 ], [ 75.454040257751728, 30.27440940606931 ], [ 75.413960083091524, 30.230239896254261 ], [ 75.377994317583671, 30.229568673755352 ], [ 75.366371000121717, 30.240417000444438 ], [ 75.373679999932108, 30.263879999662436 ], [ 75.364295999760657, 30.268851999620324 ], [ 75.364371999668208, 30.283531000255607 ], [ 75.344627000136086, 30.289386999610542 ], [ 75.346680000381809, 30.303789000062466 ], [ 75.321395999925471, 30.304031000430484 ] ] ] } },
{ "type": "Feature", "properties": { "pincode": "148109", "state": "Punjab", "district": "Barnala", "officename": "Sanghera", "officetype": "S.O" }, "geometry": { "type": "Polygon", "coordinates": [ [ [ 75.511387894136078, 30.473572107167172 ], [ 75.502116575419791, 30.49290422974633 ], [ 75.510292500998332, 30.501585277538595 ], [ 75.523092642511585, 30.499799800420476 ], [ 75.53060869053877, 30.511012584563218 ], [ 75.566126264515617, 30.503272399401794 ], [ 75.56982276680742, 30.487375848916429 ], [ 75.587375599604286, 30.483278595231127 ], [ 75.599819217482946, 30.445632075060189 ], [ 75.619102872000099, 30.438786511188709 ], [ 75.617565435996141, 30.42012628020376 ], [ 75.657376421085132, 30.408738674150641 ], [ 75.655073222251531, 30.393604083262005 ], [ 75.673202999818727, 30.396060999615543 ], [ 75.668182000299112, 30.37780999973188 ], [ 75.679413000209991, 30.372929000373233 ], [ 75.683182000448994, 30.345069999880764 ], [ 75.669791999901008, 30.333244000410218 ], [ 75.65361000010148, 30.332017999630921 ], [ 75.605587290121491, 30.37311934997814 ], [ 75.567632590272012, 30.372945758340165 ], [ 75.546956838287542, 30.386396205920278 ], [ 75.5473237652796, 30.403610361229255 ], [ 75.534275097018167, 30.420229840734578 ], [ 75.554813369641408, 30.44095414261983 ], [ 75.552250764061569, 30.457667632755204 ], [ 75.511387894136078, 30.473572107167172 ] ] ] } },
{ "type": "Feature", "properties": { "pincode": "151001", "state": "Punjab", "district": "Bathinda", "officename": "Bathinda", "officetype": "H.O" }, "geometry": { "type": "Polygon", "coordinates": [ [ [ 74.877117038920346, 30.25382107897974 ], [ 74.89320766130453, 30.229195866995667 ], [ 74.889066786003411, 30.222536230762614 ], [ 74.905584185262057, 30.21500150921247 ], [ 74.930406944125366, 30.2324915612366 ], [ 74.929644141863662, 30.199136097752842 ], [ 74.946765988060008, 30.199232559035408 ], [ 74.935512515890025, 30.234937486975525 ], [ 74.955396850084696, 30.244714333499871 ], [ 74.965175492555034, 30.237559306616731 ], [ 74.968450211907793, 30.17419684610752 ], [ 74.996676220331494, 30.174569839026958 ], [ 74.997852525473718, 30.196741863246416 ], [ 75.043946290389044, 30.197918942705201 ], [ 75.027667968701792, 30.173345048735143 ], [ 75.013776372181951, 30.167831068748967 ], [ 75.018880452870519, 30.150477208256689 ], [ 75.039868934204094, 30.137306698045734 ], [ 75.045440051717151, 30.12288288363834 ], [ 75.031952969354222, 30.098875079621394 ], [ 75.043342999979586, 30.081568000063271 ], [ 75.034065000199575, 30.072164999914946 ], [ 75.017791999800977, 30.067047000418938 ], [ 74.968764999804876, 30.091948000300022 ], [ 74.934655361256034, 30.098210339435809 ], [ 74.931306281459797, 30.08933489868673 ], [ 74.89575940487282, 30.085009121873668 ], [ 74.90774651968627, 30.133371146061677 ], [ 74.882354754368578, 30.134259264353659 ], [ 74.874398999914035, 30.123047703288876 ], [ 74.821077999749889, 30.134055582299311 ], [ 74.79755862023427, 30.153116045769139 ], [ 74.762908999950525, 30.145511999978908 ], [ 74.733978000384582, 30.17807799989987 ], [ 74.737366000141037, 30.188642999674812 ], [ 74.730391999591347, 30.196571000151721 ], [ 74.714789999559002, 30.196814999712501 ], [ 74.727112000318641, 30.229925000438527 ], [ 74.722527929220632, 30.238325165673928 ], [ 74.732604028753144, 30.227579935465769 ], [ 74.773591342366672, 30.234922475491885 ], [ 74.787594426941212, 30.245104520557277 ], [ 74.811794041961548, 30.234501236642927 ], [ 74.844766494977819, 30.23460648969791 ], [ 74.863862734377733, 30.252560184505001 ], [ 74.877117038920346, 30.25382107897974 ] ] ] } },
{ "type": "Feature", "properties": { "pincode": "151002", "state": "Punjab", "district": "Bathinda", "officename": "Gndtp Bathinda", "officetype": "S.O" }, "geometry": { "type": "Polygon", "coordinates": [ [ [ 74.809990400336687, 30.238053750280528 ], [ 74.827966981091322, 30.256177138164446 ], [ 74.828699308026785, 30.269753425180625 ], [ 74.845205418994965, 30.277842430383885 ], [ 74.879974734546465, 30.269068005983684 ], [ 74.903102809147526, 30.272094454895239 ], [ 74.903855695484083, 30.253196983653879 ], [ 74.919569447072377, 30.241388161234795 ], [ 74.92698321070668, 30.241789269659137 ], [ 74.926784420964282, 30.248778718762878 ], [ 74.933797731780146, 30.248294887998782 ], [ 74.933274945982021, 30.240944237886367 ], [ 74.946423097248271, 30.249682276615772 ], [ 74.955396850084696, 30.244714333499871 ], [ 74.905764431883085, 30.214956073663984 ], [ 74.889066786003411, 30.222536230762614 ], [ 74.890328864885191, 30.23847058964617 ], [ 74.877117038920346, 30.25382107897974 ], [ 74.863862734377733, 30.252560184505001 ], [ 74.844766494977819, 30.23460648969791 ], [ 74.809990400336687, 30.238053750280528 ] ] ] } },
{ "type": "Feature", "properties": { "pincode": "151003", "state": "Punjab", "district": "Bathinda", "officename": "Nfl Bathinda", "officetype": "S.O" }, "geometry": { "type": "Polygon", "coordinates": [ [ [ 74.903102809147526, 30.272094454895239 ], [ 74.945734976488041, 30.265501527673507 ], [ 74.95297136413717, 30.248795170960534 ], [ 74.914680911395124, 30.243015149929306 ], [ 74.903424451677211, 30.254250214775766 ], [ 74.903102809147526, 30.272094454895239 ] ] ] } },
{ "type": "Feature", "properties": { "pincode": "151005", "state": "Punjab", "district": "Bathinda", "officename": "Bathinda City", "officetype": "S.O" }, "geometry": { "type": "Polygon", "coordinates": [ [ [ 74.946739189162315, 30.199070649590965 ], [ 74.929644141863662, 30.199136097752842 ], [ 74.927428387709995, 30.206543671353415 ], [ 74.935512515890025, 30.234937486975525 ], [ 74.946739189162315, 30.199070649590965 ] ] ] } },
{ "type": "Feature", "properties": { "pincode": "151101", "state": "Punjab", "district": "Bathinda", "officename": "Bhucho Mandi", "officetype": "S.O" }, "geometry": { "type": "Polygon", "coordinates": [ [ [ 75.042989579905225, 30.192228218957325 ], [ 75.036589549168355, 30.222424176135007 ], [ 75.056895851562444, 30.22329103355446 ], [ 75.058827171736823, 30.255181589558731 ], [ 75.03992397720981, 30.256017138879884 ], [ 75.032536268733907, 30.267369642595099 ], [ 75.049135841745681, 30.280540897444553 ], [ 75.043703459047492, 30.297587493767878 ], [ 75.023432643901572, 30.307359033392743 ], [ 75.033426655116102, 30.321240003523428 ], [ 75.062990983347333, 30.312104365524078 ], [ 75.048858263298314, 30.294186993435176 ], [ 75.108677571213093, 30.257262797939859 ], [ 75.09732839948623, 30.217790906725099 ], [ 75.112420721339276, 30.216113457969925 ], [ 75.105031643195787, 30.194923819878625 ], [ 75.145977542130026, 30.206094065189063 ], [ 75.159475288653709, 30.19823755901632 ], [ 75.132940505699878, 30.173145152826635 ], [ 75.148773409365504, 30.178105213384981 ], [ 75.159346478757243, 30.172878972386798 ], [ 75.157487886756599, 30.134546012288752 ], [ 75.139351000048748, 30.144463000167491 ], [ 75.13123299980316, 30.137780999593474 ], [ 75.116913000434693, 30.141653000085967 ], [ 75.10047100033637, 30.154845999643328 ], [ 75.083938999685074, 30.155669999870838 ], [ 75.086265999976035, 30.16357200004785 ], [ 75.0784759995679, 30.165255000318041 ], [ 75.071807999639532, 30.148118999692088 ], [ 75.108032000076776, 30.12985400006221 ], [ 75.120719999728237, 30.101681000377937 ], [ 75.103371000071832, 30.086654999928328 ], [ 75.053993000077014, 30.108064999799979 ], [ 75.037323000256322, 30.094470999736927 ], [ 75.03237691875978, 30.100474174043939 ], [ 75.045440051717151, 30.12288288363834 ], [ 75.039868934204094, 30.137306698045734 ], [ 75.018880452870519, 30.150477208256689 ], [ 75.013776372181951, 30.167831068748967 ], [ 75.042989579905225, 30.192228218957325 ] ] ] } },
{ "type": "Feature", "properties": { "pincode": "151102", "state": "Punjab", "district": "Bathinda", "officename": "Nathana", "officetype": "S.O" }, "geometry": { "type": "Polygon", "coordinates": [ [ [ 75.033426655116102, 30.321240003523428 ], [ 75.050446073927276, 30.350778791008622 ], [ 75.05377014537612, 30.374329676473508 ], [ 75.046722000220257, 30.379013000349801 ], [ 75.092711999559185, 30.414129000053379 ], [ 75.09587100044638, 30.407581000263008 ], [ 75.115821999585705, 30.406222999691806 ], [ 75.151428000302076, 30.371775000216132 ], [ 75.167885000192769, 30.370946999804232 ], [ 75.175460999725374, 30.352902999573928 ], [ 75.167663999893819, 30.340712000358621 ], [ 75.178886000288685, 30.329484999733097 ], [ 75.155663000447305, 30.31605700013057 ], [ 75.143196000195246, 30.325089000257208 ], [ 75.143340999687496, 30.333782000039434 ], [ 75.116103999999837, 30.330852999866181 ], [ 75.134154999653617, 30.315359000317585 ], [ 75.128112999815244, 30.299136999572966 ], [ 75.155096262083021, 30.287718678973874 ], [ 75.128394150369786, 30.277645911429715 ], [ 75.13609143337311, 30.264029064989415 ], [ 75.123814126221077, 30.254319386130817 ], [ 75.08382046184488, 30.268344371895409 ], [ 75.054114082998694, 30.28877819186016 ], [ 75.048858263298314, 30.294186993435176 ], [ 75.063835614022423, 30.310524292662024 ], [ 75.033426655116102, 30.321240003523428 ] ] ] } },
{ "type": "Feature", "properties": { "pincode": "151103", "state": "Punjab", "district": "Bathinda", "officename": "Rampura Phul", "officetype": "S.O" }, "geometry": { "type": "Polygon", "coordinates": [ [ [ 75.132940505699878, 30.173145152826635 ], [ 75.180495999890582, 30.209990000238292 ], [ 75.191863999823795, 30.227105999942069 ], [ 75.185478000309558, 30.238007999969398 ], [ 75.195190000318405, 30.2363930001369 ], [ 75.220642000428029, 30.259212000233674 ], [ 75.224202076464849, 30.301866929415326 ], [ 75.239795870183343, 30.315751161387084 ], [ 75.263886806631035, 30.310562632559538 ], [ 75.291445423667426, 30.33574874360977 ], [ 75.320046336968971, 30.328233899774716 ], [ 75.321395999925471, 30.304031000430484 ], [ 75.347602999778701, 30.303093000341676 ], [ 75.344627000136086, 30.289386999610542 ], [ 75.364371999668208, 30.283531000255607 ], [ 75.364295999760657, 30.268851999620324 ], [ 75.373679999932108, 30.263879999662436 ], [ 75.365310999802716, 30.243177000018534 ], [ 75.378257999707102, 30.234651999889991 ], [ 75.377762000216194, 30.225089999603824 ], [ 75.36227400004509, 30.207189999718821 ], [ 75.372322000260283, 30.200484999882974 ], [ 75.359069999780729, 30.183707999624573 ], [ 75.366477999659992, 30.173434999825474 ], [ 75.35085300036576, 30.160360000313744 ], [ 75.310152458968901, 30.158773869618528 ], [ 75.305893814747776, 30.139187674172035 ], [ 75.281825248936286, 30.123653133185655 ], [ 75.263306000171781, 30.151268000118193 ], [ 75.23989899993893, 30.155367000287015 ], [ 75.222808999635845, 30.122048999861534 ], [ 75.157487886756599, 30.134546012288752 ], [ 75.159346478757243, 30.172878972386798 ], [ 75.148773409365504, 30.178105213384981 ], [ 75.132940505699878, 30.173145152826635 ] ] ] } },
{ "type": "Feature", "properties": { "pincode": "151104", "state": "Punjab", "district": "Bathinda", "officename": "Phul", "officetype": "S.O" }, "geometry": { "type": "Polygon", "coordinates": [ [ [ 75.168486902948302, 30.36979450061574 ], [ 75.173681728828853, 30.38038581455379 ], [ 75.162699460711565, 30.403706846793682 ], [ 75.176594021397023, 30.400137571591699 ], [ 75.200532240370649, 30.418898830616627 ], [ 75.232963568613854, 30.385577356110275 ], [ 75.241007901793353, 30.387304376395946 ], [ 75.237919632584976, 30.398164662269437 ], [ 75.245441715063123, 30.409059085508488 ], [ 75.269353350976417, 30.407282985621407 ], [ 75.275220511817281, 30.383857149987477 ], [ 75.286236068339917, 30.380469070191566 ], [ 75.305640715846494, 30.395220864651321 ], [ 75.309608000409071, 30.37888099965852 ], [ 75.335822999731818, 30.377781000193124 ], [ 75.325042999934681, 30.349813000070014 ], [ 75.34693899973513, 30.340864000173497 ], [ 75.343925000138768, 30.333591000224544 ], [ 75.309440210297453, 30.327200386288894 ], [ 75.291445423667426, 30.33574874360977 ], [ 75.263886806631035, 30.310562632559538 ], [ 75.254184286375903, 30.310244322018036 ], [ 75.218229143660153, 30.321569018695357 ], [ 75.22048326648968, 30.345522809430292 ], [ 75.175258398656297, 30.35348114224098 ], [ 75.168486902948302, 30.36979450061574 ] ] ] } },
{ "type": "Feature", "properties": { "pincode": "151105", "state": "Punjab", "district": "Bathinda", "officename": "Mehraj", "officetype": "S.O" }, "geometry": { "type": "Polygon", "coordinates": [ [ [ 75.152559717956592, 30.31761157001813 ], [ 75.178886000288685, 30.329484999733097 ], [ 75.167663999893819, 30.340712000358621 ], [ 75.175258398656297, 30.35348114224098 ], [ 75.22048326648968, 30.345522809430292 ], [ 75.218229143660153, 30.321569018695357 ], [ 75.239795870183343, 30.315751161387084 ], [ 75.222223969960282, 30.298120266537239 ], [ 75.22092153939758, 30.266251782593883 ], [ 75.15766900032429, 30.266822999581905 ], [ 75.155570999802023, 30.287609000355133 ], [ 75.128112999815244, 30.299136999572966 ], [ 75.134154999653617, 30.315359000317585 ], [ 75.116103999999837, 30.330852999866181 ], [ 75.143340999687496, 30.333782000039434 ], [ 75.152559717956592, 30.31761157001813 ] ] ] } },
{ "type": "Feature", "properties": { "pincode": "151106", "state": "Punjab", "district": "Bathinda", "officename": "Bhai Rupa", "officetype": "S.O" }, "geometry": { "type": "Polygon", "coordinates": [ [ [ 75.132805292630337, 30.441093539335327 ], [ 75.174467435923475, 30.462568115026727 ], [ 75.18267141315539, 30.455517880745731 ], [ 75.236037679795118, 30.455446505152281 ], [ 75.240766719808391, 30.434315977700237 ], [ 75.266037000207632, 30.444324000352424 ], [ 75.267265000179748, 30.436384000221437 ], [ 75.280265999876121, 30.439898000392475 ], [ 75.301353000140978, 30.423691000339375 ], [ 75.305640715846494, 30.395220864651321 ], [ 75.286236068339917, 30.380469070191566 ], [ 75.275220511817281, 30.383857149987477 ], [ 75.269353350976417, 30.407282985621407 ], [ 75.245441715063123, 30.409059085508488 ], [ 75.237919632584976, 30.398164662269437 ], [ 75.241007901793353, 30.387304376395946 ], [ 75.232963568613854, 30.385577356110275 ], [ 75.200532240370649, 30.418898830616627 ], [ 75.176594021397023, 30.400137571591699 ], [ 75.162699460711565, 30.403706846793682 ], [ 75.129152760891373, 30.426670256427428 ], [ 75.132805292630337, 30.441093539335327 ] ] ] } },
{ "type": "Feature", "properties": { "pincode": "151108", "state": "Punjab", "district": "Bathinda", "officename": "Salabatpura", "officetype": "S.O" }, "geometry": { "type": "Polygon", "coordinates": [ [ [ 75.131889000377214, 30.531056999880832 ], [ 75.122971000111704, 30.561927999877526 ], [ 75.149590000078604, 30.581019999873206 ], [ 75.17464399982083, 30.562612999989994 ], [ 75.187271000256487, 30.50642799995228 ], [ 75.260490000713048, 30.5203689998296 ], [ 75.282309999706854, 30.507509000340121 ], [ 75.292778000404383, 30.509689000147318 ], [ 75.257743999985621, 30.46501000011142 ], [ 75.269661000055237, 30.44635000025238 ], [ 75.240766719808391, 30.434315977700237 ], [ 75.236037679795118, 30.455446505152281 ], [ 75.18267141315539, 30.455517880745731 ], [ 75.174467435923475, 30.462568115026727 ], [ 75.130935567922279, 30.442010756091577 ], [ 75.123110397726748, 30.44898876851687 ], [ 75.151516168936098, 30.499136697001006 ], [ 75.126215784630801, 30.522308656719304 ], [ 75.131889000377214, 30.531056999880832 ] ] ] } },
{ "type": "Feature", "properties": { "pincode": "151111", "state": "Punjab", "district": "Bathinda", "officename": "Ghtp Lehra Mohabbat", "officetype": "S.O" }, "geometry": { "type": "Polygon", "coordinates": [ [ [ 75.09732839948623, 30.217790906725099 ], [ 75.109724356893594, 30.258679715796347 ], [ 75.126077708119851, 30.25497718984559 ], [ 75.13609143337311, 30.264029064989415 ], [ 75.128394150369786, 30.277645911429715 ], [ 75.155096262083021, 30.287718678973874 ], [ 75.15766900032429, 30.266822999581905 ], [ 75.223129000003382, 30.26464499986696 ], [ 75.199188000326046, 30.239177999964795 ], [ 75.185478000309558, 30.238007999969398 ], [ 75.191863999823795, 30.227105999942069 ], [ 75.16328400025651, 30.199347999610723 ], [ 75.145977542130026, 30.206094065189063 ], [ 75.105031643195787, 30.194923819878625 ], [ 75.112883798448593, 30.21391894040687 ], [ 75.09732839948623, 30.217790906725099 ] ] ] } },
{ "type": "Feature", "properties": { "pincode": "151201", "state": "Punjab", "district": "Bathinda", "officename": "Goniana Mandi", "officetype": "S.O" }, "geometry": { "type": "Polygon", "coordinates": [ [ [ 74.963692185845787, 30.236822308602825 ], [ 74.931548531839326, 30.271589926234242 ], [ 74.879974734546465, 30.269068005983684 ], [ 74.845205418994965, 30.277842430383885 ], [ 74.828699308026785, 30.269753425180625 ], [ 74.827966981091322, 30.256177138164446 ], [ 74.808529256520103, 30.237315360115872 ], [ 74.787594426941212, 30.245104520557277 ], [ 74.773591342366672, 30.234922475491885 ], [ 74.732604028753144, 30.227579935465769 ], [ 74.721978733931564, 30.237963954772738 ], [ 74.720795000389103, 30.251885999639228 ], [ 74.737953000230789, 30.279191999811133 ], [ 74.752205000060883, 30.285809000085408 ], [ 74.725715999793692, 30.307909000300185 ], [ 74.785240000025965, 30.335213000379724 ], [ 74.702202000022396, 30.355735999816659 ], [ 74.724045000076785, 30.365312999895139 ], [ 74.786406999883241, 30.339203000018472 ], [ 74.822235000045282, 30.393119999788269 ], [ 74.854256000014516, 30.376673000358835 ], [ 74.874718000235646, 30.389526000424723 ], [ 74.923065000349595, 30.366502999913678 ], [ 74.972999999950105, 30.395163999618944 ], [ 75.05377014537612, 30.374329676473508 ], [ 75.048459093812255, 30.345001726948226 ], [ 75.023555011954329, 30.311011928457788 ], [ 75.043703459047492, 30.297587493767878 ], [ 75.049135841745681, 30.280540897444553 ], [ 75.032680721438282, 30.268735183981732 ], [ 75.03992397720981, 30.256017138879884 ], [ 75.008636563226787, 30.257299540641384 ], [ 75.00654453959902, 30.269538258783768 ], [ 74.99312967999083, 30.263057867326893 ], [ 75.001917766891495, 30.246848091066568 ], [ 74.97459987048768, 30.246808528990471 ], [ 74.963692185845787, 30.236822308602825 ] ] ] } },
{ "type": "Feature", "properties": { "pincode": "151202", "state": "Punjab", "district": "Faridkot, Muktsar", "officename": "Jaitu", "officetype": "S.O" }, "geometry": { "type": "Polygon", "coordinates": [ [ [ 74.734169000199302, 30.464219999653324 ], [ 74.762105613083634, 30.490810173650743 ], [ 74.766106654598616, 30.481447058434924 ], [ 74.810417126849131, 30.475701745838933 ], [ 74.825587006235367, 30.464429684682329 ], [ 74.8650357947663, 30.462893553594711 ], [ 74.881154211597561, 30.489153560388672 ], [ 74.910450829642173, 30.486308262816181 ], [ 74.919779849760346, 30.457927144722134 ], [ 74.908234007993087, 30.449632576082536 ], [ 74.945351726800936, 30.439675580963467 ], [ 74.937678299214269, 30.428556037631154 ], [ 74.899526335771782, 30.423319700843706 ], [ 74.91572574015089, 30.405018161758733 ], [ 74.957297999802904, 30.384522999936678 ], [ 74.945602000032409, 30.384163000422234 ], [ 74.923065000349595, 30.366502999913678 ], [ 74.874718000235646, 30.389526000424723 ], [ 74.854256000014516, 30.376673000358835 ], [ 74.822235000045282, 30.393119999788269 ], [ 74.780724000412363, 30.33889400015812 ], [ 74.724045000076785, 30.365312999895139 ], [ 74.738982195172184, 30.369691817823309 ], [ 74.757758999878092, 30.391538999725128 ], [ 74.755638000093768, 30.433243000164452 ], [ 74.732574000389889, 30.453128999903583 ], [ 74.734169000199302, 30.464219999653324 ] ] ] } },
{ "type": "Feature", "properties": { "pincode": "151203", "state": "Punjab", "district": "Faridkot", "officename": "Faridkot", "officetype": "H.O" }, "geometry": { "type": "Polygon", "coordinates": [ [ [ 74.729256178329933, 30.658170327298876 ], [ 74.700576925085215, 30.669532550886629 ], [ 74.697539115038296, 30.678969236041326 ], [ 74.67861346533914, 30.678212236205923 ], [ 74.690335748695929, 30.6945991078627 ], [ 74.724233690432584, 30.708194197903936 ], [ 74.736915650237165, 30.704518670500306 ], [ 74.733838370744422, 30.712392717050363 ], [ 74.742600478029658, 30.705759749312961 ], [ 74.751314885273871, 30.71409252205234 ], [ 74.782496322247482, 30.696422071421637 ], [ 74.797852945856846, 30.673097748562384 ], [ 74.746413457814924, 30.64162845838672 ], [ 74.729256178329933, 30.658170327298876 ] ] ] } },
{ "type": "Feature", "properties": { "pincode": "151204", "state": "Punjab", "district": "Faridkot", "officename": "Kotkapura", "officetype": "S.O" }, "geometry": { "type": "Polygon", "coordinates": [ [ [ 74.747611999594199, 30.493057000280373 ], [ 74.72023000041429, 30.503592999617354 ], [ 74.749315062839969, 30.516945999358484 ], [ 74.777704150725981, 30.50668153052834 ], [ 74.783333239437582, 30.512540050682844 ], [ 74.777928054036465, 30.528229239987581 ], [ 74.795720185638061, 30.538036134659933 ], [ 74.812032025957421, 30.532018908445878 ], [ 74.81273642894314, 30.512719747818267 ], [ 74.851073027698249, 30.522204988269834 ], [ 74.863347528066015, 30.533462106291211 ], [ 74.864346812455608, 30.54604164950257 ], [ 74.853655260981611, 30.570792948236033 ], [ 74.875319619704783, 30.585732376348233 ], [ 74.908418440058938, 30.572212865331551 ], [ 74.903526000424733, 30.54913499988038 ], [ 74.926035292894483, 30.539810274924321 ], [ 74.931565715185627, 30.52001820757431 ], [ 74.929726762580174, 30.514278108348151 ], [ 74.915076641873725, 30.521430005590389 ], [ 74.901996756345284, 30.511672097889118 ], [ 74.898429305867865, 30.490672817496716 ], [ 74.880003154022461, 30.488411946154486 ], [ 74.8650357947663, 30.462893553594711 ], [ 74.825587006235367, 30.464429684682329 ], [ 74.810417126849131, 30.475701745838933 ], [ 74.766106654598616, 30.481447058434924 ], [ 74.759513999871274, 30.496287999991182 ], [ 74.747611999594199, 30.493057000280373 ] ] ] } },
{ "type": "Feature", "properties": { "pincode": "151205", "state": "Punjab", "district": "Faridkot", "officename": "Baja Khana", "officetype": "S.O" }, "geometry": { "type": "Polygon", "coordinates": [ [ [ 74.945351726800936, 30.439675580963467 ], [ 74.908234007993087, 30.449632576082536 ], [ 74.919779849760346, 30.457927144722134 ], [ 74.911977280427323, 30.466767782607178 ], [ 74.914939414322646, 30.482879104687015 ], [ 74.939171510157109, 30.478300246959009 ], [ 74.966641740024443, 30.458363645066242 ], [ 74.975131740337702, 30.462363576817779 ], [ 74.973056351469495, 30.476318408268014 ], [ 74.980336351741414, 30.484559941188479 ], [ 75.025818000300603, 30.483559000247681 ], [ 75.032249000091213, 30.471991000084529 ], [ 75.0461119999689, 30.472733000128017 ], [ 75.044059999769274, 30.464489000367109 ], [ 75.054703000443283, 30.45283699992774 ], [ 75.033211000387382, 30.456821000189166 ], [ 75.022247000198888, 30.444718999682209 ], [ 75.024117000099636, 30.426247000398803 ], [ 75.049521999840522, 30.412909999596934 ], [ 75.056113999861395, 30.38836900012933 ], [ 75.042313000144986, 30.377322999756814 ], [ 74.972999999950105, 30.395163999618944 ], [ 74.957297999802904, 30.384522999936678 ], [ 74.91572574015089, 30.405018161758733 ], [ 74.899526335771782, 30.423319700843706 ], [ 74.941988233570157, 30.431364370369579 ], [ 74.945351726800936, 30.439675580963467 ] ] ] } },
{ "type": "Feature", "properties": { "pincode": "151206", "state": "Punjab", "district": "Bathinda", "officename": "Bhagta Bhai", "officetype": "S.O" }, "geometry": { "type": "Polygon", "coordinates": [ [ [ 75.0461119999689, 30.472733000128017 ], [ 75.032249000091213, 30.471991000084529 ], [ 75.025818000300603, 30.483559000247681 ], [ 75.008140999907368, 30.488152999861086 ], [ 75.035323999802813, 30.503852999916148 ], [ 75.060912999935169, 30.502512000128831 ], [ 75.084610000051612, 30.528365999891037 ], [ 75.126215784630801, 30.522308656719304 ], [ 75.151516168936098, 30.499136697001006 ], [ 75.123110397726748, 30.44898876851687 ], [ 75.132805292630337, 30.441093539335327 ], [ 75.129152760891373, 30.426670256427428 ], [ 75.157284719114614, 30.410775297741964 ], [ 75.173751993759424, 30.379257704079748 ], [ 75.163882182516829, 30.370106428668862 ], [ 75.151428000302076, 30.371775000216132 ], [ 75.115821999585705, 30.406222999691806 ], [ 75.09587100044638, 30.407581000263008 ], [ 75.092711999559185, 30.414129000053379 ], [ 75.056113999861395, 30.38836900012933 ], [ 75.052657999667076, 30.408833000442826 ], [ 75.024117000099636, 30.426247000398803 ], [ 75.027939000084928, 30.436065999946095 ], [ 75.020774999766616, 30.43907200007277 ], [ 75.033211000387382, 30.456821000189166 ], [ 75.054703000443283, 30.45283699992774 ], [ 75.044059999769274, 30.464489000367109 ], [ 75.0461119999689, 30.472733000128017 ] ] ] } },
{ "type": "Feature", "properties": { "pincode": "151207", "state": "Punjab", "district": "Faridkot", "officename": "Panj Grain Kalan", "officetype": "S.O" }, "geometry": { "type": "Polygon", "coordinates": [ [ [ 74.822383255982572, 30.618666379749811 ], [ 74.816831045816286, 30.637425157545067 ], [ 74.846816390763934, 30.646629545117548 ], [ 74.865881754639304, 30.638849132381608 ], [ 74.877526588381386, 30.661985948392783 ], [ 74.862048854870864, 30.665765057011868 ], [ 74.877249049504144, 30.674331598624519 ], [ 74.877044882715268, 30.692924048606017 ], [ 74.907834004835536, 30.698530367382716 ], [ 74.914993000426705, 30.680017000184534 ], [ 74.922676000397189, 30.686049999607917 ], [ 74.923911999838992, 30.677322000010406 ], [ 74.955414000156111, 30.674294999814492 ], [ 74.948501999767529, 30.613193999703412 ], [ 74.954441162130138, 30.577854547249615 ], [ 74.930602999928624, 30.553946999654499 ], [ 74.927193000057002, 30.539267999918422 ], [ 74.903526000424733, 30.54913499988038 ], [ 74.908418440058938, 30.572212865331551 ], [ 74.875319619704783, 30.585732376348233 ], [ 74.853655260981611, 30.570792948236033 ], [ 74.863347528066015, 30.533462106291211 ], [ 74.844243112929348, 30.517326802889727 ], [ 74.81273642894314, 30.512719747818267 ], [ 74.812032025957421, 30.532018908445878 ], [ 74.796904308587102, 30.53710495592901 ], [ 74.796865727671388, 30.548617004771017 ], [ 74.767361513723131, 30.563024649368174 ], [ 74.762274344785112, 30.57512502030346 ], [ 74.773676429923398, 30.586092404640908 ], [ 74.776465109777234, 30.607531931053927 ], [ 74.805420961208483, 30.596306773139133 ], [ 74.822383255982572, 30.618666379749811 ] ] ] } },
{ "type": "Feature", "properties": { "pincode": "151208", "state": "Punjab", "district": "Faridkot", "officename": "Bargari", "officetype": "S.O" }, "geometry": { "type": "Polygon", "coordinates": [ [ [ 74.939171510157109, 30.478300246959009 ], [ 74.898429305867865, 30.490672817496716 ], [ 74.901813131870711, 30.511179085946026 ], [ 74.920348281548058, 30.522815522718247 ], [ 74.929726762580174, 30.514278108348151 ], [ 74.927330000079507, 30.548580000366826 ], [ 74.945839000169826, 30.569780000446713 ], [ 74.979301000041232, 30.542742000043347 ], [ 74.991797999877974, 30.543225999880178 ], [ 74.99710099981138, 30.534057999776905 ], [ 74.991684000016676, 30.496761000220033 ], [ 74.998203345608033, 30.489159906005 ], [ 74.973655412367634, 30.478025693830887 ], [ 74.975131740337702, 30.462363576817779 ], [ 74.966641740024443, 30.458363645066242 ], [ 74.939171510157109, 30.478300246959009 ] ] ] } },
{ "type": "Feature", "properties": { "pincode": "151209", "state": "Punjab", "district": "Faridkot", "officename": "Sandhwan", "officetype": "S.O" }, "geometry": { "type": "Polygon", "coordinates": [ [ [ 74.751474308992329, 30.625963638011626 ], [ 74.75609067204681, 30.638004067334009 ], [ 74.778642406222218, 30.629031632903718 ], [ 74.7864492545296, 30.637143259653726 ], [ 74.789635242272709, 30.6267977457195 ], [ 74.818640586993638, 30.630627982595456 ], [ 74.822383255982572, 30.618666379749811 ], [ 74.805420961208483, 30.596306773139133 ], [ 74.776465109777234, 30.607531931053927 ], [ 74.773676429923398, 30.586092404640908 ], [ 74.762274344785112, 30.57512502030346 ], [ 74.767361513723131, 30.563024649368174 ], [ 74.801045102949274, 30.542361136257455 ], [ 74.777928054036465, 30.528229239987581 ], [ 74.783333239437582, 30.512540050682844 ], [ 74.772013302871699, 30.506124299796738 ], [ 74.749315062839969, 30.516945999358484 ], [ 74.72023000041429, 30.503592999617354 ], [ 74.687599000193813, 30.520974999896453 ], [ 74.687271000356418, 30.528904000419288 ], [ 74.722848310900929, 30.56957203761948 ], [ 74.702264481320924, 30.58031492509383 ], [ 74.71413202047637, 30.62255166143018 ], [ 74.751474308992329, 30.625963638011626 ] ] ] } },
{ "type": "Feature", "properties": { "pincode": "151210", "state": "Punjab", "district": "Muktsar", "officename": "Alamwala", "officetype": "S.O" }, "geometry": { "type": "Polygon", "coordinates": [ [ [ 74.286963999589034, 30.23143399987913 ], [ 74.261580999963314, 30.246270999707008 ], [ 74.282935999996539, 30.272969999765792 ], [ 74.298401000006209, 30.263373999710439 ], [ 74.304337000352405, 30.305683000170347 ], [ 74.321495000194091, 30.328850000127488 ], [ 74.321141300430781, 30.346301901111929 ], [ 74.364778897228462, 30.332521913155915 ], [ 74.361402566175684, 30.31891652767564 ], [ 74.36943725142811, 30.306054261894815 ], [ 74.406445993987518, 30.302316546371571 ], [ 74.397468883981787, 30.282866121574386 ], [ 74.445904184930441, 30.275221684533335 ], [ 74.44174087244329, 30.262727877289819 ], [ 74.44960808594459, 30.242561067839176 ], [ 74.426886397889064, 30.231295578028664 ], [ 74.441111531372144, 30.214901642197219 ], [ 74.411010611850429, 30.187191126968969 ], [ 74.418515895891971, 30.164641618615974 ], [ 74.388357232700287, 30.155811676367875 ], [ 74.367415284088224, 30.160356149416771 ], [ 74.36563530722367, 30.151852735715238 ], [ 74.336791999651098, 30.161545000101682 ], [ 74.357017999780965, 30.239604999870949 ], [ 74.315848999731543, 30.241314000440809 ], [ 74.286963999589034, 30.23143399987913 ] ] ] } },
{ "type": "Feature", "properties": { "pincode": "151212", "state": "Punjab", "district": "Faridkot", "officename": "Sadiq", "officetype": "S.O" }, "geometry": { "type": "Polygon", "coordinates": [ [ [ 74.532249000191314, 30.780220000352813 ], [ 74.599751849468532, 30.806652909903903 ], [ 74.605349790160687, 30.796140026741 ], [ 74.597404196246828, 30.775942868768425 ], [ 74.614008025749968, 30.765145722497323 ], [ 74.623456024376082, 30.709535073584846 ], [ 74.667338648659779, 30.703108348271655 ], [ 74.685108623664121, 30.688532502573082 ], [ 74.679817189911432, 30.677411675908218 ], [ 74.67198885769983, 30.66768791726372 ], [ 74.6588905018952, 30.66899184969418 ], [ 74.621139688246046, 30.63350477802328 ], [ 74.57761400038595, 30.658675999897582 ], [ 74.482764999804999, 30.673512999725233 ], [ 74.470008999715731, 30.742970000265473 ], [ 74.524497999782909, 30.768567999913444 ], [ 74.532249000191314, 30.780220000352813 ] ] ] } },
{ "type": "Feature", "properties": { "pincode": "151213", "state": "Punjab", "district": "Faridkot", "officename": "Harindra Nagar (Faridkot)", "officetype": "S.O" }, "geometry": { "type": "Polygon", "coordinates": [ [ [ 74.679817189911432, 30.677411675908218 ], [ 74.697539115038296, 30.678969236041326 ], [ 74.700576925085215, 30.669532550886629 ], [ 74.737361583570305, 30.65437368189987 ], [ 74.746413457814924, 30.64162845838672 ], [ 74.797852945856846, 30.673097748562384 ], [ 74.782496322247482, 30.696422071421637 ], [ 74.751314885273871, 30.71409252205234 ], [ 74.685108623664121, 30.688532502573082 ], [ 74.663103622434392, 30.704738818241935 ], [ 74.650871751729994, 30.700923536192363 ], [ 74.623456024376082, 30.709535073584846 ], [ 74.614008025749968, 30.765145722497323 ], [ 74.597404196246828, 30.775942868768425 ], [ 74.605349790160687, 30.796140026741 ], [ 74.599341512201079, 30.806512795529216 ], [ 74.62520599985703, 30.831044999627238 ], [ 74.646674999751554, 30.814810000081479 ], [ 74.664864000373484, 30.829576000232407 ], [ 74.771461000424893, 30.812127999607469 ], [ 74.784508000443907, 30.791888999777484 ], [ 74.80704500012672, 30.785293999618318 ], [ 74.817192000410671, 30.764996999811785 ], [ 74.839606999863292, 30.765698999809103 ], [ 74.860382000129334, 30.742278999876135 ], [ 74.911171000441414, 30.735771000131649 ], [ 74.907834004835536, 30.698530367382716 ], [ 74.877044882715268, 30.692924048606017 ], [ 74.877249049504144, 30.674331598624519 ], [ 74.862048854870864, 30.665765057011868 ], [ 74.877526588381386, 30.661985948392783 ], [ 74.865881754639304, 30.638849132381608 ], [ 74.846816390763934, 30.646629545117548 ], [ 74.816831045816286, 30.637425157545067 ], [ 74.817124142964985, 30.629883830474512 ], [ 74.789635242272709, 30.6267977457195 ], [ 74.7864492545296, 30.637143259653726 ], [ 74.778642406222218, 30.629031632903718 ], [ 74.75609067204681, 30.638004067334009 ], [ 74.751474308992329, 30.625963638011626 ], [ 74.71413202047637, 30.62255166143018 ], [ 74.702264481320924, 30.58031492509383 ], [ 74.722767372816065, 30.572943425099083 ], [ 74.714873866735672, 30.555988605489802 ], [ 74.64733100032538, 30.593845000446549 ], [ 74.627983000215409, 30.613962000046399 ], [ 74.621139688246046, 30.63350477802328 ], [ 74.6588905018952, 30.66899184969418 ], [ 74.67198885769983, 30.66768791726372 ], [ 74.679817189911432, 30.677411675908218 ] ] ] } },
{ "type": "Feature", "properties": { "pincode": "151301", "state": "Punjab", "district": "Bathinda", "officename": "Raman", "officetype": "S.O" }, "geometry": { "type": "Polygon", "coordinates": [ [ [ 74.850629368750447, 29.999509465189703 ], [ 74.864637101021628, 30.026639279179506 ], [ 74.895806847707888, 30.038804972371736 ], [ 74.862040841911494, 30.065363401199988 ], [ 74.873108467381996, 30.085529039733387 ], [ 74.931306281459797, 30.08933489868673 ], [ 74.934655361256034, 30.098210339435809 ], [ 74.968764999804876, 30.091948000300022 ], [ 75.017791999800977, 30.067047000418938 ], [ 75.039214254734134, 30.077383927626272 ], [ 75.054189573889914, 30.072770358765126 ], [ 75.061534056451592, 30.059944699887978 ], [ 75.058749537761116, 30.045280474214735 ], [ 75.039464821144634, 30.040908665602558 ], [ 75.038186623713898, 30.026734424754125 ], [ 75.040447472572907, 30.009535804334007 ], [ 75.056316155766012, 30.003864923227809 ], [ 75.01772204153923, 29.97699344848894 ], [ 75.042285283938782, 29.972144578309837 ], [ 75.058142699526002, 29.957323007250977 ], [ 75.06426924822739, 29.946518241024194 ], [ 75.05553572949043, 29.925827192471104 ], [ 75.081418469786684, 29.894696683205439 ], [ 75.075629999624823, 29.87737100027158 ], [ 75.061881999654702, 29.873217000264503 ], [ 75.047615000032295, 29.880172999983984 ], [ 74.999939000284769, 29.854919000011876 ], [ 74.97952300038628, 29.87920600035676 ], [ 74.979957999762007, 29.888462000021264 ], [ 74.953223999887882, 29.901163000272277 ], [ 74.925857999647064, 29.947879999862323 ], [ 74.895309000110274, 29.937890999670003 ], [ 74.904464999660092, 29.951715000446995 ], [ 74.891616999824691, 29.967166999857284 ], [ 74.88205699963089, 29.957951000238552 ], [ 74.85970300029328, 29.958010000261538 ], [ 74.831450999664014, 29.972005999977 ], [ 74.828588992687855, 29.982950108960495 ], [ 74.850629368750447, 29.999509465189703 ] ] ] } },
{ "type": "Feature", "properties": { "pincode": "151302", "state": "Punjab", "district": "Bathinda", "officename": "Talwandi Sabo", "officetype": "S.O" }, "geometry": { "type": "Polygon", "coordinates": [ [ [ 75.043739000254789, 30.096110999822884 ], [ 75.041602999778775, 30.102933999704419 ], [ 75.053993000077014, 30.108064999799979 ], [ 75.085425999910058, 30.089937000192435 ], [ 75.103371000071832, 30.086654999928328 ], [ 75.115653999932249, 30.101529999709783 ], [ 75.130032682762248, 30.093161683964695 ], [ 75.132636357681804, 30.084681689508386 ], [ 75.098133185697918, 30.057918020999978 ], [ 75.104250162015433, 30.032979622811467 ], [ 75.099264339477827, 30.026034388875985 ], [ 75.114934313867536, 30.019475054929899 ], [ 75.109642718236898, 30.028961042718095 ], [ 75.115895092884443, 30.040825954054696 ], [ 75.14762905263882, 30.040460781639922 ], [ 75.151566441038483, 30.024224421419888 ], [ 75.176974089283021, 30.012061958592597 ], [ 75.19292828990865, 29.987485870276885 ], [ 75.169509999586978, 29.924156000299263 ], [ 75.181091000349625, 29.910489999613844 ], [ 75.18495200033459, 29.883283999557136 ], [ 75.199539000324535, 29.887114999957419 ], [ 75.212981999719432, 29.878856999550919 ], [ 75.215668000377946, 29.85731699997973 ], [ 75.187012000003733, 29.845427000255938 ], [ 75.185332999917932, 29.827587000439848 ], [ 75.165543000109437, 29.81790700010805 ], [ 75.159012000203745, 29.794206999853316 ], [ 75.16923500039502, 29.78228599959931 ], [ 75.164085000322586, 29.779079000095862 ], [ 75.145493000002148, 29.77848399963699 ], [ 75.134994999719595, 29.803761999816629 ], [ 75.100212000083843, 29.804865000319637 ], [ 75.103385999864145, 29.817527999717527 ], [ 75.117209999741931, 29.824734000173919 ], [ 75.114182000399126, 29.83622600042969 ], [ 75.091103000003557, 29.852420999929393 ], [ 75.114395000329182, 29.871441000202083 ], [ 75.112884999942935, 29.895299999695339 ], [ 75.09503200042667, 29.913450000317425 ], [ 75.081418469786684, 29.894696683205439 ], [ 75.07447319268374, 29.898769624618524 ], [ 75.05553572949043, 29.925827192471104 ], [ 75.06426924822739, 29.946518241024194 ], [ 75.058142699526002, 29.957323007250977 ], [ 75.042285283938782, 29.972144578309837 ], [ 75.01772204153923, 29.97699344848894 ], [ 75.056316155766012, 30.003864923227809 ], [ 75.040447472572907, 30.009535804334007 ], [ 75.038553931119168, 30.019635215193091 ], [ 75.039464821144634, 30.040908665602558 ], [ 75.057131191551377, 30.043636596252099 ], [ 75.06128239106954, 30.053331025306647 ], [ 75.058868855313563, 30.06938883682551 ], [ 75.039214254734134, 30.077383927626272 ], [ 75.043342999979586, 30.081568000063271 ], [ 75.035416000448151, 30.091476000117439 ], [ 75.043739000254789, 30.096110999822884 ] ] ] } },
{ "type": "Feature", "properties": { "pincode": "151401", "state": "Punjab", "district": "Bathinda", "officename": "Sangat", "officetype": "S.O" }, "geometry": { "type": "Polygon", "coordinates": [ [ [ 74.652748902140218, 30.159008768040337 ], [ 74.688049000261231, 30.16621999985324 ], [ 74.704895000104329, 30.160329999829742 ], [ 74.733978000384582, 30.17807799989987 ], [ 74.762908999950525, 30.145511999978908 ], [ 74.79755862023427, 30.153116045769139 ], [ 74.821077999749889, 30.134055582299311 ], [ 74.874398999914035, 30.123047703288876 ], [ 74.882354754368578, 30.134259264353659 ], [ 74.90774651968627, 30.133371146061677 ], [ 74.900381479521684, 30.095977999085392 ], [ 74.893254093301834, 30.086467163928603 ], [ 74.873108467381996, 30.085529039733387 ], [ 74.862022281703048, 30.068454111168478 ], [ 74.893579307039545, 30.046592405215392 ], [ 74.894350614189591, 30.035525385887922 ], [ 74.864637101021628, 30.026639279179506 ], [ 74.846869798802288, 29.994308753246457 ], [ 74.827828671655993, 29.98169773466293 ], [ 74.811256000064475, 29.99158700004017 ], [ 74.786017999930777, 29.97344799992527 ], [ 74.733947999900522, 29.961029000088388 ], [ 74.707298000302615, 29.970384999867917 ], [ 74.704468000198176, 29.987263000287271 ], [ 74.717247000448822, 30.014279999722191 ], [ 74.696220000252879, 30.033332999718255 ], [ 74.694267000122011, 30.045063000157484 ], [ 74.705421000079127, 30.065052000149933 ], [ 74.684013000299842, 30.072411999614076 ], [ 74.676337999798875, 30.087831000200595 ], [ 74.683730999885881, 30.111368000133325 ], [ 74.657356000379309, 30.109030000234384 ], [ 74.632033999969224, 30.127281000118217 ], [ 74.652748902140218, 30.159008768040337 ] ] ] } },
{ "type": "Feature", "properties": { "pincode": "151501", "state": "Punjab", "district": "Mansa", "officename": "Bareta", "officetype": "S.O" }, "geometry": { "type": "Polygon", "coordinates": [ [ [ 75.614612374461615, 29.852675706818388 ], [ 75.610850541819104, 29.871043298409518 ], [ 75.639627393089881, 29.898601049399133 ], [ 75.624234453956944, 29.921747106843725 ], [ 75.631673225039435, 29.930869309870786 ], [ 75.667404000394413, 29.926820999989332 ], [ 75.673500000025228, 29.908655000427984 ], [ 75.704865000319614, 29.918243000114501 ], [ 75.708770999681974, 29.933712000308674 ], [ 75.732773000373811, 29.933105000195724 ], [ 75.757240000026115, 29.913596999901642 ], [ 75.76657899992091, 29.918254999768521 ], [ 75.770728999743653, 29.896969000219428 ], [ 75.760085999969021, 29.89187800016964 ], [ 75.764969000319184, 29.873259000402584 ], [ 75.757720999724484, 29.860454999898479 ], [ 75.776627000136102, 29.852324999998871 ], [ 75.774703999590088, 29.83457799997484 ], [ 75.75112899970361, 29.824734000173919 ], [ 75.736663999943687, 29.80854199991353 ], [ 75.716560000044012, 29.805690999739966 ], [ 75.707985000307588, 29.752238999830013 ], [ 75.697944999562139, 29.748822999681806 ], [ 75.666938999635306, 29.773183999841876 ], [ 75.635864000123547, 29.770394999829421 ], [ 75.634171330342838, 29.764660390964309 ], [ 75.602509652698359, 29.773047191374928 ], [ 75.605859678581396, 29.788141160785983 ], [ 75.621972154491516, 29.789406809077036 ], [ 75.613841566435326, 29.799698820544279 ], [ 75.626173939076125, 29.807660023091614 ], [ 75.608739632428183, 29.841613410730531 ], [ 75.614612374461615, 29.852675706818388 ] ] ] } },
{ "type": "Feature", "properties": { "pincode": "151502", "state": "Punjab", "district": "Mansa", "officename": "Budhlada", "officetype": "S.O" }, "geometry": { "type": "Polygon", "coordinates": [ [ [ 75.467761667467016, 29.988892781376876 ], [ 75.46931030902374, 30.009499115591836 ], [ 75.504946859709946, 30.024264214621837 ], [ 75.507895589210136, 30.001505196607695 ], [ 75.525401513369331, 29.997350344942447 ], [ 75.541044222113271, 30.010537762408035 ], [ 75.543996597465139, 30.030985473301087 ], [ 75.578246238872907, 30.044070502951456 ], [ 75.614517862909111, 30.039901002229556 ], [ 75.597840867262448, 30.056060777083246 ], [ 75.600131743585223, 30.062542430289056 ], [ 75.637878000369597, 30.067437999564163 ], [ 75.642310999752965, 30.03027499989139 ], [ 75.651062000411173, 30.023372999964067 ], [ 75.65875199980502, 30.034949999642777 ], [ 75.682441999598723, 30.038725000158706 ], [ 75.678833000442637, 30.03019299970731 ], [ 75.691917000369358, 30.014229000068269 ], [ 75.680061000414923, 29.99558400000177 ], [ 75.653037999804042, 29.982179999707341 ], [ 75.659233000402764, 29.976916999819878 ], [ 75.640868999804582, 29.935140999657392 ], [ 75.650283999606927, 29.937562999832551 ], [ 75.652720511242592, 29.933124283458937 ], [ 75.631673225039435, 29.930869309870786 ], [ 75.624234453956944, 29.921747106843725 ], [ 75.639627393089881, 29.898601049399133 ], [ 75.615725153293226, 29.873438099488737 ], [ 75.582198672031268, 29.868251293762341 ], [ 75.543858289828336, 29.879139889394366 ], [ 75.516216654575089, 29.896774056877234 ], [ 75.471973926455576, 29.876621557439137 ], [ 75.458728698770642, 29.896869043271806 ], [ 75.464748577984608, 29.918068411128388 ], [ 75.471263900009035, 29.916161413118743 ], [ 75.462494958775494, 29.937094708454083 ], [ 75.497386849223687, 29.959389626829932 ], [ 75.467761667467016, 29.988892781376876 ] ] ] } },
{ "type": "Feature", "properties": { "pincode": "151503", "state": "Punjab", "district": "Mansa", "officename": "Boha", "officetype": "S.O" }, "geometry": { "type": "Polygon", "coordinates": [ [ [ 75.426765417290369, 29.822435304246085 ], [ 75.38887056912148, 29.835829903927106 ], [ 75.398964222520931, 29.855401104977091 ], [ 75.409129324358901, 29.861946271903037 ], [ 75.423050992409458, 29.858859692520923 ], [ 75.437300455252, 29.874908818387439 ], [ 75.426123087310771, 29.88860216385882 ], [ 75.448854207455895, 29.895326516205728 ], [ 75.458728698770642, 29.896869043271806 ], [ 75.471973926455576, 29.876621557439137 ], [ 75.516216654575089, 29.896774056877234 ], [ 75.572960151589768, 29.870369481366481 ], [ 75.610850541819104, 29.871043298409518 ], [ 75.615057680967425, 29.854287535641333 ], [ 75.608739632428183, 29.841613410730531 ], [ 75.626173939076125, 29.807660023091614 ], [ 75.613841566435326, 29.799698820544279 ], [ 75.621972154491516, 29.789406809077036 ], [ 75.605859678581396, 29.788141160785983 ], [ 75.602509652698359, 29.773047191374928 ], [ 75.634171330342838, 29.764660390964309 ], [ 75.63308000034192, 29.750786000273933 ], [ 75.623657000170454, 29.743631000370442 ], [ 75.57918499978814, 29.73986100008517 ], [ 75.566833000342797, 29.763113000364683 ], [ 75.554595999905473, 29.769075000111172 ], [ 75.540610999797821, 29.770048000015322 ], [ 75.522072000122876, 29.757409999971685 ], [ 75.516716000443182, 29.771443999640894 ], [ 75.461198662488471, 29.801721690803504 ], [ 75.46138311254083, 29.821528989071737 ], [ 75.44023261024671, 29.83136426095183 ], [ 75.426765417290369, 29.822435304246085 ] ] ] } },
{ "type": "Feature", "properties": { "pincode": "151504", "state": "Punjab", "district": "Mansa", "officename": "Bhikhi", "officetype": "S.O" }, "geometry": { "type": "Polygon", "coordinates": [ [ [ 75.472963450503016, 30.064228276913468 ], [ 75.423455194501685, 30.086680170153898 ], [ 75.47259559451112, 30.120721508790723 ], [ 75.450215129025082, 30.134994042840788 ], [ 75.478952146624408, 30.139694124684183 ], [ 75.484585016085759, 30.160449247235078 ], [ 75.492415802547328, 30.162654505401235 ], [ 75.500504000159424, 30.150014999892505 ], [ 75.527672000262726, 30.139773999770284 ], [ 75.538589000082425, 30.148323000106529 ], [ 75.55007900024583, 30.137471999733066 ], [ 75.566208000299071, 30.147984999807818 ], [ 75.605888000031257, 30.13462999997472 ], [ 75.628435068523515, 30.143097846388628 ], [ 75.636618219255524, 30.122671349603081 ], [ 75.659955415909735, 30.115209874236427 ], [ 75.630155162231006, 30.084420312347731 ], [ 75.637878000369597, 30.067437999564163 ], [ 75.600131743585223, 30.062542430289056 ], [ 75.597840867262448, 30.056060777083246 ], [ 75.614517862909111, 30.039901002229556 ], [ 75.578246238872907, 30.044070502951456 ], [ 75.543996597465139, 30.030985473301087 ], [ 75.541044222113271, 30.010537762408035 ], [ 75.525401513369331, 29.997350344942447 ], [ 75.507895589210136, 30.001505196607695 ], [ 75.504946859709946, 30.024264214621837 ], [ 75.45827837224914, 30.005524610372504 ], [ 75.472963450503016, 30.064228276913468 ] ] ] } },
{ "type": "Feature", "properties": { "pincode": "151505", "state": "Punjab", "district": "Mansa", "officename": "Mansa (Mansa)", "officetype": "S.O" }, "geometry": { "type": "Polygon", "coordinates": [ [ [ 75.169509999586978, 29.924156000299263 ], [ 75.191872000192689, 29.9774300000945 ], [ 75.234619000166788, 29.95679900017376 ], [ 75.253380000186951, 29.979859999739176 ], [ 75.274368000383049, 29.969963000192536 ], [ 75.279335000110336, 30.00020600000704 ], [ 75.303169000249341, 30.014440999952228 ], [ 75.310906933508249, 30.006627346474943 ], [ 75.308079891274019, 29.995816180672364 ], [ 75.288558574718593, 29.973445828062722 ], [ 75.311124101795883, 29.95436624410695 ], [ 75.325204409355933, 29.959581516973515 ], [ 75.329103161981436, 29.976325870042956 ], [ 75.367734222156685, 29.994646948697834 ], [ 75.370053632169572, 30.008991504954224 ], [ 75.360950604486789, 30.017479271351533 ], [ 75.394143641416008, 30.055955949407632 ], [ 75.403311923006981, 30.0473586941485 ], [ 75.401875891859106, 30.030318066625568 ], [ 75.427897457801464, 30.018479168179056 ], [ 75.445402621134235, 30.019396491055431 ], [ 75.452527632244596, 30.039050498082077 ], [ 75.466239990283498, 30.038539169646981 ], [ 75.45827837224914, 30.005524610372504 ], [ 75.46931030902374, 30.009499115591836 ], [ 75.467761667467016, 29.988892781376876 ], [ 75.497386849223687, 29.959389626829932 ], [ 75.462494958775494, 29.937094708454083 ], [ 75.471263900009035, 29.916161413118743 ], [ 75.464748577984608, 29.918068411128388 ], [ 75.459322719867828, 29.897409540318222 ], [ 75.426123087310771, 29.88860216385882 ], [ 75.437300455252, 29.874908818387439 ], [ 75.423050992409458, 29.858859692520923 ], [ 75.37720296454529, 29.853418631364775 ], [ 75.371483943629073, 29.869440170527525 ], [ 75.328213146119879, 29.856736218701712 ], [ 75.321636681887469, 29.877626912252424 ], [ 75.311730493067842, 29.875540487803391 ], [ 75.278947608145586, 29.850284609147423 ], [ 75.286960999250937, 29.830250616972535 ], [ 75.276771042849418, 29.818836690461012 ], [ 75.263784756961002, 29.830595345998631 ], [ 75.242381241201429, 29.8234379979653 ], [ 75.231777468055839, 29.832267422203756 ], [ 75.224025723008936, 29.819171422623185 ], [ 75.188743999835822, 29.834970000065539 ], [ 75.187012000003733, 29.845427000255938 ], [ 75.215668000377946, 29.85731699997973 ], [ 75.215767000446931, 29.863487000324881 ], [ 75.212981999719432, 29.878856999550919 ], [ 75.199539000324535, 29.887114999957419 ], [ 75.18495200033459, 29.883283999557136 ], [ 75.181091000349625, 29.910489999613844 ], [ 75.169509999586978, 29.924156000299263 ] ] ] } },
{ "type": "Feature", "properties": { "pincode": "151506", "state": "Punjab", "district": "Mansa", "officename": "Jhunir", "officetype": "S.O" }, "geometry": { "type": "Polygon", "coordinates": [ [ [ 75.212691999836125, 29.819355000333189 ], [ 75.226295316875508, 29.820037466156236 ], [ 75.231777468055839, 29.832267422203756 ], [ 75.242381241201429, 29.8234379979653 ], [ 75.263784756961002, 29.830595345998631 ], [ 75.276771042849418, 29.818836690461012 ], [ 75.286960999250937, 29.830250616972535 ], [ 75.278947608145586, 29.850284609147423 ], [ 75.321636681887469, 29.877626912252424 ], [ 75.328213146119879, 29.856736218701712 ], [ 75.371483943629073, 29.869440170527525 ], [ 75.37720296454529, 29.853418631364775 ], [ 75.400274699318061, 29.854952932332139 ], [ 75.38887056912148, 29.835829903927106 ], [ 75.398372935362715, 29.826472595633902 ], [ 75.426765417290369, 29.822435304246085 ], [ 75.441176151957961, 29.831202896496563 ], [ 75.46138311254083, 29.821528989071737 ], [ 75.461898923196884, 29.813624380860574 ], [ 75.461198662488471, 29.801721690803504 ], [ 75.454659000312745, 29.805374000409927 ], [ 75.445839000069896, 29.796375000006378 ], [ 75.454139999761423, 29.7836909996401 ], [ 75.420280000421769, 29.772874999981354 ], [ 75.407486000378753, 29.758589000382017 ], [ 75.38890799980453, 29.70886999995065 ], [ 75.372063000007529, 29.710479999552376 ], [ 75.351009797164409, 29.692793481633885 ], [ 75.333188332375755, 29.704665261992318 ], [ 75.318936885628773, 29.694047564643427 ], [ 75.311034576084978, 29.698717123496635 ], [ 75.304699093288605, 29.705701782811161 ], [ 75.310444271885672, 29.729146714649232 ], [ 75.297696587827431, 29.743769736084573 ], [ 75.241051000003722, 29.749962000046423 ], [ 75.222495999590933, 29.784476999913693 ], [ 75.208068999784587, 29.794206999853316 ], [ 75.212691999836125, 29.819355000333189 ] ] ] } },
{ "type": "Feature", "properties": { "pincode": "151507", "state": "Punjab", "district": "Mansa", "officename": "Sardulgarh", "officetype": "S.O" }, "geometry": { "type": "Polygon", "coordinates": [ [ [ 75.189369173448824, 29.623815446525782 ], [ 75.168762000166168, 29.667318000225578 ], [ 75.205199999680417, 29.685660999855372 ], [ 75.207602999878702, 29.694370000375386 ], [ 75.197204999710948, 29.709861999831503 ], [ 75.203674000354908, 29.723131000195735 ], [ 75.216178999661224, 29.733171000041807 ], [ 75.231391999740993, 29.730951000188725 ], [ 75.241051000003722, 29.749962000046423 ], [ 75.297696587827431, 29.743769736084573 ], [ 75.310444271885672, 29.729146714649232 ], [ 75.304699093288605, 29.705701782811161 ], [ 75.311034576084978, 29.698717123496635 ], [ 75.318936885628773, 29.694047564643427 ], [ 75.333188332375755, 29.704665261992318 ], [ 75.350910324951542, 29.695462316033229 ], [ 75.343894999654708, 29.685679999832246 ], [ 75.360481000098162, 29.656857999896943 ], [ 75.340179000060971, 29.66990900010029 ], [ 75.327736000016444, 29.668348000060178 ], [ 75.31745099966389, 29.630203000068434 ], [ 75.290427999952385, 29.607784000431423 ], [ 75.290184000391378, 29.600924999789129 ], [ 75.314346000367834, 29.586087999961251 ], [ 75.30042300042129, 29.559372000017788 ], [ 75.233162000426034, 29.543879999662352 ], [ 75.237877000223534, 29.556292000075928 ], [ 75.22090099978135, 29.580185000237577 ], [ 75.23101799958124, 29.604328000236933 ], [ 75.209159999734311, 29.620533000197895 ], [ 75.189369173448824, 29.623815446525782 ] ] ] } },
{ "type": "Feature", "properties": { "pincode": "151508", "state": "Punjab", "district": "Mansa", "officename": "Bhaini Bagha", "officetype": "S.O" }, "geometry": { "type": "Polygon", "coordinates": [ [ [ 75.257454675492909, 30.042259923057088 ], [ 75.303061978227845, 30.067951942328421 ], [ 75.322247250510316, 30.057638460446583 ], [ 75.330475656926126, 30.063409861476032 ], [ 75.311158355174143, 30.073972883641773 ], [ 75.292200706697315, 30.11413801096063 ], [ 75.338308011805282, 30.09646945070466 ], [ 75.347679721841928, 30.114018367853475 ], [ 75.367522176407419, 30.121196999242329 ], [ 75.37308256590768, 30.136495326098498 ], [ 75.384334142307011, 30.125197493969267 ], [ 75.398502444931978, 30.129028215579808 ], [ 75.408226217965705, 30.095316422714802 ], [ 75.430633332162699, 30.076683658824038 ], [ 75.472963450503016, 30.064228276913468 ], [ 75.471498873973985, 30.043808380252642 ], [ 75.452527632244596, 30.039050498082077 ], [ 75.445402621134235, 30.019396491055431 ], [ 75.427897457801464, 30.018479168179056 ], [ 75.401875891859106, 30.030318066625568 ], [ 75.403311923006981, 30.0473586941485 ], [ 75.39222913226871, 30.054744240654372 ], [ 75.360950604486789, 30.017479271351533 ], [ 75.370053632169572, 30.008991504954224 ], [ 75.367734222156685, 29.994646948697834 ], [ 75.329103161981436, 29.976325870042956 ], [ 75.325204409355933, 29.959581516973515 ], [ 75.311124101795883, 29.95436624410695 ], [ 75.288558574718593, 29.973445828062722 ], [ 75.308079891274019, 29.995816180672364 ], [ 75.302947999950391, 30.021412000363682 ], [ 75.264221000099326, 30.014774000020111 ], [ 75.257454675492909, 30.042259923057088 ] ] ] } },
{ "type": "Feature", "properties": { "pincode": "151509", "state": "Punjab", "district": "Bathinda", "officename": "Maur Mandi", "officetype": "S.O" }, "geometry": { "type": "Polygon", "coordinates": [ [ [ 75.072244304830974, 30.147636234624713 ], [ 75.082557999851986, 30.16562100010924 ], [ 75.083938999685074, 30.155669999870838 ], [ 75.10047100033637, 30.154845999643328 ], [ 75.116913000434693, 30.141653000085967 ], [ 75.13123299980316, 30.137780999593474 ], [ 75.139351000048748, 30.144463000167491 ], [ 75.155228000172031, 30.134319000022003 ], [ 75.222808999635845, 30.122048999861534 ], [ 75.23989899993893, 30.155367000287015 ], [ 75.263306000171781, 30.151268000118193 ], [ 75.281825248936286, 30.123653133185655 ], [ 75.305893814747776, 30.139187674172035 ], [ 75.310152458968901, 30.158773869618528 ], [ 75.32027753108332, 30.162084415263621 ], [ 75.35085300036576, 30.160360000313744 ], [ 75.349532999748192, 30.143137000172487 ], [ 75.357460000179003, 30.140467000251988 ], [ 75.316909999896609, 30.11272599980515 ], [ 75.301383999771929, 30.108212000283572 ], [ 75.292200706697315, 30.11413801096063 ], [ 75.311158355174143, 30.073972883641773 ], [ 75.330475656926126, 30.063409861476032 ], [ 75.322247250510316, 30.057638460446583 ], [ 75.306290621714993, 30.067741730296632 ], [ 75.293819890175826, 30.065265836449385 ], [ 75.254433000182985, 30.0400890001074 ], [ 75.260658000366561, 30.0164320000369 ], [ 75.284348000160207, 30.014575999882595 ], [ 75.290366999837204, 30.022273999645392 ], [ 75.302947999950391, 30.021412000363682 ], [ 75.303169000249341, 30.014440999952228 ], [ 75.279335000110336, 30.00020600000704 ], [ 75.274368000383049, 29.969963000192536 ], [ 75.253380000186951, 29.979859999739176 ], [ 75.234619000166788, 29.95679900017376 ], [ 75.221947000353907, 29.966005000230609 ], [ 75.212516999859702, 29.963375000356223 ], [ 75.205055000188167, 29.975959999754366 ], [ 75.194724999559071, 29.973014999742531 ], [ 75.176974089283021, 30.012061958592597 ], [ 75.151566441038483, 30.024224421419888 ], [ 75.14762905263882, 30.040460781639922 ], [ 75.115895092884443, 30.040825954054696 ], [ 75.109642718236898, 30.028961042718095 ], [ 75.114934313867536, 30.019475054929899 ], [ 75.099264339477827, 30.026034388875985 ], [ 75.104250162015433, 30.032979622811467 ], [ 75.098133185697918, 30.057918020999978 ], [ 75.13246389379367, 30.088566673513299 ], [ 75.115653999932249, 30.101529999709783 ], [ 75.120552000074781, 30.107379999687339 ], [ 75.108032000076776, 30.12985400006221 ], [ 75.072244304830974, 30.147636234624713 ] ] ] } },
{ "type": "Feature", "properties": { "pincode": "151510", "state": "Punjab", "district": "Mansa", "officename": "Joga", "officetype": "S.O" }, "geometry": { "type": "Polygon", "coordinates": [ [ [ 75.35085300036576, 30.160360000313744 ], [ 75.366477999659992, 30.173434999825474 ], [ 75.359656999870651, 30.187165999911031 ], [ 75.390419000236705, 30.209994999569517 ], [ 75.417708999670822, 30.187985999954037 ], [ 75.464287000045147, 30.196419000336675 ], [ 75.492415802547328, 30.162654505401235 ], [ 75.484585016085759, 30.160449247235078 ], [ 75.478952146624408, 30.139694124684183 ], [ 75.450215129025082, 30.134994042840788 ], [ 75.47259559451112, 30.120721508790723 ], [ 75.422596216042677, 30.085979966102684 ], [ 75.408226217965705, 30.095316422714802 ], [ 75.398502444931978, 30.129028215579808 ], [ 75.384334142307011, 30.125197493969267 ], [ 75.37308256590768, 30.136495326098498 ], [ 75.367522176407419, 30.121196999242329 ], [ 75.347679721841928, 30.114018367853475 ], [ 75.338308011805282, 30.09646945070466 ], [ 75.316556373877631, 30.105817160533604 ], [ 75.311915734523609, 30.111592692149088 ], [ 75.357460000179003, 30.140467000251988 ], [ 75.349532999748192, 30.143137000172487 ], [ 75.35085300036576, 30.160360000313744 ] ] ] } },
{ "type": "Feature", "properties": { "pincode": "152001", "state": "Punjab", "district": "Firozpur", "officename": "Ferozepur", "officetype": "H.O" }, "geometry": { "type": "Polygon", "coordinates": [ [ [ 74.498136640293808, 30.966531857059692 ], [ 74.540353444056336, 30.986457268688071 ], [ 74.562371798419917, 30.970286567071582 ], [ 74.567660835479273, 30.937930507586884 ], [ 74.592880119821871, 30.943579531570265 ], [ 74.609414750090764, 30.930638426722055 ], [ 74.612595185419536, 30.942750443877912 ], [ 74.634262750225901, 30.940247457953944 ], [ 74.66401343327351, 30.915844794901375 ], [ 74.649976542283696, 30.918252389735983 ], [ 74.650462346160452, 30.901329238853407 ], [ 74.63901551345532, 30.902715471841702 ], [ 74.623483878178547, 30.886769572857531 ], [ 74.582580505486078, 30.910782708055649 ], [ 74.592698646525434, 30.917275762866268 ], [ 74.579339651903581, 30.927539902544595 ], [ 74.562504822539665, 30.916191900835599 ], [ 74.532186017071126, 30.917906880098542 ], [ 74.501017971901945, 30.904147267182623 ], [ 74.501301421123742, 30.929963673484792 ], [ 74.486567352301506, 30.944435249087519 ], [ 74.498136640293808, 30.966531857059692 ] ] ] } },
{ "type": "Feature", "properties": { "pincode": "152002", "state": "Punjab", "district": "Firozpur", "officename": "Sabzi Mandi Ferozepur City", "officetype": "S.O" }, "geometry": { "type": "Polygon", "coordinates": [ [ [ 74.540353444056336, 30.986457268688071 ], [ 74.548477172983212, 30.992841720469016 ], [ 74.544219970375366, 31.015146255295576 ], [ 74.558395385738493, 31.067525864027573 ], [ 74.57170104966383, 31.067438125269291 ], [ 74.617782592792537, 31.027366638059959 ], [ 74.639129638322174, 31.021118163772314 ], [ 74.649162292506048, 31.026832580159521 ], [ 74.656410217557664, 31.053014755126981 ], [ 74.679954528978499, 31.056791305174784 ], [ 74.707578838792529, 31.075200602825646 ], [ 74.712563000282444, 31.104711999659116 ], [ 74.727204883198851, 31.103733870921474 ], [ 74.731946497532931, 31.087229960594243 ], [ 74.744415380965165, 31.090689682183267 ], [ 74.753517032685124, 31.046710462617796 ], [ 74.805939000384626, 31.038663999843834 ], [ 74.790358999568241, 31.009292999772299 ], [ 74.78103639161634, 31.008796507452871 ], [ 74.778840347004575, 31.017322559788283 ], [ 74.761691238759795, 31.013918473858723 ], [ 74.761350590857205, 30.999429982907373 ], [ 74.740739469550988, 30.990343046794294 ], [ 74.740671041035853, 30.969450743457173 ], [ 74.719239700252047, 30.964407758211621 ], [ 74.712349333055272, 30.944658341209561 ], [ 74.703062394014523, 30.946969915429406 ], [ 74.703318387833406, 30.940052563175414 ], [ 74.648696639738318, 30.931835562861124 ], [ 74.612595185419536, 30.942750443877912 ], [ 74.609414750090764, 30.930638426722055 ], [ 74.592376808842687, 30.943612244409621 ], [ 74.576875537376225, 30.935143194702789 ], [ 74.561255719076314, 30.949456185654526 ], [ 74.562371798419917, 30.970286567071582 ], [ 74.540353444056336, 30.986457268688071 ] ] ] } },
{ "type": "Feature", "properties": { "pincode": "152003", "state": "Punjab", "district": "Firozpur", "officename": "Canal Colony Ferozepur", "officetype": "S.O" }, "geometry": { "type": "Polygon", "coordinates": [ [ [ 74.475035339409487, 30.766493896176485 ], [ 74.439128936351381, 30.781037218792733 ], [ 74.440565860526192, 30.796232039976758 ], [ 74.454435388582397, 30.796505518415074 ], [ 74.467718183647321, 30.835740320459479 ], [ 74.494927528283029, 30.860023580523944 ], [ 74.491214870570047, 30.879974265799831 ], [ 74.512230897238283, 30.907519316563366 ], [ 74.532186017071126, 30.917906880098542 ], [ 74.562504822539665, 30.916191900835599 ], [ 74.579339651903581, 30.927539902544595 ], [ 74.592698646525434, 30.917275762866268 ], [ 74.582556675250544, 30.910808318948796 ], [ 74.613146486920868, 30.890825664572844 ], [ 74.611540691649736, 30.870600747226774 ], [ 74.636924330693432, 30.86980900837915 ], [ 74.638295252723879, 30.850404147733343 ], [ 74.598572000097818, 30.805490000163502 ], [ 74.545577999724969, 30.788469000344321 ], [ 74.524497999782909, 30.768567999913444 ], [ 74.475097999672982, 30.749434999825326 ], [ 74.475035339409487, 30.766493896176485 ] ] ] } },
{ "type": "Feature", "properties": { "pincode": "152004", "state": "Punjab", "district": "Firozpur", "officename": "S.B.S Engg Colleger Ferozpeur", "officetype": "S.O" }, "geometry": { "type": "Polygon", "coordinates": [ [ [ 74.613146486920868, 30.890825664572844 ], [ 74.623483878178547, 30.886769572857531 ], [ 74.63901551345532, 30.902715471841702 ], [ 74.650462346160452, 30.901329238853407 ], [ 74.649976542283696, 30.918252389735983 ], [ 74.66401343327351, 30.915844794901375 ], [ 74.648696639738318, 30.931835562861124 ], [ 74.674256830088723, 30.935909071746323 ], [ 74.703318387833406, 30.940052563175414 ], [ 74.692494946284853, 30.932529496838924 ], [ 74.712985312921887, 30.92257228048652 ], [ 74.721685147551625, 30.906345040291569 ], [ 74.718812008767316, 30.898216249080747 ], [ 74.705206743796339, 30.900212262885645 ], [ 74.70230362431289, 30.894240558554998 ], [ 74.716579675611683, 30.884275308558756 ], [ 74.696002546880095, 30.865572101671205 ], [ 74.693441766024819, 30.826134391888672 ], [ 74.683295999610777, 30.821596000055479 ], [ 74.659682999770723, 30.829325000348604 ], [ 74.646674999751554, 30.814810000081479 ], [ 74.622756356320849, 30.831958949146326 ], [ 74.638295252723879, 30.850404147733343 ], [ 74.633734491153859, 30.857852184530771 ], [ 74.640763237033752, 30.858021844332711 ], [ 74.636924330693432, 30.86980900837915 ], [ 74.611540691649736, 30.870600747226774 ], [ 74.613146486920868, 30.890825664572844 ] ] ] } },
{ "type": "Feature", "properties": { "pincode": "152005", "state": "Punjab", "district": "Firozpur", "officename": "Sherkhan Wala", "officetype": "S.O" }, "geometry": { "type": "Polygon", "coordinates": [ [ [ 74.703101140405522, 30.936492631929639 ], [ 74.703062394014523, 30.946969915429406 ], [ 74.712349333055272, 30.944658341209561 ], [ 74.719239700252047, 30.964407758211621 ], [ 74.740671041035853, 30.969450743457173 ], [ 74.740739469550988, 30.990343046794294 ], [ 74.761350590857205, 30.999429982907373 ], [ 74.761691238759795, 31.013918473858723 ], [ 74.778840347004575, 31.017322559788283 ], [ 74.78103639161634, 31.008796507452871 ], [ 74.801315000287161, 31.000403999944751 ], [ 74.798186999930294, 30.991756000439239 ], [ 74.814856329755912, 30.969567544706592 ], [ 74.832582309026463, 30.979338807340241 ], [ 74.841126741705921, 30.969905530615847 ], [ 74.859385439786308, 30.979700082992508 ], [ 74.85709162178108, 30.965489134516019 ], [ 74.847870641716781, 30.967652752272784 ], [ 74.838868821039284, 30.953912665437201 ], [ 74.819298000402512, 30.950335999606864 ], [ 74.822328721093584, 30.936866219300612 ], [ 74.805691064491157, 30.926006523382455 ], [ 74.808622179869815, 30.915372104938626 ], [ 74.792766585409709, 30.902107684821885 ], [ 74.754151715729222, 30.923503416949188 ], [ 74.721685147551625, 30.906345040291569 ], [ 74.712985312921887, 30.92257228048652 ], [ 74.692494946284853, 30.932529496838924 ], [ 74.703101140405522, 30.936492631929639 ] ] ] } },
{ "type": "Feature", "properties": { "pincode": "152020", "state": "Punjab", "district": "Firozpur", "officename": "Railway Road Mandi Ladhuka", "officetype": "S.O" }, "geometry": { "type": "Polygon", "coordinates": [ [ [ 74.11789946069166, 30.523815047226719 ], [ 74.111454836171902, 30.512973085039846 ], [ 74.15914877739425, 30.496601363362345 ], [ 74.143759407670643, 30.479872121601204 ], [ 74.122535764414067, 30.474038694330375 ], [ 74.073184127145907, 30.48795974184884 ], [ 74.055702209489482, 30.522010803056332 ], [ 74.066513061428793, 30.52018737814501 ], [ 74.08439636270208, 30.545042037759856 ], [ 74.11789946069166, 30.523815047226719 ] ] ] } },
{ "type": "Feature", "properties": { "pincode": "152021", "state": "Punjab", "district": "Firozpur, Tarn Taran", "officename": "Mallanwala", "officetype": "S.O" }, "geometry": { "type": "Polygon", "coordinates": [ [ [ 74.789993497102273, 31.152311837621369 ], [ 74.807028958020055, 31.16958457656699 ], [ 74.815713101278789, 31.169315444552183 ], [ 74.806802698485797, 31.179929431298433 ], [ 74.8116013037573, 31.196886690768281 ], [ 74.825258161035435, 31.200646563787927 ], [ 74.848333458022921, 31.231339610434759 ], [ 74.879498429309081, 31.22145225611672 ], [ 74.869611849307432, 31.200097070823233 ], [ 74.886821786796077, 31.153891453627921 ], [ 74.850319000121829, 31.134238999730087 ], [ 74.810386999560365, 31.133862000331078 ], [ 74.819940682916297, 31.107832076089608 ], [ 74.842046904641052, 31.104874125840411 ], [ 74.855959102830468, 31.092133709203381 ], [ 74.868092929445197, 31.094361360488506 ], [ 74.895366143033186, 31.067969466317948 ], [ 74.87576174440909, 31.05946719385588 ], [ 74.884761780831695, 31.04676599035821 ], [ 74.871305213365133, 31.031486742619222 ], [ 74.848537438651931, 31.030808859741171 ], [ 74.824287074888844, 31.012369245944058 ], [ 74.797886302610777, 31.022239604873903 ], [ 74.806641000382001, 31.030997999757915 ], [ 74.803692096413329, 31.041926212324938 ], [ 74.752448175842801, 31.047641123339247 ], [ 74.744415380965165, 31.090689682183267 ], [ 74.731946497532931, 31.087229960594243 ], [ 74.727204883198851, 31.103733870921474 ], [ 74.744437999814011, 31.104237000237504 ], [ 74.744925999835232, 31.115809999731823 ], [ 74.759682000424107, 31.111765000254593 ], [ 74.764655999574813, 31.128811000327573 ], [ 74.787455336894368, 31.130508564218985 ], [ 74.789993497102273, 31.152311837621369 ] ] ] } },
{ "type": "Feature", "properties": { "pincode": "152022", "state": "Punjab", "district": "Fazilka", "officename": "Guruharsahai", "officetype": "S.O" }, "geometry": { "type": "Polygon", "coordinates": [ [ [ 74.28216118009442, 30.732577903247716 ], [ 74.262207031529272, 30.768030166658889 ], [ 74.296226501351953, 30.77851867639589 ], [ 74.294570923209676, 30.794603347966188 ], [ 74.301895172824118, 30.798346746305413 ], [ 74.359543163885974, 30.785466829530662 ], [ 74.38271223947828, 30.798284273100819 ], [ 74.427694952260254, 30.775142681689488 ], [ 74.437531779068479, 30.780742322100593 ], [ 74.475035339409487, 30.766493896176485 ], [ 74.470008999715731, 30.742970000265473 ], [ 74.478393999683476, 30.68021000009162 ], [ 74.502586000143822, 30.667775999562878 ], [ 74.479378000094755, 30.658195000199214 ], [ 74.480782000089448, 30.64685999998909 ], [ 74.492888999927459, 30.638653000135889 ], [ 74.461153686693478, 30.621706635053329 ], [ 74.450150243139262, 30.628802500035476 ], [ 74.435298739944926, 30.619715906563897 ], [ 74.433978010876615, 30.598340286874816 ], [ 74.383827261219324, 30.594307102690664 ], [ 74.381098329624308, 30.603854881098073 ], [ 74.361921351788908, 30.607751156990389 ], [ 74.343826828545275, 30.626984303782706 ], [ 74.363523884319932, 30.66112621270463 ], [ 74.357796008678974, 30.688842563633443 ], [ 74.365837506295918, 30.690941354659969 ], [ 74.357694297154239, 30.70442380011832 ], [ 74.28216118009442, 30.732577903247716 ] ] ] } },
{ "type": "Feature", "properties": { "pincode": "152023", "state": "Punjab", "district": "Firozpur", "officename": "Mamdot", "officetype": "S.O" }, "geometry": { "type": "Polygon", "coordinates": [ [ [ 74.294570923209676, 30.794603347966188 ], [ 74.325332641188595, 30.847335815595443 ], [ 74.344078064051416, 30.852420807274598 ], [ 74.363006591580984, 30.845808029317197 ], [ 74.371986388761002, 30.852941512940561 ], [ 74.362213135028298, 30.872417449705722 ], [ 74.365524292212456, 30.88540840127672 ], [ 74.395034789723866, 30.903537749867439 ], [ 74.416107177804008, 30.906040191701663 ], [ 74.42070007305, 30.925876617212339 ], [ 74.446395873970516, 30.948896408043026 ], [ 74.470588683820893, 30.965988159326116 ], [ 74.498136640293808, 30.966531857059692 ], [ 74.486702254205738, 30.94227885108819 ], [ 74.501301421123742, 30.929963673484792 ], [ 74.500456368666562, 30.904737874453474 ], [ 74.512230897238283, 30.907519316563366 ], [ 74.512569766281672, 30.901684287599892 ], [ 74.491214870570047, 30.879974265799831 ], [ 74.494927528283029, 30.860023580523944 ], [ 74.467718183647321, 30.835740320459479 ], [ 74.454435388582397, 30.796505518415074 ], [ 74.440565860526192, 30.796232039976758 ], [ 74.439610788607069, 30.78018706717944 ], [ 74.427694952260254, 30.775142681689488 ], [ 74.38271223947828, 30.798284273100819 ], [ 74.359543163885974, 30.785466829530662 ], [ 74.294570923209676, 30.794603347966188 ] ] ] } },
{ "type": "Feature", "properties": { "pincode": "152024", "state": "Punjab", "district": "Fazilka", "officename": "Jalalabad (W)", "officetype": "S.O" }, "geometry": { "type": "Polygon", "coordinates": [ [ [ 74.116035256921634, 30.528419533834551 ], [ 74.075653076428409, 30.55462265041507 ], [ 74.097106933538271, 30.563791274647713 ], [ 74.104209899567309, 30.612878799017437 ], [ 74.150932312176565, 30.632621765182478 ], [ 74.186149597126303, 30.659391403390657 ], [ 74.232154846269168, 30.719619750850939 ], [ 74.287563359961212, 30.732598914108678 ], [ 74.357694297154239, 30.70442380011832 ], [ 74.365837506295918, 30.690941354659969 ], [ 74.357796008678974, 30.688842563633443 ], [ 74.363523884319932, 30.66112621270463 ], [ 74.343826828545275, 30.626984303782706 ], [ 74.361921351788908, 30.607751156990389 ], [ 74.381098329624308, 30.603854881098073 ], [ 74.388775939058405, 30.565389373520873 ], [ 74.372406099661873, 30.553079408388101 ], [ 74.400726000005079, 30.53632199986049 ], [ 74.39893300005798, 30.527534000194009 ], [ 74.373581000063155, 30.514539999921112 ], [ 74.376326855999764, 30.507199013923525 ], [ 74.345958052721983, 30.520928188385369 ], [ 74.332835810924053, 30.495458996835282 ], [ 74.304948342392322, 30.514689762222872 ], [ 74.283377746985536, 30.501240602471967 ], [ 74.263407907049384, 30.51207422254754 ], [ 74.265157594747393, 30.518195443665036 ], [ 74.24287227573501, 30.522573262446144 ], [ 74.222388957984094, 30.515985396608926 ], [ 74.184526530375081, 30.482977777402539 ], [ 74.145084931924202, 30.506501676011681 ], [ 74.111454836171902, 30.512973085039846 ], [ 74.116035256921634, 30.528419533834551 ] ] ] } },
{ "type": "Feature", "properties": { "pincode": "152025", "state": "Punjab", "district": "Muktsar", "officename": "Bariwala", "officetype": "S.O" }, "geometry": { "type": "Polygon", "coordinates": [ [ [ 74.606024113522096, 30.534208329550779 ], [ 74.603878274462772, 30.551528727169114 ], [ 74.624884731445377, 30.57434899530989 ], [ 74.612470231815792, 30.582012815439327 ], [ 74.612819005093115, 30.592861526138734 ], [ 74.628871015085224, 30.612798525531616 ], [ 74.66831999966837, 30.578557999652105 ], [ 74.710486999875286, 30.557547000193949 ], [ 74.687599000193813, 30.520974999896453 ], [ 74.71940600018678, 30.509068000287925 ], [ 74.737038000303585, 30.493106999888198 ], [ 74.759513999871274, 30.496287999991182 ], [ 74.763016000388177, 30.485470000240412 ], [ 74.734169000199302, 30.464219999653324 ], [ 74.725259300676214, 30.425198649897823 ], [ 74.698323108924455, 30.432363974018187 ], [ 74.68824701388877, 30.423129064354896 ], [ 74.647303590788169, 30.441931494343123 ], [ 74.625973671947577, 30.429451759691062 ], [ 74.617226809969395, 30.439204329916038 ], [ 74.619140258815889, 30.466768085678723 ], [ 74.605598996796289, 30.495036876650602 ], [ 74.636322224691014, 30.505802866808949 ], [ 74.606024113522096, 30.534208329550779 ] ] ] } },
{ "type": "Feature", "properties": { "pincode": "152026", "state": "Punjab", "district": "Muktsar", "officename": "Muktsar", "officetype": "S.O" }, "geometry": { "type": "Polygon", "coordinates": [ [ [ 74.251807999839514, 30.423713999601432 ], [ 74.337142999649927, 30.451107000188017 ], [ 74.346816999705027, 30.48299999965036 ], [ 74.375824000077728, 30.48357600013253 ], [ 74.380950999988727, 30.498307999614724 ], [ 74.373581000063155, 30.514539999921112 ], [ 74.39893300005798, 30.527534000194009 ], [ 74.400726000005079, 30.53632199986049 ], [ 74.372406099661873, 30.553079408388101 ], [ 74.388775939058405, 30.565389373520873 ], [ 74.383827261219324, 30.594307102690664 ], [ 74.433978010876615, 30.598340286874816 ], [ 74.435298739944926, 30.619715906563897 ], [ 74.450150243139262, 30.628802500035476 ], [ 74.461153686693478, 30.621706635053329 ], [ 74.492888999927459, 30.638653000135889 ], [ 74.478722000420078, 30.653343000379323 ], [ 74.488487000175041, 30.665944999661974 ], [ 74.550399999960121, 30.664754999643492 ], [ 74.590523000336134, 30.654160000283866 ], [ 74.618835000135334, 30.637548000439892 ], [ 74.633277112149187, 30.612917620052201 ], [ 74.612819005093115, 30.592861526138734 ], [ 74.612470231815792, 30.582012815439327 ], [ 74.624884731445377, 30.57434899530989 ], [ 74.603878274462772, 30.551528727169114 ], [ 74.608272171323677, 30.530945438081574 ], [ 74.636322224691014, 30.505802866808949 ], [ 74.605598996796289, 30.495036876650602 ], [ 74.619140258815889, 30.466768085678723 ], [ 74.618896033525232, 30.438419185796931 ], [ 74.585014646508853, 30.439510217222846 ], [ 74.56770976759168, 30.416416109116255 ], [ 74.521733504497774, 30.441123753858335 ], [ 74.495005016568314, 30.435494959225082 ], [ 74.486947813191136, 30.425233248615655 ], [ 74.439484990539995, 30.443897078687314 ], [ 74.410499167402747, 30.419438521870291 ], [ 74.358938003785966, 30.439488271966184 ], [ 74.341548400638317, 30.426866344606196 ], [ 74.334750829087682, 30.405934253463101 ], [ 74.251807999839514, 30.423713999601432 ] ] ] } },
{ "type": "Feature", "properties": { "pincode": "152028", "state": "Punjab", "district": "Firozpur, Moga", "officename": "Manawan", "officetype": "S.O" }, "geometry": { "type": "Polygon", "coordinates": [ [ [ 75.007216915928041, 30.900724645326306 ], [ 75.032217225244835, 30.969809965057891 ], [ 75.063506562877706, 30.96521119903764 ], [ 75.068259924156337, 30.996068889967432 ], [ 75.08626886521597, 30.993123933123172 ], [ 75.102159724791534, 30.973966495757281 ], [ 75.080629015217028, 30.955509683325261 ], [ 75.094387576825284, 30.930657546308908 ], [ 75.086089338951922, 30.912246993204292 ], [ 75.10740788766401, 30.904370760402287 ], [ 75.118498041151838, 30.916710485900239 ], [ 75.143115934452965, 30.912173907100339 ], [ 75.145124533370733, 30.905861847146696 ], [ 75.153713445619189, 30.909625769813601 ], [ 75.16030726676712, 30.870321261317144 ], [ 75.149921296830428, 30.867047720076414 ], [ 75.138719988037167, 30.879880443128059 ], [ 75.093944627442681, 30.871472508649504 ], [ 75.039456710159129, 30.881933742848048 ], [ 75.034577566101973, 30.893715204293358 ], [ 75.007216915928041, 30.900724645326306 ] ] ] } },
{ "type": "Feature", "properties": { "pincode": "152031", "state": "Punjab", "district": "Muktsar", "officename": "Doda (Muktsar)", "officetype": "S.O" }, "geometry": { "type": "Polygon", "coordinates": [ [ [ 74.568434506047765, 30.408152156097287 ], [ 74.585014646508853, 30.439510217222846 ], [ 74.618896033525232, 30.438419185796931 ], [ 74.625973671947577, 30.429451759691062 ], [ 74.647303590788169, 30.441931494343123 ], [ 74.68824701388877, 30.423129064354896 ], [ 74.698323108924455, 30.432363974018187 ], [ 74.725259300676214, 30.425198649897823 ], [ 74.734432375653682, 30.449959242225418 ], [ 74.755638000093768, 30.433243000164452 ], [ 74.757758999878092, 30.391538999725128 ], [ 74.738982195172184, 30.369691817823309 ], [ 74.679401498080779, 30.347248317056312 ], [ 74.685834597788471, 30.317043349571065 ], [ 74.678453475947265, 30.319247179613797 ], [ 74.661339004191746, 30.304833610283026 ], [ 74.649564799376037, 30.281421279768381 ], [ 74.614615890111281, 30.28074958602474 ], [ 74.603309299484692, 30.301487009917821 ], [ 74.57533564352525, 30.309920235130733 ], [ 74.580064679041868, 30.322326300918235 ], [ 74.552320654174821, 30.332838105793996 ], [ 74.56696250381674, 30.345164632841602 ], [ 74.60805699593368, 30.333605721227116 ], [ 74.609357129627881, 30.35817685607708 ], [ 74.566305988830322, 30.35843223296132 ], [ 74.573522184901094, 30.381704958117382 ], [ 74.561145873183591, 30.389258051018373 ], [ 74.558561375407237, 30.405776578926066 ], [ 74.568434506047765, 30.408152156097287 ] ] ] } },
{ "type": "Feature", "properties": { "pincode": "152032", "state": "Punjab", "district": "Muktsar", "officename": "Rupana", "officetype": "S.O" }, "geometry": { "type": "Polygon", "coordinates": [ [ [ 74.430674708371271, 30.402564083665652 ], [ 74.411606925319404, 30.420038094482663 ], [ 74.439484990539995, 30.443897078687314 ], [ 74.486947813191136, 30.425233248615655 ], [ 74.495005016568314, 30.435494959225082 ], [ 74.521733504497774, 30.441123753858335 ], [ 74.56770976759168, 30.416416109116255 ], [ 74.568434506047765, 30.408152156097287 ], [ 74.558561375407237, 30.405776578926066 ], [ 74.561145873183591, 30.389258051018373 ], [ 74.573522184901094, 30.381704958117382 ], [ 74.566305988830322, 30.35843223296132 ], [ 74.609357129627881, 30.35817685607708 ], [ 74.60805699593368, 30.333605721227116 ], [ 74.56696250381674, 30.345164632841602 ], [ 74.552320654174821, 30.332838105793996 ], [ 74.430334481351395, 30.339224902107674 ], [ 74.442379847052337, 30.378587920496329 ], [ 74.43070317011518, 30.390747748309991 ], [ 74.430674708371271, 30.402564083665652 ] ] ] } },
{ "type": "Feature", "properties": { "pincode": "152033", "state": "Punjab", "district": "Fazilka", "officename": "Mandi Amin Ganj", "officetype": "S.O" }, "geometry": { "type": "Polygon", "coordinates": [ [ [ 74.217385765940492, 30.458322370680946 ], [ 74.184526530375081, 30.482977777402539 ], [ 74.19621687610794, 30.495554643332184 ], [ 74.24287227573501, 30.522573262446144 ], [ 74.265157594747393, 30.518195443665036 ], [ 74.263407907049384, 30.51207422254754 ], [ 74.283377746985536, 30.501240602471967 ], [ 74.304948342392322, 30.514689762222872 ], [ 74.332835810924053, 30.495458996835282 ], [ 74.345958052721983, 30.520928188385369 ], [ 74.380950999988727, 30.498307999614724 ], [ 74.375824000077728, 30.48357600013253 ], [ 74.346816999705027, 30.48299999965036 ], [ 74.34620700035282, 30.465460000178894 ], [ 74.328696999567001, 30.446086999815293 ], [ 74.235006576692172, 30.417281558197374 ], [ 74.213907689188545, 30.440727692429164 ], [ 74.217385765940492, 30.458322370680946 ] ] ] } },
{ "type": "Feature", "properties": { "pincode": "152101", "state": "Punjab", "district": "Muktsar", "officename": "Gidderbaha", "officetype": "S.O" }, "geometry": { "type": "Polygon", "coordinates": [ [ [ 74.550277654390356, 30.213376486435891 ], [ 74.542032329028871, 30.219662189958171 ], [ 74.542450922971852, 30.236798579091271 ], [ 74.555124501994158, 30.251890890152481 ], [ 74.60548868145753, 30.244665541681627 ], [ 74.613928234300602, 30.281540921076783 ], [ 74.649564799376037, 30.281421279768381 ], [ 74.661339004191746, 30.304833610283026 ], [ 74.678453475947265, 30.319247179613797 ], [ 74.685834597788471, 30.317043349571065 ], [ 74.679401498080779, 30.347248317056312 ], [ 74.708977000388245, 30.35366999987059 ], [ 74.785240000025965, 30.335213000379724 ], [ 74.725715999793692, 30.307909000300185 ], [ 74.752205000060883, 30.285809000085408 ], [ 74.737953000230789, 30.279191999811133 ], [ 74.720795000389103, 30.251885999639228 ], [ 74.727112000318641, 30.229925000438527 ], [ 74.714789999559002, 30.196814999712501 ], [ 74.730391999591347, 30.196571000151721 ], [ 74.736900000234982, 30.180799000373668 ], [ 74.704895000104329, 30.160329999829742 ], [ 74.674942000173303, 30.165883999646951 ], [ 74.649306999718306, 30.156350999798917 ], [ 74.632033999969224, 30.127281000118217 ], [ 74.65892564650153, 30.108807648254526 ], [ 74.631318886057841, 30.08994705191509 ], [ 74.631401610196292, 30.067067207285845 ], [ 74.588670352854535, 30.063014542886947 ], [ 74.576330038300625, 30.077908408646124 ], [ 74.589924767713967, 30.086575663536109 ], [ 74.580651909358323, 30.097626081378564 ], [ 74.591404766716778, 30.113326451054945 ], [ 74.577160518143387, 30.113472330983313 ], [ 74.576609694182196, 30.130031011821927 ], [ 74.559820884026578, 30.143722394073336 ], [ 74.579533802942649, 30.160426190416388 ], [ 74.587179083547881, 30.158189230248922 ], [ 74.602312841664286, 30.182408687011332 ], [ 74.617780849906524, 30.181837420560669 ], [ 74.636103042821219, 30.194368089216084 ], [ 74.546176086657113, 30.196823250092962 ], [ 74.550277654390356, 30.213376486435891 ] ] ] } },
{ "type": "Feature", "properties": { "pincode": "152107", "state": "Punjab", "district": "Muktsar", "officename": "Malout", "officetype": "S.O" }, "geometry": { "type": "Polygon", "coordinates": [ [ [ 74.411010611850429, 30.187191126968969 ], [ 74.441111531372144, 30.214901642197219 ], [ 74.426886397889064, 30.231295578028664 ], [ 74.447646622293917, 30.239862945218874 ], [ 74.46083995549958, 30.222614033810714 ], [ 74.504919572680251, 30.21488309278061 ], [ 74.513754713009632, 30.203487536720615 ], [ 74.550725487990974, 30.209197436712543 ], [ 74.546176086657113, 30.196823250092962 ], [ 74.636103042821219, 30.194368089216084 ], [ 74.617780849906524, 30.181837420560669 ], [ 74.602312841664286, 30.182408687011332 ], [ 74.587179083547881, 30.158189230248922 ], [ 74.577254447834434, 30.1588365307814 ], [ 74.558905038736668, 30.136152885847082 ], [ 74.538612099368834, 30.154979498605087 ], [ 74.508992695756376, 30.140040065996402 ], [ 74.492396698448943, 30.126648430480657 ], [ 74.495397383582429, 30.10427072231613 ], [ 74.467360583524282, 30.087319184333069 ], [ 74.468286529100169, 30.079083546468553 ], [ 74.455860560416625, 30.078783127939232 ], [ 74.431180709222474, 30.080270948345685 ], [ 74.433313015283602, 30.098235450305822 ], [ 74.418681047392624, 30.108541935461972 ], [ 74.431914879767987, 30.129469193648447 ], [ 74.418946404952692, 30.138434043196639 ], [ 74.428105879482814, 30.158897873538194 ], [ 74.418515895891971, 30.164641618615974 ], [ 74.411010611850429, 30.187191126968969 ] ] ] } },
{ "type": "Feature", "properties": { "pincode": "152112", "state": "Punjab", "district": "Muktsar", "officename": "Ram Nagar (Muktsar)", "officetype": "S.O" }, "geometry": { "type": "Polygon", "coordinates": [ [ [ 74.357559000447623, 30.397688000001381 ], [ 74.334750829087682, 30.405934253463101 ], [ 74.338757469781569, 30.420706176548777 ], [ 74.358938003785966, 30.439488271966184 ], [ 74.393966441897874, 30.421257925013435 ], [ 74.414038841419369, 30.419349778569597 ], [ 74.442379847052337, 30.378587920496329 ], [ 74.430334481351395, 30.339224902107674 ], [ 74.547572783257465, 30.334263506056004 ], [ 74.580064679041868, 30.322326300918235 ], [ 74.57533564352525, 30.309920235130733 ], [ 74.603309299484692, 30.301487009917821 ], [ 74.61204571134067, 30.288009825493191 ], [ 74.610749798164818, 30.251633927763692 ], [ 74.60548868145753, 30.244665541681627 ], [ 74.555124501994158, 30.251890890152481 ], [ 74.542450922971852, 30.236798579091271 ], [ 74.542032329028871, 30.219662189958171 ], [ 74.550725487990974, 30.209197436712543 ], [ 74.513754713009632, 30.203487536720615 ], [ 74.504919572680251, 30.21488309278061 ], [ 74.46083995549958, 30.222614033810714 ], [ 74.447646622293917, 30.239862945218874 ], [ 74.445904184930441, 30.275221684533335 ], [ 74.397468883981787, 30.282866121574386 ], [ 74.406445993987518, 30.302316546371571 ], [ 74.36943725142811, 30.306054261894815 ], [ 74.361402566175684, 30.31891652767564 ], [ 74.364778897228462, 30.332521913155915 ], [ 74.321141300430781, 30.346301901111929 ], [ 74.311897000046713, 30.357861999831471 ], [ 74.316910000096641, 30.387455000248224 ], [ 74.354934999950387, 30.380889999673911 ], [ 74.357559000447623, 30.397688000001381 ] ] ] } },
{ "type": "Feature", "properties": { "pincode": "152113", "state": "Punjab", "district": "Muktsar", "officename": "Lambi", "officetype": "S.O" }, "geometry": { "type": "Polygon", "coordinates": [ [ [ 74.501324853858989, 29.966473016416614 ], [ 74.534347999860529, 29.951190999665016 ], [ 74.528747999720451, 29.942986999950222 ], [ 74.451583999901686, 29.946917000419319 ], [ 74.426459999629287, 29.997049000111417 ], [ 74.464523000336328, 30.002924000342432 ], [ 74.450264000183608, 30.027264000433433 ], [ 74.439055398787787, 30.025268968688124 ], [ 74.440947125409707, 30.05218247594064 ], [ 74.448736909081333, 30.055378353528226 ], [ 74.50082930312999, 30.034913186794199 ], [ 74.551966489462018, 30.050437420650496 ], [ 74.569254686854435, 30.076500260079001 ], [ 74.592635184066467, 30.06202879239504 ], [ 74.62093507539339, 30.063924818675559 ], [ 74.634368229910081, 30.068760757503071 ], [ 74.631318886057841, 30.08994705191509 ], [ 74.65892564650153, 30.108807648254526 ], [ 74.683730999885881, 30.111368000133325 ], [ 74.676337999798875, 30.087831000200595 ], [ 74.684013000299842, 30.072411999614076 ], [ 74.705421000079127, 30.065052000149933 ], [ 74.694267000122011, 30.045063000157484 ], [ 74.696220000252879, 30.033332999718255 ], [ 74.717247000448822, 30.014279999722191 ], [ 74.704468000198176, 29.987263000287271 ], [ 74.707298000302615, 29.970384999867917 ], [ 74.65069809174372, 29.963960495880258 ], [ 74.646540940512068, 29.970857236572442 ], [ 74.60828557571881, 29.96975168469254 ], [ 74.606078388506944, 29.985216650528116 ], [ 74.622126446878212, 30.004535096217808 ], [ 74.59608290690079, 30.008280203268782 ], [ 74.584900516245966, 29.985063788263403 ], [ 74.537529890292376, 30.01644176937225 ], [ 74.513639168113116, 29.99892416661703 ], [ 74.511802473705188, 29.973305632748918 ], [ 74.501324853858989, 29.966473016416614 ] ] ] } },
{ "type": "Feature", "properties": { "pincode": "152114", "state": "Punjab", "district": "Muktsar", "officename": "Tappa Khera", "officetype": "S.O" }, "geometry": { "type": "Polygon", "coordinates": [ [ [ 74.448736909081333, 30.055378353528226 ], [ 74.457295315426563, 30.062128529008532 ], [ 74.436472069230774, 30.07948934485762 ], [ 74.468286529100169, 30.079083546468553 ], [ 74.467360583524282, 30.087319184333069 ], [ 74.495397383582429, 30.10427072231613 ], [ 74.49409005980857, 30.128588117947345 ], [ 74.538612099368834, 30.154979498605087 ], [ 74.552491095487824, 30.139257906727096 ], [ 74.576609694182196, 30.130031011821927 ], [ 74.577160518143387, 30.113472330983313 ], [ 74.591404766716778, 30.113326451054945 ], [ 74.580651909358323, 30.097626081378564 ], [ 74.589924767713967, 30.086575663536109 ], [ 74.569254686854435, 30.076500260079001 ], [ 74.546021639786886, 30.047968537917939 ], [ 74.50082930312999, 30.034913186794199 ], [ 74.448736909081333, 30.055378353528226 ] ] ] } },
{ "type": "Feature", "properties": { "pincode": "152115", "state": "Punjab", "district": "Muktsar", "officename": "Bhaika Khera", "officetype": "S.O" }, "geometry": { "type": "Polygon", "coordinates": [ [ [ 74.388984999957813, 30.072952000234807 ], [ 74.366974000250138, 30.084999000003961 ], [ 74.373390000248435, 30.107491000309551 ], [ 74.383872999839184, 30.110055999884594 ], [ 74.415076999903704, 30.095324000402229 ], [ 74.381889000077535, 30.127808000139282 ], [ 74.374367000336917, 30.150575999682758 ], [ 74.36563530722367, 30.151852735715238 ], [ 74.367415284088224, 30.160356149416771 ], [ 74.388357232700287, 30.155811676367875 ], [ 74.41949375393358, 30.164590991281329 ], [ 74.428105879482814, 30.158897873538194 ], [ 74.418946404952692, 30.138434043196639 ], [ 74.431914879767987, 30.129469193648447 ], [ 74.418681047392624, 30.108541935461972 ], [ 74.433313015283602, 30.098235450305822 ], [ 74.427958979723257, 30.083125175286682 ], [ 74.457295315426563, 30.062128529008532 ], [ 74.440947125409707, 30.05218247594064 ], [ 74.439055398787787, 30.025268968688124 ], [ 74.408385999814072, 30.026423000321188 ], [ 74.410637000197482, 30.037347999610631 ], [ 74.391593999763529, 30.056995000019413 ], [ 74.388984999957813, 30.072952000234807 ] ] ] } },
{ "type": "Feature", "properties": { "pincode": "152116", "state": "Punjab", "district": "Fazilka", "officename": "Nai Abadi Abohar", "officetype": "S.O" }, "geometry": { "type": "Polygon", "coordinates": [ [ [ 74.085487537120287, 30.04447175167013 ], [ 74.058507796597667, 30.061876653185038 ], [ 74.059275040610714, 30.068626664988585 ], [ 74.133079800992164, 30.068757778948452 ], [ 74.146936060450912, 30.074896917259025 ], [ 74.157231569381622, 30.094903323629524 ], [ 74.131685528964169, 30.097425591018293 ], [ 74.137195497973948, 30.173696182732783 ], [ 74.146540786828041, 30.194319698495292 ], [ 74.232507532496754, 30.191942750757448 ], [ 74.238464028392229, 30.179491572278266 ], [ 74.234701905268764, 30.156364055256972 ], [ 74.281695115437344, 30.153762647528254 ], [ 74.269789221095778, 30.125250751820772 ], [ 74.307329739076238, 30.126665065240729 ], [ 74.291850149365018, 30.085122529081559 ], [ 74.316683374538343, 30.073765051216185 ], [ 74.368919450572434, 30.083934488685941 ], [ 74.388984999957813, 30.072952000234807 ], [ 74.391593999763529, 30.056995000019413 ], [ 74.410637000197482, 30.037347999610631 ], [ 74.408385999814072, 30.026423000321188 ], [ 74.450264000183608, 30.027264000433433 ], [ 74.464523000336328, 30.002924000342432 ], [ 74.426459999629287, 29.997049000111417 ], [ 74.451583999901686, 29.946917000419319 ], [ 74.065844205046062, 29.969968175790825 ], [ 74.066247817183239, 30.020871431371575 ], [ 74.085487537120287, 30.04447175167013 ] ] ] } },
{ "type": "Feature", "properties": { "pincode": "152117", "state": "Punjab", "district": "Fazilka", "officename": "Balluana", "officetype": "S.O" }, "geometry": { "type": "Polygon", "coordinates": [ [ [ 74.241020914283865, 30.194967748163094 ], [ 74.275361207353967, 30.2382172964912 ], [ 74.286963999589034, 30.23143399987913 ], [ 74.315848999731543, 30.241314000440809 ], [ 74.357017999780965, 30.239604999870949 ], [ 74.336791999651098, 30.161545000101682 ], [ 74.374367000336917, 30.150575999682758 ], [ 74.381889000077535, 30.127808000139282 ], [ 74.415076999903704, 30.095324000402229 ], [ 74.383872999839184, 30.110055999884594 ], [ 74.373390000248435, 30.107491000309551 ], [ 74.368919450572434, 30.083934488685941 ], [ 74.355250143979106, 30.079607057120143 ], [ 74.316683374538343, 30.073765051216185 ], [ 74.291850149365018, 30.085122529081559 ], [ 74.307329739076238, 30.126665065240729 ], [ 74.269789221095778, 30.125250751820772 ], [ 74.281695115437344, 30.153762647528254 ], [ 74.234701905268764, 30.156364055256972 ], [ 74.241020914283865, 30.194967748163094 ] ] ] } },
{ "type": "Feature", "properties": { "pincode": "152121", "state": "Punjab", "district": "Fazilka", "officename": "Khui Khera", "officetype": "S.O" }, "geometry": { "type": "Polygon", "coordinates": [ [ [ 73.968955993524389, 30.201553345010893 ], [ 73.959626963513699, 30.27078184400699 ], [ 74.001595092139894, 30.290509369711742 ], [ 74.085606992268993, 30.360907524262871 ], [ 74.105112433991735, 30.350530169831472 ], [ 74.134438414901012, 30.354404190201365 ], [ 74.143627165960936, 30.347176222005146 ], [ 74.134064668349765, 30.330639729240147 ], [ 74.139727246915129, 30.320980799124698 ], [ 74.153740961476331, 30.333983213454644 ], [ 74.186440266105535, 30.337501261474074 ], [ 74.186544529906314, 30.316308262616417 ], [ 74.201117477090065, 30.296770464185727 ], [ 74.19610756800995, 30.271853161394347 ], [ 74.144531810195133, 30.259359945904805 ], [ 74.133447881814334, 30.284892034240102 ], [ 74.110506964225124, 30.281454857755534 ], [ 74.113995918277169, 30.236547983902426 ], [ 74.102864385183295, 30.214116907269499 ], [ 74.057984008055712, 30.217172623717715 ], [ 74.039746971945306, 30.236790921364047 ], [ 74.013695562000692, 30.234999640920762 ], [ 73.992859747779335, 30.205628088665378 ], [ 73.97591399963153, 30.196436000221354 ], [ 73.968955993524389, 30.201553345010893 ] ] ] } },
{ "type": "Feature", "properties": { "pincode": "152122", "state": "Punjab", "district": "Fazilka", "officename": "Nihal Khera", "officetype": "S.O" }, "geometry": { "type": "Polygon", "coordinates": [ [ [ 74.097905195168778, 30.181766727552599 ], [ 74.113995918277169, 30.236547983902426 ], [ 74.110506964225124, 30.281454857755534 ], [ 74.133447881814334, 30.284892034240102 ], [ 74.144531810195133, 30.259359945904805 ], [ 74.19610756800995, 30.271853161394347 ], [ 74.20197102814052, 30.298230968584392 ], [ 74.221334227692523, 30.292394078024529 ], [ 74.233408684663175, 30.297859966764179 ], [ 74.282643796773812, 30.27262495867501 ], [ 74.261580999963314, 30.246270999707008 ], [ 74.275361207353967, 30.2382172964912 ], [ 74.23767701638144, 30.189380095714967 ], [ 74.146540786828041, 30.194319698495292 ], [ 74.142135726682568, 30.173897390752074 ], [ 74.118012712316954, 30.175823135129576 ], [ 74.097905195168778, 30.181766727552599 ] ] ] } },
{ "type": "Feature", "properties": { "pincode": "152123", "state": "Punjab", "district": "Fazilka", "officename": "Gandhi Nagar Fazilka", "officetype": "S.O" }, "geometry": { "type": "Polygon", "coordinates": [ [ [ 74.15914877739425, 30.496601363362345 ], [ 74.217385765940492, 30.458322370680946 ], [ 74.20766076533215, 30.429908735799586 ], [ 74.179434488011339, 30.432870591804488 ], [ 74.165633624991813, 30.415328848547574 ], [ 74.137998454964816, 30.411191215302495 ], [ 74.14487883878752, 30.40452168832536 ], [ 74.131980714338624, 30.385275665040069 ], [ 74.138455326752137, 30.377925970906972 ], [ 74.112037735353283, 30.355750362889012 ], [ 74.105112433991735, 30.350530169831472 ], [ 74.085606992268993, 30.360907524262871 ], [ 74.001595092139894, 30.290509369711742 ], [ 73.958631094749364, 30.269269285049631 ], [ 73.943664551178131, 30.305942535519648 ], [ 73.921134948419251, 30.334131240963984 ], [ 73.871253967496841, 30.368572234721 ], [ 73.873214721582315, 30.38343810998083 ], [ 73.903419494813875, 30.416797637501134 ], [ 73.927856445418797, 30.420911788548381 ], [ 73.935287475136931, 30.462957382077491 ], [ 73.962677001642419, 30.457607269360039 ], [ 73.983650207091387, 30.50053024327633 ], [ 74.031974792502865, 30.535791397155435 ], [ 74.040237427115642, 30.53768730202745 ], [ 74.055702209489482, 30.522010803056332 ], [ 74.073184127145907, 30.48795974184884 ], [ 74.122535764414067, 30.474038694330375 ], [ 74.143759407670643, 30.479872121601204 ], [ 74.15914877739425, 30.496601363362345 ] ] ] } },
{ "type": "Feature", "properties": { "pincode": "152124", "state": "Punjab", "district": "Fazilka", "officename": "Arniwala Sheikh Subhan", "officetype": "S.O" }, "geometry": { "type": "Polygon", "coordinates": [ [ [ 74.138455326752137, 30.377925970906972 ], [ 74.131980714338624, 30.385275665040069 ], [ 74.14487883878752, 30.40452168832536 ], [ 74.137998454964816, 30.411191215302495 ], [ 74.165633624991813, 30.415328848547574 ], [ 74.179434488011339, 30.432870591804488 ], [ 74.20766076533215, 30.429908735799586 ], [ 74.213907689188545, 30.440727692429164 ], [ 74.235006576692172, 30.417281558197374 ], [ 74.24233823402227, 30.423481783857369 ], [ 74.275695999770676, 30.419725000008896 ], [ 74.3542859996993, 30.402121000284126 ], [ 74.35840599993702, 30.390666999982102 ], [ 74.354934999950387, 30.380889999673911 ], [ 74.316910000096641, 30.387455000248224 ], [ 74.311774999816521, 30.377140000310817 ], [ 74.321495000194091, 30.328850000127488 ], [ 74.304337000352405, 30.305683000170347 ], [ 74.298401000006209, 30.263373999710439 ], [ 74.241617154008622, 30.297056242651536 ], [ 74.201117477090065, 30.296770464185727 ], [ 74.187445862836398, 30.314057478070254 ], [ 74.184242168341427, 30.33856839701383 ], [ 74.153740961476331, 30.333983213454644 ], [ 74.139727246915129, 30.320980799124698 ], [ 74.134064668349765, 30.330639729240147 ], [ 74.143627165960936, 30.347176222005146 ], [ 74.128956763743815, 30.356882762229873 ], [ 74.112037735353283, 30.355750362889012 ], [ 74.138455326752137, 30.377925970906972 ] ] ] } },
{ "type": "Feature", "properties": { "pincode": "152128", "state": "Punjab", "district": "Fazilka", "officename": "Khuiyan Server", "officetype": "S.O" }, "geometry": { "type": "Polygon", "coordinates": [ [ [ 73.970477486346965, 30.139776807453927 ], [ 73.97591399963153, 30.196436000221354 ], [ 73.992859747779335, 30.205628088665378 ], [ 74.013695562000692, 30.234999640920762 ], [ 74.039746971945306, 30.236790921364047 ], [ 74.057984008055712, 30.217172623717715 ], [ 74.102864385183295, 30.214116907269499 ], [ 74.097905195168778, 30.181766727552599 ], [ 74.137195497973948, 30.173696182732783 ], [ 74.131685528964169, 30.097425591018293 ], [ 74.157231569381622, 30.094903323629524 ], [ 74.146936060450912, 30.074896917259025 ], [ 74.133079800992164, 30.068757778948452 ], [ 74.059275040610714, 30.068626664988585 ], [ 74.058507796597667, 30.061876653185038 ], [ 74.030834163465954, 30.075785922282591 ], [ 74.037040491025948, 30.085902113591771 ], [ 74.03025187762205, 30.104080924894788 ], [ 73.982956689499758, 30.100614731784503 ], [ 73.967361000010271, 30.120884000096623 ], [ 73.976073999815299, 30.122479999952077 ], [ 73.970477486346965, 30.139776807453927 ] ] ] } },
{ "type": "Feature", "properties": { "pincode": "152132", "state": "Punjab", "district": "Fazilka", "officename": "Maujgarh", "officetype": "S.O" }, "geometry": { "type": "Polygon", "coordinates": [ [ [ 73.900207999599729, 29.971405000140805 ], [ 73.890961000349876, 30.012643999820796 ], [ 73.903991999631273, 30.048260000099049 ], [ 73.967361000010271, 30.120884000096623 ], [ 73.986475031597422, 30.098230081353222 ], [ 74.03025187762205, 30.104080924894788 ], [ 74.037040491025948, 30.085902113591771 ], [ 74.030834163465954, 30.075785922282591 ], [ 74.085487537120287, 30.04447175167013 ], [ 74.066247817183239, 30.020871431371575 ], [ 74.065844205046062, 29.969968175790825 ], [ 73.900207999599729, 29.971405000140805 ] ] ] } },
{ "type": "Feature", "properties": { "pincode": "160004", "state": "Punjab", "district": "Sahibzada Ajit Singh Nagar", "officename": "Airforce Highground", "officetype": "S.O" }, "geometry": { "type": "Polygon", "coordinates": [ [ [ 76.766036279550747, 30.681328521094542 ], [ 76.793986161032535, 30.670059443888192 ], [ 76.799670264870997, 30.647680599879891 ], [ 76.777516688444507, 30.645227345565729 ], [ 76.766036279550747, 30.681328521094542 ] ] ] } },
{ "type": "Feature", "properties": { "pincode": "160055", "state": "Punjab", "district": "Sahibzada Ajit Singh Nagar", "officename": "Chandigarh Sector 55", "officetype": "S.O" }, "geometry": { "type": "Polygon", "coordinates": [ [ [ 76.696392314453817, 30.733123126231419 ], [ 76.720117469645743, 30.746102300281109 ], [ 76.731353441908027, 30.722320842133286 ], [ 76.725115230683457, 30.727217433038277 ], [ 76.691078430924847, 30.714811864576006 ], [ 76.672364085934021, 30.726171743631085 ], [ 76.683990791142264, 30.73281943057242 ], [ 76.681732168105214, 30.738131607187995 ], [ 76.696392314453817, 30.733123126231419 ] ] ] } },
{ "type": "Feature", "properties": { "pincode": "160059", "state": "Punjab", "district": "Sahibzada Ajit Singh Nagar", "officename": "Chandigarh Sector 60", "officetype": "S.O" }, "geometry": { "type": "Polygon", "coordinates": [ [ [ 76.701018106900165, 30.703095041902714 ], [ 76.691078430924847, 30.714811864576006 ], [ 76.725115230683457, 30.727217433038277 ], [ 76.730558467299545, 30.721644062723328 ], [ 76.723787465319276, 30.708364612237119 ], [ 76.701018106900165, 30.703095041902714 ] ] ] } },
{ "type": "Feature", "properties": { "pincode": "160062", "state": "Punjab", "district": "Sahibzada Ajit Singh Nagar", "officename": "Chandigarh Sector 62", "officetype": "S.O" }, "geometry": { "type": "Polygon", "coordinates": [ [ [ 76.723368685216769, 30.698150882257437 ], [ 76.729117498873563, 30.711775921521735 ], [ 76.754780339641002, 30.680944018651644 ], [ 76.747581964536153, 30.670014266445435 ], [ 76.734263113851739, 30.662901581442895 ], [ 76.721526310690763, 30.679073885651405 ], [ 76.732352887276079, 30.687428506520462 ], [ 76.723368685216769, 30.698150882257437 ] ] ] } },
{ "type": "Feature", "properties": { "pincode": "160069", "state": "Punjab", "district": "Sahibzada Ajit Singh Nagar", "officename": "Chandigarh (Sector 69)", "officetype": "S.O" }, "geometry": { "type": "Polygon", "coordinates": [ [ [ 76.723368685216769, 30.698150882257437 ], [ 76.72829970127043, 30.692285265552584 ], [ 76.716597857704983, 30.684935902370171 ], [ 76.712106053451635, 30.690278559707849 ], [ 76.723368685216769, 30.698150882257437 ] ] ] } },
{ "type": "Feature", "properties": { "pincode": "160071", "state": "Punjab", "district": "Sahibzada Ajit Singh Nagar", "officename": "Chandigarh Sector 71", "officetype": "S.O" }, "geometry": { "type": "Polygon", "coordinates": [ [ [ 76.701292178891038, 30.703273291129619 ], [ 76.712797491810989, 30.710691980350589 ], [ 76.723368685216769, 30.698150882257437 ], [ 76.712106053451635, 30.690278559707849 ], [ 76.701292178891038, 30.703273291129619 ] ] ] } },
{ "type": "Feature", "properties": { "pincode": "160103", "state": "Punjab", "district": "Sahibzada Ajit Singh Nagar", "officename": "Naya Gaon (Mohali)", "officetype": "S.O" }, "geometry": { "type": "Polygon", "coordinates": [ [ [ 76.723787465319276, 30.708364612237119 ], [ 76.728770419918987, 30.701557193110034 ], [ 76.723368685216769, 30.698150882257437 ], [ 76.718074736959579, 30.70481870411993 ], [ 76.723787465319276, 30.708364612237119 ] ] ] } },
{ "type": "Feature", "properties": { "pincode": "160104", "state": "Punjab", "district": "Sahibzada Ajit Singh Nagar", "officename": "Dhakaoli", "officetype": "S.O" }, "geometry": { "type": "Polygon", "coordinates": [ [ [ 76.848136999822771, 30.660181000053171 ], [ 76.840170732293586, 30.637007405367513 ], [ 76.831908999700772, 30.656677000343223 ], [ 76.848136999822771, 30.660181000053171 ] ] ] } }
]
}
