{
"type": "FeatureCollection",
"name": "tripura",
"crs": { "type": "name", "properties": { "name": "urn:ogc:def:crs:OGC:1.3:CRS84" } },
"features": [
{ "type": "Feature", "properties": { "pincode": "799001", "officename": "Agartala H.O", "officetype": "H.O", "circle": "North Eastern", "region": "North East - I", "division": "Agartala", "state": "Tripura", "district": "Agartala" }, "geometry": { "type": "Polygon", "coordinates": [ [ [ 91.283581999766142, 23.851622999886196 ], [ 91.287717999641075, 23.840075999627466 ], [ 91.290572000299349, 23.840890000218696 ], [ 91.291365999619387, 23.834347999877814 ], [ 91.290936000347386, 23.830816000027689 ], [ 91.285046000354342, 23.819207000215812 ], [ 91.263766000031666, 23.829366000112437 ], [ 91.256787000267451, 23.827923000053019 ], [ 91.25308503220181, 23.840143100345816 ], [ 91.269713999751048, 23.832696000364944 ], [ 91.270466000136651, 23.843353999706753 ], [ 91.271986999727957, 23.850611000030497 ], [ 91.283581999766142, 23.851622999886196 ] ] ] } },
{ "type": "Feature", "properties": { "pincode": "799002", "officename": "Ramnagar S.O (West Tripura)", "officetype": "S.O", "circle": "North Eastern", "region": "North East - I", "division": "Agartala", "state": "Tripura", "district": "Agartala" }, "geometry": { "type": "Polygon", "coordinates": [ [ [ 91.250045021889264, 23.869025621024637 ], [ 91.282910999571413, 23.869061999658239 ], [ 91.281047999673348, 23.86517800035309 ], [ 91.279143999767399, 23.863471000311936 ], [ 91.273744000219111, 23.864410000210881 ], [ 91.273941999687523, 23.859936999898778 ], [ 91.270466000136651, 23.843353999706753 ], [ 91.269713999751048, 23.832696000364944 ], [ 91.25308503220181, 23.840143100345816 ], [ 91.248887041385743, 23.850813065420862 ], [ 91.240869380743902, 23.861700153835685 ], [ 91.238315678800319, 23.870378344159541 ], [ 91.250045021889264, 23.869025621024637 ] ] ] } },
{ "type": "Feature", "properties": { "pincode": "799003", "officename": "Arundhutinagar S.O", "officetype": "S.O", "circle": "North Eastern", "region": "North East - I", "division": "Agartala", "state": "Tripura", "district": "Agartala" }, "geometry": { "type": "Polygon", "coordinates": [ [ [ 91.253907052670527, 23.836814236243519 ], [ 91.256787000267451, 23.827923000053019 ], [ 91.263766000031666, 23.829366000112437 ], [ 91.282723000148749, 23.820315999887839 ], [ 91.281451999904377, 23.812124000249351 ], [ 91.29514099981931, 23.794362999825619 ], [ 91.282461000207945, 23.786619000015271 ], [ 91.277481999710787, 23.795211999848661 ], [ 91.272869999634793, 23.799929999878554 ], [ 91.266757000058973, 23.791517000203442 ], [ 91.256753999757166, 23.783597000397471 ], [ 91.231600000398686, 23.760889000206646 ], [ 91.226301429629132, 23.757315213743542 ], [ 91.230681835041722, 23.764920931882234 ], [ 91.230532584448866, 23.784399629040561 ], [ 91.228367892549144, 23.785566255634247 ], [ 91.228518596616169, 23.788787596401139 ], [ 91.226416368171414, 23.790926414097033 ], [ 91.228368737863846, 23.795152736234691 ], [ 91.231611079321084, 23.79818321336187 ], [ 91.234003230938924, 23.806902333395989 ], [ 91.233759696767123, 23.810825130179257 ], [ 91.237567876242039, 23.813595483314749 ], [ 91.242867819637354, 23.822962182197255 ], [ 91.253907052670527, 23.836814236243519 ] ] ] } },
{ "type": "Feature", "properties": { "pincode": "799004", "officename": "Agartala College S.O", "officetype": "S.O", "circle": "North Eastern", "region": "North East - I", "division": "Agartala", "state": "Tripura", "district": "Agartala" }, "geometry": { "type": "Polygon", "coordinates": [ [ [ 91.336473999702932, 23.835966999643002 ], [ 91.354925000380021, 23.803374999618924 ], [ 91.366638000418973, 23.795045999850554 ], [ 91.381453999739918, 23.771625999870789 ], [ 91.390964999947116, 23.758165999719193 ], [ 91.347198000428136, 23.742300999606847 ], [ 91.343966000376454, 23.757237000230628 ], [ 91.33168800044794, 23.754379000292801 ], [ 91.317903000273532, 23.775773999824363 ], [ 91.302729999678917, 23.776330000329502 ], [ 91.29514099981931, 23.794362999825619 ], [ 91.281451999904377, 23.812124000249351 ], [ 91.282723000148749, 23.820315999887839 ], [ 91.285046000354342, 23.819207000215812 ], [ 91.290936000347386, 23.830816000027689 ], [ 91.30535599983321, 23.837711000041743 ], [ 91.320547999796105, 23.836188999950547 ], [ 91.336473999702932, 23.835966999643002 ] ] ] } },
{ "type": "Feature", "properties": { "pincode": "799005", "officename": "Abhoynagar S.O", "officetype": "S.O", "circle": "North Eastern", "region": "North East - I", "division": "Agartala", "state": "Tripura", "district": "Agartala" }, "geometry": { "type": "Polygon", "coordinates": [ [ [ 91.298660999751107, 23.845336000153914 ], [ 91.287717999641075, 23.840075999627466 ], [ 91.283581999766142, 23.851622999886196 ], [ 91.29142599989386, 23.855131999874214 ], [ 91.294339000103321, 23.85536799980499 ], [ 91.294584000325727, 23.852537999948506 ], [ 91.292224000310199, 23.847200000028387 ], [ 91.298660999751107, 23.845336000153914 ] ] ] } },
{ "type": "Feature", "properties": { "pincode": "799006", "officename": "Kunjaban S.O", "officetype": "S.O", "circle": "North Eastern", "region": "North East - I", "division": "Agartala", "state": "Tripura", "district": "Agartala" }, "geometry": { "type": "Polygon", "coordinates": [ [ [ 91.31310799989943, 23.873822000330431 ], [ 91.306692000374909, 23.842206999890166 ], [ 91.292224000310199, 23.847200000028387 ], [ 91.294584000325727, 23.852537999948506 ], [ 91.294339000103321, 23.85536799980499 ], [ 91.29142599989386, 23.855131999874214 ], [ 91.283581999766142, 23.851622999886196 ], [ 91.271986999727957, 23.850611000030497 ], [ 91.273941999687523, 23.859936999898778 ], [ 91.273744000219111, 23.864410000210881 ], [ 91.291752000307085, 23.861211999779453 ], [ 91.294905999642694, 23.865077999625477 ], [ 91.295248999774358, 23.869531999776182 ], [ 91.286119000231963, 23.874907999696067 ], [ 91.293504999701995, 23.880869000113513 ], [ 91.311310000298718, 23.883775999909435 ], [ 91.31310799989943, 23.873822000330431 ] ] ] } },
{ "type": "Feature", "properties": { "pincode": "799007", "officename": "Dhaleswar S.O", "officetype": "S.O", "circle": "North Eastern", "region": "North East - I", "division": "Agartala", "state": "Tripura", "district": "Agartala" }, "geometry": { "type": "Polygon", "coordinates": [ [ [ 91.30535599983321, 23.837711000041743 ], [ 91.290936000347386, 23.830816000027689 ], [ 91.291365999619387, 23.834347999877814 ], [ 91.290572000299349, 23.840890000218696 ], [ 91.298660999751107, 23.845336000153914 ], [ 91.306692000374909, 23.842206999890166 ], [ 91.30535599983321, 23.837711000041743 ] ] ] } },
{ "type": "Feature", "properties": { "pincode": "799008", "officename": "Khayerpur S.O", "officetype": "S.O", "circle": "North Eastern", "region": "North East - I", "division": "Agartala", "state": "Tripura", "district": "Agartala" }, "geometry": { "type": "Polygon", "coordinates": [ [ [ 91.350975000277899, 23.845492999747599 ], [ 91.336473999702932, 23.835966999643002 ], [ 91.320547999796105, 23.836188999950547 ], [ 91.30535599983321, 23.837711000041743 ], [ 91.31310799989943, 23.873822000330431 ], [ 91.309776000288622, 23.892273000161257 ], [ 91.353207000246883, 23.909222999850165 ], [ 91.40753699993428, 23.916597999625804 ], [ 91.427147999629327, 23.917548000383967 ], [ 91.399796999563648, 23.887845999724259 ], [ 91.371554000268617, 23.870158000192259 ], [ 91.350975000277899, 23.845492999747599 ] ] ] } },
{ "type": "Feature", "properties": { "pincode": "799009", "officename": "Agartala Aerodrome S.O", "officetype": "S.O", "circle": "North Eastern", "region": "North East - I", "division": "Agartala", "state": "Tripura", "district": "Agartala" }, "geometry": { "type": "Polygon", "coordinates": [ [ [ 91.283255000426308, 23.873280000231279 ], [ 91.282910999571413, 23.869061999658239 ], [ 91.257393000164868, 23.868715999697674 ], [ 91.238315678800319, 23.870378344159541 ], [ 91.235786286166601, 23.877533823987019 ], [ 91.231829880178225, 23.878107419730178 ], [ 91.229615583308529, 23.880594420604929 ], [ 91.22846971209502, 23.89863143412909 ], [ 91.23538332798131, 23.901194375231555 ], [ 91.244828106182382, 23.906939468356377 ], [ 91.245212406359272, 23.908731241639234 ], [ 91.259908999815991, 23.901533000324697 ], [ 91.26231200038751, 23.897215999856694 ], [ 91.273134999948653, 23.887274999963036 ], [ 91.283255000426308, 23.873280000231279 ] ] ] } },
{ "type": "Feature", "properties": { "pincode": "799010", "officename": "Agartala Secretariate S.O", "officetype": "S.O", "circle": "North Eastern", "region": "North East - I", "division": "Agartala", "state": "Tripura", "district": "Agartala" }, "geometry": { "type": "Polygon", "coordinates": [ [ [ 91.294905999642694, 23.865077999625477 ], [ 91.291752000307085, 23.861211999779453 ], [ 91.279143999767399, 23.863471000311936 ], [ 91.282338000184254, 23.867661999789608 ], [ 91.283255000426308, 23.873280000231279 ], [ 91.286119000231963, 23.874907999696067 ], [ 91.295248999774358, 23.869531999776182 ], [ 91.294905999642694, 23.865077999625477 ] ] ] } },
{ "type": "Feature", "properties": { "pincode": "799011", "officename": "Jampuijala S.O", "officetype": "S.O", "circle": "North Eastern", "region": "North East - I", "division": "Agartala", "state": "Tripura", "district": "Agartala" }, "geometry": { "type": "Polygon", "coordinates": [ [ [ 91.615393999953909, 23.766007999906233 ], [ 91.515283000338442, 23.717476999940988 ], [ 91.492330000088501, 23.741113000125658 ], [ 91.462555000433184, 23.674394999680757 ], [ 91.422042999633845, 23.67030499984066 ], [ 91.393546999720485, 23.687917999851617 ], [ 91.400070000273445, 23.70207699970025 ], [ 91.400414000230015, 23.721572000388317 ], [ 91.407967000104605, 23.764328999977444 ], [ 91.453002000393198, 23.760222000321203 ], [ 91.513694000076768, 23.811316000305361 ], [ 91.567211000177508, 23.808989999975765 ], [ 91.597204000291029, 23.775347999624021 ], [ 91.615393999953909, 23.766007999906233 ] ] ] } },
{ "type": "Feature", "properties": { "pincode": "799012", "officename": "Salbagan S.O", "officetype": "S.O", "circle": "North Eastern", "region": "North East - I", "division": "Agartala", "state": "Tripura", "district": "Agartala" }, "geometry": { "type": "Polygon", "coordinates": [ [ [ 91.293504999701995, 23.880869000113513 ], [ 91.283255000426308, 23.873280000231279 ], [ 91.273134999948653, 23.887274999963036 ], [ 91.26231200038751, 23.897215999856694 ], [ 91.259908999815991, 23.901533000324697 ], [ 91.272267999935337, 23.902199999989527 ], [ 91.283125999656548, 23.912517999966923 ], [ 91.289862999571469, 23.917545999997277 ], [ 91.296171000039237, 23.924177000060808 ], [ 91.297996000302476, 23.902317999809622 ], [ 91.309776000288622, 23.892273000161257 ], [ 91.311311000123609, 23.883775999909435 ], [ 91.293504999701995, 23.880869000113513 ] ] ] } },
{ "type": "Feature", "properties": { "pincode": "799013", "officename": "Matabari S.O", "officetype": "S.O", "circle": "North Eastern", "region": "North East - I", "division": "Agartala", "state": "Tripura", "district": "Agartala" }, "geometry": { "type": "Polygon", "coordinates": [ [ [ 91.602059999866214, 23.537841000124576 ], [ 91.585552000351427, 23.491087000248978 ], [ 91.532817999700086, 23.485556999970076 ], [ 91.493454000019767, 23.485133000085415 ], [ 91.448479000005619, 23.511186999636131 ], [ 91.45817799963551, 23.52283400008605 ], [ 91.50121699995664, 23.52196299978425 ], [ 91.509899999610255, 23.528885000134142 ], [ 91.504899000270115, 23.541222000261204 ], [ 91.529416999593963, 23.537864999843553 ], [ 91.547886999639331, 23.536394000294479 ], [ 91.607400999863273, 23.575660999913232 ], [ 91.602059999866214, 23.537841000124576 ] ] ] } },
{ "type": "Feature", "properties": { "pincode": "799014", "officename": "Agartala ONGC S.O", "officetype": "S.O", "circle": "North Eastern", "region": "North East - I", "division": "Agartala", "state": "Tripura", "district": "Agartala" }, "geometry": { "type": "Polygon", "coordinates": [ [ [ 91.281365999690664, 23.785033000376192 ], [ 91.256753999757166, 23.783597000397471 ], [ 91.266757000058973, 23.791517000203442 ], [ 91.272869999634793, 23.799929999878554 ], [ 91.277481999710787, 23.795211999848661 ], [ 91.282461000207945, 23.786619000015271 ], [ 91.281365999690664, 23.785033000376192 ] ] ] } },
{ "type": "Feature", "properties": { "pincode": "799015", "officename": "Narayanpur Bazar S.O", "officetype": "S.O", "circle": "North Eastern", "region": "North East - I", "division": "Agartala", "state": "Tripura", "district": "Agartala" }, "geometry": { "type": "Polygon", "coordinates": [ [ [ 91.261766518194193, 23.923560893048062 ], [ 91.263945262439876, 23.92498274167572 ], [ 91.271721293338246, 23.92464862610025 ], [ 91.281610000088136, 23.920236000229519 ], [ 91.282825000255983, 23.917186999884102 ], [ 91.283125999656548, 23.912517999966923 ], [ 91.272267999935337, 23.902199999989527 ], [ 91.259908999815991, 23.901533000324697 ], [ 91.245212406359272, 23.908731241639234 ], [ 91.246193142070666, 23.913713881342641 ], [ 91.241443961165956, 23.922690943068972 ], [ 91.233018993594541, 23.926957193305398 ], [ 91.233921578571199, 23.927847904264883 ], [ 91.251706625788813, 23.926069174410941 ], [ 91.261766518194193, 23.923560893048062 ] ] ] } },
{ "type": "Feature", "properties": { "pincode": "799022", "officename": "Tripura University S.O", "officetype": "S.O", "circle": "North Eastern", "region": "North East - I", "division": "Agartala", "state": "Tripura", "district": "Agartala" }, "geometry": { "type": "Polygon", "coordinates": [ [ [ 91.279392000362819, 23.775447999638157 ], [ 91.276645999659621, 23.74653999967493 ], [ 91.253814999608423, 23.738840999803788 ], [ 91.242258999928282, 23.727572999814914 ], [ 91.219192553237747, 23.736939198787759 ], [ 91.222473489912886, 23.745689706735345 ], [ 91.226364696177939, 23.751138359797512 ], [ 91.225221420197315, 23.756532698289018 ], [ 91.225899625778965, 23.757578183396884 ], [ 91.231600000398686, 23.760889000206646 ], [ 91.256753999757166, 23.783597000397471 ], [ 91.270011999676868, 23.784715000274819 ], [ 91.266346000155224, 23.779690000071056 ], [ 91.272525999678194, 23.775604999907998 ], [ 91.279392000362819, 23.775447999638157 ] ] ] } },
{ "type": "Feature", "properties": { "pincode": "799035", "officename": "Ranirbazar S.O", "officetype": "S.O", "circle": "North Eastern", "region": "North East - I", "division": "Agartala", "state": "Tripura", "district": "Agartala" }, "geometry": { "type": "Polygon", "coordinates": [ [ [ 91.407967000104605, 23.764328999977444 ], [ 91.390964999947116, 23.758165999719193 ], [ 91.381453999739918, 23.771625999870789 ], [ 91.366638000418973, 23.795045999850554 ], [ 91.354925000380021, 23.803374999618924 ], [ 91.336473999702932, 23.835966999643002 ], [ 91.350975000277899, 23.845492999747599 ], [ 91.371554000268617, 23.870158000192259 ], [ 91.399796999563648, 23.887845999724259 ], [ 91.427147999629327, 23.917548000383967 ], [ 91.459556999834888, 23.907447999841782 ], [ 91.463684000387303, 23.87216200018538 ], [ 91.416636000412865, 23.856050000168917 ], [ 91.411142000254898, 23.847102000045801 ], [ 91.416893000330802, 23.827906999845627 ], [ 91.407967000104605, 23.764328999977444 ] ] ] } },
{ "type": "Feature", "properties": { "pincode": "799045", "officename": "Birendranagar S.O", "officetype": "S.O", "circle": "North Eastern", "region": "North East - I", "division": "Agartala", "state": "Tripura", "district": "Agartala" }, "geometry": { "type": "Polygon", "coordinates": [ [ [ 91.559915000220883, 23.83257500027247 ], [ 91.567211000177508, 23.808989999975765 ], [ 91.513694000076768, 23.811316000305361 ], [ 91.453002000393198, 23.760222000321203 ], [ 91.407967000104605, 23.764328999977444 ], [ 91.416893000330802, 23.827906999845627 ], [ 91.42736400043772, 23.836620000284206 ], [ 91.431275000181785, 23.849566999669133 ], [ 91.438264999816653, 23.863456999964473 ], [ 91.463684000387303, 23.87216200018538 ], [ 91.459556999834888, 23.907447999841782 ], [ 91.488646999950063, 23.906554999841234 ], [ 91.540488999575459, 23.885842999881206 ], [ 91.559915000220883, 23.83257500027247 ] ] ] } },
{ "type": "Feature", "properties": { "pincode": "799046", "officename": "NIT Agartala S.O", "officetype": "S.O", "circle": "North Eastern", "region": "North East - I", "division": "Agartala", "state": "Tripura", "district": "Agartala" }, "geometry": { "type": "Polygon", "coordinates": [ [ [ 91.42736400043772, 23.836620000284206 ], [ 91.416893000330802, 23.827906999845627 ], [ 91.411142000254898, 23.847102000045801 ], [ 91.416636000412865, 23.856050000168917 ], [ 91.438264999816653, 23.863456999964473 ], [ 91.431275000181785, 23.849566999669133 ], [ 91.42736400043772, 23.836620000284206 ] ] ] } },
{ "type": "Feature", "properties": { "pincode": "799101", "officename": "Amarpur S.O ( South Tripura)", "officetype": "S.O", "circle": "North Eastern", "region": "North East - I", "division": "Agartala", "state": "Tripura", "district": "Agartala" }, "geometry": { "type": "Polygon", "coordinates": [ [ [ 91.724854000293178, 23.444348999834222 ], [ 91.723871999753811, 23.368727999852076 ], [ 91.614684000299434, 23.398404999605262 ], [ 91.585552000351427, 23.491087000248978 ], [ 91.602059999866214, 23.537841000124576 ], [ 91.607400999863273, 23.575660999913232 ], [ 91.593321000136072, 23.637084000154577 ], [ 91.515283000338442, 23.717476999940988 ], [ 91.615393999953909, 23.766007999906233 ], [ 91.628162000327166, 23.773378000193041 ], [ 91.648348999782399, 23.776033999836017 ], [ 91.689757999833986, 23.774977000157651 ], [ 91.697680999604401, 23.742667999711841 ], [ 91.706958000358185, 23.687053000081097 ], [ 91.725842999606911, 23.626840999652362 ], [ 91.738235000236543, 23.580569999845018 ], [ 91.763967999728266, 23.552087999949489 ], [ 91.814653999635297, 23.489323000003292 ], [ 91.757898999635046, 23.462675999684581 ], [ 91.724854000293178, 23.444348999834222 ] ] ] } },
{ "type": "Feature", "properties": { "pincode": "799102", "officename": "Bishalgarh S.O", "officetype": "S.O", "circle": "North Eastern", "region": "North East - I", "division": "Agartala", "state": "Tripura", "district": "Agartala" }, "geometry": { "type": "Polygon", "coordinates": [ [ [ 91.400414000230015, 23.721572000388317 ], [ 91.400070000273445, 23.70207699970025 ], [ 91.393546999720485, 23.687917999851617 ], [ 91.371832000102927, 23.679350999985093 ], [ 91.271838999589932, 23.644996000233547 ], [ 91.227378000310011, 23.56076700040229 ], [ 91.221541000020423, 23.555225999644541 ], [ 91.209936033174145, 23.548700348592199 ], [ 91.209516915195195, 23.547869010119271 ], [ 91.210777476117613, 23.547286273723124 ], [ 91.209484830966488, 23.546009542930562 ], [ 91.205344187699865, 23.545262729810652 ], [ 91.201989029521002, 23.550060263413613 ], [ 91.199034067207961, 23.547333334198655 ], [ 91.194450765610327, 23.547177648172791 ], [ 91.195146614104132, 23.562483316007377 ], [ 91.1872690349511, 23.573136067954184 ], [ 91.187297518732123, 23.577530289643104 ], [ 91.185974425184455, 23.577576353768386 ], [ 91.175267945200531, 23.585507544335336 ], [ 91.176574629222884, 23.587690841140081 ], [ 91.176121142599484, 23.588820866674002 ], [ 91.178092349963421, 23.591745425658402 ], [ 91.177129963239949, 23.593198349033813 ], [ 91.168754235922535, 23.592586558645447 ], [ 91.162498681795967, 23.595043785802794 ], [ 91.162169565127002, 23.598683132031244 ], [ 91.163750366465081, 23.601037737365335 ], [ 91.159675259790006, 23.611291443933464 ], [ 91.1610253980176, 23.613934688404438 ], [ 91.159145464876445, 23.617184588294403 ], [ 91.158142970172207, 23.621779231126194 ], [ 91.158381453117173, 23.625937959157312 ], [ 91.159206162243564, 23.625990170696916 ], [ 91.158711736697711, 23.628928874255053 ], [ 91.161009221155965, 23.63122823232878 ], [ 91.159183673818717, 23.636940653759485 ], [ 91.158696624339669, 23.641355075634664 ], [ 91.161007284388219, 23.64877921492921 ], [ 91.161365666372518, 23.654314226210506 ], [ 91.159785419294963, 23.657255025671773 ], [ 91.156303814256702, 23.670717388930356 ], [ 91.159991202665282, 23.667449673282515 ], [ 91.161522532882373, 23.667067554786826 ], [ 91.160732722406451, 23.666310677376558 ], [ 91.161249000369921, 23.663852925094471 ], [ 91.166462816889037, 23.663481997463421 ], [ 91.170388669378028, 23.65753863429892 ], [ 91.173833428218259, 23.656353428413251 ], [ 91.173972249370692, 23.657621405957912 ], [ 91.175336796575465, 23.657614955867494 ], [ 91.17604239897662, 23.659594092642347 ], [ 91.176508039805825, 23.657641643227674 ], [ 91.177774728136811, 23.658537474370917 ], [ 91.181938278443241, 23.656379526062921 ], [ 91.182865140390462, 23.656871684286092 ], [ 91.182018559083545, 23.657177218697029 ], [ 91.182855672147355, 23.65965996499941 ], [ 91.185062565102484, 23.656641005843088 ], [ 91.19294810243062, 23.654431184005034 ], [ 91.190734301430965, 23.646948727261279 ], [ 91.193813478289911, 23.646041659968262 ], [ 91.199421695642954, 23.646578891392579 ], [ 91.199688899524219, 23.649688892316103 ], [ 91.204588136810628, 23.650404041304558 ], [ 91.202502066362911, 23.653911819142944 ], [ 91.205128400690484, 23.653893852345544 ], [ 91.205008895113281, 23.654986058814458 ], [ 91.201479093663423, 23.65597296840744 ], [ 91.203674984951292, 23.658267715089043 ], [ 91.202384695182843, 23.662886638071701 ], [ 91.204985260438193, 23.67974757409862 ], [ 91.203280645202796, 23.68010821733024 ], [ 91.204594942447244, 23.682334969956109 ], [ 91.205989386482983, 23.682552210096176 ], [ 91.206461641607618, 23.684754479318116 ], [ 91.207678625255625, 23.684858667044757 ], [ 91.208528570753288, 23.686401213833513 ], [ 91.203673253897747, 23.685395349871442 ], [ 91.202089330015738, 23.687490267015392 ], [ 91.195517401822485, 23.692144748270209 ], [ 91.193818986759211, 23.689896885067039 ], [ 91.154242715177261, 23.688392931977894 ], [ 91.153529046803158, 23.689216030050162 ], [ 91.151610732243157, 23.705449908100071 ], [ 91.150760881068621, 23.705787220383556 ], [ 91.150113734737943, 23.710310837020867 ], [ 91.149198517651783, 23.711525058294232 ], [ 91.152883937851541, 23.721081727491931 ], [ 91.152906222358808, 23.72456737078787 ], [ 91.155244327735915, 23.730503099684626 ], [ 91.15620826495153, 23.736054018485785 ], [ 91.158081470609531, 23.739263378002988 ], [ 91.156433117758709, 23.739778790207115 ], [ 91.157077026561112, 23.742018342289974 ], [ 91.158840292801386, 23.741654581825696 ], [ 91.166192094306837, 23.748972631106426 ], [ 91.168735267995288, 23.749694624155595 ], [ 91.183003464774515, 23.748831856146282 ], [ 91.186209568193206, 23.750667703174454 ], [ 91.196628560336791, 23.751093172434924 ], [ 91.210374894326407, 23.749155688977307 ], [ 91.211958352881084, 23.744606661798674 ], [ 91.217762179285572, 23.739873146132322 ], [ 91.219028254067226, 23.736426459415743 ], [ 91.219192553237747, 23.736939198787759 ], [ 91.266173999727783, 23.717860999902385 ], [ 91.296600000384672, 23.707052999988573 ], [ 91.347198000428136, 23.742300999606847 ], [ 91.407967000104605, 23.764328999977444 ], [ 91.400414000230015, 23.721572000388317 ] ] ] } },
{ "type": "Feature", "properties": { "pincode": "799103", "officename": "Bishramganj S.O", "officetype": "S.O", "circle": "North Eastern", "region": "North East - I", "division": "Agartala", "state": "Tripura", "district": "Agartala" }, "geometry": { "type": "Polygon", "coordinates": [ [ [ 91.393546999720485, 23.687917999851617 ], [ 91.422042999633845, 23.67030499984066 ], [ 91.462555000433184, 23.674394999680757 ], [ 91.453002000393198, 23.64418900033024 ], [ 91.441470999929109, 23.599035999749422 ], [ 91.402129999814989, 23.573427999963229 ], [ 91.370462000124377, 23.587029999706459 ], [ 91.346624000317789, 23.579915999653341 ], [ 91.314565999741546, 23.569008000208193 ], [ 91.285978999591592, 23.556760999813328 ], [ 91.252098000198544, 23.551398999718625 ], [ 91.219911999575757, 23.553679999710116 ], [ 91.227378000310011, 23.56076700040229 ], [ 91.271838999589932, 23.644996000233547 ], [ 91.371832000102927, 23.679350999985093 ], [ 91.393546999720485, 23.687917999851617 ] ] ] } },
{ "type": "Feature", "properties": { "pincode": "799104", "officename": "Jatanbari S.O", "officetype": "S.O", "circle": "North Eastern", "region": "North East - I", "division": "Agartala", "state": "Tripura", "district": "Agartala" }, "geometry": { "type": "Polygon", "coordinates": [ [ [ 91.886582000230177, 23.561878999944277 ], [ 91.919111999911209, 23.543186000274805 ], [ 91.956797508262937, 23.551272339882104 ], [ 91.958371642304996, 23.548915155400625 ], [ 91.958165124112739, 23.54812374113305 ], [ 91.960199154257751, 23.54634677277128 ], [ 91.959447524876367, 23.545085613986764 ], [ 91.964616197459236, 23.535125822972759 ], [ 91.963565208102679, 23.533194815500828 ], [ 91.959025930242191, 23.532528970780891 ], [ 91.956676621975163, 23.528755425204299 ], [ 91.956280802701428, 23.525706700034529 ], [ 91.960083045210638, 23.518451348033452 ], [ 91.964339759795166, 23.519157764786772 ], [ 91.963138412222975, 23.516322551331385 ], [ 91.96625110612348, 23.515121577750111 ], [ 91.964670015527915, 23.51266459070396 ], [ 91.96824801338937, 23.510182317435945 ], [ 91.969451318390568, 23.505534387870732 ], [ 91.971048852647442, 23.503018634030894 ], [ 91.969949263535696, 23.501395950919111 ], [ 91.970033652171793, 23.499929859049029 ], [ 91.968525405962595, 23.499012403907326 ], [ 91.969195854591732, 23.496373065347861 ], [ 91.971041100186525, 23.494143937364786 ], [ 91.972517095978731, 23.49470838002393 ], [ 91.972825121103142, 23.492376319277753 ], [ 91.970860142657386, 23.491967369341467 ], [ 91.969509242658376, 23.48902953346273 ], [ 91.969662309294606, 23.487723369489359 ], [ 91.968637138417634, 23.48741100434756 ], [ 91.970317872839473, 23.482239755734149 ], [ 91.969374672333885, 23.482089564082003 ], [ 91.970385296791463, 23.478282859765088 ], [ 91.969125494047105, 23.476382123256567 ], [ 91.965502728643457, 23.47848720038747 ], [ 91.962179976290173, 23.477765483215965 ], [ 91.958332303282063, 23.479405488832413 ], [ 91.958712957197193, 23.472880127466382 ], [ 91.957571290099239, 23.472869101809106 ], [ 91.956659016792216, 23.475594560053768 ], [ 91.955439493606917, 23.475672338708613 ], [ 91.951939126355668, 23.472459356387517 ], [ 91.949558846872577, 23.471507426465323 ], [ 91.94964302889619, 23.470014570086679 ], [ 91.94770416267913, 23.469558640537453 ], [ 91.947778888137705, 23.466661969475187 ], [ 91.946918965052205, 23.465932821687453 ], [ 91.945572386848028, 23.465827021351 ], [ 91.945002989705216, 23.467709209813322 ], [ 91.94109173843286, 23.465856822124142 ], [ 91.936662223920294, 23.466602378173931 ], [ 91.936891696763027, 23.463947344897157 ], [ 91.938664905556834, 23.463311292703736 ], [ 91.939086237882961, 23.461610145351017 ], [ 91.939088836709104, 23.46052380710184 ], [ 91.938070572080022, 23.460657787775236 ], [ 91.937916814639365, 23.459187811602153 ], [ 91.940886335948193, 23.450516856298485 ], [ 91.940184482216722, 23.44732961596014 ], [ 91.941048079411757, 23.446528043705342 ], [ 91.942580545099347, 23.440492404056535 ], [ 91.943167637256664, 23.43698425308822 ], [ 91.942608054208293, 23.434976538132993 ], [ 91.940580232320215, 23.435332874672838 ], [ 91.938519852791273, 23.434091215270836 ], [ 91.937430487405805, 23.432343449735004 ], [ 91.93429211516289, 23.433466710924524 ], [ 91.934861188912237, 23.435221613310109 ], [ 91.932997269139335, 23.435979942811038 ], [ 91.932887758217973, 23.435128529073129 ], [ 91.931315851099541, 23.434455018318623 ], [ 91.930499690341392, 23.435224290355645 ], [ 91.9282060650456, 23.433947753830573 ], [ 91.926281505397753, 23.434340385985386 ], [ 91.924004365085722, 23.433663753178578 ], [ 91.921692941469189, 23.436847744471127 ], [ 91.921813752298476, 23.437983314669715 ], [ 91.92019041573171, 23.438807707045051 ], [ 91.919218933566, 23.438429173628926 ], [ 91.919016865627697, 23.439499627735543 ], [ 91.914431049645572, 23.437028255606378 ], [ 91.913623038403685, 23.437456155182591 ], [ 91.913460603237411, 23.436712847032322 ], [ 91.909356580691622, 23.436547129127547 ], [ 91.90734912181442, 23.437332327376271 ], [ 91.90645824098759, 23.436851533334085 ], [ 91.899711328163534, 23.440600248052831 ], [ 91.899138645881706, 23.440323627407576 ], [ 91.899941028279983, 23.439099839635421 ], [ 91.899016288153476, 23.435599534457644 ], [ 91.895700909172035, 23.433331645190112 ], [ 91.895813777097615, 23.431801226293604 ], [ 91.894137161451326, 23.431419328881574 ], [ 91.891131332933639, 23.433594927222359 ], [ 91.887423020965457, 23.43289259529255 ], [ 91.888826953905578, 23.429418039329377 ], [ 91.887014592040074, 23.426921413632588 ], [ 91.882433817403339, 23.425137608274675 ], [ 91.881920664678759, 23.4238429736358 ], [ 91.880523616426999, 23.423817312833393 ], [ 91.878361729067606, 23.422159174769114 ], [ 91.876543173318211, 23.422322282859422 ], [ 91.875903002405721, 23.42039269308874 ], [ 91.873768728359863, 23.418795810711369 ], [ 91.873181031636364, 23.414973897140538 ], [ 91.873759847614949, 23.414037079519922 ], [ 91.871428290057949, 23.414025527140488 ], [ 91.870364938086468, 23.41284898777057 ], [ 91.867293021411655, 23.412490324492655 ], [ 91.865586903294812, 23.409601703657739 ], [ 91.864278296877728, 23.40988744594214 ], [ 91.863471766059433, 23.407983232342584 ], [ 91.860370102572304, 23.406183391057713 ], [ 91.860641497094363, 23.405165883181166 ], [ 91.858537399255511, 23.404999216432131 ], [ 91.857680558289744, 23.405784168350522 ], [ 91.85684710945398, 23.405106189951855 ], [ 91.854735199865402, 23.406670687276677 ], [ 91.852937396097417, 23.406259686273533 ], [ 91.851070012420763, 23.404058399073225 ], [ 91.850729433248759, 23.405062659912073 ], [ 91.849598191099702, 23.405430734875683 ], [ 91.844989450111527, 23.404685385227349 ], [ 91.845397149604906, 23.400560729681285 ], [ 91.843136458344063, 23.400159175012519 ], [ 91.84306361036441, 23.399149722588547 ], [ 91.841134288747241, 23.399641171821411 ], [ 91.840697685061258, 23.39887315128037 ], [ 91.84186501433193, 23.388388659789843 ], [ 91.838537374245206, 23.386977836327528 ], [ 91.836892856302342, 23.387310081276574 ], [ 91.836194558102747, 23.38644299935444 ], [ 91.836876969596531, 23.380488381464581 ], [ 91.837874551414487, 23.378645426782885 ], [ 91.837121926699794, 23.375214232477934 ], [ 91.837971543414028, 23.372956331701676 ], [ 91.837572323118621, 23.370615731352096 ], [ 91.832423154757237, 23.369721580861221 ], [ 91.831606188210301, 23.365063568846267 ], [ 91.830450099558774, 23.364025757109999 ], [ 91.828463971177953, 23.366036863024377 ], [ 91.828245296084987, 23.364990450374368 ], [ 91.827013601625865, 23.364769661471247 ], [ 91.825595533694795, 23.363106359674418 ], [ 91.825142087495564, 23.352343250314174 ], [ 91.819267383116866, 23.351079465974696 ], [ 91.81854658211941, 23.348688478986592 ], [ 91.817325591086885, 23.347559343090168 ], [ 91.818070142642156, 23.346433547788791 ], [ 91.81533070592873, 23.34381566212987 ], [ 91.813060539238222, 23.345160796319007 ], [ 91.813152070379147, 23.345835212385214 ], [ 91.809434827360434, 23.34395301060658 ], [ 91.809673336356596, 23.341999968670528 ], [ 91.808361916416018, 23.341389637225202 ], [ 91.808886954750136, 23.340918257179496 ], [ 91.807904406238436, 23.34076111115527 ], [ 91.807626639067735, 23.339687439698814 ], [ 91.806795034473268, 23.339790996789706 ], [ 91.807399025737681, 23.337054271472148 ], [ 91.808248545433884, 23.33703775931038 ], [ 91.806577063659461, 23.334703458080892 ], [ 91.805596616307213, 23.334449296055702 ], [ 91.806490987987246, 23.333890575055715 ], [ 91.805304709653953, 23.332781913967651 ], [ 91.803967339181483, 23.332279761884219 ], [ 91.799674306608324, 23.332908256333255 ], [ 91.796747601700872, 23.33086265167276 ], [ 91.793407805611722, 23.329804063770208 ], [ 91.792822692442982, 23.329133428344242 ], [ 91.793193811639682, 23.327919548645745 ], [ 91.79125332126857, 23.326082377905632 ], [ 91.788375962616314, 23.32524411941715 ], [ 91.786459650401071, 23.325688662690887 ], [ 91.785548036457499, 23.324494912137695 ], [ 91.783277446660534, 23.324429098105181 ], [ 91.782016176967318, 23.320403223336211 ], [ 91.779327896614362, 23.317461708475903 ], [ 91.774116053693916, 23.315207876421137 ], [ 91.7733755472524, 23.315871729214571 ], [ 91.771633668102396, 23.314159946125354 ], [ 91.771440705487805, 23.31154938964233 ], [ 91.769985097859276, 23.31236366907806 ], [ 91.769837165094927, 23.311746657728566 ], [ 91.767647310485813, 23.311308573650621 ], [ 91.766566453044362, 23.309165320655605 ], [ 91.764354406454444, 23.309261694362036 ], [ 91.764184915021588, 23.307070028940796 ], [ 91.765213872297494, 23.304985071460344 ], [ 91.764108738783818, 23.303230883369487 ], [ 91.762419675182628, 23.302957056650666 ], [ 91.76271911241291, 23.30072569484987 ], [ 91.761999749618255, 23.299923720807541 ], [ 91.762973688676254, 23.298856553398814 ], [ 91.762407893777691, 23.297712292117506 ], [ 91.76271410700015, 23.296463594422949 ], [ 91.763669910869211, 23.296166902411624 ], [ 91.763530628881014, 23.294572535690236 ], [ 91.762860540476311, 23.292217248951086 ], [ 91.760600602003677, 23.291270384150877 ], [ 91.762024409271092, 23.289648417136203 ], [ 91.76061103413906, 23.286683949160558 ], [ 91.761752970731578, 23.286566010629436 ], [ 91.76130362713829, 23.285647469111186 ], [ 91.76217623263895, 23.28490272312148 ], [ 91.759827353766639, 23.283492833917734 ], [ 91.761075137052501, 23.28107969392093 ], [ 91.762771763570058, 23.280827520381521 ], [ 91.761361721187669, 23.277054848992424 ], [ 91.76335307057694, 23.277159493789142 ], [ 91.764065922382429, 23.276084129499235 ], [ 91.76344829828524, 23.274403788417757 ], [ 91.765932784137888, 23.273575759616065 ], [ 91.764965405476417, 23.27260672380736 ], [ 91.765685080884808, 23.273051596484478 ], [ 91.766685315427807, 23.271448668437262 ], [ 91.767430304462607, 23.272430880790651 ], [ 91.768570537849371, 23.271621730073907 ], [ 91.767632931153031, 23.27273457243189 ], [ 91.768710590592036, 23.272559926159467 ], [ 91.769014292124993, 23.273189206216895 ], [ 91.770768530296664, 23.271471731176735 ], [ 91.770289692317618, 23.270938771018834 ], [ 91.771955755454258, 23.27006305317709 ], [ 91.773897169293448, 23.270024527668948 ], [ 91.774371677392836, 23.269217877684387 ], [ 91.775976017286325, 23.270031311968513 ], [ 91.777092594438372, 23.269232060347633 ], [ 91.776092447930282, 23.26679999046344 ], [ 91.776804572998728, 23.26341356079908 ], [ 91.775383973615163, 23.261946063366842 ], [ 91.777554960010065, 23.2599273724854 ], [ 91.776379296170191, 23.258744336206352 ], [ 91.776914715435723, 23.257310079911683 ], [ 91.775787424975576, 23.257487477972798 ], [ 91.774967472428628, 23.256688107379915 ], [ 91.775251184649861, 23.255508959370747 ], [ 91.777016109180138, 23.255009929201663 ], [ 91.778176714560914, 23.256429222352175 ], [ 91.77834595087225, 23.254719179687626 ], [ 91.779811272882228, 23.25371225648404 ], [ 91.77851176639895, 23.251743361604259 ], [ 91.779446938660882, 23.251607412624839 ], [ 91.779483131783678, 23.247863305634496 ], [ 91.780455413449971, 23.246965239164254 ], [ 91.778789084412011, 23.2466070497128 ], [ 91.777963132915616, 23.244423576858264 ], [ 91.776311702436615, 23.243979073332692 ], [ 91.776192230097109, 23.243165948905823 ], [ 91.777147278482985, 23.242680405138263 ], [ 91.777075402480463, 23.241449437410335 ], [ 91.779834697351575, 23.240109999949528 ], [ 91.77972411294347, 23.239293457771158 ], [ 91.781336649963919, 23.241476937003508 ], [ 91.780267502062202, 23.242121242694431 ], [ 91.780602316745004, 23.2433190947357 ], [ 91.783620771982314, 23.243269454012506 ], [ 91.783132032772215, 23.242570272356506 ], [ 91.785404037415759, 23.238992969387915 ], [ 91.784224461412833, 23.238831276183223 ], [ 91.783981761775877, 23.235460895377447 ], [ 91.785040267336413, 23.234507967901529 ], [ 91.784144899424732, 23.234057819020268 ], [ 91.785016877901356, 23.233413769910982 ], [ 91.784194641836976, 23.232544559615256 ], [ 91.786523291547383, 23.229474896226645 ], [ 91.788349378772111, 23.228748799653328 ], [ 91.787747570413799, 23.227548643274275 ], [ 91.791099085924202, 23.226734909392814 ], [ 91.789843578923524, 23.225091590834893 ], [ 91.79072198304938, 23.22476561308558 ], [ 91.79122974318733, 23.22557879596814 ], [ 91.790891920046633, 23.223705622673425 ], [ 91.791654613977357, 23.223249321015789 ], [ 91.790402115434574, 23.222681062339362 ], [ 91.790218358755013, 23.221252393596455 ], [ 91.791919611596299, 23.218142267404829 ], [ 91.788399947634375, 23.216752641670102 ], [ 91.787900130400203, 23.215111839651922 ], [ 91.791632038415941, 23.212354464125934 ], [ 91.790788628161977, 23.211579356741066 ], [ 91.791984110633678, 23.210714933186967 ], [ 91.791176835112012, 23.209386580854961 ], [ 91.791895593340527, 23.209026352839416 ], [ 91.792007466831052, 23.210004366742858 ], [ 91.792624733398767, 23.209248507351582 ], [ 91.791666172600117, 23.207624793627531 ], [ 91.788572696358486, 23.20775717859852 ], [ 91.788873584367948, 23.204442193692426 ], [ 91.791490648980115, 23.20030634645169 ], [ 91.792984236480521, 23.200135828678956 ], [ 91.792868809254699, 23.198988191842471 ], [ 91.79598842377618, 23.197789377341891 ], [ 91.794829989623437, 23.196971142989181 ], [ 91.796323705582921, 23.195342562056215 ], [ 91.797771815872068, 23.195793312891478 ], [ 91.798059337848414, 23.193917320822081 ], [ 91.798865197625204, 23.193606798670718 ], [ 91.797740588636174, 23.192017284641928 ], [ 91.798690156400511, 23.191605329340771 ], [ 91.797465896398691, 23.190096020734998 ], [ 91.798226741596594, 23.18934613364269 ], [ 91.79649360844418, 23.188787154162846 ], [ 91.796577881197621, 23.187796487323375 ], [ 91.795563171202147, 23.188072039373736 ], [ 91.794693714296528, 23.186535018148223 ], [ 91.79674086972615, 23.186599207485955 ], [ 91.797469331556357, 23.184060246066849 ], [ 91.798349784739358, 23.184696390202745 ], [ 91.799099857340323, 23.183900208930126 ], [ 91.800937606494074, 23.183876799096954 ], [ 91.801243819716561, 23.182761262824368 ], [ 91.805229917720055, 23.180553457183528 ], [ 91.806275742662024, 23.179102133952338 ], [ 91.804623798346711, 23.178207938149157 ], [ 91.804299767938886, 23.176783407877853 ], [ 91.803185549762745, 23.176825488184551 ], [ 91.80448219421352, 23.175548736094189 ], [ 91.804197831612029, 23.174473904148623 ], [ 91.805039429065729, 23.174720501157928 ], [ 91.805146185752406, 23.175719335589005 ], [ 91.806744174556812, 23.175208992384118 ], [ 91.80510914192503, 23.174157739369385 ], [ 91.806109169855503, 23.17375924139148 ], [ 91.806092494428881, 23.172535381724263 ], [ 91.806926307980675, 23.172551790395072 ], [ 91.806989601478975, 23.171835937239827 ], [ 91.805746963743061, 23.172160848248797 ], [ 91.806331284597718, 23.170285695841336 ], [ 91.804810662298848, 23.168278801018737 ], [ 91.805877152085614, 23.166617796958462 ], [ 91.810112087016066, 23.164977132948 ], [ 91.80933969577184, 23.163411832800662 ], [ 91.806951821033053, 23.162407053352297 ], [ 91.807684718744099, 23.161553315588577 ], [ 91.806084850664149, 23.157327686296163 ], [ 91.810606281694874, 23.153493026386904 ], [ 91.810126855319325, 23.150184996382762 ], [ 91.813185303553112, 23.147425795173426 ], [ 91.81372447328495, 23.146305108200142 ], [ 91.813229709074221, 23.145595177664813 ], [ 91.814238090438536, 23.145241725478478 ], [ 91.813079718269563, 23.143714151211899 ], [ 91.811077651979005, 23.144617547867881 ], [ 91.808158829788141, 23.139038689993512 ], [ 91.809241424571326, 23.136484249207466 ], [ 91.808081318653848, 23.135654503055015 ], [ 91.808298814258876, 23.134850027193124 ], [ 91.809901219181214, 23.133745527079967 ], [ 91.803817999655365, 23.133096000370053 ], [ 91.80055600036475, 23.135293999740053 ], [ 91.774463999949532, 23.132454000324426 ], [ 91.766396000414147, 23.129940000021168 ], [ 91.759615000118316, 23.162731999631301 ], [ 91.750632999815636, 23.183042000397531 ], [ 91.703536000335674, 23.232576000195976 ], [ 91.671408000337536, 23.258691999984016 ], [ 91.698749000357481, 23.312927999670453 ], [ 91.723871999753811, 23.368727999852076 ], [ 91.724854000293178, 23.444348999834222 ], [ 91.757898999635046, 23.462675999684581 ], [ 91.828193999587327, 23.495680000233122 ], [ 91.886582000230177, 23.561878999944277 ] ] ] } },
{ "type": "Feature", "properties": { "pincode": "799105", "officename": "Kakraban S.O", "officetype": "S.O", "circle": "North Eastern", "region": "North East - I", "division": "Agartala", "state": "Tripura", "district": "Agartala" }, "geometry": { "type": "Polygon", "coordinates": [ [ [ 91.432846000001788, 23.582167000087306 ], [ 91.408212000326998, 23.521706999896143 ], [ 91.431031999609203, 23.52393300021274 ], [ 91.44353399984368, 23.528719000197707 ], [ 91.448479000005619, 23.511186999636131 ], [ 91.493454000019767, 23.485133000085415 ], [ 91.457735999769625, 23.45802999987044 ], [ 91.445476000282781, 23.452795999612675 ], [ 91.47131699972951, 23.40031800009632 ], [ 91.446447000053183, 23.365447000212658 ], [ 91.37392699980461, 23.379364999594365 ], [ 91.375803000121465, 23.38886300013246 ], [ 91.369855000402083, 23.420498999666176 ], [ 91.333980999617992, 23.435686999719159 ], [ 91.307545000144501, 23.457892000002936 ], [ 91.377035000007751, 23.542784999652742 ], [ 91.403319000043595, 23.571381999594447 ], [ 91.402129999814989, 23.573427999963229 ], [ 91.409773000101282, 23.578402999902359 ], [ 91.432846000001788, 23.582167000087306 ] ] ] } },
{ "type": "Feature", "properties": { "pincode": "799113", "officename": "Tepania S.O", "officetype": "S.O", "circle": "North Eastern", "region": "North East - I", "division": "Agartala", "state": "Tripura", "district": "Agartala" }, "geometry": { "type": "Polygon", "coordinates": [ [ [ 91.483591000358388, 23.591249999761072 ], [ 91.475907999889145, 23.575230999975219 ], [ 91.466535999599117, 23.560377000104996 ], [ 91.453973000163586, 23.534283000135634 ], [ 91.44353399984368, 23.528719000197707 ], [ 91.431031999609203, 23.52393300021274 ], [ 91.408212000326998, 23.521706999896143 ], [ 91.432846000001788, 23.582167000087306 ], [ 91.409773000101282, 23.578402999902359 ], [ 91.441470999929109, 23.599035999749422 ], [ 91.444319999666178, 23.610192999986904 ], [ 91.461983999797582, 23.596143999783049 ], [ 91.483591000358388, 23.591249999761072 ] ] ] } },
{ "type": "Feature", "properties": { "pincode": "799114", "officename": "Gakulpur S.O", "officetype": "S.O", "circle": "North Eastern", "region": "North East - I", "division": "Agartala", "state": "Tripura", "district": "Agartala" }, "geometry": { "type": "Polygon", "coordinates": [ [ [ 91.607400999863273, 23.575660999913232 ], [ 91.547886999639331, 23.536394000294479 ], [ 91.529416999593963, 23.537864999843553 ], [ 91.482295999824558, 23.544316000261478 ], [ 91.484964999636588, 23.52229200021246 ], [ 91.45817799963551, 23.52283400008605 ], [ 91.448479000005619, 23.511186999636131 ], [ 91.44353399984368, 23.528719000197707 ], [ 91.453973000163586, 23.534283000135634 ], [ 91.466535999599117, 23.560377000104996 ], [ 91.475907999889145, 23.575230999975219 ], [ 91.483591000358388, 23.591249999761072 ], [ 91.461983999797582, 23.596143999783049 ], [ 91.444319999666178, 23.610192999986904 ], [ 91.453002000393198, 23.64418900033024 ], [ 91.462555000433184, 23.674394999680757 ], [ 91.492330000088501, 23.741113000125658 ], [ 91.593321000136072, 23.637084000154577 ], [ 91.607400999863273, 23.575660999913232 ] ] ] } },
{ "type": "Feature", "properties": { "pincode": "799115", "officename": "Melaghar S.O", "officetype": "S.O", "circle": "North Eastern", "region": "North East - I", "division": "Agartala", "state": "Tripura", "district": "Agartala" }, "geometry": { "type": "Polygon", "coordinates": [ [ [ 91.307545000144501, 23.457892000002936 ], [ 91.285744000313272, 23.475213000195293 ], [ 91.252098000198544, 23.551398999718625 ], [ 91.285978999591592, 23.556760999813328 ], [ 91.314565999741546, 23.569008000208193 ], [ 91.346624000317789, 23.579915999653341 ], [ 91.370462000124377, 23.587029999706459 ], [ 91.402129999814989, 23.573427999963229 ], [ 91.403319000043595, 23.571381999594447 ], [ 91.377035000007751, 23.542784999652742 ], [ 91.307545000144501, 23.457892000002936 ] ] ] } },
{ "type": "Feature", "properties": { "pincode": "799120", "officename": "Radhakishorepur H.O", "officetype": "H.O", "circle": "North Eastern", "region": "North East - I", "division": "Agartala", "state": "Tripura", "district": "Agartala" }, "geometry": { "type": "Polygon", "coordinates": [ [ [ 91.501236043342345, 23.521978180876705 ], [ 91.484972000207605, 23.522235999724465 ], [ 91.482295999824558, 23.544316000261478 ], [ 91.504899000270115, 23.541222000261204 ], [ 91.509899999610255, 23.528885000134142 ], [ 91.501236043342345, 23.521978180876705 ] ] ] } },
{ "type": "Feature", "properties": { "pincode": "799125", "officename": "Garjee S.O", "officetype": "S.O", "circle": "North Eastern", "region": "North East - I", "division": "Agartala", "state": "Tripura", "district": "Agartala" }, "geometry": { "type": "Polygon", "coordinates": [ [ [ 91.560059000160948, 23.397993000094619 ], [ 91.507138999736753, 23.356549999984093 ], [ 91.446447000053183, 23.365447000212658 ], [ 91.47131699972951, 23.40031800009632 ], [ 91.445476000282781, 23.452795999612675 ], [ 91.457735999769625, 23.45802999987044 ], [ 91.493454000019767, 23.485133000085415 ], [ 91.532817999700086, 23.485556999970076 ], [ 91.585552000351427, 23.491087000248978 ], [ 91.603650999777699, 23.433513999971332 ], [ 91.560059000160948, 23.397993000094619 ] ] ] } },
{ "type": "Feature", "properties": { "pincode": "799130", "officename": "Sekerkote S.O", "officetype": "S.O", "circle": "North Eastern", "region": "North East - I", "division": "Agartala", "state": "Tripura", "district": "Agartala" }, "geometry": { "type": "Polygon", "coordinates": [ [ [ 91.331569107521759, 23.754563518206758 ], [ 91.343966000376454, 23.757237000230628 ], [ 91.347198000428136, 23.742300999606847 ], [ 91.296600000384672, 23.707052999988573 ], [ 91.266173999727783, 23.717860999902385 ], [ 91.242258999928282, 23.727572999814914 ], [ 91.253814999608423, 23.738840999803788 ], [ 91.276645999659621, 23.74653999967493 ], [ 91.279392000362819, 23.775447999638157 ], [ 91.272525999678194, 23.775604999907998 ], [ 91.266346000155224, 23.779690000071056 ], [ 91.270011999676868, 23.784715000274819 ], [ 91.281365999690664, 23.785033000376192 ], [ 91.282461000207945, 23.786619000015271 ], [ 91.29514099981931, 23.794362999825619 ], [ 91.302729999678917, 23.776330000329502 ], [ 91.317903000273532, 23.775773999824363 ], [ 91.331569107521759, 23.754563518206758 ] ] ] } },
{ "type": "Feature", "properties": { "pincode": "799131", "officename": "Sonamura S.O", "officetype": "S.O", "circle": "North Eastern", "region": "North East - I", "division": "Agartala", "state": "Tripura", "district": "Agartala" }, "geometry": { "type": "Polygon", "coordinates": [ [ [ 91.252098000198544, 23.551398999718625 ], [ 91.285744000313272, 23.475213000195293 ], [ 91.333980999617992, 23.435686999719159 ], [ 91.369855000402083, 23.420498999666176 ], [ 91.375803000121465, 23.38886300013246 ], [ 91.303939999823882, 23.387001000223819 ], [ 91.282135280069042, 23.375827866635561 ], [ 91.279751138728571, 23.37659823148212 ], [ 91.276444008078087, 23.414704319635067 ], [ 91.263433991685815, 23.423724064777179 ], [ 91.270650553621877, 23.42980208721395 ], [ 91.256460157234486, 23.441547802746872 ], [ 91.255781879787619, 23.447362569114706 ], [ 91.251552056271152, 23.453643646277484 ], [ 91.253496368075446, 23.458013617332988 ], [ 91.253407915461011, 23.461404568063152 ], [ 91.2510720486856, 23.462773690681118 ], [ 91.250819637362127, 23.46433165663634 ], [ 91.251631979381983, 23.466456770863417 ], [ 91.250776504753759, 23.469630610262829 ], [ 91.252242254361818, 23.481009483250364 ], [ 91.249342416267879, 23.490170954984031 ], [ 91.241260720119357, 23.490307701765666 ], [ 91.23637740636967, 23.488993656881629 ], [ 91.237225548050205, 23.495123378324909 ], [ 91.234440468835516, 23.4961431633626 ], [ 91.235572329923812, 23.50178763774835 ], [ 91.223461884660409, 23.497308985151534 ], [ 91.217979484447739, 23.499504771003547 ], [ 91.223600058127531, 23.514023490059429 ], [ 91.213856361024114, 23.513745431904191 ], [ 91.207837903742046, 23.512048456607335 ], [ 91.200763622370559, 23.520023544196892 ], [ 91.200683689378266, 23.52303323327272 ], [ 91.208158419042164, 23.54304357574075 ], [ 91.213014129359792, 23.545109618148384 ], [ 91.212945673243567, 23.550414122376392 ], [ 91.221540000195489, 23.555225999644541 ], [ 91.219911999575757, 23.553679999710116 ], [ 91.252098000198544, 23.551398999718625 ] ] ] } },
{ "type": "Feature", "properties": { "pincode": "799132", "officename": "Kathalia S.O", "officetype": "S.O", "circle": "North Eastern", "region": "North East - I", "division": "Agartala", "state": "Tripura", "district": "Agartala" }, "geometry": { "type": "Polygon", "coordinates": [ [ [ 91.375803000121465, 23.38886300013246 ], [ 91.364998999928574, 23.334149999820408 ], [ 91.328658999887523, 23.295256999770874 ], [ 91.316793308708114, 23.281267987245425 ], [ 91.316607509259583, 23.28191260809054 ], [ 91.302341180976171, 23.286342346138095 ], [ 91.300223727884003, 23.292452088643504 ], [ 91.307139676695044, 23.299721194428312 ], [ 91.314959918180136, 23.296609966187553 ], [ 91.313154884770725, 23.306338192225699 ], [ 91.309531365680556, 23.313853323017273 ], [ 91.296240092162705, 23.313397601395238 ], [ 91.289852827049174, 23.318524493828651 ], [ 91.292357678607644, 23.324637530268827 ], [ 91.296165275974275, 23.340892373289133 ], [ 91.30512460639244, 23.343386706928484 ], [ 91.310793731318398, 23.342382776335267 ], [ 91.310140363256068, 23.345783972720071 ], [ 91.311052796463159, 23.352662679198385 ], [ 91.312606254880649, 23.353909854275948 ], [ 91.31431727061242, 23.35261890430591 ], [ 91.318013103184654, 23.352971247327936 ], [ 91.320085968397706, 23.360088305286428 ], [ 91.314898591992318, 23.360930025156613 ], [ 91.301082744569371, 23.351585494139321 ], [ 91.291070614689374, 23.350657051341567 ], [ 91.294904776137273, 23.361191214662256 ], [ 91.28615642674167, 23.363088136279888 ], [ 91.284235053418129, 23.371083925974204 ], [ 91.293751446211971, 23.37124840234743 ], [ 91.294329485147827, 23.374678299148282 ], [ 91.293373465683132, 23.375664655084325 ], [ 91.293236226463932, 23.377775498638073 ], [ 91.292142674030899, 23.378113166764471 ], [ 91.288538852299951, 23.37537973445977 ], [ 91.284322126220289, 23.376933851885767 ], [ 91.303939999823882, 23.387001000223819 ], [ 91.375803000121465, 23.38886300013246 ] ] ] } },
{ "type": "Feature", "properties": { "pincode": "799141", "officename": "Jolaibari S.O", "officetype": "S.O", "circle": "North Eastern", "region": "North East - I", "division": "Agartala", "state": "Tripura", "district": "Agartala" }, "geometry": { "type": "Polygon", "coordinates": [ [ [ 91.750632999815636, 23.183042000397531 ], [ 91.759615000118316, 23.162731999631301 ], [ 91.659959999714118, 23.166308000165046 ], [ 91.632328000339328, 23.164903000261361 ], [ 91.613278000335868, 23.156513999937779 ], [ 91.608638999597346, 23.168141999858292 ], [ 91.583826999647314, 23.190939999635095 ], [ 91.573276999897686, 23.201902999688301 ], [ 91.571044999928674, 23.211999000388939 ], [ 91.591816000438314, 23.213660999661005 ], [ 91.604814000067037, 23.228463000369469 ], [ 91.622329000235496, 23.246510000062116 ], [ 91.653356999693514, 23.273361999871675 ], [ 91.703536000335674, 23.232576000195976 ], [ 91.750632999815636, 23.183042000397531 ] ] ] } },
{ "type": "Feature", "properties": { "pincode": "799142", "officename": "Muhuripur S.O", "officetype": "S.O", "circle": "North Eastern", "region": "North East - I", "division": "Agartala", "state": "Tripura", "district": "Agartala" }, "geometry": { "type": "Polygon", "coordinates": [ [ [ 91.591816000438314, 23.213660999661005 ], [ 91.571044999928674, 23.211999000388939 ], [ 91.56417800031744, 23.225650999640415 ], [ 91.545571000004728, 23.22938300004213 ], [ 91.548042000348346, 23.23692799997978 ], [ 91.548729000436623, 23.246630000371269 ], [ 91.556920999820534, 23.257563999770309 ], [ 91.552666999944833, 23.266461999778091 ], [ 91.653356999693514, 23.273361999871675 ], [ 91.622329000235496, 23.246510000062116 ], [ 91.604814000067037, 23.228463000369469 ], [ 91.591816000438314, 23.213660999661005 ] ] ] } },
{ "type": "Feature", "properties": { "pincode": "799143", "officename": "Manubazar S.O", "officetype": "S.O", "circle": "North Eastern", "region": "North East - I", "division": "Agartala", "state": "Tripura", "district": "Agartala" }, "geometry": { "type": "Polygon", "coordinates": [ [ [ 91.666832000246529, 23.042457000202518 ], [ 91.55766800018327, 23.004951999961115 ], [ 91.557035201744313, 22.996601220715128 ], [ 91.547516090648415, 22.99418370709094 ], [ 91.542486514102478, 22.999457074803004 ], [ 91.548215484792635, 23.019235303779528 ], [ 91.538418982021852, 23.019191858664605 ], [ 91.549668998448212, 23.037293295632765 ], [ 91.557633999848065, 23.034781999920341 ], [ 91.576022999702587, 23.04008800000809 ], [ 91.582153999720063, 23.049188999757799 ], [ 91.575851000173444, 23.123627999614779 ], [ 91.583060999916327, 23.135664999929009 ], [ 91.594733999772359, 23.147021999808832 ], [ 91.60637999986416, 23.153476000040222 ], [ 91.632328000339328, 23.164903000261361 ], [ 91.659959999714118, 23.166308000165046 ], [ 91.759615000118316, 23.162731999631301 ], [ 91.766396000414147, 23.129940000021168 ], [ 91.747719999606161, 23.111387999681064 ], [ 91.733093000431097, 23.093299999964618 ], [ 91.666832000246529, 23.042457000202518 ] ] ] } },
{ "type": "Feature", "properties": { "pincode": "799144", "officename": "Santirbazar S.O", "officetype": "S.O", "circle": "North Eastern", "region": "North East - I", "division": "Agartala", "state": "Tripura", "district": "Agartala" }, "geometry": { "type": "Polygon", "coordinates": [ [ [ 91.698749000357481, 23.312927999670453 ], [ 91.671408000337536, 23.258691999984016 ], [ 91.653356999693514, 23.273361999871675 ], [ 91.552666999944833, 23.266461999778091 ], [ 91.535246000385982, 23.302895999841375 ], [ 91.507138999736753, 23.356549999984093 ], [ 91.560059000160948, 23.397993000094619 ], [ 91.603650999777699, 23.433513999971332 ], [ 91.614684000299434, 23.398404999605262 ], [ 91.723871999753811, 23.368727999852076 ], [ 91.698749000357481, 23.312927999670453 ] ] ] } },
{ "type": "Feature", "properties": { "pincode": "799145", "officename": "Sabroom S.O", "officetype": "S.O", "circle": "North Eastern", "region": "North East - I", "division": "Agartala", "state": "Tripura", "district": "Agartala" }, "geometry": { "type": "Polygon", "coordinates": [ [ [ 91.811698903473271, 23.134104132095914 ], [ 91.814618411078683, 23.133554025442834 ], [ 91.81494974928134, 23.131716041408534 ], [ 91.812329140815379, 23.130701846326687 ], [ 91.813892837332119, 23.128814176341614 ], [ 91.812424426914205, 23.128101344396221 ], [ 91.813144582921282, 23.1261386939074 ], [ 91.811534323130076, 23.125064197524324 ], [ 91.812617166746605, 23.122649252982697 ], [ 91.810887614278926, 23.121653711713289 ], [ 91.812943610029265, 23.11912995185908 ], [ 91.815615599434537, 23.119038812665064 ], [ 91.816957027597184, 23.115536101025558 ], [ 91.81650990104599, 23.113684261725322 ], [ 91.81809289606997, 23.112043441428444 ], [ 91.816307214168432, 23.109971693109049 ], [ 91.817802531824071, 23.108452429853905 ], [ 91.817609428173938, 23.102005880946123 ], [ 91.817234020420088, 23.101013994923871 ], [ 91.814931755127873, 23.100404445049676 ], [ 91.813516012036743, 23.099081328767433 ], [ 91.820679869815066, 23.097369948624838 ], [ 91.820927499406281, 23.099715890706374 ], [ 91.825051072885913, 23.098921605779289 ], [ 91.831194897252388, 23.096736903451362 ], [ 91.832099951697771, 23.094738256761531 ], [ 91.833719200031709, 23.095486248030262 ], [ 91.835780803964354, 23.093409976301441 ], [ 91.835581498345533, 23.092621295483031 ], [ 91.833093491995271, 23.0925717806489 ], [ 91.833477896376721, 23.090985452747415 ], [ 91.831600703995491, 23.090980930986689 ], [ 91.83139012901141, 23.089789838379126 ], [ 91.829748238640761, 23.09166443901 ], [ 91.827931630438897, 23.088683054466326 ], [ 91.822783566106978, 23.086590915402635 ], [ 91.8223059758879, 23.085563249918174 ], [ 91.824368189776607, 23.08343482998858 ], [ 91.819808800433506, 23.079813510209547 ], [ 91.818280610726674, 23.082988313352786 ], [ 91.817178935726872, 23.082750541316869 ], [ 91.816514900170546, 23.080769461836901 ], [ 91.814748040669144, 23.080575988025601 ], [ 91.817288486174064, 23.078935687266988 ], [ 91.817883859001697, 23.075748110036852 ], [ 91.815925781413938, 23.074673353467066 ], [ 91.818184538601997, 23.07366629702662 ], [ 91.818389114636602, 23.072742141613457 ], [ 91.816048096023025, 23.071847365564626 ], [ 91.81319399116019, 23.073522681148116 ], [ 91.812496620022003, 23.072109830053861 ], [ 91.813855328177453, 23.070581359945958 ], [ 91.811563014421949, 23.069510843242504 ], [ 91.812345299710699, 23.066250648954313 ], [ 91.805976591095998, 23.066968062286985 ], [ 91.80688308374414, 23.06392540388148 ], [ 91.806027570488368, 23.063028389667089 ], [ 91.799236767776151, 23.06494342079672 ], [ 91.79536148504782, 23.062193024729339 ], [ 91.794087235597075, 23.062283821456528 ], [ 91.79356059107522, 23.064822936121029 ], [ 91.794383526927234, 23.066064316691751 ], [ 91.795864392486578, 23.066538142381098 ], [ 91.795805105474471, 23.067295751390848 ], [ 91.79370853461937, 23.069020275270869 ], [ 91.789816700431899, 23.068725429805845 ], [ 91.789538651190213, 23.071670123065498 ], [ 91.788101918064143, 23.070094577821191 ], [ 91.788959392342193, 23.067202384351628 ], [ 91.786032267023202, 23.068222936923831 ], [ 91.785884155494088, 23.070592710692189 ], [ 91.784776946872128, 23.071492700163461 ], [ 91.779226728347084, 23.071040064376383 ], [ 91.77451740838643, 23.069615985970216 ], [ 91.773592070880255, 23.066310551802729 ], [ 91.779427690459272, 23.059917491818524 ], [ 91.779097764408235, 23.057533668784743 ], [ 91.777286386197986, 23.056026443482672 ], [ 91.782472572335635, 23.048424058499037 ], [ 91.781979117868602, 23.044808693765866 ], [ 91.783507627375656, 23.041725827298247 ], [ 91.784131564832663, 23.037928654174397 ], [ 91.781701439631107, 23.033910247167903 ], [ 91.780070548232814, 23.036553127711048 ], [ 91.778933555967583, 23.036481853867254 ], [ 91.78037482738246, 23.033192562615014 ], [ 91.78060815938764, 23.029092472012646 ], [ 91.776447940932613, 23.026911041411658 ], [ 91.774306932217058, 23.027078808070105 ], [ 91.772829738970586, 23.031686776187641 ], [ 91.77440812384053, 23.038482194447706 ], [ 91.771471980334411, 23.041292945898878 ], [ 91.768542276850539, 23.040934728045102 ], [ 91.767729157787954, 23.039398770656444 ], [ 91.770331160347752, 23.036809671737302 ], [ 91.771916537703916, 23.03302700011114 ], [ 91.770019479978458, 23.03291915277406 ], [ 91.768186148739289, 23.034228025312178 ], [ 91.764449101461807, 23.030897792249398 ], [ 91.761092952441203, 23.029859015270866 ], [ 91.761481114475473, 23.02620027332441 ], [ 91.760156224297234, 23.024751438964799 ], [ 91.756847454221329, 23.024271001848192 ], [ 91.753360293103071, 23.022078827091288 ], [ 91.751519042316332, 23.018158874115802 ], [ 91.745356764757304, 23.011028480156682 ], [ 91.743909185372473, 23.006434721063279 ], [ 91.731520222845162, 23.000412989857729 ], [ 91.726062794899065, 22.998888258402044 ], [ 91.72276203689718, 22.993949895616591 ], [ 91.720624702291161, 22.987423858972079 ], [ 91.717002471385086, 22.986645677907841 ], [ 91.712095319940985, 22.988915185379636 ], [ 91.71107404146413, 22.987810294049758 ], [ 91.711640071721305, 22.983578326238923 ], [ 91.710788232575055, 22.982314068334318 ], [ 91.708838292825476, 22.981855578783168 ], [ 91.706787092282141, 22.983117284699947 ], [ 91.703263470343103, 22.988253182344636 ], [ 91.700733872893537, 22.989010291200085 ], [ 91.693689888103322, 22.988290550882461 ], [ 91.691692908073904, 22.986649400995901 ], [ 91.690993070161909, 22.983255871975583 ], [ 91.685877013701869, 22.980798666412859 ], [ 91.681773117818565, 22.977250038238569 ], [ 91.678045789414142, 22.98077062212236 ], [ 91.674652465412109, 22.980124333177226 ], [ 91.670864355198944, 22.97705186455892 ], [ 91.667693677741795, 22.978666736247501 ], [ 91.664602529035065, 22.981646864097087 ], [ 91.661916128856006, 22.979158074725081 ], [ 91.659833195325248, 22.981065994949816 ], [ 91.657704194390092, 22.981733641200897 ], [ 91.656324158433151, 22.98064332859277 ], [ 91.657992532036715, 22.979203313324387 ], [ 91.658079520397266, 22.978107809657843 ], [ 91.655481905209285, 22.976537337117541 ], [ 91.651536478430302, 22.976716248821258 ], [ 91.650617696829073, 22.978162305637554 ], [ 91.650033448737929, 22.982488079793061 ], [ 91.64732225236213, 22.984739448301532 ], [ 91.645459482432756, 22.985021559025295 ], [ 91.64570276866958, 22.976550085223167 ], [ 91.640808395760416, 22.974888638152652 ], [ 91.640502763747946, 22.970328592193201 ], [ 91.637179735611838, 22.965764673697453 ], [ 91.637086425806672, 22.96301985344514 ], [ 91.635616843985602, 22.961078022084088 ], [ 91.63094767422659, 22.958963451382054 ], [ 91.626314853897242, 22.962185811078591 ], [ 91.624563698743628, 22.961566320245048 ], [ 91.627007749628717, 22.955663269586754 ], [ 91.623494213973714, 22.949388586893505 ], [ 91.62556326404173, 22.944113981795045 ], [ 91.619382738106012, 22.938361062465148 ], [ 91.616868293438628, 22.939550429612705 ], [ 91.61694851838341, 22.944005687036892 ], [ 91.613752648572429, 22.945468719478832 ], [ 91.612720621753212, 22.946992586180009 ], [ 91.612992539993073, 22.949570165055814 ], [ 91.616457983441038, 22.94911601487107 ], [ 91.615842296111595, 22.951469912360889 ], [ 91.613480648585863, 22.952384715355606 ], [ 91.607111095554785, 22.950037775721785 ], [ 91.606988905811534, 22.951993935470298 ], [ 91.609596007208893, 22.95611460195213 ], [ 91.608443244120508, 22.957208760210886 ], [ 91.602444909100839, 22.953219053082687 ], [ 91.600332878239726, 22.954268025884037 ], [ 91.60040352534692, 22.956636478764612 ], [ 91.604855963068914, 22.962175778757153 ], [ 91.608105737186833, 22.961393823638211 ], [ 91.612489504993533, 22.95765826021702 ], [ 91.613796386645305, 22.95837145625126 ], [ 91.611877602266389, 22.962347769814802 ], [ 91.605634839251152, 22.965306114766804 ], [ 91.606104507227784, 22.971908630882808 ], [ 91.60141222381651, 22.971299748055714 ], [ 91.599228032186929, 22.975935442220532 ], [ 91.593056540608004, 22.972626986287377 ], [ 91.59172476124985, 22.976457928980075 ], [ 91.590628938774088, 22.976894731051722 ], [ 91.587792148040052, 22.973732368181331 ], [ 91.57676254315011, 22.965218997095413 ], [ 91.575060774675876, 22.968640479177427 ], [ 91.557222494192843, 22.978459705441814 ], [ 91.55766800018327, 23.004951999961115 ], [ 91.666832000246529, 23.042457000202518 ], [ 91.733093000431097, 23.093299999964618 ], [ 91.747719999606161, 23.111387999681064 ], [ 91.766396000414147, 23.129940000021168 ], [ 91.774463999949532, 23.132454000324426 ], [ 91.80055600036475, 23.135293999740053 ], [ 91.803817999655365, 23.133096000370053 ], [ 91.810295468199854, 23.133656918192322 ], [ 91.811067290810513, 23.136928317123356 ], [ 91.811698903473271, 23.134104132095914 ] ] ] } },
{ "type": "Feature", "properties": { "pincode": "799150", "officename": "Rajnagar S.O ( South Tripura)", "officetype": "S.O", "circle": "North Eastern", "region": "North East - I", "division": "Agartala", "state": "Tripura", "district": "Agartala" }, "geometry": { "type": "Polygon", "coordinates": [ [ [ 91.507138999736753, 23.356549999984093 ], [ 91.517285000153677, 23.33718500031005 ], [ 91.491736999711563, 23.335793999712195 ], [ 91.413288000010184, 23.337212000084424 ], [ 91.407107999588902, 23.308050000111042 ], [ 91.4060780002673, 23.290386000165004 ], [ 91.408927330584362, 23.284365803998003 ], [ 91.41132441574976, 23.255664476228574 ], [ 91.405585372250329, 23.256589655413407 ], [ 91.403147499079438, 23.259623012043868 ], [ 91.400386408476066, 23.265709762843731 ], [ 91.39756115300861, 23.265124652258844 ], [ 91.397295778097273, 23.256248453904192 ], [ 91.400665765664797, 23.256098258607242 ], [ 91.408744825257983, 23.247616221249388 ], [ 91.393196611843919, 23.246571335291087 ], [ 91.392553252810487, 23.245892544034835 ], [ 91.395611170139901, 23.241952254145176 ], [ 91.397111256951376, 23.241154432188164 ], [ 91.39682357417658, 23.240320440334362 ], [ 91.398655283058332, 23.237414507336265 ], [ 91.398409683659665, 23.235888564960106 ], [ 91.40025429414554, 23.235076413967352 ], [ 91.400650164623272, 23.232678674838532 ], [ 91.400029260776975, 23.230916133281656 ], [ 91.400911222231372, 23.229114399621022 ], [ 91.386470969329153, 23.227555607218015 ], [ 91.392134814856192, 23.220026273172756 ], [ 91.38832371136499, 23.214670396365861 ], [ 91.380856649720386, 23.208494604534092 ], [ 91.361714000173436, 23.212932999969365 ], [ 91.361540000096156, 23.226551999785237 ], [ 91.338959000290203, 23.241188000320701 ], [ 91.364998999928574, 23.334149999820408 ], [ 91.37392699980461, 23.379364999594365 ], [ 91.446447000053183, 23.365447000212658 ], [ 91.507138999736753, 23.356549999984093 ] ] ] } },
{ "type": "Feature", "properties": { "pincode": "799153", "officename": "Radhanagar S.O (West Tripura)", "officetype": "S.O", "circle": "North Eastern", "region": "North East - I", "division": "Agartala", "state": "Tripura", "district": "Agartala" }, "geometry": { "type": "Polygon", "coordinates": [ [ [ 91.362776000180418, 23.202838000348944 ], [ 91.323988885999157, 23.190059591801884 ], [ 91.323650231018476, 23.237447378085889 ], [ 91.318925368406823, 23.239845568887723 ], [ 91.318696180330051, 23.245489636918666 ], [ 91.325503672841933, 23.247144278641361 ], [ 91.326606822875462, 23.252286584993747 ], [ 91.318021274260474, 23.252892958381235 ], [ 91.309785538600309, 23.276374729252389 ], [ 91.315777610565817, 23.279430419606417 ], [ 91.328658999887523, 23.295256999770874 ], [ 91.364998999928574, 23.334149999820408 ], [ 91.338959000290203, 23.241188000320701 ], [ 91.361540000096156, 23.226551999785237 ], [ 91.361790000341415, 23.206951999858727 ], [ 91.362776000180418, 23.202838000348944 ] ] ] } },
{ "type": "Feature", "properties": { "pincode": "799155", "officename": "Beloniya S.O", "officetype": "S.O", "circle": "North Eastern", "region": "North East - I", "division": "Agartala", "state": "Tripura", "district": "Agartala" }, "geometry": { "type": "Polygon", "coordinates": [ [ [ 91.413288000010184, 23.337212000084424 ], [ 91.491736999711563, 23.335793999712195 ], [ 91.517285000153677, 23.33718500031005 ], [ 91.535246000385982, 23.302895999841375 ], [ 91.556920999820534, 23.257563999770309 ], [ 91.548729000436623, 23.246630000371269 ], [ 91.548042000348346, 23.23692799997978 ], [ 91.537914000373107, 23.205996999694932 ], [ 91.540640999911417, 23.179465000093678 ], [ 91.524525000033819, 23.154881000052061 ], [ 91.51165000042873, 23.153774999850707 ], [ 91.507215362824084, 23.154235727829214 ], [ 91.494284415244806, 23.152211409047826 ], [ 91.490881791882998, 23.157603633927017 ], [ 91.493341055737403, 23.160498967179567 ], [ 91.493376120576215, 23.161481291209334 ], [ 91.494799351125238, 23.161948105229552 ], [ 91.498259887076799, 23.171645930315645 ], [ 91.492357614300332, 23.171937063014337 ], [ 91.491741229878244, 23.177559641072335 ], [ 91.497387283372731, 23.17978332748736 ], [ 91.50673004619523, 23.179920628744551 ], [ 91.507540481091738, 23.183684344332324 ], [ 91.50109860469712, 23.185274041618889 ], [ 91.504284760126623, 23.189287730754014 ], [ 91.503233270408458, 23.192077913311582 ], [ 91.492195101878934, 23.188809615184418 ], [ 91.488454381390241, 23.192129426809668 ], [ 91.484930898690081, 23.188207798713979 ], [ 91.470756684554217, 23.196419760402875 ], [ 91.482440389633453, 23.198418119982371 ], [ 91.482573774181773, 23.199066585966513 ], [ 91.48443081555456, 23.209180861297565 ], [ 91.475409310040618, 23.220355360771578 ], [ 91.458624082344343, 23.213285016029076 ], [ 91.458247306456315, 23.21563754316692 ], [ 91.453953769029965, 23.217592165931546 ], [ 91.454199609177152, 23.218318731826159 ], [ 91.450613321662217, 23.219413373850223 ], [ 91.453370848648831, 23.222165969098654 ], [ 91.45329031109037, 23.223174786398793 ], [ 91.470272857332077, 23.227630569476339 ], [ 91.457908601170004, 23.245991097993539 ], [ 91.44706125007815, 23.243769274278979 ], [ 91.447171490431529, 23.247470829844566 ], [ 91.445235650638651, 23.247074356398741 ], [ 91.445977067073557, 23.250026980299097 ], [ 91.448727011380839, 23.249762690224383 ], [ 91.449430519809098, 23.251963465015777 ], [ 91.455414902195798, 23.256432383344567 ], [ 91.454524498374383, 23.25742369822018 ], [ 91.454210400638658, 23.260370828364554 ], [ 91.448672625576947, 23.259847602825779 ], [ 91.441556966006857, 23.261481461292991 ], [ 91.431386494583279, 23.26244575916142 ], [ 91.424890306046606, 23.258017548030704 ], [ 91.424746729213055, 23.259640798182506 ], [ 91.421156590620484, 23.261769527066381 ], [ 91.418353542405143, 23.255376700983849 ], [ 91.41838301972291, 23.257060857293663 ], [ 91.417676365394541, 23.25710195577134 ], [ 91.418687207244403, 23.258313673866553 ], [ 91.418008102449164, 23.258294393734587 ], [ 91.417660123854176, 23.259842713729373 ], [ 91.416822231052691, 23.259763400412044 ], [ 91.415723492645569, 23.261560898207193 ], [ 91.416439588267565, 23.262321665628036 ], [ 91.415376204855022, 23.263336547190669 ], [ 91.41640580981624, 23.263900849637697 ], [ 91.416518309432533, 23.264930375176718 ], [ 91.417415208073436, 23.26447619599584 ], [ 91.416375329978649, 23.266771192181235 ], [ 91.417147350218684, 23.266488648319367 ], [ 91.416921795827236, 23.268078171226318 ], [ 91.41591835789194, 23.269475493404421 ], [ 91.418161797007755, 23.269593727653756 ], [ 91.419635335907643, 23.273259599991217 ], [ 91.417733592569689, 23.274693594682891 ], [ 91.41781258772086, 23.276202904166844 ], [ 91.416574752378466, 23.275605610942669 ], [ 91.417746574123896, 23.277217669269497 ], [ 91.416356998058646, 23.279562380985386 ], [ 91.415587665577974, 23.279274403192176 ], [ 91.415630656252532, 23.28275078323 ], [ 91.413944893960007, 23.281301462759931 ], [ 91.411436950400358, 23.284060280633881 ], [ 91.409410763446104, 23.284219036722291 ], [ 91.408938634983897, 23.285193558600824 ], [ 91.408927330584362, 23.284365803998003 ], [ 91.4060780002673, 23.290386000165004 ], [ 91.407107999588902, 23.308050000111042 ], [ 91.413288000010184, 23.337212000084424 ] ] ] } },
{ "type": "Feature", "properties": { "pincode": "799156", "officename": "Hrishyamukh S.O", "officetype": "S.O", "circle": "North Eastern", "region": "North East - I", "division": "Agartala", "state": "Tripura", "district": "Agartala" }, "geometry": { "type": "Polygon", "coordinates": [ [ [ 91.613278000335868, 23.156513999937779 ], [ 91.594733999772359, 23.147021999808832 ], [ 91.583060999916327, 23.135664999929009 ], [ 91.575851000173444, 23.123627999614779 ], [ 91.582153999720063, 23.049188999757799 ], [ 91.576022999702587, 23.04008800000809 ], [ 91.557633999848065, 23.034781999920341 ], [ 91.549668998448212, 23.037293295632765 ], [ 91.550356508779572, 23.038408582153664 ], [ 91.530489669789901, 23.038308418876316 ], [ 91.53627566014444, 23.054514818834555 ], [ 91.535208277432261, 23.055314474259632 ], [ 91.524963493775118, 23.055347768266802 ], [ 91.525837108083891, 23.059970974477132 ], [ 91.535342815417422, 23.063314299763338 ], [ 91.525131608988957, 23.082807944408167 ], [ 91.529975716666399, 23.085733752351572 ], [ 91.52983207425585, 23.091661978992871 ], [ 91.518948920808342, 23.094150703298723 ], [ 91.522362801857327, 23.104001471395279 ], [ 91.511315207305472, 23.104188203045275 ], [ 91.512299964774456, 23.113215441330485 ], [ 91.520416075381519, 23.114433848627275 ], [ 91.519242409394835, 23.117740277937727 ], [ 91.515415005074487, 23.11763057268309 ], [ 91.514264388061349, 23.122547927259589 ], [ 91.517637429002576, 23.125420021027622 ], [ 91.503809227947812, 23.127229647951868 ], [ 91.50314575563516, 23.130490965773966 ], [ 91.514874755567689, 23.138557673968307 ], [ 91.515318050804183, 23.14498836118462 ], [ 91.511814797265913, 23.143094764037723 ], [ 91.511047933355641, 23.143758732360748 ], [ 91.510934468050422, 23.143094210601365 ], [ 91.509812630364053, 23.143185995096225 ], [ 91.509995048553833, 23.14138631003788 ], [ 91.509236027834319, 23.141383201668464 ], [ 91.510020106160383, 23.140371233189217 ], [ 91.508142505045697, 23.140502248210996 ], [ 91.50819113714023, 23.139646498227727 ], [ 91.504548763310538, 23.140307442144699 ], [ 91.501644084195519, 23.143054897616764 ], [ 91.500273060137545, 23.142730365361729 ], [ 91.500025901263527, 23.141933859379854 ], [ 91.498732993804339, 23.142471195950847 ], [ 91.498973054190984, 23.143782663818637 ], [ 91.496309148724976, 23.145632332369544 ], [ 91.496483058970668, 23.146611639810217 ], [ 91.494742945010231, 23.147076381998037 ], [ 91.503200389374143, 23.150996929638033 ], [ 91.50734016217325, 23.153410095817414 ], [ 91.507215362824084, 23.154235727829214 ], [ 91.51165000042873, 23.153774999850707 ], [ 91.524525000033819, 23.154881000052061 ], [ 91.540640999911417, 23.179465000093678 ], [ 91.537914000373107, 23.205996999694932 ], [ 91.545571000004728, 23.22938300004213 ], [ 91.56417800031744, 23.225650999640415 ], [ 91.571044999928674, 23.211999000388939 ], [ 91.573276999897686, 23.201902999688301 ], [ 91.583826999647314, 23.190939999635095 ], [ 91.608638999597346, 23.168141999858292 ], [ 91.613278000335868, 23.156513999937779 ] ] ] } },
{ "type": "Feature", "properties": { "pincode": "799157", "officename": "Anandapur S.O ( South Tripura)", "officetype": "S.O", "circle": "North Eastern", "region": "North East - I", "division": "Agartala", "state": "Tripura", "district": "Agartala" }, "geometry": { "type": "Polygon", "coordinates": [ [ [ 91.379897683781536, 23.184480803522288 ], [ 91.382991873285491, 23.184478262630591 ], [ 91.381884741918654, 23.17501148925626 ], [ 91.385204049232826, 23.175212759803944 ], [ 91.384768813681021, 23.156153728650654 ], [ 91.389280311141377, 23.152632144198613 ], [ 91.392031628074434, 23.139441007653886 ], [ 91.397299409087637, 23.130140203217707 ], [ 91.396974764232155, 23.117677938470226 ], [ 91.403417493127961, 23.113718634348785 ], [ 91.40025785147408, 23.096422558316892 ], [ 91.406066261083154, 23.0969246004132 ], [ 91.405227785275059, 23.086980651786 ], [ 91.408123331218562, 23.083456726057886 ], [ 91.417580815191016, 23.08242491206191 ], [ 91.416350258897381, 23.081023343211648 ], [ 91.416115156312799, 23.076521631403672 ], [ 91.413385955003719, 23.075524735009559 ], [ 91.413200998174929, 23.069487420051832 ], [ 91.410867279271343, 23.066236415845822 ], [ 91.412060308443984, 23.065411496324312 ], [ 91.417236525976904, 23.064967300182762 ], [ 91.415996993716959, 23.062645189410112 ], [ 91.41459891419926, 23.063163407756999 ], [ 91.411625867901236, 23.062308578253731 ], [ 91.410610199403337, 23.060785240308309 ], [ 91.407034204784921, 23.059919930926437 ], [ 91.406309893171354, 23.058976901233432 ], [ 91.39923543213682, 23.058413977948643 ], [ 91.398762793431573, 23.056512216854024 ], [ 91.396693542140895, 23.055972372398926 ], [ 91.377935028379099, 23.066610883874748 ], [ 91.369791073591514, 23.070371373447269 ], [ 91.351486893564456, 23.097535489817947 ], [ 91.346958559879056, 23.102302614173922 ], [ 91.347627207386054, 23.11878591439952 ], [ 91.341870412278283, 23.11779639128239 ], [ 91.341734219596361, 23.128736017828363 ], [ 91.337094591833804, 23.131054509919181 ], [ 91.333124247585445, 23.152846895084082 ], [ 91.323334565722604, 23.158013804161282 ], [ 91.324149188564974, 23.159885646341966 ], [ 91.324729923344989, 23.168630880124262 ], [ 91.323988885999157, 23.190059591801884 ], [ 91.362776000180418, 23.202838000348944 ], [ 91.361790000341415, 23.206951999858727 ], [ 91.361714000173436, 23.212932999969365 ], [ 91.380862418701142, 23.208407380139906 ], [ 91.38775509934969, 23.207890288336742 ], [ 91.385542072697802, 23.19184437160769 ], [ 91.380977432701897, 23.191585649831506 ], [ 91.379897683781536, 23.184480803522288 ] ] ] } },
{ "type": "Feature", "properties": { "pincode": "799201", "officename": "Khowai S.O", "officetype": "S.O", "circle": "North Eastern", "region": "North East - I", "division": "Dharmanagar", "state": "Tripura", "district": "Dharmanagar" }, "geometry": { "type": "Polygon", "coordinates": [ [ [ 91.665159268017234, 24.233529306663819 ], [ 91.668043070285037, 24.231018570989871 ], [ 91.667198476051539, 24.230463828164993 ], [ 91.667959764118848, 24.223063041222101 ], [ 91.666814073466711, 24.222677499478724 ], [ 91.667557064648349, 24.221751613861251 ], [ 91.666432302047397, 24.219544700363869 ], [ 91.667254097038992, 24.218296355381753 ], [ 91.6659657629029, 24.217098055873244 ], [ 91.667888589700581, 24.216552171743938 ], [ 91.666801441357194, 24.214267034298629 ], [ 91.667423810355729, 24.213882481841079 ], [ 91.666697188275208, 24.212183079331474 ], [ 91.667460660147, 24.212199532374896 ], [ 91.66698379217334, 24.210517362777985 ], [ 91.669680807744143, 24.209003552312893 ], [ 91.670492213719442, 24.206219409197537 ], [ 91.672130217079896, 24.205336969769004 ], [ 91.67162985366997, 24.204430058652282 ], [ 91.673396199335073, 24.203679087643774 ], [ 91.672763966834708, 24.20239048138377 ], [ 91.673708836410142, 24.202752957442048 ], [ 91.674019580734893, 24.201597140671023 ], [ 91.674782546855141, 24.202053631365143 ], [ 91.673936219771477, 24.201102437291279 ], [ 91.676570796141803, 24.200893727812353 ], [ 91.675556600880967, 24.199343653014679 ], [ 91.676432908338967, 24.199517105710683 ], [ 91.6756951507422, 24.19775220661052 ], [ 91.676380293114434, 24.198017375176214 ], [ 91.677198502929713, 24.196394956312361 ], [ 91.677978493921259, 24.196750881168398 ], [ 91.677034182199648, 24.195484108275686 ], [ 91.677305980963567, 24.194280386927062 ], [ 91.677693729772827, 24.194792257090011 ], [ 91.679605288103545, 24.19347471028561 ], [ 91.680572299354111, 24.188787143714485 ], [ 91.679456042002244, 24.188966597615501 ], [ 91.678866397731241, 24.187525689445327 ], [ 91.680019963913452, 24.186873818953178 ], [ 91.679480732197831, 24.185894223819751 ], [ 91.680290226558256, 24.185777176720109 ], [ 91.680852608757021, 24.183968275097836 ], [ 91.680138763414831, 24.183462726379968 ], [ 91.680822635569271, 24.183006190443407 ], [ 91.679924550253844, 24.179022586233849 ], [ 91.681166822375445, 24.177652451366171 ], [ 91.680016692249154, 24.176631044750241 ], [ 91.681062355494404, 24.176871538863722 ], [ 91.6814209153451, 24.176619850904697 ], [ 91.680175299694056, 24.175605727366978 ], [ 91.681418939949793, 24.174180281316492 ], [ 91.68256765433118, 24.174139815016744 ], [ 91.681940791959605, 24.172194472079301 ], [ 91.683496174568404, 24.169903266583606 ], [ 91.682924792148796, 24.169716359785884 ], [ 91.683658345630008, 24.169551683471791 ], [ 91.683670898687794, 24.168045285820675 ], [ 91.684779911126853, 24.167374527745853 ], [ 91.68419550044068, 24.167198540637209 ], [ 91.684437465255698, 24.16616282231314 ], [ 91.687215192658144, 24.163975462940595 ], [ 91.68881565721945, 24.164170323359816 ], [ 91.688280588296877, 24.162085405535521 ], [ 91.690007592244086, 24.16169238973216 ], [ 91.69112351093105, 24.160271069250573 ], [ 91.691941741407589, 24.160710532596916 ], [ 91.692397266308376, 24.159649401465714 ], [ 91.693400717718433, 24.160230555102185 ], [ 91.695128671184861, 24.159567567064364 ], [ 91.695567550303437, 24.161235025977501 ], [ 91.69763791640338, 24.162613341375859 ], [ 91.697424081433127, 24.163651919404217 ], [ 91.703348107812531, 24.163539788390985 ], [ 91.703556147750874, 24.162097065377122 ], [ 91.704143685472545, 24.162072099086316 ], [ 91.703766742497891, 24.161363392400595 ], [ 91.704918893833508, 24.161076453101348 ], [ 91.704691284096711, 24.159238880637982 ], [ 91.70641424562514, 24.15775455644021 ], [ 91.706097174465825, 24.154280556767556 ], [ 91.707990673066078, 24.154779081797361 ], [ 91.713364146262379, 24.152881230917746 ], [ 91.714406037481723, 24.15377945275555 ], [ 91.716643970823156, 24.152983718814841 ], [ 91.716104727429482, 24.15256513636475 ], [ 91.716789452983434, 24.151992514328992 ], [ 91.717576302612144, 24.15263150223651 ], [ 91.720422493317315, 24.15205176322284 ], [ 91.721148117369552, 24.152750260880431 ], [ 91.72302806398541, 24.150642802117989 ], [ 91.723626071571758, 24.147949399929203 ], [ 91.724854602164413, 24.146731019736485 ], [ 91.72674606697889, 24.146539312389137 ], [ 91.728553275209606, 24.144653361245393 ], [ 91.727295038228803, 24.144140862941487 ], [ 91.728424921226861, 24.143235035064631 ], [ 91.731073098988901, 24.143586429936317 ], [ 91.732436490960211, 24.145720341029033 ], [ 91.734284865387167, 24.143645395001052 ], [ 91.736695083023676, 24.145864567390326 ], [ 91.738128919981264, 24.144466596200658 ], [ 91.738584439492172, 24.141925043710781 ], [ 91.742402999898559, 24.139387000090412 ], [ 91.742099999949843, 24.137667999862163 ], [ 91.729136999582906, 24.118397999642859 ], [ 91.742633999877228, 24.102827999754481 ], [ 91.750539999929217, 24.084790999618729 ], [ 91.741140000050095, 24.073352000183917 ], [ 91.744931000143552, 24.048971999923118 ], [ 91.738904999708041, 24.05587600024084 ], [ 91.702125000349255, 24.064041999965447 ], [ 91.655951999885701, 24.05916500034024 ], [ 91.639836000008088, 24.04235199997073 ], [ 91.617837999635015, 24.047289999760054 ], [ 91.615855999911247, 24.06440999979047 ], [ 91.62201100021818, 24.062884000369873 ], [ 91.621710999744224, 24.072308000060641 ], [ 91.619668999746025, 24.075364000099164 ], [ 91.607543000153484, 24.075050999675085 ], [ 91.6035739997848, 24.073464000280033 ], [ 91.602284000172176, 24.069153999876956 ], [ 91.615849000238569, 24.064412000357247 ], [ 91.617830999962322, 24.047290999766695 ], [ 91.576652000064527, 24.043470999621835 ], [ 91.554761999646473, 24.011957000256277 ], [ 91.510044000448616, 24.005287000285481 ], [ 91.481890999768623, 24.035666000241015 ], [ 91.481406000245045, 24.057835000182973 ], [ 91.494757999876072, 24.080666000206776 ], [ 91.496739045588996, 24.088464244498699 ], [ 91.497661014412884, 24.08728048566287 ], [ 91.508649395614427, 24.086409231735107 ], [ 91.54050977760798, 24.07612997640128 ], [ 91.544253608962492, 24.075938423292573 ], [ 91.545302395649955, 24.074199290313054 ], [ 91.557333099262209, 24.076833081151445 ], [ 91.572898693280408, 24.074732203953786 ], [ 91.572277295360692, 24.076123819417674 ], [ 91.572966926614427, 24.079079398364893 ], [ 91.574019007424056, 24.079036853243984 ], [ 91.574446635143673, 24.079982077430692 ], [ 91.57898854776289, 24.075995922718036 ], [ 91.580656145222051, 24.075486974770314 ], [ 91.582341020877394, 24.073390368357938 ], [ 91.586072955842567, 24.072600981465783 ], [ 91.587406406965485, 24.074876858882835 ], [ 91.591181092755065, 24.074848943449322 ], [ 91.592407509611888, 24.075598805687321 ], [ 91.591889488916763, 24.078304217075942 ], [ 91.59318131480434, 24.079886736004148 ], [ 91.593911646926969, 24.082650831929868 ], [ 91.597395929843074, 24.08328559479498 ], [ 91.598502741409675, 24.0844826542025 ], [ 91.598449272785672, 24.086641532196147 ], [ 91.59305980688238, 24.089196456022776 ], [ 91.591289516714895, 24.092611105043247 ], [ 91.591775083075419, 24.093534518192275 ], [ 91.593916841884251, 24.09273270843094 ], [ 91.595378296646928, 24.093287599610534 ], [ 91.595746891577704, 24.095447450271561 ], [ 91.594540009485073, 24.096533710249449 ], [ 91.595927240049079, 24.096988281950654 ], [ 91.597377209850848, 24.095860815574266 ], [ 91.599253104166507, 24.097116198705493 ], [ 91.599359632681114, 24.096260233997583 ], [ 91.600694527396698, 24.095931811284856 ], [ 91.600375643437104, 24.095294322090535 ], [ 91.602623513043952, 24.096615403758459 ], [ 91.602896043934834, 24.095336554298903 ], [ 91.604743370926144, 24.095791279495241 ], [ 91.603801113651571, 24.094080272994102 ], [ 91.605730785611698, 24.094280555481415 ], [ 91.605723216407128, 24.093287232225521 ], [ 91.606753819396602, 24.092777842032856 ], [ 91.607788061461306, 24.093652230369688 ], [ 91.609063631435504, 24.092006685634864 ], [ 91.609532408283386, 24.092855885395739 ], [ 91.611336696091115, 24.092341918362873 ], [ 91.610785426052388, 24.091667295114163 ], [ 91.611406972194104, 24.091685515344409 ], [ 91.612067803459837, 24.093176562358785 ], [ 91.614093012148743, 24.092894729106671 ], [ 91.614125858148782, 24.094483391285785 ], [ 91.614797711743023, 24.094746221386817 ], [ 91.615132394373489, 24.094061557793658 ], [ 91.615794061970746, 24.095439981328457 ], [ 91.617057855031575, 24.094288043353234 ], [ 91.616957589571143, 24.095183673638541 ], [ 91.61793337017545, 24.095626141406857 ], [ 91.618665732490626, 24.095020083011455 ], [ 91.619816161755878, 24.096680216813574 ], [ 91.620990349663757, 24.096449012897907 ], [ 91.621477573415987, 24.095211933162222 ], [ 91.621954629137491, 24.096414752624927 ], [ 91.6228909242935, 24.096578159423395 ], [ 91.62267606165058, 24.097196360845459 ], [ 91.623768192050534, 24.097023748337232 ], [ 91.623718112770078, 24.096286214401925 ], [ 91.624288967878613, 24.097070527051073 ], [ 91.624917219045599, 24.096571946839592 ], [ 91.625821661738257, 24.097262917811371 ], [ 91.625240659260271, 24.098449330682016 ], [ 91.626200326783362, 24.098097168117619 ], [ 91.625794887451235, 24.099284561382696 ], [ 91.627011064412116, 24.098828992485014 ], [ 91.629248918701805, 24.101470324728865 ], [ 91.629178233865375, 24.10057486139841 ], [ 91.631791803132757, 24.099841625101657 ], [ 91.631877920127479, 24.100675236226802 ], [ 91.632724130430191, 24.100028888260677 ], [ 91.632427750166784, 24.101103639147841 ], [ 91.6342209231195, 24.102195195093831 ], [ 91.635202275973541, 24.101048906207147 ], [ 91.635204823595686, 24.101871540323138 ], [ 91.636396593330318, 24.101692711939585 ], [ 91.636379107623327, 24.102634945776217 ], [ 91.637086556062386, 24.102144352695724 ], [ 91.63842245689105, 24.104401572383843 ], [ 91.636777726945809, 24.106543859642148 ], [ 91.639552065004651, 24.108495300299818 ], [ 91.641203616756172, 24.113079555343912 ], [ 91.638524405794357, 24.129599299445395 ], [ 91.634445946606633, 24.138054957687626 ], [ 91.646608760956113, 24.156626553397246 ], [ 91.644240157775116, 24.170597930243019 ], [ 91.646763334965371, 24.178620685005331 ], [ 91.655112261944609, 24.175664803859462 ], [ 91.656293075826028, 24.176151840088494 ], [ 91.65598019440921, 24.177583132670492 ], [ 91.657353561273453, 24.178289012157688 ], [ 91.657753045673545, 24.179545726783708 ], [ 91.656873848335323, 24.18054048299545 ], [ 91.658150161216255, 24.180705147590967 ], [ 91.65895521340758, 24.183059766436422 ], [ 91.658312814673167, 24.183379047846394 ], [ 91.658534904262552, 24.1844677552671 ], [ 91.657468567189383, 24.184743171877347 ], [ 91.658416628478975, 24.185025781999737 ], [ 91.658376051577619, 24.186533054366837 ], [ 91.658953769814929, 24.186689464213813 ], [ 91.65826415832413, 24.187326316716611 ], [ 91.660128131097636, 24.189535141011785 ], [ 91.657559445255089, 24.193183761666425 ], [ 91.658848899590339, 24.193595872786606 ], [ 91.658440004439313, 24.194425224618346 ], [ 91.659096537266379, 24.195366747951638 ], [ 91.657721239024283, 24.194828091300412 ], [ 91.656000772117423, 24.195752783668443 ], [ 91.654600148570808, 24.19501862568902 ], [ 91.654326400462722, 24.196036230583559 ], [ 91.652588465815128, 24.195931827902356 ], [ 91.653610511453223, 24.196430569655277 ], [ 91.65276133940506, 24.198193822882899 ], [ 91.653334020788563, 24.198921306770128 ], [ 91.654133562713923, 24.198453998039522 ], [ 91.653999163069315, 24.200945667393302 ], [ 91.653110535217237, 24.201686245348448 ], [ 91.654531494825221, 24.202518705629217 ], [ 91.653566555089753, 24.20241895318491 ], [ 91.653558649016929, 24.203477020749983 ], [ 91.652652521983114, 24.203562369858364 ], [ 91.653158806189026, 24.20426740340206 ], [ 91.652338123311765, 24.20473495219246 ], [ 91.652889564030374, 24.204940149427749 ], [ 91.652569975791636, 24.206756609294633 ], [ 91.65114665900434, 24.208818110384218 ], [ 91.65240852428056, 24.209431810890464 ], [ 91.651751967198976, 24.21007544099475 ], [ 91.651359231841596, 24.209507809319394 ], [ 91.650437114795722, 24.210735132731251 ], [ 91.650549540750163, 24.21242669590843 ], [ 91.649235009045455, 24.212361366402316 ], [ 91.649625813923279, 24.212976413139067 ], [ 91.648743487752895, 24.214658173403645 ], [ 91.647209967443146, 24.215201901946912 ], [ 91.64849856478564, 24.215727196227025 ], [ 91.648756586986366, 24.216548728372995 ], [ 91.648162165474645, 24.216531914595276 ], [ 91.648916594904776, 24.217193697245936 ], [ 91.647749897149765, 24.21848899293818 ], [ 91.649772848372322, 24.220465275327424 ], [ 91.650241883934996, 24.219724171591164 ], [ 91.649612324820964, 24.219314465056542 ], [ 91.650926090262729, 24.218381138291704 ], [ 91.650631665631735, 24.219050637672481 ], [ 91.652048996944302, 24.220177575987403 ], [ 91.652360270376789, 24.21955912400426 ], [ 91.652298122230491, 24.220361082721116 ], [ 91.65431150998856, 24.221489659377291 ], [ 91.654294548897695, 24.223191274976251 ], [ 91.655926045760495, 24.223447938710088 ], [ 91.656127983443113, 24.225025100774978 ], [ 91.656979486619463, 24.224533748002798 ], [ 91.656209932254896, 24.226005599429811 ], [ 91.657111648560701, 24.225940343243433 ], [ 91.657441991430019, 24.22740206544713 ], [ 91.662790169864522, 24.230106271468102 ], [ 91.664206480690908, 24.229090442664269 ], [ 91.664194200720999, 24.232137948174966 ], [ 91.665159268017234, 24.233529306663819 ] ] ] } },
{ "type": "Feature", "properties": { "pincode": "799202", "officename": "Khowai Court S.O", "officetype": "S.O", "circle": "North Eastern", "region": "North East - I", "division": "Dharmanagar", "state": "Tripura", "district": "Dharmanagar" }, "geometry": { "type": "Polygon", "coordinates": [ [ [ 91.619668999746025, 24.075364000099164 ], [ 91.621710999744224, 24.072308000060641 ], [ 91.62201100021818, 24.062884000369873 ], [ 91.615855999911247, 24.06440999979047 ], [ 91.617837999635015, 24.047289999760054 ], [ 91.615849000238569, 24.064412000357247 ], [ 91.602284000172176, 24.069153999876956 ], [ 91.6035739997848, 24.073464000280033 ], [ 91.607543000153484, 24.075050999675085 ], [ 91.619668999746025, 24.075364000099164 ] ] ] } },
{ "type": "Feature", "properties": { "pincode": "799203", "officename": "Kalyanpur S.O (West Tripura)", "officetype": "S.O", "circle": "North Eastern", "region": "North East - I", "division": "Dharmanagar", "state": "Tripura", "district": "Dharmanagar" }, "geometry": { "type": "Polygon", "coordinates": [ [ [ 91.607933999965724, 23.858533999670033 ], [ 91.559915000220883, 23.83257500027247 ], [ 91.540488999575459, 23.885842999881206 ], [ 91.488646999950063, 23.906554999841234 ], [ 91.504355000297011, 23.926172000271762 ], [ 91.521548000250235, 23.942104999752996 ], [ 91.538302999637196, 23.950375000278814 ], [ 91.564773000344204, 23.96633999981162 ], [ 91.574856000113613, 23.974629000140752 ], [ 91.581490999921257, 23.993096000204272 ], [ 91.604138999674333, 24.003816999760115 ], [ 91.679558999713606, 24.001294999620196 ], [ 91.691264000254975, 23.991757000027452 ], [ 91.692250000093978, 23.980862999698431 ], [ 91.675297000340251, 23.964668999768346 ], [ 91.67079599969405, 23.956427999796887 ], [ 91.669176000368523, 23.938920999787374 ], [ 91.680131000174129, 23.899791999597099 ], [ 91.666499000160613, 23.864709999601885 ], [ 91.607933999965724, 23.858533999670033 ] ] ] } },
{ "type": "Feature", "properties": { "pincode": "799204", "officename": "Kulaibazar S.O", "officetype": "S.O", "circle": "North Eastern", "region": "North East - I", "division": "Dharmanagar", "state": "Tripura", "district": "Dharmanagar" }, "geometry": { "type": "Polygon", "coordinates": [ [ [ 91.844671999863181, 23.978724000171194 ], [ 91.860473999921425, 23.976214999990738 ], [ 91.884326999796642, 23.981233999609437 ], [ 91.908793999965184, 23.979191000308436 ], [ 91.913338000269107, 23.957078000262314 ], [ 91.883370000269949, 23.955379000359702 ], [ 91.867841999848068, 23.941068999746925 ], [ 91.831776000341719, 23.939427999748059 ], [ 91.826010000197215, 23.933081000086702 ], [ 91.807855999621012, 23.928365999831083 ], [ 91.795062000206812, 23.930093000144719 ], [ 91.783729999934351, 23.946409999677361 ], [ 91.769481000152766, 23.963509000128166 ], [ 91.76448199956414, 23.987977999644762 ], [ 91.797809999661553, 23.988134999985597 ], [ 91.830009999629709, 23.984051000139853 ], [ 91.844671999863181, 23.978724000171194 ] ] ] } },
{ "type": "Feature", "properties": { "pincode": "799205", "officename": "Teliamura S.O", "officetype": "S.O", "circle": "North Eastern", "region": "North East - I", "division": "Dharmanagar", "state": "Tripura", "district": "Dharmanagar" }, "geometry": { "type": "Polygon", "coordinates": [ [ [ 91.767448000375396, 23.973458999794403 ], [ 91.769481000152766, 23.963509000128166 ], [ 91.783729999934351, 23.946409999677361 ], [ 91.795062000206812, 23.930093000144719 ], [ 91.786052000315024, 23.888348999684386 ], [ 91.783046000219159, 23.877910999884183 ], [ 91.780818000448122, 23.855698000031843 ], [ 91.779835000083821, 23.8518519996558 ], [ 91.780871000151535, 23.849967999785914 ], [ 91.787013000039678, 23.844627000201385 ], [ 91.789879000393512, 23.838977000215639 ], [ 91.789022000425931, 23.834973000179531 ], [ 91.789926000249153, 23.832191000304416 ], [ 91.773243999758805, 23.812045999688813 ], [ 91.766386000368399, 23.79414100031045 ], [ 91.756404999807913, 23.728667999733879 ], [ 91.697680999604401, 23.742667999711841 ], [ 91.689757999833986, 23.774977000157651 ], [ 91.648348999782399, 23.776033999836017 ], [ 91.628162000327166, 23.773378000193041 ], [ 91.615393999953909, 23.766007999906233 ], [ 91.597204000291029, 23.775347999624021 ], [ 91.567211000177508, 23.808989999975765 ], [ 91.559915000220883, 23.83257500027247 ], [ 91.607933999965724, 23.858533999670033 ], [ 91.666499000160613, 23.864709999601885 ], [ 91.680131000174129, 23.899791999597099 ], [ 91.669176000368523, 23.938920999787374 ], [ 91.67079599969405, 23.956427999796887 ], [ 91.675297000340251, 23.964668999768346 ], [ 91.685746999632485, 23.964758999870217 ], [ 91.727051000102065, 23.960838000187039 ], [ 91.737416999728723, 23.960908000071676 ], [ 91.745158999749165, 23.96246000001701 ], [ 91.75683599980313, 23.963235000121454 ], [ 91.754807000223735, 23.965176000315488 ], [ 91.754869999972911, 23.966568000165832 ], [ 91.757403000240814, 23.970959999943336 ], [ 91.758004000115349, 23.970312999874839 ], [ 91.758348999896853, 23.972155999768905 ], [ 91.75860599981479, 23.97064599988445 ], [ 91.759098999734292, 23.971490999901842 ], [ 91.758765999648361, 23.966624000378342 ], [ 91.767448000375396, 23.973458999794403 ] ] ] } },
{ "type": "Feature", "properties": { "pincode": "799207", "officename": "Chebri S.O", "officetype": "S.O", "circle": "North Eastern", "region": "North East - I", "division": "Dharmanagar", "state": "Tripura", "district": "Dharmanagar" }, "geometry": { "type": "Polygon", "coordinates": [ [ [ 91.744931000143552, 24.048971999923118 ], [ 91.761233999618923, 24.034236000208093 ], [ 91.757808000296777, 24.006012999915896 ], [ 91.76448199956414, 23.987977999644762 ], [ 91.767448000375396, 23.973458999794403 ], [ 91.758765999648361, 23.966624000378342 ], [ 91.759098999734292, 23.971490999901842 ], [ 91.75860599981479, 23.97064599988445 ], [ 91.758348999896853, 23.972155999768905 ], [ 91.758004000115349, 23.970312999874839 ], [ 91.757403000240814, 23.970959999943336 ], [ 91.754869999972911, 23.966568000165832 ], [ 91.754807000223735, 23.965176000315488 ], [ 91.75683599980313, 23.963235000121454 ], [ 91.745158999749165, 23.96246000001701 ], [ 91.737416999728723, 23.960908000071676 ], [ 91.727051000102065, 23.960838000187039 ], [ 91.685746999632485, 23.964758999870217 ], [ 91.675297000340251, 23.964668999768346 ], [ 91.692250000093978, 23.980862999698431 ], [ 91.691264000254975, 23.991757000027452 ], [ 91.679558999713606, 24.001294999620196 ], [ 91.604138999674333, 24.003816999760115 ], [ 91.581490999921257, 23.993096000204272 ], [ 91.574856000113613, 23.974629000140752 ], [ 91.564773000344204, 23.96633999981162 ], [ 91.538302999637196, 23.950375000278814 ], [ 91.521548000250235, 23.942104999752996 ], [ 91.504355000297011, 23.926172000271762 ], [ 91.488646999950063, 23.906554999841234 ], [ 91.459556999834888, 23.907447999841782 ], [ 91.427147999629327, 23.917548000383967 ], [ 91.459961000065917, 23.966574999680684 ], [ 91.510044000448616, 24.005287000285481 ], [ 91.554761999646473, 24.011957000256277 ], [ 91.576652000064527, 24.043470999621835 ], [ 91.617830999962322, 24.047290999766695 ], [ 91.639836000008088, 24.04235199997073 ], [ 91.655951999885701, 24.05916500034024 ], [ 91.702125000349255, 24.064041999965447 ], [ 91.738904999708041, 24.05587600024084 ], [ 91.744931000143552, 24.048971999923118 ] ] ] } },
{ "type": "Feature", "properties": { "pincode": "799210", "officename": "Kamalghat S.O", "officetype": "S.O", "circle": "North Eastern", "region": "North East - I", "division": "Agartala", "state": "Tripura", "district": "Agartala" }, "geometry": { "type": "Polygon", "coordinates": [ [ [ 91.353207000246883, 23.909222999850165 ], [ 91.309776000288622, 23.892273000161257 ], [ 91.297996000302476, 23.902317999809622 ], [ 91.296171000039237, 23.924177000060808 ], [ 91.312695000345869, 23.941548000094834 ], [ 91.313486000191205, 23.964459000380863 ], [ 91.322036999600371, 23.969852999728008 ], [ 91.348057000045557, 23.958253999991872 ], [ 91.34548199994488, 23.941310999755832 ], [ 91.40753699993428, 23.916597999625804 ], [ 91.353207000246883, 23.909222999850165 ] ] ] } },
{ "type": "Feature", "properties": { "pincode": "799211", "officename": "Mohanpur S.O (West Tripura)", "officetype": "S.O", "circle": "North Eastern", "region": "North East - I", "division": "Agartala", "state": "Tripura", "district": "Agartala" }, "geometry": { "type": "Polygon", "coordinates": [ [ [ 91.481890999768623, 24.035666000241015 ], [ 91.510044000448616, 24.005287000285481 ], [ 91.459961000065917, 23.966574999680684 ], [ 91.427147999629327, 23.917548000383967 ], [ 91.40753699993428, 23.916597999625804 ], [ 91.34548199994488, 23.941310999755832 ], [ 91.348057000045557, 23.958253999991872 ], [ 91.322036999600371, 23.969852999728008 ], [ 91.313486000191205, 23.964459000380863 ], [ 91.312695000345869, 23.941548000094834 ], [ 91.289862999571469, 23.917545999997277 ], [ 91.283125999656548, 23.912517999966923 ], [ 91.282825000255983, 23.917186999884102 ], [ 91.281610000088136, 23.920236000229519 ], [ 91.276213687225763, 23.922524989739042 ], [ 91.272913558942903, 23.937641819960557 ], [ 91.264230523356673, 23.944219373271746 ], [ 91.271520027595486, 23.962904566762091 ], [ 91.284688203173317, 23.982099853151162 ], [ 91.286251109172611, 23.981934624650304 ], [ 91.284992113115393, 23.979766211363181 ], [ 91.284682444074036, 23.97726924384234 ], [ 91.286642000288708, 23.975987197281743 ], [ 91.28662524401372, 23.974649697773796 ], [ 91.287746476235597, 23.973897392984789 ], [ 91.286769349056655, 23.972301951346363 ], [ 91.287984165968197, 23.970357803834201 ], [ 91.287052672307382, 23.969145733986608 ], [ 91.287679605645835, 23.96800652094516 ], [ 91.288841113833485, 23.968439424761701 ], [ 91.290419628060832, 23.967764287829421 ], [ 91.295538901387886, 23.969852260147597 ], [ 91.29723098692169, 23.971672491817532 ], [ 91.299794085243164, 23.972119652620968 ], [ 91.297319650640233, 23.97629790767941 ], [ 91.303574389096525, 23.987829015177226 ], [ 91.302384171650729, 23.989234701189407 ], [ 91.302367647141097, 23.991963996284611 ], [ 91.301464015627118, 23.993739060590716 ], [ 91.303979839208438, 23.998002259679904 ], [ 91.305199662431065, 23.995252748720066 ], [ 91.307626133286021, 23.994754984356689 ], [ 91.310397007441154, 23.993145639163608 ], [ 91.311139480294841, 23.991713980336783 ], [ 91.314932919314259, 23.990409577719262 ], [ 91.316786098829652, 23.990533098248516 ], [ 91.320875078187683, 23.993772444686126 ], [ 91.323599666647794, 23.994480884205011 ], [ 91.326900524362657, 23.991537823343243 ], [ 91.330059983658529, 23.99246639280144 ], [ 91.331554060740771, 23.991176854266378 ], [ 91.333811581847002, 23.990631023950389 ], [ 91.33431378949814, 23.988904030840494 ], [ 91.335618439734731, 23.988635148707235 ], [ 91.336393608569821, 23.986363646123348 ], [ 91.337128217571518, 23.986237963049103 ], [ 91.337409517816212, 23.984412499700948 ], [ 91.339194543947613, 23.984197736012597 ], [ 91.34122095637899, 23.981985236417284 ], [ 91.347540525351036, 23.984205976368319 ], [ 91.352802075649436, 23.98169338212244 ], [ 91.355098471349592, 23.983576070238023 ], [ 91.35880682643689, 23.984232289691914 ], [ 91.35910285366235, 23.985327470730414 ], [ 91.361662905796706, 23.986260440642138 ], [ 91.362532245023019, 23.985359062037272 ], [ 91.36277162538498, 23.983146107173411 ], [ 91.367914616930506, 23.980309233068894 ], [ 91.373628276734948, 23.975228648194825 ], [ 91.379526578059583, 23.975326185799954 ], [ 91.380018675172195, 23.976619314005205 ], [ 91.379067581170219, 23.977098372726545 ], [ 91.379695083142252, 23.977937978861579 ], [ 91.378934828137517, 23.979080777932452 ], [ 91.379656263345552, 23.979009178357611 ], [ 91.37910344820456, 23.980034463598749 ], [ 91.377745082307243, 23.980116151614631 ], [ 91.37982462469779, 23.981237280232989 ], [ 91.380145575680814, 23.98246747123649 ], [ 91.378984907417973, 23.981956046667484 ], [ 91.377373713378901, 23.982658794376029 ], [ 91.377174090654762, 23.984201381795554 ], [ 91.377995561354538, 23.985416942616308 ], [ 91.377307264997327, 23.984851983323356 ], [ 91.376201438882575, 23.986708739235095 ], [ 91.376579806585298, 23.988302506254392 ], [ 91.377416267472213, 23.987851979185013 ], [ 91.378513280215714, 23.988567629342359 ], [ 91.37677010210183, 23.990589138927941 ], [ 91.379026792266401, 23.991043846959641 ], [ 91.377881473516823, 23.991625707773359 ], [ 91.378311593163048, 23.99299215833485 ], [ 91.376663578078791, 23.992645103359571 ], [ 91.376472098582738, 23.993688484629811 ], [ 91.375294388380638, 23.993641539392272 ], [ 91.374245160620333, 23.994955755008494 ], [ 91.37623111023639, 23.995132101826712 ], [ 91.376576331901788, 23.996624068406859 ], [ 91.375692430984685, 23.996972956702272 ], [ 91.375015868421741, 23.995916362880177 ], [ 91.375436559350746, 23.997734969767162 ], [ 91.373791726997538, 23.997568280025558 ], [ 91.373840622298445, 23.998552075055184 ], [ 91.37509653623593, 23.998748457460604 ], [ 91.373962376358804, 24.001071533253054 ], [ 91.374966491623823, 24.002178988933856 ], [ 91.373335900262816, 24.002645284420527 ], [ 91.389999928159298, 24.024670967112296 ], [ 91.401099999595047, 24.012285000308559 ], [ 91.408576000375064, 24.012285000308559 ], [ 91.428909000318455, 24.022166000245701 ], [ 91.481890999768623, 24.035666000241015 ] ] ] } },
{ "type": "Feature", "properties": { "pincode": "799212", "officename": "Sidhai S.O", "officetype": "S.O", "circle": "North Eastern", "region": "North East - I", "division": "Agartala", "state": "Tripura", "district": "Agartala" }, "geometry": { "type": "Polygon", "coordinates": [ [ [ 91.401733995488314, 24.109519516201317 ], [ 91.40976217809704, 24.109252049239753 ], [ 91.412625927272757, 24.109925094945481 ], [ 91.417203899165798, 24.108165372354303 ], [ 91.420211571026442, 24.108412275375272 ], [ 91.42563439766441, 24.106880767240959 ], [ 91.425757116515385, 24.1077768522889 ], [ 91.428094629004377, 24.108451570265785 ], [ 91.428692735405406, 24.108020983769155 ], [ 91.42798896916068, 24.105685863718712 ], [ 91.429409571239205, 24.104250701667869 ], [ 91.428582594765047, 24.101792838251491 ], [ 91.429992990185283, 24.101993199700544 ], [ 91.430773719591997, 24.099925190231623 ], [ 91.433817886409358, 24.101403326327024 ], [ 91.435133216716352, 24.100760671251237 ], [ 91.437302038171424, 24.102681932359726 ], [ 91.439787542713603, 24.101890743103045 ], [ 91.440545101874193, 24.102510165280563 ], [ 91.441439048651091, 24.098502911781914 ], [ 91.442521665892144, 24.09821528529497 ], [ 91.442249759330366, 24.097324543082255 ], [ 91.444285189948914, 24.097373575127904 ], [ 91.444514566671884, 24.098438936072323 ], [ 91.447873882253859, 24.09941510563787 ], [ 91.447526102186544, 24.100009868884534 ], [ 91.44925361188524, 24.10058155185342 ], [ 91.449585394753953, 24.101470103327937 ], [ 91.450882355411707, 24.101117848208027 ], [ 91.452061215457391, 24.098286595409903 ], [ 91.453687366445934, 24.097907482236963 ], [ 91.453541303974006, 24.09851402636609 ], [ 91.454270350607459, 24.098657840994949 ], [ 91.454827285422382, 24.096557939823764 ], [ 91.456367442485401, 24.097288067321706 ], [ 91.457954861712196, 24.09676325590431 ], [ 91.45841645024116, 24.097574824200404 ], [ 91.462544879114887, 24.09606572275306 ], [ 91.465469446930285, 24.098626639993665 ], [ 91.468390991914745, 24.099256675045414 ], [ 91.471295287449109, 24.098782015148281 ], [ 91.473164659097478, 24.10175274263603 ], [ 91.473497236975206, 24.099777404876374 ], [ 91.475810222762021, 24.100476886660186 ], [ 91.478098477929066, 24.098029931784026 ], [ 91.482858656907837, 24.097802472907425 ], [ 91.483758938604126, 24.096410542560836 ], [ 91.487352359640724, 24.09525345196009 ], [ 91.491460819864002, 24.096398732403664 ], [ 91.491768892599083, 24.097098166214735 ], [ 91.495016805407758, 24.095515433378402 ], [ 91.49247514897381, 24.09087601568525 ], [ 91.496739045588996, 24.088464244498699 ], [ 91.494757999876072, 24.080666000206776 ], [ 91.481406000245045, 24.057835000182973 ], [ 91.481890999768623, 24.035666000241015 ], [ 91.428909000318455, 24.022166000245701 ], [ 91.408576000375064, 24.012285000308559 ], [ 91.401099999595047, 24.012285000308559 ], [ 91.389999928159298, 24.024670967112296 ], [ 91.396446058076734, 24.042330232785432 ], [ 91.396598466247852, 24.049620145047967 ], [ 91.377132496860497, 24.079842685370636 ], [ 91.374396727968346, 24.105983640294102 ], [ 91.374610562938585, 24.107770389339613 ], [ 91.377198373913544, 24.106877584121897 ], [ 91.37951670108302, 24.107862096444155 ], [ 91.383021910253674, 24.107015401953287 ], [ 91.387210813712315, 24.10721469747422 ], [ 91.388988912934551, 24.108555545096273 ], [ 91.394168101196144, 24.108301021645996 ], [ 91.398565472191194, 24.109708830664488 ], [ 91.40018144347097, 24.111351878381917 ], [ 91.401522380255116, 24.111498589378282 ], [ 91.401098134692532, 24.110681636187802 ], [ 91.401733995488314, 24.109519516201317 ] ] ] } },
{ "type": "Feature", "properties": { "pincode": "799250", "officename": "Dharmanagar H.O", "officetype": "H.O", "circle": "North Eastern", "region": "North East - I", "division": "Dharmanagar", "state": "Tripura", "district": "Dharmanagar" }, "geometry": { "type": "Polygon", "coordinates": [ [ [ 92.16270499972434, 24.393098000371811 ], [ 92.169070000093541, 24.39240699965718 ], [ 92.167911999827083, 24.385915999652429 ], [ 92.169864000311918, 24.383023000295704 ], [ 92.171044000319682, 24.382984000398725 ], [ 92.166537999650558, 24.381029999829217 ], [ 92.163083999841007, 24.380815000214664 ], [ 92.162718999968021, 24.379075000288804 ], [ 92.159394000029891, 24.37598200007664 ], [ 92.16151700021895, 24.371569999863127 ], [ 92.152471000342189, 24.379416999606089 ], [ 92.149011999611432, 24.380910000355815 ], [ 92.143191999938566, 24.385017000244428 ], [ 92.14189599957983, 24.391288000361875 ], [ 92.151545999704226, 24.393125999904356 ], [ 92.158495000229536, 24.392890999661496 ], [ 92.15902599978385, 24.391826999630553 ], [ 92.162000000092718, 24.391819999676038 ], [ 92.16270499972434, 24.393098000371811 ] ] ] } },
{ "type": "Feature", "properties": { "pincode": "799251", "officename": "Chandrapur S.O (North Tripura)", "officetype": "S.O", "circle": "North Eastern", "region": "North East - I", "division": "Dharmanagar", "state": "Tripura", "district": "Dharmanagar" }, "geometry": { "type": "Polygon", "coordinates": [ [ [ 92.18387600026702, 24.446602999869 ], [ 92.193918000028589, 24.442109999776449 ], [ 92.211280999861074, 24.425816000199813 ], [ 92.217228999580456, 24.422638999937508 ], [ 92.222206000427775, 24.416090000121816 ], [ 92.229336999629652, 24.411170999932665 ], [ 92.232098000401493, 24.411116000288892 ], [ 92.231960000309215, 24.409887999965015 ], [ 92.238258999657887, 24.40680500023738 ], [ 92.23163399989599, 24.377683999996837 ], [ 92.223659000247025, 24.380208999942205 ], [ 92.202481000031611, 24.382153999948407 ], [ 92.169864000311918, 24.383023000295704 ], [ 92.167911999827083, 24.385915999652429 ], [ 92.169070000093541, 24.39240699965718 ], [ 92.165489000062379, 24.393236000111546 ], [ 92.16270499972434, 24.393098000371811 ], [ 92.162000000092718, 24.391819999676038 ], [ 92.15902599978385, 24.391826999630553 ], [ 92.158495000229536, 24.392890999661496 ], [ 92.151545999704226, 24.393125999904356 ], [ 92.14189599957983, 24.391288000361875 ], [ 92.143191999938566, 24.385017000244428 ], [ 92.136680000154556, 24.382426999948809 ], [ 92.118120670739046, 24.380540905244885 ], [ 92.118558972240891, 24.382092364365459 ], [ 92.11794707670029, 24.382270892369583 ], [ 92.119011485090539, 24.382274888438019 ], [ 92.119279925951957, 24.381560132643937 ], [ 92.119748854615096, 24.382398163486894 ], [ 92.120451113486794, 24.381353480407622 ], [ 92.120002832600434, 24.383036942269129 ], [ 92.120849404025876, 24.383356636043292 ], [ 92.121709038752186, 24.382109358315944 ], [ 92.121347755209513, 24.383549473999608 ], [ 92.123655821821828, 24.384450353390651 ], [ 92.121903036225987, 24.384649177941231 ], [ 92.12286970162512, 24.385101306920667 ], [ 92.121751229926119, 24.38611478589797 ], [ 92.121974073202026, 24.387029091911742 ], [ 92.120164997373834, 24.3874432831945 ], [ 92.1202133896182, 24.38854722975455 ], [ 92.119200186995769, 24.388588692217656 ], [ 92.120784588781504, 24.389324328368208 ], [ 92.118899749940582, 24.389939877703597 ], [ 92.119842168911887, 24.39051341733985 ], [ 92.119852684590569, 24.392111000613802 ], [ 92.121810461242703, 24.393126171710701 ], [ 92.122571900226973, 24.395941324329787 ], [ 92.126428516862035, 24.396800125497172 ], [ 92.127437845948961, 24.398346281758705 ], [ 92.126989191363478, 24.399791822814844 ], [ 92.128460028130988, 24.400089525103535 ], [ 92.127379679135998, 24.401646442084985 ], [ 92.129700913253757, 24.404091436922837 ], [ 92.130466150315073, 24.403891535318753 ], [ 92.131586756411167, 24.406649303982835 ], [ 92.132424768688608, 24.40594661803798 ], [ 92.133076150575818, 24.407339380939572 ], [ 92.133795007619028, 24.406574719348054 ], [ 92.135164569219711, 24.407164010794226 ], [ 92.134502238665789, 24.410078707395304 ], [ 92.132617848982505, 24.411004930972695 ], [ 92.133705065597837, 24.41256302708145 ], [ 92.132840692258412, 24.414336009266798 ], [ 92.133353589861457, 24.416935153831623 ], [ 92.136691142857345, 24.420055040323071 ], [ 92.136082315063447, 24.423214878394649 ], [ 92.137007639993186, 24.424044241781189 ], [ 92.136799627902633, 24.424959849336794 ], [ 92.13865006306483, 24.425144723503408 ], [ 92.139785614432313, 24.423723129645762 ], [ 92.144113125244388, 24.422083999173836 ], [ 92.145451457812541, 24.423373648444112 ], [ 92.147750216081874, 24.421038724939329 ], [ 92.149958618206668, 24.421764632441224 ], [ 92.153694468928194, 24.425573999733572 ], [ 92.156420951036921, 24.422631861006234 ], [ 92.160414148426113, 24.422522710066634 ], [ 92.15990542080263, 24.421215816392888 ], [ 92.163961632314027, 24.418357648669911 ], [ 92.166507049994095, 24.421678399448684 ], [ 92.165815849383563, 24.422459444405778 ], [ 92.166678159292744, 24.422601572073695 ], [ 92.167757467140333, 24.424865571014173 ], [ 92.167511131123135, 24.427113248104746 ], [ 92.169128229788569, 24.427766325842768 ], [ 92.166008002616095, 24.428115894659669 ], [ 92.167086520844521, 24.43137870697301 ], [ 92.166002106972883, 24.433290451328805 ], [ 92.167464498678413, 24.433808220337617 ], [ 92.167446604237952, 24.434545149411552 ], [ 92.166319117945051, 24.436775816269353 ], [ 92.163889729362054, 24.436569505467816 ], [ 92.164415531264169, 24.43884277159756 ], [ 92.162598606855326, 24.439897170766674 ], [ 92.164467708110806, 24.440773785054045 ], [ 92.163622129323755, 24.443218933671691 ], [ 92.164460129923057, 24.44399070964073 ], [ 92.164052999961569, 24.445646000246008 ], [ 92.170056999757435, 24.444961999621011 ], [ 92.178897999594824, 24.446602999869 ], [ 92.18387600026702, 24.446602999869 ] ] ] } },
{ "type": "Feature", "properties": { "pincode": "799253", "officename": "Rajbari S.O", "officetype": "S.O", "circle": "North Eastern", "region": "North East - I", "division": "Dharmanagar", "state": "Tripura", "district": "Dharmanagar" }, "geometry": { "type": "Polygon", "coordinates": [ [ [ 92.152471000342189, 24.379416999606089 ], [ 92.16151700021895, 24.371569999863127 ], [ 92.159394000029891, 24.37598200007664 ], [ 92.162718999968021, 24.379075000288804 ], [ 92.163083999841007, 24.380815000214664 ], [ 92.166537999650558, 24.381029999829217 ], [ 92.171044000319682, 24.382984000398725 ], [ 92.202481000031611, 24.382153999948407 ], [ 92.223659000247025, 24.380208999942205 ], [ 92.231567999773745, 24.377704999753263 ], [ 92.228765000067455, 24.366527000324588 ], [ 92.243656999556364, 24.366996000242764 ], [ 92.265197999994925, 24.364594000245361 ], [ 92.255946000253829, 24.344512999950151 ], [ 92.204727000244304, 24.326005999907807 ], [ 92.192588000232973, 24.332420999787679 ], [ 92.158359999611989, 24.330743999631835 ], [ 92.157526000108973, 24.341856999909847 ], [ 92.145674000152809, 24.345222000304567 ], [ 92.144581000183706, 24.349645999676842 ], [ 92.160785999749748, 24.363550999839514 ], [ 92.14269999984397, 24.366426000252492 ], [ 92.126435000003454, 24.379086000391293 ], [ 92.118120670739046, 24.380540905244885 ], [ 92.136680000154556, 24.382426999948809 ], [ 92.143191999938566, 24.385017000244428 ], [ 92.149011999611432, 24.380910000355815 ], [ 92.152471000342189, 24.379416999606089 ] ] ] } },
{ "type": "Feature", "properties": { "pincode": "799254", "officename": "Halflongcherra S.O", "officetype": "S.O", "circle": "North Eastern", "region": "North East - I", "division": "Dharmanagar", "state": "Tripura", "district": "Dharmanagar" }, "geometry": { "type": "Polygon", "coordinates": [ [ [ 92.104264179939406, 24.38104868514969 ], [ 92.10576707668109, 24.382125726343624 ], [ 92.107431634241308, 24.38200850487279 ], [ 92.11037434892377, 24.379809416217704 ], [ 92.111557604426125, 24.380992061346348 ], [ 92.113283966077859, 24.380518022446591 ], [ 92.113309390197045, 24.382229650383245 ], [ 92.114555427157981, 24.381771080905899 ], [ 92.115287097770349, 24.382523813633323 ], [ 92.116162127824012, 24.380785625824032 ], [ 92.117589430436212, 24.38106811503269 ], [ 92.126435000003454, 24.379086000391293 ], [ 92.14269999984397, 24.366426000252492 ], [ 92.160785999749748, 24.363550999839514 ], [ 92.144581000183706, 24.349645999676842 ], [ 92.145674000152809, 24.345222000304567 ], [ 92.157526000108973, 24.341856999909847 ], [ 92.158661999735799, 24.325563000397398 ], [ 92.155080999704651, 24.316548999760009 ], [ 92.152775000115795, 24.315275999728232 ], [ 92.117695000448407, 24.298462000321507 ], [ 92.098881000446468, 24.293041000372551 ], [ 92.094692999794674, 24.305818999944176 ], [ 92.096755999709288, 24.318207999858384 ], [ 92.085406999718387, 24.35404099989951 ], [ 92.083479168406271, 24.375227319443059 ], [ 92.085265173701302, 24.375590528925716 ], [ 92.086263381645026, 24.373267139822158 ], [ 92.090423482420718, 24.371619845289448 ], [ 92.091991145897779, 24.372756460674463 ], [ 92.094701716147881, 24.372573029322592 ], [ 92.095807286242774, 24.373277115157613 ], [ 92.096191166008097, 24.372744761229473 ], [ 92.09694937914216, 24.373470597724207 ], [ 92.096458155191996, 24.37425030104141 ], [ 92.097323793359323, 24.374461565887156 ], [ 92.096480263629459, 24.374995231595875 ], [ 92.09760379464015, 24.375278751633839 ], [ 92.097424121701849, 24.376310096139353 ], [ 92.098069086923005, 24.37572957139696 ], [ 92.100464417678651, 24.376228023927617 ], [ 92.099777281046457, 24.377157613963625 ], [ 92.10112764475123, 24.37763410541255 ], [ 92.10161241700105, 24.378934965725723 ], [ 92.100928110062014, 24.380542027006729 ], [ 92.100102543044542, 24.380638527943582 ], [ 92.102032209614791, 24.381864183744554 ], [ 92.101888747765599, 24.382720786370903 ], [ 92.103744285358601, 24.382560696186314 ], [ 92.104264179939406, 24.38104868514969 ] ] ] } },
{ "type": "Feature", "properties": { "pincode": "799256", "officename": "Tripura Damcherra S.O", "officetype": "S.O", "circle": "North Eastern", "region": "North East - I", "division": "Dharmanagar", "state": "Tripura", "district": "Dharmanagar" }, "geometry": { "type": "Polygon", "coordinates": [ [ [ 92.292380000006247, 24.250391000037663 ], [ 92.294805000319087, 24.241762000245259 ], [ 92.2951640003443, 24.237351000233026 ], [ 92.297351999932346, 24.231490000306046 ], [ 92.30428200019108, 24.223509000127518 ], [ 92.309398999882177, 24.222263000128148 ], [ 92.310409999835528, 24.221272999847155 ], [ 92.311179999764448, 24.219895999843004 ], [ 92.310859000272401, 24.21784299999856 ], [ 92.313412999558381, 24.216392999919588 ], [ 92.316266000391707, 24.211804000032899 ], [ 92.314185000035465, 24.209608000281523 ], [ 92.31470399989422, 24.206385000075546 ], [ 92.321537999893479, 24.203732000293979 ], [ 92.319387999940247, 24.200510999881946 ], [ 92.319119000326737, 24.197859000406016 ], [ 92.319927999715418, 24.197306999885878 ], [ 92.324485000438159, 24.197696000003809 ], [ 92.32616099984017, 24.196875999856434 ], [ 92.325030000236211, 24.195323999783007 ], [ 92.321913999637118, 24.194585999597365 ], [ 92.322250000096105, 24.192934000377981 ], [ 92.326361999681609, 24.19136400032426 ], [ 92.322703999657548, 24.189673999738083 ], [ 92.322638000433628, 24.188010999714894 ], [ 92.325446000162813, 24.185523000404249 ], [ 92.326534999933969, 24.181294000390505 ], [ 92.330247000384688, 24.180868000071992 ], [ 92.332056999681001, 24.179560999857376 ], [ 92.331346000201606, 24.178363999843281 ], [ 92.326729000102731, 24.17789799995289 ], [ 92.325937000432504, 24.176505999629963 ], [ 92.325908999945071, 24.17355499986866 ], [ 92.323866000121967, 24.171234000062007 ], [ 92.32442299961555, 24.168182000154196 ], [ 92.328633999833599, 24.166252000096904 ], [ 92.328725999895084, 24.155071999908259 ], [ 92.331731000166073, 24.151784999949761 ], [ 92.328737999590658, 24.143118999760414 ], [ 92.330690000075478, 24.141216999934446 ], [ 92.330701999771037, 24.13969400004504 ], [ 92.329203999745971, 24.138973999963163 ], [ 92.326161999665075, 24.139655000024952 ], [ 92.325127000320592, 24.139727000241951 ], [ 92.324555999684961, 24.139434000232743 ], [ 92.325098000008254, 24.137666999740837 ], [ 92.324617999609217, 24.135846999627415 ], [ 92.325856000241615, 24.132493000250918 ], [ 92.32474300018103, 24.119678000300837 ], [ 92.327104999846384, 24.11700500018269 ], [ 92.326072000151697, 24.115856999902469 ], [ 92.324801069975933, 24.116161558068892 ], [ 92.324298999767009, 24.11506699976513 ], [ 92.325021000015354, 24.112699000248345 ], [ 92.327914999958281, 24.111944999611726 ], [ 92.325785999921422, 24.109897000198188 ], [ 92.325354000101299, 24.107348999749266 ], [ 92.322651999778998, 24.104757000003865 ], [ 92.322987000413079, 24.103703000082973 ], [ 92.326539000131945, 24.10450099959149 ], [ 92.327641000321861, 24.10345499985381 ], [ 92.327359000289576, 24.100576000391211 ], [ 92.324918999908121, 24.097586999981786 ], [ 92.324988000403408, 24.091594000033684 ], [ 92.236892999877298, 24.086872000139632 ], [ 92.223297999673676, 24.153342999986741 ], [ 92.233251999571664, 24.157773000039587 ], [ 92.240048999761015, 24.164196999748551 ], [ 92.233251999571664, 24.196088000070105 ], [ 92.198535999952355, 24.205387999714358 ], [ 92.244783000035738, 24.228634999914721 ], [ 92.251638999776347, 24.245946999662262 ], [ 92.266617000377295, 24.248450999728252 ], [ 92.269159999792606, 24.24797200039653 ], [ 92.268892000004001, 24.251736000395738 ], [ 92.289593000193463, 24.252353000333336 ], [ 92.292380000006247, 24.250391000037663 ] ] ] } },
{ "type": "Feature", "properties": { "pincode": "799260", "officename": "Panisagar S.O", "officetype": "S.O", "circle": "North Eastern", "region": "North East - I", "division": "Dharmanagar", "state": "Tripura", "district": "Dharmanagar" }, "geometry": { "type": "Polygon", "coordinates": [ [ [ 92.255946000253829, 24.344512999950151 ], [ 92.212871999772602, 24.24992699990824 ], [ 92.268892000004001, 24.251736999622835 ], [ 92.269159999792606, 24.24797200039653 ], [ 92.266617000377295, 24.248450999728252 ], [ 92.251638999776347, 24.245946999662262 ], [ 92.244783000035738, 24.228634999914721 ], [ 92.198535999952355, 24.205387999714358 ], [ 92.197321999609414, 24.216348000085318 ], [ 92.195561999643516, 24.217952999912942 ], [ 92.192830999907216, 24.217289000192331 ], [ 92.191738999763018, 24.215350999843572 ], [ 92.185426999995556, 24.217952999912942 ], [ 92.177050999590293, 24.217011999795332 ], [ 92.167098000415535, 24.218229999902224 ], [ 92.154109999934235, 24.223431999951686 ], [ 92.114009999761848, 24.254476999835543 ], [ 92.102643000227602, 24.273346000143764 ], [ 92.098881000446468, 24.293041000372551 ], [ 92.117695000448407, 24.298462000321507 ], [ 92.155080999704651, 24.316548999760009 ], [ 92.158661999735799, 24.325563000397398 ], [ 92.1585560003289, 24.330751999934197 ], [ 92.192588000232973, 24.332420999787679 ], [ 92.204727000244304, 24.326005999907807 ], [ 92.255946000253829, 24.344512999950151 ] ] ] } },
{ "type": "Feature", "properties": { "pincode": "799261", "officename": "Kadamtala S.O (North Tripura)", "officetype": "S.O", "circle": "North Eastern", "region": "North East - I", "division": "Dharmanagar", "state": "Tripura", "district": "Dharmanagar" }, "geometry": { "type": "Polygon", "coordinates": [ [ [ 92.167705205852059, 24.530768272859909 ], [ 92.169487175016528, 24.531752609358342 ], [ 92.172204518563859, 24.529703208350679 ], [ 92.173604238405289, 24.52718403604722 ], [ 92.176268989186013, 24.52637205025507 ], [ 92.17618962931887, 24.523336630189874 ], [ 92.17818407430255, 24.523203370111204 ], [ 92.179801037322378, 24.524094583478636 ], [ 92.180392130575967, 24.522307662696495 ], [ 92.182128518324618, 24.52380764184873 ], [ 92.182827847790151, 24.522441068385223 ], [ 92.18497020128369, 24.523222218248506 ], [ 92.186051589629443, 24.522305044926139 ], [ 92.186121407591656, 24.520802166856903 ], [ 92.188016047052358, 24.521052047753063 ], [ 92.188257445030445, 24.518831915228699 ], [ 92.191112059238037, 24.517724351996016 ], [ 92.192645098949086, 24.518185247558144 ], [ 92.192824042455371, 24.51610754340296 ], [ 92.195975263301762, 24.512849478202579 ], [ 92.195986999790975, 24.511651088300543 ], [ 92.198367936840825, 24.510443006108034 ], [ 92.198713322897873, 24.511360021646521 ], [ 92.199818146492788, 24.511238007166408 ], [ 92.201764942138865, 24.507351909180979 ], [ 92.207640557409249, 24.506126805153752 ], [ 92.208953399382921, 24.504119195216976 ], [ 92.228222999744148, 24.502526000003293 ], [ 92.230438999819611, 24.501712000107077 ], [ 92.231206000273829, 24.495210999823492 ], [ 92.236577000408118, 24.488714000306945 ], [ 92.234900000282877, 24.486917000061222 ], [ 92.236649000378122, 24.484587999649225 ], [ 92.235511000203175, 24.483783000002958 ], [ 92.233478000425805, 24.484192000281048 ], [ 92.231325999924408, 24.480035999689846 ], [ 92.234747000122013, 24.474566000296413 ], [ 92.233275000036187, 24.47315499995846 ], [ 92.231474000062434, 24.473522000119093 ], [ 92.230597999828277, 24.471433999952264 ], [ 92.231291999589232, 24.468062000278145 ], [ 92.230359000351982, 24.46658899994214 ], [ 92.230909999997806, 24.465732000082898 ], [ 92.229812999830727, 24.462488999669887 ], [ 92.230263000092521, 24.461351999940934 ], [ 92.236367000345822, 24.458187999606114 ], [ 92.236374000018515, 24.454726000407351 ], [ 92.2350409998499, 24.453641999870854 ], [ 92.234923999673995, 24.452405999798589 ], [ 92.235634000226824, 24.452387000396229 ], [ 92.23674100043965, 24.449563000208713 ], [ 92.237974000150842, 24.449609000003001 ], [ 92.238896000415735, 24.447486000127185 ], [ 92.235911000236243, 24.447305999937541 ], [ 92.203399999923448, 24.433386000041445 ], [ 92.193918000028589, 24.442109999776449 ], [ 92.18387600026702, 24.446602999869 ], [ 92.178897999594824, 24.446602999869 ], [ 92.170056999757435, 24.444961999621011 ], [ 92.163828687041843, 24.445201000854304 ], [ 92.162219261785566, 24.446903031155614 ], [ 92.162198876316836, 24.448115202259277 ], [ 92.160940064414248, 24.449285895476866 ], [ 92.162387702189548, 24.451106863881758 ], [ 92.161444625651455, 24.452845009165166 ], [ 92.159548571344203, 24.453256527181981 ], [ 92.161194197808115, 24.455939860076327 ], [ 92.161162286954294, 24.458732369984638 ], [ 92.158539633922743, 24.458715504916491 ], [ 92.158080583134449, 24.459652424921636 ], [ 92.159583743980818, 24.460526154359769 ], [ 92.158903030302938, 24.462367084962146 ], [ 92.160386416534976, 24.463157325237201 ], [ 92.158411294313026, 24.46377577527533 ], [ 92.157966989370152, 24.46629176202697 ], [ 92.156318540399582, 24.465306818882198 ], [ 92.155611017400375, 24.465668707863848 ], [ 92.156494523058697, 24.46858359932693 ], [ 92.157259807730725, 24.468746473999349 ], [ 92.158200570208635, 24.467508858484667 ], [ 92.158195152469162, 24.469602200732815 ], [ 92.155418946812844, 24.469674385145154 ], [ 92.155655921486485, 24.471119808683152 ], [ 92.1542732723304, 24.472094279331149 ], [ 92.155508480100579, 24.473936309729019 ], [ 92.156021910404561, 24.472391171597479 ], [ 92.157265809375133, 24.473586470645358 ], [ 92.15589408642785, 24.475167838847206 ], [ 92.156082161308987, 24.477141970717852 ], [ 92.153744334409637, 24.478675203113429 ], [ 92.15378491849755, 24.480314236943109 ], [ 92.152697322793173, 24.481472392102791 ], [ 92.153941564021835, 24.484525676694442 ], [ 92.152975057624488, 24.485930482704354 ], [ 92.153593240473782, 24.487237460656871 ], [ 92.151954900245116, 24.487223149237135 ], [ 92.152297974038646, 24.490450207282585 ], [ 92.151289528893969, 24.491149227460628 ], [ 92.153686025662836, 24.491640849245247 ], [ 92.152198306856207, 24.494636776356018 ], [ 92.150496331769475, 24.495223331256064 ], [ 92.151450560891789, 24.496047928177582 ], [ 92.151835710874934, 24.499440167209087 ], [ 92.152706847630128, 24.500142413680418 ], [ 92.153893921870733, 24.499841529160207 ], [ 92.152307158414132, 24.502265144401779 ], [ 92.154659787752749, 24.502938248218758 ], [ 92.156614051992094, 24.504568151842321 ], [ 92.157153809222123, 24.506235254262204 ], [ 92.159113008805647, 24.50717457507762 ], [ 92.154802323438872, 24.510654197311428 ], [ 92.154638825565584, 24.511917422766835 ], [ 92.153475834259424, 24.512015048381514 ], [ 92.156116980009415, 24.513615819416248 ], [ 92.157003260563656, 24.512485410196192 ], [ 92.156882443446165, 24.51399850317836 ], [ 92.158198487015497, 24.515167511259218 ], [ 92.156378370892469, 24.515913683012169 ], [ 92.15542909238566, 24.518032703193175 ], [ 92.156400383210183, 24.518751088183919 ], [ 92.155672586133306, 24.519874398329097 ], [ 92.157709988553876, 24.520043150821532 ], [ 92.157758377204971, 24.521878617337265 ], [ 92.154964701113016, 24.522969489353407 ], [ 92.158595112976357, 24.523201751077156 ], [ 92.160187269917927, 24.525324892378261 ], [ 92.158822407404514, 24.52746085236447 ], [ 92.159793069408337, 24.529318265363671 ], [ 92.161371673467244, 24.52875807537956 ], [ 92.161884854937909, 24.527490285745071 ], [ 92.165701633086741, 24.529099192994018 ], [ 92.165691166815392, 24.531408064962086 ], [ 92.167267375067411, 24.531867126304238 ], [ 92.167705205852059, 24.530768272859909 ] ] ] } },
{ "type": "Feature", "properties": { "pincode": "799262", "officename": "Churaibari S.O", "officetype": "S.O", "circle": "North Eastern", "region": "North East - I", "division": "Dharmanagar", "state": "Tripura", "district": "Dharmanagar" }, "geometry": { "type": "Polygon", "coordinates": [ [ [ 92.235911000236243, 24.447305999937541 ], [ 92.241278000172599, 24.446819999776913 ], [ 92.244374999606762, 24.444368000026689 ], [ 92.24651299986445, 24.445182999702777 ], [ 92.25210499993166, 24.441847999962299 ], [ 92.253340000191017, 24.442217000105785 ], [ 92.253467000412641, 24.440314000274281 ], [ 92.256317999799506, 24.440451999919489 ], [ 92.259390999842552, 24.439208999925746 ], [ 92.259355999682455, 24.434001000063205 ], [ 92.258703999754303, 24.432788999944282 ], [ 92.256891000084948, 24.432027000149304 ], [ 92.255916000116613, 24.426299999739577 ], [ 92.256538999732427, 24.424837999748462 ], [ 92.254372000060755, 24.422298999707774 ], [ 92.254481996970668, 24.420533998864492 ], [ 92.263280999670215, 24.41119199984983 ], [ 92.263494999930458, 24.409478999802751 ], [ 92.261724994528919, 24.408690107371736 ], [ 92.262626000267318, 24.40700599994145 ], [ 92.262365999976296, 24.402542000196526 ], [ 92.264139000360998, 24.398955000283689 ], [ 92.269354999786273, 24.398473000018644 ], [ 92.270804000305873, 24.396311000315091 ], [ 92.269039008401947, 24.39271500240319 ], [ 92.272011000077811, 24.392379999720664 ], [ 92.274089000061039, 24.388309999700663 ], [ 92.271533000226924, 24.385145000047274 ], [ 92.268650000154665, 24.384060999739841 ], [ 92.26887000026268, 24.382391000189298 ], [ 92.270964000139429, 24.382623000005069 ], [ 92.270840000290889, 24.380335999853763 ], [ 92.27289499980958, 24.378967999613803 ], [ 92.268071999846342, 24.37811799998164 ], [ 92.268763999957486, 24.371760999974153 ], [ 92.268194999870019, 24.368152999800444 ], [ 92.2661460001991, 24.366909999897672 ], [ 92.265197999994925, 24.364594000245361 ], [ 92.243656999556364, 24.366996000242764 ], [ 92.228765000067455, 24.366527000324588 ], [ 92.238258999657887, 24.40680500023738 ], [ 92.231960000309215, 24.409887999965015 ], [ 92.232098000401493, 24.411116000288892 ], [ 92.229336999629652, 24.411170999932665 ], [ 92.222206000427775, 24.416090000121816 ], [ 92.217228999580456, 24.422638999937508 ], [ 92.211280999861074, 24.425816000199813 ], [ 92.203399999923448, 24.433386000041445 ], [ 92.235911000236243, 24.447305999937541 ] ] ] } },
{ "type": "Feature", "properties": { "pincode": "799263", "officename": "Pecharthal S.O", "officetype": "S.O", "circle": "North Eastern", "region": "North East - I", "division": "Dharmanagar", "state": "Tripura", "district": "Dharmanagar" }, "geometry": { "type": "Polygon", "coordinates": [ [ [ 92.167098000415535, 24.218229999902224 ], [ 92.177050999590293, 24.217011999795332 ], [ 92.185426999995556, 24.217952999912942 ], [ 92.191738999763018, 24.215350999843572 ], [ 92.192830999907216, 24.217289000192331 ], [ 92.195561999643516, 24.217952999912942 ], [ 92.197321999609414, 24.216348000085318 ], [ 92.198535999952355, 24.205387999714358 ], [ 92.187653000116796, 24.169620999972565 ], [ 92.182158999958858, 24.156151999773986 ], [ 92.180785999607238, 24.141114000094674 ], [ 92.191002000344369, 24.080673999819158 ], [ 92.171215999848798, 24.076127999802072 ], [ 92.158055000013491, 24.076288999858694 ], [ 92.148513999669049, 24.075030999766156 ], [ 92.136669000283902, 24.068408999921811 ], [ 92.128086000189398, 24.067781999784899 ], [ 92.122592999856366, 24.064020000227792 ], [ 92.108517000327154, 24.069036000274831 ], [ 92.087544000151127, 24.070564999811911 ], [ 92.083221999605044, 24.101054999672929 ], [ 92.076715999668821, 24.127798999925844 ], [ 92.079505999854675, 24.173692999897657 ], [ 92.067145999910423, 24.183401999790583 ], [ 92.057190000362596, 24.198434999861501 ], [ 92.047448000176715, 24.208572999849057 ], [ 92.042426999846796, 24.230058999983154 ], [ 92.038145000381959, 24.240266000082364 ], [ 92.049477999581043, 24.246344000205632 ], [ 92.057609999588863, 24.252210000083291 ], [ 92.082857999556964, 24.26039900009992 ], [ 92.095298999692062, 24.268875000312882 ], [ 92.099160999930632, 24.270127000224086 ], [ 92.102643000227602, 24.273346000143764 ], [ 92.114009999761848, 24.254476999835543 ], [ 92.154109999934235, 24.223431999951686 ], [ 92.167098000415535, 24.218229999902224 ] ] ] } },
{ "type": "Feature", "properties": { "pincode": "799264", "officename": "Kumarghat S.O", "officetype": "S.O", "circle": "North Eastern", "region": "North East - I", "division": "Dharmanagar", "state": "Tripura", "district": "Dharmanagar" }, "geometry": { "type": "Polygon", "coordinates": [ [ [ 92.079505999854675, 24.173692999897657 ], [ 92.076715999668821, 24.127798999925844 ], [ 92.008866999945809, 24.132342000326691 ], [ 92.034702000443076, 24.198983000211115 ], [ 92.026634000009366, 24.214405000109757 ], [ 92.034739000252998, 24.238440000212567 ], [ 92.038145000381959, 24.240266000082364 ], [ 92.042426999846796, 24.230058999983154 ], [ 92.047448000176715, 24.208572999849057 ], [ 92.057190000362596, 24.198434999861501 ], [ 92.067145999910423, 24.183401999790583 ], [ 92.079505999854675, 24.173692999897657 ] ] ] } },
{ "type": "Feature", "properties": { "pincode": "799266", "officename": "Kanchancherra", "officetype": "S.O", "circle": "North Eastern", "region": "North East - I", "division": "Dharmanagar", "state": "Tripura", "district": "Dharmanagar" }, "geometry": { "type": "Polygon", "coordinates": [ [ [ 92.083221999605044, 24.101054999672929 ], [ 92.087544000151127, 24.070564999811911 ], [ 92.108517000327154, 24.069036000274831 ], [ 92.122592999856366, 24.064020000227792 ], [ 92.128086000189398, 24.067781999784899 ], [ 92.136669000283902, 24.068408999921811 ], [ 92.148513999669049, 24.075030999766156 ], [ 92.158055000013491, 24.076288999858694 ], [ 92.171215999848798, 24.076127999802072 ], [ 92.191002000344369, 24.080673999819158 ], [ 92.195835000353298, 24.052071999916123 ], [ 92.193403000367766, 24.047835999767294 ], [ 92.194118999870042, 24.029696000227251 ], [ 92.154595000356125, 24.021696999729613 ], [ 92.144642000283071, 24.031010000086219 ], [ 92.119636999989169, 24.031675000105412 ], [ 92.079823000047057, 24.036552999671532 ], [ 92.015368999684057, 24.03297699964293 ], [ 92.001531999631126, 24.038990999664282 ], [ 91.977255000331681, 24.043647000162764 ], [ 91.963670000173821, 24.075298000138819 ], [ 91.982291999656837, 24.075236000120242 ], [ 91.989491000427407, 24.081789999903123 ], [ 91.991807999886916, 24.09246600023074 ], [ 92.003116999694825, 24.0970099996809 ], [ 92.005691999795502, 24.098812000021365 ], [ 92.005487999580993, 24.110544999744334 ], [ 92.006265000080958, 24.11606799981357 ], [ 92.005051999562923, 24.118615999716578 ], [ 92.005415999611003, 24.123157999676302 ], [ 92.006326000180323, 24.127091000087969 ], [ 92.009360999690202, 24.127921999685743 ], [ 92.011017999723975, 24.132197999733375 ], [ 92.076715999668821, 24.127798999925844 ], [ 92.083221999605044, 24.101054999672929 ] ] ] } },
{ "type": "Feature", "properties": { "pincode": "799269", "officename": "Jampui S.O", "officetype": "S.O", "circle": "North Eastern", "region": "North East - I", "division": "Dharmanagar", "state": "Tripura", "district": "Dharmanagar" }, "geometry": { "type": "Polygon", "coordinates": [ [ [ 92.323637999618001, 24.07849099993555 ], [ 92.319250999672903, 24.078186000350843 ], [ 92.318884999975026, 24.077439999780069 ], [ 92.320805999599372, 24.07618899960789 ], [ 92.321290000196356, 24.072687000315732 ], [ 92.319392000138222, 24.070118000025872 ], [ 92.316564000317541, 24.070037999754863 ], [ 92.316795000296224, 24.06653200040725 ], [ 92.319858000293522, 24.063740000105074 ], [ 92.316299000003681, 24.059498000027265 ], [ 92.317443999851349, 24.054599000259739 ], [ 92.315308999966703, 24.053153000021833 ], [ 92.313385999794221, 24.054895999747266 ], [ 92.312312999916543, 24.054401000219634 ], [ 92.312447999635779, 24.050323999666468 ], [ 92.316427000050197, 24.045612999811894 ], [ 92.312009999967842, 24.038507999610513 ], [ 92.312677999789543, 24.037593999977631 ], [ 92.315712000372841, 24.037683999955469 ], [ 92.315736999588893, 24.034865999608005 ], [ 92.312050999975725, 24.032673000305127 ], [ 92.316945999908967, 24.0300590001603 ], [ 92.315006999842936, 24.027645000247034 ], [ 92.314784000260161, 24.025949999998655 ], [ 92.319771000254889, 24.024850999877007 ], [ 92.318770000347271, 24.021881999938099 ], [ 92.317183999560328, 24.021577000405621 ], [ 92.315420000294793, 24.02337299988676 ], [ 92.313949999858806, 24.021223999946471 ], [ 92.316415000354638, 24.019309999809408 ], [ 92.317087000374272, 24.016141000301715 ], [ 92.31919299994658, 24.0151740003211 ], [ 92.320184999633355, 24.012258000155708 ], [ 92.319093000387497, 24.010756000231385 ], [ 92.318895999845651, 24.008211999626816 ], [ 92.32064599976583, 24.006442999849444 ], [ 92.324362000414524, 24.004650999969151 ], [ 92.322839000275081, 24.002726999943068 ], [ 92.326197999650091, 23.997775999792506 ], [ 92.322987000413079, 23.995432999931502 ], [ 92.32215999968443, 23.993917000394941 ], [ 92.322259000316961, 23.990357000371986 ], [ 92.323580999716611, 23.988545000317966 ], [ 92.321414000044939, 23.987561999603873 ], [ 92.321142000058359, 23.985550000055884 ], [ 92.321942000124551, 23.983196999984642 ], [ 92.320673000428314, 23.981979999925709 ], [ 92.3201439996255, 23.979019999595184 ], [ 92.317314999979914, 23.978782000283822 ], [ 92.316801000144011, 23.977662000228261 ], [ 92.317346999766954, 23.975113000154803 ], [ 92.315681000410706, 23.975058000095537 ], [ 92.314452999824056, 23.972839000180045 ], [ 92.31152000042141, 23.973085000365518 ], [ 92.310388999919113, 23.972265999878989 ], [ 92.310308999553186, 23.969517999729838 ], [ 92.308599999640919, 23.968082000250359 ], [ 92.309998000106873, 23.963014999988097 ], [ 92.307965000329503, 23.960559000128569 ], [ 92.309199999690534, 23.957387000291888 ], [ 92.308291999669336, 23.954228000054343 ], [ 92.310533999684083, 23.952341000056499 ], [ 92.310923999671417, 23.948208000096432 ], [ 92.309273000383797, 23.943993000049129 ], [ 92.310677999624133, 23.934830000220565 ], [ 92.308997000199284, 23.932819999643122 ], [ 92.308987000153522, 23.931222999615525 ], [ 92.316299999828587, 23.928065000165937 ], [ 92.317704000142356, 23.924954999811494 ], [ 92.319274000137426, 23.915692999593986 ], [ 92.322045000056704, 23.914638000347157 ], [ 92.324862000006704, 23.914749999839927 ], [ 92.325189000244862, 23.914089999962904 ], [ 92.321978000109524, 23.910074999867383 ], [ 92.323974999901921, 23.904870000133059 ], [ 92.322244000248332, 23.902127000179146 ], [ 92.319202999992328, 23.900525000150232 ], [ 92.318108000373385, 23.898408999608872 ], [ 92.317313000330074, 23.900115000082931 ], [ 92.316875999588774, 23.899598000165891 ], [ 92.317451000422352, 23.893544000364653 ], [ 92.316647000158227, 23.889066999753179 ], [ 92.314706000442357, 23.887578999813027 ], [ 92.314524999794088, 23.885452999887814 ], [ 92.313072999799743, 23.885148000348007 ], [ 92.312481000146065, 23.881628000235096 ], [ 92.311173999916676, 23.879699999760344 ], [ 92.313179000104952, 23.877469999608323 ], [ 92.310629000118666, 23.873344000003438 ], [ 92.310973000075222, 23.86975100004549 ], [ 92.311969999784878, 23.868484000089527 ], [ 92.314206999776744, 23.868279999722386 ], [ 92.316730999823818, 23.864346999913661 ], [ 92.315200000186763, 23.862588000315117 ], [ 92.315033999607095, 23.860499000350984 ], [ 92.311700000346448, 23.860214999751864 ], [ 92.308545000287623, 23.856785999904716 ], [ 92.299340000402182, 23.859687000142031 ], [ 92.296356000047624, 23.86290899961017 ], [ 92.292714999742003, 23.864452999900642 ], [ 92.290482999772976, 23.867570999627493 ], [ 92.287594999677864, 23.86847700018696 ], [ 92.285111999638687, 23.867148999854276 ], [ 92.283343000350271, 23.86507699984784 ], [ 92.279270000224514, 23.856341999622305 ], [ 92.272688999945245, 23.851505999732908 ], [ 92.269175999686141, 23.846913000104909 ], [ 92.26869799983524, 23.841662999880093 ], [ 92.271076000292453, 23.83898300008968 ], [ 92.272314000026512, 23.834586999890021 ], [ 92.278067999577132, 23.826629000020251 ], [ 92.282385000100362, 23.818018999708716 ], [ 92.282512000321987, 23.815386999930329 ], [ 92.281287000108378, 23.814130000377517 ], [ 92.266276999720361, 23.815913999811677 ], [ 92.257097999774174, 23.812769999634661 ], [ 92.257773999991784, 23.804369999720642 ], [ 92.260014000356719, 23.793472000144355 ], [ 92.264870999756795, 23.77316199981826 ], [ 92.267351000321227, 23.768094999767715 ], [ 92.265530000255964, 23.761903000121713 ], [ 92.267178000068853, 23.751643999699333 ], [ 92.265526000057989, 23.743226000012086 ], [ 92.266696000020005, 23.732361999735673 ], [ 92.265480594711974, 23.72476664937945 ], [ 92.261638781414447, 23.723443912434966 ], [ 92.26039722614847, 23.724703869180363 ], [ 92.258264104641142, 23.725244948336435 ], [ 92.249145502923056, 23.724365498041827 ], [ 92.247971873767298, 23.722847687360716 ], [ 92.244030352863163, 23.722337687932992 ], [ 92.241000657006708, 23.720713597445169 ], [ 92.239258938655155, 23.718551971964843 ], [ 92.238406286533547, 23.715517729005946 ], [ 92.236336906783833, 23.713617310771014 ], [ 92.236352057769395, 23.712085698011098 ], [ 92.239513185236746, 23.708189831129204 ], [ 92.239197420227882, 23.707045030696225 ], [ 92.240078391738805, 23.704867123048292 ], [ 92.239600250852391, 23.702615275747672 ], [ 92.240398559390883, 23.702442004054451 ], [ 92.240576529123416, 23.700872681175788 ], [ 92.242414859487141, 23.699161646316217 ], [ 92.242079716020925, 23.694929336519131 ], [ 92.240384574418542, 23.692907607682844 ], [ 92.236387147761022, 23.692855200751367 ], [ 92.234525061449602, 23.689470371254192 ], [ 92.234815853293611, 23.68663404113612 ], [ 92.232025498273217, 23.684749888109774 ], [ 92.231810215218758, 23.682625943770287 ], [ 92.233337827308844, 23.681225075822049 ], [ 92.230648043176117, 23.675279572431442 ], [ 92.233101651237519, 23.667552388906675 ], [ 92.231553058095628, 23.666232344282967 ], [ 92.22953445292238, 23.66611830881542 ], [ 92.229079605351288, 23.663398831286315 ], [ 92.225927238254584, 23.657762935129345 ], [ 92.225662908982216, 23.655197048894173 ], [ 92.223187691048366, 23.654469181956291 ], [ 92.222623959580048, 23.65282585572433 ], [ 92.221567268616383, 23.653052982072516 ], [ 92.219365611941015, 23.651899625350968 ], [ 92.211678558273235, 23.652670799289673 ], [ 92.210344009409056, 23.65366859037935 ], [ 92.21119497000295, 23.655440055941749 ], [ 92.21086488045853, 23.658837733951042 ], [ 92.206603582669459, 23.661004237481862 ], [ 92.206719989058939, 23.666441265064567 ], [ 92.207485423749603, 23.667190945857133 ], [ 92.206074453407567, 23.66949767889345 ], [ 92.206330609807466, 23.671624620766629 ], [ 92.205685056189779, 23.672403946793835 ], [ 92.207300701381101, 23.677609981371042 ], [ 92.208304468998094, 23.677232790919103 ], [ 92.210352105924699, 23.678662550882233 ], [ 92.212394114906061, 23.6811463008431 ], [ 92.212768440190004, 23.684240713795056 ], [ 92.213658582601681, 23.684949962141399 ], [ 92.210920638888254, 23.688568332353462 ], [ 92.211421211605582, 23.690536381300625 ], [ 92.20982801261826, 23.691447918418788 ], [ 92.209164932869399, 23.695803419690286 ], [ 92.207030151275404, 23.700615207705884 ], [ 92.2057471010298, 23.701732863882331 ], [ 92.204106082024964, 23.701903778289974 ], [ 92.204066989140443, 23.703826078643367 ], [ 92.202836890987626, 23.705809644668822 ], [ 92.214947000281072, 23.758324000067287 ], [ 92.217950999828844, 23.767671999844868 ], [ 92.216234000418979, 23.776547999651154 ], [ 92.216835000293486, 23.812988000289536 ], [ 92.241554000357098, 23.934800000074354 ], [ 92.231426000381859, 23.971351999873701 ], [ 92.229066000366316, 24.021692999726596 ], [ 92.234646999664577, 24.054732000065492 ], [ 92.236892999877298, 24.086872000139632 ], [ 92.324988000403408, 24.091594000033684 ], [ 92.324393000376659, 24.086200000302373 ], [ 92.322187000346929, 24.081541000164197 ], [ 92.324139999758358, 24.079675999624481 ], [ 92.323637999618001, 24.07849099993555 ] ] ] } },
{ "type": "Feature", "properties": { "pincode": "799270", "officename": "Kanchanpur S.O (North Tripura)", "officetype": "S.O", "circle": "North Eastern", "region": "North East - I", "division": "Dharmanagar", "state": "Tripura", "district": "Dharmanagar" }, "geometry": { "type": "Polygon", "coordinates": [ [ [ 92.231426000381859, 23.971351999873701 ], [ 92.196063999783846, 23.962096999835044 ], [ 92.193403000367766, 24.047835999767294 ], [ 92.195835000353298, 24.052071999916123 ], [ 92.180785999607238, 24.141114000094674 ], [ 92.182158999958858, 24.156151999773986 ], [ 92.187653000116796, 24.169620999972565 ], [ 92.198535999952355, 24.205387999714358 ], [ 92.233251999571664, 24.196088000070105 ], [ 92.240048999761015, 24.164196999748551 ], [ 92.233251999571664, 24.157773000039587 ], [ 92.223297999673676, 24.153342999986741 ], [ 92.236892999877298, 24.086872000139632 ], [ 92.234646999664577, 24.054732000065492 ], [ 92.229066000366316, 24.021692999726596 ], [ 92.231426000381859, 23.971351999873701 ] ] ] } },
{ "type": "Feature", "properties": { "pincode": "799271", "officename": "Dasdabazar S.O", "officetype": "S.O", "circle": "North Eastern", "region": "North East - I", "division": "Dharmanagar", "state": "Tripura", "district": "Dharmanagar" }, "geometry": { "type": "Polygon", "coordinates": [ [ [ 92.214947000281072, 23.758324000067287 ], [ 92.202836890987626, 23.705809644668822 ], [ 92.198189865598664, 23.707204667315864 ], [ 92.193537173636912, 23.706766314074976 ], [ 92.190052279866407, 23.708391149051064 ], [ 92.18854575123602, 23.710173573452678 ], [ 92.186092434228811, 23.710978362215869 ], [ 92.184396309869484, 23.709316585026393 ], [ 92.18472091699573, 23.708094133799335 ], [ 92.177707009597896, 23.707560446082812 ], [ 92.177014465107675, 23.709159179954803 ], [ 92.177499297544628, 23.710283656233589 ], [ 92.176313530352729, 23.712348997474106 ], [ 92.176551098812794, 23.71640829270715 ], [ 92.173106625636791, 23.717727014308515 ], [ 92.170799785224858, 23.72254377538852 ], [ 92.169600510066033, 23.723186529565975 ], [ 92.169507066411867, 23.724701943124391 ], [ 92.170724987901039, 23.724919968041664 ], [ 92.171535711156736, 23.726598326383428 ], [ 92.170764093361981, 23.73257770762088 ], [ 92.172905498234599, 23.735735446409599 ], [ 92.171798123424267, 23.737357631914008 ], [ 92.17211866657216, 23.738128258465277 ], [ 92.168634631591104, 23.739866612118696 ], [ 92.166421568108262, 23.740089016733442 ], [ 92.164821450296628, 23.738893845464197 ], [ 92.162412094144472, 23.739623216999099 ], [ 92.156122618734429, 23.736733776325835 ], [ 92.155963542368994, 23.735266714301485 ], [ 92.154929339830176, 23.734358906726843 ], [ 92.151679974445699, 23.733981764329428 ], [ 92.150606403239507, 23.73565493303936 ], [ 92.148723588302943, 23.735634560662891 ], [ 92.144487982330986, 23.733395276301518 ], [ 92.143440401182616, 23.729909901950169 ], [ 92.142470604256403, 23.729297101997826 ], [ 92.142281325632752, 23.725296269856983 ], [ 92.140735036669597, 23.722625134072437 ], [ 92.138547709021339, 23.721063707428733 ], [ 92.139343336987011, 23.720182531442347 ], [ 92.136829992755878, 23.718865021444703 ], [ 92.134007430437634, 23.715745854216426 ], [ 92.13410995695763, 23.714541041719571 ], [ 92.131924644230551, 23.713079993053938 ], [ 92.131808798389841, 23.71137054033176 ], [ 92.129016874910988, 23.708965185088292 ], [ 92.128969812173253, 23.707806083170873 ], [ 92.12533066419374, 23.70652564465054 ], [ 92.124145847419427, 23.703074842111793 ], [ 92.124764350967297, 23.700683504822592 ], [ 92.122976203190277, 23.699477137611428 ], [ 92.124288906823367, 23.697311724370259 ], [ 92.123283651596239, 23.696674895205518 ], [ 92.123855748176538, 23.695498385228259 ], [ 92.122485177767771, 23.694717632413063 ], [ 92.121391036938235, 23.695059935910425 ], [ 92.12083963844043, 23.692726858835581 ], [ 92.118158723374464, 23.691061173001398 ], [ 92.116250230993799, 23.691217315807311 ], [ 92.115427533195358, 23.693744736237395 ], [ 92.114168070912498, 23.694246984306371 ], [ 92.114247560137059, 23.692895874961476 ], [ 92.111467657913337, 23.690962640735449 ], [ 92.111558129940562, 23.690067684175062 ], [ 92.10982494827914, 23.690297182399817 ], [ 92.106168487967466, 23.688659360794329 ], [ 92.103986176511796, 23.685986499275749 ], [ 92.105074056982119, 23.684327257683176 ], [ 92.103685673879582, 23.682739518128177 ], [ 92.10414982620037, 23.682005281610184 ], [ 92.103475238134365, 23.681139105749441 ], [ 92.104155320296641, 23.680828956196375 ], [ 92.10220593301095, 23.679650408821704 ], [ 92.102493525954245, 23.678805972490395 ], [ 92.101325433115562, 23.678782473250791 ], [ 92.082595999616146, 23.807020000054798 ], [ 92.153381999838075, 23.909002999615733 ], [ 92.196063999783846, 23.962096999835044 ], [ 92.231426000381859, 23.971351999873701 ], [ 92.241554000357098, 23.934800000074354 ], [ 92.216835000293486, 23.812988000289536 ], [ 92.216234000418979, 23.776547999651154 ], [ 92.217950999828844, 23.767671999844868 ], [ 92.214947000281072, 23.758324000067287 ] ] ] } },
{ "type": "Feature", "properties": { "pincode": "799273", "officename": "Chailengta S.O", "officetype": "S.O", "circle": "North Eastern", "region": "North East - I", "division": "Dharmanagar", "state": "Tripura", "district": "Dharmanagar" }, "geometry": { "type": "Polygon", "coordinates": [ [ [ 92.144642000283071, 24.031010000086219 ], [ 92.154595000356125, 24.021696999729613 ], [ 92.194118999870042, 24.029696000227251 ], [ 92.196063999783846, 23.962096999835044 ], [ 92.153381999838075, 23.909002999615733 ], [ 92.082595999616146, 23.807020000054798 ], [ 92.101325433115562, 23.678782473250791 ], [ 92.099694106034306, 23.676708599350633 ], [ 92.096289172205587, 23.676950998753735 ], [ 92.093264064943583, 23.678351950374619 ], [ 92.091832038989608, 23.677688935361466 ], [ 92.09176127779638, 23.676917021285171 ], [ 92.087770134854225, 23.679426720600787 ], [ 92.08745885333694, 23.680564334457753 ], [ 92.086490987788579, 23.679462345250936 ], [ 92.085197279930441, 23.680763231070944 ], [ 92.084261132098163, 23.679835995852812 ], [ 92.083029437639055, 23.680053329820506 ], [ 92.083102121227014, 23.677025245662062 ], [ 92.081647505338566, 23.675805547600444 ], [ 92.080679663146427, 23.671383660318121 ], [ 92.078296718361884, 23.671034518718212 ], [ 92.076308577754872, 23.668039037871377 ], [ 92.079474224646447, 23.664670409277392 ], [ 92.080034512872302, 23.662105696113311 ], [ 92.078614220712538, 23.657731272202358 ], [ 92.079255243227934, 23.655767903148501 ], [ 92.077695879285798, 23.654350483063915 ], [ 92.078517375138389, 23.653783940912646 ], [ 92.07785158157904, 23.652199798135086 ], [ 92.079125596569497, 23.648414820169464 ], [ 92.076594100979719, 23.648792775104837 ], [ 92.072818265346584, 23.646519584050864 ], [ 92.069052345317559, 23.648149267970219 ], [ 92.063335613274788, 23.645015389400879 ], [ 92.061744539701436, 23.64544500659564 ], [ 92.061190678023124, 23.647132655694087 ], [ 92.057716935938572, 23.648471561741175 ], [ 92.050122975581999, 23.649379161868541 ], [ 92.0493766417692, 23.648086153049228 ], [ 92.047958805603471, 23.647937907747309 ], [ 92.047715810420769, 23.646867701601078 ], [ 92.046296035690659, 23.646604428958433 ], [ 92.044898168175365, 23.648120122375737 ], [ 92.043133107101156, 23.648605725363591 ], [ 92.041955996973655, 23.647924766329798 ], [ 92.040287293688408, 23.648692713335233 ], [ 92.038975939324843, 23.650406509079499 ], [ 92.039242664404071, 23.651407364488609 ], [ 92.034000250916165, 23.653538048358048 ], [ 92.033146694191075, 23.655252893925027 ], [ 92.031291732418154, 23.655847011035764 ], [ 92.031361736331647, 23.657034768151441 ], [ 92.029660531101072, 23.658355256150671 ], [ 92.026787380157614, 23.658810491436125 ], [ 92.024528659800467, 23.657186158672321 ], [ 92.022295615090798, 23.658076991026885 ], [ 92.024261994908386, 23.661132045297176 ], [ 92.023797687179083, 23.662733913827726 ], [ 92.020639615780297, 23.662096362356781 ], [ 92.01972616927354, 23.66273826637817 ], [ 92.016791790956901, 23.661039063278782 ], [ 92.016080452812673, 23.659829738920134 ], [ 92.015050309760596, 23.659967089139627 ], [ 92.013234836130948, 23.663428770754162 ], [ 92.011512699255974, 23.663016047658196 ], [ 92.008459942747848, 23.663695873321409 ], [ 92.006803416126274, 23.667216581420966 ], [ 92.007360117379193, 23.668642889275112 ], [ 92.006169084263107, 23.671121633282294 ], [ 92.003632625481401, 23.671817060206735 ], [ 92.000408117379138, 23.670696814716237 ], [ 92.000512795364273, 23.673487020299714 ], [ 91.999472067463202, 23.674498723431 ], [ 91.999131996737674, 23.677586643987244 ], [ 91.996834728773379, 23.679659083179306 ], [ 91.994582635288111, 23.686470602624023 ], [ 91.995036884581197, 23.687246505142539 ], [ 91.993663774635124, 23.687810346355231 ], [ 91.994139687699587, 23.691400662072105 ], [ 91.993258585034667, 23.694519207828936 ], [ 91.988743290395604, 23.700994324482661 ], [ 91.988850593257993, 23.704965660447254 ], [ 91.985954869448037, 23.712706501744115 ], [ 91.986354715869226, 23.715433264404595 ], [ 91.985170554865064, 23.71627955532616 ], [ 91.986214016339503, 23.719935831232863 ], [ 91.985290480853806, 23.722925063749877 ], [ 91.984556087447771, 23.722897621597987 ], [ 91.984181227666255, 23.723971445271427 ], [ 91.982802694590788, 23.72317985079437 ], [ 91.980682611231472, 23.723376032679841 ], [ 91.979995498853796, 23.727257657882493 ], [ 91.978200418777746, 23.731236453163824 ], [ 91.978268352972776, 23.733083529768408 ], [ 91.973374107624409, 23.731780783104067 ], [ 91.977328999951553, 23.734122000259941 ], [ 91.994978999839219, 23.726849000083917 ], [ 91.997514999581853, 23.734405000353689 ], [ 91.990036000225416, 23.751152999621468 ], [ 91.980739000278462, 23.766986999639933 ], [ 91.974834000216816, 23.79873500015146 ], [ 91.967544000107935, 23.88703000010992 ], [ 91.96346299958627, 23.899963000196369 ], [ 91.963542000127305, 23.905009000330967 ], [ 91.949822000250236, 23.908226999591282 ], [ 91.944297999955069, 23.904952999660647 ], [ 91.936954000317854, 23.908892999768703 ], [ 91.93475199958776, 23.914145999958933 ], [ 91.935096000442655, 23.917059000172067 ], [ 91.933094999554029, 23.920322000257386 ], [ 91.93420199976687, 23.928658000292426 ], [ 91.931575999612576, 23.953296000082563 ], [ 91.959776000148238, 23.947448000235287 ], [ 91.960624999719869, 23.957487000211948 ], [ 91.96220300011089, 23.959483999960707 ], [ 91.964510000422962, 23.970520000226017 ], [ 91.967575000070113, 23.973237000352135 ], [ 91.968848999789188, 23.973210000216401 ], [ 91.973735000399898, 23.976564999957994 ], [ 91.97437200025945, 23.978727000149359 ], [ 91.977739999855274, 23.979781000191299 ], [ 91.98041100021544, 23.979504000349106 ], [ 91.983080999852334, 23.98155600016813 ], [ 92.001935999862155, 23.988114999675748 ], [ 92.027871999743468, 23.987433000300705 ], [ 92.067832999998643, 23.990016999729153 ], [ 92.067059999696696, 24.005267999691927 ], [ 92.063983000353986, 24.036002999723031 ], [ 92.079823000047057, 24.036552999671532 ], [ 92.119636999989169, 24.031675000105412 ], [ 92.144642000283071, 24.031010000086219 ] ] ] } },
{ "type": "Feature", "properties": { "pincode": "799275", "officename": "Manughat S.O", "officetype": "S.O", "circle": "North Eastern", "region": "North East - I", "division": "Dharmanagar", "state": "Tripura", "district": "Dharmanagar" }, "geometry": { "type": "Polygon", "coordinates": [ [ [ 92.001531999631126, 24.038990999664282 ], [ 92.015368999684057, 24.03297699964293 ], [ 92.063983000353986, 24.036002999723031 ], [ 92.067059999696696, 24.005267999691927 ], [ 92.067832999998643, 23.990016999729153 ], [ 92.027871999743468, 23.987433000300705 ], [ 92.001935999862155, 23.988114999675748 ], [ 91.983080999852334, 23.98155600016813 ], [ 91.98041100021544, 23.979504000349106 ], [ 91.977739999855274, 23.979781000191299 ], [ 91.97437200025945, 23.978727000149359 ], [ 91.973735000399898, 23.976564999957994 ], [ 91.968848999789188, 23.973210000216401 ], [ 91.967575000070113, 23.973237000352135 ], [ 91.964510000422962, 23.970520000226017 ], [ 91.96220300011089, 23.959483999960707 ], [ 91.960624999719869, 23.957487000211948 ], [ 91.959776000148238, 23.947448000235287 ], [ 91.913338000269107, 23.957078000262314 ], [ 91.90544100043796, 23.995506000303656 ], [ 91.912800999968695, 24.075900999893282 ], [ 91.963670000173821, 24.075298000138819 ], [ 91.977255000331681, 24.043647000162764 ], [ 92.001531999631126, 24.038990999664282 ] ] ] } },
{ "type": "Feature", "properties": { "pincode": "799277", "officename": "Kailashahar S.O", "officetype": "S.O", "circle": "North Eastern", "region": "North East - I", "division": "Dharmanagar", "state": "Tripura", "district": "Dharmanagar" }, "geometry": { "type": "Polygon", "coordinates": [ [ [ 91.959044846965426, 24.35459911641076 ], [ 91.962317635022615, 24.353171447703549 ], [ 91.964331580634479, 24.350305944072183 ], [ 91.968997313439246, 24.350151458209947 ], [ 91.968827939685667, 24.348933698888441 ], [ 91.966374783476866, 24.347943824700689 ], [ 91.965887444740275, 24.346833462479278 ], [ 91.969833577595082, 24.344490118001151 ], [ 91.971449428500605, 24.342220749601626 ], [ 91.971709554555744, 24.337815698172385 ], [ 91.973495752090258, 24.332761691971722 ], [ 91.976407044602411, 24.329709501603951 ], [ 91.977139441053538, 24.327417058685981 ], [ 91.980611477237375, 24.328350618648113 ], [ 91.981379970691592, 24.32782606806866 ], [ 91.982270141849327, 24.323883526620644 ], [ 91.985582678561215, 24.322208562272884 ], [ 91.987795734857514, 24.322381300599694 ], [ 91.990383301490681, 24.323928440912546 ], [ 91.993015244000588, 24.322112997449622 ], [ 91.995950607769061, 24.322054485816025 ], [ 91.996498605245222, 24.326596454235638 ], [ 91.995400328572103, 24.327655306590902 ], [ 91.995012529457213, 24.331427042247686 ], [ 91.998323818409148, 24.331740317419353 ], [ 91.998326220504211, 24.332393373977471 ], [ 92.003632000253944, 24.331808000214949 ], [ 92.005840999758405, 24.343259000356888 ], [ 92.010027999686997, 24.346023999867288 ], [ 92.015673000356003, 24.346190000336254 ], [ 92.017621999569442, 24.337790999617013 ], [ 92.019488999665484, 24.334881999775785 ], [ 92.026748999637093, 24.334716000037169 ], [ 92.032514999781597, 24.336788999981319 ], [ 92.03473000003217, 24.33048499959715 ], [ 92.030056999856768, 24.325894999900559 ], [ 92.019860000284538, 24.323960000173479 ], [ 92.016916999937834, 24.322397000202614 ], [ 92.007343999806366, 24.324711000050083 ], [ 92.004188999747555, 24.320741000218899 ], [ 92.007175999576887, 24.319368999600112 ], [ 92.002413999713028, 24.306944000200225 ], [ 91.998374000097584, 24.287417999873512 ], [ 91.994060999772316, 24.282900000287125 ], [ 91.987753000202787, 24.278889999913638 ], [ 91.975415999824747, 24.275564000039807 ], [ 91.981503000359638, 24.245680000304208 ], [ 91.958500999705876, 24.235220999613805 ], [ 91.930493672527319, 24.233106782120117 ], [ 91.940818656874711, 24.268091503911894 ], [ 91.919988763713363, 24.337460944901359 ], [ 91.921653798278996, 24.335728559127343 ], [ 91.922747727106142, 24.335682403265018 ], [ 91.925892118959766, 24.336408291079945 ], [ 91.927175389292586, 24.33901469200195 ], [ 91.928387795125886, 24.33964207653656 ], [ 91.931615280244984, 24.339738592299412 ], [ 91.932281787066671, 24.341239803912007 ], [ 91.934961301659087, 24.339704969510151 ], [ 91.935623084240675, 24.341274604877629 ], [ 91.93659893491359, 24.341236132294984 ], [ 91.93845606162634, 24.343228042551615 ], [ 91.939229761715922, 24.342405698167767 ], [ 91.941331666767155, 24.342546017060972 ], [ 91.941695008350123, 24.343485257691874 ], [ 91.941104789157322, 24.343742891353561 ], [ 91.9422743866741, 24.344764438397565 ], [ 91.942131023639604, 24.346981913238846 ], [ 91.943339697871224, 24.347879663996661 ], [ 91.943378182596291, 24.348907057136827 ], [ 91.946104709620769, 24.348361291605013 ], [ 91.946304949487512, 24.350670993665219 ], [ 91.950156896679729, 24.350847307236354 ], [ 91.950897548648328, 24.35235063117873 ], [ 91.955591934117379, 24.354503509732695 ], [ 91.956801472528298, 24.356634237083469 ], [ 91.959044846965426, 24.35459911641076 ] ] ] } },
{ "type": "Feature", "properties": { "pincode": "799278", "officename": "Salema S.O", "officetype": "S.O", "circle": "North Eastern", "region": "North East - I", "division": "Dharmanagar", "state": "Tripura", "district": "Dharmanagar" }, "geometry": { "type": "Polygon", "coordinates": [ [ [ 91.90544100043796, 23.995506000303656 ], [ 91.908793999965184, 23.979191000308436 ], [ 91.884326999796642, 23.981233999609437 ], [ 91.860473999921425, 23.976214999990738 ], [ 91.844671999863181, 23.978724000171194 ], [ 91.830009999629709, 23.984051000139853 ], [ 91.797809999661553, 23.988134999985597 ], [ 91.76448199956414, 23.987977999644762 ], [ 91.757808000296777, 24.006012999915896 ], [ 91.761233999618923, 24.034236000208093 ], [ 91.806222999876738, 24.036431000089049 ], [ 91.832927999862065, 24.049799000126377 ], [ 91.854598999996981, 24.050298000105407 ], [ 91.867524999655672, 24.052071999916123 ], [ 91.911386999609192, 24.060460999823995 ], [ 91.90544100043796, 23.995506000303656 ] ] ] } },
{ "type": "Feature", "properties": { "pincode": "799279", "officename": "Paiturbazar S.O", "officetype": "S.O", "circle": "North Eastern", "region": "North East - I", "division": "Dharmanagar", "state": "Tripura", "district": "Dharmanagar" }, "geometry": { "type": "Polygon", "coordinates": [ [ [ 92.085406999718387, 24.35404099989951 ], [ 92.096755999709288, 24.318207999858384 ], [ 92.032058999672003, 24.321166999715867 ], [ 92.030967000426102, 24.317432999779939 ], [ 92.020723000099906, 24.316694000321949 ], [ 92.017069000273807, 24.267481999922452 ], [ 91.981503000359638, 24.245680000304208 ], [ 91.975415999824747, 24.275564000039807 ], [ 91.987753000202787, 24.278889999913638 ], [ 91.994060999772316, 24.282900000287125 ], [ 91.998374000097584, 24.287417999873512 ], [ 92.002413999713028, 24.306944000200225 ], [ 92.007175999576887, 24.319368999600112 ], [ 92.004188999747555, 24.320741000218899 ], [ 92.007343999806366, 24.324711000050083 ], [ 92.016916999937834, 24.322397000202614 ], [ 92.019860000284538, 24.323960000173479 ], [ 92.030056999856768, 24.325894999900559 ], [ 92.03473000003217, 24.33048499959715 ], [ 92.032514999781597, 24.336788999981319 ], [ 92.032353000298201, 24.34641199988376 ], [ 92.055061000325765, 24.354373000055872 ], [ 92.062010999777655, 24.353681999674922 ], [ 92.084586999560713, 24.362966000057398 ], [ 92.085406999718387, 24.35404099989951 ] ] ] } },
{ "type": "Feature", "properties": { "pincode": "799280", "officename": "Sonamukhi Bazar S.O", "officetype": "S.O", "circle": "North Eastern", "region": "North East - I", "division": "Dharmanagar", "state": "Tripura", "district": "Dharmanagar" }, "geometry": { "type": "Polygon", "coordinates": [ [ [ 92.03545300010542, 24.292699000323545 ], [ 92.095298999692062, 24.268875000312882 ], [ 92.082857999556964, 24.26039900009992 ], [ 92.057609999588863, 24.252210000083291 ], [ 92.049477999581043, 24.246344000205632 ], [ 92.020282999883861, 24.2306859998445 ], [ 91.987839000416514, 24.232408000297166 ], [ 91.981503000359638, 24.245680000304208 ], [ 92.017069000273807, 24.267481999922452 ], [ 92.018763999942394, 24.290137999857524 ], [ 92.023736999693398, 24.288944000294016 ], [ 92.03474500010077, 24.289139000356293 ], [ 92.03545300010542, 24.292699000323545 ] ] ] } },
{ "type": "Feature", "properties": { "pincode": "799281", "officename": "Baburbazar S.O", "officetype": "S.O", "circle": "North Eastern", "region": "North East - I", "division": "Dharmanagar", "state": "Tripura", "district": "Dharmanagar" }, "geometry": { "type": "Polygon", "coordinates": [ [ [ 91.997514306082465, 24.392321792183814 ], [ 91.999258498394298, 24.392266957774861 ], [ 92.001423696045492, 24.388747720166858 ], [ 92.004584804648275, 24.38750756128584 ], [ 92.005555505279673, 24.38563222038076 ], [ 92.004445061824356, 24.383600843895479 ], [ 92.007306954182368, 24.3814273010052 ], [ 92.01014909438392, 24.381757830171157 ], [ 92.013788392382082, 24.384091018916589 ], [ 92.014110732160546, 24.383550525370623 ], [ 92.017693155123112, 24.38458982793582 ], [ 92.020069164015311, 24.38654473237002 ], [ 92.023615102800932, 24.385633794547697 ], [ 92.023422807634589, 24.384588557300987 ], [ 92.021535705039142, 24.383319037807123 ], [ 92.022252214784487, 24.382755438473108 ], [ 92.024794510818907, 24.383504293674143 ], [ 92.025054311683931, 24.38229271119619 ], [ 92.026716752813357, 24.38182718807693 ], [ 92.026861154300306, 24.379636618773564 ], [ 92.03071889921938, 24.379920546510043 ], [ 92.03354712631382, 24.378643058955962 ], [ 92.035832124189639, 24.380114698025452 ], [ 92.038456042947431, 24.377024899615563 ], [ 92.039828618395887, 24.37665151135355 ], [ 92.043102033477155, 24.377494921027669 ], [ 92.042773725291951, 24.376587434754811 ], [ 92.043408751552818, 24.376670433790217 ], [ 92.043198340960444, 24.375751027236568 ], [ 92.044032391667443, 24.374872206257287 ], [ 92.048304759395805, 24.377573795607184 ], [ 92.049018993708529, 24.377528452773703 ], [ 92.049431192863182, 24.375410169267308 ], [ 92.07785363422947, 24.375351019484675 ], [ 92.08022539319208, 24.374631513909517 ], [ 92.083479168406271, 24.375227319443059 ], [ 92.084586999560713, 24.362966000057398 ], [ 92.062010999777655, 24.353681999674922 ], [ 92.055061000325765, 24.354373000055872 ], [ 92.032353000298201, 24.34641199988376 ], [ 92.032514999781597, 24.336788999981319 ], [ 92.026748999637093, 24.334716000037169 ], [ 92.019488999665484, 24.334881999775785 ], [ 92.017621999569442, 24.337790999617013 ], [ 92.015673000356003, 24.346190000336254 ], [ 92.010027999686997, 24.346023999867288 ], [ 92.005840999758405, 24.343259000356888 ], [ 92.003632000253944, 24.331808000214949 ], [ 91.998326220504211, 24.332393373977471 ], [ 91.99834316722206, 24.334063128155684 ], [ 91.995661915287897, 24.339080625103815 ], [ 91.993095252451383, 24.339835256950273 ], [ 91.992128029198426, 24.343373457824285 ], [ 91.989289797566684, 24.343623611119057 ], [ 91.988404205121952, 24.346718580102515 ], [ 91.98632942559901, 24.348387321297015 ], [ 91.98600477804861, 24.349893779480663 ], [ 91.982946391798606, 24.352088479508204 ], [ 91.982092494612019, 24.354219610053871 ], [ 91.980860296198045, 24.354412805055084 ], [ 91.981472834932404, 24.355324975995245 ], [ 91.980463523811764, 24.355134282510953 ], [ 91.979771970163341, 24.356584303916627 ], [ 91.978120325885328, 24.357391073717327 ], [ 91.979136999598026, 24.358026111271037 ], [ 91.979638117592728, 24.36046193098305 ], [ 91.981753139843747, 24.359806748274227 ], [ 91.981903366905357, 24.359019747935289 ], [ 91.984358422152653, 24.359482809959658 ], [ 91.984646530728909, 24.360857359776379 ], [ 91.983605644724349, 24.362087074698081 ], [ 91.981693568065694, 24.362364479688814 ], [ 91.980194332857096, 24.363861083487535 ], [ 91.979742811747514, 24.365821447339915 ], [ 91.97829315905102, 24.366726253205751 ], [ 91.97896516266394, 24.36958422510364 ], [ 91.977117654212961, 24.371803460496618 ], [ 91.977531008601048, 24.372726674464662 ], [ 91.973839737673813, 24.370688852942692 ], [ 91.972967409752556, 24.372385341117173 ], [ 91.969993375307737, 24.374736678840396 ], [ 91.972734110086733, 24.377018775983657 ], [ 91.972264690045151, 24.379531430916934 ], [ 91.970626324663641, 24.380020021297959 ], [ 91.967669103985983, 24.378683480620378 ], [ 91.966915130001723, 24.379773782271773 ], [ 91.970131595487231, 24.384278103109065 ], [ 91.97199428097494, 24.384750803275612 ], [ 91.975983824017561, 24.382193884571713 ], [ 91.981709600298558, 24.381014840146943 ], [ 91.983551589500436, 24.377231919765975 ], [ 91.985787045288362, 24.376890716404194 ], [ 91.988331861995462, 24.379082249687016 ], [ 91.988333590354074, 24.384018724970495 ], [ 91.992088755752533, 24.387582468898596 ], [ 91.991969795452732, 24.389165425503599 ], [ 91.989622884789199, 24.390150808707496 ], [ 91.991937598036301, 24.390102744325798 ], [ 91.993464096215462, 24.388191919990831 ], [ 91.99500717280317, 24.388081038326987 ], [ 91.996230916273689, 24.390604850456342 ], [ 91.994773503929778, 24.392141547209814 ], [ 91.99590282098923, 24.39208811172886 ], [ 91.996650652293582, 24.39370771775074 ], [ 91.997514306082465, 24.392321792183814 ] ] ] } },
{ "type": "Feature", "properties": { "pincode": "799282", "officename": "Gournagar S.O", "officetype": "S.O", "circle": "North Eastern", "region": "North East - I", "division": "Dharmanagar", "state": "Tripura", "district": "Dharmanagar" }, "geometry": { "type": "Polygon", "coordinates": [ [ [ 92.098881000446468, 24.293041000372551 ], [ 92.102643000227602, 24.273346000143764 ], [ 92.099160999930632, 24.270127000224086 ], [ 92.095298999692062, 24.268875000312882 ], [ 92.03545300010542, 24.292699000323545 ], [ 92.03474500010077, 24.289139000356293 ], [ 92.023736999693398, 24.288944000294016 ], [ 92.018763999942394, 24.290137999857524 ], [ 92.020723000099906, 24.316694000321949 ], [ 92.030967000426102, 24.317432999779939 ], [ 92.032058999672003, 24.321166999715867 ], [ 92.096755999709288, 24.318207999858384 ], [ 92.094692999794674, 24.305818999944176 ], [ 92.098881000446468, 24.293041000372551 ] ] ] } },
{ "type": "Feature", "properties": { "pincode": "799284", "officename": "Sarma S.O", "officetype": "S.O", "circle": "North Eastern", "region": "North East - I", "division": "Dharmanagar", "state": "Tripura", "district": "Dharmanagar" }, "geometry": { "type": "Polygon", "coordinates": [ [ [ 91.815026000079285, 23.720611000121494 ], [ 91.847194000260416, 23.718888000270194 ], [ 91.877570999615159, 23.726251000243074 ], [ 91.954200394334919, 23.730380978143575 ], [ 91.954983741432329, 23.729427322413805 ], [ 91.955325778570042, 23.72862745920898 ], [ 91.95429040911965, 23.726256276685568 ], [ 91.950562902848802, 23.726065562266832 ], [ 91.95166526505983, 23.723734106254767 ], [ 91.9511861521963, 23.721135254738101 ], [ 91.953083069784526, 23.720439726971367 ], [ 91.954632572021495, 23.721053250346518 ], [ 91.954100160315505, 23.719379149079906 ], [ 91.952068344517713, 23.718071398260602 ], [ 91.950437791784225, 23.715192961335834 ], [ 91.948643751058952, 23.714775833858855 ], [ 91.948246587905544, 23.713972660817369 ], [ 91.950005606911148, 23.710861909873145 ], [ 91.949435913324265, 23.706508834960015 ], [ 91.952301415113098, 23.704834749360451 ], [ 91.950619863224333, 23.70187053690784 ], [ 91.950662163992746, 23.699582450363899 ], [ 91.953250150139169, 23.697943499046531 ], [ 91.957209310362231, 23.697622581671911 ], [ 91.956807173237081, 23.69660971930896 ], [ 91.957894261393307, 23.694406448207051 ], [ 91.953075588614837, 23.692780748142351 ], [ 91.950717222634822, 23.694583657601505 ], [ 91.947556056539909, 23.69304464345452 ], [ 91.945881028216718, 23.693271309184315 ], [ 91.945788667032488, 23.694223088066018 ], [ 91.941337968448906, 23.693599904654494 ], [ 91.940659469118174, 23.693024257018386 ], [ 91.941464984840167, 23.691279337223847 ], [ 91.940250413168698, 23.690517788592818 ], [ 91.941015226225176, 23.689765720308444 ], [ 91.940762798732024, 23.688531422777075 ], [ 91.938932894565667, 23.687590270299271 ], [ 91.936676126247647, 23.687960565179697 ], [ 91.936173815290232, 23.686348425876581 ], [ 91.934541573724033, 23.686057340248926 ], [ 91.934010570576433, 23.684774607910658 ], [ 91.937102399307847, 23.681327313342017 ], [ 91.937600923866341, 23.678479439301697 ], [ 91.9397314240897, 23.675212346359874 ], [ 91.938706845202532, 23.673210455862534 ], [ 91.940588715111446, 23.670004203838545 ], [ 91.942120633724997, 23.669361756278409 ], [ 91.940801149608149, 23.668058519885392 ], [ 91.941410846072927, 23.666838553019364 ], [ 91.94042096641023, 23.664172953731452 ], [ 91.941130998404034, 23.662003734825088 ], [ 91.939200615876544, 23.659472436289036 ], [ 91.941093639268018, 23.656399667253933 ], [ 91.939950168352951, 23.655157810317604 ], [ 91.94200805595527, 23.652321911354075 ], [ 91.943938034240929, 23.651825453041479 ], [ 91.944185566814099, 23.649970854330068 ], [ 91.945654831529893, 23.648940581668626 ], [ 91.944846368435407, 23.647933303725502 ], [ 91.946654288131839, 23.6459830831127 ], [ 91.945644254765725, 23.645794919269708 ], [ 91.945989511465399, 23.644173991364525 ], [ 91.944915144351882, 23.643327035741866 ], [ 91.945946087802866, 23.642595503337336 ], [ 91.945536505440629, 23.63912961740084 ], [ 91.946736316893691, 23.637496964715606 ], [ 91.944839675986557, 23.636995257343493 ], [ 91.942376351747043, 23.634803037755592 ], [ 91.942363492363768, 23.633798089468051 ], [ 91.945095804538681, 23.628538790149367 ], [ 91.947211823021348, 23.628365303384925 ], [ 91.947791828369361, 23.625455344424008 ], [ 91.946656927382136, 23.624311011015749 ], [ 91.946509309028144, 23.622820462331553 ], [ 91.948628074558926, 23.621355687739353 ], [ 91.950790927607272, 23.617045196397186 ], [ 91.951950867336421, 23.616806002173409 ], [ 91.951519799069217, 23.615122401099981 ], [ 91.952697404168447, 23.613337865687335 ], [ 91.952431836119302, 23.611314960234189 ], [ 91.954293802954794, 23.609556004199629 ], [ 91.952928448164556, 23.603862818607112 ], [ 91.953532695448843, 23.60246260634969 ], [ 91.951927688107148, 23.600436278229427 ], [ 91.952851591902117, 23.600003363085776 ], [ 91.95228067930141, 23.598772536296082 ], [ 91.954249199804309, 23.591593421914958 ], [ 91.955567358007812, 23.589999532995648 ], [ 91.954246969287453, 23.586774412198018 ], [ 91.955770400618221, 23.584372334062511 ], [ 91.955791409517772, 23.582157305793704 ], [ 91.956714323369312, 23.581965113291098 ], [ 91.955339439250579, 23.57830875381666 ], [ 91.955955398769518, 23.577535121729351 ], [ 91.955432212761551, 23.575501986591792 ], [ 91.958690864031084, 23.571460088886663 ], [ 91.957294894656002, 23.567529845633278 ], [ 91.959440885428123, 23.563138963390362 ], [ 91.956485699434552, 23.559569124371357 ], [ 91.958802073666618, 23.552782176250226 ], [ 91.956797508262937, 23.551272339882104 ], [ 91.919111999911209, 23.543186000274805 ], [ 91.886582000230177, 23.561878999944277 ], [ 91.828193999587327, 23.495680000233122 ], [ 91.814653999635297, 23.489323000003292 ], [ 91.763967999728266, 23.552087999949489 ], [ 91.738235000236543, 23.580569999845018 ], [ 91.725842999606911, 23.626840999652362 ], [ 91.706958000358185, 23.687053000081097 ], [ 91.697680999604401, 23.742667999711841 ], [ 91.756404999807913, 23.728667999733879 ], [ 91.815026000079285, 23.720611000121494 ] ] ] } },
{ "type": "Feature", "properties": { "pincode": "799285", "officename": "Kamalpur S.O (Dhalai)", "officetype": "S.O", "circle": "North Eastern", "region": "North East - I", "division": "Dharmanagar", "state": "Tripura", "district": "Dharmanagar" }, "geometry": { "type": "Polygon", "coordinates": [ [ [ 91.787241613194638, 24.222551756474889 ], [ 91.78915165067761, 24.220816473959008 ], [ 91.791322717022581, 24.220755326049876 ], [ 91.791780490406538, 24.219708273328965 ], [ 91.793881916655721, 24.220898483712517 ], [ 91.794318973092615, 24.219526354172558 ], [ 91.795762695111577, 24.220474475390702 ], [ 91.796131037615751, 24.219710326356232 ], [ 91.797915178906578, 24.219523741597367 ], [ 91.798787759254452, 24.22074819540218 ], [ 91.802362626487152, 24.219338014316865 ], [ 91.803356968980211, 24.220258259800815 ], [ 91.806230135195051, 24.220680177326599 ], [ 91.80707949588944, 24.218918325620145 ], [ 91.80592456965789, 24.218697584302721 ], [ 91.807578611539384, 24.217796085253578 ], [ 91.809651999571926, 24.218226833484554 ], [ 91.810520712672499, 24.21649211632629 ], [ 91.81114158597606, 24.216689719713475 ], [ 91.811383639724326, 24.215184650499221 ], [ 91.813000720423474, 24.213554362996074 ], [ 91.812535782975132, 24.21197680737373 ], [ 91.813254561864895, 24.212562902237444 ], [ 91.815299041213265, 24.212032879054171 ], [ 91.816285114714134, 24.209970324724459 ], [ 91.819071119193566, 24.210647159282932 ], [ 91.819231714610169, 24.209682093711514 ], [ 91.819486844235684, 24.210248197424939 ], [ 91.820726007288059, 24.209209415330982 ], [ 91.821740511569359, 24.210294308752992 ], [ 91.821402467443122, 24.210820322131056 ], [ 91.823850664053211, 24.210083419402892 ], [ 91.823556287032943, 24.210843163446256 ], [ 91.824730313244046, 24.210990221468887 ], [ 91.825039275311298, 24.212455986397472 ], [ 91.826445472904226, 24.213608022010291 ], [ 91.829245526136404, 24.21315255994179 ], [ 91.828994953664292, 24.214048399485954 ], [ 91.831144210710804, 24.215912434752884 ], [ 91.831225563041244, 24.218170172209128 ], [ 91.83583302303181, 24.217676036187921 ], [ 91.837877995555289, 24.21874586112995 ], [ 91.838489296411183, 24.220190887025996 ], [ 91.837826010049795, 24.220446806382711 ], [ 91.837134624386337, 24.223684426199007 ], [ 91.838100102212678, 24.223970105619479 ], [ 91.83762953502243, 24.224944787807239 ], [ 91.836895261990676, 24.224831879995108 ], [ 91.837011531836225, 24.225563348806649 ], [ 91.838559145814429, 24.226407844450026 ], [ 91.840468937159002, 24.225846926846589 ], [ 91.843285816734777, 24.226357583962447 ], [ 91.845686629908599, 24.225014805755862 ], [ 91.846027263877829, 24.22395285126326 ], [ 91.842736940706288, 24.22258683492689 ], [ 91.843066911673091, 24.220219798059606 ], [ 91.845659499888711, 24.221271770175917 ], [ 91.84931486066246, 24.221181285674334 ], [ 91.849520501200644, 24.219897077148211 ], [ 91.847369393624703, 24.219604066995473 ], [ 91.845694871951338, 24.217469776400591 ], [ 91.847649762316436, 24.217834279010425 ], [ 91.848640675940061, 24.215997116840907 ], [ 91.85103932417401, 24.216659506067586 ], [ 91.851594513562333, 24.214896908100062 ], [ 91.854700743186058, 24.213480192347141 ], [ 91.855179326941879, 24.212386270418076 ], [ 91.854466218218207, 24.211630786086538 ], [ 91.851746375557752, 24.213123113129051 ], [ 91.849830814334098, 24.21275389022184 ], [ 91.849709999911525, 24.21165941722488 ], [ 91.852127498393457, 24.208616788202956 ], [ 91.851622586813264, 24.207657394170969 ], [ 91.850257452110284, 24.208735111314301 ], [ 91.849240924822979, 24.208381249368053 ], [ 91.849159668612273, 24.203661994408957 ], [ 91.846832313374193, 24.202347579892379 ], [ 91.846056854383278, 24.200593154623107 ], [ 91.843987677652763, 24.201998054283468 ], [ 91.841963996998174, 24.201341630825816 ], [ 91.844221566613413, 24.199719444358376 ], [ 91.843992288705124, 24.196738010153162 ], [ 91.845270465590275, 24.197356729398702 ], [ 91.844830911836922, 24.195573366356228 ], [ 91.845682901900162, 24.195977928021573 ], [ 91.846142034435147, 24.193569417228808 ], [ 91.847194326348855, 24.19311246678441 ], [ 91.84618474214038, 24.192840575351219 ], [ 91.846642617932275, 24.191752103274428 ], [ 91.84543951595036, 24.191381784345801 ], [ 91.846683997029217, 24.191217225306541 ], [ 91.8469869619436, 24.190297000382007 ], [ 91.849177398661041, 24.191036444638705 ], [ 91.849606946978767, 24.190211543242224 ], [ 91.85099016656504, 24.190789264448664 ], [ 91.851356955882082, 24.189533742229948 ], [ 91.852782673866145, 24.189790289380053 ], [ 91.85378347434775, 24.187433970653739 ], [ 91.854127342251971, 24.187844652385117 ], [ 91.855122178818462, 24.186948604924272 ], [ 91.854339079656043, 24.184425635258041 ], [ 91.853318339270047, 24.184389666190093 ], [ 91.853933082470121, 24.184212787190077 ], [ 91.853394372675723, 24.183354300420952 ], [ 91.855771257425303, 24.183147849063463 ], [ 91.855634756621242, 24.18143617964909 ], [ 91.857004238271912, 24.182241582408945 ], [ 91.857954513010384, 24.181787587434169 ], [ 91.857980161708369, 24.180702235923786 ], [ 91.858728806886347, 24.181292922758999 ], [ 91.859169137682429, 24.180612786328147 ], [ 91.861022757372297, 24.182857519362418 ], [ 91.861688717119989, 24.182400220778721 ], [ 91.861173866579477, 24.181296956296748 ], [ 91.862310233617279, 24.181886552099105 ], [ 91.863884411676779, 24.181074673922993 ], [ 91.863358864896199, 24.179844672877731 ], [ 91.865145791862759, 24.180039083754505 ], [ 91.864883890736621, 24.178745687078251 ], [ 91.866557000258339, 24.177157187164575 ], [ 91.866168539085066, 24.176478898022363 ], [ 91.867681046902007, 24.177446174355175 ], [ 91.868414918386819, 24.176412532250108 ], [ 91.869412729275197, 24.177176157370141 ], [ 91.868867821105312, 24.176737719369299 ], [ 91.870408069796511, 24.176495721180004 ], [ 91.87035291413639, 24.175317056445305 ], [ 91.871505270287926, 24.174541547599411 ], [ 91.872563421013894, 24.175316622094378 ], [ 91.873988361056931, 24.17447005626477 ], [ 91.873725920043313, 24.172575654893073 ], [ 91.87307182973548, 24.172563818986049 ], [ 91.874325871583906, 24.171974998845627 ], [ 91.873455072595235, 24.171782058256003 ], [ 91.873509599434698, 24.17099440093796 ], [ 91.875540622020125, 24.171225207862612 ], [ 91.875121096206016, 24.170185227693153 ], [ 91.876340221437658, 24.16971642289246 ], [ 91.874129870867009, 24.169556462366966 ], [ 91.873382718688987, 24.167865687757079 ], [ 91.874790936593001, 24.167665239349581 ], [ 91.87363532764185, 24.166662872112756 ], [ 91.874967138441036, 24.166313333145343 ], [ 91.874993741149879, 24.165122278825784 ], [ 91.87382856334429, 24.163714510155184 ], [ 91.874717707727669, 24.163248558418811 ], [ 91.873789566579489, 24.163166455033288 ], [ 91.874495876853103, 24.162368640375583 ], [ 91.875187317313816, 24.162671169875345 ], [ 91.874482700364496, 24.161736488422424 ], [ 91.874632455810598, 24.161425899852397 ], [ 91.875059391827463, 24.162063920967341 ], [ 91.876685638037458, 24.161456200349946 ], [ 91.876920431601576, 24.160274478077508 ], [ 91.876065956798271, 24.159433084382137 ], [ 91.877314227869292, 24.157693208626075 ], [ 91.875216522442017, 24.156232101978834 ], [ 91.875214511114081, 24.155104813350491 ], [ 91.875658580698385, 24.154421366943627 ], [ 91.876847913303635, 24.154671300320761 ], [ 91.876235149990464, 24.153245709915943 ], [ 91.877509724631309, 24.153958315714434 ], [ 91.878416679013526, 24.151344952611879 ], [ 91.879084662665534, 24.151492301355212 ], [ 91.879059301428455, 24.150836354982939 ], [ 91.878535978876528, 24.151121982015937 ], [ 91.878553243597977, 24.150557770898399 ], [ 91.878222339281592, 24.150799405121834 ], [ 91.878025989120047, 24.15064509232722 ], [ 91.877817951876679, 24.150210610865109 ], [ 91.878855568013563, 24.14902493034409 ], [ 91.877874265465181, 24.14781517961903 ], [ 91.879159753738435, 24.147278715020846 ], [ 91.878653821672117, 24.146197593376527 ], [ 91.879796383492092, 24.145191344334481 ], [ 91.881231398141054, 24.145814352213993 ], [ 91.881994581653586, 24.143555958794778 ], [ 91.882653159944596, 24.143932812004369 ], [ 91.883770368612275, 24.14245303334561 ], [ 91.871283000137154, 24.135787999814113 ], [ 91.843263000424855, 24.126536999816629 ], [ 91.852966000252692, 24.141713000285069 ], [ 91.845451999837863, 24.155760000119322 ], [ 91.834806999653651, 24.168681000369304 ], [ 91.804329000016551, 24.175494000225992 ], [ 91.754576459284181, 24.17952890894513 ], [ 91.745028478131673, 24.246974819426246 ], [ 91.787241613194638, 24.222551756474889 ] ] ] } },
{ "type": "Feature", "properties": { "pincode": "799286", "officename": "Halahali S.O", "officetype": "S.O", "circle": "North Eastern", "region": "North East - I", "division": "Dharmanagar", "state": "Tripura", "district": "Dharmanagar" }, "geometry": { "type": "Polygon", "coordinates": [ [ [ 91.911126385768867, 24.148366473671516 ], [ 91.922010999876989, 24.123947999878212 ], [ 91.923118000089815, 24.124196999986268 ], [ 91.924149999959582, 24.127173999778428 ], [ 91.926760000220355, 24.12692499972567 ], [ 91.927109000199835, 24.128336999822615 ], [ 91.930371000388746, 24.129348000405688 ], [ 91.932993000345093, 24.12803399962419 ], [ 91.912800999968695, 24.075900999893282 ], [ 91.911386999609192, 24.060460999823995 ], [ 91.867524999655672, 24.052071999916123 ], [ 91.854598999996981, 24.050298000105407 ], [ 91.832927999862065, 24.049799000126377 ], [ 91.806222999876738, 24.036431000089049 ], [ 91.761233999618923, 24.034236000208093 ], [ 91.744931000143552, 24.048971999923118 ], [ 91.741140000050095, 24.073352000183917 ], [ 91.754206000349214, 24.089252999847123 ], [ 91.77702700035465, 24.105707000250906 ], [ 91.794574000310192, 24.116788000109068 ], [ 91.818121999688543, 24.126758999967787 ], [ 91.843263000424855, 24.126536999816629 ], [ 91.871283000137154, 24.135787999814113 ], [ 91.88421629770923, 24.142737379008491 ], [ 91.883964590664931, 24.141573508194178 ], [ 91.884977853474481, 24.139751864330442 ], [ 91.884486526218041, 24.138730857149852 ], [ 91.886367822103509, 24.138117684762982 ], [ 91.889014531120068, 24.138852445419474 ], [ 91.890391366379603, 24.136496662257755 ], [ 91.895805456901442, 24.139244158375607 ], [ 91.897832929344858, 24.139433482964009 ], [ 91.902141907912622, 24.136877258062711 ], [ 91.903636807851655, 24.138417620556446 ], [ 91.905752577500976, 24.138600244785327 ], [ 91.9060958084997, 24.144804594187544 ], [ 91.907981628300888, 24.146085484749875 ], [ 91.91021085067905, 24.146297875859414 ], [ 91.910343994478879, 24.148072027832999 ], [ 91.911126385768867, 24.148366473671516 ] ] ] } },
{ "type": "Feature", "properties": { "pincode": "799287", "officename": "Manikbhander S.O", "officetype": "S.O", "circle": "North Eastern", "region": "North East - I", "division": "Dharmanagar", "state": "Tripura", "district": "Dharmanagar" }, "geometry": { "type": "Polygon", "coordinates": [ [ [ 91.852966000252692, 24.141713000285069 ], [ 91.843263000424855, 24.126536999816629 ], [ 91.818121999688543, 24.126758999967787 ], [ 91.794574000310192, 24.116788000109068 ], [ 91.77702700035465, 24.105707000250906 ], [ 91.754206000349214, 24.089252999847123 ], [ 91.750539999929217, 24.084790999618729 ], [ 91.742633999877228, 24.102827999754481 ], [ 91.729136999582906, 24.118397999642859 ], [ 91.742099999949843, 24.137667999862163 ], [ 91.742402999898559, 24.139387000090412 ], [ 91.739865522427294, 24.141555623783031 ], [ 91.739983457749361, 24.142369387778352 ], [ 91.741290140873431, 24.142809999671115 ], [ 91.742035025703657, 24.141355971054669 ], [ 91.743606227644605, 24.141051658132358 ], [ 91.744796050730002, 24.143052152681452 ], [ 91.745949641166732, 24.142854464743902 ], [ 91.745560626631232, 24.142222692508046 ], [ 91.746303484862196, 24.14114453821799 ], [ 91.746496355848649, 24.141895872287915 ], [ 91.749080668783861, 24.141319371764173 ], [ 91.751723132362372, 24.142612689259167 ], [ 91.753132051850628, 24.141760614381234 ], [ 91.755644866075741, 24.142188505968132 ], [ 91.757548540791547, 24.141196530805047 ], [ 91.759812259374939, 24.142180893018576 ], [ 91.754576459284181, 24.17952890894513 ], [ 91.804329000016551, 24.175494000225992 ], [ 91.834806999653651, 24.168681000369304 ], [ 91.845451999837863, 24.155760000119322 ], [ 91.852966000252692, 24.141713000285069 ] ] ] } },
{ "type": "Feature", "properties": { "pincode": "799288", "officename": "Kanchanbari S.O", "officetype": "S.O", "circle": "North Eastern", "region": "North East - I", "division": "Dharmanagar", "state": "Tripura", "district": "Dharmanagar" }, "geometry": { "type": "Polygon", "coordinates": [ [ [ 92.00984600011212, 24.130304000386364 ], [ 92.010149999885726, 24.128973999839189 ], [ 92.009360999690202, 24.127921999685743 ], [ 92.006326000180323, 24.127091000087969 ], [ 92.005415999611003, 24.123157999676302 ], [ 92.005051999562923, 24.118615999716578 ], [ 92.006265000080958, 24.11606799981357 ], [ 92.005487999580993, 24.110544999744334 ], [ 92.005691999795502, 24.098812000021365 ], [ 92.003116999694825, 24.0970099996809 ], [ 91.991807999886916, 24.09246600023074 ], [ 91.989491000427407, 24.081789999903123 ], [ 91.982291999656837, 24.075236000120242 ], [ 91.912800999968695, 24.075900999893282 ], [ 91.932993000345093, 24.12803399962419 ], [ 91.930371000388746, 24.129348000405688 ], [ 91.927109000199835, 24.128336999822615 ], [ 91.926760000220355, 24.12692499972567 ], [ 91.924149999959582, 24.127173999778428 ], [ 91.923118000089815, 24.124196999986268 ], [ 91.922010999876989, 24.123947999878212 ], [ 91.911620999960917, 24.147067000163663 ], [ 91.952046999648232, 24.137316000124947 ], [ 92.011017999723975, 24.132197999733375 ], [ 92.00984600011212, 24.130304000386364 ] ] ] } },
{ "type": "Feature", "properties": { "pincode": "799289", "officename": "Ambassa S.O", "officetype": "S.O", "circle": "North Eastern", "region": "North East - I", "division": "Dharmanagar", "state": "Tripura", "district": "Dharmanagar" }, "geometry": { "type": "Polygon", "coordinates": [ [ [ 91.93420199976687, 23.928658000292426 ], [ 91.933094999554029, 23.920322000257386 ], [ 91.935096000442655, 23.917059000172067 ], [ 91.93475199958776, 23.914145999958933 ], [ 91.936954000317854, 23.908892999768703 ], [ 91.944297999955069, 23.904952999660647 ], [ 91.949822000250236, 23.908226999591282 ], [ 91.963542000127305, 23.905009000330967 ], [ 91.96346299958627, 23.899963000196369 ], [ 91.967544000107935, 23.88703000010992 ], [ 91.974834000216816, 23.79873500015146 ], [ 91.980739000278462, 23.766986999639933 ], [ 91.990036000225416, 23.751152999621468 ], [ 91.997514999581853, 23.734405000353689 ], [ 91.994978999839219, 23.726849000083917 ], [ 91.977328999951553, 23.734122000259941 ], [ 91.968796368395019, 23.729437500863938 ], [ 91.967331846783935, 23.729438953988321 ], [ 91.966039793622585, 23.730802018649058 ], [ 91.966473379867494, 23.733517756026359 ], [ 91.962749555791007, 23.733358736302772 ], [ 91.959802601958714, 23.734782338886433 ], [ 91.959474674659205, 23.734142574345771 ], [ 91.957020965986487, 23.733991001667658 ], [ 91.95695159358867, 23.73161593323595 ], [ 91.954939502099549, 23.731326234751187 ], [ 91.954200394334919, 23.730380978143575 ], [ 91.877570999615159, 23.726251000243074 ], [ 91.847194000260416, 23.718888000270194 ], [ 91.815026000079285, 23.720611000121494 ], [ 91.756404999807913, 23.728667999733879 ], [ 91.766386000368399, 23.79414100031045 ], [ 91.773243999758805, 23.812045999688813 ], [ 91.789926000249153, 23.832191000304416 ], [ 91.789022000425931, 23.834973000179531 ], [ 91.789879000393512, 23.838977000215639 ], [ 91.787013000039678, 23.844627000201385 ], [ 91.780871000151535, 23.849967999785914 ], [ 91.779835000083821, 23.8518519996558 ], [ 91.780818000448122, 23.855698000031843 ], [ 91.783046000219159, 23.877910999884183 ], [ 91.786052000315024, 23.888348999684386 ], [ 91.795062000206812, 23.930093000144719 ], [ 91.807855999621012, 23.928365999831083 ], [ 91.826010000197215, 23.933081000086702 ], [ 91.831776000341719, 23.939427999748059 ], [ 91.867841999848068, 23.941068999746925 ], [ 91.883370000269949, 23.955379000359702 ], [ 91.913338000269107, 23.957078000262314 ], [ 91.931575999612576, 23.953296000082563 ], [ 91.93420199976687, 23.928658000292426 ] ] ] } },
{ "type": "Feature", "properties": { "pincode": "799290", "officename": "Fatikroy S.O", "officetype": "S.O", "circle": "North Eastern", "region": "North East - I", "division": "Dharmanagar", "state": "Tripura", "district": "Dharmanagar" }, "geometry": { "type": "Polygon", "coordinates": [ [ [ 91.987839000416514, 24.232408000297166 ], [ 92.020282999883861, 24.2306859998445 ], [ 92.034739000252998, 24.238440000212567 ], [ 92.026634000009366, 24.214405000109757 ], [ 92.034702000443076, 24.198983000211115 ], [ 92.008866999945809, 24.132342000326691 ], [ 91.952046999648232, 24.137316000124947 ], [ 91.911620999960917, 24.147067000163663 ], [ 91.911268059072313, 24.149136936389088 ], [ 91.909699326600062, 24.150608983411331 ], [ 91.913057088994933, 24.15148624553775 ], [ 91.911014587736801, 24.152118570348506 ], [ 91.911393354291491, 24.153578231422632 ], [ 91.914540265919513, 24.153613436223871 ], [ 91.913062520209166, 24.153789524018755 ], [ 91.91280439470215, 24.154514116822671 ], [ 91.914210768364882, 24.155156352724315 ], [ 91.913051963207934, 24.15560310320118 ], [ 91.913904619821082, 24.156092003618348 ], [ 91.913223624970513, 24.157394881950303 ], [ 91.9143793947201, 24.157792987023129 ], [ 91.913719780671613, 24.158032144542041 ], [ 91.914213407615193, 24.159411644447534 ], [ 91.912545801172897, 24.160801122300725 ], [ 91.913953931940313, 24.162284216917726 ], [ 91.911400240776487, 24.164052293304412 ], [ 91.915273627161284, 24.166534902778796 ], [ 91.911389011835439, 24.168125513337763 ], [ 91.930493672527319, 24.233106782120117 ], [ 91.958500999705876, 24.235220999613805 ], [ 91.981503000359638, 24.245680000304208 ], [ 91.987839000416514, 24.232408000297166 ] ] ] } }
]
}
